s,w,l,height,total_length,fitness_score,generation,fitness_strategy
2.332132963684214e-07,5.619654546916951e-07,1.598442733890933e-07,2.856468058589206e-07,1.1404457817985021e-05,-0.45853321998170193,1,highpass
1.0798861308924982e-07,6.151057818441837e-07,1.31493582796385e-07,2.188004388992081e-07,9.081025765323413e-06,0.016400277919608713,1,highpass
1.618368439846586e-07,4.1525075683277014e-07,1.0199504219295061e-07,2.1683595070707018e-07,4.7282305797567226e-05,0.013366756537534719,1,highpass
1.16014642220013e-07,7e-07,1.559864132595971e-07,1.970440120530823e-07,3.345765104672262e-05,-0.06707175513743108,1,highpass
1.827810425935333e-07,6.404044411943017e-07,1.933977545959228e-07,1.8336836122904395e-07,3.952972445765034e-05,-0.45420098158666,1,highpass
1.4880946371812682e-07,4.6707433241573055e-07,2.34802059989948e-07,1.812968647569226e-07,2.1577855874937562e-05,-0.020944071406500342,1,highpass
1.250289667179995e-07,6.667210692748995e-07,1.848351455295473e-07,1.5e-07,4.2016527726727916e-05,0.013247690697484243,1,highpass
1.7440834602642859e-07,5.36448870847678e-07,1.0057759185713155e-07,2.54565426676449e-07,1.5906831897491784e-05,0.01866162905753896,1,highpass
1.3284981031487958e-07,7e-07,1.2795220879754205e-07,1.7449356953648065e-07,4.031472897832913e-05,0.019316115649384902,1,highpass
2.1342319204377884e-07,4.033355816152714e-07,1.951065469590526e-07,2.709466670412573e-07,4.056692423988565e-05,0.003456117809645741,1,highpass
2.2821028890187183e-07,6.426154840412834e-07,1.4788491009295111e-07,1.782911641218907e-07,4.496941733396126e-05,-0.0006259294855528244,1,highpass
1.5428880561711254e-07,5.618112366302386e-07,1.6519457975189712e-07,1.9657195547601123e-07,2.6535666771074957e-05,0.011018433188799165,1,highpass
1.2266461372547638e-07,7e-07,1e-07,1.5e-07,3.5641185152988854e-05,0.02613567820157931,1,highpass
1.2809760601725487e-07,3.89515502925354e-07,1.802045947436049e-07,1.8375419441594647e-07,4.516152783624851e-05,0.026209511242597308,1,highpass
1.7670543982140345e-07,5.752506843537839e-07,1.1137463309332881e-07,1.5e-07,4.445126711416532e-05,0.018146707864401593,1,highpass
1.3122297454322065e-07,4.946102056567033e-07,1.1599023532734913e-07,1.7150396373125114e-07,4.036685253691686e-05,0.024827238648732174,1,highpass
1.9888202554771623e-07,5.582051197554022e-07,2.0772708213665132e-07,1.5e-07,4.393384912904255e-05,-0.0817958495224046,1,highpass
1e-07,7e-07,1e-07,2.1762323077432039e-07,4.7289676365179875e-05,0.014925420747997103,1,highpass
1.220337571333906e-07,6.342733494861851e-07,1.1488632493608898e-07,1.9014540201934326e-07,2.7840163708618003e-05,0.031499015393439155,1,highpass
1.661901875320303e-07,3e-07,1.2774268635269722e-07,2.9506264175148334e-07,4.546926095770533e-05,0.012905768359418753,1,highpass
1e-07,6.54076429645824e-07,1.5400517668209013e-07,3e-07,3.5815320794203256e-05,-0.17415948872904768,1,highpass
1.350343666843993e-07,5.299932100338135e-07,2.0552035190265724e-07,1.9868097073676848e-07,4.3873444034675665e-05,-0.139703660544025,1,highpass
1.1200627580110933e-07,4.3914801316338763e-07,1.5321958237456259e-07,2.786343308978468e-07,1.702146067985821e-05,0.03361934463326621,1,highpass
1.2058575072562992e-07,4.310490319392853e-07,1.2769406991880114e-07,2.5280056672583257e-07,1.9707447141068495e-05,0.02734000318610165,1,highpass
1.6166980863991776e-07,3.937854210257485e-07,1.6553321639359243e-07,2.3699025241427828e-07,3.9502857044814175e-05,0.027433774292310587,1,highpass
2.4284753953734314e-07,3.277746257885679e-07,1.773770196072668e-07,1.6378305718299713e-07,1.1277547936966115e-05,0.006954101732734211,1,highpass
1.7016457591380337e-07,3.922965759672028e-07,1.297009896519745e-07,1.5e-07,3.9263021242870507e-05,0.007483116403501439,1,highpass
1.8469529850649303e-07,3.0145438781975554e-07,1.709735112559045e-07,1.5161051849574614e-07,1.174675005281928e-05,0.0024093702918806643,1,highpass
1e-07,3.45935918883215e-07,1.208237281465025e-07,1.5e-07,4.6825246849379736e-05,0.00941158838688328,1,highpass
2.153249455217629e-07,6.825453326772303e-07,1.7142379831900454e-07,2.650942585608249e-07,4.046294684820493e-05,-0.16415718356586373,1,highpass
1.1200627580110933e-07,4.3914801316338763e-07,1.5321958237456259e-07,2.786343308978468e-07,1.702146067985821e-05,0.03361934463326621,2,highpass
1.1200627580110933e-07,4.3914801316338763e-07,1.5321958237456259e-07,2.786343308978468e-07,1.702146067985821e-05,0.03361934463326621,2,highpass
1.2809760601725487e-07,4.3914801316338763e-07,1.5321958237456259e-07,2.786343308978468e-07,1.702146067985821e-05,0.03354376645107068,2,highpass
1.6166980863991776e-07,3.937854210257485e-07,1.2769406991880114e-07,2.5280056672583257e-07,1.9707447141068495e-05,0.019393015725482063,2,highpass
1.220337571333906e-07,6.342733494861851e-07,1.1488632493608898e-07,1.9014540201934326e-07,3.9502857044814175e-05,0.019804113769861492,2,highpass
1.1200627580110933e-07,4.3914801316338763e-07,1.5321958237456259e-07,2.786343308978468e-07,3.5641185152988854e-05,0.032038687059366314,2,highpass
1.2058575072562992e-07,4.310490319392853e-07,1.2769406991880114e-07,2.54565426676449e-07,1.5906831897491784e-05,0.022875158290807364,2,highpass
1.6166980863991776e-07,3.937854210257485e-07,1.6553321639359243e-07,2.4837894750997386e-07,1.5906831897491784e-05,0.02563738685005397,2,highpass
1.220337571333906e-07,3.937854210257485e-07,1.6553321639359243e-07,2.3699025241427828e-07,3.9502857044814175e-05,0.03701271361630865,2,highpass
1.2809760601725487e-07,3.89515502925354e-07,1.5321958237456259e-07,2.786343308978468e-07,1.702146067985821e-05,0.031460969284366064,2,highpass
1.1200627580110933e-07,4.3914801316338763e-07,1.5321958237456259e-07,2.3699025241427828e-07,3.9502857044814175e-05,0.02925309394809221,2,highpass
1.2809760601725487e-07,3.937854210257485e-07,1.6553321639359243e-07,2.3699025241427828e-07,3.9502857044814175e-05,0.03296215517351092,2,highpass
1.1200627580110933e-07,4.3914801316338763e-07,1.5321958237456259e-07,1.7449356953648065e-07,4.031472897832913e-05,0.030059892627313615,2,highpass
1.1200627580110933e-07,4.3914801316338763e-07,1.5321958237456259e-07,2.54565426676449e-07,1.4962481311501067e-05,0.038281639366457884,2,highpass
1.6166980863991776e-07,7e-07,1.2795220879754205e-07,1.7449356953648065e-07,4.031472897832913e-05,0.006941735051827616,2,highpass
1.1200627580110933e-07,6.342733494861851e-07,1.1488632493608898e-07,1.9014540201934326e-07,2.7840163708618003e-05,0.02602405370197587,2,highpass
1.220337571333906e-07,6.342733494861851e-07,1.1488632493608898e-07,1.5e-07,3.5641185152988854e-05,0.022436052057581077,2,highpass
1.220337571333906e-07,4.3914801316338763e-07,1.5321958237456259e-07,2.786343308978468e-07,1.702146067985821e-05,-0.00035658326393464557,2,highpass
1.2809760601725487e-07,3.89515502925354e-07,1.1488632493608898e-07,2.5304931952933024e-07,2.7840163708618003e-05,0.018119728312904815,2,highpass
1.1200627580110933e-07,4.3914801316338763e-07,1.6553321639359243e-07,2.3699025241427828e-07,3.9502857044814175e-05,0.034079022505560636,2,highpass
1.6166980863991776e-07,5.36448870847678e-07,1.0057759185713155e-07,2.54565426676449e-07,1.5906831897491784e-05,0.02553881869024447,2,highpass
1.3284981031487958e-07,7e-07,1.802045947436049e-07,1.8375419441594647e-07,4.516152783624851e-05,0.0009426530815246775,2,highpass
1.1200627580110933e-07,4.3914801316338763e-07,1.5321958237456259e-07,2.786343308978468e-07,1.3404960553549253e-05,0.04858664502532205,2,highpass
1.3122297454322065e-07,4.946102056567033e-07,1.1599023532734913e-07,1.7150396373125114e-07,4.036685253691686e-05,0.024827238648732174,2,highpass
1.2058575072562992e-07,4.310490319392853e-07,1.1488632493608898e-07,1.9014540201934326e-07,2.7840163708618003e-05,0.017290868702878937,2,highpass
1.7016457591380337e-07,3.922965759672028e-07,1.297009896519745e-07,1.5e-07,1.702146067985821e-05,0.009025322789632619,2,highpass
1.3284981031487958e-07,7e-07,1.2795220879754205e-07,2.786343308978468e-07,1.702146067985821e-05,-0.09705603152788697,2,highpass
1.6166980863991776e-07,3.937854210257485e-07,1.6553321639359243e-07,2.3699025241427828e-07,3.9502857044814175e-05,0.027433774292310587,2,highpass
1.6166980863991776e-07,3.937854210257485e-07,1.6553321639359243e-07,1.7150396373125114e-07,4.036685253691686e-05,0.017388504372311625,2,highpass
1.2058575072562992e-07,4.310490319392853e-07,1e-07,1.5e-07,3.5641185152988854e-05,0.01358351862671292,2,highpass
1.1200627580110933e-07,4.3914801316338763e-07,1.5321958237456259e-07,2.786343308978468e-07,1.3404960553549253e-05,0.04858664502532205,3,highpass
1.1200627580110933e-07,4.266655435686327e-07,1.5321958237456259e-07,1.7449356953648065e-07,4.031472897832913e-05,0.027672542691221547,3,highpass
1.2809760601725487e-07,4.3914801316338763e-07,1.5321958237456259e-07,2.54565426676449e-07,1.4962481311501067e-05,0.028275401816998835,3,highpass
1.2809760601725487e-07,4.3914801316338763e-07,1.5321958237456259e-07,2.786343308978468e-07,1.3404960553549253e-05,0.038575062295287024,3,highpass
1.2809760601725487e-07,3.937854210257485e-07,1.6553321639359243e-07,1.7449356953648065e-07,4.031472897832913e-05,0.02181455973407937,3,highpass
1.1200627580110933e-07,4.3914801316338763e-07,1.5321958237456259e-07,2.786343308978468e-07,1.702146067985821e-05,0.03361934463326621,3,highpass
1.1200627580110933e-07,4.3914801316338763e-07,1.5321958237456259e-07,2.786343308978468e-07,1.702146067985821e-05,0.03361934463326621,3,highpass
1.1200627580110933e-07,4.3914801316338763e-07,1.5321958237456259e-07,2.786343308978468e-07,3.9502857044814175e-05,0.021033930062516,3,highpass
1.1200627580110933e-07,4.3914801316338763e-07,1.5321958237456259e-07,2.54565426676449e-07,1.4962481311501067e-05,0.038281639366457884,3,highpass
1.1200627580110933e-07,4.3914801316338763e-07,2.076255137918013e-07,2.786343308978468e-07,1.702146067985821e-05,-0.0159596311051505,3,highpass
1.1200627580110933e-07,4.3914801316338763e-07,1.6553321639359243e-07,2.3699025241427828e-07,3.9502857044814175e-05,0.034079022505560636,3,highpass
1.5854137206312864e-07,3.937854210257485e-07,1.6553321639359243e-07,2.3699025241427828e-07,4.031472897832913e-05,0.02953484349741209,3,highpass
1.1200627580110933e-07,4.3914801316338763e-07,1.5321958237456259e-07,2.54565426676449e-07,3.9502857044814175e-05,0.02796658627363638,3,highpass
1.2809760601725487e-07,4.3914801316338763e-07,1.6553321639359243e-07,2.3699025241427828e-07,3.9502857044814175e-05,0.03731930517894444,3,highpass
1.1200627580110933e-07,4.3914801316338763e-07,1.5321958237456259e-07,2.786343308978468e-07,1.9262853034881508e-05,0.03468220111763212,3,highpass
1.2809760601725487e-07,3.937854210257485e-07,1.6553321639359243e-07,2.3699025241427828e-07,1.702146067985821e-05,0.03416705334770945,3,highpass
1.1200627580110933e-07,4.3914801316338763e-07,1.5321958237456259e-07,2.786343308978468e-07,3.5641185152988854e-05,0.032038687059366314,3,highpass
1.1200627580110933e-07,4.3914801316338763e-07,1.5321958237456259e-07,2.786343308978468e-07,3.5641185152988854e-05,0.032038687059366314,3,highpass
1.1200627580110933e-07,4.3914801316338763e-07,1.5321958237456259e-07,2.54565426676449e-07,3.8068107259868104e-05,0.03268328015947303,3,highpass
1.6166980863991776e-07,3.937854210257485e-07,1.5321958237456259e-07,2.54565426676449e-07,1.5928580798396902e-05,0.027627720771015177,3,highpass
1.1200627580110933e-07,4.3914801316338763e-07,1.5321958237456259e-07,2.786343308978468e-07,3.9502857044814175e-05,0.021033930062516,3,highpass
1.2809760601725487e-07,3.937854210257485e-07,1.6553321639359243e-07,2.786343308978468e-07,1.3404960553549253e-05,0.03877211214601522,3,highpass
1.1200627580110933e-07,4.3914801316338763e-07,1.5321958237456259e-07,2.786343308978468e-07,1.702146067985821e-05,0.03361934463326621,3,highpass
1.1200627580110933e-07,4.282748255058514e-07,1.5321958237456259e-07,2.786343308978468e-07,1.3404960553549253e-05,0.025802438611967446,3,highpass
1.220337571333906e-07,3.937854210257485e-07,1.6553321639359243e-07,2.3699025241427828e-07,3.9502857044814175e-05,0.03701271361630865,3,highpass
1.220337571333906e-07,3.937854210257485e-07,1.5321958237456259e-07,2.54565426676449e-07,1.4962481311501067e-05,0.03562914645776254,3,highpass
1.2809760601725487e-07,4.310490319392853e-07,1.2769406991880114e-07,2.54565426676449e-07,1.5906831897491784e-05,0.02752113616882041,3,highpass
1.2809760601725487e-07,3.89515502925354e-07,1.5321958237456259e-07,2.786343308978468e-07,7.72466378702549e-06,0.03632807277248487,3,highpass
1.1200627580110933e-07,6.342733494861851e-07,1.5321958237456259e-07,2.786343308978468e-07,3.5641185152988854e-05,-0.10966704933925425,3,highpass
1.1200627580110933e-07,4.3914801316338763e-07,1.6553321639359243e-07,2.3699025241427828e-07,3.9502857044814175e-05,0.034079022505560636,3,highpass
1.1200627580110933e-07,4.3914801316338763e-07,1.5321958237456259e-07,2.786343308978468e-07,1.3404960553549253e-05,0.04858664502532205,4,highpass
1.2809760601725487e-07,3.937854210257485e-07,1.6553321639359243e-07,2.786343308978468e-07,1.702146067985821e-05,0.029378287178201706,4,highpass
1.220337571333906e-07,3.937854210257485e-07,1.5321958237456259e-07,2.786343308978468e-07,1.3404960553549253e-05,0.03084138040533646,4,highpass
1.220337571333906e-07,3.937854210257485e-07,1.6553321639359243e-07,2.3699025241427828e-07,3.9502857044814175e-05,0.03701271361630865,4,highpass
1.1200627580110933e-07,3.89515502925354e-07,1.5321958237456259e-07,2.786343308978468e-07,7.72466378702549e-06,0.022407344807524522,4,highpass
1.1200627580110933e-07,4.3914801316338763e-07,1.6553321639359243e-07,2.3699025241427828e-07,3.9502857044814175e-05,0.034079022505560636,4,highpass
1.220337571333906e-07,3.937854210257485e-07,1.6553321639359243e-07,2.786343308978468e-07,1.3404960553549253e-05,0.0454137980943152,4,highpass
1.1200627580110933e-07,4.3914801316338763e-07,1.5321958237456259e-07,2.54565426676449e-07,1.4962481311501067e-05,0.038281639366457884,4,highpass
1.1200627580110933e-07,4.3914801316338763e-07,1.6553321639359243e-07,2.3699025241427828e-07,1.9262853034881508e-05,0.030776152991341843,4,highpass
1.1200627580110933e-07,4.3914801316338763e-07,1.5321958237456259e-07,2.54565426676449e-07,1.4962481311501067e-05,0.038281639366457884,4,highpass
1.2809760601725487e-07,3.937854210257485e-07,1.6553321639359243e-07,2.786343308978468e-07,7.72466378702549e-06,0.031940951164293074,4,highpass
1.2809760601725487e-07,4.3914801316338763e-07,1.6553321639359243e-07,2.3699025241427828e-07,3.9502857044814175e-05,0.03731930517894444,4,highpass
1.2809760601725487e-07,4.3914801316338763e-07,1.5321958237456259e-07,2.786343308978468e-07,1.3404960553549253e-05,0.038575062295287024,4,highpass
1.1200627580110933e-07,3.937854210257485e-07,1.5321958237456259e-07,2.54565426676449e-07,1.4962481311501067e-05,0.027773472972667315,4,highpass
1.220337571333906e-07,3.937854210257485e-07,1.5516912089028757e-07,2.786343308978468e-07,1.702146067985821e-05,0.025977163623233553,4,highpass
1.1200627580110933e-07,4.3914801316338763e-07,1.5321958237456259e-07,2.3699025241427828e-07,3.9502857044814175e-05,0.02925309394809221,4,highpass
1.2809760601725487e-07,3.937854210257485e-07,1.5321958237456259e-07,2.786343308978468e-07,7.72466378702549e-06,0.03522147204718123,4,highpass
1.2809760601725487e-07,4.3914801316338763e-07,1.6553321639359243e-07,2.786343308978468e-07,1.3404960553549253e-05,0.025083143151639814,4,highpass
1.220337571333906e-07,4.3914801316338763e-07,1.5321958237456259e-07,2.786343308978468e-07,1.3404960553549253e-05,0.014983092963632122,4,highpass
1.1200627580110933e-07,4.3914801316338763e-07,1.5321958237456259e-07,2.786343308978468e-07,7.72466378702549e-06,0.030131008482969207,4,highpass
1.2809760601725487e-07,4.3914801316338763e-07,1.6553321639359243e-07,2.786343308978468e-07,1.3404960553549253e-05,0.025083143151639814,4,highpass
1.220337571333906e-07,4.7201448727385727e-07,1.5321958237456259e-07,2.786343308978468e-07,1.3404960553549253e-05,-0.007546380720716853,4,highpass
1.1200627580110933e-07,3.89515502925354e-07,1.5321958237456259e-07,2.786343308978468e-07,7.72466378702549e-06,0.022407344807524522,4,highpass
1.220337571333906e-07,3.937854210257485e-07,1.5321958237456259e-07,2.6174092156893146e-07,3.9502857044814175e-05,0.031861928402702785,4,highpass
1.1200627580110933e-07,4.3914801316338763e-07,1.5321958237456259e-07,2.786343308978468e-07,1.3404960553549253e-05,0.04858664502532205,4,highpass
1.2809760601725487e-07,4.3914801316338763e-07,1.6553321639359243e-07,2.3699025241427828e-07,3.9502857044814175e-05,0.03731930517894444,4,highpass
1.1200627580110933e-07,4.3914801316338763e-07,1.6553321639359243e-07,2.786343308978468e-07,1.3404960553549253e-05,0.02196999421138121,4,highpass
1.2809760601725487e-07,4.3914801316338763e-07,1.5321958237456259e-07,2.54565426676449e-07,1.4962481311501067e-05,0.028275401816998835,4,highpass
1.2809760601725487e-07,3.89515502925354e-07,1.5321958237456259e-07,2.786343308978468e-07,7.72466378702549e-06,0.03632807277248487,4,highpass
1.2809760601725487e-07,4.3914801316338763e-07,1.6553321639359243e-07,2.3699025241427828e-07,1.4962481311501067e-05,0.025276719113587115,4,highpass
1.1200627580110933e-07,4.3914801316338763e-07,1.5321958237456259e-07,2.786343308978468e-07,1.3404960553549253e-05,0.04858664502532205,5,highpass
1.1200627580110933e-07,4.3914801316338763e-07,1.5321958237456259e-07,2.786343308978468e-07,7.72466378702549e-06,0.030131008482969207,5,highpass
1.1200627580110933e-07,4.3914801316338763e-07,1.5321958237456259e-07,2.3699025241427828e-07,3.9502857044814175e-05,0.02925309394809221,5,highpass
1.1200627580110933e-07,4.3914801316338763e-07,1.5321958237456259e-07,2.786343308978468e-07,1.3404960553549253e-05,0.04858664502532205,5,highpass
1.220337571333906e-07,3.937854210257485e-07,1.5321958237456259e-07,2.6174092156893146e-07,1.4962481311501067e-05,0.033306973408542884,5,highpass
1.1200627580110933e-07,4.3914801316338763e-07,1.6553321639359243e-07,2.54565426676449e-07,4.55539576523326e-05,0.04262949495589716,5,highpass
1.220337571333906e-07,3.937854210257485e-07,1.5321958237456259e-07,2.786343308978468e-07,1.3404960553549253e-05,0.03084138040533646,5,highpass
1.1200627580110933e-07,4.3914801316338763e-07,1.6553321639359243e-07,2.3699025241427828e-07,3.9502857044814175e-05,0.034079022505560636,5,highpass
1.2809760601725487e-07,3.937854210257485e-07,1.6553321639359243e-07,2.3699025241427828e-07,3.9502857044814175e-05,0.03296215517351092,5,highpass
1.1200627580110933e-07,4.3914801316338763e-07,1.5321958237456259e-07,2.786343308978468e-07,1.3404960553549253e-05,0.04858664502532205,5,highpass
1.1200627580110933e-07,4.3914801316338763e-07,1.5321958237456259e-07,2.786343308978468e-07,4.8646862358420026e-05,0.030439124283471355,5,highpass
1.1200627580110933e-07,4.3914801316338763e-07,1.5321958237456259e-07,2.786343308978468e-07,7.72466378702549e-06,0.030131008482969207,5,highpass
1.2809760601725487e-07,4.3914801316338763e-07,1.5321958237456259e-07,2.786343308978468e-07,1.3404960553549253e-05,0.038575062295287024,5,highpass
1.2809760601725487e-07,3.89515502925354e-07,1.5321958237456259e-07,2.3699025241427828e-07,3.9502857044814175e-05,0.029848712650965142,5,highpass
1.1200627580110933e-07,4.3914801316338763e-07,1.5321958237456259e-07,2.54565426676449e-07,1.4962481311501067e-05,0.038281639366457884,5,highpass
1.2809760601725487e-07,4.3914801316338763e-07,1.575485149776243e-07,2.786343308978468e-07,1.3404960553549253e-05,0.035205171973817645,5,highpass
1.220337571333906e-07,3.937854210257485e-07,1.6553321639359243e-07,2.786343308978468e-07,1.3404960553549253e-05,0.0454137980943152,5,highpass
1.2809760601725487e-07,4.3914801316338763e-07,1.5321958237456259e-07,2.786343308978468e-07,1.3404960553549253e-05,0.038575062295287024,5,highpass
1.220337571333906e-07,3.937854210257485e-07,1.6553321639359243e-07,2.786343308978468e-07,1.3404960553549253e-05,0.0454137980943152,5,highpass
1.2809760601725487e-07,3.89515502925354e-07,1.5321958237456259e-07,1.6513039692907172e-07,1.3404960553549253e-05,0.01909251778223907,5,highpass
1.2809760601725487e-07,4.3914801316338763e-07,1.6553321639359243e-07,2.3699025241427828e-07,1.3404960553549253e-05,0.02286910058294725,5,highpass
1.2809760601725487e-07,3.937854210257485e-07,1.6553321639359243e-07,2.786343308978468e-07,1.3404960553549253e-05,0.03877211214601522,5,highpass
1.1200627580110933e-07,4.3914801316338763e-07,1.5321958237456259e-07,2.54565426676449e-07,1.4962481311501067e-05,0.038281639366457884,5,highpass
1.1200627580110933e-07,4.3914801316338763e-07,1.5445001667897644e-07,2.786343308978468e-07,1.3404960553549253e-05,0.03884826377029307,5,highpass
1.1200627580110933e-07,5.550373975073757e-07,1.6553321639359243e-07,2.3699025241427828e-07,3.9502857044814175e-05,-0.0035117675420382466,5,highpass
1.2809760601725487e-07,4.3914801316338763e-07,1.5321958237456259e-07,2.786343308978468e-07,1.3404960553549253e-05,0.038575062295287024,5,highpass
1.220337571333906e-07,3.937854210257485e-07,1.5321958237456259e-07,2.786343308978468e-07,1.3404960553549253e-05,0.03084138040533646,5,highpass
1.1200627580110933e-07,4.3914801316338763e-07,1.5321958237456259e-07,2.786343308978468e-07,1.3404960553549253e-05,0.04858664502532205,5,highpass
1.1200627580110933e-07,4.3914801316338763e-07,1.6553321639359243e-07,2.786343308978468e-07,1.3404960553549253e-05,0.02196999421138121,5,highpass
1.2809760601725487e-07,4.3914801316338763e-07,1.5321958237456259e-07,2.786343308978468e-07,3.9502857044814175e-05,0.03305895852983508,5,highpass
1.1200627580110933e-07,4.3914801316338763e-07,1.5321958237456259e-07,2.786343308978468e-07,1.3404960553549253e-05,0.04858664502532205,6,highpass
1.1200627580110933e-07,4.3914801316338763e-07,1.5321958237456259e-07,2.786343308978468e-07,1.3404960553549253e-05,0.04858664502532205,6,highpass
1.220337571333906e-07,3.937854210257485e-07,1.6553321639359243e-07,2.54565426676449e-07,4.55539576523326e-05,0.03259413448066159,6,highpass
1.2809760601725487e-07,3.937854210257485e-07,1.6553321639359243e-07,2.786343308978468e-07,1.3404960553549253e-05,0.03877211214601522,6,highpass
1.220337571333906e-07,3.937854210257485e-07,1.6553321639359243e-07,2.776720851072753e-07,3.9502857044814175e-05,0.03523862201512861,6,highpass
1.1200627580110933e-07,4.3914801316338763e-07,1.5321958237456259e-07,2.786343308978468e-07,1.3404960553549253e-05,0.04858664502532205,6,highpass
1.1200627580110933e-07,4.3914801316338763e-07,1.5321958237456259e-07,2.786343308978468e-07,1.3404960553549253e-05,0.04858664502532205,6,highpass
1.1200627580110933e-07,4.3914801316338763e-07,1.5321958237456259e-07,2.786343308978468e-07,3.060926663081305e-05,0.028108705747011423,6,highpass
1.1200627580110933e-07,4.3914801316338763e-07,1.5321958237456259e-07,2.786343308978468e-07,1.3404960553549253e-05,0.04858664502532205,6,highpass
1.1200627580110933e-07,4.3914801316338763e-07,1.5321958237456259e-07,2.786343308978468e-07,1.3404960553549253e-05,0.04858664502532205,6,highpass
1.1200627580110933e-07,4.3914801316338763e-07,1.5321958237456259e-07,2.786343308978468e-07,1.3404960553549253e-05,0.04858664502532205,6,highpass
1.1200627580110933e-07,4.3914801316338763e-07,1.5321958237456259e-07,2.727807893595545e-07,1.3404960553549253e-05,0.04808152348910477,6,highpass
1.1200627580110933e-07,4.3914801316338763e-07,1.5321958237456259e-07,2.786343308978468e-07,1.3404960553549253e-05,0.04858664502532205,6,highpass
1.1200627580110933e-07,4.3914801316338763e-07,1.5321958237456259e-07,2.786343308978468e-07,1.3404960553549253e-05,0.04858664502532205,6,highpass
1.220337571333906e-07,3.937854210257485e-07,1.6553321639359243e-07,2.786343308978468e-07,4.55539576523326e-05,0.03562869506979957,6,highpass
1.125971500337319e-07,4.3914801316338763e-07,1.5321958237456259e-07,2.786343308978468e-07,1.3404960553549253e-05,0.04635585808786938,6,highpass
1.1200627580110933e-07,4.3914801316338763e-07,1.5321958237456259e-07,2.786343308978468e-07,1.3404960553549253e-05,0.04858664502532205,6,highpass
1.1200627580110933e-07,4.3914801316338763e-07,1.5321958237456259e-07,2.786343308978468e-07,1.3404960553549253e-05,0.04858664502532205,6,highpass
1.1200627580110933e-07,4.3914801316338763e-07,1.5321958237456259e-07,2.786343308978468e-07,1.3404960553549253e-05,0.04858664502532205,6,highpass
1.220337571333906e-07,3.937854210257485e-07,1.5321958237456259e-07,2.786343308978468e-07,1.3404960553549253e-05,0.03084138040533646,6,highpass
1.220337571333906e-07,4.3914801316338763e-07,1.5321958237456259e-07,2.786343308978468e-07,1.3404960553549253e-05,0.014983092963632122,6,highpass
1.1200627580110933e-07,4.3914801316338763e-07,1.5321958237456259e-07,2.786343308978468e-07,1.3404960553549253e-05,0.04858664502532205,6,highpass
1.220337571333906e-07,3.937854210257485e-07,1.6553321639359243e-07,2.786343308978468e-07,1.3404960553549253e-05,0.0454137980943152,6,highpass
1.1200627580110933e-07,4.3914801316338763e-07,1.5321958237456259e-07,2.54565426676449e-07,1.4962481311501067e-05,0.038281639366457884,6,highpass
1.220337571333906e-07,3.937854210257485e-07,1.6553321639359243e-07,2.786343308978468e-07,1.3404960553549253e-05,0.0454137980943152,6,highpass
1.1200627580110933e-07,4.3914801316338763e-07,1.46149782714163e-07,2.786343308978468e-07,1.3404960553549253e-05,0.034443754238996316,6,highpass
1.2809760601725487e-07,4.3914801316338763e-07,1.5321958237456259e-07,2.786343308978468e-07,1.3404960553549253e-05,0.038575062295287024,6,highpass
1.2809760601725487e-07,3.937854210257485e-07,1.6553321639359243e-07,2.786343308978468e-07,1.3404960553549253e-05,0.03877211214601522,6,highpass
1.220337571333906e-07,3.937854210257485e-07,1.6553321639359243e-07,2.786343308978468e-07,1.3404960553549253e-05,0.0454137980943152,6,highpass
1.1200627580110933e-07,4.3914801316338763e-07,1.5321958237456259e-07,2.786343308978468e-07,1.3404960553549253e-05,0.04858664502532205,6,highpass
1.1200627580110933e-07,4.3914801316338763e-07,1.5321958237456259e-07,2.786343308978468e-07,1.3404960553549253e-05,0.02743473316812589,7,highpass
1.1200627580110933e-07,4.3914801316338763e-07,1.5321958237456259e-07,2.786343308978468e-07,1.3404960553549253e-05,0.02743473316812589,7,highpass
1.1200627580110933e-07,4.3914801316338763e-07,1.5321958237456259e-07,2.786343308978468e-07,1.3404960553549253e-05,0.02743473316812589,7,highpass
1.1200627580110933e-07,4.3914801316338763e-07,1.5321958237456259e-07,2.786343308978468e-07,1.3404960553549253e-05,0.02743473316812589,7,highpass
1.1200627580110933e-07,4.3914801316338763e-07,1.5321958237456259e-07,2.786343308978468e-07,1.3404960553549253e-05,0.02743473316812589,7,highpass
1.1200627580110933e-07,4.3914801316338763e-07,1.5321958237456259e-07,2.786343308978468e-07,1.3404960553549253e-05,0.02743473316812589,7,highpass
1.1200627580110933e-07,4.3914801316338763e-07,1.5321958237456259e-07,2.786343308978468e-07,1.3404960553549253e-05,0.02743473316812589,7,highpass
1.1200627580110933e-07,4.3914801316338763e-07,1.5321958237456259e-07,2.786343308978468e-07,1.3404960553549253e-05,0.02743473316812589,7,highpass
1.1200627580110933e-07,4.3914801316338763e-07,1.5321958237456259e-07,2.786343308978468e-07,1.3404960553549253e-05,0.02743473316812589,7,highpass
1.1200627580110933e-07,4.3914801316338763e-07,1.5321958237456259e-07,2.786343308978468e-07,1.3404960553549253e-05,0.02743473316812589,7,highpass
1.1200627580110933e-07,4.3914801316338763e-07,1.5321958237456259e-07,2.786343308978468e-07,1.3404960553549253e-05,0.02743473316812589,7,highpass
1.1200627580110933e-07,4.3914801316338763e-07,1.5321958237456259e-07,2.786343308978468e-07,3.75695236070601e-05,0.024046092881529632,7,highpass
1.1200627580110933e-07,4.3914801316338763e-07,1.5321958237456259e-07,2.786343308978468e-07,1.3404960553549253e-05,0.02743473316812589,7,highpass
1.1200627580110933e-07,4.3914801316338763e-07,1.5321958237456259e-07,2.786343308978468e-07,1.3404960553549253e-05,0.02743473316812589,7,highpass
1.1200627580110933e-07,4.3914801316338763e-07,1.5321958237456259e-07,1.8711458791862965e-07,1.3404960553549253e-05,0.04027314857039184,7,highpass
1.31974501726e-07,4.3914801316338763e-07,1.5321958237456259e-07,2.786343308978468e-07,1.3404960553549253e-05,0.032130523042419604,7,highpass
1.1200627580110933e-07,4.3914801316338763e-07,1.5321958237456259e-07,2.786343308978468e-07,1.3404960553549253e-05,0.02743473316812589,7,highpass
1.1200627580110933e-07,4.3914801316338763e-07,1.5321958237456259e-07,2.786343308978468e-07,1.3404960553549253e-05,0.02743473316812589,7,highpass
1.1200627580110933e-07,4.3914801316338763e-07,1.5321958237456259e-07,2.786343308978468e-07,1.3404960553549253e-05,0.02743473316812589,7,highpass
1.1200627580110933e-07,4.3914801316338763e-07,1.5321958237456259e-07,2.786343308978468e-07,1.3404960553549253e-05,0.02743473316812589,7,highpass
1.1200627580110933e-07,4.3914801316338763e-07,1.5321958237456259e-07,2.786343308978468e-07,1.3404960553549253e-05,0.02743473316812589,7,highpass
1.1200627580110933e-07,4.3914801316338763e-07,1.5321958237456259e-07,2.786343308978468e-07,1.3404960553549253e-05,0.02743473316812589,7,highpass
1.1200627580110933e-07,4.3914801316338763e-07,1.5321958237456259e-07,2.786649110597487e-07,1.3404960553549253e-05,0.02743473316812589,7,highpass
2.1035689927139726e-07,4.3914801316338763e-07,1.5321958237456259e-07,2.786343308978468e-07,1.3404960553549253e-05,0.0013339983306188685,7,highpass
1.1200627580110933e-07,4.3914801316338763e-07,1.5321958237456259e-07,2.786343308978468e-07,1.3404960553549253e-05,0.02743473316812589,7,highpass
1.1200627580110933e-07,4.3914801316338763e-07,1.5321958237456259e-07,2.786343308978468e-07,1.3404960553549253e-05,0.02743473316812589,7,highpass
1.1200627580110933e-07,4.3914801316338763e-07,1.5321958237456259e-07,2.786343308978468e-07,1.3404960553549253e-05,0.02743473316812589,7,highpass
1.1200627580110933e-07,4.3914801316338763e-07,1.5321958237456259e-07,2.786343308978468e-07,1.3404960553549253e-05,0.02743473316812589,7,highpass
1.1167727115128161e-07,4.3914801316338763e-07,1.5321958237456259e-07,2.786343308978468e-07,1.3404960553549253e-05,0.02743473316812589,7,highpass
1.1200627580110933e-07,4.3914801316338763e-07,1.5321958237456259e-07,2.727807893595545e-07,1.3404960553549253e-05,0.04808152348910477,7,highpass
1.1200627580110933e-07,4.3914801316338763e-07,1.5321958237456259e-07,2.786343308978468e-07,1.3404960553549253e-05,0.04858664502532205,8,highpass
1.1200627580110933e-07,4.3914801316338763e-07,1.5321958237456259e-07,2.727807893595545e-07,1.3404960553549253e-05,0.04808152348910477,8,highpass
1.1200627580110933e-07,4.3914801316338763e-07,1.5321958237456259e-07,2.727807893595545e-07,1.3404960553549253e-05,0.04808152348910477,8,highpass
1.1200627580110933e-07,4.3914801316338763e-07,1.5321958237456259e-07,2.786343308978468e-07,1.3404960553549253e-05,0.04858664502532205,8,highpass
1.1200627580110933e-07,4.3914801316338763e-07,1.5321958237456259e-07,2.727807893595545e-07,1.3404960553549253e-05,0.04808152348910477,8,highpass
1.1200627580110933e-07,4.3914801316338763e-07,1.5321958237456259e-07,2.786343308978468e-07,1.3404960553549253e-05,0.04858664502532205,8,highpass
1.1200627580110933e-07,4.3914801316338763e-07,1.5321958237456259e-07,2.8192216966723327e-07,1.3404960553549253e-05,0.04464539924369493,8,highpass
1.1200627580110933e-07,4.3914801316338763e-07,1.5321958237456259e-07,1.8711458791862965e-07,1.3404960553549253e-05,0.04027314857039184,8,highpass
1.1200627580110933e-07,4.3914801316338763e-07,1.5321958237456259e-07,2.786343308978468e-07,1.3404960553549253e-05,0.04858664502532205,8,highpass
1.1200627580110933e-07,4.3914801316338763e-07,1.5321958237456259e-07,2.786343308978468e-07,1.3404960553549253e-05,0.04858664502532205,8,highpass
1.1167727115128161e-07,4.3914801316338763e-07,1.5321958237456259e-07,2.786343308978468e-07,1.3404960553549253e-05,0.04858664502532205,8,highpass
1.1200627580110933e-07,4.3914801316338763e-07,1.5321958237456259e-07,1.8711458791862965e-07,1.3404960553549253e-05,0.04027314857039184,8,highpass
1.31974501726e-07,4.3914801316338763e-07,1.5321958237456259e-07,2.786343308978468e-07,1.3404960553549253e-05,0.032130523042419604,8,highpass
1.1200627580110933e-07,4.3914801316338763e-07,1.5321958237456259e-07,2.786343308978468e-07,1.3404960553549253e-05,0.04858664502532205,8,highpass
1.1200627580110933e-07,4.3914801316338763e-07,1.5321958237456259e-07,1.8711458791862965e-07,1.3404960553549253e-05,0.04027314857039184,8,highpass
1.1200627580110933e-07,4.3914801316338763e-07,1.5321958237456259e-07,2.727807893595545e-07,1.3404960553549253e-05,0.04808152348910477,8,highpass
1.1200627580110933e-07,4.3914801316338763e-07,1.5321958237456259e-07,2.786343308978468e-07,1.3404960553549253e-05,0.04858664502532205,8,highpass
1.1200627580110933e-07,4.3914801316338763e-07,1.5321958237456259e-07,2.8973728307468585e-07,1.3404960553549253e-05,0.03371953378992673,8,highpass
1.1200627580110933e-07,4.3914801316338763e-07,1.5321958237456259e-07,2.786343308978468e-07,1.3404960553549253e-05,0.04858664502532205,8,highpass
1.1200627580110933e-07,4.3914801316338763e-07,1.5321958237456259e-07,2.786343308978468e-07,1.3404960553549253e-05,0.04858664502532205,8,highpass
1.1200627580110933e-07,4.3914801316338763e-07,1.5321958237456259e-07,2.786343308978468e-07,1.3404960553549253e-05,0.04858664502532205,8,highpass
1.1200627580110933e-07,4.3914801316338763e-07,1.5321958237456259e-07,2.786343308978468e-07,1.3404960553549253e-05,0.04858664502532205,8,highpass
1.31974501726e-07,4.3914801316338763e-07,1.5321958237456259e-07,2.727807893595545e-07,1.3404960553549253e-05,0.029824449776290327,8,highpass
1.1200627580110933e-07,4.3914801316338763e-07,1.5321958237456259e-07,1.8711458791862965e-07,1.3404960553549253e-05,0.04027314857039184,8,highpass
1.1200627580110933e-07,4.3914801316338763e-07,1.5321958237456259e-07,2.786649110597487e-07,1.3404960553549253e-05,0.04858664502532205,8,highpass
1.1200627580110933e-07,4.3914801316338763e-07,1.5321958237456259e-07,2.786649110597487e-07,1.3404960553549253e-05,0.04858664502532205,8,highpass
1.1200627580110933e-07,4.3914801316338763e-07,1.5321958237456259e-07,2.786343308978468e-07,1.3404960553549253e-05,0.04858664502532205,8,highpass
1.1200627580110933e-07,4.3914801316338763e-07,1.5321958237456259e-07,2.786343308978468e-07,1.3404960553549253e-05,0.04858664502532205,8,highpass
1.79603835667182e-07,4.3914801316338763e-07,1.5321958237456259e-07,2.786343308978468e-07,1.3404960553549253e-05,0.015487315925569789,8,highpass
1.1200627580110933e-07,4.3914801316338763e-07,1.5321958237456259e-07,2.727807893595545e-07,1.3404960553549253e-05,0.04808152348910477,8,highpass
1.1200627580110933e-07,4.3914801316338763e-07,1.5321958237456259e-07,2.786343308978468e-07,1.3404960553549253e-05,0.04858664502532205,9,highpass
1.1200627580110933e-07,4.3914801316338763e-07,1.5321958237456259e-07,2.786343308978468e-07,1.3404960553549253e-05,0.04858664502532205,9,highpass
1.1200627580110933e-07,4.3914801316338763e-07,1.5321958237456259e-07,2.786343308978468e-07,1.3404960553549253e-05,0.04858664502532205,9,highpass
1.1200627580110933e-07,4.3914801316338763e-07,1.2418007648442786e-07,2.786343308978468e-07,1.3404960553549253e-05,0.020362333472766614,9,highpass
1.1200627580110933e-07,4.3914801316338763e-07,1.5321958237456259e-07,2.786343308978468e-07,1.3404960553549253e-05,0.04858664502532205,9,highpass
1.1200627580110933e-07,4.3914801316338763e-07,1.5321958237456259e-07,2.786649110597487e-07,1.3404960553549253e-05,0.04858664502532205,9,highpass
1.1200627580110933e-07,4.3914801316338763e-07,1.5321958237456259e-07,2.786343308978468e-07,1.3404960553549253e-05,0.04858664502532205,9,highpass
1.1200627580110933e-07,4.3914801316338763e-07,1.5321958237456259e-07,2.786343308978468e-07,1.3404960553549253e-05,0.04858664502532205,9,highpass
1.1200627580110933e-07,4.3914801316338763e-07,1.5321958237456259e-07,2.786343308978468e-07,1.3404960553549253e-05,0.04858664502532205,9,highpass
1.1200627580110933e-07,4.3914801316338763e-07,1.5321958237456259e-07,2.786343308978468e-07,1.3404960553549253e-05,0.04858664502532205,9,highpass
1.1200627580110933e-07,4.3914801316338763e-07,1.5321958237456259e-07,2.786343308978468e-07,1.3404960553549253e-05,0.04858664502532205,9,highpass
1.1200627580110933e-07,4.3914801316338763e-07,1.5321958237456259e-07,2.786343308978468e-07,1.3404960553549253e-05,0.04858664502532205,9,highpass
1.1200627580110933e-07,4.5295296065055977e-07,1.5321958237456259e-07,2.786343308978468e-07,1.3404960553549253e-05,0.029307731826471478,9,highpass
1.1200627580110933e-07,4.3914801316338763e-07,1.5321958237456259e-07,2.786343308978468e-07,2.3667009216347516e-05,0.03056596497928546,9,highpass
1.1200627580110933e-07,4.3914801316338763e-07,1.5321958237456259e-07,2.75324506545844e-07,1.3404960553549253e-05,0.046998912441698404,9,highpass
1.1200627580110933e-07,4.3914801316338763e-07,1.5321958237456259e-07,2.786343308978468e-07,1.3404960553549253e-05,0.04858664502532205,9,highpass
1.1200627580110933e-07,4.3914801316338763e-07,1.5321958237456259e-07,2.786343308978468e-07,1.3404960553549253e-05,0.04858664502532205,9,highpass
1.1200627580110933e-07,4.3914801316338763e-07,1.5321958237456259e-07,2.786343308978468e-07,1.3404960553549253e-05,0.04858664502532205,9,highpass
1.1200627580110933e-07,4.57585006130039e-07,1.5321958237456259e-07,2.786343308978468e-07,1.3404960553549253e-05,0.02567214970221285,9,highpass
1.1200627580110933e-07,4.3914801316338763e-07,1.5321958237456259e-07,2.786343308978468e-07,1.3404960553549253e-05,0.04858664502532205,9,highpass
1.1200627580110933e-07,4.3914801316338763e-07,1.5321958237456259e-07,2.786343308978468e-07,1.3404960553549253e-05,0.04858664502532205,9,highpass
1.1200627580110933e-07,4.3914801316338763e-07,1.5321958237456259e-07,2.786343308978468e-07,1.3404960553549253e-05,0.04858664502532205,9,highpass
1.1200627580110933e-07,4.3914801316338763e-07,1.5321958237456259e-07,2.786343308978468e-07,1.3404960553549253e-05,0.04858664502532205,9,highpass
1.1167727115128161e-07,4.3914801316338763e-07,1.5321958237456259e-07,2.786649110597487e-07,1.3404960553549253e-05,0.04858664502532205,9,highpass
1.1200627580110933e-07,4.3914801316338763e-07,1.5321958237456259e-07,2.786649110597487e-07,2.5498497111648804e-05,0.02859056286705565,9,highpass
1.1200627580110933e-07,4.3914801316338763e-07,1.5321958237456259e-07,2.786343308978468e-07,1.3404960553549253e-05,0.04858664502532205,9,highpass
1.1200627580110933e-07,4.3914801316338763e-07,1.5321958237456259e-07,2.786343308978468e-07,1.3404960553549253e-05,0.04858664502532205,9,highpass
1.1200627580110933e-07,4.3914801316338763e-07,1.5321958237456259e-07,2.786343308978468e-07,1.3404960553549253e-05,0.04858664502532205,9,highpass
1.1200627580110933e-07,4.3914801316338763e-07,1.5321958237456259e-07,2.786343308978468e-07,1.3404960553549253e-05,0.04858664502532205,9,highpass
1.1200627580110933e-07,4.3914801316338763e-07,1.5321958237456259e-07,2.786343308978468e-07,1.3404960553549253e-05,0.04858664502532205,9,highpass
1.1200627580110933e-07,4.3914801316338763e-07,1.5321958237456259e-07,2.786343308978468e-07,1.3404960553549253e-05,0.04858664502532205,10,highpass
1.1200627580110933e-07,4.3914801316338763e-07,1.5321958237456259e-07,2.786343308978468e-07,1.3404960553549253e-05,0.04858664502532205,10,highpass
1.1200627580110933e-07,4.3914801316338763e-07,1.5321958237456259e-07,2.786343308978468e-07,1.3404960553549253e-05,0.04858664502532205,10,highpass
1.1200627580110933e-07,4.3914801316338763e-07,1.6032527210526204e-07,2.786343308978468e-07,1.3404960553549253e-05,0.04256983991599397,10,highpass
1.1200627580110933e-07,4.3914801316338763e-07,1.5321958237456259e-07,2.786343308978468e-07,1.3404960553549253e-05,0.04858664502532205,10,highpass
1.1200627580110933e-07,3.4039853037384013e-07,1.5321958237456259e-07,2.786343308978468e-07,1.3404960553549253e-05,0.022772318066398095,10,highpass
1.1200627580110933e-07,4.3914801316338763e-07,1.5321958237456259e-07,2.786343308978468e-07,1.3404960553549253e-05,0.04858664502532205,10,highpass
1.1200627580110933e-07,4.3914801316338763e-07,1.5321958237456259e-07,2.786343308978468e-07,3.1751010972262305e-05,0.03017785241298121,10,highpass
1.1200627580110933e-07,4.3914801316338763e-07,1.5321958237456259e-07,2.786343308978468e-07,1.3404960553549253e-05,0.04858664502532205,10,highpass
1.1200627580110933e-07,4.3914801316338763e-07,1.5321958237456259e-07,2.786343308978468e-07,1.3404960553549253e-05,0.04858664502532205,10,highpass
1.1167727115128161e-07,4.3914801316338763e-07,1.5321958237456259e-07,2.786649110597487e-07,1.3404960553549253e-05,0.04858664502532205,10,highpass
1.1200627580110933e-07,4.3914801316338763e-07,1.5321958237456259e-07,2.786343308978468e-07,1.3404960553549253e-05,0.04858664502532205,10,highpass
1.1200627580110933e-07,4.3914801316338763e-07,1.5321958237456259e-07,2.786343308978468e-07,1.3404960553549253e-05,0.04858664502532205,10,highpass
1.1200627580110933e-07,4.3914801316338763e-07,1.5321958237456259e-07,2.786343308978468e-07,1.3404960553549253e-05,0.04858664502532205,10,highpass
1.1200627580110933e-07,4.3914801316338763e-07,1.5321958237456259e-07,2.786343308978468e-07,1.3404960553549253e-05,0.04858664502532205,10,highpass
1.1200627580110933e-07,4.3914801316338763e-07,1.5321958237456259e-07,2.786343308978468e-07,1.3404960553549253e-05,0.04858664502532205,10,highpass
1.1200627580110933e-07,4.3914801316338763e-07,1.5321958237456259e-07,2.786343308978468e-07,1.3404960553549253e-05,0.04858664502532205,10,highpass
1.1200627580110933e-07,4.3914801316338763e-07,1.5321958237456259e-07,2.786649110597487e-07,1.3404960553549253e-05,0.04858664502532205,10,highpass
1.1200627580110933e-07,4.3914801316338763e-07,1.5321958237456259e-07,2.786649110597487e-07,1.3404960553549253e-05,0.04858664502532205,10,highpass
1.1222977555566129e-07,4.3914801316338763e-07,1.5321958237456259e-07,2.786343308978468e-07,1.3404960553549253e-05,0.04858664502532205,10,highpass
1.1200627580110933e-07,4.3914801316338763e-07,1.5321958237456259e-07,2.786343308978468e-07,1.3404960553549253e-05,0.04858664502532205,10,highpass
1.1200627580110933e-07,4.3914801316338763e-07,1.5321958237456259e-07,2.786343308978468e-07,1.3404960553549253e-05,0.04858664502532205,10,highpass
1.1200627580110933e-07,4.3914801316338763e-07,1.5321958237456259e-07,2.786343308978468e-07,1.3404960553549253e-05,0.04858664502532205,10,highpass
1.1200627580110933e-07,4.3914801316338763e-07,1.5321958237456259e-07,2.786343308978468e-07,1.3404960553549253e-05,0.04858664502532205,10,highpass
1.1200627580110933e-07,4.3914801316338763e-07,1.5321958237456259e-07,2.786343308978468e-07,1.3404960553549253e-05,0.04858664502532205,10,highpass
1.1200627580110933e-07,4.3914801316338763e-07,1.5321958237456259e-07,2.786343308978468e-07,1.3404960553549253e-05,0.04858664502532205,10,highpass
1.1200627580110933e-07,4.3914801316338763e-07,1.5321958237456259e-07,2.786343308978468e-07,1.3404960553549253e-05,0.04858664502532205,10,highpass
1.1200627580110933e-07,4.3914801316338763e-07,1.5709482205368686e-07,2.786343308978468e-07,1.3404960553549253e-05,0.024550296850436082,10,highpass
1.1167727115128161e-07,4.3914801316338763e-07,1.5321958237456259e-07,2.786343308978468e-07,1.3404960553549253e-05,0.04858664502532205,10,highpass
1.1200627580110933e-07,4.3914801316338763e-07,1.5321958237456259e-07,2.786343308978468e-07,1.3404960553549253e-05,0.04858664502532205,10,highpass
1.1200627580110933e-07,4.3914801316338763e-07,1.5321958237456259e-07,2.786343308978468e-07,1.3404960553549253e-05,0.04858664502532205,11,highpass
1.1200627580110933e-07,4.3914801316338763e-07,1.5321958237456259e-07,2.786343308978468e-07,1.3404960553549253e-05,0.04858664502532205,11,highpass
1.1167727115128161e-07,4.3914801316338763e-07,1.5321958237456259e-07,2.786343308978468e-07,1.3404960553549253e-05,0.04858664502532205,11,highpass
1.1222977555566129e-07,4.3914801316338763e-07,1.5321958237456259e-07,2.786343308978468e-07,1.3404960553549253e-05,0.04858664502532205,11,highpass
1.1200627580110933e-07,4.3914801316338763e-07,1.5321958237456259e-07,2.786649110597487e-07,1.3404960553549253e-05,0.04858664502532205,11,highpass
1.1200627580110933e-07,4.3914801316338763e-07,1.5321958237456259e-07,2.786343308978468e-07,1.3404960553549253e-05,0.04858664502532205,11,highpass
1.1167727115128161e-07,4.3914801316338763e-07,1.5321958237456259e-07,2.786343308978468e-07,1.3404960553549253e-05,0.04858664502532205,11,highpass
1.1200627580110933e-07,4.3914801316338763e-07,1.5321958237456259e-07,2.786343308978468e-07,1.3404960553549253e-05,0.04858664502532205,11,highpass
1.1167727115128161e-07,4.3914801316338763e-07,1.5321958237456259e-07,1.6153706178243534e-07,1.3404960553549253e-05,0.02148542064962529,11,highpass
1.1200627580110933e-07,4.3914801316338763e-07,1.5321958237456259e-07,2.786343308978468e-07,1.3404960553549253e-05,0.04858664502532205,11,highpass
1.1200627580110933e-07,4.3914801316338763e-07,1.5321958237456259e-07,2.786343308978468e-07,1.3404960553549253e-05,0.04858664502532205,11,highpass
1.1222977555566129e-07,4.3914801316338763e-07,1.5321958237456259e-07,2.786343308978468e-07,1.3404960553549253e-05,0.04858664502532205,11,highpass
1.1200627580110933e-07,4.3914801316338763e-07,1.5321958237456259e-07,2.786343308978468e-07,1.3404960553549253e-05,0.04858664502532205,11,highpass
1.1200627580110933e-07,4.3914801316338763e-07,1.5321958237456259e-07,2.786343308978468e-07,1.3404960553549253e-05,0.04858664502532205,11,highpass
1.1200627580110933e-07,4.3914801316338763e-07,1.5321958237456259e-07,2.786343308978468e-07,1.3404960553549253e-05,0.04858664502532205,11,highpass
1.1200627580110933e-07,4.3914801316338763e-07,1.5321958237456259e-07,2.786343308978468e-07,1.3404960553549253e-05,0.04858664502532205,11,highpass
1.1200627580110933e-07,4.3914801316338763e-07,1.5321958237456259e-07,2.786343308978468e-07,1.3404960553549253e-05,0.04858664502532205,11,highpass
1.1222977555566129e-07,4.3914801316338763e-07,1.5321958237456259e-07,2.786343308978468e-07,1.3404960553549253e-05,0.04858664502532205,11,highpass
1.1200627580110933e-07,4.3914801316338763e-07,1.5321958237456259e-07,2.786343308978468e-07,1.3404960553549253e-05,0.04858664502532205,11,highpass
1.1200627580110933e-07,4.3914801316338763e-07,1.5321958237456259e-07,2.786343308978468e-07,1.3404960553549253e-05,0.04858664502532205,11,highpass
1.1862918075421385e-07,4.3914801316338763e-07,1.5321958237456259e-07,2.786343308978468e-07,1.3404960553549253e-05,0.04275991654697643,11,highpass
1.1200627580110933e-07,4.3914801316338763e-07,1.5321958237456259e-07,2.786649110597487e-07,1.3404960553549253e-05,0.04858664502532205,11,highpass
1.1167727115128161e-07,4.3914801316338763e-07,1.5321958237456259e-07,2.786343308978468e-07,1.3404960553549253e-05,0.04858664502532205,11,highpass
1.1167727115128161e-07,4.3914801316338763e-07,1.5321958237456259e-07,2.786343308978468e-07,1.3404960553549253e-05,0.04858664502532205,11,highpass
1.1200627580110933e-07,4.3914801316338763e-07,1.5321958237456259e-07,2.786649110597487e-07,1.3404960553549253e-05,0.04858664502532205,11,highpass
1.1200627580110933e-07,4.3914801316338763e-07,1.5321958237456259e-07,2.786343308978468e-07,1.3404960553549253e-05,0.04858664502532205,11,highpass
1.1200627580110933e-07,4.3914801316338763e-07,1.5321958237456259e-07,2.786343308978468e-07,1.3404960553549253e-05,0.04858664502532205,11,highpass
1.1200627580110933e-07,4.3914801316338763e-07,1.5321958237456259e-07,2.786343308978468e-07,1.3404960553549253e-05,0.04858664502532205,11,highpass
1.1200627580110933e-07,4.3914801316338763e-07,1.5321958237456259e-07,2.786343308978468e-07,1.3404960553549253e-05,0.04858664502532205,11,highpass
1.1200627580110933e-07,4.3914801316338763e-07,1.5321958237456259e-07,2.786343308978468e-07,1.3404960553549253e-05,0.04858664502532205,11,highpass
1.1200627580110933e-07,4.3914801316338763e-07,1.5321958237456259e-07,2.786343308978468e-07,1.3404960553549253e-05,0.02743473316812589,12,highpass
2.4214228707883156e-07,4.3914801316338763e-07,1.5321958237456259e-07,2.786343308978468e-07,1.3404960553549253e-05,0.01129817812827058,12,highpass
1.1200627580110933e-07,4.3914801316338763e-07,1.5321958237456259e-07,2.786343308978468e-07,1.3404960553549253e-05,0.02743473316812589,12,highpass
1.1200627580110933e-07,4.3914801316338763e-07,1.5321958237456259e-07,2.786343308978468e-07,1.3404960553549253e-05,0.02743473316812589,12,highpass
1.1200627580110933e-07,4.3914801316338763e-07,1.5321958237456259e-07,2.786343308978468e-07,1.3404960553549253e-05,0.02743473316812589,12,highpass
1.1167727115128161e-07,4.3914801316338763e-07,1.5321958237456259e-07,2.786649110597487e-07,1.3404960553549253e-05,0.02743473316812589,12,highpass
1.1167727115128161e-07,4.3914801316338763e-07,1.5321958237456259e-07,2.86059912949089e-07,1.3404960553549253e-05,0.034998710457357,12,highpass
1.1167727115128161e-07,4.3914801316338763e-07,1.5321958237456259e-07,2.786343308978468e-07,1.3404960553549253e-05,0.02743473316812589,12,highpass
1.1200627580110933e-07,4.3914801316338763e-07,1.5321958237456259e-07,1.9236428018803456e-07,1.3404960553549253e-05,0.03943535042930635,12,highpass
1.1222977555566129e-07,4.3914801316338763e-07,1.5321958237456259e-07,2.786343308978468e-07,2.0432774190968593e-05,0.03269553781826248,12,highpass
1.1200627580110933e-07,4.3914801316338763e-07,1.5321958237456259e-07,2.786343308978468e-07,1.3404960553549253e-05,0.02743473316812589,12,highpass
1.1167727115128161e-07,4.3914801316338763e-07,1.5321958237456259e-07,2.786343308978468e-07,1.3404960553549253e-05,0.02743473316812589,12,highpass
1.1200627580110933e-07,4.3914801316338763e-07,1.5321958237456259e-07,2.786343308978468e-07,1.3404960553549253e-05,0.02743473316812589,12,highpass
1.1222977555566129e-07,4.3914801316338763e-07,1.4971845206701882e-07,2.786343308978468e-07,1.3404960553549253e-05,0.037190442054282236,12,highpass
1.1200627580110933e-07,4.3914801316338763e-07,1.5321958237456259e-07,2.712419883385084e-07,1.3404960553549253e-05,0.04842236340079631,12,highpass
1.1200627580110933e-07,4.3914801316338763e-07,1.5321958237456259e-07,2.786343308978468e-07,1.3404960553549253e-05,0.02743473316812589,12,highpass
1.1200627580110933e-07,4.3914801316338763e-07,1.5321958237456259e-07,2.786343308978468e-07,1.3404960553549253e-05,0.02743473316812589,12,highpass
1.1200627580110933e-07,4.3914801316338763e-07,1.5321958237456259e-07,2.786343308978468e-07,1.3404960553549253e-05,0.02743473316812589,12,highpass
1.1200627580110933e-07,4.4091405851659925e-07,1.5321958237456259e-07,2.786343308978468e-07,1.3404960553549253e-05,0.04600231861658029,12,highpass
1.1200627580110933e-07,4.3914801316338763e-07,1.5321958237456259e-07,2.786343308978468e-07,1.3404960553549253e-05,0.02743473316812589,12,highpass
1.1200627580110933e-07,4.3914801316338763e-07,1.5321958237456259e-07,2.786343308978468e-07,1.3404960553549253e-05,0.02743473316812589,12,highpass
1.62048265656132e-07,4.3914801316338763e-07,1.5321958237456259e-07,2.786343308978468e-07,1.3404960553549253e-05,0.01680274519367317,12,highpass
1.1167727115128161e-07,4.3914801316338763e-07,1.5321958237456259e-07,2.786343308978468e-07,1.3404960553549253e-05,0.02743473316812589,12,highpass
1.1200627580110933e-07,4.3914801316338763e-07,1.5321958237456259e-07,2.786649110597487e-07,1.3404960553549253e-05,0.02743473316812589,12,highpass
1.1200627580110933e-07,4.3914801316338763e-07,1.5321958237456259e-07,2.786343308978468e-07,1.3404960553549253e-05,0.02743473316812589,12,highpass
1.1200627580110933e-07,4.3914801316338763e-07,1.5321958237456259e-07,2.786343308978468e-07,1.3404960553549253e-05,0.02743473316812589,12,highpass
1.1200627580110933e-07,4.3914801316338763e-07,1.5321958237456259e-07,2.786343308978468e-07,1.3404960553549253e-05,0.02743473316812589,12,highpass
1.1200627580110933e-07,4.3914801316338763e-07,1.5321958237456259e-07,2.786343308978468e-07,1.3404960553549253e-05,0.02743473316812589,12,highpass
1.1200627580110933e-07,4.3914801316338763e-07,1.5321958237456259e-07,2.786343308978468e-07,1.3404960553549253e-05,0.02743473316812589,12,highpass
1.1167727115128161e-07,4.3914801316338763e-07,1.5321958237456259e-07,2.786343308978468e-07,1.3404960553549253e-05,0.02743473316812589,12,highpass
1.1200627580110933e-07,4.3914801316338763e-07,1.5321958237456259e-07,2.786343308978468e-07,1.3404960553549253e-05,0.04858664502532205,13,highpass
1.1167727115128161e-07,4.4091405851659925e-07,1.5321958237456259e-07,2.786343308978468e-07,1.3404960553549253e-05,0.04600231861658029,13,highpass
1.1200627580110933e-07,4.3914801316338763e-07,1.5321958237456259e-07,2.786343308978468e-07,1.3404960553549253e-05,0.04858664502532205,13,highpass
1.1200627580110933e-07,4.3914801316338763e-07,1.5321958237456259e-07,2.738383978816134e-07,1.3404960553549253e-05,0.047712558960431056,13,highpass
1.1222977555566129e-07,4.3914801316338763e-07,1.5321958237456259e-07,2.786343308978468e-07,1.3404960553549253e-05,0.04858664502532205,13,highpass
1.1200627580110933e-07,4.3914801316338763e-07,1.5321958237456259e-07,2.786343308978468e-07,1.3404960553549253e-05,0.04858664502532205,13,highpass
1.1200627580110933e-07,4.3914801316338763e-07,1.5321958237456259e-07,2.712419883385084e-07,1.3404960553549253e-05,0.04842236340079631,13,highpass
1.1222977555566129e-07,4.3914801316338763e-07,1.5321958237456259e-07,1.9236428018803456e-07,1.3404960553549253e-05,0.03943535042930635,13,highpass
1.1200627580110933e-07,4.4091405851659925e-07,1.5321958237456259e-07,2.786343308978468e-07,1.3404960553549253e-05,0.04600231861658029,13,highpass
1.1222977555566129e-07,4.3914801316338763e-07,1.5321958237456259e-07,2.2251855966913504e-07,1.3404960553549253e-05,0.03700994964790463,13,highpass
1.1200627580110933e-07,4.3914801316338763e-07,1.5321958237456259e-07,1.9236428018803456e-07,1.3404960553549253e-05,0.03943535042930635,13,highpass
1.1200627580110933e-07,4.3914801316338763e-07,1.5321958237456259e-07,2.786343308978468e-07,1.3404960553549253e-05,0.04858664502532205,13,highpass
1.1222977555566129e-07,4.3914801316338763e-07,1.4971845206701882e-07,2.786343308978468e-07,1.3404960553549253e-05,0.037190442054282236,13,highpass
1.1222977555566129e-07,4.3914801316338763e-07,1.5321958237456259e-07,2.712419883385084e-07,1.3404960553549253e-05,0.04842236340079631,13,highpass
1.1200627580110933e-07,4.3914801316338763e-07,1.4971845206701882e-07,2.786343308978468e-07,1.3404960553549253e-05,0.037190442054282236,13,highpass
1.1200627580110933e-07,4.3914801316338763e-07,1.5321958237456259e-07,2.86059912949089e-07,1.3404960553549253e-05,0.03835730033157847,13,highpass
1.0746368369091232e-07,4.3914801316338763e-07,1.5321958237456259e-07,2.712419883385084e-07,1.3404960553549253e-05,0.031455092541571764,13,highpass
1.1200627580110933e-07,4.3914801316338763e-07,1.4971845206701882e-07,2.786343308978468e-07,1.3404960553549253e-05,0.037190442054282236,13,highpass
1.1200627580110933e-07,4.3914801316338763e-07,1.5321958237456259e-07,2.786343308978468e-07,2.0432774190968593e-05,0.03248060349570944,13,highpass
1.1222977555566129e-07,4.3914801316338763e-07,1.4971845206701882e-07,2.786343308978468e-07,1.3404960553549253e-05,0.037190442054282236,13,highpass
1.1200627580110933e-07,4.3914801316338763e-07,1.5321958237456259e-07,2.86059912949089e-07,1.3404960553549253e-05,0.03835730033157847,13,highpass
1.1200627580110933e-07,4.3914801316338763e-07,1.5321958237456259e-07,2.786343308978468e-07,1.3404960553549253e-05,0.04858664502532205,13,highpass
1.1200627580110933e-07,4.4091405851659925e-07,1.5321958237456259e-07,2.86059912949089e-07,1.3404960553549253e-05,0.03515357423365517,13,highpass
1.1200627580110933e-07,4.3914801316338763e-07,1.5321958237456259e-07,2.712419883385084e-07,1.3404960553549253e-05,0.04842236340079631,13,highpass
1.2817806848300535e-07,4.3914801316338763e-07,1.5321958237456259e-07,2.86059912949089e-07,1.3404960553549253e-05,0.031149341789658377,13,highpass
1.1200627580110933e-07,4.4091405851659925e-07,1.5321958237456259e-07,2.786343308978468e-07,1.3404960553549253e-05,0.04600231861658029,13,highpass
1.1200627580110933e-07,4.3914801316338763e-07,1.5321958237456259e-07,2.786343308978468e-07,1.3404960553549253e-05,0.04858664502532205,13,highpass
1.1167727115128161e-07,4.3914801316338763e-07,1.5321958237456259e-07,2.786343308978468e-07,1.3404960553549253e-05,0.04858664502532205,13,highpass
1.1200627580110933e-07,4.3914801316338763e-07,1.5321958237456259e-07,2.786343308978468e-07,1.3404960553549253e-05,0.04858664502532205,13,highpass
1.1200627580110933e-07,4.3914801316338763e-07,1.5321958237456259e-07,1.9236428018803456e-07,1.3404960553549253e-05,0.03943535042930635,13,highpass
1.1200627580110933e-07,4.3914801316338763e-07,1.5321958237456259e-07,2.786343308978468e-07,1.3404960553549253e-05,0.04858664502532205,14,highpass
1.1200627580110933e-07,4.3914801316338763e-07,1.5321958237456259e-07,2.786343308978468e-07,1.3404960553549253e-05,0.04858664502532205,14,highpass
1.1200627580110933e-07,4.3914801316338763e-07,1.5321958237456259e-07,2.786343308978468e-07,1.3404960553549253e-05,0.04858664502532205,14,highpass
1.1200627580110933e-07,4.3914801316338763e-07,1.5321958237456259e-07,1.840090173934469e-07,1.3404960553549253e-05,0.039732515760842094,14,highpass
1.1200627580110933e-07,6.563486132383925e-07,1.5321958237456259e-07,2.786343308978468e-07,1.3404960553549253e-05,-0.12143045433420141,14,highpass
1.1200627580110933e-07,4.3914801316338763e-07,1.5321958237456259e-07,2.786343308978468e-07,1.3404960553549253e-05,0.04858664502532205,14,highpass
1.1200627580110933e-07,4.3914801316338763e-07,1.5321958237456259e-07,2.786343308978468e-07,4.58206711721123e-05,0.016478740491503663,14,highpass
1.1200627580110933e-07,4.4091405851659925e-07,1.5321958237456259e-07,2.786343308978468e-07,1.3404960553549253e-05,0.04600231861658029,14,highpass
1.1200627580110933e-07,4.3914801316338763e-07,1.5321958237456259e-07,2.786343308978468e-07,9.815642759416352e-06,0.040872770418391435,14,highpass
1.1167727115128161e-07,4.3914801316338763e-07,1.5321958237456259e-07,2.786343308978468e-07,1.3404960553549253e-05,0.04858664502532205,14,highpass
1.1200627580110933e-07,4.3914801316338763e-07,1.5321958237456259e-07,2.786343308978468e-07,1.3404960553549253e-05,0.04858664502532205,14,highpass
1.1200627580110933e-07,4.3914801316338763e-07,1.5321958237456259e-07,2.786343308978468e-07,1.3404960553549253e-05,0.04858664502532205,14,highpass
1.1222977555566129e-07,4.3914801316338763e-07,1.5321958237456259e-07,2.786343308978468e-07,1.3404960553549253e-05,0.04858664502532205,14,highpass
1.1200627580110933e-07,4.3914801316338763e-07,1.5321958237456259e-07,2.786343308978468e-07,1.3404960553549253e-05,0.04858664502532205,14,highpass
1.1200627580110933e-07,4.4091405851659925e-07,1.5321958237456259e-07,2.786343308978468e-07,1.4977081420508584e-05,0.02409912960036087,14,highpass
1.1167727115128161e-07,4.4091405851659925e-07,1.5321958237456259e-07,2.786343308978468e-07,1.3404960553549253e-05,0.04600231861658029,14,highpass
1.1200627580110933e-07,4.3914801316338763e-07,1.5321958237456259e-07,2.738383978816134e-07,1.3404960553549253e-05,0.047712558960431056,14,highpass
1.1200627580110933e-07,4.3914801316338763e-07,1.5321958237456259e-07,2.786343308978468e-07,1.3404960553549253e-05,0.04858664502532205,14,highpass
1.1200627580110933e-07,4.4091405851659925e-07,1.5321958237456259e-07,2.786343308978468e-07,1.3404960553549253e-05,0.04600231861658029,14,highpass
1.1167727115128161e-07,4.3914801316338763e-07,1.5321958237456259e-07,2.712419883385084e-07,1.3404960553549253e-05,0.02727489362009411,14,highpass
1.1200627580110933e-07,4.3914801316338763e-07,1.5321958237456259e-07,2.786343308978468e-07,1.3404960553549253e-05,0.04858664502532205,14,highpass
1.1200627580110933e-07,4.3914801316338763e-07,1.5321958237456259e-07,2.786343308978468e-07,1.3404960553549253e-05,0.04858664502532205,14,highpass
1.1200627580110933e-07,4.5832350390430613e-07,1.5321958237456259e-07,2.786343308978468e-07,1.3404960553549253e-05,0.03914118586289335,14,highpass
1.1200627580110933e-07,4.3914801316338763e-07,1.5321958237456259e-07,2.786343308978468e-07,1.3404960553549253e-05,0.04858664502532205,14,highpass
1.1167727115128161e-07,4.3914801316338763e-07,1.5321958237456259e-07,2.786343308978468e-07,1.3404960553549253e-05,0.04858664502532205,14,highpass
1.1200627580110933e-07,4.3914801316338763e-07,1.5321958237456259e-07,2.786343308978468e-07,1.3404960553549253e-05,0.04858664502532205,14,highpass
1.1200627580110933e-07,4.3914801316338763e-07,1.5321958237456259e-07,2.786343308978468e-07,1.3404960553549253e-05,0.04858664502532205,14,highpass
1.1200627580110933e-07,4.3914801316338763e-07,1.5321958237456259e-07,2.786343308978468e-07,1.3404960553549253e-05,0.04858664502532205,14,highpass
1.1200627580110933e-07,4.3914801316338763e-07,1.5321958237456259e-07,2.786343308978468e-07,1.3404960553549253e-05,0.04858664502532205,14,highpass
1.1200627580110933e-07,4.3914801316338763e-07,1.5321958237456259e-07,2.786343308978468e-07,1.3404960553549253e-05,0.04858664502532205,14,highpass
1.1200627580110933e-07,4.3914801316338763e-07,1.5321958237456259e-07,2.786343308978468e-07,1.3404960553549253e-05,0.04858664502532205,15,highpass
1.1200627580110933e-07,4.3914801316338763e-07,1.5321958237456259e-07,2.786343308978468e-07,1.3404960553549253e-05,0.04858664502532205,15,highpass
1.1200627580110933e-07,4.3914801316338763e-07,1.5321958237456259e-07,2.786343308978468e-07,1.3404960553549253e-05,0.04858664502532205,15,highpass
1.1167727115128161e-07,4.3914801316338763e-07,1.5321958237456259e-07,2.786343308978468e-07,1.3404960553549253e-05,0.04858664502532205,15,highpass
1.1200627580110933e-07,4.3914801316338763e-07,1.5321958237456259e-07,2.786343308978468e-07,1.3404960553549253e-05,0.04858664502532205,15,highpass
1.1200627580110933e-07,4.3914801316338763e-07,1.5321958237456259e-07,2.827206163261371e-07,1.3404960553549253e-05,0.04345913082902621,15,highpass
1.1200627580110933e-07,4.3914801316338763e-07,1.5321958237456259e-07,2.786343308978468e-07,1.3404960553549253e-05,0.04858664502532205,15,highpass
1.1200627580110933e-07,4.3914801316338763e-07,1.5321958237456259e-07,2.786343308978468e-07,1.3404960553549253e-05,0.04858664502532205,15,highpass
1.1200627580110933e-07,4.3914801316338763e-07,1.5321958237456259e-07,2.786343308978468e-07,1.3404960553549253e-05,0.04858664502532205,15,highpass
1.1200627580110933e-07,4.3914801316338763e-07,1.5321958237456259e-07,2.786343308978468e-07,1.3404960553549253e-05,0.04858664502532205,15,highpass
1.1200627580110933e-07,4.3914801316338763e-07,1.5321958237456259e-07,2.786343308978468e-07,1.3404960553549253e-05,0.04858664502532205,15,highpass
1.1200627580110933e-07,4.3914801316338763e-07,1.5321958237456259e-07,2.786343308978468e-07,1.3404960553549253e-05,0.04858664502532205,15,highpass
1.1200627580110933e-07,4.3914801316338763e-07,1.5321958237456259e-07,2.792886157698896e-07,1.3404960553549253e-05,0.04858664502532205,15,highpass
1.1200627580110933e-07,4.3914801316338763e-07,1.5321958237456259e-07,2.786343308978468e-07,1.3404960553549253e-05,0.04858664502532205,15,highpass
1.1200627580110933e-07,4.3914801316338763e-07,1.5321958237456259e-07,2.857001729341474e-07,1.3404960553549253e-05,0.03889074492349648,15,highpass
1.1200627580110933e-07,4.3914801316338763e-07,1.5321958237456259e-07,2.786343308978468e-07,1.3404960553549253e-05,0.04858664502532205,15,highpass
1.1200627580110933e-07,4.3914801316338763e-07,1.5321958237456259e-07,2.786343308978468e-07,1.3404960553549253e-05,0.04858664502532205,15,highpass
1.1200627580110933e-07,4.3914801316338763e-07,1.5321958237456259e-07,2.786343308978468e-07,1.4429454370386851e-05,0.025050121205381415,15,highpass
1.1200627580110933e-07,4.3914801316338763e-07,1.5321958237456259e-07,2.786343308978468e-07,1.3404960553549253e-05,0.04858664502532205,15,highpass
1.1200627580110933e-07,4.3914801316338763e-07,1.5321958237456259e-07,2.786343308978468e-07,1.3404960553549253e-05,0.04858664502532205,15,highpass
1.1200627580110933e-07,4.3914801316338763e-07,1.5321958237456259e-07,2.786343308978468e-07,1.3404960553549253e-05,0.04858664502532205,15,highpass
1.1200627580110933e-07,4.3914801316338763e-07,1.5321958237456259e-07,2.786343308978468e-07,1.3404960553549253e-05,0.04858664502532205,15,highpass
1.1200627580110933e-07,4.3914801316338763e-07,1.5321958237456259e-07,2.786343308978468e-07,1.3404960553549253e-05,0.04858664502532205,15,highpass
1.1200627580110933e-07,4.3914801316338763e-07,1.5321958237456259e-07,2.786343308978468e-07,1.3404960553549253e-05,0.04858664502532205,15,highpass
1.1200627580110933e-07,4.3914801316338763e-07,1.538337087162983e-07,2.786343308978468e-07,1.3404960553549253e-05,0.04264920206744416,15,highpass
1.1200627580110933e-07,4.3914801316338763e-07,1.6802125746101743e-07,2.738383978816134e-07,1.3404960553549253e-05,0.04537454531424043,15,highpass
1.1200627580110933e-07,4.3914801316338763e-07,1.5321958237456259e-07,2.786343308978468e-07,1.3404960553549253e-05,0.04858664502532205,15,highpass
1.1200627580110933e-07,4.3914801316338763e-07,1.5321958237456259e-07,2.786343308978468e-07,1.3404960553549253e-05,0.04858664502532205,15,highpass
1.1200627580110933e-07,4.3914801316338763e-07,1.5321958237456259e-07,2.786343308978468e-07,1.3404960553549253e-05,0.04858664502532205,15,highpass
1.1200627580110933e-07,4.3914801316338763e-07,1.5321958237456259e-07,2.786343308978468e-07,1.3404960553549253e-05,0.04858664502532205,15,highpass
1.1200627580110933e-07,4.3914801316338763e-07,1.5321958237456259e-07,2.786343308978468e-07,1.3404960553549253e-05,0.04858664502532205,16,highpass
1.1200627580110933e-07,4.3914801316338763e-07,1.5321958237456259e-07,2.786343308978468e-07,1.3404960553549253e-05,0.04858664502532205,16,highpass
1.1200627580110933e-07,4.3914801316338763e-07,1.5321958237456259e-07,2.786343308978468e-07,1.3404960553549253e-05,0.04858664502532205,16,highpass
1.1200627580110933e-07,4.3914801316338763e-07,1.5321958237456259e-07,2.786343308978468e-07,1.3404960553549253e-05,0.04858664502532205,16,highpass
1.1200627580110933e-07,4.3914801316338763e-07,1.5321958237456259e-07,2.786343308978468e-07,1.3404960553549253e-05,0.04858664502532205,16,highpass
1.1200627580110933e-07,4.3914801316338763e-07,1.5321958237456259e-07,2.786343308978468e-07,1.3404960553549253e-05,0.04858664502532205,16,highpass
1.1200627580110933e-07,4.3914801316338763e-07,1.5321958237456259e-07,2.786343308978468e-07,1.3404960553549253e-05,0.04858664502532205,16,highpass
1.1200627580110933e-07,4.3914801316338763e-07,1.5321958237456259e-07,2.792886157698896e-07,1.3404960553549253e-05,0.04858664502532205,16,highpass
1.1200627580110933e-07,4.3914801316338763e-07,1.5321958237456259e-07,2.786343308978468e-07,1.3404960553549253e-05,0.04858664502532205,16,highpass
1.1200627580110933e-07,4.3914801316338763e-07,1.5321958237456259e-07,2.786343308978468e-07,1.3404960553549253e-05,0.04858664502532205,16,highpass
1.1200627580110933e-07,4.3914801316338763e-07,1.5321958237456259e-07,2.786343308978468e-07,1.3404960553549253e-05,0.04858664502532205,16,highpass
1.1200627580110933e-07,4.3914801316338763e-07,1.5321958237456259e-07,2.786343308978468e-07,1.3404960553549253e-05,0.04858664502532205,16,highpass
1.1200627580110933e-07,4.3914801316338763e-07,1.5321958237456259e-07,2.786343308978468e-07,1.3404960553549253e-05,0.04858664502532205,16,highpass
1.1200627580110933e-07,4.3914801316338763e-07,1.5321958237456259e-07,2.786343308978468e-07,1.3404960553549253e-05,0.04858664502532205,16,highpass
1.1200627580110933e-07,4.3914801316338763e-07,1.5321958237456259e-07,2.786343308978468e-07,1.3404960553549253e-05,0.04858664502532205,16,highpass
1.1167727115128161e-07,4.3914801316338763e-07,1.5321958237456259e-07,2.786343308978468e-07,1.3404960553549253e-05,0.04858664502532205,16,highpass
1.1200627580110933e-07,4.3914801316338763e-07,1.494579832244929e-07,2.786343308978468e-07,1.3404960553549253e-05,0.03992996099761946,16,highpass
1.1200627580110933e-07,4.3914801316338763e-07,1.5321958237456259e-07,2.786343308978468e-07,1.3404960553549253e-05,0.04858664502532205,16,highpass
1.1200627580110933e-07,4.3914801316338763e-07,1.5321958237456259e-07,2.786343308978468e-07,1.3404960553549253e-05,0.04858664502532205,16,highpass
1.1200627580110933e-07,4.3914801316338763e-07,1.5321958237456259e-07,2.786343308978468e-07,1.3404960553549253e-05,0.04858664502532205,16,highpass
1.1200627580110933e-07,4.3914801316338763e-07,1.5321958237456259e-07,2.786343308978468e-07,1.3404960553549253e-05,0.04858664502532205,16,highpass
1.1200627580110933e-07,4.3914801316338763e-07,1.5321958237456259e-07,2.786343308978468e-07,1.3404960553549253e-05,0.04858664502532205,16,highpass
1.1200627580110933e-07,4.3914801316338763e-07,1.5321958237456259e-07,2.786343308978468e-07,1.3404960553549253e-05,0.04858664502532205,16,highpass
1.1200627580110933e-07,4.3914801316338763e-07,1.5321958237456259e-07,2.786343308978468e-07,1.3404960553549253e-05,0.04858664502532205,16,highpass
1.1200627580110933e-07,4.3914801316338763e-07,1.5321958237456259e-07,2.786343308978468e-07,1.3404960553549253e-05,0.04858664502532205,16,highpass
1.1200627580110933e-07,4.3914801316338763e-07,1.5321958237456259e-07,2.786343308978468e-07,1.3404960553549253e-05,0.04858664502532205,16,highpass
1.1200627580110933e-07,4.3914801316338763e-07,1.5321958237456259e-07,2.786343308978468e-07,1.3404960553549253e-05,0.04858664502532205,16,highpass
1.1200627580110933e-07,4.3914801316338763e-07,1.5321958237456259e-07,2.786343308978468e-07,1.3404960553549253e-05,0.04858664502532205,16,highpass
1.1200627580110933e-07,4.3914801316338763e-07,1.6011174791924243e-07,2.792886157698896e-07,1.3404960553549253e-05,0.026344110476011706,16,highpass
1.1200627580110933e-07,4.3914801316338763e-07,1.5321958237456259e-07,2.786343308978468e-07,1.3404960553549253e-05,0.04858664502532205,16,highpass
1.1200627580110933e-07,4.3914801316338763e-07,1.5321958237456259e-07,2.786343308978468e-07,1.3404960553549253e-05,0.04858664502532205,17,highpass
1.1200627580110933e-07,4.3914801316338763e-07,1.5321958237456259e-07,2.786343308978468e-07,1.3404960553549253e-05,0.04858664502532205,17,highpass
1.1200627580110933e-07,4.3914801316338763e-07,1.5321958237456259e-07,2.786343308978468e-07,1.3404960553549253e-05,0.04858664502532205,17,highpass
1.1200627580110933e-07,4.3914801316338763e-07,1.5321958237456259e-07,2.786343308978468e-07,1.3404960553549253e-05,0.04858664502532205,17,highpass
1.1200627580110933e-07,4.3914801316338763e-07,1.5321958237456259e-07,2.786343308978468e-07,1.3404960553549253e-05,0.04858664502532205,17,highpass
1.1200627580110933e-07,4.3914801316338763e-07,1.5321958237456259e-07,2.786343308978468e-07,1.3404960553549253e-05,0.04858664502532205,17,highpass
1.1200627580110933e-07,4.3914801316338763e-07,1.5321958237456259e-07,2.786343308978468e-07,1.3404960553549253e-05,0.04858664502532205,17,highpass
1.1200627580110933e-07,4.3914801316338763e-07,1.5321958237456259e-07,2.786343308978468e-07,1.3404960553549253e-05,0.04858664502532205,17,highpass
1.1200627580110933e-07,4.3914801316338763e-07,1.5321958237456259e-07,2.786343308978468e-07,1.3404960553549253e-05,0.04858664502532205,17,highpass
1.1200627580110933e-07,4.3914801316338763e-07,1.5321958237456259e-07,2.786343308978468e-07,1.3404960553549253e-05,0.04858664502532205,17,highpass
1.1200627580110933e-07,4.3914801316338763e-07,1.5321958237456259e-07,2.786343308978468e-07,1.3404960553549253e-05,0.04858664502532205,17,highpass
1.1200627580110933e-07,4.3914801316338763e-07,1.5321958237456259e-07,2.786343308978468e-07,1.3404960553549253e-05,0.04858664502532205,17,highpass
1.1200627580110933e-07,4.3914801316338763e-07,1.5321958237456259e-07,2.786343308978468e-07,1.3404960553549253e-05,0.04858664502532205,17,highpass
1.1200627580110933e-07,4.3914801316338763e-07,1.5321958237456259e-07,2.786343308978468e-07,1.3404960553549253e-05,0.04858664502532205,17,highpass
1.1200627580110933e-07,4.3914801316338763e-07,1.5321958237456259e-07,2.786343308978468e-07,1.3404960553549253e-05,0.04858664502532205,17,highpass
1.1200627580110933e-07,4.3914801316338763e-07,1.5321958237456259e-07,2.786343308978468e-07,1.3404960553549253e-05,0.04858664502532205,17,highpass
1.1200627580110933e-07,4.3914801316338763e-07,1.5321958237456259e-07,2.786343308978468e-07,1.3404960553549253e-05,0.04858664502532205,17,highpass
1.1200627580110933e-07,4.3914801316338763e-07,1.5321958237456259e-07,2.786343308978468e-07,1.3404960553549253e-05,0.04858664502532205,17,highpass
1.1200627580110933e-07,4.3914801316338763e-07,1.5321958237456259e-07,2.786343308978468e-07,2.6107431633888837e-05,0.02877821043015172,17,highpass
1.1200627580110933e-07,4.3914801316338763e-07,1.5321958237456259e-07,2.786343308978468e-07,1.3404960553549253e-05,0.04858664502532205,17,highpass
1.1200627580110933e-07,4.3914801316338763e-07,1.5321958237456259e-07,2.786343308978468e-07,1.3404960553549253e-05,0.04858664502532205,17,highpass
1.1200627580110933e-07,4.3914801316338763e-07,1.5321958237456259e-07,2.786343308978468e-07,1.3404960553549253e-05,0.04858664502532205,17,highpass
1.1200627580110933e-07,4.3914801316338763e-07,1.5321958237456259e-07,2.786343308978468e-07,1.3404960553549253e-05,0.04858664502532205,17,highpass
1.1200627580110933e-07,4.3914801316338763e-07,1.5321958237456259e-07,2.786343308978468e-07,1.3404960553549253e-05,0.04858664502532205,17,highpass
1.1200627580110933e-07,4.3914801316338763e-07,1.54191778835665e-07,2.786343308978468e-07,1.3404960553549253e-05,0.0389356905839337,17,highpass
1.1200627580110933e-07,4.3914801316338763e-07,1.5321958237456259e-07,2.786343308978468e-07,1.3404960553549253e-05,0.04858664502532205,17,highpass
1.1200627580110933e-07,4.3914801316338763e-07,1.519479695682234e-07,2.786343308978468e-07,1.3404960553549253e-05,0.023651654982175432,17,highpass
1.1200627580110933e-07,4.3914801316338763e-07,1.5321958237456259e-07,2.786343308978468e-07,1.2680316332079513e-05,0.04691697734078698,17,highpass
1.1200627580110933e-07,4.3914801316338763e-07,1.5321958237456259e-07,2.786343308978468e-07,1.3404960553549253e-05,0.04858664502532205,17,highpass
1.1200627580110933e-07,4.3914801316338763e-07,1.5321958237456259e-07,2.786343308978468e-07,1.3404960553549253e-05,0.04858664502532205,17,highpass
1.1200627580110933e-07,4.3914801316338763e-07,1.5321958237456259e-07,2.786343308978468e-07,1.3404960553549253e-05,0.04858664502532205,18,highpass
1.1200627580110933e-07,4.3914801316338763e-07,1.5321958237456259e-07,2.786343308978468e-07,1.3404960553549253e-05,0.04858664502532205,18,highpass
1.1200627580110933e-07,4.3914801316338763e-07,1.5321958237456259e-07,2.786343308978468e-07,1.3404960553549253e-05,0.04858664502532205,18,highpass
1.1200627580110933e-07,4.3914801316338763e-07,1.5321958237456259e-07,2.786343308978468e-07,1.3404960553549253e-05,0.04858664502532205,18,highpass
1.1200627580110933e-07,4.3914801316338763e-07,1.5321958237456259e-07,2.786343308978468e-07,1.3404960553549253e-05,0.04858664502532205,18,highpass
1.1200627580110933e-07,4.3914801316338763e-07,1.5321958237456259e-07,2.786343308978468e-07,1.3404960553549253e-05,0.04858664502532205,18,highpass
1.1200627580110933e-07,4.3914801316338763e-07,1.5321958237456259e-07,2.786343308978468e-07,1.3404960553549253e-05,0.04858664502532205,18,highpass
1.1200627580110933e-07,4.3914801316338763e-07,1.5321958237456259e-07,2.786343308978468e-07,1.3404960553549253e-05,0.04858664502532205,18,highpass
1.1200627580110933e-07,4.3914801316338763e-07,1.5321958237456259e-07,2.786343308978468e-07,1.3404960553549253e-05,0.04858664502532205,18,highpass
1.1200627580110933e-07,6.174274315764357e-07,1.5321958237456259e-07,2.786343308978468e-07,1.3404960553549253e-05,-0.08924940774304968,18,highpass
1.1200627580110933e-07,4.3914801316338763e-07,1.5321958237456259e-07,2.786343308978468e-07,1.3404960553549253e-05,0.04858664502532205,18,highpass
1.1200627580110933e-07,4.3914801316338763e-07,1.5321958237456259e-07,2.786343308978468e-07,1.3404960553549253e-05,0.04858664502532205,18,highpass
1.1200627580110933e-07,4.3914801316338763e-07,1.5321958237456259e-07,2.7788951537832684e-07,1.3404960553549253e-05,0.04916619775249308,18,highpass
1.1200627580110933e-07,4.3914801316338763e-07,1.5321958237456259e-07,2.786343308978468e-07,1.3404960553549253e-05,0.04858664502532205,18,highpass
1.1200627580110933e-07,4.3914801316338763e-07,1.5321958237456259e-07,2.786343308978468e-07,1.3404960553549253e-05,0.04858664502532205,18,highpass
1.1200627580110933e-07,4.3914801316338763e-07,1.5321958237456259e-07,2.786343308978468e-07,1.3404960553549253e-05,0.04858664502532205,18,highpass
1.1200627580110933e-07,4.3914801316338763e-07,1.5321958237456259e-07,2.741791284714076e-07,1.3404960553549253e-05,0.047565904040409945,18,highpass
1.1200627580110933e-07,4.3914801316338763e-07,1.5321958237456259e-07,2.786343308978468e-07,1.3404960553549253e-05,0.04858664502532205,18,highpass
1.1200627580110933e-07,4.3914801316338763e-07,1.5321958237456259e-07,2.786343308978468e-07,1.3404960553549253e-05,0.04858664502532205,18,highpass
1.1200627580110933e-07,4.3914801316338763e-07,1.5321958237456259e-07,2.786343308978468e-07,1.3404960553549253e-05,0.04858664502532205,18,highpass
1.1200627580110933e-07,4.3914801316338763e-07,1.5321958237456259e-07,2.786343308978468e-07,1.3404960553549253e-05,0.04858664502532205,18,highpass
1.1200627580110933e-07,4.3914801316338763e-07,1.5321958237456259e-07,2.786343308978468e-07,1.3404960553549253e-05,0.04858664502532205,18,highpass
1.1200627580110933e-07,4.3914801316338763e-07,1.5321958237456259e-07,2.786343308978468e-07,1.3404960553549253e-05,0.04858664502532205,18,highpass
1.1200627580110933e-07,4.3914801316338763e-07,1.5321958237456259e-07,2.786343308978468e-07,1.3404960553549253e-05,0.04858664502532205,18,highpass
1.1200627580110933e-07,4.3914801316338763e-07,1.5321958237456259e-07,2.786343308978468e-07,1.3404960553549253e-05,0.04858664502532205,18,highpass
1.1200627580110933e-07,4.3914801316338763e-07,1.5321958237456259e-07,2.786343308978468e-07,1.3404960553549253e-05,0.04858664502532205,18,highpass
1.1200627580110933e-07,4.3914801316338763e-07,1.5321958237456259e-07,2.786343308978468e-07,1.3404960553549253e-05,0.04858664502532205,18,highpass
1.1200627580110933e-07,4.3914801316338763e-07,1.5321958237456259e-07,2.786343308978468e-07,1.3404960553549253e-05,0.04858664502532205,18,highpass
1.1200627580110933e-07,4.3914801316338763e-07,1.5321958237456259e-07,2.786343308978468e-07,1.3404960553549253e-05,0.04858664502532205,18,highpass
1.1200627580110933e-07,4.3914801316338763e-07,1.5321958237456259e-07,2.786343308978468e-07,1.3404960553549253e-05,0.04858664502532205,18,highpass
1.1200627580110933e-07,4.3914801316338763e-07,1.5321958237456259e-07,2.7788951537832684e-07,1.3404960553549253e-05,0.04916619775249308,19,highpass
1.1200627580110933e-07,4.3914801316338763e-07,1.5321958237456259e-07,2.786343308978468e-07,1.3404960553549253e-05,0.04858664502532205,19,highpass
1.1200627580110933e-07,4.3914801316338763e-07,1.5321958237456259e-07,2.786343308978468e-07,1.2770127939544026e-05,0.0469168693467194,19,highpass
1.1200627580110933e-07,4.3914801316338763e-07,1.5321958237456259e-07,2.786343308978468e-07,1.3404960553549253e-05,0.04858664502532205,19,highpass
1.1200627580110933e-07,4.3914801316338763e-07,1.5321958237456259e-07,2.786343308978468e-07,1.3404960553549253e-05,0.04858664502532205,19,highpass
1.1200627580110933e-07,4.3914801316338763e-07,1.5321958237456259e-07,2.786343308978468e-07,1.3404960553549253e-05,0.04858664502532205,19,highpass
1.1200627580110933e-07,4.3914801316338763e-07,1.5321958237456259e-07,2.786343308978468e-07,1.3404960553549253e-05,0.04858664502532205,19,highpass
1.1200627580110933e-07,4.3914801316338763e-07,1.5321958237456259e-07,2.7788951537832684e-07,1.3404960553549253e-05,0.04916619775249308,19,highpass
1.1200627580110933e-07,4.3914801316338763e-07,1.5321958237456259e-07,2.7782585600710946e-07,1.3404960553549253e-05,0.04916619775249308,19,highpass
1.1200627580110933e-07,4.3914801316338763e-07,1.5321958237456259e-07,2.786343308978468e-07,1.5530383188155796e-05,0.028313314178710802,19,highpass
1.1200627580110933e-07,4.3914801316338763e-07,1.5321958237456259e-07,2.7448697104788176e-07,1.3404960553549253e-05,0.0474265795875813,19,highpass
1.1200627580110933e-07,4.3914801316338763e-07,1.9844617426087384e-07,2.786343308978468e-07,1.3404960553549253e-05,0.005408536855965068,19,highpass
1.1200627580110933e-07,4.3914801316338763e-07,1.5321958237456259e-07,2.786343308978468e-07,1.3404960553549253e-05,0.04858664502532205,19,highpass
1.1200627580110933e-07,4.3914801316338763e-07,1.5321958237456259e-07,2.7788951537832684e-07,1.3404960553549253e-05,0.04916619775249308,19,highpass
1.1200627580110933e-07,4.3914801316338763e-07,1.5321958237456259e-07,2.786343308978468e-07,1.3404960553549253e-05,0.04858664502532205,19,highpass
1.1200627580110933e-07,4.2892691195378073e-07,1.5321958237456259e-07,2.786343308978468e-07,1.3404960553549253e-05,0.025785138205604602,19,highpass
1.1200627580110933e-07,4.3914801316338763e-07,1.563746231632485e-07,2.786343308978468e-07,1.3404960553549253e-05,0.01496137691191085,19,highpass
1.1200627580110933e-07,4.3914801316338763e-07,1.5321958237456259e-07,2.786343308978468e-07,1.3404960553549253e-05,0.04858664502532205,19,highpass
1.1200627580110933e-07,4.3914801316338763e-07,1.5321958237456259e-07,2.786343308978468e-07,1.3404960553549253e-05,0.04858664502532205,19,highpass
1.1200627580110933e-07,4.3914801316338763e-07,1.5321958237456259e-07,2.786343308978468e-07,1.3404960553549253e-05,0.04858664502532205,19,highpass
1.1200627580110933e-07,4.3914801316338763e-07,1.5321958237456259e-07,2.786343308978468e-07,1.3404960553549253e-05,0.04858664502532205,19,highpass
1.1200627580110933e-07,4.3914801316338763e-07,1.5321958237456259e-07,2.7788951537832684e-07,1.3404960553549253e-05,0.04916619775249308,19,highpass
1.1619360218190174e-07,4.3914801316338763e-07,1.5321958237456259e-07,2.786343308978468e-07,1.3404960553549253e-05,0.02760530965554875,19,highpass
1.1200627580110933e-07,4.3914801316338763e-07,1.5321958237456259e-07,2.786343308978468e-07,1.3404960553549253e-05,0.04858664502532205,19,highpass
1.1200627580110933e-07,4.3914801316338763e-07,1.5321958237456259e-07,2.786343308978468e-07,1.3404960553549253e-05,0.04858664502532205,19,highpass
1.1200627580110933e-07,4.3914801316338763e-07,1.5321958237456259e-07,2.786343308978468e-07,1.3404960553549253e-05,0.04858664502532205,19,highpass
1.1200627580110933e-07,4.3914801316338763e-07,1.5321958237456259e-07,2.786343308978468e-07,1.3404960553549253e-05,0.04858664502532205,19,highpass
1.1200627580110933e-07,4.3914801316338763e-07,1.5321958237456259e-07,2.786343308978468e-07,1.3404960553549253e-05,0.04858664502532205,19,highpass
1.1200627580110933e-07,4.3914801316338763e-07,1.5321958237456259e-07,2.786343308978468e-07,4.504951486798962e-05,0.03176337680030923,19,highpass
1.1200627580110933e-07,4.3914801316338763e-07,1.5321958237456259e-07,2.7788951537832684e-07,1.3404960553549253e-05,0.04916619775249308,19,highpass
1.1200627580110933e-07,4.3914801316338763e-07,1.5321958237456259e-07,2.7788951537832684e-07,1.3404960553549253e-05,0.04916619775249308,20,highpass
1.1200627580110933e-07,4.3914801316338763e-07,1.5321958237456259e-07,2.8523718391433763e-07,1.3404960553549253e-05,0.03957166945449275,20,highpass
1.1200627580110933e-07,4.3914801316338763e-07,1.5321958237456259e-07,2.7788951537832684e-07,1.3404960553549253e-05,0.04916619775249308,20,highpass
1.1200627580110933e-07,4.3914801316338763e-07,1.5321958237456259e-07,2.7788951537832684e-07,1.3404960553549253e-05,0.04916619775249308,20,highpass
1.1200627580110933e-07,4.3914801316338763e-07,1.5321958237456259e-07,2.7788951537832684e-07,1.3404960553549253e-05,0.04916619775249308,20,highpass
1.1200627580110933e-07,4.3914801316338763e-07,1.5321958237456259e-07,2.7788951537832684e-07,1.3404960553549253e-05,0.04916619775249308,20,highpass
1.1200627580110933e-07,4.3914801316338763e-07,1.5321958237456259e-07,2.7788951537832684e-07,1.3404960553549253e-05,0.04916619775249308,20,highpass
1.1200627580110933e-07,4.3914801316338763e-07,1.5321958237456259e-07,2.7788951537832684e-07,1.3404960553549253e-05,0.04916619775249308,20,highpass
1.1200627580110933e-07,6.350181347203801e-07,1.5321958237456259e-07,2.7788951537832684e-07,1.3404960553549253e-05,-0.08765415547856828,20,highpass
1.1200627580110933e-07,6.996408920134234e-07,1.5321958237456259e-07,2.786343308978468e-07,1.3404960553549253e-05,-0.15017307108241268,20,highpass
1.1200627580110933e-07,4.3914801316338763e-07,1.5321958237456259e-07,2.7782585600710946e-07,2.00787468567613e-05,0.022984418862237677,20,highpass
1.1200627580110933e-07,4.3914801316338763e-07,1.5321958237456259e-07,2.7788951537832684e-07,1.3404960553549253e-05,0.04916619775249308,20,highpass
1.1200627580110933e-07,4.3914801316338763e-07,1.5321958237456259e-07,2.7788951537832684e-07,1.3404960553549253e-05,0.04916619775249308,20,highpass
1.1200627580110933e-07,4.3914801316338763e-07,1.5321958237456259e-07,2.786343308978468e-07,1.3404960553549253e-05,0.04858664502532205,20,highpass
1.1200627580110933e-07,4.3914801316338763e-07,1.5321958237456259e-07,2.7788951537832684e-07,1.3404960553549253e-05,0.04916619775249308,20,highpass
1.1200627580110933e-07,4.3914801316338763e-07,1.5321958237456259e-07,2.7788951537832684e-07,1.3404960553549253e-05,0.04916619775249308,20,highpass
1.1200627580110933e-07,4.3914801316338763e-07,1.5321958237456259e-07,2.786343308978468e-07,1.3404960553549253e-05,0.04858664502532205,20,highpass
1.1200627580110933e-07,4.3914801316338763e-07,1.5321958237456259e-07,2.7788951537832684e-07,1.3404960553549253e-05,0.04916619775249308,20,highpass
1.1200627580110933e-07,4.3914801316338763e-07,1.5321958237456259e-07,2.786343308978468e-07,1.3404960553549253e-05,0.04858664502532205,20,highpass
1.1200627580110933e-07,5.409456331257087e-07,1.5321958237456259e-07,2.7788951537832684e-07,1.3404960553549253e-05,-0.029609131017068413,20,highpass
1.1200627580110933e-07,4.3914801316338763e-07,1.5321958237456259e-07,2.786343308978468e-07,1.3404960553549253e-05,0.04858664502532205,20,highpass
1.1200627580110933e-07,4.3914801316338763e-07,1.5588897633255707e-07,2.786343308978468e-07,1.3404960553549253e-05,0.013998296080257988,20,highpass
1.1200627580110933e-07,4.3914801316338763e-07,1.5321958237456259e-07,2.7788951537832684e-07,1.3404960553549253e-05,0.04916619775249308,20,highpass
1.1200627580110933e-07,4.3914801316338763e-07,1.5321958237456259e-07,2.7788951537832684e-07,1.3404960553549253e-05,0.04916619775249308,20,highpass
1.1200627580110933e-07,4.3914801316338763e-07,1.5321958237456259e-07,2.7788951537832684e-07,1.3404960553549253e-05,0.04916619775249308,20,highpass
1.1200627580110933e-07,5.677836586285718e-07,1.5321958237456259e-07,2.7788951537832684e-07,1.3404960553549253e-05,-0.059240288105954025,20,highpass
1.1200627580110933e-07,4.3914801316338763e-07,1.5321958237456259e-07,2.7788951537832684e-07,1.3404960553549253e-05,0.04916619775249308,20,highpass
1.1200627580110933e-07,4.3914801316338763e-07,1.5321958237456259e-07,2.7788951537832684e-07,1.3404960553549253e-05,0.04916619775249308,20,highpass
1.1200627580110933e-07,4.3914801316338763e-07,1.5321958237456259e-07,2.7788951537832684e-07,1.3404960553549253e-05,0.04916619775249308,20,highpass
1.1200627580110933e-07,4.3914801316338763e-07,1.5321958237456259e-07,2.7788951537832684e-07,1.3404960553549253e-05,0.04916619775249308,20,highpass
1.1200627580110933e-07,4.3914801316338763e-07,1.5321958237456259e-07,2.7788951537832684e-07,1.3404960553549253e-05,0.04916619775249308,21,highpass
1.1200627580110933e-07,4.3914801316338763e-07,1.5321958237456259e-07,2.8205294749231393e-07,1.3404960553549253e-05,0.04445516026850202,21,highpass
1.1200627580110933e-07,4.3914801316338763e-07,1.5321958237456259e-07,2.7788951537832684e-07,1.3404960553549253e-05,0.04916619775249308,21,highpass
1.1200627580110933e-07,4.3914801316338763e-07,1.5321958237456259e-07,2.7788951537832684e-07,1.3404960553549253e-05,0.04916619775249308,21,highpass
1.1200627580110933e-07,4.3914801316338763e-07,1.5321958237456259e-07,2.7788951537832684e-07,1.3404960553549253e-05,0.04916619775249308,21,highpass
1.8705563056354408e-07,4.3914801316338763e-07,1.5321958237456259e-07,2.7788951537832684e-07,1.3404960553549253e-05,0.015216884386908575,21,highpass
1.7059821059700759e-07,4.3914801316338763e-07,1.5321958237456259e-07,2.7788951537832684e-07,1.3404960553549253e-05,0.01720147496234735,21,highpass
1.1200627580110933e-07,4.3914801316338763e-07,1.5321958237456259e-07,2.7788951537832684e-07,1.3404960553549253e-05,0.04916619775249308,21,highpass
1.1200627580110933e-07,4.3914801316338763e-07,1.5321958237456259e-07,2.7788951537832684e-07,1.3404960553549253e-05,0.04916619775249308,21,highpass
1.1200627580110933e-07,4.3914801316338763e-07,1.5321958237456259e-07,2.7788951537832684e-07,1.3404960553549253e-05,0.04916619775249308,21,highpass
1.1200627580110933e-07,4.3914801316338763e-07,1.5321958237456259e-07,2.7788951537832684e-07,1.3404960553549253e-05,0.04916619775249308,21,highpass
1.1200627580110933e-07,4.3914801316338763e-07,1.5321958237456259e-07,2.7788951537832684e-07,1.3404960553549253e-05,0.04916619775249308,21,highpass
1.1200627580110933e-07,4.3914801316338763e-07,1.5321958237456259e-07,2.7788951537832684e-07,1.3404960553549253e-05,0.04916619775249308,21,highpass
1.1200627580110933e-07,4.3914801316338763e-07,1.5321958237456259e-07,2.7788951537832684e-07,1.3404960553549253e-05,0.04916619775249308,21,highpass
1.1200627580110933e-07,4.3914801316338763e-07,1.5321958237456259e-07,2.7788951537832684e-07,1.3404960553549253e-05,0.04916619775249308,21,highpass
1.1200627580110933e-07,4.3914801316338763e-07,1.5321958237456259e-07,2.7788951537832684e-07,1.3404960553549253e-05,0.04916619775249308,21,highpass
1.1200627580110933e-07,4.3914801316338763e-07,1.5321958237456259e-07,2.7788951537832684e-07,1.3404960553549253e-05,0.04916619775249308,21,highpass
1.1200627580110933e-07,4.3914801316338763e-07,1.5321958237456259e-07,2.7788951537832684e-07,1.3404960553549253e-05,0.04916619775249308,21,highpass
1.1200627580110933e-07,4.3914801316338763e-07,1.5321958237456259e-07,2.7788951537832684e-07,1.3404960553549253e-05,0.04916619775249308,21,highpass
1.1200627580110933e-07,4.3914801316338763e-07,1.5321958237456259e-07,2.7788951537832684e-07,1.3404960553549253e-05,0.04916619775249308,21,highpass
1.1200627580110933e-07,4.3914801316338763e-07,1.5321958237456259e-07,2.7788951537832684e-07,1.3404960553549253e-05,0.04916619775249308,21,highpass
1.1200627580110933e-07,6.34251938607546e-07,1.5321958237456259e-07,2.7788951537832684e-07,1.3404960553549253e-05,-0.08561100778992436,21,highpass
1.1200627580110933e-07,4.3914801316338763e-07,1.5321958237456259e-07,2.7788951537832684e-07,1.3404960553549253e-05,0.04916619775249308,21,highpass
1.1200627580110933e-07,4.3914801316338763e-07,1.5321958237456259e-07,2.7788951537832684e-07,1.3404960553549253e-05,0.04916619775249308,21,highpass
1.1200627580110933e-07,4.3914801316338763e-07,1.5321958237456259e-07,2.7788951537832684e-07,1.3404960553549253e-05,0.04916619775249308,21,highpass
1.1200627580110933e-07,4.3914801316338763e-07,1.5321958237456259e-07,2.7788951537832684e-07,1.3404960553549253e-05,0.04916619775249308,21,highpass
1.1200627580110933e-07,4.3914801316338763e-07,1.5321958237456259e-07,2.7788951537832684e-07,1.3404960553549253e-05,0.04916619775249308,21,highpass
1.1200627580110933e-07,4.3914801316338763e-07,1.5321958237456259e-07,2.7788951537832684e-07,1.3404960553549253e-05,0.04916619775249308,21,highpass
1.1200627580110933e-07,4.3914801316338763e-07,1.5321958237456259e-07,2.7788951537832684e-07,1.3404960553549253e-05,0.04916619775249308,21,highpass
1.1200627580110933e-07,4.3914801316338763e-07,1.5321958237456259e-07,2.7788951537832684e-07,1.3404960553549253e-05,0.04916619775249308,21,highpass
1.1200627580110933e-07,4.3914801316338763e-07,1.5321958237456259e-07,2.7788951537832684e-07,1.3404960553549253e-05,0.04916619775249308,22,highpass
1.1200627580110933e-07,4.3914801316338763e-07,1.5321958237456259e-07,2.7788951537832684e-07,1.3404960553549253e-05,0.04916619775249308,22,highpass
1.1200627580110933e-07,4.3914801316338763e-07,1.5321958237456259e-07,2.7788951537832684e-07,1.3404960553549253e-05,0.04916619775249308,22,highpass
1.1200627580110933e-07,4.3914801316338763e-07,1.5321958237456259e-07,2.7788951537832684e-07,1.3404960553549253e-05,0.04916619775249308,22,highpass
1.1200627580110933e-07,4.3914801316338763e-07,1.5321958237456259e-07,2.7788951537832684e-07,1.3404960553549253e-05,0.04916619775249308,22,highpass
1.1200627580110933e-07,4.3914801316338763e-07,1.5321958237456259e-07,2.7788951537832684e-07,3.640274112357291e-05,0.029923044345528713,22,highpass
1.1200627580110933e-07,4.3914801316338763e-07,1.5321958237456259e-07,2.7788951537832684e-07,1.3404960553549253e-05,0.04916619775249308,22,highpass
1.1200627580110933e-07,4.3914801316338763e-07,1.5321958237456259e-07,2.7788951537832684e-07,1.3404960553549253e-05,0.04916619775249308,22,highpass
1.1200627580110933e-07,4.3914801316338763e-07,1.5321958237456259e-07,2.7788951537832684e-07,1.3404960553549253e-05,0.04916619775249308,22,highpass
1.1200627580110933e-07,4.3914801316338763e-07,1.5321958237456259e-07,2.7788951537832684e-07,1.3404960553549253e-05,0.04916619775249308,22,highpass
1.1200627580110933e-07,4.3914801316338763e-07,1.5321958237456259e-07,2.7788951537832684e-07,1.3404960553549253e-05,0.04916619775249308,22,highpass
1.1200627580110933e-07,4.3914801316338763e-07,1.5321958237456259e-07,2.7788951537832684e-07,1.3404960553549253e-05,0.04916619775249308,22,highpass
1.1200627580110933e-07,3.4148718368457395e-07,1.5321958237456259e-07,2.7788951537832684e-07,1.3404960553549253e-05,0.022760924979863692,22,highpass
1.1200627580110933e-07,4.3914801316338763e-07,1.5321958237456259e-07,2.7788951537832684e-07,1.3404960553549253e-05,0.04916619775249308,22,highpass
1.1200627580110933e-07,4.3914801316338763e-07,1.5321958237456259e-07,2.7788951537832684e-07,1.2772607932233897e-05,0.04641476848928906,22,highpass
1.1200627580110933e-07,4.3914801316338763e-07,1.5321958237456259e-07,2.7788951537832684e-07,1.3404960553549253e-05,0.04916619775249308,22,highpass
1.1200627580110933e-07,4.3914801316338763e-07,1.5321958237456259e-07,2.7788951537832684e-07,1.3404960553549253e-05,0.04916619775249308,22,highpass
1.1200627580110933e-07,4.3914801316338763e-07,1.5321958237456259e-07,2.7788951537832684e-07,1.3404960553549253e-05,0.04916619775249308,22,highpass
1.1200627580110933e-07,4.3914801316338763e-07,1.5321958237456259e-07,2.7788951537832684e-07,1.3404960553549253e-05,0.04916619775249308,22,highpass
1.1200627580110933e-07,4.3914801316338763e-07,1.5321958237456259e-07,2.7788951537832684e-07,1.3404960553549253e-05,0.04916619775249308,22,highpass
1.1200627580110933e-07,4.3914801316338763e-07,1.5321958237456259e-07,2.7788951537832684e-07,1.3404960553549253e-05,0.04916619775249308,22,highpass
1.1200627580110933e-07,4.3914801316338763e-07,1.5321958237456259e-07,2.7788951537832684e-07,1.3404960553549253e-05,0.04916619775249308,22,highpass
1.1200627580110933e-07,4.3914801316338763e-07,1.5321958237456259e-07,2.7788951537832684e-07,1.3404960553549253e-05,0.04916619775249308,22,highpass
1.1200627580110933e-07,4.3914801316338763e-07,1.5321958237456259e-07,2.7788951537832684e-07,1.3404960553549253e-05,0.04916619775249308,22,highpass
1.1200627580110933e-07,4.3914801316338763e-07,1.5321958237456259e-07,2.7788951537832684e-07,1.3404960553549253e-05,0.04916619775249308,22,highpass
1.1200627580110933e-07,4.3914801316338763e-07,1.5321958237456259e-07,2.7788951537832684e-07,1.3404960553549253e-05,0.04916619775249308,22,highpass
1.1200627580110933e-07,4.3914801316338763e-07,1.5321958237456259e-07,2.7788951537832684e-07,1.3404960553549253e-05,0.04916619775249308,22,highpass
1.1200627580110933e-07,4.3914801316338763e-07,1.5321958237456259e-07,2.7788951537832684e-07,1.3404960553549253e-05,0.04916619775249308,22,highpass
1.1200627580110933e-07,4.324595715789934e-07,1.5321958237456259e-07,2.7788951537832684e-07,1.3404960553549253e-05,0.02633658995181959,22,highpass
1.1200627580110933e-07,4.3914801316338763e-07,1.5321958237456259e-07,2.3286907789009598e-07,1.3404960553549253e-05,0.03365268370973443,22,highpass
1.1200627580110933e-07,4.3914801316338763e-07,1.5321958237456259e-07,2.7788951537832684e-07,1.3404960553549253e-05,0.04916619775249308,23,highpass
1.1200627580110933e-07,4.3914801316338763e-07,1.5321958237456259e-07,2.7788951537832684e-07,1.3404960553549253e-05,0.04916619775249308,23,highpass
1.1200627580110933e-07,4.3914801316338763e-07,1.5321958237456259e-07,2.7788951537832684e-07,1.3404960553549253e-05,0.04916619775249308,23,highpass
1.1200627580110933e-07,6.814959835407212e-07,1.5321958237456259e-07,2.7788951537832684e-07,1.3404960553549253e-05,-0.10811604543526804,23,highpass
1.1200627580110933e-07,4.3596852528224456e-07,1.5321958237456259e-07,2.7788951537832684e-07,1.3404960553549253e-05,0.04951049794884074,23,highpass
1.1200627580110933e-07,4.3914801316338763e-07,1.8140976544946986e-07,2.7788951537832684e-07,1.3404960553549253e-05,0.01808556201695563,23,highpass
1.1200627580110933e-07,4.3914801316338763e-07,1.5321958237456259e-07,2.7788951537832684e-07,1.3404960553549253e-05,0.04916619775249308,23,highpass
1.1200627580110933e-07,4.3914801316338763e-07,1.5321958237456259e-07,2.7788951537832684e-07,1.3404960553549253e-05,0.04916619775249308,23,highpass
1.1200627580110933e-07,4.3914801316338763e-07,1.5321958237456259e-07,2.7788951537832684e-07,1.3404960553549253e-05,0.04916619775249308,23,highpass
1.1200627580110933e-07,4.3619708373217746e-07,1.5321958237456259e-07,2.7788951537832684e-07,1.3404960553549253e-05,0.04951049794884074,23,highpass
1.1200627580110933e-07,4.3914801316338763e-07,1.5321958237456259e-07,2.7788951537832684e-07,1.3404960553549253e-05,0.04916619775249308,23,highpass
1.1200627580110933e-07,4.3914801316338763e-07,1.5321958237456259e-07,2.7788951537832684e-07,1.3404960553549253e-05,0.04916619775249308,23,highpass
1.1200627580110933e-07,4.3914801316338763e-07,1.5321958237456259e-07,2.7788951537832684e-07,1.3404960553549253e-05,0.04916619775249308,23,highpass
1.1200627580110933e-07,5.650824966010274e-07,1.5321958237456259e-07,2.7788951537832684e-07,1.3404960553549253e-05,-0.06046734278503868,23,highpass
1.1200627580110933e-07,4.3914801316338763e-07,1.5321958237456259e-07,2.7788951537832684e-07,1.3404960553549253e-05,0.04916619775249308,23,highpass
1.1200627580110933e-07,4.3914801316338763e-07,1.5321958237456259e-07,2.7788951537832684e-07,1.3404960553549253e-05,0.04916619775249308,23,highpass
1.1200627580110933e-07,4.3914801316338763e-07,1.5321958237456259e-07,2.7788951537832684e-07,1.3404960553549253e-05,0.04916619775249308,23,highpass
1.1200627580110933e-07,4.3914801316338763e-07,1.5321958237456259e-07,2.7788951537832684e-07,1.3404960553549253e-05,0.04916619775249308,23,highpass
1.1200627580110933e-07,4.3914801316338763e-07,1.5321958237456259e-07,2.7788951537832684e-07,1.3404960553549253e-05,0.04916619775249308,23,highpass
1.1200627580110933e-07,4.3914801316338763e-07,1.5321958237456259e-07,2.7788951537832684e-07,1.3404960553549253e-05,0.04916619775249308,23,highpass
1.1200627580110933e-07,4.3914801316338763e-07,1.5321958237456259e-07,2.7788951537832684e-07,1.3404960553549253e-05,0.04916619775249308,23,highpass
1.1200627580110933e-07,4.3914801316338763e-07,1.5321958237456259e-07,2.7788951537832684e-07,1.3404960553549253e-05,0.04916619775249308,23,highpass
1.1200627580110933e-07,4.3914801316338763e-07,1.5321958237456259e-07,2.7788951537832684e-07,1.3404960553549253e-05,0.04916619775249308,23,highpass
1.1200627580110933e-07,4.3914801316338763e-07,1.5321958237456259e-07,2.7788951537832684e-07,1.3404960553549253e-05,0.04916619775249308,23,highpass
1.1200627580110933e-07,4.3914801316338763e-07,1.5321958237456259e-07,2.7788951537832684e-07,1.3404960553549253e-05,0.04916619775249308,23,highpass
1.1200627580110933e-07,4.3914801316338763e-07,1.5321958237456259e-07,2.7788951537832684e-07,1.3404960553549253e-05,0.04916619775249308,23,highpass
1.1200627580110933e-07,4.3914801316338763e-07,1.5321958237456259e-07,2.7788951537832684e-07,1.3404960553549253e-05,0.04916619775249308,23,highpass
1.1200627580110933e-07,4.3914801316338763e-07,1.5321958237456259e-07,2.7788951537832684e-07,1.2477350676578253e-05,0.030944150451950106,23,highpass
1.1200627580110933e-07,4.3914801316338763e-07,1.5321958237456259e-07,2.7788951537832684e-07,1.3404960553549253e-05,0.04916619775249308,23,highpass
1.1200627580110933e-07,4.3914801316338763e-07,1.5321958237456259e-07,2.7788951537832684e-07,4.101331922940982e-05,0.02076786413084085,23,highpass
1.1200627580110933e-07,4.3596852528224456e-07,1.5321958237456259e-07,2.7788951537832684e-07,1.3404960553549253e-05,0.04951049794884074,24,highpass
1.1200627580110933e-07,4.3596852528224456e-07,1.5321958237456259e-07,2.7788951537832684e-07,1.3404960553549253e-05,0.04951049794884074,24,highpass
1.1200627580110933e-07,4.3914801316338763e-07,1.5321958237456259e-07,2.7788951537832684e-07,1.3404960553549253e-05,0.04916619775249308,24,highpass
1.1200627580110933e-07,4.3619708373217746e-07,1.5321958237456259e-07,2.7788951537832684e-07,1.3404960553549253e-05,0.04951049794884074,24,highpass
1.1200627580110933e-07,4.3619708373217746e-07,1.5321958237456259e-07,2.7788951537832684e-07,1.3404960553549253e-05,0.04951049794884074,24,highpass
1.1200627580110933e-07,4.3914801316338763e-07,1.5321958237456259e-07,2.7788951537832684e-07,1.3404960553549253e-05,0.04916619775249308,24,highpass
1.1200627580110933e-07,4.3619708373217746e-07,1.5321958237456259e-07,2.7788951537832684e-07,1.3404960553549253e-05,0.04951049794884074,24,highpass
2.1788966892091075e-07,4.3619708373217746e-07,1.5321958237456259e-07,2.7788951537832684e-07,1.3404960553549253e-05,0.023129342604861956,24,highpass
1.1200627580110933e-07,4.3619708373217746e-07,1.5321958237456259e-07,2.7788951537832684e-07,1.3404960553549253e-05,0.04951049794884074,24,highpass
1.1200627580110933e-07,4.3619708373217746e-07,1.5321958237456259e-07,2.7788951537832684e-07,1.3404960553549253e-05,0.04951049794884074,24,highpass
1.1200627580110933e-07,4.3914801316338763e-07,1.5321958237456259e-07,2.7788951537832684e-07,1.3404960553549253e-05,0.04916619775249308,24,highpass
1.1200627580110933e-07,4.3914801316338763e-07,1.5321958237456259e-07,2.7788951537832684e-07,1.3404960553549253e-05,0.04916619775249308,24,highpass
1.1200627580110933e-07,4.3619708373217746e-07,1.5321958237456259e-07,2.7788951537832684e-07,1.3404960553549253e-05,0.04951049794884074,24,highpass
1.1200627580110933e-07,4.3914801316338763e-07,1.5321958237456259e-07,2.7788951537832684e-07,1.3404960553549253e-05,0.04916619775249308,24,highpass
1.1200627580110933e-07,4.3914801316338763e-07,1.5321958237456259e-07,2.7788951537832684e-07,1.3404960553549253e-05,0.04916619775249308,24,highpass
1.1200627580110933e-07,4.3914801316338763e-07,1.5321958237456259e-07,2.7788951537832684e-07,1.3404960553549253e-05,0.04916619775249308,24,highpass
1.1200627580110933e-07,4.3914801316338763e-07,1.5321958237456259e-07,2.7788951537832684e-07,1.3404960553549253e-05,0.04916619775249308,24,highpass
1.1200627580110933e-07,4.3914801316338763e-07,1.5321958237456259e-07,2.7788951537832684e-07,1.3404960553549253e-05,0.04916619775249308,24,highpass
1.1200627580110933e-07,4.3596852528224456e-07,1.5321958237456259e-07,2.7788951537832684e-07,1.3404960553549253e-05,0.04951049794884074,24,highpass
1.1200627580110933e-07,4.3914801316338763e-07,1.5321958237456259e-07,2.7788951537832684e-07,1.3404960553549253e-05,0.04916619775249308,24,highpass
1.1200627580110933e-07,4.3596852528224456e-07,1.7693850615626644e-07,2.7788951537832684e-07,1.3404960553549253e-05,0.03074336003448072,24,highpass
1.1200627580110933e-07,4.3914801316338763e-07,1.5321958237456259e-07,2.7788951537832684e-07,1.3404960553549253e-05,0.04916619775249308,24,highpass
1.1200627580110933e-07,4.3596852528224456e-07,1.5321958237456259e-07,2.7788951537832684e-07,1.3404960553549253e-05,0.04951049794884074,24,highpass
1.1200627580110933e-07,4.3619708373217746e-07,1.5321958237456259e-07,2.7788951537832684e-07,1.3404960553549253e-05,0.04951049794884074,24,highpass
1.1200627580110933e-07,4.3914801316338763e-07,1.5321958237456259e-07,2.7788951537832684e-07,1.3404960553549253e-05,0.04916619775249308,24,highpass
1.1200627580110933e-07,4.3914801316338763e-07,1.5321958237456259e-07,2.732206998514649e-07,1.3404960553549253e-05,0.047940236532944575,24,highpass
1.1200627580110933e-07,4.3914801316338763e-07,1.5321958237456259e-07,2.7788951537832684e-07,4.979987051183467e-05,0.02768697834629287,24,highpass
1.1200627580110933e-07,4.3914801316338763e-07,1.5321958237456259e-07,2.7788951537832684e-07,1.3404960553549253e-05,0.04916619775249308,24,highpass
1.1200627580110933e-07,4.3914801316338763e-07,1.5321958237456259e-07,2.7788951537832684e-07,1.3404960553549253e-05,0.04916619775249308,24,highpass
1.1200627580110933e-07,4.3619708373217746e-07,1.5321958237456259e-07,2.7788951537832684e-07,1.3404960553549253e-05,0.04951049794884074,24,highpass
1.1200627580110933e-07,4.3596852528224456e-07,1.5321958237456259e-07,2.7788951537832684e-07,1.3404960553549253e-05,0.04951049794884074,25,highpass
1.1043340374526046e-07,4.3619708373217746e-07,1.5321958237456259e-07,2.7788951537832684e-07,1.3404960553549253e-05,0.029989609873959225,25,highpass
1.1200627580110933e-07,4.3619708373217746e-07,1.5321958237456259e-07,2.7585389032764113e-07,1.3404960553549253e-05,0.04885601642576812,25,highpass
1.1200627580110933e-07,4.3596852528224456e-07,1.5321958237456259e-07,2.7788951537832684e-07,1.3404960553549253e-05,0.04951049794884074,25,highpass
1.1200627580110933e-07,4.3619708373217746e-07,1.5321958237456259e-07,2.7788951537832684e-07,1.3404960553549253e-05,0.04951049794884074,25,highpass
1.1200627580110933e-07,4.3914801316338763e-07,1.5321958237456259e-07,2.7788951537832684e-07,1.3404960553549253e-05,0.04916619775249308,25,highpass
1.1200627580110933e-07,4.3619708373217746e-07,1.5321958237456259e-07,2.7788951537832684e-07,1.3404960553549253e-05,0.04951049794884074,25,highpass
1.1200627580110933e-07,4.3596852528224456e-07,1.5321958237456259e-07,2.7788951537832684e-07,1.3404960553549253e-05,0.04951049794884074,25,highpass
1.1200627580110933e-07,4.3619708373217746e-07,1.5321958237456259e-07,2.7788951537832684e-07,1.3404960553549253e-05,0.04951049794884074,25,highpass
1.1200627580110933e-07,4.3619708373217746e-07,1.5321958237456259e-07,2.7788951537832684e-07,1.3404960553549253e-05,0.04951049794884074,25,highpass
1.1200627580110933e-07,4.3596852528224456e-07,1.5321958237456259e-07,2.7788951537832684e-07,1.3404960553549253e-05,0.04951049794884074,25,highpass
1.1200627580110933e-07,4.3619708373217746e-07,1.5321958237456259e-07,2.7788951537832684e-07,1.3404960553549253e-05,0.04951049794884074,25,highpass
1.1200627580110933e-07,4.3619708373217746e-07,1.5321958237456259e-07,2.7788951537832684e-07,1.3404960553549253e-05,0.04951049794884074,25,highpass
1.1200627580110933e-07,4.3619708373217746e-07,1.5321958237456259e-07,2.7788951537832684e-07,1.3404960553549253e-05,0.04951049794884074,25,highpass
1.1200627580110933e-07,5.495208510088294e-07,1.5321958237456259e-07,2.7788951537832684e-07,1.3404960553549253e-05,-0.015051870402810225,25,highpass
1.1200627580110933e-07,4.3619708373217746e-07,1.5321958237456259e-07,2.7788951537832684e-07,1.3404960553549253e-05,0.04951049794884074,25,highpass
1.1200627580110933e-07,4.3619708373217746e-07,1.5321958237456259e-07,2.7788951537832684e-07,1.3404960553549253e-05,0.04951049794884074,25,highpass
1.1200627580110933e-07,4.3596852528224456e-07,1.5321958237456259e-07,2.7788951537832684e-07,1.2990183582732642e-05,0.02778929185913924,25,highpass
1.1200627580110933e-07,4.3596852528224456e-07,1.5321958237456259e-07,2.7788951537832684e-07,1.3404960553549253e-05,0.04951049794884074,25,highpass
1.1200627580110933e-07,4.3619708373217746e-07,1.5321958237456259e-07,2.7788951537832684e-07,1.3404960553549253e-05,0.04951049794884074,25,highpass
1.1200627580110933e-07,4.3619708373217746e-07,1.5321958237456259e-07,2.7788951537832684e-07,1.3404960553549253e-05,0.04951049794884074,25,highpass
1.1200627580110933e-07,4.3596852528224456e-07,1.5321958237456259e-07,2.7788951537832684e-07,1.3404960553549253e-05,0.04951049794884074,25,highpass
1.1200627580110933e-07,4.3619708373217746e-07,1.5321958237456259e-07,2.7788951537832684e-07,1.3404960553549253e-05,0.04951049794884074,25,highpass
1.1200627580110933e-07,4.3619708373217746e-07,1.5321958237456259e-07,2.7788951537832684e-07,1.3404960553549253e-05,0.04951049794884074,25,highpass
1.1200627580110933e-07,4.3596852528224456e-07,1.5321958237456259e-07,2.7788951537832684e-07,3.5227012769571e-05,0.03155033301430281,25,highpass
1.1200627580110933e-07,4.3619708373217746e-07,1.5321958237456259e-07,2.7788951537832684e-07,1.3404960553549253e-05,0.04951049794884074,25,highpass
1.1200627580110933e-07,4.3619708373217746e-07,1.5321958237456259e-07,2.845943729861049e-07,1.3404960553549253e-05,0.0464174725975334,25,highpass
1.1200627580110933e-07,4.3619708373217746e-07,1.5321958237456259e-07,2.8091572171334107e-07,1.3404960553549253e-05,0.049613262861574386,25,highpass
1.1200627580110933e-07,4.3619708373217746e-07,1.5321958237456259e-07,2.7788951537832684e-07,1.3404960553549253e-05,0.04951049794884074,25,highpass
1.1200627580110933e-07,4.3619708373217746e-07,1.5321958237456259e-07,2.7788951537832684e-07,1.3404960553549253e-05,0.04951049794884074,25,highpass
1.1200627580110933e-07,4.3619708373217746e-07,1.5321958237456259e-07,2.8091572171334107e-07,1.3404960553549253e-05,0.049613262861574386,26,highpass
1.1200627580110933e-07,4.3619708373217746e-07,1.5321958237456259e-07,2.8091572171334107e-07,1.3404960553549253e-05,0.049613262861574386,26,highpass
1.0871010362776075e-07,4.3619708373217746e-07,1.5321958237456259e-07,2.8091572171334107e-07,1.3404960553549253e-05,0.030566816733482882,26,highpass
1.1200627580110933e-07,4.3619708373217746e-07,1.5321958237456259e-07,2.8091572171334107e-07,1.3404960553549253e-05,0.049613262861574386,26,highpass
1.1200627580110933e-07,4.3619708373217746e-07,1.5321958237456259e-07,1.6921509021643982e-07,1.3404960553549253e-05,0.027906106578868994,26,highpass
1.1200627580110933e-07,4.3619708373217746e-07,1.5321958237456259e-07,2.7788951537832684e-07,1.3404960553549253e-05,0.04951049794884074,26,highpass
1.1200627580110933e-07,4.3619708373217746e-07,1.5321958237456259e-07,2.8091572171334107e-07,1.3404960553549253e-05,0.049613262861574386,26,highpass
1.1200627580110933e-07,4.3619708373217746e-07,1.5321958237456259e-07,1.9922691653378116e-07,1.3404960553549253e-05,0.038542846028409766,26,highpass
1.1200627580110933e-07,4.3619708373217746e-07,1.5321958237456259e-07,2.7788951537832684e-07,1.3404960553549253e-05,0.04951049794884074,26,highpass
1.1200627580110933e-07,4.3619708373217746e-07,1.5321958237456259e-07,2.7788951537832684e-07,1.3404960553549253e-05,0.04951049794884074,26,highpass
1.1200627580110933e-07,4.3324976009610385e-07,1.5321958237456259e-07,2.7788951537832684e-07,1.3404960553549253e-05,0.02665184477743232,26,highpass
1.1200627580110933e-07,4.3619708373217746e-07,1.5321958237456259e-07,2.7788951537832684e-07,1.3404960553549253e-05,0.04951049794884074,26,highpass
1.1200627580110933e-07,4.3619708373217746e-07,1.5321958237456259e-07,2.7788951537832684e-07,1.3404960553549253e-05,0.04951049794884074,26,highpass
1.1200627580110933e-07,4.223308312479101e-07,1.5321958237456259e-07,2.7788951537832684e-07,1.3404960553549253e-05,0.028757300825865362,26,highpass
2.341784287933733e-07,4.3619708373217746e-07,1.5321958237456259e-07,2.7788951537832684e-07,1.3404960553549253e-05,0.004531280284737718,26,highpass
1.1200627580110933e-07,4.3596852528224456e-07,1.5321958237456259e-07,2.7788951537832684e-07,1.3404960553549253e-05,0.04951049794884074,26,highpass
1.8261705249005888e-07,4.3596852528224456e-07,1.5321958237456259e-07,2.7788951537832684e-07,1.3404960553549253e-05,0.018961317339832896,26,highpass
1.1200627580110933e-07,4.3619708373217746e-07,1.5321958237456259e-07,2.7788951537832684e-07,1.3404960553549253e-05,0.04951049794884074,26,highpass
1.1200627580110933e-07,4.3619708373217746e-07,1.5321958237456259e-07,2.7788951537832684e-07,1.3404960553549253e-05,0.04951049794884074,26,highpass
1.1200627580110933e-07,4.3619708373217746e-07,1.5321958237456259e-07,2.7788951537832684e-07,1.3404960553549253e-05,0.04951049794884074,26,highpass
1.1251858272414235e-07,4.3619708373217746e-07,1.5321958237456259e-07,2.7788951537832684e-07,1.3404960553549253e-05,0.04958900023108577,26,highpass
1.1200627580110933e-07,4.3596852528224456e-07,1.5321958237456259e-07,2.7788951537832684e-07,1.3404960553549253e-05,0.04951049794884074,26,highpass
1.1200627580110933e-07,4.3619708373217746e-07,1.5321958237456259e-07,2.8091572171334107e-07,1.3404960553549253e-05,0.049613262861574386,26,highpass
1.1200627580110933e-07,4.3619708373217746e-07,1.5321958237456259e-07,2.7788951537832684e-07,1.3404960553549253e-05,0.04951049794884074,26,highpass
1.1200627580110933e-07,4.3619708373217746e-07,1.5321958237456259e-07,2.7788951537832684e-07,1.3404960553549253e-05,0.04951049794884074,26,highpass
1.1200627580110933e-07,4.3619708373217746e-07,1.5321958237456259e-07,2.7788951537832684e-07,1.3404960553549253e-05,0.04951049794884074,26,highpass
1.1200627580110933e-07,4.3619708373217746e-07,1.5321958237456259e-07,2.7788951537832684e-07,1.3404960553549253e-05,0.04951049794884074,26,highpass
1.1200627580110933e-07,4.3619708373217746e-07,1.5321958237456259e-07,2.7788951537832684e-07,1.3404960553549253e-05,0.04951049794884074,26,highpass
1.1200627580110933e-07,4.3619708373217746e-07,1.5321958237456259e-07,2.8091572171334107e-07,1.3404960553549253e-05,0.049613262861574386,26,highpass
1.1200627580110933e-07,4.3619708373217746e-07,1.5321958237456259e-07,2.7788951537832684e-07,1.3404960553549253e-05,0.04951049794884074,26,highpass
1.1200627580110933e-07,4.3619708373217746e-07,1.5321958237456259e-07,2.8091572171334107e-07,1.3404960553549253e-05,0.049613262861574386,27,highpass
1.1200627580110933e-07,4.3619708373217746e-07,1.5321958237456259e-07,2.7788951537832684e-07,1.3404960553549253e-05,0.04951049794884074,27,highpass
1.1200627580110933e-07,4.3619708373217746e-07,1.5321958237456259e-07,2.7788951537832684e-07,1.3404960553549253e-05,0.04951049794884074,27,highpass
1.1200627580110933e-07,4.3619708373217746e-07,1.5321958237456259e-07,2.8091572171334107e-07,1.3404960553549253e-05,0.049613262861574386,27,highpass
1.1200627580110933e-07,4.3619708373217746e-07,1.5321958237456259e-07,2.8091572171334107e-07,1.3404960553549253e-05,0.049613262861574386,27,highpass
1.1200627580110933e-07,4.3619708373217746e-07,1.5321958237456259e-07,2.8091572171334107e-07,1.3404960553549253e-05,0.049613262861574386,27,highpass
1.1251858272414235e-07,4.3619708373217746e-07,1.5321958237456259e-07,2.8091572171334107e-07,1.3404960553549253e-05,0.048324102423313656,27,highpass
1.1200627580110933e-07,4.3619708373217746e-07,1.5321958237456259e-07,2.8091572171334107e-07,1.3404960553549253e-05,0.049613262861574386,27,highpass
1.1200627580110933e-07,4.296514549904042e-07,1.5321958237456259e-07,2.7788951537832684e-07,1.3404960553549253e-05,0.02580497733450167,27,highpass
1.1200627580110933e-07,4.3619708373217746e-07,1.5321958237456259e-07,2.7788951537832684e-07,1.3404960553549253e-05,0.04951049794884074,27,highpass
1.1251858272414235e-07,4.3619708373217746e-07,1.5321958237456259e-07,2.8091572171334107e-07,1.3404960553549253e-05,0.048324102423313656,27,highpass
1.1200627580110933e-07,4.3619708373217746e-07,1.5321958237456259e-07,2.8091572171334107e-07,1.3324877727823264e-05,0.04961313897131005,27,highpass
1.1200627580110933e-07,4.3619708373217746e-07,1.5321958237456259e-07,2.7788951537832684e-07,1.3404960553549253e-05,0.04951049794884074,27,highpass
1.1200627580110933e-07,4.3619708373217746e-07,1.5321958237456259e-07,2.8091572171334107e-07,1.3404960553549253e-05,0.049613262861574386,27,highpass
1.1200627580110933e-07,4.3619708373217746e-07,1.5321958237456259e-07,2.7788951537832684e-07,1.3404960553549253e-05,0.04951049794884074,27,highpass
1.1200627580110933e-07,4.3619708373217746e-07,1.5321958237456259e-07,2.8091572171334107e-07,1.3404960553549253e-05,0.049613262861574386,27,highpass
1.1200627580110933e-07,4.3619708373217746e-07,1.5321958237456259e-07,2.8091572171334107e-07,1.3404960553549253e-05,0.049613262861574386,27,highpass
1.1200627580110933e-07,4.3619708373217746e-07,1.5321958237456259e-07,2.8091572171334107e-07,1.3404960553549253e-05,0.049613262861574386,27,highpass
1.1200627580110933e-07,4.3619708373217746e-07,1.7399755488511774e-07,2.8091572171334107e-07,1.3404960553549253e-05,0.03678514673017015,27,highpass
1.1251858272414235e-07,4.3619708373217746e-07,1.5321958237456259e-07,2.8091572171334107e-07,1.3404960553549253e-05,0.048324102423313656,27,highpass
1.1200627580110933e-07,4.3619708373217746e-07,1.5438731349895888e-07,2.8091572171334107e-07,1.3404960553549253e-05,0.03971468397902224,27,highpass
1.1200627580110933e-07,4.3619708373217746e-07,1.5321958237456259e-07,2.8091572171334107e-07,1.3404960553549253e-05,0.049613262861574386,27,highpass
2.4185440943814025e-07,4.3619708373217746e-07,1.5321958237456259e-07,2.8091572171334107e-07,1.3404960553549253e-05,0.011933526816334819,27,highpass
1.1251858272414235e-07,4.3619708373217746e-07,1.5321958237456259e-07,2.7788951537832684e-07,1.3404960553549253e-05,0.04958900023108577,27,highpass
1.1200627580110933e-07,4.3619708373217746e-07,1.5321958237456259e-07,2.8091572171334107e-07,1.3404960553549253e-05,0.049613262861574386,27,highpass
1.1200627580110933e-07,4.3619708373217746e-07,1.5321958237456259e-07,2.8091572171334107e-07,1.3404960553549253e-05,0.049613262861574386,27,highpass
1.1200627580110933e-07,4.3619708373217746e-07,1.5321958237456259e-07,2.8091572171334107e-07,1.3404960553549253e-05,0.049613262861574386,27,highpass
1.1200627580110933e-07,4.3596852528224456e-07,1.5321958237456259e-07,2.8091572171334107e-07,1.3404960553549253e-05,0.049613262861574386,27,highpass
1.1200627580110933e-07,4.3619708373217746e-07,1.5321958237456259e-07,2.8091572171334107e-07,1.3404960553549253e-05,0.049613262861574386,27,highpass
1.1200627580110933e-07,4.3619708373217746e-07,1.5321958237456259e-07,2.8091572171334107e-07,1.3404960553549253e-05,0.049613262861574386,27,highpass
1.1200627580110933e-07,4.3619708373217746e-07,1.5321958237456259e-07,2.8091572171334107e-07,1.3404960553549253e-05,0.049717980201127554,28,highpass
1.1200627580110933e-07,4.3619708373217746e-07,1.5321958237456259e-07,2.8091572171334107e-07,1.3404960553549253e-05,0.049717980201127554,28,highpass
1.1200627580110933e-07,4.3619708373217746e-07,1.5321958237456259e-07,2.8091572171334107e-07,1.3404960553549253e-05,0.049717980201127554,28,highpass
1.1200627580110933e-07,4.3619708373217746e-07,1.459752787757428e-07,2.8091572171334107e-07,1.3404960553549253e-05,0.03711306476898271,28,highpass
1.1200627580110933e-07,4.3619708373217746e-07,1.5321958237456259e-07,2.8091572171334107e-07,1.3404960553549253e-05,0.049717980201127554,28,highpass
1.1200627580110933e-07,4.3619708373217746e-07,1.5321958237456259e-07,2.8091572171334107e-07,1.3404960553549253e-05,0.049717980201127554,28,highpass
1.1200627580110933e-07,4.3619708373217746e-07,1.5321958237456259e-07,2.8091572171334107e-07,1.3404960553549253e-05,0.049717980201127554,28,highpass
1.1200627580110933e-07,4.3619708373217746e-07,1.5321958237456259e-07,2.8091572171334107e-07,1.3404960553549253e-05,0.049717980201127554,28,highpass
1.1468928686778465e-07,4.3619708373217746e-07,1.5321958237456259e-07,2.8091572171334107e-07,1.3404960553549253e-05,0.017991699678824274,28,highpass
1.1200627580110933e-07,4.3619708373217746e-07,1.5321958237456259e-07,2.8091572171334107e-07,1.3404960553549253e-05,0.049717980201127554,28,highpass
1.1200627580110933e-07,4.3619708373217746e-07,1.5321958237456259e-07,2.8091572171334107e-07,1.3404960553549253e-05,0.049717980201127554,28,highpass
1.1200627580110933e-07,4.3619708373217746e-07,1.5321958237456259e-07,2.8091572171334107e-07,1.3404960553549253e-05,0.049717980201127554,28,highpass
1.1200627580110933e-07,4.3619708373217746e-07,1.5321958237456259e-07,2.8091572171334107e-07,1.3404960553549253e-05,0.049717980201127554,28,highpass
1.1200627580110933e-07,4.3619708373217746e-07,1.604995519209213e-07,2.8091572171334107e-07,1.3404960553549253e-05,0.04462619215613092,28,highpass
1.1200627580110933e-07,4.3619708373217746e-07,1.5321958237456259e-07,2.8091572171334107e-07,1.3404960553549253e-05,0.049717980201127554,28,highpass
1.1200627580110933e-07,4.3596852528224456e-07,1.5321958237456259e-07,2.8091572171334107e-07,1.3404960553549253e-05,0.049717980201127554,28,highpass
1.1200627580110933e-07,4.3619708373217746e-07,1.5321958237456259e-07,2.8091572171334107e-07,1.3404960553549253e-05,0.049717980201127554,28,highpass
1.1200627580110933e-07,4.3619708373217746e-07,1.5321958237456259e-07,2.8091572171334107e-07,1.3404960553549253e-05,0.049717980201127554,28,highpass
1.1200627580110933e-07,4.3619708373217746e-07,1.5321958237456259e-07,2.8091572171334107e-07,1.3404960553549253e-05,0.049717980201127554,28,highpass
1.1200627580110933e-07,4.3619708373217746e-07,1.5321958237456259e-07,2.8091572171334107e-07,1.3404960553549253e-05,0.049717980201127554,28,highpass
1.1200627580110933e-07,4.3619708373217746e-07,1.5321958237456259e-07,2.8091572171334107e-07,1.3404960553549253e-05,0.049717980201127554,28,highpass
1.1200627580110933e-07,4.3619708373217746e-07,1.5321958237456259e-07,2.8091572171334107e-07,1.3404960553549253e-05,0.049717980201127554,28,highpass
1.1200627580110933e-07,4.3619708373217746e-07,1.5321958237456259e-07,2.8091572171334107e-07,1.3404960553549253e-05,0.049717980201127554,28,highpass
1.1200627580110933e-07,4.3619708373217746e-07,1.5321958237456259e-07,2.8091572171334107e-07,1.3404960553549253e-05,0.049717980201127554,28,highpass
1.1200627580110933e-07,4.3619708373217746e-07,1.5321958237456259e-07,2.8091572171334107e-07,1.3404960553549253e-05,0.049717980201127554,28,highpass
1.1200627580110933e-07,4.3619708373217746e-07,1.5321958237456259e-07,2.8091572171334107e-07,1.3404960553549253e-05,0.049717980201127554,28,highpass
1.1200627580110933e-07,3.6687512806371056e-07,1.5321958237456259e-07,2.8091572171334107e-07,1.3404960553549253e-05,0.037889250344201195,28,highpass
1.1200627580110933e-07,4.3619708373217746e-07,1.5321958237456259e-07,2.8091572171334107e-07,1.3404960553549253e-05,0.049717980201127554,28,highpass
1.1200627580110933e-07,4.3619708373217746e-07,1.5321958237456259e-07,2.6268643967441433e-07,1.3404960553549253e-05,0.040436299505772155,28,highpass
1.1200627580110933e-07,4.3596852528224456e-07,1.5321958237456259e-07,2.8091572171334107e-07,1.3404960553549253e-05,0.049717980201127554,28,highpass
1.1200627580110933e-07,4.3619708373217746e-07,1.5321958237456259e-07,2.8091572171334107e-07,1.3404960553549253e-05,0.049613262861574386,29,highpass
1.1200627580110933e-07,4.3596852528224456e-07,1.5321958237456259e-07,2.8091572171334107e-07,1.3404960553549253e-05,0.049613262861574386,29,highpass
1.1200627580110933e-07,4.3619708373217746e-07,1.5321958237456259e-07,2.8091572171334107e-07,1.3404960553549253e-05,0.049613262861574386,29,highpass
1.1200627580110933e-07,4.3619708373217746e-07,1.5321958237456259e-07,2.8091572171334107e-07,1.3404960553549253e-05,0.049613262861574386,29,highpass
1.1200627580110933e-07,4.3619708373217746e-07,1.5321958237456259e-07,2.8091572171334107e-07,1.3404960553549253e-05,0.049613262861574386,29,highpass
1.1200627580110933e-07,4.3619708373217746e-07,1.5321958237456259e-07,2.8091572171334107e-07,1.3404960553549253e-05,0.049613262861574386,29,highpass
1.1200627580110933e-07,4.3619708373217746e-07,1.5321958237456259e-07,2.8091572171334107e-07,1.3404960553549253e-05,0.049613262861574386,29,highpass
1.1200627580110933e-07,4.3619708373217746e-07,1.5321958237456259e-07,2.8091572171334107e-07,1.3404960553549253e-05,0.049613262861574386,29,highpass
1.1200627580110933e-07,4.3619708373217746e-07,1.5321958237456259e-07,2.8091572171334107e-07,1.3404960553549253e-05,0.049613262861574386,29,highpass
1.1200627580110933e-07,4.3619708373217746e-07,1.5321958237456259e-07,2.8091572171334107e-07,1.3404960553549253e-05,0.049613262861574386,29,highpass
1.1200627580110933e-07,4.3619708373217746e-07,1.5321958237456259e-07,2.8091572171334107e-07,1.3404960553549253e-05,0.049613262861574386,29,highpass
1.1200627580110933e-07,4.3619708373217746e-07,1.5321958237456259e-07,2.8091572171334107e-07,1.3404960553549253e-05,0.049613262861574386,29,highpass
2.1235579554570375e-07,4.3619708373217746e-07,1.5321958237456259e-07,2.8091572171334107e-07,1.3404960553549253e-05,0.006823907659124613,29,highpass
1.1200627580110933e-07,4.3619708373217746e-07,1.5321958237456259e-07,2.8091572171334107e-07,1.3404960553549253e-05,0.049613262861574386,29,highpass
1.1200627580110933e-07,4.3619708373217746e-07,1.5321958237456259e-07,2.8091572171334107e-07,1.3404960553549253e-05,0.049613262861574386,29,highpass
1.1200627580110933e-07,4.3619708373217746e-07,1.5321958237456259e-07,2.8091572171334107e-07,1.3404960553549253e-05,0.049613262861574386,29,highpass
1.1200627580110933e-07,4.3596852528224456e-07,1.5321958237456259e-07,2.8091572171334107e-07,1.3404960553549253e-05,0.049613262861574386,29,highpass
1.1200627580110933e-07,4.3619708373217746e-07,1.5321958237456259e-07,2.8091572171334107e-07,1.3404960553549253e-05,0.049613262861574386,29,highpass
1.1200627580110933e-07,4.3619708373217746e-07,1.5321958237456259e-07,2.8091572171334107e-07,1.3404960553549253e-05,0.049613262861574386,29,highpass
1.1200627580110933e-07,4.3619708373217746e-07,1.5321958237456259e-07,2.8091572171334107e-07,1.3404960553549253e-05,0.049613262861574386,29,highpass
1.1200627580110933e-07,4.3619708373217746e-07,1.5321958237456259e-07,2.8091572171334107e-07,1.3404960553549253e-05,0.049613262861574386,29,highpass
1.1200627580110933e-07,4.3619708373217746e-07,1.5321958237456259e-07,2.8091572171334107e-07,1.3404960553549253e-05,0.049613262861574386,29,highpass
1.1200627580110933e-07,4.3619708373217746e-07,1.5321958237456259e-07,2.8091572171334107e-07,1.3404960553549253e-05,0.049613262861574386,29,highpass
1.1200627580110933e-07,4.3619708373217746e-07,1.5533196680410229e-07,2.8091572171334107e-07,1.3404960553549253e-05,0.03501537155830496,29,highpass
1.1200627580110933e-07,4.3619708373217746e-07,1.5321958237456259e-07,2.8091572171334107e-07,1.3404960553549253e-05,0.049613262861574386,29,highpass
1.1200627580110933e-07,4.3619708373217746e-07,1.5321958237456259e-07,2.8091572171334107e-07,1.3404960553549253e-05,0.049613262861574386,29,highpass
1.1200627580110933e-07,4.3619708373217746e-07,1.5321958237456259e-07,2.8091572171334107e-07,1.2031576532468219e-05,0.03327368642345832,29,highpass
1.1200627580110933e-07,4.3619708373217746e-07,1.5321958237456259e-07,2.8091572171334107e-07,1.3404960553549253e-05,0.049613262861574386,29,highpass
1.1200627580110933e-07,4.3619708373217746e-07,1.5321958237456259e-07,2.9140902121255994e-07,1.3404960553549253e-05,0.02455799774544129,29,highpass
1.1200627580110933e-07,4.3619708373217746e-07,1.5321958237456259e-07,2.8091572171334107e-07,1.3404960553549253e-05,0.049613262861574386,29,highpass
1.1200627580110933e-07,4.3619708373217746e-07,1.5321958237456259e-07,2.8091572171334107e-07,1.3404960553549253e-05,0.049613262861574386,30,highpass
1.1200627580110933e-07,4.3619708373217746e-07,1.5321958237456259e-07,2.8091572171334107e-07,1.3404960553549253e-05,0.049613262861574386,30,highpass
1.1200627580110933e-07,4.3619708373217746e-07,1.5321958237456259e-07,2.8091572171334107e-07,1.5304102614769713e-05,0.028457384403441144,30,highpass
1.1200627580110933e-07,4.3619708373217746e-07,1.5321958237456259e-07,2.8091572171334107e-07,1.3404960553549253e-05,0.049613262861574386,30,highpass
1.1200627580110933e-07,4.3619708373217746e-07,1.5321958237456259e-07,2.8091572171334107e-07,1.3404960553549253e-05,0.049613262861574386,30,highpass
1.1200627580110933e-07,4.3619708373217746e-07,1.5321958237456259e-07,2.8091572171334107e-07,1.3404960553549253e-05,0.049613262861574386,30,highpass
1.1200627580110933e-07,4.3619708373217746e-07,1.5321958237456259e-07,2.8091572171334107e-07,1.3404960553549253e-05,0.049613262861574386,30,highpass
1.1200627580110933e-07,4.3619708373217746e-07,1.5321958237456259e-07,2.8091572171334107e-07,1.3404960553549253e-05,0.049613262861574386,30,highpass
1.1200627580110933e-07,4.3596852528224456e-07,1.5321958237456259e-07,2.8091572171334107e-07,1.3404960553549253e-05,0.049613262861574386,30,highpass
1.1200627580110933e-07,4.3619708373217746e-07,1.5321958237456259e-07,2.8091572171334107e-07,1.3404960553549253e-05,0.049613262861574386,30,highpass
1.1200627580110933e-07,4.3619708373217746e-07,1.5321958237456259e-07,2.8091572171334107e-07,1.3404960553549253e-05,0.049613262861574386,30,highpass
1.0962699982323015e-07,4.3619708373217746e-07,1.5321958237456259e-07,2.8091572171334107e-07,1.3404960553549253e-05,0.028150599833351525,30,highpass
1.1200627580110933e-07,4.3619708373217746e-07,1.5321958237456259e-07,2.8091572171334107e-07,1.3404960553549253e-05,0.049613262861574386,30,highpass
1.1200627580110933e-07,4.3619708373217746e-07,1.5321958237456259e-07,2.8091572171334107e-07,1.3404960553549253e-05,0.049613262861574386,30,highpass
1.1200627580110933e-07,4.3619708373217746e-07,1.5321958237456259e-07,2.8091572171334107e-07,1.3404960553549253e-05,0.049613262861574386,30,highpass
1.1200627580110933e-07,4.3596852528224456e-07,1.5321958237456259e-07,2.8091572171334107e-07,1.3404960553549253e-05,0.049613262861574386,30,highpass
1.1200627580110933e-07,4.3619708373217746e-07,1.5321958237456259e-07,2.8091572171334107e-07,1.3404960553549253e-05,0.049613262861574386,30,highpass
1.1200627580110933e-07,4.3619708373217746e-07,1.5321958237456259e-07,2.8091572171334107e-07,1.3404960553549253e-05,0.049613262861574386,30,highpass
1.1200627580110933e-07,4.3619708373217746e-07,1.5321958237456259e-07,2.8091572171334107e-07,1.3404960553549253e-05,0.049613262861574386,30,highpass
1.1200627580110933e-07,4.3619708373217746e-07,1.5321958237456259e-07,2.8091572171334107e-07,1.3404960553549253e-05,0.049613262861574386,30,highpass
1.1200627580110933e-07,4.3596852528224456e-07,1.5321958237456259e-07,2.8091572171334107e-07,1.3404960553549253e-05,0.049613262861574386,30,highpass
1.1200627580110933e-07,4.3619708373217746e-07,1.5321958237456259e-07,2.8091572171334107e-07,1.3404960553549253e-05,0.049613262861574386,30,highpass
1.1200627580110933e-07,4.3619708373217746e-07,1.5321958237456259e-07,2.8091572171334107e-07,1.3404960553549253e-05,0.049613262861574386,30,highpass
1.1200627580110933e-07,4.3619708373217746e-07,1.5321958237456259e-07,2.8091572171334107e-07,1.3404960553549253e-05,0.049613262861574386,30,highpass
1.1200627580110933e-07,4.3619708373217746e-07,1.5321958237456259e-07,2.8091572171334107e-07,1.3404960553549253e-05,0.049613262861574386,30,highpass
1.1200627580110933e-07,4.3619708373217746e-07,1.5321958237456259e-07,2.8091572171334107e-07,1.3404960553549253e-05,0.049613262861574386,30,highpass
1.1200627580110933e-07,4.3619708373217746e-07,1.5321958237456259e-07,2.8091572171334107e-07,1.3404960553549253e-05,0.049613262861574386,30,highpass
1.1200627580110933e-07,4.3619708373217746e-07,1.5321958237456259e-07,2.8091572171334107e-07,1.3404960553549253e-05,0.049613262861574386,30,highpass
1.1200627580110933e-07,4.3619708373217746e-07,1.5321958237456259e-07,2.8091572171334107e-07,1.3404960553549253e-05,0.049613262861574386,30,highpass
1.1200627580110933e-07,4.3619708373217746e-07,1.5321958237456259e-07,2.8091572171334107e-07,1.3404960553549253e-05,0.049613262861574386,30,highpass
1.1200627580110933e-07,4.3619708373217746e-07,1.5321958237456259e-07,2.8091572171334107e-07,1.3404960553549253e-05,0.049613262861574386,31,highpass
1.1200627580110933e-07,4.3619708373217746e-07,1.5321958237456259e-07,2.8091572171334107e-07,1.3404960553549253e-05,0.049613262861574386,31,highpass
1.1200627580110933e-07,4.3619708373217746e-07,1.5321958237456259e-07,2.8091572171334107e-07,1.3404960553549253e-05,0.049613262861574386,31,highpass
1.1200627580110933e-07,4.3619708373217746e-07,1.5321958237456259e-07,2.8091572171334107e-07,1.3404960553549253e-05,0.049613262861574386,31,highpass
1.1200627580110933e-07,4.3619708373217746e-07,1.5321958237456259e-07,2.8091572171334107e-07,1.3404960553549253e-05,0.049613262861574386,31,highpass
1.1200627580110933e-07,4.3619708373217746e-07,1.5321958237456259e-07,2.8091572171334107e-07,1.3404960553549253e-05,0.049613262861574386,31,highpass
1.1200627580110933e-07,4.3619708373217746e-07,1.5321958237456259e-07,2.8091572171334107e-07,1.3404960553549253e-05,0.049613262861574386,31,highpass
1.1200627580110933e-07,4.3619708373217746e-07,1.5321958237456259e-07,2.8091572171334107e-07,1.3404960553549253e-05,0.049613262861574386,31,highpass
1.1200627580110933e-07,6.780524618200536e-07,1.5321958237456259e-07,2.8091572171334107e-07,1.3404960553549253e-05,-0.10908055555550097,31,highpass
1.1200627580110933e-07,4.3619708373217746e-07,1.5321958237456259e-07,2.8091572171334107e-07,1.3404960553549253e-05,0.049613262861574386,31,highpass
1.1200627580110933e-07,4.3619708373217746e-07,1.5321958237456259e-07,2.8091572171334107e-07,1.3404960553549253e-05,0.049613262861574386,31,highpass
1.1200627580110933e-07,4.3619708373217746e-07,1.5321958237456259e-07,2.8091572171334107e-07,1.3404960553549253e-05,0.049613262861574386,31,highpass
1.1200627580110933e-07,4.3619708373217746e-07,1.5321958237456259e-07,2.8091572171334107e-07,1.3404960553549253e-05,0.049613262861574386,31,highpass
1.1200627580110933e-07,4.3619708373217746e-07,1.5321958237456259e-07,2.8091572171334107e-07,1.3404960553549253e-05,0.049613262861574386,31,highpass
2.20703075038143e-07,4.3619708373217746e-07,1.5321958237456259e-07,2.8091572171334107e-07,1.3404960553549253e-05,0.012886687151750967,31,highpass
1.1612776448179501e-07,4.3619708373217746e-07,1.5321958237456259e-07,2.8091572171334107e-07,1.3404960553549253e-05,0.028603456359062238,31,highpass
1.1200627580110933e-07,4.3619708373217746e-07,1.5321958237456259e-07,2.81754300096528e-07,1.3404960553549253e-05,0.04915251933270659,31,highpass
1.1200627580110933e-07,4.3619708373217746e-07,1.5321958237456259e-07,2.8091572171334107e-07,1.3404960553549253e-05,0.049613262861574386,31,highpass
1.1200627580110933e-07,4.3619708373217746e-07,1.5321958237456259e-07,2.8091572171334107e-07,1.3404960553549253e-05,0.049613262861574386,31,highpass
1.1200627580110933e-07,4.3619708373217746e-07,1.5321958237456259e-07,2.8091572171334107e-07,1.3404960553549253e-05,0.049613262861574386,31,highpass
1.1200627580110933e-07,4.3619708373217746e-07,1.5321958237456259e-07,2.8091572171334107e-07,1.3404960553549253e-05,0.049613262861574386,31,highpass
1.1200627580110933e-07,4.3619708373217746e-07,1.5321958237456259e-07,2.8091572171334107e-07,1.3404960553549253e-05,0.049613262861574386,31,highpass
1.1200627580110933e-07,4.3619708373217746e-07,1.5321958237456259e-07,2.8091572171334107e-07,1.3404960553549253e-05,0.049613262861574386,31,highpass
1.1200627580110933e-07,4.3619708373217746e-07,1.5321958237456259e-07,2.8091572171334107e-07,1.3404960553549253e-05,0.049613262861574386,31,highpass
1.1200627580110933e-07,4.3619708373217746e-07,1.5321958237456259e-07,2.8091572171334107e-07,1.3404960553549253e-05,0.049613262861574386,31,highpass
1.1200627580110933e-07,4.3596852528224456e-07,1.5321958237456259e-07,2.8091572171334107e-07,1.3404960553549253e-05,0.049613262861574386,31,highpass
1.1200627580110933e-07,4.3619708373217746e-07,1.5321958237456259e-07,2.8091572171334107e-07,1.3404960553549253e-05,0.049613262861574386,31,highpass
1.1200627580110933e-07,4.3619708373217746e-07,1.5321958237456259e-07,2.8091572171334107e-07,1.3404960553549253e-05,0.049613262861574386,31,highpass
1.1200627580110933e-07,4.3619708373217746e-07,1.5321958237456259e-07,2.8091572171334107e-07,1.3404960553549253e-05,0.049613262861574386,31,highpass
1.1200627580110933e-07,6.663448347325286e-07,1.5321958237456259e-07,2.8091572171334107e-07,1.3404960553549253e-05,-0.12360706233544877,31,highpass
1.1200627580110933e-07,4.3619708373217746e-07,1.5321958237456259e-07,2.8091572171334107e-07,1.3404960553549253e-05,0.049613262861574386,32,highpass
1.1200627580110933e-07,4.3619708373217746e-07,1.5321958237456259e-07,2.8091572171334107e-07,1.3404960553549253e-05,0.049613262861574386,32,highpass
1.1200627580110933e-07,4.3619708373217746e-07,1.5321958237456259e-07,2.8091572171334107e-07,1.3404960553549253e-05,0.049613262861574386,32,highpass
1.1200627580110933e-07,4.3619708373217746e-07,1.5321958237456259e-07,2.8091572171334107e-07,1.3404960553549253e-05,0.049613262861574386,32,highpass
1.1200627580110933e-07,4.3619708373217746e-07,1.5321958237456259e-07,2.8091572171334107e-07,1.3404960553549253e-05,0.049613262861574386,32,highpass
1.1200627580110933e-07,4.3619708373217746e-07,1.5321958237456259e-07,2.8091572171334107e-07,1.3404960553549253e-05,0.049613262861574386,32,highpass
1.1200627580110933e-07,4.3619708373217746e-07,1.5321958237456259e-07,2.8091572171334107e-07,1.3404960553549253e-05,0.049613262861574386,32,highpass
1.1200627580110933e-07,4.3619708373217746e-07,1.5321958237456259e-07,2.8091572171334107e-07,1.3404960553549253e-05,0.049613262861574386,32,highpass
1.1200627580110933e-07,3.291368308076806e-07,1.5321958237456259e-07,2.8091572171334107e-07,1.3404960553549253e-05,0.023080173320281283,32,highpass
1.8017691745153604e-07,4.3619708373217746e-07,1.5321958237456259e-07,2.8091572171334107e-07,1.3404960553549253e-05,0.015407857639817633,32,highpass
1.1200627580110933e-07,4.3619708373217746e-07,1.5321958237456259e-07,2.8091572171334107e-07,1.3404960553549253e-05,0.049613262861574386,32,highpass
1.1200627580110933e-07,4.3619708373217746e-07,1.5321958237456259e-07,2.8091572171334107e-07,1.3404960553549253e-05,0.049613262861574386,32,highpass
1.1200627580110933e-07,4.3619708373217746e-07,1.5321958237456259e-07,2.8091572171334107e-07,1.3404960553549253e-05,0.049613262861574386,32,highpass
1.1200627580110933e-07,4.3619708373217746e-07,1.5321958237456259e-07,2.8091572171334107e-07,1.3404960553549253e-05,0.049613262861574386,32,highpass
1.1200627580110933e-07,4.3619708373217746e-07,1.5321958237456259e-07,2.8091572171334107e-07,1.3404960553549253e-05,0.049613262861574386,32,highpass
1.1200627580110933e-07,4.3619708373217746e-07,1.5321958237456259e-07,2.8091572171334107e-07,1.3404960553549253e-05,0.049613262861574386,32,highpass
1.1200627580110933e-07,4.3619708373217746e-07,1.5321958237456259e-07,2.8091572171334107e-07,1.3404960553549253e-05,0.049613262861574386,32,highpass
1.1200627580110933e-07,4.3619708373217746e-07,1.5321958237456259e-07,2.8091572171334107e-07,1.3404960553549253e-05,0.049613262861574386,32,highpass
1.1200627580110933e-07,4.3619708373217746e-07,1.5321958237456259e-07,2.8091572171334107e-07,1.3404960553549253e-05,0.049613262861574386,32,highpass
1.1200627580110933e-07,4.3619708373217746e-07,1.5321958237456259e-07,2.850124001313309e-07,1.3404960553549253e-05,0.04588366198951635,32,highpass
1.1200627580110933e-07,4.3619708373217746e-07,1.3453457153899466e-07,2.8091572171334107e-07,1.3404960553549253e-05,0.02400710086257389,32,highpass
1.1200627580110933e-07,4.3619708373217746e-07,1.5321958237456259e-07,2.8091572171334107e-07,1.3404960553549253e-05,0.049613262861574386,32,highpass
1.1200627580110933e-07,4.3619708373217746e-07,1.5321958237456259e-07,2.8091572171334107e-07,1.3404960553549253e-05,0.049613262861574386,32,highpass
1.1200627580110933e-07,4.3619708373217746e-07,1.5321958237456259e-07,2.8091572171334107e-07,1.3404960553549253e-05,0.049613262861574386,32,highpass
1.1200627580110933e-07,4.3619708373217746e-07,1.5321958237456259e-07,2.8091572171334107e-07,1.3404960553549253e-05,0.049613262861574386,32,highpass
1.1200627580110933e-07,4.3619708373217746e-07,1.5321958237456259e-07,2.8091572171334107e-07,1.3404960553549253e-05,0.049613262861574386,32,highpass
1.1200627580110933e-07,4.3619708373217746e-07,1.5321958237456259e-07,2.8091572171334107e-07,1.3404960553549253e-05,0.049613262861574386,32,highpass
1.1200627580110933e-07,4.3619708373217746e-07,1.5321958237456259e-07,2.8091572171334107e-07,1.3404960553549253e-05,0.049613262861574386,32,highpass
1.1200627580110933e-07,4.3619708373217746e-07,1.5321958237456259e-07,2.8091572171334107e-07,1.3404960553549253e-05,0.049613262861574386,32,highpass
1.1200627580110933e-07,4.3619708373217746e-07,1.5321958237456259e-07,2.8091572171334107e-07,1.3404960553549253e-05,0.049613262861574386,32,highpass
1.1200627580110933e-07,4.3619708373217746e-07,1.5321958237456259e-07,2.8091572171334107e-07,1.3404960553549253e-05,0.049613262861574386,33,highpass
1.1200627580110933e-07,4.3619708373217746e-07,1.5321958237456259e-07,2.8091572171334107e-07,1.3404960553549253e-05,0.049613262861574386,33,highpass
1.1200627580110933e-07,4.3859814398023577e-07,1.5321958237456259e-07,2.8091572171334107e-07,1.3404960553549253e-05,0.04697399075954854,33,highpass
1.1200627580110933e-07,4.3619708373217746e-07,1.5321958237456259e-07,2.8091572171334107e-07,1.3404960553549253e-05,0.049613262861574386,33,highpass
1.1200627580110933e-07,4.3619708373217746e-07,1.5321958237456259e-07,2.8091572171334107e-07,1.3404960553549253e-05,0.049613262861574386,33,highpass
1.1200627580110933e-07,4.3619708373217746e-07,1.5321958237456259e-07,2.8091572171334107e-07,1.3404960553549253e-05,0.049613262861574386,33,highpass
1.1200627580110933e-07,4.3619708373217746e-07,1.5321958237456259e-07,2.8091572171334107e-07,1.3404960553549253e-05,0.049613262861574386,33,highpass
1.1200627580110933e-07,4.3619708373217746e-07,1.5321958237456259e-07,2.8091572171334107e-07,1.3404960553549253e-05,0.049613262861574386,33,highpass
1.1200627580110933e-07,4.3619708373217746e-07,1.5321958237456259e-07,2.8091572171334107e-07,1.3404960553549253e-05,0.049613262861574386,33,highpass
1.1200627580110933e-07,4.3619708373217746e-07,1.5321958237456259e-07,2.8091572171334107e-07,1.3404960553549253e-05,0.049613262861574386,33,highpass
1.1200627580110933e-07,4.3619708373217746e-07,1.5321958237456259e-07,2.8091572171334107e-07,1.3404960553549253e-05,0.049613262861574386,33,highpass
1.1200627580110933e-07,4.3619708373217746e-07,1.5321958237456259e-07,2.8091572171334107e-07,1.3404960553549253e-05,0.049613262861574386,33,highpass
1.1200627580110933e-07,4.3619708373217746e-07,1.5321958237456259e-07,2.8091572171334107e-07,1.3404960553549253e-05,0.049613262861574386,33,highpass
1.1200627580110933e-07,4.3619708373217746e-07,1.5321958237456259e-07,2.8091572171334107e-07,1.3404960553549253e-05,0.049613262861574386,33,highpass
1.1200627580110933e-07,4.4315370393974465e-07,1.5321958237456259e-07,2.8091572171334107e-07,1.3404960553549253e-05,0.038114009028174925,33,highpass
1.1200627580110933e-07,4.3808792994407013e-07,1.5321958237456259e-07,2.8091572171334107e-07,1.3404960553549253e-05,0.0477337105018316,33,highpass
1.1200627580110933e-07,4.3619708373217746e-07,1.5321958237456259e-07,2.8091572171334107e-07,1.3404960553549253e-05,0.049613262861574386,33,highpass
1.1200627580110933e-07,4.3619708373217746e-07,1.5321958237456259e-07,2.8091572171334107e-07,3.746201854741741e-05,0.02894818484032101,33,highpass
1.1200627580110933e-07,4.3619708373217746e-07,1.5321958237456259e-07,2.4931579076895947e-07,1.3404960553549253e-05,0.026407261083257402,33,highpass
1.1200627580110933e-07,6.770409559649387e-07,1.5321958237456259e-07,2.8091572171334107e-07,1.3404960553549253e-05,-0.10836078260818893,33,highpass
1.1200627580110933e-07,4.3619708373217746e-07,1.5321958237456259e-07,2.8091572171334107e-07,1.3404960553549253e-05,0.049613262861574386,33,highpass
1.1200627580110933e-07,4.3619708373217746e-07,1.5321958237456259e-07,2.8091572171334107e-07,1.3404960553549253e-05,0.049613262861574386,33,highpass
1.1200627580110933e-07,4.3619708373217746e-07,1.9078558106544594e-07,2.8091572171334107e-07,1.3404960553549253e-05,-0.03982156987009977,33,highpass
1.1200627580110933e-07,4.3619708373217746e-07,1.5321958237456259e-07,2.8091572171334107e-07,1.3404960553549253e-05,0.049613262861574386,33,highpass
1.1200627580110933e-07,4.3619708373217746e-07,1.5321958237456259e-07,2.8091572171334107e-07,1.4459601313254818e-05,0.026725786210932717,33,highpass
1.1200627580110933e-07,4.3619708373217746e-07,1.5321958237456259e-07,2.8091572171334107e-07,1.3404960553549253e-05,0.049613262861574386,33,highpass
1.1200627580110933e-07,4.3619708373217746e-07,1.5321958237456259e-07,2.8091572171334107e-07,1.3404960553549253e-05,0.049613262861574386,33,highpass
1.1200627580110933e-07,4.3619708373217746e-07,1.5321958237456259e-07,2.8091572171334107e-07,1.3404960553549253e-05,0.049613262861574386,33,highpass
1.1200627580110933e-07,4.3619708373217746e-07,1.5321958237456259e-07,2.8091572171334107e-07,3.976140065412042e-05,0.028098194617109676,33,highpass
1.1200627580110933e-07,4.3619708373217746e-07,1.5321958237456259e-07,2.8091572171334107e-07,1.3727513539406255e-05,0.03814128572642214,33,highpass
1.1200627580110933e-07,4.3619708373217746e-07,1.5321958237456259e-07,2.8091572171334107e-07,1.3404960553549253e-05,0.049613262861574386,34,highpass
1.1200627580110933e-07,4.3619708373217746e-07,1.5321958237456259e-07,2.8091572171334107e-07,1.3404960553549253e-05,0.049613262861574386,34,highpass
1.1200627580110933e-07,4.3619708373217746e-07,1.5321958237456259e-07,2.8091572171334107e-07,1.3404960553549253e-05,0.049613262861574386,34,highpass
1.1200627580110933e-07,4.3619708373217746e-07,1.5321958237456259e-07,2.8091572171334107e-07,1.3404960553549253e-05,0.049613262861574386,34,highpass
1.1200627580110933e-07,4.3619708373217746e-07,1.5321958237456259e-07,2.8091572171334107e-07,1.3404960553549253e-05,0.049613262861574386,34,highpass
1.1200627580110933e-07,4.3619708373217746e-07,1.5321958237456259e-07,2.8091572171334107e-07,1.3404960553549253e-05,0.049613262861574386,34,highpass
1.1200627580110933e-07,4.3619708373217746e-07,1.5321958237456259e-07,1.8145190201080061e-07,1.3404960553549253e-05,0.03538296256879211,34,highpass
1.1200627580110933e-07,4.3619708373217746e-07,1.5321958237456259e-07,2.8091572171334107e-07,1.3404960553549253e-05,0.049613262861574386,34,highpass
1.1200627580110933e-07,4.3619708373217746e-07,1.5321958237456259e-07,2.8091572171334107e-07,1.3404960553549253e-05,0.049613262861574386,34,highpass
1.1200627580110933e-07,4.3619708373217746e-07,1.5321958237456259e-07,2.8091572171334107e-07,1.3404960553549253e-05,0.049613262861574386,34,highpass
1.1200627580110933e-07,4.3619708373217746e-07,1.5321958237456259e-07,2.8091572171334107e-07,1.3404960553549253e-05,0.049613262861574386,34,highpass
1.1200627580110933e-07,4.3619708373217746e-07,1.5321958237456259e-07,2.8740315166424566e-07,1.3404960553549253e-05,0.04243408604042234,34,highpass
1.1200627580110933e-07,4.3619708373217746e-07,1.5321958237456259e-07,2.8091572171334107e-07,1.3404960553549253e-05,0.049613262861574386,34,highpass
1.1200627580110933e-07,4.3619708373217746e-07,1.5321958237456259e-07,2.8091572171334107e-07,1.3404960553549253e-05,0.049613262861574386,34,highpass
1.1439041957270425e-07,4.3619708373217746e-07,1.5321958237456259e-07,2.8091572171334107e-07,1.3404960553549253e-05,0.01831948908046027,34,highpass
1.1200627580110933e-07,4.3619708373217746e-07,1.5321958237456259e-07,2.8091572171334107e-07,1.3404960553549253e-05,0.049613262861574386,34,highpass
1.1200627580110933e-07,4.3619708373217746e-07,1.5321958237456259e-07,2.8091572171334107e-07,1.3404960553549253e-05,0.049613262861574386,34,highpass
1.1200627580110933e-07,4.3619708373217746e-07,1.5321958237456259e-07,2.8091572171334107e-07,1.3404960553549253e-05,0.049613262861574386,34,highpass
1.1200627580110933e-07,4.3619708373217746e-07,1.5321958237456259e-07,2.8091572171334107e-07,1.3404960553549253e-05,0.049613262861574386,34,highpass
1.1200627580110933e-07,4.3619708373217746e-07,1.5321958237456259e-07,2.8091572171334107e-07,1.3404960553549253e-05,0.049613262861574386,34,highpass
1.1200627580110933e-07,4.3619708373217746e-07,1.5321958237456259e-07,2.8091572171334107e-07,1.3404960553549253e-05,0.049613262861574386,34,highpass
1.1511673950319268e-07,4.3619708373217746e-07,1.5321958237456259e-07,2.8091572171334107e-07,1.3404960553549253e-05,0.01762237626429959,34,highpass
1.1200627580110933e-07,4.3619708373217746e-07,1.5321958237456259e-07,2.8091572171334107e-07,1.3404960553549253e-05,0.049613262861574386,34,highpass
2.2228144153163455e-07,4.3619708373217746e-07,1.5321958237456259e-07,2.8091572171334107e-07,1.3404960553549253e-05,0.010889720974969479,34,highpass
1.1200627580110933e-07,4.3619708373217746e-07,1.5321958237456259e-07,2.8091572171334107e-07,1.3404960553549253e-05,0.049613262861574386,34,highpass
1.1200627580110933e-07,4.3619708373217746e-07,1.5321958237456259e-07,2.8091572171334107e-07,1.3404960553549253e-05,0.049613262861574386,34,highpass
1.1200627580110933e-07,4.3619708373217746e-07,1.5321958237456259e-07,2.8091572171334107e-07,1.3404960553549253e-05,0.049613262861574386,34,highpass
1.1200627580110933e-07,4.3619708373217746e-07,1.5321958237456259e-07,2.8091572171334107e-07,1.3404960553549253e-05,0.049613262861574386,34,highpass
1.1200627580110933e-07,4.3619708373217746e-07,1.5171908871132092e-07,2.8091572171334107e-07,1.3404960553549253e-05,0.026517080699590384,34,highpass
1.1200627580110933e-07,4.3619708373217746e-07,1.5321958237456259e-07,2.8091572171334107e-07,1.3404960553549253e-05,0.049613262861574386,34,highpass
1.1200627580110933e-07,4.3619708373217746e-07,1.5321958237456259e-07,2.8091572171334107e-07,1.3404960553549253e-05,0.049613262861574386,35,highpass
1.1200627580110933e-07,4.3619708373217746e-07,1.5321958237456259e-07,2.8091572171334107e-07,1.3404960553549253e-05,0.049613262861574386,35,highpass
1.1200627580110933e-07,4.3619708373217746e-07,1.5321958237456259e-07,2.8091572171334107e-07,1.3404960553549253e-05,0.049613262861574386,35,highpass
1.1200627580110933e-07,4.3619708373217746e-07,1.5321958237456259e-07,2.8091572171334107e-07,1.3404960553549253e-05,0.049613262861574386,35,highpass
1.1200627580110933e-07,4.3619708373217746e-07,1.5321958237456259e-07,2.8091572171334107e-07,1.3404960553549253e-05,0.049613262861574386,35,highpass
1.1200627580110933e-07,4.3619708373217746e-07,1.5321958237456259e-07,2.8091572171334107e-07,1.3404960553549253e-05,0.049613262861574386,35,highpass
1.1200627580110933e-07,4.3619708373217746e-07,1.5321958237456259e-07,2.8091572171334107e-07,1.3404960553549253e-05,0.049613262861574386,35,highpass
1.1200627580110933e-07,4.3619708373217746e-07,1.5321958237456259e-07,2.8091572171334107e-07,1.3404960553549253e-05,0.049613262861574386,35,highpass
1.1200627580110933e-07,5.896045748630721e-07,1.5321958237456259e-07,2.8091572171334107e-07,1.3404960553549253e-05,-0.04961248553857528,35,highpass
1.1200627580110933e-07,4.3619708373217746e-07,1.5947614975043414e-07,2.8091572171334107e-07,1.3404960553549253e-05,0.028748310297258273,35,highpass
1.1200627580110933e-07,4.3619708373217746e-07,1.5321958237456259e-07,2.8091572171334107e-07,1.3404960553549253e-05,0.049613262861574386,35,highpass
1.1200627580110933e-07,4.3619708373217746e-07,1.5321958237456259e-07,2.1604040880380517e-07,1.3404960553549253e-05,0.033206956322558365,35,highpass
1.1200627580110933e-07,4.3619708373217746e-07,1.5321958237456259e-07,2.8091572171334107e-07,1.3404960553549253e-05,0.049613262861574386,35,highpass
1.1200627580110933e-07,4.3619708373217746e-07,1.5321958237456259e-07,2.8091572171334107e-07,1.3404960553549253e-05,0.049613262861574386,35,highpass
1.1200627580110933e-07,4.3619708373217746e-07,1.5321958237456259e-07,2.8091572171334107e-07,1.3404960553549253e-05,0.049613262861574386,35,highpass
1.1200627580110933e-07,4.3619708373217746e-07,1.5321958237456259e-07,2.8091572171334107e-07,1.3404960553549253e-05,0.049613262861574386,35,highpass
1.1200627580110933e-07,4.3619708373217746e-07,1.5321958237456259e-07,2.8091572171334107e-07,1.3404960553549253e-05,0.049613262861574386,35,highpass
1.1200627580110933e-07,4.3619708373217746e-07,1.5321958237456259e-07,2.8091572171334107e-07,1.3404960553549253e-05,0.049613262861574386,35,highpass
1.1200627580110933e-07,4.3619708373217746e-07,1.5321958237456259e-07,2.8091572171334107e-07,1.3404960553549253e-05,0.049613262861574386,35,highpass
1.1200627580110933e-07,4.3619708373217746e-07,1.5321958237456259e-07,2.8091572171334107e-07,1.3404960553549253e-05,0.049613262861574386,35,highpass
1.1200627580110933e-07,4.3619708373217746e-07,1.5321958237456259e-07,2.8091572171334107e-07,1.3404960553549253e-05,0.049613262861574386,35,highpass
1.1200627580110933e-07,4.3619708373217746e-07,1.5321958237456259e-07,2.8091572171334107e-07,1.3404960553549253e-05,0.049613262861574386,35,highpass
1.1200627580110933e-07,4.3619708373217746e-07,1.5321958237456259e-07,2.8091572171334107e-07,1.3404960553549253e-05,0.049613262861574386,35,highpass
1.1200627580110933e-07,4.3619708373217746e-07,1.5321958237456259e-07,2.8091572171334107e-07,1.3404960553549253e-05,0.049613262861574386,35,highpass
1.1200627580110933e-07,4.3619708373217746e-07,1.5321958237456259e-07,2.8091572171334107e-07,1.3404960553549253e-05,0.049613262861574386,35,highpass
1.1200627580110933e-07,4.3619708373217746e-07,1.5321958237456259e-07,1.964970029304081e-07,1.3404960553549253e-05,0.03893431835663638,35,highpass
1.1200627580110933e-07,4.3619708373217746e-07,1.5321958237456259e-07,2.8091572171334107e-07,1.3404960553549253e-05,0.049613262861574386,35,highpass
1.1200627580110933e-07,4.3619708373217746e-07,1.5321958237456259e-07,2.8091572171334107e-07,1.3404960553549253e-05,0.049613262861574386,35,highpass
1.1200627580110933e-07,4.3619708373217746e-07,1.5321958237456259e-07,2.8091572171334107e-07,1.3404960553549253e-05,0.049613262861574386,35,highpass
1.1200627580110933e-07,4.3619708373217746e-07,1.5321958237456259e-07,2.8091572171334107e-07,1.3404960553549253e-05,0.049613262861574386,35,highpass
1.1200627580110933e-07,4.3619708373217746e-07,1.5321958237456259e-07,2.8091572171334107e-07,1.3404960553549253e-05,0.049613262861574386,36,highpass
1.1200627580110933e-07,4.3619708373217746e-07,1.5321958237456259e-07,2.8091572171334107e-07,1.3404960553549253e-05,0.049613262861574386,36,highpass
1.1200627580110933e-07,4.3619708373217746e-07,1.5321958237456259e-07,2.8091572171334107e-07,1.3404960553549253e-05,0.049613262861574386,36,highpass
1.1200627580110933e-07,4.3619708373217746e-07,1.5321958237456259e-07,2.8091572171334107e-07,1.3404960553549253e-05,0.049613262861574386,36,highpass
1.1200627580110933e-07,4.3619708373217746e-07,1.5321958237456259e-07,2.8091572171334107e-07,1.3404960553549253e-05,0.049613262861574386,36,highpass
1.1200627580110933e-07,4.3619708373217746e-07,1.5321958237456259e-07,2.8091572171334107e-07,1.3404960553549253e-05,0.049613262861574386,36,highpass
1.1200627580110933e-07,4.3619708373217746e-07,1.5321958237456259e-07,2.8091572171334107e-07,1.3404960553549253e-05,0.049613262861574386,36,highpass
1.1200627580110933e-07,4.3619708373217746e-07,1.5321958237456259e-07,2.8091572171334107e-07,1.3404960553549253e-05,0.049613262861574386,36,highpass
1.1200627580110933e-07,4.3619708373217746e-07,1.5321958237456259e-07,2.8091572171334107e-07,1.3404960553549253e-05,0.049613262861574386,36,highpass
1.1200627580110933e-07,4.3619708373217746e-07,1.5321958237456259e-07,2.8091572171334107e-07,1.3404960553549253e-05,0.049613262861574386,36,highpass
1.1200627580110933e-07,4.3619708373217746e-07,1.5321958237456259e-07,2.8091572171334107e-07,1.3404960553549253e-05,0.049613262861574386,36,highpass
1.1200627580110933e-07,4.3619708373217746e-07,1.5321958237456259e-07,2.8091572171334107e-07,1.3404960553549253e-05,0.049613262861574386,36,highpass
1.1200627580110933e-07,4.3619708373217746e-07,1.4100660046946652e-07,2.8091572171334107e-07,1.3404960553549253e-05,0.039932439188821306,36,highpass
1.1200627580110933e-07,4.3619708373217746e-07,1.5321958237456259e-07,2.8091572171334107e-07,1.3404960553549253e-05,0.049613262861574386,36,highpass
1.1200627580110933e-07,4.3619708373217746e-07,1.5321958237456259e-07,2.8091572171334107e-07,1.3404960553549253e-05,0.049613262861574386,36,highpass
1.1200627580110933e-07,4.3619708373217746e-07,1.5321958237456259e-07,2.8091572171334107e-07,1.3404960553549253e-05,0.049613262861574386,36,highpass
1.1200627580110933e-07,4.3619708373217746e-07,1.5321958237456259e-07,2.8091572171334107e-07,1.3404960553549253e-05,0.049613262861574386,36,highpass
1.1200627580110933e-07,4.3619708373217746e-07,1.5321958237456259e-07,2.8091572171334107e-07,3.483179108866243e-05,0.030304138413365572,36,highpass
1.1200627580110933e-07,4.3619708373217746e-07,1.5321958237456259e-07,2.8091572171334107e-07,1.3404960553549253e-05,0.049613262861574386,36,highpass
1.1200627580110933e-07,4.3619708373217746e-07,1.5321958237456259e-07,2.8091572171334107e-07,1.3404960553549253e-05,0.049613262861574386,36,highpass
1.1200627580110933e-07,4.3619708373217746e-07,1.5321958237456259e-07,2.8091572171334107e-07,1.3404960553549253e-05,0.049613262861574386,36,highpass
1.1200627580110933e-07,4.3619708373217746e-07,1.5321958237456259e-07,2.8091572171334107e-07,1.3404960553549253e-05,0.049613262861574386,36,highpass
1.1200627580110933e-07,4.3619708373217746e-07,1.5321958237456259e-07,2.8091572171334107e-07,1.3404960553549253e-05,0.049613262861574386,36,highpass
1.1200627580110933e-07,4.3619708373217746e-07,1.5321958237456259e-07,2.8091572171334107e-07,1.3404960553549253e-05,0.049613262861574386,36,highpass
1.1200627580110933e-07,4.3619708373217746e-07,1.5321958237456259e-07,2.8091572171334107e-07,1.3404960553549253e-05,0.049613262861574386,36,highpass
1.1200627580110933e-07,4.3619708373217746e-07,1.5321958237456259e-07,2.8091572171334107e-07,1.3404960553549253e-05,0.049613262861574386,36,highpass
1.1200627580110933e-07,4.3619708373217746e-07,1.5321958237456259e-07,2.8091572171334107e-07,1.3404960553549253e-05,0.049613262861574386,36,highpass
1.1048204628064649e-07,4.3619708373217746e-07,1.5321958237456259e-07,2.8091572171334107e-07,1.3404960553549253e-05,0.029153309182456413,36,highpass
1.1200627580110933e-07,4.3619708373217746e-07,1.5321958237456259e-07,2.8091572171334107e-07,1.3404960553549253e-05,0.049613262861574386,36,highpass
1.1200627580110933e-07,4.3619708373217746e-07,1.5321958237456259e-07,2.8091572171334107e-07,1.3404960553549253e-05,0.049613262861574386,36,highpass
