s,w,l,height,total_length,fitness_score,generation,fitness_strategy
1.1713552751704744e-07,3.485728246918649e-07,1.0886742648302202e-07,1.9833850609203709e-07,2.4621639979106043e-05,0.5140347483152052,1,highpass
2.0705734149246434e-07,3.029906696833521e-07,2.46287607102828e-07,2.3256823555922256e-07,2.0090222650295325e-05,0.5375053877286097,1,highpass
1.179193766974222e-07,6.795625443488756e-07,1.5603767508971513e-07,2.5055150941539904e-07,3.780059673842732e-05,0.5128855072745253,1,highpass
1.97395619761575e-07,3.967609583495872e-07,2.0813743486162515e-07,2.725399282054917e-07,9.222501609703546e-06,0.5611682597164671,1,highpass
1.3971253393267153e-07,3.0407873154119594e-07,2.3149217575057185e-07,2.8902794700581176e-07,3.179052292336536e-05,0.5526894739355345,1,highpass
2.050433713146315e-07,6.787517325803616e-07,2.057963433769301e-07,1.5e-07,4.6163175856887176e-05,0.41256002405295267,1,highpass
1.5575141588680818e-07,3.5619667533186823e-07,1.307988914113893e-07,2.9851343372022344e-07,3.2642294320396346e-05,0.5274257404581757,1,highpass
1.3237667803514675e-07,6.19402678281919e-07,1.2839218690757755e-07,2.447847572406277e-07,3.074680738305149e-05,0.5377756061695285,1,highpass
1.7560221313557884e-07,4.196223320824508e-07,1.4770777575673004e-07,2.2599207848767943e-07,4.2758792922115573e-05,0.5318713795598977,1,highpass
1.5320216525507657e-07,4.903128112277045e-07,2.1149557695233987e-07,2.182622656518575e-07,1.936985335160279e-05,0.46789673327957404,1,highpass
1.5251040132002954e-07,3.9267067944078314e-07,2.2447795832720643e-07,3e-07,4.0574851376937836e-05,0.5440187568863224,1,highpass
1.4524384644860408e-07,4.0795886011077577e-07,1.4644180165989838e-07,2.1986471161198914e-07,3.2629666444673396e-05,0.5381339445080482,1,highpass
1.4253371065848707e-07,5.585176805871739e-07,1.6886139575247924e-07,2.1933845407576454e-07,4.083259631884191e-05,0.5364580428646528,1,highpass
1.1017463720618097e-07,6.280001645565295e-07,1.660819012192174e-07,2.0382533960141258e-07,4.5097365016288725e-05,0.5599753866097954,1,highpass
1.2491915930310233e-07,5.664310334114096e-07,1.2612644469377911e-07,3e-07,4.6306747196996015e-05,0.5499281201922753,1,highpass
1.8889949360053102e-07,5.935083002468001e-07,1e-07,2.550712270881227e-07,4.763807550308787e-05,0.5347495702869978,1,highpass
2.1923984547999636e-07,6.573989349887515e-07,2.1757583078622494e-07,1.6475818395204073e-07,3.3614154190732834e-05,0.477686188928758,1,highpass
1.1282457475114565e-07,4.786860040562806e-07,1.590356508982751e-07,1.7975383315867546e-07,1.613951351141205e-05,0.538702651994337,1,highpass
1.515378782416459e-07,5.96494292743645e-07,1.3539647781657824e-07,2.648616067362148e-07,3.11553978424635e-05,0.5331153957908996,1,highpass
1.013944637018696e-07,4.7414651670837446e-07,2.239878437444176e-07,1.5e-07,3.580649785834811e-05,0.5539615119829495,1,highpass
1.467432376105228e-07,3.839339224299071e-07,1.413593918640498e-07,1.5932128870650985e-07,1.3750815360537543e-05,0.5179674194443146,1,highpass
1.8257191394182258e-07,3.9109217145291617e-07,1.501239120027271e-07,2.0270619755535468e-07,3.540722337950435e-05,0.5213356082807062,1,highpass
1.735636207028432e-07,4.3711831162221743e-07,1.843795897534093e-07,2.520458181267161e-07,2.3132274888145203e-05,0.5461017531576343,1,highpass
1.2854867434346668e-07,4.0703120113829875e-07,1.5425762870352993e-07,1.7043233479709003e-07,4.141563422056204e-05,0.5321363796794828,1,highpass
2.168469085017373e-07,3.1055420010574817e-07,1.5361720774054195e-07,2.1511820671658772e-07,6.475320761127035e-06,0.50890540111581,1,highpass
2.4866465938751404e-07,5.970754103541215e-07,1.6938474697278469e-07,1.5912130581303461e-07,4.863172027423898e-05,0.4157639265800193,1,highpass
1.8497581893348158e-07,5.070284040862376e-07,1.219930834313346e-07,1.7819119131488867e-07,3.8796695763704855e-05,0.5149606955535145,1,highpass
1.2958315768276037e-07,6.027726843173285e-07,1.912656031864186e-07,2.2597609203632736e-07,1.3852114147848026e-05,0.43942370450873686,1,highpass
1.600025517953231e-07,3e-07,1e-07,2.6804843826747354e-07,3.453899200846328e-05,0.5094663593059421,1,highpass
1.7188321869025075e-07,6.871900340695643e-07,1.7931583943678333e-07,2.102156124727364e-07,1.0650549174568212e-05,0.30090968094040427,1,highpass
1.97395619761575e-07,3.967609583495872e-07,2.0813743486162515e-07,2.725399282054917e-07,9.222501609703546e-06,0.5611682597164671,2,highpass
1.515378782416459e-07,5.96494292743645e-07,1.3539647781657824e-07,2.520458181267161e-07,2.3132274888145203e-05,0.5490791845760531,2,highpass
1.2491915930310233e-07,3.967609583495872e-07,2.0813743486162515e-07,2.725399282054917e-07,9.222501609703546e-06,0.5786207322408263,2,highpass
1.1017463720618097e-07,6.076243361588096e-07,1.2612644469377911e-07,3e-07,4.6306747196996015e-05,0.5212172029671314,2,highpass
1.1017463720618097e-07,6.280001645565295e-07,2.0813743486162515e-07,2.725399282054917e-07,9.222501609703546e-06,0.21150818956075373,2,highpass
1.1282457475114565e-07,4.786860040562806e-07,1.590356508982751e-07,1.7975383315867546e-07,1.613951351141205e-05,0.538702651994337,2,highpass
1.97395619761575e-07,4.7414651670837446e-07,2.239878437444176e-07,1.5e-07,3.580649785834811e-05,0.5245755914583797,2,highpass
1.1017463720618097e-07,6.280001645565295e-07,1.6078060947205083e-07,2.0382533960141258e-07,3.2629666444673396e-05,0.5539135124240828,2,highpass
1.515378782416459e-07,3.967609583495872e-07,2.0813743486162515e-07,2.725399282054917e-07,9.222501609703546e-06,0.5284140980220208,2,highpass
1.97395619761575e-07,3.967609583495872e-07,2.0813743486162515e-07,2.725399282054917e-07,9.222501609703546e-06,0.5611682597164671,2,highpass
1.515378782416459e-07,5.96494292743645e-07,1.3539647781657824e-07,2.648616067362148e-07,1.613951351141205e-05,0.5652609651838227,2,highpass
1.735636207028432e-07,4.5110533673769327e-07,1.843795897534093e-07,2.520458181267161e-07,3.074680738305149e-05,0.5450990837427706,2,highpass
1.2854867434346668e-07,5.664310334114096e-07,1.2612644469377911e-07,3e-07,4.6306747196996015e-05,0.5527853746130988,2,highpass
1.3237667803514675e-07,6.19402678281919e-07,1.2839218690757755e-07,2.447847572406277e-07,3.580649785834811e-05,0.5386685483416813,2,highpass
1.3971253393267153e-07,3.0407873154119594e-07,1.590356508982751e-07,1.7975383315867546e-07,1.613951351141205e-05,0.5166064095259886,2,highpass
1.1282457475114565e-07,4.786860040562806e-07,1.590356508982751e-07,2.1933845407576454e-07,4.083259631884191e-05,0.5528795265359364,2,highpass
1.2491915930310233e-07,5.664310334114096e-07,1.2612644469377911e-07,2.725399282054917e-07,9.222501609703546e-06,0.5922035496622042,2,highpass
1.3971253393267153e-07,4.0835128837456463e-07,2.0813743486162515e-07,2.725399282054917e-07,9.222501609703546e-06,0.5553127699796241,2,highpass
1.1017463720618097e-07,6.280001645565295e-07,1.660819012192174e-07,2.0382533960141258e-07,3.179052292336536e-05,0.5496956809655136,2,highpass
1.1017463720618097e-07,6.310328039646764e-07,1.590356508982751e-07,1.7975383315867546e-07,1.613951351141205e-05,0.5424579204916069,2,highpass
1.97395619761575e-07,3.967609583495872e-07,1.660819012192174e-07,2.0382533960141258e-07,4.5097365016288725e-05,0.5276497458446561,2,highpass
1.97395619761575e-07,3.967609583495872e-07,2.0813743486162515e-07,2.725399282054917e-07,1.613951351141205e-05,0.47431625842519787,2,highpass
1.013944637018696e-07,4.7414651670837446e-07,2.239878437444176e-07,2.520458181267161e-07,2.3132274888145203e-05,0.546740027609711,2,highpass
1.1282457475114565e-07,4.786860040562806e-07,1.590356508982751e-07,2.8902794700581176e-07,3.179052292336536e-05,0.5489102507532073,2,highpass
1.735636207028432e-07,4.3711831162221743e-07,1.843795897534093e-07,2.0382533960141258e-07,4.5097365016288725e-05,0.5440441667397282,2,highpass
1.4524384644860408e-07,4.0795886011077577e-07,1.4644180165989838e-07,2.0382533960141258e-07,4.5097365016288725e-05,0.5321474589652126,2,highpass
1.2491915930310233e-07,4.3711831162221743e-07,1.843795897534093e-07,2.520458181267161e-07,2.3132274888145203e-05,0.5602984563424455,2,highpass
1.1017463720618097e-07,6.280001645565295e-07,1.660819012192174e-07,2.0382533960141258e-07,9.222501609703546e-06,0.566785857334646,2,highpass
1.1017463720618097e-07,6.280001645565295e-07,1.660819012192174e-07,2.0382533960141258e-07,9.222501609703546e-06,0.566785857334646,2,highpass
1.5251040132002954e-07,3.967609583495872e-07,2.0813743486162515e-07,2.725399282054917e-07,9.222501609703546e-06,0.5074496043449931,2,highpass
1.2491915930310233e-07,5.664310334114096e-07,1.2612644469377911e-07,2.725399282054917e-07,9.222501609703546e-06,0.5922035496622042,3,highpass
1.2491915930310233e-07,5.664310334114096e-07,2.0813743486162515e-07,2.725399282054917e-07,9.222501609703546e-06,0.23888000131494153,3,highpass
1.2491915930310233e-07,3.967609583495872e-07,2.0813743486162515e-07,2.725399282054917e-07,9.222501609703546e-06,0.5786207322408263,3,highpass
1.2491915930310233e-07,3.967609583495872e-07,1.843795897534093e-07,2.520458181267161e-07,2.3132274888145203e-05,0.5513492875928854,3,highpass
1.1017463720618097e-07,6.280001645565295e-07,1.660819012192174e-07,2.0382533960141258e-07,9.222501609703546e-06,0.566785857334646,3,highpass
1.97395619761575e-07,3.967609583495872e-07,2.0813743486162515e-07,2.0382533960141258e-07,3.2629666444673396e-05,0.5302841393117381,3,highpass
1.2491915930310233e-07,3.967609583495872e-07,1.2612644469377911e-07,2.725399282054917e-07,9.222501609703546e-06,0.5392039238827349,3,highpass
1.1017463720618097e-07,6.280001645565295e-07,1.590356508982751e-07,2.1933845407576454e-07,4.083259631884191e-05,0.5324784864140342,3,highpass
1.2854867434346668e-07,5.664310334114096e-07,2.0813743486162515e-07,2.725399282054917e-07,9.222501609703546e-06,0.2510525878290853,3,highpass
1.1017463720618097e-07,4.321056853131819e-07,1.660819012192174e-07,3e-07,4.6306747196996015e-05,0.5574355888674586,3,highpass
1.1282457475114565e-07,5.664310334114096e-07,1.2612644469377911e-07,2.725399282054917e-07,9.222501609703546e-06,0.5370375152602945,3,highpass
1.2491915930310233e-07,5.664310334114096e-07,1.660819012192174e-07,2.0382533960141258e-07,9.222501609703546e-06,0.532483626203574,3,highpass
1.2491915930310233e-07,4.3711831162221743e-07,1.843795897534093e-07,2.520458181267161e-07,5.086083887935702e-06,0.5393016357757372,3,highpass
1.1282457475114565e-07,4.786860040562806e-07,1.590356508982751e-07,2.648616067362148e-07,1.613951351141205e-05,0.5538772174674824,3,highpass
1.2854867434346668e-07,5.664310334114096e-07,1.2612644469377911e-07,2.520458181267161e-07,3.074680738305149e-05,0.5589649898602316,3,highpass
1.2491915930310233e-07,3.967609583495872e-07,2.0813743486162515e-07,2.725399282054917e-07,9.222501609703546e-06,0.5786207322408263,3,highpass
1.1017463720618097e-07,6.280001645565295e-07,1.660819012192174e-07,2.0382533960141258e-07,9.222501609703546e-06,0.566785857334646,3,highpass
1.97395619761575e-07,3.967609583495872e-07,1.3539647781657824e-07,2.648616067362148e-07,1.613951351141205e-05,0.5288321964222991,3,highpass
1.1017463720618097e-07,6.280001645565295e-07,1.660819012192174e-07,2.648616067362148e-07,1.613951351141205e-05,0.5195705718663903,3,highpass
1.2491915930310233e-07,4.3711831162221743e-07,2.0813743486162515e-07,2.725399282054917e-07,9.222501609703546e-06,0.5839332326998485,3,highpass
1.2491915930310233e-07,3.967609583495872e-07,2.0813743486162515e-07,2.725399282054917e-07,9.222501609703546e-06,0.5786207322408263,3,highpass
1.2491915930310233e-07,5.664310334114096e-07,1.2612644469377911e-07,2.725399282054917e-07,1.613951351141205e-05,0.5346660487189392,3,highpass
1.1017463720618097e-07,4.786860040562806e-07,1.590356508982751e-07,2.8902794700581176e-07,3.179052292336536e-05,0.5584624548036008,3,highpass
1.2491915930310233e-07,3.967609583495872e-07,2.0813743486162515e-07,2.725399282054917e-07,9.222501609703546e-06,0.5786207322408263,3,highpass
1.2491915930310233e-07,3.967609583495872e-07,2.0813743486162515e-07,2.725399282054917e-07,9.222501609703546e-06,0.5786207322408263,3,highpass
1.1017463720618097e-07,5.664310334114096e-07,1.2612644469377911e-07,3e-07,4.6306747196996015e-05,0.5517258600043391,3,highpass
1.3971253393267153e-07,4.0835128837456463e-07,2.0813743486162515e-07,2.725399282054917e-07,9.222501609703546e-06,0.5553127699796241,3,highpass
1.2491915930310233e-07,5.664310334114096e-07,2.0813743486162515e-07,2.725399282054917e-07,9.222501609703546e-06,0.23888000131494153,3,highpass
1.2491915930310233e-07,5.664310334114096e-07,1.2612644469377911e-07,2.0382533960141258e-07,3.2629666444673396e-05,0.5455143289355551,3,highpass
1.2491915930310233e-07,5.664310334114096e-07,1.2612644469377911e-07,2.725399282054917e-07,9.222501609703546e-06,0.5922035496622042,3,highpass
1.2491915930310233e-07,5.664310334114096e-07,1.2612644469377911e-07,2.725399282054917e-07,9.222501609703546e-06,0.5922035496622042,4,highpass
1.2491915930310233e-07,3.967609583495872e-07,2.0813743486162515e-07,2.725399282054917e-07,3.074680738305149e-05,0.5580028756037009,4,highpass
1.2491915930310233e-07,3.967609583495872e-07,2.0813743486162515e-07,2.725399282054917e-07,3.987623151907303e-05,0.5554427129160078,4,highpass
1.2491915930310233e-07,3.967609583495872e-07,2.0813743486162515e-07,2.725399282054917e-07,9.222501609703546e-06,0.5786207322408263,4,highpass
1.1017463720618097e-07,4.3711831162221743e-07,2.0813743486162515e-07,2.725399282054917e-07,9.222501609703546e-06,0.5539522919676336,4,highpass
1.2491915930310233e-07,5.664310334114096e-07,1.2612644469377911e-07,2.725399282054917e-07,9.222501609703546e-06,0.5922035496622042,4,highpass
1.1787752865859756e-07,3.967609583495872e-07,2.0813743486162515e-07,2.725399282054917e-07,9.222501609703546e-06,0.5286820645803342,4,highpass
1.2491915930310233e-07,5.664310334114096e-07,1.660819012192174e-07,2.0382533960141258e-07,9.222501609703546e-06,0.532483626203574,4,highpass
1.2491915930310233e-07,3.967609583495872e-07,2.0813743486162515e-07,2.725399282054917e-07,9.222501609703546e-06,0.5786207322408263,4,highpass
1.2491915930310233e-07,3.967609583495872e-07,2.0813743486162515e-07,2.725399282054917e-07,9.222501609703546e-06,0.5786207322408263,4,highpass
1.2491915930310233e-07,5.664310334114096e-07,2.0813743486162515e-07,2.725399282054917e-07,9.222501609703546e-06,0.23888000131494153,4,highpass
1.2491915930310233e-07,3.967609583495872e-07,2.0813743486162515e-07,1.8865323719187787e-07,9.222501609703546e-06,0.564698083456196,4,highpass
1.2491915930310233e-07,5.664310334114096e-07,1.2612644469377911e-07,2.725399282054917e-07,3.412496234248237e-05,0.55600462207911,4,highpass
1.2491915930310233e-07,5.664310334114096e-07,1.2612644469377911e-07,2.725399282054917e-07,9.222501609703546e-06,0.5922035496622042,4,highpass
1.2491915930310233e-07,5.664310334114096e-07,1.2612644469377911e-07,2.520458181267161e-07,3.074680738305149e-05,0.5654718978529193,4,highpass
1.2491915930310233e-07,5.664310334114096e-07,1.2612644469377911e-07,2.725399282054917e-07,9.222501609703546e-06,0.5922035496622042,4,highpass
1.2491915930310233e-07,4.3711831162221743e-07,2.0813743486162515e-07,2.725399282054917e-07,9.222501609703546e-06,0.5839332326998485,4,highpass
1.2491915930310233e-07,5.664310334114096e-07,1.2612644469377911e-07,2.725399282054917e-07,9.222501609703546e-06,0.5922035496622042,4,highpass
1.1017463720618097e-07,4.786860040562806e-07,1.590356508982751e-07,2.8902794700581176e-07,9.222501609703546e-06,0.5935475369983424,4,highpass
1.2854867434346668e-07,5.664310334114096e-07,1.2612644469377911e-07,2.520458181267161e-07,3.074680738305149e-05,0.5589649898602316,4,highpass
1.1017463720618097e-07,4.786860040562806e-07,2.0813743486162515e-07,2.725399282054917e-07,9.222501609703546e-06,0.4639588250831861,4,highpass
1.1017463720618097e-07,6.280001645565295e-07,1.660819012192174e-07,2.725399282054917e-07,9.222501609703546e-06,0.4509842526600155,4,highpass
1.2491915930310233e-07,5.664310334114096e-07,1.2612644469377911e-07,2.46098717588148e-07,9.222501609703546e-06,0.555304987039353,4,highpass
1.2491915930310233e-07,4.3711831162221743e-07,2.0813743486162515e-07,2.725399282054917e-07,9.222501609703546e-06,0.5839332326998485,4,highpass
1.2491915930310233e-07,5.664310334114096e-07,1.2612644469377911e-07,2.725399282054917e-07,9.222501609703546e-06,0.5922035496622042,4,highpass
1.131032288374e-07,5.664310334114096e-07,1.2612644469377911e-07,2.725399282054917e-07,9.222501609703546e-06,0.533439425699727,4,highpass
1.2491915930310233e-07,3.967609583495872e-07,2.0813743486162515e-07,2.0382533960141258e-07,9.222501609703546e-06,0.5570161693619883,4,highpass
1.1017463720618097e-07,4.786860040562806e-07,2.0813743486162515e-07,2.725399282054917e-07,9.222501609703546e-06,0.4639588250831861,4,highpass
1.2854867434346668e-07,5.664310334114096e-07,1.2612644469377911e-07,2.520458181267161e-07,3.074680738305149e-05,0.5589649898602316,4,highpass
1.2491915930310233e-07,3.967609583495872e-07,2.0813743486162515e-07,2.725399282054917e-07,9.222501609703546e-06,0.5786207322408263,4,highpass
1.1017463720618097e-07,4.786860040562806e-07,1.590356508982751e-07,2.8902794700581176e-07,9.222501609703546e-06,0.5935475369983424,5,highpass
1.1017463720618097e-07,4.786860040562806e-07,1.590356508982751e-07,2.8902794700581176e-07,9.222501609703546e-06,0.5935475369983424,5,highpass
1.2491915930310233e-07,5.664310334114096e-07,1.2612644469377911e-07,2.725399282054917e-07,9.222501609703546e-06,0.5922035496622042,5,highpass
1.2491915930310233e-07,4.3711831162221743e-07,2.0813743486162515e-07,2.725399282054917e-07,9.222501609703546e-06,0.5839332326998485,5,highpass
1.2491915930310233e-07,5.664310334114096e-07,1.2612644469377911e-07,2.3278128003395504e-07,9.222501609703546e-06,0.5741270686608451,5,highpass
2.133816889174235e-07,5.664310334114096e-07,1.2612644469377911e-07,2.725399282054917e-07,9.222501609703546e-06,0.5547664773987835,5,highpass
1.2491915930310233e-07,4.3711831162221743e-07,2.0813743486162515e-07,2.725399282054917e-07,9.222501609703546e-06,0.5839332326998485,5,highpass
1.2491915930310233e-07,4.786860040562806e-07,1.67628406207132e-07,2.8902794700581176e-07,9.222501609703546e-06,0.5046036087185167,5,highpass
1.2491915930310233e-07,5.664310334114096e-07,1.2612644469377911e-07,2.725399282054917e-07,9.222501609703546e-06,0.5922035496622042,5,highpass
1.2491915930310233e-07,5.664310334114096e-07,1.2612644469377911e-07,2.725399282054917e-07,9.222501609703546e-06,0.5922035496622042,5,highpass
1.1017463720618097e-07,4.786860040562806e-07,1.590356508982751e-07,2.8902794700581176e-07,9.222501609703546e-06,0.5935475369983424,5,highpass
1.2491915930310233e-07,4.786860040562806e-07,1.590356508982751e-07,2.8902794700581176e-07,9.222501609703546e-06,0.5577633922770577,5,highpass
1.2491915930310233e-07,3.967609583495872e-07,1.2612644469377911e-07,2.725399282054917e-07,9.222501609703546e-06,0.5392039238827349,5,highpass
1.2491915930310233e-07,4.3711831162221743e-07,2.0813743486162515e-07,2.3472174065739364e-07,9.222501609703546e-06,0.5780332867647549,5,highpass
1.2491915930310233e-07,5.664310334114096e-07,1.2612644469377911e-07,2.8902794700581176e-07,9.222501609703546e-06,0.563443298721724,5,highpass
1.2491915930310233e-07,5.664310334114096e-07,1.2612644469377911e-07,2.725399282054917e-07,9.222501609703546e-06,0.5922035496622042,5,highpass
1.2491915930310233e-07,3.967609583495872e-07,2.0813743486162515e-07,2.725399282054917e-07,9.222501609703546e-06,0.5786207322408263,5,highpass
1.2491915930310233e-07,5.880449814724047e-07,1.2612644469377911e-07,2.8902794700581176e-07,9.222501609703546e-06,0.5571203938864134,5,highpass
1.1017463720618097e-07,6.45017740519928e-07,1.590356508982751e-07,2.8902794700581176e-07,9.222501609703546e-06,0.525502887344244,5,highpass
1.2491915930310233e-07,5.664310334114096e-07,1.2612644469377911e-07,2.725399282054917e-07,9.222501609703546e-06,0.5922035496622042,5,highpass
1.2491915930310233e-07,5.664310334114096e-07,1.2612644469377911e-07,2.7145157959945434e-07,9.222501609703546e-06,0.592143419409318,5,highpass
1.2491915930310233e-07,5.664310334114096e-07,1.2612644469377911e-07,2.725399282054917e-07,9.222501609703546e-06,0.5922035496622042,5,highpass
1.2491915930310233e-07,5.664310334114096e-07,1.2612644469377911e-07,2.725399282054917e-07,9.222501609703546e-06,0.5922035496622042,5,highpass
1.2491915930310233e-07,5.664310334114096e-07,1.590356508982751e-07,2.8902794700581176e-07,9.222501609703546e-06,0.5516825848800042,5,highpass
1.2491915930310233e-07,5.664310334114096e-07,1.2612644469377911e-07,2.725399282054917e-07,9.222501609703546e-06,0.5922035496622042,5,highpass
1.2491915930310233e-07,5.664310334114096e-07,1.2612644469377911e-07,2.8902794700581176e-07,9.222501609703546e-06,0.563443298721724,5,highpass
1.2491915930310233e-07,5.664310334114096e-07,1.2612644469377911e-07,2.725399282054917e-07,9.222501609703546e-06,0.5922035496622042,5,highpass
1.2491915930310233e-07,5.664310334114096e-07,1.2612644469377911e-07,2.725399282054917e-07,9.222501609703546e-06,0.5922035496622042,5,highpass
1.2491915930310233e-07,5.664310334114096e-07,1.2612644469377911e-07,2.725399282054917e-07,9.222501609703546e-06,0.5922035496622042,5,highpass
2.0045684171744147e-07,5.664310334114096e-07,1.2612644469377911e-07,2.725399282054917e-07,9.222501609703546e-06,0.5575678219333777,5,highpass
1.1017463720618097e-07,4.786860040562806e-07,1.590356508982751e-07,2.8902794700581176e-07,9.222501609703546e-06,0.5935475369983424,6,highpass
1.1017463720618097e-07,4.786860040562806e-07,1.590356508982751e-07,2.8902794700581176e-07,9.222501609703546e-06,0.5935475369983424,6,highpass
1.55824372443904e-07,4.786860040562806e-07,1.590356508982751e-07,2.8902794700581176e-07,9.222501609703546e-06,0.5037829878900923,6,highpass
1.2491915930310233e-07,4.786860040562806e-07,1.590356508982751e-07,2.8902794700581176e-07,9.222501609703546e-06,0.5577633922770577,6,highpass
1.2491915930310233e-07,5.664310334114096e-07,1.2612644469377911e-07,2.8902794700581176e-07,9.222501609703546e-06,0.563443298721724,6,highpass
1.2491915930310233e-07,4.786860040562806e-07,1.590356508982751e-07,2.8902794700581176e-07,9.222501609703546e-06,0.5577633922770577,6,highpass
1.2491915930310233e-07,5.664310334114096e-07,1.2612644469377911e-07,2.8902794700581176e-07,9.222501609703546e-06,0.563443298721724,6,highpass
1.2491915930310233e-07,5.664310334114096e-07,1.590356508982751e-07,2.8902794700581176e-07,9.222501609703546e-06,0.5516825848800042,6,highpass
1.1017463720618097e-07,5.664310334114096e-07,1.2612644469377911e-07,2.725399282054917e-07,9.222501609703546e-06,0.5598892981517571,6,highpass
1.1017463720618097e-07,4.786860040562806e-07,1.590356508982751e-07,2.8902794700581176e-07,9.222501609703546e-06,0.5935475369983424,6,highpass
1.1017463720618097e-07,5.664310334114096e-07,1.2612644469377911e-07,2.725399282054917e-07,9.222501609703546e-06,0.5598892981517571,6,highpass
1.0685719633213197e-07,4.786860040562806e-07,1.590356508982751e-07,2.8902794700581176e-07,9.222501609703546e-06,0.5426849512042156,6,highpass
1.2491915930310233e-07,5.664310334114096e-07,1.2612644469377911e-07,2.8902794700581176e-07,9.222501609703546e-06,0.563443298721724,6,highpass
1.2491915930310233e-07,5.664310334114096e-07,1.2612644469377911e-07,2.725399282054917e-07,9.222501609703546e-06,0.5922035496622042,6,highpass
1.1017463720618097e-07,4.786860040562806e-07,1.590356508982751e-07,2.725399282054917e-07,9.222501609703546e-06,0.5335451829883234,6,highpass
1.2491915930310233e-07,5.664310334114096e-07,1.590356508982751e-07,2.8902794700581176e-07,9.222501609703546e-06,0.5516825848800042,6,highpass
1.1017463720618097e-07,4.786860040562806e-07,1.590356508982751e-07,2.8902794700581176e-07,9.222501609703546e-06,0.5935475369983424,6,highpass
1.2491915930310233e-07,5.664310334114096e-07,1.2612644469377911e-07,2.725399282054917e-07,9.222501609703546e-06,0.5922035496622042,6,highpass
1.2491915930310233e-07,4.786860040562806e-07,1.590356508982751e-07,2.8902794700581176e-07,9.222501609703546e-06,0.5577633922770577,6,highpass
1.20881623473466e-07,3.967609583495872e-07,2.0813743486162515e-07,2.725399282054917e-07,9.222501609703546e-06,0.5413790471266273,6,highpass
1.2491915930310233e-07,5.664310334114096e-07,1.2612644469377911e-07,2.8902794700581176e-07,9.222501609703546e-06,0.563443298721724,6,highpass
1.2491915930310233e-07,5.664310334114096e-07,1.2612644469377911e-07,2.725399282054917e-07,9.222501609703546e-06,0.5922035496622042,6,highpass
1.2491915930310233e-07,5.664310334114096e-07,1.2612644469377911e-07,2.725399282054917e-07,9.222501609703546e-06,0.5922035496622042,6,highpass
1.1017463720618097e-07,4.786860040562806e-07,1.590356508982751e-07,2.8902794700581176e-07,9.222501609703546e-06,0.5935475369983424,6,highpass
1.1017463720618097e-07,4.786860040562806e-07,1.2612644469377911e-07,2.725399282054917e-07,9.222501609703546e-06,0.5321390441157363,6,highpass
1.1017463720618097e-07,6.977692682480655e-07,1.2612644469377911e-07,2.725399282054917e-07,9.222501609703546e-06,0.5560917035422752,6,highpass
1.1017463720618097e-07,4.786860040562806e-07,1.590356508982751e-07,2.8594212001242364e-07,9.222501609703546e-06,0.5843238868257272,6,highpass
1.2491915930310233e-07,5.664310334114096e-07,1.2612644469377911e-07,2.725399282054917e-07,9.222501609703546e-06,0.5922035496622042,6,highpass
1.1017463720618097e-07,4.786860040562806e-07,1.2612644469377911e-07,2.725399282054917e-07,9.222501609703546e-06,0.5321390441157363,6,highpass
1.1017463720618097e-07,4.786860040562806e-07,1.590356508982751e-07,2.8902794700581176e-07,9.222501609703546e-06,0.5935475369983424,6,highpass
1.1017463720618097e-07,4.786860040562806e-07,1.590356508982751e-07,2.8902794700581176e-07,9.222501609703546e-06,0.5935475369983424,7,highpass
1.1017463720618097e-07,4.786860040562806e-07,1.590356508982751e-07,2.8902794700581176e-07,9.222501609703546e-06,0.5935475369983424,7,highpass
1.2491915930310233e-07,5.664310334114096e-07,1.2612644469377911e-07,2.725399282054917e-07,9.222501609703546e-06,0.5922035496622042,7,highpass
1.2491915930310233e-07,5.664310334114096e-07,1.590356508982751e-07,2.8902794700581176e-07,9.222501609703546e-06,0.5516825848800042,7,highpass
1.1017463720618097e-07,4.786860040562806e-07,1.590356508982751e-07,2.8902794700581176e-07,3.324629354094558e-05,0.5339688097646571,7,highpass
1.1017463720618097e-07,4.786860040562806e-07,1.590356508982751e-07,2.8902794700581176e-07,9.222501609703546e-06,0.5935475369983424,7,highpass
1.1017463720618097e-07,4.3998146364605354e-07,1.590356508982751e-07,2.8902794700581176e-07,9.222501609703546e-06,0.5872121708966258,7,highpass
1.2491915930310233e-07,5.664310334114096e-07,1.2612644469377911e-07,2.725399282054917e-07,9.222501609703546e-06,0.5922035496622042,7,highpass
1.1017463720618097e-07,4.786860040562806e-07,1.590356508982751e-07,2.8902794700581176e-07,9.222501609703546e-06,0.5935475369983424,7,highpass
1.1017463720618097e-07,4.786860040562806e-07,1.590356508982751e-07,2.725399282054917e-07,9.222501609703546e-06,0.5335451829883234,7,highpass
1.2491915930310233e-07,5.664310334114096e-07,1.2612644469377911e-07,2.725399282054917e-07,9.222501609703546e-06,0.5922035496622042,7,highpass
1.1017463720618097e-07,4.786860040562806e-07,1.590356508982751e-07,2.8902794700581176e-07,9.222501609703546e-06,0.5935475369983424,7,highpass
1.1017463720618097e-07,4.786860040562806e-07,1.7301115531971798e-07,2.8594212001242364e-07,9.222501609703546e-06,0.5772732220667915,7,highpass
1.2491915930310233e-07,5.664310334114096e-07,1.2612644469377911e-07,2.725399282054917e-07,9.222501609703546e-06,0.5922035496622042,7,highpass
1.1017463720618097e-07,4.786860040562806e-07,1.590356508982751e-07,2.8902794700581176e-07,9.222501609703546e-06,0.5935475369983424,7,highpass
1.1017463720618097e-07,4.786860040562806e-07,1.590356508982751e-07,2.8902794700581176e-07,9.222501609703546e-06,0.5935475369983424,7,highpass
1.1017463720618097e-07,4.786860040562806e-07,1.590356508982751e-07,2.8902794700581176e-07,9.222501609703546e-06,0.5935475369983424,7,highpass
1.2491915930310233e-07,5.664310334114096e-07,1.2612644469377911e-07,2.725399282054917e-07,8.685858736366688e-06,0.5350391546322646,7,highpass
1.1017463720618097e-07,4.786860040562806e-07,1.590356508982751e-07,2.8902794700581176e-07,9.222501609703546e-06,0.5935475369983424,7,highpass
1.1017463720618097e-07,4.786860040562806e-07,1.590356508982751e-07,2.8902794700581176e-07,9.222501609703546e-06,0.5935475369983424,7,highpass
1.1017463720618097e-07,4.786860040562806e-07,1.590356508982751e-07,2.8902794700581176e-07,9.222501609703546e-06,0.5935475369983424,7,highpass
1.1017463720618097e-07,4.786860040562806e-07,1.590356508982751e-07,2.8902794700581176e-07,9.222501609703546e-06,0.5935475369983424,7,highpass
1.1017463720618097e-07,4.786860040562806e-07,1.590356508982751e-07,2.8902794700581176e-07,9.222501609703546e-06,0.5935475369983424,7,highpass
1.2491915930310233e-07,4.786860040562806e-07,1.590356508982751e-07,2.8196838453656513e-07,9.222501609703546e-06,0.5706625375092256,7,highpass
1.1017463720618097e-07,4.786860040562806e-07,1.590356508982751e-07,2.8902794700581176e-07,9.222501609703546e-06,0.5935475369983424,7,highpass
1.1017463720618097e-07,4.786860040562806e-07,1.590356508982751e-07,2.8902794700581176e-07,9.222501609703546e-06,0.5935475369983424,7,highpass
1.2491915930310233e-07,5.664310334114096e-07,1.1112841680277945e-07,2.725399282054917e-07,9.222501609703546e-06,0.5651642986076912,7,highpass
1.1017463720618097e-07,4.786860040562806e-07,1.590356508982751e-07,2.8902794700581176e-07,9.222501609703546e-06,0.5935475369983424,7,highpass
1.1017463720618097e-07,4.786860040562806e-07,1.590356508982751e-07,2.8902794700581176e-07,9.222501609703546e-06,0.5935475369983424,7,highpass
1.1017463720618097e-07,4.786860040562806e-07,1.590356508982751e-07,2.725399282054917e-07,9.222501609703546e-06,0.5335451829883234,7,highpass
1.1017463720618097e-07,4.786860040562806e-07,1.590356508982751e-07,2.8902794700581176e-07,9.222501609703546e-06,0.5935475369983424,8,highpass
1.1017463720618097e-07,4.786860040562806e-07,1.590356508982751e-07,2.8902794700581176e-07,9.222501609703546e-06,0.5935475369983424,8,highpass
1.1017463720618097e-07,4.786860040562806e-07,1.590356508982751e-07,2.8902794700581176e-07,9.222501609703546e-06,0.5935475369983424,8,highpass
1.1017463720618097e-07,4.786860040562806e-07,1.590356508982751e-07,2.8902794700581176e-07,9.222501609703546e-06,0.5935475369983424,8,highpass
1.1017463720618097e-07,4.786860040562806e-07,1.590356508982751e-07,2.8902794700581176e-07,9.222501609703546e-06,0.5935475369983424,8,highpass
1.1017463720618097e-07,4.786860040562806e-07,1.590356508982751e-07,2.8902794700581176e-07,9.222501609703546e-06,0.5935475369983424,8,highpass
1.1017463720618097e-07,4.786860040562806e-07,1.590356508982751e-07,2.8902794700581176e-07,9.222501609703546e-06,0.5935475369983424,8,highpass
1.1017463720618097e-07,4.786860040562806e-07,1.590356508982751e-07,2.8902794700581176e-07,9.222501609703546e-06,0.5935475369983424,8,highpass
1.1017463720618097e-07,4.786860040562806e-07,1.590356508982751e-07,2.8902794700581176e-07,9.222501609703546e-06,0.5935475369983424,8,highpass
1.1017463720618097e-07,4.786860040562806e-07,1.590356508982751e-07,2.8902794700581176e-07,9.222501609703546e-06,0.5935475369983424,8,highpass
1.1017463720618097e-07,4.786860040562806e-07,1.590356508982751e-07,2.8902794700581176e-07,9.222501609703546e-06,0.5935475369983424,8,highpass
1.1017463720618097e-07,4.786860040562806e-07,1.590356508982751e-07,2.8902794700581176e-07,9.222501609703546e-06,0.5935475369983424,8,highpass
1.1017463720618097e-07,4.786860040562806e-07,1.590356508982751e-07,2.8902794700581176e-07,9.222501609703546e-06,0.5935475369983424,8,highpass
1.1017463720618097e-07,4.786860040562806e-07,1.590356508982751e-07,2.8902794700581176e-07,9.222501609703546e-06,0.5935475369983424,8,highpass
1.1017463720618097e-07,4.786860040562806e-07,1.590356508982751e-07,2.8902794700581176e-07,9.222501609703546e-06,0.5935475369983424,8,highpass
1.1017463720618097e-07,4.786860040562806e-07,1.590356508982751e-07,2.8902794700581176e-07,9.222501609703546e-06,0.5935475369983424,8,highpass
1.1017463720618097e-07,4.786860040562806e-07,1.590356508982751e-07,2.8902794700581176e-07,9.222501609703546e-06,0.5935475369983424,8,highpass
1.1017463720618097e-07,4.786860040562806e-07,1.590356508982751e-07,2.8902794700581176e-07,9.222501609703546e-06,0.5935475369983424,8,highpass
1.1017463720618097e-07,4.786860040562806e-07,1.590356508982751e-07,2.8902794700581176e-07,9.222501609703546e-06,0.5935475369983424,8,highpass
1.1017463720618097e-07,4.786860040562806e-07,1.590356508982751e-07,2.463710916673301e-07,9.222501609703546e-06,0.5882690834612595,8,highpass
1.1017463720618097e-07,4.786860040562806e-07,1.590356508982751e-07,2.8902794700581176e-07,3.9672438139794955e-05,0.549540886936466,8,highpass
1.1017463720618097e-07,4.786860040562806e-07,1.590356508982751e-07,2.8902794700581176e-07,9.222501609703546e-06,0.5935475369983424,8,highpass
1.1017463720618097e-07,4.786860040562806e-07,1.590356508982751e-07,2.8902794700581176e-07,9.222501609703546e-06,0.5935475369983424,8,highpass
1.1017463720618097e-07,4.786860040562806e-07,1.4668577800016425e-07,2.8902794700581176e-07,9.222501609703546e-06,0.532916740140813,8,highpass
1.1017463720618097e-07,4.786860040562806e-07,1.590356508982751e-07,2.8902794700581176e-07,7.6198273204090876e-06,0.5928532252935219,8,highpass
1.1017463720618097e-07,4.786860040562806e-07,1.590356508982751e-07,2.8902794700581176e-07,9.222501609703546e-06,0.5935475369983424,8,highpass
1.1017463720618097e-07,4.786860040562806e-07,1.590356508982751e-07,2.8902794700581176e-07,9.222501609703546e-06,0.5935475369983424,8,highpass
1.1017463720618097e-07,4.786860040562806e-07,1.590356508982751e-07,2.8902794700581176e-07,9.222501609703546e-06,0.5935475369983424,8,highpass
1.1017463720618097e-07,4.786860040562806e-07,1.590356508982751e-07,2.8902794700581176e-07,9.222501609703546e-06,0.5935475369983424,8,highpass
1.1017463720618097e-07,4.786860040562806e-07,1.590356508982751e-07,2.8902794700581176e-07,9.222501609703546e-06,0.5935475369983424,8,highpass
1.1017463720618097e-07,4.786860040562806e-07,1.590356508982751e-07,2.8902794700581176e-07,9.222501609703546e-06,0.5935475369983424,9,highpass
1.1017463720618097e-07,4.786860040562806e-07,1.590356508982751e-07,2.8902794700581176e-07,7.112901996877572e-06,0.5151735087401195,9,highpass
1.1017463720618097e-07,4.786860040562806e-07,1.590356508982751e-07,2.8902794700581176e-07,9.222501609703546e-06,0.5935475369983424,9,highpass
1.1017463720618097e-07,4.786860040562806e-07,1.590356508982751e-07,2.8902794700581176e-07,9.222501609703546e-06,0.5935475369983424,9,highpass
1.1017463720618097e-07,4.786860040562806e-07,1.590356508982751e-07,2.8902794700581176e-07,9.222501609703546e-06,0.5935475369983424,9,highpass
1.1017463720618097e-07,4.786860040562806e-07,1.590356508982751e-07,2.8902794700581176e-07,9.222501609703546e-06,0.5935475369983424,9,highpass
1.1017463720618097e-07,4.786860040562806e-07,1.590356508982751e-07,2.8902794700581176e-07,9.222501609703546e-06,0.5935475369983424,9,highpass
1.1017463720618097e-07,4.786860040562806e-07,1.590356508982751e-07,2.8902794700581176e-07,9.222501609703546e-06,0.5935475369983424,9,highpass
1.1017463720618097e-07,4.786860040562806e-07,1.590356508982751e-07,2.8902794700581176e-07,9.222501609703546e-06,0.5935475369983424,9,highpass
1.1017463720618097e-07,4.786860040562806e-07,1.590356508982751e-07,2.8902794700581176e-07,9.222501609703546e-06,0.5935475369983424,9,highpass
1.1017463720618097e-07,4.786860040562806e-07,1.590356508982751e-07,2.8902794700581176e-07,9.222501609703546e-06,0.5935475369983424,9,highpass
1.1017463720618097e-07,4.786860040562806e-07,1.590356508982751e-07,2.8902794700581176e-07,9.222501609703546e-06,0.5935475369983424,9,highpass
1.1017463720618097e-07,3.940821556241085e-07,1.590356508982751e-07,2.8902794700581176e-07,9.222501609703546e-06,0.5355275757910387,9,highpass
1.1017463720618097e-07,4.786860040562806e-07,1.590356508982751e-07,2.8902794700581176e-07,9.222501609703546e-06,0.5935475369983424,9,highpass
1.1017463720618097e-07,4.786860040562806e-07,1.590356508982751e-07,2.8902794700581176e-07,9.222501609703546e-06,0.5935475369983424,9,highpass
1.1017463720618097e-07,4.893473405155448e-07,1.590356508982751e-07,2.8902794700581176e-07,9.222501609703546e-06,0.5668852849668975,9,highpass
1.1017463720618097e-07,4.786860040562806e-07,1.590356508982751e-07,2.8902794700581176e-07,9.222501609703546e-06,0.5935475369983424,9,highpass
1.1017463720618097e-07,4.786860040562806e-07,1.590356508982751e-07,2.8902794700581176e-07,9.222501609703546e-06,0.5935475369983424,9,highpass
1.1017463720618097e-07,4.786860040562806e-07,1.590356508982751e-07,2.8902794700581176e-07,9.222501609703546e-06,0.5935475369983424,9,highpass
1.1017463720618097e-07,4.786860040562806e-07,1.590356508982751e-07,2.559011964313279e-07,9.222501609703546e-06,0.5463787500884258,9,highpass
1.1017463720618097e-07,4.786860040562806e-07,1.590356508982751e-07,2.8902794700581176e-07,9.222501609703546e-06,0.5935475369983424,9,highpass
1.1017463720618097e-07,4.786860040562806e-07,1.590356508982751e-07,2.8902794700581176e-07,9.222501609703546e-06,0.5935475369983424,9,highpass
1.1017463720618097e-07,4.786860040562806e-07,1.590356508982751e-07,2.8902794700581176e-07,9.222501609703546e-06,0.5935475369983424,9,highpass
2.19071640553704e-07,4.786860040562806e-07,1.590356508982751e-07,2.8902794700581176e-07,9.222501609703546e-06,0.5605270873837616,9,highpass
1.1017463720618097e-07,4.786860040562806e-07,1.590356508982751e-07,2.8902794700581176e-07,9.222501609703546e-06,0.5935475369983424,9,highpass
1.1017463720618097e-07,4.786860040562806e-07,1.590356508982751e-07,2.8902794700581176e-07,9.222501609703546e-06,0.5935475369983424,9,highpass
1.1017463720618097e-07,4.786860040562806e-07,1.590356508982751e-07,2.8902794700581176e-07,9.222501609703546e-06,0.5935475369983424,9,highpass
1.1017463720618097e-07,4.786860040562806e-07,1.590356508982751e-07,2.8902794700581176e-07,9.222501609703546e-06,0.5935475369983424,9,highpass
1.1017463720618097e-07,4.786860040562806e-07,1.590356508982751e-07,2.8902794700581176e-07,9.222501609703546e-06,0.5935475369983424,9,highpass
1.1017463720618097e-07,4.786860040562806e-07,1.6596509623035918e-07,2.8902794700581176e-07,9.222501609703546e-06,0.5891677732515979,9,highpass
1.1017463720618097e-07,4.786860040562806e-07,1.590356508982751e-07,2.8902794700581176e-07,9.222501609703546e-06,0.5935475369983424,10,highpass
1.1017463720618097e-07,4.786860040562806e-07,1.590356508982751e-07,2.8902794700581176e-07,9.222501609703546e-06,0.5935475369983424,10,highpass
1.1017463720618097e-07,4.786860040562806e-07,1.590356508982751e-07,2.8902794700581176e-07,9.222501609703546e-06,0.5935475369983424,10,highpass
1.1017463720618097e-07,4.786860040562806e-07,1.590356508982751e-07,2.8902794700581176e-07,9.222501609703546e-06,0.5935475369983424,10,highpass
1.1017463720618097e-07,4.786860040562806e-07,1.590356508982751e-07,2.8902794700581176e-07,9.222501609703546e-06,0.5935475369983424,10,highpass
1.1017463720618097e-07,4.786860040562806e-07,1.590356508982751e-07,2.8902794700581176e-07,9.222501609703546e-06,0.5935475369983424,10,highpass
1.1017463720618097e-07,4.786860040562806e-07,1.590356508982751e-07,2.8902794700581176e-07,9.222501609703546e-06,0.5935475369983424,10,highpass
1.1017463720618097e-07,4.786860040562806e-07,1.590356508982751e-07,2.8902794700581176e-07,9.222501609703546e-06,0.5935475369983424,10,highpass
1.1017463720618097e-07,4.786860040562806e-07,1.590356508982751e-07,2.8902794700581176e-07,9.222501609703546e-06,0.5935475369983424,10,highpass
1.1017463720618097e-07,4.786860040562806e-07,1.528649069090957e-07,2.8902794700581176e-07,9.222501609703546e-06,0.5766054589831502,10,highpass
1.1017463720618097e-07,4.786860040562806e-07,1.567452580840828e-07,2.8902794700581176e-07,9.222501609703546e-06,0.5188913592399591,10,highpass
1.1017463720618097e-07,4.786860040562806e-07,1.590356508982751e-07,2.8902794700581176e-07,9.222501609703546e-06,0.5935475369983424,10,highpass
1.1017463720618097e-07,4.786860040562806e-07,1.590356508982751e-07,2.8902794700581176e-07,9.222501609703546e-06,0.5935475369983424,10,highpass
1.1017463720618097e-07,4.786860040562806e-07,1.590356508982751e-07,2.8902794700581176e-07,9.222501609703546e-06,0.5935475369983424,10,highpass
1.1017463720618097e-07,4.786860040562806e-07,1.590356508982751e-07,2.8902794700581176e-07,9.222501609703546e-06,0.5935475369983424,10,highpass
1.9528204118821176e-07,4.786860040562806e-07,1.590356508982751e-07,2.8902794700581176e-07,9.222501609703546e-06,0.48811530436330364,10,highpass
1.1017463720618097e-07,4.786860040562806e-07,1.590356508982751e-07,2.8902794700581176e-07,9.222501609703546e-06,0.5935475369983424,10,highpass
1.1017463720618097e-07,4.786860040562806e-07,1.590356508982751e-07,2.8902794700581176e-07,9.222501609703546e-06,0.5935475369983424,10,highpass
1.1017463720618097e-07,4.786860040562806e-07,1.590356508982751e-07,2.8902794700581176e-07,9.222501609703546e-06,0.5935475369983424,10,highpass
1.1017463720618097e-07,4.786860040562806e-07,1.590356508982751e-07,2.8902794700581176e-07,9.222501609703546e-06,0.5935475369983424,10,highpass
1.1017463720618097e-07,4.786860040562806e-07,1.590356508982751e-07,2.8902794700581176e-07,9.222501609703546e-06,0.5935475369983424,10,highpass
1.1017463720618097e-07,4.786860040562806e-07,1.590356508982751e-07,2.8902794700581176e-07,9.222501609703546e-06,0.5935475369983424,10,highpass
1.1017463720618097e-07,4.786860040562806e-07,1.590356508982751e-07,2.8902794700581176e-07,9.222501609703546e-06,0.5935475369983424,10,highpass
1.1017463720618097e-07,4.786860040562806e-07,1.590356508982751e-07,2.8902794700581176e-07,9.222501609703546e-06,0.5935475369983424,10,highpass
1.1017463720618097e-07,4.786860040562806e-07,1.590356508982751e-07,2.8902794700581176e-07,9.222501609703546e-06,0.5935475369983424,10,highpass
1.1017463720618097e-07,4.81673357463508e-07,1.590356508982751e-07,2.8902794700581176e-07,9.222501609703546e-06,0.5913271332022616,10,highpass
1.1017463720618097e-07,4.985663451076995e-07,1.590356508982751e-07,2.8902794700581176e-07,9.222501609703546e-06,0.5449995330221615,10,highpass
1.1017463720618097e-07,4.786860040562806e-07,1.590356508982751e-07,2.8902794700581176e-07,9.222501609703546e-06,0.5935475369983424,10,highpass
1.1017463720618097e-07,4.786860040562806e-07,1.590356508982751e-07,2.8902794700581176e-07,9.222501609703546e-06,0.5935475369983424,10,highpass
1.1017463720618097e-07,4.786860040562806e-07,1.590356508982751e-07,2.8902794700581176e-07,9.222501609703546e-06,0.5935475369983424,10,highpass
1.1017463720618097e-07,4.786860040562806e-07,1.590356508982751e-07,2.8902794700581176e-07,9.222501609703546e-06,0.5935475369983424,11,highpass
1.1017463720618097e-07,4.786860040562806e-07,1.590356508982751e-07,2.8902794700581176e-07,9.222501609703546e-06,0.5935475369983424,11,highpass
1.1017463720618097e-07,4.786860040562806e-07,1.590356508982751e-07,2.8902794700581176e-07,9.222501609703546e-06,0.5935475369983424,11,highpass
1.1017463720618097e-07,4.786860040562806e-07,1.590356508982751e-07,2.8902794700581176e-07,9.222501609703546e-06,0.5935475369983424,11,highpass
1.1017463720618097e-07,4.786860040562806e-07,1.590356508982751e-07,2.8902794700581176e-07,9.222501609703546e-06,0.5935475369983424,11,highpass
1.1017463720618097e-07,4.786860040562806e-07,1.590356508982751e-07,2.8902794700581176e-07,9.222501609703546e-06,0.5935475369983424,11,highpass
1.1017463720618097e-07,4.786860040562806e-07,1.590356508982751e-07,2.8902794700581176e-07,9.222501609703546e-06,0.5935475369983424,11,highpass
1.1017463720618097e-07,4.786860040562806e-07,1.6456557171941025e-07,2.8902794700581176e-07,9.222501609703546e-06,0.582746331231297,11,highpass
1.1017463720618097e-07,6.828781230683665e-07,1.590356508982751e-07,2.8902794700581176e-07,9.222501609703546e-06,0.5609141136086679,11,highpass
1.1017463720618097e-07,4.786860040562806e-07,1.590356508982751e-07,2.8902794700581176e-07,4.594968137736545e-05,0.5545559066916158,11,highpass
1.1017463720618097e-07,4.786860040562806e-07,1.590356508982751e-07,2.8902794700581176e-07,9.222501609703546e-06,0.5935475369983424,11,highpass
1.1017463720618097e-07,4.786860040562806e-07,1.5423696852455752e-07,2.8902794700581176e-07,9.222501609703546e-06,0.5841560885944566,11,highpass
1.1017463720618097e-07,4.786860040562806e-07,1.590356508982751e-07,2.8902794700581176e-07,9.222501609703546e-06,0.5935475369983424,11,highpass
1.1017463720618097e-07,4.786860040562806e-07,1.590356508982751e-07,2.8902794700581176e-07,9.222501609703546e-06,0.5935475369983424,11,highpass
1.1017463720618097e-07,4.786860040562806e-07,1.590356508982751e-07,2.8902794700581176e-07,9.222501609703546e-06,0.5935475369983424,11,highpass
1.1017463720618097e-07,4.786860040562806e-07,1.590356508982751e-07,2.8902794700581176e-07,9.222501609703546e-06,0.5935475369983424,11,highpass
1.1017463720618097e-07,4.786860040562806e-07,1.590356508982751e-07,2.8902794700581176e-07,9.222501609703546e-06,0.5935475369983424,11,highpass
1.1017463720618097e-07,4.786860040562806e-07,1.590356508982751e-07,2.8902794700581176e-07,9.222501609703546e-06,0.5935475369983424,11,highpass
1.1017463720618097e-07,4.786860040562806e-07,1.590356508982751e-07,2.8902794700581176e-07,9.222501609703546e-06,0.5935475369983424,11,highpass
1.1017463720618097e-07,4.786860040562806e-07,1.590356508982751e-07,2.8902794700581176e-07,9.222501609703546e-06,0.5935475369983424,11,highpass
1.1017463720618097e-07,4.786860040562806e-07,1.5879051181160337e-07,2.8902794700581176e-07,9.222501609703546e-06,0.5935475369983424,11,highpass
1.1017463720618097e-07,4.786860040562806e-07,1.590356508982751e-07,2.8902794700581176e-07,9.222501609703546e-06,0.5935475369983424,11,highpass
1.1017463720618097e-07,4.786860040562806e-07,1.590356508982751e-07,2.8902794700581176e-07,9.222501609703546e-06,0.5935475369983424,11,highpass
1.1017463720618097e-07,4.786860040562806e-07,1.590356508982751e-07,2.8902794700581176e-07,7.323668961339604e-06,0.5669721387765156,11,highpass
1.1017463720618097e-07,4.786860040562806e-07,1.590356508982751e-07,2.8902794700581176e-07,9.222501609703546e-06,0.5935475369983424,11,highpass
1.1017463720618097e-07,4.786860040562806e-07,1.590356508982751e-07,2.8902794700581176e-07,9.222501609703546e-06,0.5935475369983424,11,highpass
1.1017463720618097e-07,4.0822983096224644e-07,1.590356508982751e-07,2.8902794700581176e-07,9.222501609703546e-06,0.5604532606177204,11,highpass
1.047735556841421e-07,4.786860040562806e-07,1.590356508982751e-07,2.8902794700581176e-07,9.222501609703546e-06,0.5324937725075296,11,highpass
1.1017463720618097e-07,4.7268781823590683e-07,1.590356508982751e-07,2.8902794700581176e-07,9.222501609703546e-06,0.5361435317003577,11,highpass
1.1017463720618097e-07,4.786860040562806e-07,1.590356508982751e-07,2.8902794700581176e-07,9.222501609703546e-06,0.5935475369983424,11,highpass
1.1017463720618097e-07,4.786860040562806e-07,1.590356508982751e-07,2.8902794700581176e-07,9.222501609703546e-06,0.5935475369983424,12,highpass
1.0746965640058628e-07,4.786860040562806e-07,1.590356508982751e-07,2.8902794700581176e-07,9.222501609703546e-06,0.535788436700761,12,highpass
1.1017463720618097e-07,4.786860040562806e-07,1.590356508982751e-07,2.8902794700581176e-07,9.222501609703546e-06,0.5935475369983424,12,highpass
1.1017463720618097e-07,4.786860040562806e-07,1.590356508982751e-07,2.8902794700581176e-07,9.222501609703546e-06,0.5935475369983424,12,highpass
1.1017463720618097e-07,4.786860040562806e-07,1.5879051181160337e-07,2.8902794700581176e-07,9.222501609703546e-06,0.5935475369983424,12,highpass
1.1017463720618097e-07,4.786860040562806e-07,1.590356508982751e-07,2.8902794700581176e-07,9.222501609703546e-06,0.5935475369983424,12,highpass
1.1017463720618097e-07,4.786860040562806e-07,1.590356508982751e-07,2.8902794700581176e-07,9.222501609703546e-06,0.5935475369983424,12,highpass
1.0419264184739877e-07,4.786860040562806e-07,1.590356508982751e-07,2.8902794700581176e-07,9.222501609703546e-06,0.5377037423599509,12,highpass
1.1017463720618097e-07,4.786860040562806e-07,1.590356508982751e-07,2.8902794700581176e-07,9.222501609703546e-06,0.5935475369983424,12,highpass
1.1017463720618097e-07,4.786860040562806e-07,1.590356508982751e-07,2.8902794700581176e-07,9.222501609703546e-06,0.5935475369983424,12,highpass
1.1017463720618097e-07,4.786860040562806e-07,1.590356508982751e-07,2.8902794700581176e-07,9.222501609703546e-06,0.5935475369983424,12,highpass
1.1017463720618097e-07,4.786860040562806e-07,1.590356508982751e-07,2.8902794700581176e-07,9.222501609703546e-06,0.5935475369983424,12,highpass
1.1017463720618097e-07,4.786860040562806e-07,1.590356508982751e-07,2.8902794700581176e-07,9.222501609703546e-06,0.5935475369983424,12,highpass
1.1017463720618097e-07,3.495447743805699e-07,1.590356508982751e-07,2.8902794700581176e-07,9.222501609703546e-06,0.5319706122311765,12,highpass
1.1017463720618097e-07,4.786860040562806e-07,1.590356508982751e-07,2.8902794700581176e-07,9.222501609703546e-06,0.5935475369983424,12,highpass
1.1017463720618097e-07,4.786860040562806e-07,1.590356508982751e-07,2.8902794700581176e-07,9.222501609703546e-06,0.5935475369983424,12,highpass
1.1721702946266212e-07,4.786860040562806e-07,1.590356508982751e-07,2.8902794700581176e-07,9.222501609703546e-06,0.5485640375737231,12,highpass
1.1017463720618097e-07,4.786860040562806e-07,1.590356508982751e-07,2.8902794700581176e-07,9.222501609703546e-06,0.5935475369983424,12,highpass
1.1017463720618097e-07,4.786860040562806e-07,1.590356508982751e-07,2.8902794700581176e-07,9.222501609703546e-06,0.5935475369983424,12,highpass
1.1017463720618097e-07,4.786860040562806e-07,1.590356508982751e-07,2.8902794700581176e-07,9.222501609703546e-06,0.5935475369983424,12,highpass
1.1017463720618097e-07,4.6664364546081085e-07,1.590356508982751e-07,2.8902794700581176e-07,9.222501609703546e-06,0.5581501301475742,12,highpass
1.1017463720618097e-07,4.786860040562806e-07,1.590356508982751e-07,2.8902794700581176e-07,9.222501609703546e-06,0.5935475369983424,12,highpass
1.1017463720618097e-07,4.786860040562806e-07,1.590356508982751e-07,1.7664631121045534e-07,9.222501609703546e-06,0.5483887699762137,12,highpass
1.1017463720618097e-07,4.786860040562806e-07,1.590356508982751e-07,2.8902794700581176e-07,9.222501609703546e-06,0.5935475369983424,12,highpass
1.1017463720618097e-07,4.786860040562806e-07,1.590356508982751e-07,2.8902794700581176e-07,9.222501609703546e-06,0.5935475369983424,12,highpass
1.1017463720618097e-07,4.786860040562806e-07,1.590356508982751e-07,2.9624166102939686e-07,9.222501609703546e-06,0.5585775113536473,12,highpass
1.1017463720618097e-07,4.786860040562806e-07,1.590356508982751e-07,2.8902794700581176e-07,9.222501609703546e-06,0.5935475369983424,12,highpass
1.1017463720618097e-07,4.786860040562806e-07,1.590356508982751e-07,2.8902794700581176e-07,9.222501609703546e-06,0.5935475369983424,12,highpass
1.1698960544851557e-07,4.786860040562806e-07,1.590356508982751e-07,2.8902794700581176e-07,9.222501609703546e-06,0.5485640375737231,12,highpass
1.1017463720618097e-07,4.786860040562806e-07,1.590356508982751e-07,2.8902794700581176e-07,9.222501609703546e-06,0.5935475369983424,12,highpass
1.1017463720618097e-07,4.786860040562806e-07,1.590356508982751e-07,2.8902794700581176e-07,9.222501609703546e-06,0.5935475369983424,13,highpass
1.1017463720618097e-07,4.786860040562806e-07,1.590356508982751e-07,2.8902794700581176e-07,9.222501609703546e-06,0.5935475369983424,13,highpass
1.1017463720618097e-07,4.786860040562806e-07,1.590356508982751e-07,2.8902794700581176e-07,9.222501609703546e-06,0.5935475369983424,13,highpass
1.1017463720618097e-07,4.786860040562806e-07,1.590356508982751e-07,2.8902794700581176e-07,9.222501609703546e-06,0.5935475369983424,13,highpass
1.1017463720618097e-07,4.786860040562806e-07,1.590356508982751e-07,2.8902794700581176e-07,9.222501609703546e-06,0.5935475369983424,13,highpass
1.1017463720618097e-07,4.786860040562806e-07,1.5879051181160337e-07,2.8902794700581176e-07,9.222501609703546e-06,0.5935475369983424,13,highpass
1.1017463720618097e-07,4.786860040562806e-07,1.590356508982751e-07,2.8902794700581176e-07,9.222501609703546e-06,0.5935475369983424,13,highpass
1.1017463720618097e-07,4.786860040562806e-07,1.590356508982751e-07,2.8902794700581176e-07,9.222501609703546e-06,0.5935475369983424,13,highpass
1.1017463720618097e-07,4.786860040562806e-07,1.590356508982751e-07,2.8902794700581176e-07,2.2788049416179606e-05,0.562726914019223,13,highpass
1.1017463720618097e-07,4.786860040562806e-07,1.590356508982751e-07,2.8902794700581176e-07,9.222501609703546e-06,0.5935475369983424,13,highpass
1.1017463720618097e-07,4.786860040562806e-07,1.590356508982751e-07,2.8902794700581176e-07,9.222501609703546e-06,0.5935475369983424,13,highpass
1.1017463720618097e-07,4.786860040562806e-07,1.590356508982751e-07,2.8902794700581176e-07,9.222501609703546e-06,0.5935475369983424,13,highpass
1.0686820753454809e-07,4.786860040562806e-07,1.590356508982751e-07,2.8902794700581176e-07,9.222501609703546e-06,0.5425764239555597,13,highpass
1.1017463720618097e-07,4.786860040562806e-07,1.590356508982751e-07,2.8902794700581176e-07,9.222501609703546e-06,0.5935475369983424,13,highpass
1.1017463720618097e-07,4.786860040562806e-07,1.590356508982751e-07,2.8902794700581176e-07,9.222501609703546e-06,0.5935475369983424,13,highpass
1.0469849820008628e-07,4.786860040562806e-07,1.590356508982751e-07,2.8902794700581176e-07,9.222501609703546e-06,0.5331659823922279,13,highpass
1.1105965197975611e-07,4.786860040562806e-07,1.590356508982751e-07,2.8902794700581176e-07,9.222501609703546e-06,0.5942629305159528,13,highpass
1.1155748504627e-07,4.786860040562806e-07,1.590356508982751e-07,2.8902794700581176e-07,9.222501609703546e-06,0.5887601110066297,13,highpass
1.1017463720618097e-07,4.786860040562806e-07,1.590356508982751e-07,2.8902794700581176e-07,9.222501609703546e-06,0.5935475369983424,13,highpass
1.1017463720618097e-07,4.786860040562806e-07,1.590356508982751e-07,2.8902794700581176e-07,9.222501609703546e-06,0.5935475369983424,13,highpass
1.1017463720618097e-07,5.304503257993679e-07,1.590356508982751e-07,2.8902794700581176e-07,9.222501609703546e-06,0.5698928843221185,13,highpass
1.1017463720618097e-07,4.786860040562806e-07,1.590356508982751e-07,2.8902794700581176e-07,9.222501609703546e-06,0.5935475369983424,13,highpass
1.1017463720618097e-07,4.786860040562806e-07,1.590356508982751e-07,2.8902794700581176e-07,9.222501609703546e-06,0.5935475369983424,13,highpass
1.1017463720618097e-07,4.786860040562806e-07,1.590356508982751e-07,2.8902794700581176e-07,9.222501609703546e-06,0.5935475369983424,13,highpass
1.1017463720618097e-07,4.786860040562806e-07,1.590356508982751e-07,2.8902794700581176e-07,9.222501609703546e-06,0.5935475369983424,13,highpass
1.1017463720618097e-07,4.786860040562806e-07,1.590356508982751e-07,2.8902794700581176e-07,9.222501609703546e-06,0.5935475369983424,13,highpass
1.1017463720618097e-07,4.786860040562806e-07,1.590356508982751e-07,2.8902794700581176e-07,9.222501609703546e-06,0.5935475369983424,13,highpass
1.1017463720618097e-07,4.786860040562806e-07,1.590356508982751e-07,2.8902794700581176e-07,9.222501609703546e-06,0.5935475369983424,13,highpass
1.1017463720618097e-07,4.786860040562806e-07,1.590356508982751e-07,2.8902794700581176e-07,9.222501609703546e-06,0.5935475369983424,13,highpass
1.1017463720618097e-07,4.786860040562806e-07,1.590356508982751e-07,2.8902794700581176e-07,9.222501609703546e-06,0.5935475369983424,13,highpass
1.1105965197975611e-07,4.786860040562806e-07,1.590356508982751e-07,2.8902794700581176e-07,9.222501609703546e-06,0.5942629305159528,14,highpass
1.1017463720618097e-07,4.786860040562806e-07,1.590356508982751e-07,2.8902794700581176e-07,9.222501609703546e-06,0.5935475369983424,14,highpass
1.1017463720618097e-07,4.786860040562806e-07,2.015172449880135e-07,2.8902794700581176e-07,9.222501609703546e-06,0.5950568411764874,14,highpass
1.1017463720618097e-07,4.786860040562806e-07,1.590356508982751e-07,2.8902794700581176e-07,9.222501609703546e-06,0.5935475369983424,14,highpass
1.1017463720618097e-07,4.786860040562806e-07,1.590356508982751e-07,2.8902794700581176e-07,9.222501609703546e-06,0.5935475369983424,14,highpass
1.1017463720618097e-07,4.894678652183026e-07,1.590356508982751e-07,2.8902794700581176e-07,9.222501609703546e-06,0.5666889571869558,14,highpass
1.1017463720618097e-07,4.786860040562806e-07,1.590356508982751e-07,2.8902794700581176e-07,9.222501609703546e-06,0.5935475369983424,14,highpass
1.1017463720618097e-07,4.786860040562806e-07,1.590356508982751e-07,2.0801580783009646e-07,9.222501609703546e-06,0.5721976672531669,14,highpass
1.1105965197975611e-07,4.786860040562806e-07,1.590356508982751e-07,2.8902794700581176e-07,9.222501609703546e-06,0.5942629305159528,14,highpass
1.1017463720618097e-07,4.786860040562806e-07,1.590356508982751e-07,2.8902794700581176e-07,9.222501609703546e-06,0.5935475369983424,14,highpass
1.1017463720618097e-07,4.786860040562806e-07,1.590356508982751e-07,2.8902794700581176e-07,9.222501609703546e-06,0.5935475369983424,14,highpass
1.1017463720618097e-07,4.786860040562806e-07,1.590356508982751e-07,2.8902794700581176e-07,9.222501609703546e-06,0.5935475369983424,14,highpass
1.1017463720618097e-07,4.786860040562806e-07,1.590356508982751e-07,2.8902794700581176e-07,9.222501609703546e-06,0.5935475369983424,14,highpass
1.1017463720618097e-07,4.786860040562806e-07,1.590356508982751e-07,2.8902794700581176e-07,9.222501609703546e-06,0.5935475369983424,14,highpass
2.455521856255143e-07,4.786860040562806e-07,1.590356508982751e-07,2.8902794700581176e-07,9.222501609703546e-06,0.3890343125083186,14,highpass
1.1105965197975611e-07,4.786860040562806e-07,1.590356508982751e-07,2.8902794700581176e-07,9.222501609703546e-06,0.5942629305159528,14,highpass
1.1017463720618097e-07,4.786860040562806e-07,1.590356508982751e-07,2.8902794700581176e-07,9.222501609703546e-06,0.5935475369983424,14,highpass
1.1105965197975611e-07,4.786860040562806e-07,1.590356508982751e-07,2.8902794700581176e-07,9.222501609703546e-06,0.5942629305159528,14,highpass
1.1017463720618097e-07,4.786860040562806e-07,1.590356508982751e-07,2.8902794700581176e-07,9.222501609703546e-06,0.5935475369983424,14,highpass
1.1017463720618097e-07,4.786860040562806e-07,1.590356508982751e-07,2.8902794700581176e-07,9.222501609703546e-06,0.5935475369983424,14,highpass
1.1017463720618097e-07,4.786860040562806e-07,1.590356508982751e-07,2.8997092494402495e-07,9.222501609703546e-06,0.5939591198346472,14,highpass
1.1017463720618097e-07,4.786860040562806e-07,1.590356508982751e-07,2.8902794700581176e-07,9.222501609703546e-06,0.5935475369983424,14,highpass
1.1017463720618097e-07,4.786860040562806e-07,1.590356508982751e-07,2.8902794700581176e-07,9.222501609703546e-06,0.5935475369983424,14,highpass
1.1017463720618097e-07,4.786860040562806e-07,1.590356508982751e-07,2.8902794700581176e-07,9.222501609703546e-06,0.5935475369983424,14,highpass
1.1017463720618097e-07,4.786860040562806e-07,1.590356508982751e-07,2.8902794700581176e-07,9.222501609703546e-06,0.5935475369983424,14,highpass
1.1017463720618097e-07,4.786860040562806e-07,1.5455770854006522e-07,2.8902794700581176e-07,9.222501609703546e-06,0.5783215349652198,14,highpass
1.1017463720618097e-07,4.786860040562806e-07,1.590356508982751e-07,2.8902794700581176e-07,9.222501609703546e-06,0.5935475369983424,14,highpass
1.1105965197975611e-07,4.786860040562806e-07,1.590356508982751e-07,2.8902794700581176e-07,9.222501609703546e-06,0.5942629305159528,14,highpass
1.1017463720618097e-07,4.786860040562806e-07,1.590356508982751e-07,2.8902794700581176e-07,9.222501609703546e-06,0.5935475369983424,14,highpass
1.1017463720618097e-07,4.786860040562806e-07,1.590356508982751e-07,2.8902794700581176e-07,9.222501609703546e-06,0.5935475369983424,14,highpass
1.1017463720618097e-07,4.786860040562806e-07,2.015172449880135e-07,2.8902794700581176e-07,9.222501609703546e-06,0.5950568411764874,15,highpass
1.1105965197975611e-07,4.786860040562806e-07,1.590356508982751e-07,2.8902794700581176e-07,9.222501609703546e-06,0.5942629305159528,15,highpass
1.1105965197975611e-07,4.786860040562806e-07,1.590356508982751e-07,2.8997092494402495e-07,9.222501609703546e-06,0.593497353549041,15,highpass
1.1017463720618097e-07,4.786860040562806e-07,1.590356508982751e-07,2.8902794700581176e-07,9.222501609703546e-06,0.5935475369983424,15,highpass
1.1017463720618097e-07,4.786860040562806e-07,1.590356508982751e-07,2.85660174503041e-07,9.222501609703546e-06,0.583025469454665,15,highpass
1.1105965197975611e-07,4.786860040562806e-07,1.590356508982751e-07,2.8902794700581176e-07,9.222501609703546e-06,0.5942629305159528,15,highpass
1.1105965197975611e-07,4.786860040562806e-07,1.590356508982751e-07,2.8902794700581176e-07,9.222501609703546e-06,0.5942629305159528,15,highpass
1.1017463720618097e-07,4.786860040562806e-07,1.590356508982751e-07,2.8902794700581176e-07,9.222501609703546e-06,0.5935475369983424,15,highpass
1.1017463720618097e-07,4.786860040562806e-07,2.015172449880135e-07,2.8902794700581176e-07,9.222501609703546e-06,0.5950568411764874,15,highpass
1.1105965197975611e-07,4.786860040562806e-07,1.590356508982751e-07,2.8902794700581176e-07,9.222501609703546e-06,0.5942629305159528,15,highpass
1.1017463720618097e-07,4.792763632586214e-07,1.590356508982751e-07,2.8902794700581176e-07,9.222501609703546e-06,0.5935475369983424,15,highpass
1.1105965197975611e-07,4.786860040562806e-07,1.590356508982751e-07,2.8902794700581176e-07,9.222501609703546e-06,0.5942629305159528,15,highpass
1.1017463720618097e-07,4.786860040562806e-07,1.590356508982751e-07,2.8902794700581176e-07,9.222501609703546e-06,0.5935475369983424,15,highpass
1.1017463720618097e-07,4.786860040562806e-07,1.590356508982751e-07,2.8902794700581176e-07,9.222501609703546e-06,0.5935475369983424,15,highpass
1.1105965197975611e-07,4.786860040562806e-07,1.590356508982751e-07,2.8902794700581176e-07,9.222501609703546e-06,0.5942629305159528,15,highpass
1.1105965197975611e-07,4.786860040562806e-07,1.590356508982751e-07,2.8902794700581176e-07,9.222501609703546e-06,0.5942629305159528,15,highpass
1.1017463720618097e-07,4.786860040562806e-07,1.590356508982751e-07,2.8902794700581176e-07,9.222501609703546e-06,0.5935475369983424,15,highpass
1.1105965197975611e-07,4.786860040562806e-07,1.590356508982751e-07,2.8902794700581176e-07,9.222501609703546e-06,0.5942629305159528,15,highpass
1.1017463720618097e-07,4.786860040562806e-07,1.590356508982751e-07,2.8902794700581176e-07,9.222501609703546e-06,0.5935475369983424,15,highpass
1.1105965197975611e-07,4.786860040562806e-07,1.590356508982751e-07,2.8902794700581176e-07,9.222501609703546e-06,0.5942629305159528,15,highpass
1.1105965197975611e-07,4.786860040562806e-07,1.590356508982751e-07,2.8902794700581176e-07,9.222501609703546e-06,0.5942629305159528,15,highpass
1.1017463720618097e-07,4.786860040562806e-07,1.590356508982751e-07,2.8902794700581176e-07,9.222501609703546e-06,0.5935475369983424,15,highpass
1.0538440877271266e-07,4.786860040562806e-07,2.015172449880135e-07,2.8902794700581176e-07,9.222501609703546e-06,0.4687841515714461,15,highpass
1.1105965197975611e-07,4.786860040562806e-07,1.590356508982751e-07,2.8902794700581176e-07,9.222501609703546e-06,0.5942629305159528,15,highpass
1.1105965197975611e-07,4.786860040562806e-07,2.015172449880135e-07,2.8902794700581176e-07,9.222501609703546e-06,0.5640325472314492,15,highpass
1.1105965197975611e-07,4.786860040562806e-07,1.590356508982751e-07,2.8902794700581176e-07,9.222501609703546e-06,0.5942629305159528,15,highpass
1.1105965197975611e-07,4.786860040562806e-07,1.590356508982751e-07,2.8902794700581176e-07,9.222501609703546e-06,0.5942629305159528,15,highpass
1.1105965197975611e-07,4.786860040562806e-07,1.590356508982751e-07,2.8902794700581176e-07,6.260700341657399e-06,0.5212890521716516,15,highpass
1.1017463720618097e-07,4.786860040562806e-07,1.590356508982751e-07,2.8902794700581176e-07,9.222501609703546e-06,0.5935475369983424,15,highpass
1.1105965197975611e-07,4.786860040562806e-07,1.590356508982751e-07,2.8902794700581176e-07,9.222501609703546e-06,0.5942629305159528,15,highpass
1.1017463720618097e-07,4.786860040562806e-07,2.015172449880135e-07,2.8902794700581176e-07,9.222501609703546e-06,0.5950568411764874,16,highpass
1.1105965197975611e-07,4.786860040562806e-07,1.590356508982751e-07,2.8902794700581176e-07,9.222501609703546e-06,0.5942629305159528,16,highpass
1.1017463720618097e-07,4.786860040562806e-07,1.759801247134873e-07,2.8902794700581176e-07,9.222501609703546e-06,0.5086904958679447,16,highpass
1.1017463720618097e-07,4.786860040562806e-07,2.015172449880135e-07,2.8902794700581176e-07,9.222501609703546e-06,0.5950568411764874,16,highpass
1.1602713799355102e-07,4.786860040562806e-07,2.015172449880135e-07,2.8902794700581176e-07,9.222501609703546e-06,0.5004377275512435,16,highpass
1.1105965197975611e-07,4.786860040562806e-07,1.6366332301158512e-07,2.8902794700581176e-07,9.222501609703546e-06,0.5639434982771274,16,highpass
1.1105965197975611e-07,4.786860040562806e-07,2.015172449880135e-07,2.8902794700581176e-07,9.222501609703546e-06,0.5640325472314492,16,highpass
1.1105965197975611e-07,4.786860040562806e-07,1.590356508982751e-07,2.8902794700581176e-07,9.222501609703546e-06,0.5942629305159528,16,highpass
1.1017463720618097e-07,4.786860040562806e-07,2.015172449880135e-07,2.8902794700581176e-07,9.222501609703546e-06,0.5950568411764874,16,highpass
1.1105965197975611e-07,4.786860040562806e-07,1.6601896918640145e-07,2.8902794700581176e-07,9.222501609703546e-06,0.5770610877704999,16,highpass
1.1105965197975611e-07,4.786860040562806e-07,1.590356508982751e-07,2.8902794700581176e-07,9.222501609703546e-06,0.5942629305159528,16,highpass
1.1105965197975611e-07,4.786860040562806e-07,1.590356508982751e-07,2.8902794700581176e-07,9.222501609703546e-06,0.5942629305159528,16,highpass
1.1017463720618097e-07,4.786860040562806e-07,2.015172449880135e-07,2.8902794700581176e-07,9.222501609703546e-06,0.5950568411764874,16,highpass
1.1017463720618097e-07,4.786860040562806e-07,2.015172449880135e-07,2.8902794700581176e-07,9.222501609703546e-06,0.5950568411764874,16,highpass
1.1017463720618097e-07,4.786860040562806e-07,2.015172449880135e-07,2.8902794700581176e-07,9.222501609703546e-06,0.5950568411764874,16,highpass
1.1105965197975611e-07,4.786860040562806e-07,1.590356508982751e-07,2.8902794700581176e-07,9.222501609703546e-06,0.5942629305159528,16,highpass
1.1105965197975611e-07,4.786860040562806e-07,1.590356508982751e-07,2.8902794700581176e-07,9.222501609703546e-06,0.5942629305159528,16,highpass
1.1017463720618097e-07,4.786860040562806e-07,1.590356508982751e-07,2.8902794700581176e-07,9.222501609703546e-06,0.5935475369983424,16,highpass
1.1017463720618097e-07,4.786860040562806e-07,1.590356508982751e-07,2.8902794700581176e-07,9.222501609703546e-06,0.5935475369983424,16,highpass
1.1105965197975611e-07,4.786860040562806e-07,1.590356508982751e-07,2.8902794700581176e-07,9.222501609703546e-06,0.5942629305159528,16,highpass
1.1017463720618097e-07,4.786860040562806e-07,1.590356508982751e-07,2.8902794700581176e-07,9.222501609703546e-06,0.5935475369983424,16,highpass
1.1105965197975611e-07,4.786860040562806e-07,1.590356508982751e-07,2.8902794700581176e-07,9.222501609703546e-06,0.5942629305159528,16,highpass
1.1105965197975611e-07,4.786860040562806e-07,1.590356508982751e-07,2.8902794700581176e-07,1.870332779733953e-05,0.5389613889521676,16,highpass
1.1017463720618097e-07,4.786860040562806e-07,1.590356508982751e-07,2.409661277373757e-07,9.222501609703546e-06,0.5736251395658916,16,highpass
1.1105965197975611e-07,5.695975718168462e-07,1.590356508982751e-07,2.8902794700581176e-07,9.222501609703546e-06,0.5943169237486039,16,highpass
1.1105965197975611e-07,4.786860040562806e-07,1.590356508982751e-07,2.8902794700581176e-07,9.222501609703546e-06,0.5942629305159528,16,highpass
1.1105965197975611e-07,4.786860040562806e-07,1.590356508982751e-07,2.8902794700581176e-07,3.242912749061483e-05,0.5483958929715315,16,highpass
1.1105965197975611e-07,4.786860040562806e-07,1.590356508982751e-07,2.8902794700581176e-07,9.222501609703546e-06,0.5942629305159528,16,highpass
1.1105965197975611e-07,4.786860040562806e-07,1.590356508982751e-07,2.8902794700581176e-07,2.5107888281430672e-05,0.5473958969382825,16,highpass
1.1105965197975611e-07,4.786860040562806e-07,1.590356508982751e-07,2.8902794700581176e-07,9.222501609703546e-06,0.5942629305159528,16,highpass
1.1017463720618097e-07,4.786860040562806e-07,2.015172449880135e-07,2.8902794700581176e-07,9.222501609703546e-06,0.5950568411764874,17,highpass
1.1017463720618097e-07,4.961115460182227e-07,2.015172449880135e-07,2.8902794700581176e-07,9.222501609703546e-06,0.4682823828455825,17,highpass
1.1017463720618097e-07,4.786860040562806e-07,2.015172449880135e-07,2.8902794700581176e-07,9.222501609703546e-06,0.5950568411764874,17,highpass
1.1017463720618097e-07,4.786860040562806e-07,2.015172449880135e-07,2.8887920137847845e-07,9.222501609703546e-06,0.5950568411764874,17,highpass
1.1017463720618097e-07,4.786860040562806e-07,2.015172449880135e-07,2.9577420914087685e-07,9.222501609703546e-06,0.4893327986902506,17,highpass
1.1017463720618097e-07,4.786860040562806e-07,1.590356508982751e-07,2.8902794700581176e-07,9.222501609703546e-06,0.5935475369983424,17,highpass
1.1105965197975611e-07,5.695975718168462e-07,1.590356508982751e-07,2.8902794700581176e-07,9.222501609703546e-06,0.5943169237486039,17,highpass
1.1017463720618097e-07,4.786860040562806e-07,2.015172449880135e-07,2.8902794700581176e-07,9.222501609703546e-06,0.5950568411764874,17,highpass
1.1105965197975611e-07,4.786860040562806e-07,1.590356508982751e-07,2.8902794700581176e-07,9.222501609703546e-06,0.5942629305159528,17,highpass
1.1017463720618097e-07,4.786860040562806e-07,2.015172449880135e-07,2.8902794700581176e-07,9.222501609703546e-06,0.5950568411764874,17,highpass
1.1017463720618097e-07,4.786860040562806e-07,2.015172449880135e-07,2.9178662253577875e-07,9.222501609703546e-06,0.507888614717895,17,highpass
1.1017463720618097e-07,4.786860040562806e-07,2.015172449880135e-07,2.8902794700581176e-07,9.222501609703546e-06,0.5950568411764874,17,highpass
1.1105965197975611e-07,4.786860040562806e-07,1.590356508982751e-07,2.8902794700581176e-07,9.222501609703546e-06,0.5942629305159528,17,highpass
1.1105965197975611e-07,4.786860040562806e-07,1.590356508982751e-07,2.8902794700581176e-07,9.222501609703546e-06,0.5942629305159528,17,highpass
1.1017463720618097e-07,4.786860040562806e-07,2.015172449880135e-07,2.8902794700581176e-07,9.222501609703546e-06,0.5950568411764874,17,highpass
1.1017463720618097e-07,4.786860040562806e-07,2.015172449880135e-07,2.8902794700581176e-07,9.222501609703546e-06,0.5950568411764874,17,highpass
1.3024115469040913e-07,4.786860040562806e-07,2.015172449880135e-07,2.8902794700581176e-07,9.222501609703546e-06,0.5277928643429899,17,highpass
1.1017463720618097e-07,4.786860040562806e-07,2.0710087921732174e-07,2.8902794700581176e-07,9.222501609703546e-06,0.47376469216544276,17,highpass
1.1017463720618097e-07,4.786860040562806e-07,2.015172449880135e-07,2.8902794700581176e-07,9.222501609703546e-06,0.5950568411764874,17,highpass
1.1017463720618097e-07,4.786860040562806e-07,2.015172449880135e-07,2.8902794700581176e-07,1.1407855059345544e-05,0.5589054844321094,17,highpass
1.1017463720618097e-07,4.786860040562806e-07,2.015172449880135e-07,2.8902794700581176e-07,3.70590642146078e-05,0.5115845309266631,17,highpass
1.1017463720618097e-07,4.786860040562806e-07,2.015172449880135e-07,2.8902794700581176e-07,9.222501609703546e-06,0.5950568411764874,17,highpass
1.1105965197975611e-07,5.695975718168462e-07,1.590356508982751e-07,2.8902794700581176e-07,9.222501609703546e-06,0.5943169237486039,17,highpass
1.0445679016268393e-07,4.786860040562806e-07,2.015172449880135e-07,2.8902794700581176e-07,9.222501609703546e-06,0.4612300673955904,17,highpass
1.1017463720618097e-07,4.786860040562806e-07,2.015172449880135e-07,2.8902794700581176e-07,9.222501609703546e-06,0.5950568411764874,17,highpass
1.1105965197975611e-07,5.695975718168462e-07,1.590356508982751e-07,2.8902794700581176e-07,9.222501609703546e-06,0.5943169237486039,17,highpass
1.1017463720618097e-07,4.786860040562806e-07,2.015172449880135e-07,2.8902794700581176e-07,9.416222067638942e-06,0.5751891575098318,17,highpass
1.1017463720618097e-07,4.786860040562806e-07,2.015172449880135e-07,2.8902794700581176e-07,9.222501609703546e-06,0.5950568411764874,17,highpass
1.1017463720618097e-07,4.786860040562806e-07,2.015172449880135e-07,2.8902794700581176e-07,9.222501609703546e-06,0.5950568411764874,17,highpass
1.1017463720618097e-07,4.786860040562806e-07,2.015172449880135e-07,2.8902794700581176e-07,9.222501609703546e-06,0.5950568411764874,17,highpass
1.1017463720618097e-07,4.786860040562806e-07,2.015172449880135e-07,2.8902794700581176e-07,9.222501609703546e-06,0.5950568411764874,18,highpass
1.1017463720618097e-07,4.786860040562806e-07,2.015172449880135e-07,2.8902794700581176e-07,9.222501609703546e-06,0.5950568411764874,18,highpass
1.1017463720618097e-07,4.786860040562806e-07,2.015172449880135e-07,2.8902794700581176e-07,9.222501609703546e-06,0.5950568411764874,18,highpass
1.1017463720618097e-07,4.786860040562806e-07,2.015172449880135e-07,2.8887920137847845e-07,9.222501609703546e-06,0.5950568411764874,18,highpass
1.1017463720618097e-07,4.786860040562806e-07,2.015172449880135e-07,2.8902794700581176e-07,9.222501609703546e-06,0.5950568411764874,18,highpass
1.1017463720618097e-07,4.786860040562806e-07,2.015172449880135e-07,2.8902794700581176e-07,9.222501609703546e-06,0.5950568411764874,18,highpass
1.1017463720618097e-07,4.786860040562806e-07,2.015172449880135e-07,2.8902794700581176e-07,9.222501609703546e-06,0.5950568411764874,18,highpass
1.1017463720618097e-07,4.786860040562806e-07,2.015172449880135e-07,2.8887920137847845e-07,9.222501609703546e-06,0.5950568411764874,18,highpass
1.1017463720618097e-07,4.786860040562806e-07,2.015172449880135e-07,2.8902794700581176e-07,9.222501609703546e-06,0.5950568411764874,18,highpass
1.1017463720618097e-07,4.786860040562806e-07,2.015172449880135e-07,2.643898837161561e-07,9.222501609703546e-06,0.4768642863315723,18,highpass
1.1017463720618097e-07,4.786860040562806e-07,2.015172449880135e-07,2.8902794700581176e-07,9.222501609703546e-06,0.5950568411764874,18,highpass
1.1017463720618097e-07,4.786860040562806e-07,2.015172449880135e-07,2.8902794700581176e-07,9.222501609703546e-06,0.5950568411764874,18,highpass
1.1017463720618097e-07,4.786860040562806e-07,2.015172449880135e-07,2.8902794700581176e-07,9.222501609703546e-06,0.5950568411764874,18,highpass
1.1017463720618097e-07,4.786860040562806e-07,2.015172449880135e-07,2.8887920137847845e-07,9.222501609703546e-06,0.5950568411764874,18,highpass
1.1017463720618097e-07,4.786860040562806e-07,1.95345850169358e-07,2.8902794700581176e-07,9.222501609703546e-06,0.5474865413844578,18,highpass
1.1017463720618097e-07,4.786860040562806e-07,2.015172449880135e-07,2.8887920137847845e-07,9.222501609703546e-06,0.5950568411764874,18,highpass
1.1017463720618097e-07,4.786860040562806e-07,2.015172449880135e-07,2.8887920137847845e-07,9.222501609703546e-06,0.5950568411764874,18,highpass
1.1017463720618097e-07,4.786860040562806e-07,2.015172449880135e-07,2.8902794700581176e-07,9.222501609703546e-06,0.5950568411764874,18,highpass
1.1017463720618097e-07,4.786860040562806e-07,2.015172449880135e-07,2.8902794700581176e-07,9.222501609703546e-06,0.5950568411764874,18,highpass
1.1017463720618097e-07,4.786860040562806e-07,2.015172449880135e-07,2.8902794700581176e-07,9.222501609703546e-06,0.5950568411764874,18,highpass
1.1017463720618097e-07,4.786860040562806e-07,2.015172449880135e-07,2.8902794700581176e-07,9.222501609703546e-06,0.5950568411764874,18,highpass
1.1017463720618097e-07,4.786860040562806e-07,2.015172449880135e-07,2.8902794700581176e-07,9.222501609703546e-06,0.5950568411764874,18,highpass
1.1017463720618097e-07,4.786860040562806e-07,2.015172449880135e-07,2.9763898507590154e-07,9.222501609703546e-06,0.47968922091784433,18,highpass
1.1017463720618097e-07,4.786860040562806e-07,2.015172449880135e-07,2.8902794700581176e-07,9.222501609703546e-06,0.5950568411764874,18,highpass
1.1017463720618097e-07,4.786860040562806e-07,1.1582904353579016e-07,2.8887920137847845e-07,9.222501609703546e-06,0.524568734516883,18,highpass
1.1017463720618097e-07,4.786860040562806e-07,2.015172449880135e-07,2.8902794700581176e-07,9.222501609703546e-06,0.5950568411764874,18,highpass
1.1017463720618097e-07,4.786860040562806e-07,1.590356508982751e-07,2.8902794700581176e-07,9.222501609703546e-06,0.5935475369983424,18,highpass
1.1017463720618097e-07,4.883253461005851e-07,2.015172449880135e-07,2.8902794700581176e-07,9.222501609703546e-06,0.5307465071031505,18,highpass
1.1017463720618097e-07,4.786860040562806e-07,2.015172449880135e-07,2.8902794700581176e-07,9.222501609703546e-06,0.5950568411764874,18,highpass
1.1017463720618097e-07,4.786860040562806e-07,2.015172449880135e-07,2.8902794700581176e-07,9.222501609703546e-06,0.5950568411764874,18,highpass
1.1017463720618097e-07,4.786860040562806e-07,2.015172449880135e-07,2.8902794700581176e-07,9.222501609703546e-06,0.5950568411764874,19,highpass
1.1017463720618097e-07,4.786860040562806e-07,2.015172449880135e-07,2.8902794700581176e-07,9.222501609703546e-06,0.5950568411764874,19,highpass
1.1011353099097283e-07,4.786860040562806e-07,2.015172449880135e-07,2.8902794700581176e-07,9.222501609703546e-06,0.5950568411764874,19,highpass
1.1017463720618097e-07,4.786860040562806e-07,2.015172449880135e-07,2.8887920137847845e-07,9.222501609703546e-06,0.5950568411764874,19,highpass
1.1017463720618097e-07,4.786860040562806e-07,2.015172449880135e-07,2.8902794700581176e-07,9.222501609703546e-06,0.5950568411764874,19,highpass
1.1017463720618097e-07,4.786860040562806e-07,2.015172449880135e-07,2.8887920137847845e-07,9.222501609703546e-06,0.5950568411764874,19,highpass
1.1017463720618097e-07,4.786860040562806e-07,2.015172449880135e-07,2.8902794700581176e-07,9.222501609703546e-06,0.5950568411764874,19,highpass
1.1017463720618097e-07,4.786860040562806e-07,2.015172449880135e-07,2.9391284120123083e-07,9.222501609703546e-06,0.4992033753938136,19,highpass
1.1017463720618097e-07,4.786860040562806e-07,2.015172449880135e-07,2.8887920137847845e-07,9.222501609703546e-06,0.5950568411764874,19,highpass
1.1017463720618097e-07,4.769539291669782e-07,2.015172449880135e-07,2.8902794700581176e-07,9.222501609703546e-06,0.5939101881297002,19,highpass
1.1017463720618097e-07,4.786860040562806e-07,2.015172449880135e-07,2.8902794700581176e-07,9.222501609703546e-06,0.5950568411764874,19,highpass
1.1017463720618097e-07,4.786860040562806e-07,2.015172449880135e-07,2.8902794700581176e-07,9.222501609703546e-06,0.5950568411764874,19,highpass
1.1017463720618097e-07,4.786860040562806e-07,2.015172449880135e-07,2.8902794700581176e-07,9.222501609703546e-06,0.5950568411764874,19,highpass
1.1017463720618097e-07,4.786860040562806e-07,2.015172449880135e-07,2.8902794700581176e-07,9.222501609703546e-06,0.5950568411764874,19,highpass
1.1017463720618097e-07,4.786860040562806e-07,2.015172449880135e-07,2.8902794700581176e-07,9.222501609703546e-06,0.5950568411764874,19,highpass
1.1017463720618097e-07,4.786860040562806e-07,2.015172449880135e-07,2.8902794700581176e-07,9.222501609703546e-06,0.5950568411764874,19,highpass
1.1017463720618097e-07,4.786860040562806e-07,2.015172449880135e-07,2.8902794700581176e-07,9.222501609703546e-06,0.5950568411764874,19,highpass
1.1017463720618097e-07,4.786860040562806e-07,2.015172449880135e-07,2.8902794700581176e-07,9.222501609703546e-06,0.5950568411764874,19,highpass
1.1017463720618097e-07,4.786860040562806e-07,2.015172449880135e-07,2.8902794700581176e-07,9.222501609703546e-06,0.5950568411764874,19,highpass
1.1017463720618097e-07,4.786860040562806e-07,2.015172449880135e-07,2.8887920137847845e-07,9.222501609703546e-06,0.5950568411764874,19,highpass
1.1017463720618097e-07,4.786860040562806e-07,2.015172449880135e-07,2.8887920137847845e-07,9.222501609703546e-06,0.5950568411764874,19,highpass
1.1017463720618097e-07,4.786860040562806e-07,1.9410539746596393e-07,2.8902794700581176e-07,9.222501609703546e-06,0.5754334334560243,19,highpass
1.1017463720618097e-07,4.786860040562806e-07,2.0912150707846794e-07,2.8902794700581176e-07,9.222501609703546e-06,0.5780411543578281,19,highpass
1.1017463720618097e-07,4.786860040562806e-07,2.015172449880135e-07,2.8902794700581176e-07,9.222501609703546e-06,0.5950568411764874,19,highpass
1.1017463720618097e-07,4.786860040562806e-07,2.015172449880135e-07,2.8902794700581176e-07,9.222501609703546e-06,0.5950568411764874,19,highpass
1.1017463720618097e-07,4.786860040562806e-07,2.015172449880135e-07,2.8902794700581176e-07,9.222501609703546e-06,0.5950568411764874,19,highpass
1.1017463720618097e-07,4.786860040562806e-07,2.015172449880135e-07,2.8902794700581176e-07,9.222501609703546e-06,0.5950568411764874,19,highpass
1.1017463720618097e-07,4.786860040562806e-07,2.015172449880135e-07,2.8902794700581176e-07,9.222501609703546e-06,0.5950568411764874,19,highpass
1.1017463720618097e-07,4.786860040562806e-07,2.015172449880135e-07,2.8902794700581176e-07,9.222501609703546e-06,0.5950568411764874,19,highpass
1.1017463720618097e-07,4.786860040562806e-07,2.015172449880135e-07,2.8902794700581176e-07,9.222501609703546e-06,0.5950568411764874,19,highpass
1.1017463720618097e-07,4.786860040562806e-07,2.015172449880135e-07,2.8902794700581176e-07,9.222501609703546e-06,0.5950568411764874,20,highpass
1.1017463720618097e-07,4.786860040562806e-07,2.015172449880135e-07,2.8902794700581176e-07,9.222501609703546e-06,0.5950568411764874,20,highpass
1.1017463720618097e-07,4.786860040562806e-07,2.015172449880135e-07,2.8902794700581176e-07,9.222501609703546e-06,0.5950568411764874,20,highpass
1.1017463720618097e-07,4.786860040562806e-07,2.015172449880135e-07,2.8902794700581176e-07,9.222501609703546e-06,0.5950568411764874,20,highpass
1.1017463720618097e-07,4.786860040562806e-07,2.015172449880135e-07,2.8902794700581176e-07,9.222501609703546e-06,0.5950568411764874,20,highpass
1.1017463720618097e-07,4.786860040562806e-07,2.015172449880135e-07,2.8902794700581176e-07,9.222501609703546e-06,0.5950568411764874,20,highpass
1.1017463720618097e-07,4.786860040562806e-07,2.015172449880135e-07,2.8887920137847845e-07,9.222501609703546e-06,0.5950568411764874,20,highpass
1.1017463720618097e-07,4.786860040562806e-07,2.015172449880135e-07,2.8902794700581176e-07,9.222501609703546e-06,0.5950568411764874,20,highpass
1.1017463720618097e-07,4.786860040562806e-07,2.015172449880135e-07,2.8887920137847845e-07,9.222501609703546e-06,0.5950568411764874,20,highpass
1.1017463720618097e-07,4.786860040562806e-07,2.015172449880135e-07,2.8902794700581176e-07,9.222501609703546e-06,0.5950568411764874,20,highpass
1.1017463720618097e-07,4.786860040562806e-07,2.015172449880135e-07,2.8902794700581176e-07,9.222501609703546e-06,0.5950568411764874,20,highpass
1.1017463720618097e-07,4.786860040562806e-07,2.015172449880135e-07,2.8887920137847845e-07,9.222501609703546e-06,0.5950568411764874,20,highpass
1.1017463720618097e-07,4.786860040562806e-07,2.015172449880135e-07,2.8902794700581176e-07,9.222501609703546e-06,0.5950568411764874,20,highpass
1.1017463720618097e-07,4.786860040562806e-07,1.5142859940372168e-07,2.8887920137847845e-07,9.222501609703546e-06,0.5211382009223471,20,highpass
1.0784849222899844e-07,4.786860040562806e-07,2.015172449880135e-07,2.8902794700581176e-07,9.222501609703546e-06,0.532505241781804,20,highpass
1.1017463720618097e-07,4.786860040562806e-07,2.015172449880135e-07,2.8902794700581176e-07,9.222501609703546e-06,0.5950568411764874,20,highpass
1.1017463720618097e-07,4.786860040562806e-07,2.015172449880135e-07,2.8887920137847845e-07,9.222501609703546e-06,0.5950568411764874,20,highpass
1.1017463720618097e-07,4.786860040562806e-07,2.015172449880135e-07,2.8902794700581176e-07,9.222501609703546e-06,0.5950568411764874,20,highpass
1.1017463720618097e-07,4.786860040562806e-07,2.015172449880135e-07,2.8902794700581176e-07,9.222501609703546e-06,0.5950568411764874,20,highpass
1.1017463720618097e-07,5.846690533400401e-07,2.015172449880135e-07,2.8902794700581176e-07,9.222501609703546e-06,0.3966052333137415,20,highpass
1.1017463720618097e-07,4.786860040562806e-07,2.015172449880135e-07,2.8902794700581176e-07,9.222501609703546e-06,0.5950568411764874,20,highpass
1.1017463720618097e-07,4.786860040562806e-07,2.015172449880135e-07,2.8902794700581176e-07,1.1012754040030558e-05,0.5799680567343799,20,highpass
1.1017463720618097e-07,4.786860040562806e-07,2.015172449880135e-07,2.8902794700581176e-07,9.222501609703546e-06,0.5950568411764874,20,highpass
1.1017463720618097e-07,4.786860040562806e-07,2.015172449880135e-07,2.8887920137847845e-07,9.222501609703546e-06,0.5950568411764874,20,highpass
1.1017463720618097e-07,4.786860040562806e-07,2.3472871321506053e-07,2.8902794700581176e-07,9.222501609703546e-06,0.21168626760665418,20,highpass
1.1017463720618097e-07,4.786860040562806e-07,2.015172449880135e-07,2.8887920137847845e-07,9.222501609703546e-06,0.5950568411764874,20,highpass
1.1017463720618097e-07,4.786860040562806e-07,2.015172449880135e-07,2.8902794700581176e-07,9.222501609703546e-06,0.5950568411764874,20,highpass
1.1017463720618097e-07,4.786860040562806e-07,2.015172449880135e-07,2.8902794700581176e-07,9.222501609703546e-06,0.5950568411764874,20,highpass
1.1017463720618097e-07,4.786860040562806e-07,2.015172449880135e-07,2.8887920137847845e-07,9.222501609703546e-06,0.5950568411764874,20,highpass
1.1017463720618097e-07,4.786860040562806e-07,2.015172449880135e-07,2.8902794700581176e-07,9.222501609703546e-06,0.5950568411764874,20,highpass
1.1017463720618097e-07,4.786860040562806e-07,2.015172449880135e-07,2.8902794700581176e-07,9.222501609703546e-06,0.5950568411764874,21,highpass
1.1017463720618097e-07,4.786860040562806e-07,2.015172449880135e-07,2.8902794700581176e-07,9.222501609703546e-06,0.5950568411764874,21,highpass
1.1017463720618097e-07,4.786860040562806e-07,2.015172449880135e-07,2.8902794700581176e-07,9.222501609703546e-06,0.5950568411764874,21,highpass
1.0546343104462651e-07,4.786860040562806e-07,2.015172449880135e-07,2.8902794700581176e-07,9.222501609703546e-06,0.4700169141555939,21,highpass
1.1017463720618097e-07,4.786860040562806e-07,2.015172449880135e-07,2.8902794700581176e-07,9.222501609703546e-06,0.5950568411764874,21,highpass
1.1017463720618097e-07,4.786860040562806e-07,2.015172449880135e-07,2.8887920137847845e-07,9.222501609703546e-06,0.5950568411764874,21,highpass
1.1017463720618097e-07,4.786860040562806e-07,2.015172449880135e-07,2.8902794700581176e-07,9.222501609703546e-06,0.5950568411764874,21,highpass
1.1017463720618097e-07,4.786860040562806e-07,2.015172449880135e-07,2.8902794700581176e-07,9.222501609703546e-06,0.5950568411764874,21,highpass
1.1017463720618097e-07,4.786860040562806e-07,2.015172449880135e-07,2.8902794700581176e-07,9.222501609703546e-06,0.5950568411764874,21,highpass
1.1017463720618097e-07,4.786860040562806e-07,2.015172449880135e-07,2.8902794700581176e-07,9.222501609703546e-06,0.5950568411764874,21,highpass
1.1017463720618097e-07,4.786860040562806e-07,2.015172449880135e-07,2.8902794700581176e-07,9.222501609703546e-06,0.5950568411764874,21,highpass
1.1017463720618097e-07,5.37423965074059e-07,2.015172449880135e-07,2.8902794700581176e-07,9.222501609703546e-06,0.39758310468850666,21,highpass
1.1017463720618097e-07,4.786860040562806e-07,2.015172449880135e-07,2.8902794700581176e-07,9.222501609703546e-06,0.5950568411764874,21,highpass
1.1017463720618097e-07,4.786860040562806e-07,2.015172449880135e-07,2.88508672545459e-07,9.222501609703546e-06,0.5950568411764874,21,highpass
1.1017463720618097e-07,4.786860040562806e-07,2.015172449880135e-07,2.8887920137847845e-07,9.222501609703546e-06,0.5950568411764874,21,highpass
1.1017463720618097e-07,4.786860040562806e-07,2.015172449880135e-07,2.8902794700581176e-07,9.222501609703546e-06,0.5950568411764874,21,highpass
1.3273632858924446e-07,4.786860040562806e-07,2.015172449880135e-07,2.8887920137847845e-07,9.222501609703546e-06,0.39789285185155365,21,highpass
1.1017463720618097e-07,4.786860040562806e-07,2.015172449880135e-07,2.8902794700581176e-07,9.222501609703546e-06,0.5950568411764874,21,highpass
1.1017463720618097e-07,4.786860040562806e-07,2.015172449880135e-07,2.8902794700581176e-07,9.222501609703546e-06,0.5950568411764874,21,highpass
1.1017463720618097e-07,4.786860040562806e-07,2.015172449880135e-07,2.8902794700581176e-07,9.222501609703546e-06,0.5950568411764874,21,highpass
1.1017463720618097e-07,4.786860040562806e-07,2.015172449880135e-07,2.8902794700581176e-07,9.222501609703546e-06,0.5950568411764874,21,highpass
1.1017463720618097e-07,4.786860040562806e-07,2.015172449880135e-07,2.8887920137847845e-07,9.222501609703546e-06,0.5950568411764874,21,highpass
1.1017463720618097e-07,4.0352570959235683e-07,2.015172449880135e-07,2.8902794700581176e-07,9.222501609703546e-06,0.5599265772673432,21,highpass
1.1017463720618097e-07,4.786860040562806e-07,2.015172449880135e-07,2.8887920137847845e-07,9.222501609703546e-06,0.5950568411764874,21,highpass
1.1017463720618097e-07,4.786860040562806e-07,2.015172449880135e-07,2.8902794700581176e-07,9.222501609703546e-06,0.5950568411764874,21,highpass
1.1017463720618097e-07,4.786860040562806e-07,2.015172449880135e-07,2.8902794700581176e-07,9.222501609703546e-06,0.5950568411764874,21,highpass
1.1017463720618097e-07,4.786860040562806e-07,2.015172449880135e-07,2.8902794700581176e-07,9.222501609703546e-06,0.5950568411764874,21,highpass
1.1017463720618097e-07,4.786860040562806e-07,2.015172449880135e-07,2.8902794700581176e-07,9.222501609703546e-06,0.5950568411764874,21,highpass
1.1017463720618097e-07,4.5937620772564427e-07,2.015172449880135e-07,2.8902794700581176e-07,9.222501609703546e-06,0.566755755497808,21,highpass
1.1017463720618097e-07,4.786860040562806e-07,2.015172449880135e-07,2.8902794700581176e-07,9.222501609703546e-06,0.5950568411764874,21,highpass
1.1017463720618097e-07,4.786860040562806e-07,2.015172449880135e-07,2.8902794700581176e-07,9.222501609703546e-06,0.5950568411764874,22,highpass
1.1017463720618097e-07,4.786860040562806e-07,2.015172449880135e-07,2.8902794700581176e-07,9.222501609703546e-06,0.5950568411764874,22,highpass
1.1017463720618097e-07,4.241892746355482e-07,2.015172449880135e-07,2.8902794700581176e-07,9.222501609703546e-06,0.5892576726558135,22,highpass
1.1017463720618097e-07,4.786860040562806e-07,2.015172449880135e-07,2.8902794700581176e-07,9.222501609703546e-06,0.5950568411764874,22,highpass
1.1017463720618097e-07,4.786860040562806e-07,2.015172449880135e-07,2.8902794700581176e-07,9.222501609703546e-06,0.5950568411764874,22,highpass
1.1017463720618097e-07,4.786860040562806e-07,2.015172449880135e-07,2.8902794700581176e-07,9.222501609703546e-06,0.5950568411764874,22,highpass
1.1017463720618097e-07,4.786860040562806e-07,2.015172449880135e-07,2.8902794700581176e-07,9.222501609703546e-06,0.5950568411764874,22,highpass
1.1017463720618097e-07,4.786860040562806e-07,2.015172449880135e-07,2.8902794700581176e-07,9.222501609703546e-06,0.5950568411764874,22,highpass
1.1209872708293092e-07,4.786860040562806e-07,2.015172449880135e-07,2.8887920137847845e-07,9.222501609703546e-06,0.5477889616954028,22,highpass
1.1017463720618097e-07,4.786860040562806e-07,2.015172449880135e-07,2.8902794700581176e-07,9.222501609703546e-06,0.5950568411764874,22,highpass
1.1017463720618097e-07,4.786860040562806e-07,2.015172449880135e-07,2.8902794700581176e-07,9.222501609703546e-06,0.5950568411764874,22,highpass
1.1017463720618097e-07,4.786860040562806e-07,2.015172449880135e-07,2.8887920137847845e-07,9.222501609703546e-06,0.5950568411764874,22,highpass
1.1017463720618097e-07,4.786860040562806e-07,2.015172449880135e-07,2.8887920137847845e-07,9.222501609703546e-06,0.5950568411764874,22,highpass
1.1017463720618097e-07,4.786860040562806e-07,2.015172449880135e-07,2.8902794700581176e-07,9.222501609703546e-06,0.5950568411764874,22,highpass
1.1017463720618097e-07,4.786860040562806e-07,2.015172449880135e-07,2.8902794700581176e-07,9.222501609703546e-06,0.5950568411764874,22,highpass
1.1017463720618097e-07,4.786860040562806e-07,2.3523006297279887e-07,2.8902794700581176e-07,9.222501609703546e-06,0.21067185616541792,22,highpass
1.1017463720618097e-07,4.786860040562806e-07,2.015172449880135e-07,2.8902794700581176e-07,9.222501609703546e-06,0.5950568411764874,22,highpass
1.1017463720618097e-07,4.786860040562806e-07,2.015172449880135e-07,2.8902794700581176e-07,9.222501609703546e-06,0.5950568411764874,22,highpass
1.1017463720618097e-07,4.786860040562806e-07,2.015172449880135e-07,2.8902794700581176e-07,9.222501609703546e-06,0.5950568411764874,22,highpass
1.1017463720618097e-07,4.786860040562806e-07,2.015172449880135e-07,2.8902794700581176e-07,9.222501609703546e-06,0.5950568411764874,22,highpass
1.1017463720618097e-07,4.786860040562806e-07,2.015172449880135e-07,2.8902794700581176e-07,9.222501609703546e-06,0.5950568411764874,22,highpass
1.1017463720618097e-07,4.786860040562806e-07,2.015172449880135e-07,2.8887920137847845e-07,9.222501609703546e-06,0.5950568411764874,22,highpass
1.1017463720618097e-07,4.786860040562806e-07,2.015172449880135e-07,2.8902794700581176e-07,9.222501609703546e-06,0.5950568411764874,22,highpass
1.1017463720618097e-07,4.786860040562806e-07,2.015172449880135e-07,2.8902794700581176e-07,9.222501609703546e-06,0.5950568411764874,22,highpass
1.1017463720618097e-07,4.786860040562806e-07,2.015172449880135e-07,2.8902794700581176e-07,9.222501609703546e-06,0.5950568411764874,22,highpass
1.1017463720618097e-07,4.786860040562806e-07,2.015172449880135e-07,2.8902794700581176e-07,9.222501609703546e-06,0.5950568411764874,22,highpass
1.1017463720618097e-07,4.786860040562806e-07,2.015172449880135e-07,2.8887920137847845e-07,9.222501609703546e-06,0.5950568411764874,22,highpass
1.1017463720618097e-07,4.786860040562806e-07,2.015172449880135e-07,2.8902794700581176e-07,9.222501609703546e-06,0.5950568411764874,22,highpass
1.1017463720618097e-07,4.786860040562806e-07,2.015172449880135e-07,2.8902794700581176e-07,9.222501609703546e-06,0.5950568411764874,22,highpass
1.1017463720618097e-07,4.786860040562806e-07,2.015172449880135e-07,2.8902794700581176e-07,9.222501609703546e-06,0.5950568411764874,22,highpass
1.1017463720618097e-07,4.786860040562806e-07,2.015172449880135e-07,2.8902794700581176e-07,9.222501609703546e-06,0.5950568411764874,23,highpass
1.1017463720618097e-07,4.786860040562806e-07,2.015172449880135e-07,2.8902794700581176e-07,9.222501609703546e-06,0.5950568411764874,23,highpass
1.1017463720618097e-07,4.786860040562806e-07,2.015172449880135e-07,2.8902794700581176e-07,9.222501609703546e-06,0.5950568411764874,23,highpass
1.1017463720618097e-07,4.786860040562806e-07,2.015172449880135e-07,2.8902794700581176e-07,9.222501609703546e-06,0.5950568411764874,23,highpass
1.1017463720618097e-07,4.786860040562806e-07,2.015172449880135e-07,2.8902794700581176e-07,9.222501609703546e-06,0.5950568411764874,23,highpass
1.1017463720618097e-07,4.786860040562806e-07,2.015172449880135e-07,2.8902794700581176e-07,9.222501609703546e-06,0.5950568411764874,23,highpass
1.1017463720618097e-07,4.786860040562806e-07,2.015172449880135e-07,2.8902794700581176e-07,9.222501609703546e-06,0.5950568411764874,23,highpass
1.1017463720618097e-07,4.786860040562806e-07,2.015172449880135e-07,2.8902794700581176e-07,9.222501609703546e-06,0.5950568411764874,23,highpass
1.1017463720618097e-07,4.786860040562806e-07,2.015172449880135e-07,2.8902794700581176e-07,9.222501609703546e-06,0.5950568411764874,23,highpass
1.1017463720618097e-07,4.786860040562806e-07,2.015172449880135e-07,2.8902794700581176e-07,9.222501609703546e-06,0.5950568411764874,23,highpass
1.1017463720618097e-07,4.786860040562806e-07,2.015172449880135e-07,2.8902794700581176e-07,9.222501609703546e-06,0.5950568411764874,23,highpass
1.1017463720618097e-07,5.03948318198534e-07,2.015172449880135e-07,2.8902794700581176e-07,9.222501609703546e-06,0.5054743632068491,23,highpass
1.1017463720618097e-07,4.786860040562806e-07,2.015172449880135e-07,2.8902794700581176e-07,4.526396507791886e-05,0.5050202753302553,23,highpass
1.1017463720618097e-07,4.786860040562806e-07,2.015172449880135e-07,2.8902794700581176e-07,9.222501609703546e-06,0.5950568411764874,23,highpass
1.1017463720618097e-07,4.786860040562806e-07,2.015172449880135e-07,2.8902794700581176e-07,9.222501609703546e-06,0.5950568411764874,23,highpass
1.1017463720618097e-07,4.627139064057406e-07,2.015172449880135e-07,2.8902794700581176e-07,9.222501609703546e-06,0.5556355940279167,23,highpass
1.1017463720618097e-07,4.786860040562806e-07,2.015172449880135e-07,2.8902794700581176e-07,9.222501609703546e-06,0.5950568411764874,23,highpass
1.1017463720618097e-07,4.786860040562806e-07,2.015172449880135e-07,2.8902794700581176e-07,9.222501609703546e-06,0.5950568411764874,23,highpass
1.1017463720618097e-07,4.786860040562806e-07,2.015172449880135e-07,2.8902794700581176e-07,9.222501609703546e-06,0.5950568411764874,23,highpass
1.1017463720618097e-07,4.786860040562806e-07,2.015172449880135e-07,2.8887920137847845e-07,9.222501609703546e-06,0.5950568411764874,23,highpass
1.1017463720618097e-07,4.786860040562806e-07,2.015172449880135e-07,2.8902794700581176e-07,1.1235866719819858e-05,0.558908010889657,23,highpass
1.1017463720618097e-07,5.078316858122333e-07,2.015172449880135e-07,2.8902794700581176e-07,9.222501609703546e-06,0.4691029352578764,23,highpass
1.1017463720618097e-07,4.786860040562806e-07,2.015172449880135e-07,2.8902794700581176e-07,9.222501609703546e-06,0.5950568411764874,23,highpass
1.1017463720618097e-07,4.786860040562806e-07,2.015172449880135e-07,2.8902794700581176e-07,9.222501609703546e-06,0.5950568411764874,23,highpass
1.1017463720618097e-07,4.786860040562806e-07,2.015172449880135e-07,2.8902794700581176e-07,9.222501609703546e-06,0.5950568411764874,23,highpass
1.1017463720618097e-07,4.786860040562806e-07,2.015172449880135e-07,2.949085861745597e-07,9.222501609703546e-06,0.4936886535872978,23,highpass
1.1017463720618097e-07,4.786860040562806e-07,2.015172449880135e-07,2.8887920137847845e-07,9.222501609703546e-06,0.5950568411764874,23,highpass
1.0554361511786476e-07,4.786860040562806e-07,2.015172449880135e-07,2.8902794700581176e-07,9.222501609703546e-06,0.4713333480370436,23,highpass
1.1017463720618097e-07,4.786860040562806e-07,2.015172449880135e-07,2.8902794700581176e-07,9.222501609703546e-06,0.5950568411764874,23,highpass
1.8640929474093362e-07,4.786860040562806e-07,2.015172449880135e-07,2.8887920137847845e-07,9.222501609703546e-06,0.3566982353559612,23,highpass
1.1017463720618097e-07,4.786860040562806e-07,2.015172449880135e-07,2.8902794700581176e-07,9.222501609703546e-06,0.5952856564662041,24,highpass
1.1017463720618097e-07,4.786860040562806e-07,2.015172449880135e-07,2.8902794700581176e-07,9.222501609703546e-06,0.5952856564662041,24,highpass
1.1017463720618097e-07,4.786860040562806e-07,2.015172449880135e-07,2.8902794700581176e-07,9.222501609703546e-06,0.5952856564662041,24,highpass
1.1017463720618097e-07,4.786860040562806e-07,2.015172449880135e-07,2.8902794700581176e-07,9.222501609703546e-06,0.5952856564662041,24,highpass
1.1017463720618097e-07,4.786860040562806e-07,2.015172449880135e-07,2.8887920137847845e-07,9.222501609703546e-06,0.5952856564662041,24,highpass
1.1017463720618097e-07,4.786860040562806e-07,2.015172449880135e-07,2.8902794700581176e-07,9.222501609703546e-06,0.5952856564662041,24,highpass
1.1017463720618097e-07,4.786860040562806e-07,2.015172449880135e-07,2.8902794700581176e-07,9.222501609703546e-06,0.5952856564662041,24,highpass
1.1017463720618097e-07,4.786860040562806e-07,2.015172449880135e-07,2.8902794700581176e-07,9.222501609703546e-06,0.5952856564662041,24,highpass
1.1017463720618097e-07,4.786860040562806e-07,2.015172449880135e-07,2.8902794700581176e-07,9.222501609703546e-06,0.5952856564662041,24,highpass
1.1017463720618097e-07,4.786860040562806e-07,2.015172449880135e-07,2.8902794700581176e-07,9.222501609703546e-06,0.5952856564662041,24,highpass
1.1017463720618097e-07,4.786860040562806e-07,2.015172449880135e-07,2.8902794700581176e-07,9.222501609703546e-06,0.5952856564662041,24,highpass
1.1017463720618097e-07,4.786860040562806e-07,2.015172449880135e-07,2.8902794700581176e-07,9.222501609703546e-06,0.5952856564662041,24,highpass
1.1017463720618097e-07,4.786860040562806e-07,2.015172449880135e-07,2.8902794700581176e-07,9.222501609703546e-06,0.5952856564662041,24,highpass
1.1017463720618097e-07,4.786860040562806e-07,2.015172449880135e-07,2.8902794700581176e-07,9.222501609703546e-06,0.5952856564662041,24,highpass
1.1017463720618097e-07,4.786860040562806e-07,2.015172449880135e-07,2.8902794700581176e-07,9.222501609703546e-06,0.5952856564662041,24,highpass
1.1017463720618097e-07,4.786860040562806e-07,2.015172449880135e-07,2.8887920137847845e-07,9.222501609703546e-06,0.5952856564662041,24,highpass
1.1017463720618097e-07,4.786860040562806e-07,2.015172449880135e-07,2.8902794700581176e-07,9.222501609703546e-06,0.5952856564662041,24,highpass
1.1017463720618097e-07,4.786860040562806e-07,2.015172449880135e-07,2.8902794700581176e-07,9.222501609703546e-06,0.5952856564662041,24,highpass
1.1017463720618097e-07,4.786860040562806e-07,2.015172449880135e-07,2.8887920137847845e-07,9.222501609703546e-06,0.5952856564662041,24,highpass
1.1017463720618097e-07,4.786860040562806e-07,2.015172449880135e-07,2.8902794700581176e-07,9.222501609703546e-06,0.5952856564662041,24,highpass
1.1017463720618097e-07,4.786860040562806e-07,2.015172449880135e-07,2.8902794700581176e-07,9.222501609703546e-06,0.5952856564662041,24,highpass
1.1017463720618097e-07,4.786860040562806e-07,2.015172449880135e-07,2.8887920137847845e-07,9.222501609703546e-06,0.5952856564662041,24,highpass
1.1017463720618097e-07,4.786860040562806e-07,2.015172449880135e-07,2.8902794700581176e-07,9.222501609703546e-06,0.5952856564662041,24,highpass
1.1017463720618097e-07,4.786860040562806e-07,2.015172449880135e-07,2.8902794700581176e-07,9.222501609703546e-06,0.5952856564662041,24,highpass
1.1017463720618097e-07,4.786860040562806e-07,2.015172449880135e-07,2.8902794700581176e-07,9.222501609703546e-06,0.5952856564662041,24,highpass
1.1017463720618097e-07,4.786860040562806e-07,2.015172449880135e-07,2.8902794700581176e-07,9.222501609703546e-06,0.5952856564662041,24,highpass
1.1017463720618097e-07,4.786860040562806e-07,2.015172449880135e-07,2.8902794700581176e-07,9.222501609703546e-06,0.5952856564662041,24,highpass
1.1017463720618097e-07,4.786860040562806e-07,2.015172449880135e-07,2.8902794700581176e-07,9.222501609703546e-06,0.5952856564662041,24,highpass
1.1017463720618097e-07,4.786860040562806e-07,2.015172449880135e-07,2.8902794700581176e-07,9.222501609703546e-06,0.5952856564662041,24,highpass
1.1017463720618097e-07,4.786860040562806e-07,2.015172449880135e-07,2.8887920137847845e-07,9.222501609703546e-06,0.5952856564662041,24,highpass
1.1017463720618097e-07,4.786860040562806e-07,2.015172449880135e-07,2.8902794700581176e-07,9.222501609703546e-06,0.5950568411764874,25,highpass
1.1017463720618097e-07,4.786860040562806e-07,2.015172449880135e-07,2.8887920137847845e-07,9.222501609703546e-06,0.5950568411764874,25,highpass
1.1017463720618097e-07,4.786860040562806e-07,2.015172449880135e-07,2.8902794700581176e-07,9.222501609703546e-06,0.5950568411764874,25,highpass
1.8943442627226025e-07,4.786860040562806e-07,2.015172449880135e-07,2.8902794700581176e-07,9.222501609703546e-06,0.3660827575195782,25,highpass
1.1017463720618097e-07,4.786860040562806e-07,2.015172449880135e-07,2.8902794700581176e-07,9.222501609703546e-06,0.5950568411764874,25,highpass
1.1017463720618097e-07,4.786860040562806e-07,2.015172449880135e-07,2.8902794700581176e-07,9.222501609703546e-06,0.5950568411764874,25,highpass
1.1017463720618097e-07,4.6323182562124965e-07,2.015172449880135e-07,2.8902794700581176e-07,9.222501609703546e-06,0.5543523586104108,25,highpass
1.1017463720618097e-07,4.786860040562806e-07,2.015172449880135e-07,2.8902794700581176e-07,9.222501609703546e-06,0.5950568411764874,25,highpass
1.1017463720618097e-07,4.786860040562806e-07,2.015172449880135e-07,2.1123905595075678e-07,9.222501609703546e-06,0.5701066770914456,25,highpass
1.1017463720618097e-07,4.786860040562806e-07,2.015172449880135e-07,2.861862404210298e-07,9.222501609703546e-06,0.5908176798187785,25,highpass
1.1017463720618097e-07,4.786860040562806e-07,2.015172449880135e-07,2.8902794700581176e-07,9.222501609703546e-06,0.5950568411764874,25,highpass
1.1017463720618097e-07,4.786860040562806e-07,2.015172449880135e-07,2.8902794700581176e-07,9.222501609703546e-06,0.5950568411764874,25,highpass
1.1017463720618097e-07,4.786860040562806e-07,2.015172449880135e-07,2.8902794700581176e-07,9.222501609703546e-06,0.5950568411764874,25,highpass
1.1017463720618097e-07,4.786860040562806e-07,2.015172449880135e-07,2.8902794700581176e-07,9.222501609703546e-06,0.5950568411764874,25,highpass
1.1017463720618097e-07,4.786860040562806e-07,2.015172449880135e-07,2.8902794700581176e-07,9.222501609703546e-06,0.5950568411764874,25,highpass
1.1017463720618097e-07,4.786860040562806e-07,2.015172449880135e-07,2.8902794700581176e-07,9.222501609703546e-06,0.5950568411764874,25,highpass
1.1017463720618097e-07,4.786860040562806e-07,2.015172449880135e-07,2.8902794700581176e-07,9.222501609703546e-06,0.5950568411764874,25,highpass
1.1017463720618097e-07,4.786860040562806e-07,2.015172449880135e-07,2.8902794700581176e-07,9.222501609703546e-06,0.5950568411764874,25,highpass
1.1017463720618097e-07,4.786860040562806e-07,2.015172449880135e-07,2.8887920137847845e-07,9.222501609703546e-06,0.5950568411764874,25,highpass
1.1017463720618097e-07,4.786860040562806e-07,2.015172449880135e-07,2.8902794700581176e-07,9.222501609703546e-06,0.5950568411764874,25,highpass
1.1017463720618097e-07,4.786860040562806e-07,2.015172449880135e-07,2.8902794700581176e-07,9.222501609703546e-06,0.5950568411764874,25,highpass
1.1017463720618097e-07,4.786860040562806e-07,2.015172449880135e-07,2.8902794700581176e-07,9.222501609703546e-06,0.5950568411764874,25,highpass
1.1017463720618097e-07,4.786860040562806e-07,2.015172449880135e-07,2.8902794700581176e-07,9.222501609703546e-06,0.5950568411764874,25,highpass
1.1017463720618097e-07,4.786860040562806e-07,2.015172449880135e-07,2.8902794700581176e-07,9.222501609703546e-06,0.5950568411764874,25,highpass
1.1017463720618097e-07,4.786860040562806e-07,2.015172449880135e-07,2.8902794700581176e-07,9.222501609703546e-06,0.5950568411764874,25,highpass
1.1017463720618097e-07,4.786860040562806e-07,2.015172449880135e-07,2.8902794700581176e-07,9.222501609703546e-06,0.5950568411764874,25,highpass
1.1017463720618097e-07,4.786860040562806e-07,2.015172449880135e-07,2.8902794700581176e-07,9.222501609703546e-06,0.5950568411764874,25,highpass
1.1017463720618097e-07,4.786860040562806e-07,2.015172449880135e-07,2.8902794700581176e-07,9.222501609703546e-06,0.5950568411764874,25,highpass
1.1017463720618097e-07,4.7374496439309546e-07,2.015172449880135e-07,2.8902794700581176e-07,9.222501609703546e-06,0.49792091408432687,25,highpass
1.1017463720618097e-07,4.786860040562806e-07,2.015172449880135e-07,2.8887920137847845e-07,1.5024915107449206e-05,0.5355951246942832,25,highpass
1.1017463720618097e-07,4.786860040562806e-07,2.015172449880135e-07,2.8902794700581176e-07,9.222501609703546e-06,0.5950568411764874,26,highpass
1.1017463720618097e-07,4.786860040562806e-07,1.3657883175813903e-07,2.8902794700581176e-07,9.222501609703546e-06,0.5794137897632429,26,highpass
1.1017463720618097e-07,4.786860040562806e-07,2.015172449880135e-07,2.8902794700581176e-07,9.222501609703546e-06,0.5950568411764874,26,highpass
1.1017463720618097e-07,4.786860040562806e-07,2.015172449880135e-07,2.8902794700581176e-07,9.222501609703546e-06,0.5950568411764874,26,highpass
1.1017463720618097e-07,4.786860040562806e-07,2.015172449880135e-07,2.8902794700581176e-07,9.222501609703546e-06,0.5950568411764874,26,highpass
1.1017463720618097e-07,4.786860040562806e-07,2.015172449880135e-07,2.8902794700581176e-07,9.222501609703546e-06,0.5950568411764874,26,highpass
1.1017463720618097e-07,4.786860040562806e-07,2.015172449880135e-07,2.8902794700581176e-07,9.222501609703546e-06,0.5950568411764874,26,highpass
1.1017463720618097e-07,4.786860040562806e-07,2.015172449880135e-07,2.8902794700581176e-07,9.222501609703546e-06,0.5950568411764874,26,highpass
1.1017463720618097e-07,4.786860040562806e-07,2.015172449880135e-07,2.8902794700581176e-07,9.222501609703546e-06,0.5950568411764874,26,highpass
1.1017463720618097e-07,4.786860040562806e-07,2.015172449880135e-07,2.8902794700581176e-07,9.222501609703546e-06,0.5950568411764874,26,highpass
1.1017463720618097e-07,4.786860040562806e-07,2.015172449880135e-07,2.8902794700581176e-07,9.222501609703546e-06,0.5950568411764874,26,highpass
1.1017463720618097e-07,4.786860040562806e-07,2.015172449880135e-07,2.8902794700581176e-07,9.770273092593586e-06,0.4629425045620593,26,highpass
1.1017463720618097e-07,4.786860040562806e-07,2.015172449880135e-07,2.8902794700581176e-07,9.222501609703546e-06,0.5950568411764874,26,highpass
1.1017463720618097e-07,4.786860040562806e-07,2.015172449880135e-07,2.8902794700581176e-07,9.222501609703546e-06,0.5950568411764874,26,highpass
1.1017463720618097e-07,4.786860040562806e-07,2.015172449880135e-07,2.8902794700581176e-07,9.222501609703546e-06,0.5950568411764874,26,highpass
1.1017463720618097e-07,4.786860040562806e-07,2.015172449880135e-07,2.8902794700581176e-07,9.222501609703546e-06,0.5950568411764874,26,highpass
1.1017463720618097e-07,4.786860040562806e-07,2.015172449880135e-07,2.8902794700581176e-07,9.222501609703546e-06,0.5950568411764874,26,highpass
1.1017463720618097e-07,4.786860040562806e-07,2.015172449880135e-07,2.8902794700581176e-07,9.222501609703546e-06,0.5950568411764874,26,highpass
1.1017463720618097e-07,4.786860040562806e-07,2.015172449880135e-07,2.8902794700581176e-07,9.222501609703546e-06,0.5950568411764874,26,highpass
1.1017463720618097e-07,4.786860040562806e-07,2.015172449880135e-07,2.8902794700581176e-07,9.222501609703546e-06,0.5950568411764874,26,highpass
1.1017463720618097e-07,4.786860040562806e-07,2.015172449880135e-07,2.8902794700581176e-07,9.222501609703546e-06,0.5950568411764874,26,highpass
1.1017463720618097e-07,4.786860040562806e-07,2.015172449880135e-07,2.8902794700581176e-07,9.222501609703546e-06,0.5950568411764874,26,highpass
1.1017463720618097e-07,4.786860040562806e-07,2.015172449880135e-07,2.8902794700581176e-07,9.222501609703546e-06,0.5950568411764874,26,highpass
1.1017463720618097e-07,4.786860040562806e-07,2.015172449880135e-07,2.8902794700581176e-07,9.222501609703546e-06,0.5950568411764874,26,highpass
1.1017463720618097e-07,4.786860040562806e-07,2.015172449880135e-07,2.8902794700581176e-07,9.222501609703546e-06,0.5950568411764874,26,highpass
1.1017463720618097e-07,4.786860040562806e-07,2.015172449880135e-07,2.8902794700581176e-07,9.222501609703546e-06,0.5950568411764874,26,highpass
1.1017463720618097e-07,4.786860040562806e-07,2.015172449880135e-07,2.8902794700581176e-07,9.222501609703546e-06,0.5950568411764874,26,highpass
1.1017463720618097e-07,4.786860040562806e-07,2.015172449880135e-07,2.8902794700581176e-07,9.222501609703546e-06,0.5950568411764874,26,highpass
1.1017463720618097e-07,4.786860040562806e-07,2.015172449880135e-07,2.8902794700581176e-07,9.222501609703546e-06,0.5950568411764874,26,highpass
1.1017463720618097e-07,4.786860040562806e-07,2.015172449880135e-07,2.8902794700581176e-07,3.67918779190902e-05,0.5085654612536539,26,highpass
1.1017463720618097e-07,4.786860040562806e-07,2.015172449880135e-07,2.8902794700581176e-07,9.222501609703546e-06,0.5950568411764874,27,highpass
1.1017463720618097e-07,4.786860040562806e-07,2.015172449880135e-07,2.8902794700581176e-07,9.222501609703546e-06,0.5950568411764874,27,highpass
1.1017463720618097e-07,4.786860040562806e-07,2.015172449880135e-07,2.8902794700581176e-07,9.222501609703546e-06,0.5950568411764874,27,highpass
1.1017463720618097e-07,4.786860040562806e-07,2.015172449880135e-07,2.8902794700581176e-07,9.222501609703546e-06,0.5950568411764874,27,highpass
1.1017463720618097e-07,4.786860040562806e-07,2.015172449880135e-07,2.8902794700581176e-07,9.222501609703546e-06,0.5950568411764874,27,highpass
1.1017463720618097e-07,4.94739869362648e-07,2.015172449880135e-07,2.8902794700581176e-07,9.222501609703546e-06,0.4843790972603324,27,highpass
1.1017463720618097e-07,4.786860040562806e-07,2.015172449880135e-07,2.8902794700581176e-07,9.222501609703546e-06,0.5950568411764874,27,highpass
1.1017463720618097e-07,4.786860040562806e-07,2.015172449880135e-07,2.8902794700581176e-07,9.222501609703546e-06,0.5950568411764874,27,highpass
1.1017463720618097e-07,4.786860040562806e-07,2.015172449880135e-07,2.8902794700581176e-07,9.222501609703546e-06,0.5950568411764874,27,highpass
1.1017463720618097e-07,4.786860040562806e-07,1.944143052502152e-07,2.8902794700581176e-07,9.222501609703546e-06,0.566783489661653,27,highpass
1.1017463720618097e-07,4.786860040562806e-07,2.015172449880135e-07,2.8902794700581176e-07,9.222501609703546e-06,0.5950568411764874,27,highpass
1.1017463720618097e-07,4.786860040562806e-07,2.015172449880135e-07,2.8902794700581176e-07,9.222501609703546e-06,0.5950568411764874,27,highpass
1.1017463720618097e-07,4.786860040562806e-07,2.015172449880135e-07,2.8902794700581176e-07,9.222501609703546e-06,0.5950568411764874,27,highpass
1.1017463720618097e-07,4.786860040562806e-07,2.015172449880135e-07,2.8902794700581176e-07,9.222501609703546e-06,0.5950568411764874,27,highpass
1.1017463720618097e-07,4.786860040562806e-07,2.015172449880135e-07,2.8902794700581176e-07,9.222501609703546e-06,0.5950568411764874,27,highpass
1.1017463720618097e-07,4.786860040562806e-07,2.015172449880135e-07,2.8902794700581176e-07,9.222501609703546e-06,0.5950568411764874,27,highpass
1.1017463720618097e-07,4.786860040562806e-07,2.015172449880135e-07,2.8902794700581176e-07,9.222501609703546e-06,0.5950568411764874,27,highpass
1.1017463720618097e-07,4.786860040562806e-07,2.015172449880135e-07,2.8902794700581176e-07,9.222501609703546e-06,0.5950568411764874,27,highpass
1.1017463720618097e-07,4.786860040562806e-07,2.015172449880135e-07,2.8902794700581176e-07,9.222501609703546e-06,0.5950568411764874,27,highpass
1.1017463720618097e-07,4.786860040562806e-07,2.015172449880135e-07,2.8902794700581176e-07,9.222501609703546e-06,0.5950568411764874,27,highpass
1.1017463720618097e-07,4.786860040562806e-07,2.015172449880135e-07,2.8902794700581176e-07,9.222501609703546e-06,0.5950568411764874,27,highpass
1.1017463720618097e-07,4.786860040562806e-07,2.015172449880135e-07,2.8902794700581176e-07,9.222501609703546e-06,0.5950568411764874,27,highpass
1.1017463720618097e-07,4.786860040562806e-07,2.015172449880135e-07,2.8902794700581176e-07,9.222501609703546e-06,0.5950568411764874,27,highpass
1.1017463720618097e-07,4.786860040562806e-07,2.015172449880135e-07,2.8902794700581176e-07,9.90639343685782e-06,0.4592113803299818,27,highpass
1.1017463720618097e-07,4.786860040562806e-07,2.015172449880135e-07,2.8902794700581176e-07,9.222501609703546e-06,0.5950568411764874,27,highpass
1.1017463720618097e-07,4.786860040562806e-07,2.015172449880135e-07,2.8902794700581176e-07,9.222501609703546e-06,0.5950568411764874,27,highpass
1.1017463720618097e-07,4.786860040562806e-07,2.015172449880135e-07,2.8902794700581176e-07,9.222501609703546e-06,0.5950568411764874,27,highpass
1.1017463720618097e-07,4.786860040562806e-07,2.015172449880135e-07,2.8902794700581176e-07,9.222501609703546e-06,0.5950568411764874,27,highpass
1.1017463720618097e-07,4.786860040562806e-07,2.015172449880135e-07,2.8902794700581176e-07,9.222501609703546e-06,0.5950568411764874,27,highpass
1.1017463720618097e-07,4.786860040562806e-07,2.015172449880135e-07,2.8902794700581176e-07,9.222501609703546e-06,0.5950568411764874,27,highpass
1.1017463720618097e-07,4.786860040562806e-07,2.015172449880135e-07,2.8902794700581176e-07,9.222501609703546e-06,0.5950568411764874,28,highpass
1.1017463720618097e-07,4.786860040562806e-07,2.015172449880135e-07,2.8902794700581176e-07,9.222501609703546e-06,0.5950568411764874,28,highpass
1.1017463720618097e-07,4.679366336537176e-07,2.015172449880135e-07,2.8902794700581176e-07,9.222501609703546e-06,0.5394332226126198,28,highpass
1.1017463720618097e-07,4.786860040562806e-07,2.015172449880135e-07,2.8902794700581176e-07,9.222501609703546e-06,0.5950568411764874,28,highpass
1.1017463720618097e-07,4.786860040562806e-07,2.015172449880135e-07,2.8902794700581176e-07,9.222501609703546e-06,0.5950568411764874,28,highpass
1.1017463720618097e-07,4.786860040562806e-07,2.015172449880135e-07,2.8902794700581176e-07,9.222501609703546e-06,0.5950568411764874,28,highpass
1.1017463720618097e-07,4.786860040562806e-07,2.015172449880135e-07,2.8902794700581176e-07,7.037023217800099e-06,0.5406736002090968,28,highpass
1.1017463720618097e-07,4.786860040562806e-07,2.015172449880135e-07,2.8902794700581176e-07,9.222501609703546e-06,0.5950568411764874,28,highpass
1.1017463720618097e-07,4.786860040562806e-07,2.015172449880135e-07,2.8902794700581176e-07,9.222501609703546e-06,0.5950568411764874,28,highpass
1.1017463720618097e-07,4.786860040562806e-07,1.4512926246288498e-07,2.8902794700581176e-07,9.222501609703546e-06,0.52777826437668,28,highpass
1.1017463720618097e-07,4.786860040562806e-07,2.015172449880135e-07,2.8902794700581176e-07,9.222501609703546e-06,0.5950568411764874,28,highpass
1.1017463720618097e-07,4.786860040562806e-07,2.015172449880135e-07,2.8902794700581176e-07,2.3954667078291153e-05,0.5320050925563494,28,highpass
1.1615874934195242e-07,4.786860040562806e-07,2.015172449880135e-07,2.8902794700581176e-07,9.222501609703546e-06,0.49835291952852206,28,highpass
1.1017463720618097e-07,4.786860040562806e-07,2.015172449880135e-07,2.8902794700581176e-07,9.222501609703546e-06,0.5950568411764874,28,highpass
1.1017463720618097e-07,4.786860040562806e-07,2.015172449880135e-07,2.8902794700581176e-07,9.222501609703546e-06,0.5950568411764874,28,highpass
1.1017463720618097e-07,4.786860040562806e-07,2.015172449880135e-07,2.8902794700581176e-07,9.222501609703546e-06,0.5950568411764874,28,highpass
1.1017463720618097e-07,4.786860040562806e-07,2.015172449880135e-07,2.8902794700581176e-07,9.222501609703546e-06,0.5950568411764874,28,highpass
1.1017463720618097e-07,4.786860040562806e-07,2.015172449880135e-07,2.8902794700581176e-07,9.222501609703546e-06,0.5950568411764874,28,highpass
1.1017463720618097e-07,4.727479456634576e-07,2.015172449880135e-07,2.8902794700581176e-07,9.222501609703546e-06,0.5060645164587356,28,highpass
1.1017463720618097e-07,4.786860040562806e-07,2.015172449880135e-07,2.8902794700581176e-07,9.222501609703546e-06,0.5950568411764874,28,highpass
1.1017463720618097e-07,4.786860040562806e-07,2.015172449880135e-07,2.8902794700581176e-07,2.095665328912967e-05,0.5074160641070458,28,highpass
1.1017463720618097e-07,4.786860040562806e-07,2.015172449880135e-07,2.8902794700581176e-07,9.222501609703546e-06,0.5950568411764874,28,highpass
1.1017463720618097e-07,4.786860040562806e-07,2.015172449880135e-07,2.8902794700581176e-07,9.222501609703546e-06,0.5950568411764874,28,highpass
1.1017463720618097e-07,4.786860040562806e-07,2.015172449880135e-07,2.8902794700581176e-07,9.222501609703546e-06,0.5950568411764874,28,highpass
1.1017463720618097e-07,4.786860040562806e-07,2.015172449880135e-07,2.8902794700581176e-07,9.222501609703546e-06,0.5950568411764874,28,highpass
1.1017463720618097e-07,4.786860040562806e-07,2.015172449880135e-07,2.8902794700581176e-07,9.222501609703546e-06,0.5950568411764874,28,highpass
1.1017463720618097e-07,4.786860040562806e-07,2.015172449880135e-07,2.8902794700581176e-07,9.222501609703546e-06,0.5950568411764874,28,highpass
1.246781564750204e-07,4.786860040562806e-07,2.015172449880135e-07,2.8902794700581176e-07,9.222501609703546e-06,0.5664289407831156,28,highpass
1.1017463720618097e-07,4.786860040562806e-07,2.015172449880135e-07,2.8902794700581176e-07,9.222501609703546e-06,0.5950568411764874,28,highpass
1.1017463720618097e-07,4.786860040562806e-07,2.015172449880135e-07,2.8902794700581176e-07,9.222501609703546e-06,0.5950568411764874,28,highpass
1.1017463720618097e-07,4.786860040562806e-07,2.015172449880135e-07,2.8902794700581176e-07,9.222501609703546e-06,0.5950568411764874,29,highpass
1.1017463720618097e-07,4.786860040562806e-07,2.015172449880135e-07,2.8902794700581176e-07,9.222501609703546e-06,0.5950568411764874,29,highpass
1.1017463720618097e-07,4.786860040562806e-07,2.015172449880135e-07,2.8902794700581176e-07,9.222501609703546e-06,0.5950568411764874,29,highpass
1.1017463720618097e-07,4.786860040562806e-07,2.015172449880135e-07,2.8902794700581176e-07,9.222501609703546e-06,0.5950568411764874,29,highpass
1.1017463720618097e-07,4.786860040562806e-07,2.015172449880135e-07,2.8902794700581176e-07,9.222501609703546e-06,0.5950568411764874,29,highpass
1.1017463720618097e-07,4.786860040562806e-07,2.015172449880135e-07,2.8902794700581176e-07,9.222501609703546e-06,0.5950568411764874,29,highpass
1.1017463720618097e-07,4.786860040562806e-07,2.015172449880135e-07,2.8902794700581176e-07,9.222501609703546e-06,0.5950568411764874,29,highpass
1.1017463720618097e-07,4.786860040562806e-07,2.015172449880135e-07,2.8902794700581176e-07,9.222501609703546e-06,0.5950568411764874,29,highpass
1.1017463720618097e-07,4.786860040562806e-07,2.015172449880135e-07,2.8902794700581176e-07,9.222501609703546e-06,0.5950568411764874,29,highpass
1.1017463720618097e-07,4.786860040562806e-07,2.015172449880135e-07,2.8902794700581176e-07,9.222501609703546e-06,0.5950568411764874,29,highpass
1.1017463720618097e-07,4.786860040562806e-07,2.015172449880135e-07,2.8902794700581176e-07,9.222501609703546e-06,0.5950568411764874,29,highpass
1.1017463720618097e-07,4.786860040562806e-07,2.015172449880135e-07,2.8902794700581176e-07,9.222501609703546e-06,0.5950568411764874,29,highpass
1.1017463720618097e-07,4.786860040562806e-07,2.015172449880135e-07,2.8902794700581176e-07,9.222501609703546e-06,0.5950568411764874,29,highpass
1.1017463720618097e-07,4.786860040562806e-07,2.015172449880135e-07,2.8902794700581176e-07,9.222501609703546e-06,0.5950568411764874,29,highpass
1.4992113865240188e-07,4.786860040562806e-07,2.015172449880135e-07,2.8902794700581176e-07,9.222501609703546e-06,0.4648354992914506,29,highpass
1.1017463720618097e-07,4.786860040562806e-07,2.4262813906519445e-07,2.8902794700581176e-07,9.222501609703546e-06,0.24387040220600914,29,highpass
1.1017463720618097e-07,4.899784240629784e-07,2.015172449880135e-07,2.8902794700581176e-07,9.222501609703546e-06,0.5232339515378348,29,highpass
1.1017463720618097e-07,4.786860040562806e-07,2.015172449880135e-07,2.8902794700581176e-07,9.222501609703546e-06,0.5950568411764874,29,highpass
1.1017463720618097e-07,4.786860040562806e-07,2.015172449880135e-07,2.8902794700581176e-07,9.222501609703546e-06,0.5950568411764874,29,highpass
1.1017463720618097e-07,4.786860040562806e-07,2.015172449880135e-07,2.8902794700581176e-07,9.222501609703546e-06,0.5950568411764874,29,highpass
1.1017463720618097e-07,4.786860040562806e-07,2.015172449880135e-07,2.8902794700581176e-07,9.222501609703546e-06,0.5950568411764874,29,highpass
1.1017463720618097e-07,4.786860040562806e-07,2.015172449880135e-07,2.8902794700581176e-07,9.222501609703546e-06,0.5950568411764874,29,highpass
1.1017463720618097e-07,4.786860040562806e-07,2.015172449880135e-07,2.8902794700581176e-07,9.222501609703546e-06,0.5950568411764874,29,highpass
1.1017463720618097e-07,4.786860040562806e-07,2.015172449880135e-07,2.8902794700581176e-07,9.222501609703546e-06,0.5950568411764874,29,highpass
1.1017463720618097e-07,4.786860040562806e-07,2.015172449880135e-07,2.8902794700581176e-07,9.222501609703546e-06,0.5950568411764874,29,highpass
1.1017463720618097e-07,4.786860040562806e-07,2.015172449880135e-07,2.8902794700581176e-07,9.222501609703546e-06,0.5950568411764874,29,highpass
1.1017463720618097e-07,4.786860040562806e-07,2.015172449880135e-07,2.8902794700581176e-07,9.222501609703546e-06,0.5950568411764874,29,highpass
1.1017463720618097e-07,4.786860040562806e-07,2.015172449880135e-07,2.8902794700581176e-07,9.222501609703546e-06,0.5950568411764874,29,highpass
1.1017463720618097e-07,4.786860040562806e-07,2.015172449880135e-07,2.8902794700581176e-07,9.222501609703546e-06,0.5950568411764874,29,highpass
1.1017463720618097e-07,4.786860040562806e-07,2.015172449880135e-07,2.8902794700581176e-07,9.222501609703546e-06,0.5950568411764874,29,highpass
1.1017463720618097e-07,4.786860040562806e-07,2.015172449880135e-07,2.8902794700581176e-07,9.222501609703546e-06,0.5950568411764874,30,highpass
1.1017463720618097e-07,4.786860040562806e-07,2.015172449880135e-07,2.3206540844041224e-07,9.222501609703546e-06,0.5049096516327862,30,highpass
1.1017463720618097e-07,4.786860040562806e-07,2.015172449880135e-07,2.8902794700581176e-07,9.222501609703546e-06,0.5950568411764874,30,highpass
1.1017463720618097e-07,4.786860040562806e-07,2.015172449880135e-07,2.8902794700581176e-07,9.222501609703546e-06,0.5950568411764874,30,highpass
1.1017463720618097e-07,4.786860040562806e-07,2.015172449880135e-07,2.8902794700581176e-07,9.222501609703546e-06,0.5950568411764874,30,highpass
1.1017463720618097e-07,4.786860040562806e-07,2.015172449880135e-07,2.8902794700581176e-07,9.222501609703546e-06,0.5950568411764874,30,highpass
1.1017463720618097e-07,4.786860040562806e-07,2.015172449880135e-07,2.8902794700581176e-07,9.222501609703546e-06,0.5950568411764874,30,highpass
1.1017463720618097e-07,4.786860040562806e-07,2.015172449880135e-07,2.8902794700581176e-07,9.222501609703546e-06,0.5950568411764874,30,highpass
1.1017463720618097e-07,4.786860040562806e-07,2.015172449880135e-07,2.8902794700581176e-07,9.222501609703546e-06,0.5950568411764874,30,highpass
1.1017463720618097e-07,4.786860040562806e-07,2.015172449880135e-07,2.8902794700581176e-07,9.222501609703546e-06,0.5950568411764874,30,highpass
1.1017463720618097e-07,4.786860040562806e-07,2.015172449880135e-07,2.8902794700581176e-07,9.222501609703546e-06,0.5950568411764874,30,highpass
1.1017463720618097e-07,4.786860040562806e-07,2.015172449880135e-07,2.8902794700581176e-07,9.222501609703546e-06,0.5950568411764874,30,highpass
1.1017463720618097e-07,4.786860040562806e-07,2.015172449880135e-07,2.8902794700581176e-07,9.222501609703546e-06,0.5950568411764874,30,highpass
1.1017463720618097e-07,4.786860040562806e-07,2.015172449880135e-07,2.8902794700581176e-07,9.222501609703546e-06,0.5950568411764874,30,highpass
1.1017463720618097e-07,4.786860040562806e-07,2.015172449880135e-07,2.8902794700581176e-07,9.222501609703546e-06,0.5950568411764874,30,highpass
1.1017463720618097e-07,4.786860040562806e-07,2.015172449880135e-07,2.8902794700581176e-07,9.222501609703546e-06,0.5950568411764874,30,highpass
1.1017463720618097e-07,4.786860040562806e-07,2.015172449880135e-07,2.8902794700581176e-07,9.222501609703546e-06,0.5950568411764874,30,highpass
1.1017463720618097e-07,4.786860040562806e-07,2.015172449880135e-07,2.8902794700581176e-07,9.222501609703546e-06,0.5950568411764874,30,highpass
1.1017463720618097e-07,4.786860040562806e-07,2.015172449880135e-07,2.8902794700581176e-07,9.222501609703546e-06,0.5950568411764874,30,highpass
1.1017463720618097e-07,5.264713439127527e-07,2.015172449880135e-07,2.8902794700581176e-07,9.222501609703546e-06,0.4717543935415382,30,highpass
1.1017463720618097e-07,4.786860040562806e-07,2.015172449880135e-07,2.8902794700581176e-07,9.222501609703546e-06,0.5950568411764874,30,highpass
1.1017463720618097e-07,4.786860040562806e-07,2.015172449880135e-07,2.8902794700581176e-07,9.222501609703546e-06,0.5950568411764874,30,highpass
1.1017463720618097e-07,4.786860040562806e-07,2.015172449880135e-07,2.8902794700581176e-07,9.222501609703546e-06,0.5950568411764874,30,highpass
1.1017463720618097e-07,4.786860040562806e-07,2.015172449880135e-07,2.8902794700581176e-07,9.222501609703546e-06,0.5950568411764874,30,highpass
1.1017463720618097e-07,6.058470510836808e-07,2.015172449880135e-07,2.8902794700581176e-07,9.222501609703546e-06,0.21105873618689447,30,highpass
1.1017463720618097e-07,4.786860040562806e-07,2.015172449880135e-07,2.8902794700581176e-07,9.222501609703546e-06,0.5950568411764874,30,highpass
1.1017463720618097e-07,4.786860040562806e-07,2.015172449880135e-07,2.8902794700581176e-07,9.222501609703546e-06,0.5950568411764874,30,highpass
1.1017463720618097e-07,4.786860040562806e-07,2.015172449880135e-07,2.8902794700581176e-07,9.222501609703546e-06,0.5950568411764874,30,highpass
1.1017463720618097e-07,4.786860040562806e-07,2.015172449880135e-07,2.8902794700581176e-07,9.222501609703546e-06,0.5950568411764874,30,highpass
1.1017463720618097e-07,4.786860040562806e-07,2.015172449880135e-07,2.8902794700581176e-07,9.222501609703546e-06,0.5950568411764874,30,highpass
1.1017463720618097e-07,4.786860040562806e-07,2.015172449880135e-07,2.8902794700581176e-07,9.222501609703546e-06,0.5950568411764874,31,highpass
1.1017463720618097e-07,4.786860040562806e-07,2.015172449880135e-07,2.8902794700581176e-07,9.222501609703546e-06,0.5950568411764874,31,highpass
1.1017463720618097e-07,4.786860040562806e-07,2.015172449880135e-07,2.8902794700581176e-07,9.222501609703546e-06,0.5950568411764874,31,highpass
1.1017463720618097e-07,4.786860040562806e-07,2.015172449880135e-07,2.8902794700581176e-07,9.222501609703546e-06,0.5950568411764874,31,highpass
1.1017463720618097e-07,4.786860040562806e-07,2.015172449880135e-07,2.8902794700581176e-07,9.222501609703546e-06,0.5950568411764874,31,highpass
1.1017463720618097e-07,4.786860040562806e-07,2.015172449880135e-07,2.8902794700581176e-07,9.222501609703546e-06,0.5950568411764874,31,highpass
1.1017463720618097e-07,4.786860040562806e-07,2.015172449880135e-07,2.8902794700581176e-07,9.222501609703546e-06,0.5950568411764874,31,highpass
1.1017463720618097e-07,4.786860040562806e-07,2.015172449880135e-07,2.8902794700581176e-07,9.222501609703546e-06,0.5950568411764874,31,highpass
1.1017463720618097e-07,4.786860040562806e-07,2.015172449880135e-07,2.8902794700581176e-07,9.222501609703546e-06,0.5950568411764874,31,highpass
1.1017463720618097e-07,4.786860040562806e-07,2.015172449880135e-07,2.8902794700581176e-07,9.222501609703546e-06,0.5950568411764874,31,highpass
1.1017463720618097e-07,4.786860040562806e-07,2.015172449880135e-07,2.8902794700581176e-07,9.222501609703546e-06,0.5950568411764874,31,highpass
1.1017463720618097e-07,4.786860040562806e-07,1.8369016450942328e-07,2.8902794700581176e-07,9.222501609703546e-06,0.49085323091480215,31,highpass
1.1017463720618097e-07,4.786860040562806e-07,2.015172449880135e-07,2.8902794700581176e-07,9.222501609703546e-06,0.5950568411764874,31,highpass
1.1017463720618097e-07,3.5897668969002153e-07,2.015172449880135e-07,2.8902794700581176e-07,9.222501609703546e-06,0.5505631780538534,31,highpass
1.1017463720618097e-07,4.786860040562806e-07,2.015172449880135e-07,2.8902794700581176e-07,9.222501609703546e-06,0.5950568411764874,31,highpass
1.1017463720618097e-07,4.786860040562806e-07,2.015172449880135e-07,2.2074320758104818e-07,9.222501609703546e-06,0.5508980466270914,31,highpass
1.1017463720618097e-07,4.786860040562806e-07,2.015172449880135e-07,2.8902794700581176e-07,9.222501609703546e-06,0.5950568411764874,31,highpass
1.1017463720618097e-07,4.7071862590200397e-07,2.015172449880135e-07,2.8902794700581176e-07,9.222501609703546e-06,0.52212763043089,31,highpass
1.1017463720618097e-07,4.786860040562806e-07,2.015172449880135e-07,2.8902794700581176e-07,9.222501609703546e-06,0.5950568411764874,31,highpass
1.1017463720618097e-07,4.786860040562806e-07,2.015172449880135e-07,2.8902794700581176e-07,9.222501609703546e-06,0.5950568411764874,31,highpass
1.1017463720618097e-07,4.786860040562806e-07,2.015172449880135e-07,2.8902794700581176e-07,9.222501609703546e-06,0.5950568411764874,31,highpass
1.1017463720618097e-07,6.210378575592675e-07,2.015172449880135e-07,2.8902794700581176e-07,9.222501609703546e-06,0.18377732314628595,31,highpass
1.1017463720618097e-07,4.786860040562806e-07,2.015172449880135e-07,2.8902794700581176e-07,9.222501609703546e-06,0.5950568411764874,31,highpass
1.1017463720618097e-07,4.786860040562806e-07,2.015172449880135e-07,2.8902794700581176e-07,9.222501609703546e-06,0.5950568411764874,31,highpass
1.1017463720618097e-07,4.786860040562806e-07,2.015172449880135e-07,2.246171293427985e-07,9.222501609703546e-06,0.5366112961177152,31,highpass
1.1017463720618097e-07,4.786860040562806e-07,2.015172449880135e-07,2.8902794700581176e-07,9.222501609703546e-06,0.5950568411764874,31,highpass
1.1017463720618097e-07,4.786860040562806e-07,2.015172449880135e-07,2.8902794700581176e-07,9.222501609703546e-06,0.5950568411764874,31,highpass
1.1017463720618097e-07,4.786860040562806e-07,2.015172449880135e-07,2.8902794700581176e-07,9.222501609703546e-06,0.5950568411764874,31,highpass
1.1017463720618097e-07,4.786860040562806e-07,2.015172449880135e-07,2.8902794700581176e-07,9.222501609703546e-06,0.5950568411764874,31,highpass
1.1171390532640371e-07,4.786860040562806e-07,2.015172449880135e-07,2.8902794700581176e-07,9.222501609703546e-06,0.5515836230888163,31,highpass
1.1017463720618097e-07,4.786860040562806e-07,2.015172449880135e-07,2.8902794700581176e-07,9.222501609703546e-06,0.5950568411764874,32,highpass
1.1017463720618097e-07,4.786860040562806e-07,2.015172449880135e-07,2.8902794700581176e-07,9.222501609703546e-06,0.5950568411764874,32,highpass
1.1017463720618097e-07,4.786860040562806e-07,2.1132354439557916e-07,2.8902794700581176e-07,9.222501609703546e-06,0.5091624687754117,32,highpass
1.1017463720618097e-07,4.786860040562806e-07,2.015172449880135e-07,2.8902794700581176e-07,9.222501609703546e-06,0.5950568411764874,32,highpass
1.1017463720618097e-07,4.786860040562806e-07,2.015172449880135e-07,2.8902794700581176e-07,9.222501609703546e-06,0.5950568411764874,32,highpass
1.1017463720618097e-07,4.786860040562806e-07,2.015172449880135e-07,2.8902794700581176e-07,9.222501609703546e-06,0.5950568411764874,32,highpass
1.1017463720618097e-07,4.786860040562806e-07,2.015172449880135e-07,2.8902794700581176e-07,9.222501609703546e-06,0.5950568411764874,32,highpass
1.1017463720618097e-07,4.786860040562806e-07,2.015172449880135e-07,2.865172395404816e-07,9.222501609703546e-06,0.5922406646375693,32,highpass
1.9399950306961035e-07,4.786860040562806e-07,2.015172449880135e-07,2.8902794700581176e-07,9.222501609703546e-06,0.381997952003706,32,highpass
1.1017463720618097e-07,4.786860040562806e-07,2.015172449880135e-07,2.8902794700581176e-07,9.222501609703546e-06,0.5950568411764874,32,highpass
1.1017463720618097e-07,4.786860040562806e-07,2.015172449880135e-07,2.8902794700581176e-07,9.222501609703546e-06,0.5950568411764874,32,highpass
1.1017463720618097e-07,4.786860040562806e-07,2.015172449880135e-07,2.9215795342011053e-07,9.222501609703546e-06,0.5065739633763817,32,highpass
1.1017463720618097e-07,4.786860040562806e-07,2.015172449880135e-07,2.8902794700581176e-07,9.222501609703546e-06,0.5950568411764874,32,highpass
1.1017463720618097e-07,4.786860040562806e-07,2.015172449880135e-07,2.8902794700581176e-07,9.222501609703546e-06,0.5950568411764874,32,highpass
1.1017463720618097e-07,4.786860040562806e-07,2.015172449880135e-07,2.8902794700581176e-07,9.222501609703546e-06,0.5950568411764874,32,highpass
1.1017463720618097e-07,4.786860040562806e-07,2.015172449880135e-07,2.8902794700581176e-07,9.222501609703546e-06,0.5950568411764874,32,highpass
1.1017463720618097e-07,4.786860040562806e-07,2.059873412171297e-07,2.8902794700581176e-07,9.222501609703546e-06,0.44401463665564733,32,highpass
1.1017463720618097e-07,4.786860040562806e-07,2.015172449880135e-07,2.8819215197420527e-07,9.222501609703546e-06,0.5957056328516692,32,highpass
1.1017463720618097e-07,4.786860040562806e-07,2.015172449880135e-07,2.8902794700581176e-07,9.222501609703546e-06,0.5950568411764874,32,highpass
1.1017463720618097e-07,4.786860040562806e-07,2.015172449880135e-07,2.8902794700581176e-07,9.222501609703546e-06,0.5950568411764874,32,highpass
1.1017463720618097e-07,4.786860040562806e-07,1.0460520116602205e-07,2.8902794700581176e-07,9.222501609703546e-06,0.5514023883127865,32,highpass
1.1017463720618097e-07,4.786860040562806e-07,2.015172449880135e-07,2.8902794700581176e-07,9.222501609703546e-06,0.5950568411764874,32,highpass
1.1017463720618097e-07,4.786860040562806e-07,2.015172449880135e-07,2.8902794700581176e-07,9.222501609703546e-06,0.5950568411764874,32,highpass
1.1017463720618097e-07,4.786860040562806e-07,2.015172449880135e-07,2.8902794700581176e-07,9.222501609703546e-06,0.5950568411764874,32,highpass
1.1017463720618097e-07,4.786860040562806e-07,2.015172449880135e-07,2.8902794700581176e-07,9.222501609703546e-06,0.5950568411764874,32,highpass
1.1017463720618097e-07,4.786860040562806e-07,2.015172449880135e-07,2.8902794700581176e-07,9.222501609703546e-06,0.5950568411764874,32,highpass
1.1017463720618097e-07,4.786860040562806e-07,2.015172449880135e-07,2.8902794700581176e-07,9.222501609703546e-06,0.5950568411764874,32,highpass
1.1017463720618097e-07,4.786860040562806e-07,2.015172449880135e-07,2.8902794700581176e-07,9.222501609703546e-06,0.5950568411764874,32,highpass
1.1017463720618097e-07,4.786860040562806e-07,2.015172449880135e-07,2.8902794700581176e-07,9.222501609703546e-06,0.5950568411764874,32,highpass
1.1017463720618097e-07,4.786860040562806e-07,2.015172449880135e-07,2.8902794700581176e-07,9.222501609703546e-06,0.5950568411764874,32,highpass
1.1017463720618097e-07,4.786860040562806e-07,2.015172449880135e-07,2.8819215197420527e-07,9.222501609703546e-06,0.5957056328516692,33,highpass
1.1017463720618097e-07,4.786860040562806e-07,2.015172449880135e-07,2.8902794700581176e-07,9.222501609703546e-06,0.5950568411764874,33,highpass
1.1017463720618097e-07,4.786860040562806e-07,2.015172449880135e-07,2.8902794700581176e-07,9.222501609703546e-06,0.5950568411764874,33,highpass
1.1017463720618097e-07,4.786860040562806e-07,2.076674208516334e-07,2.8819215197420527e-07,9.222501609703546e-06,0.49702576523130915,33,highpass
1.1017463720618097e-07,4.786860040562806e-07,2.015172449880135e-07,2.8902794700581176e-07,9.222501609703546e-06,0.5950568411764874,33,highpass
1.1017463720618097e-07,4.786860040562806e-07,2.015172449880135e-07,2.8902794700581176e-07,9.222501609703546e-06,0.5950568411764874,33,highpass
1.1017463720618097e-07,4.786860040562806e-07,2.015172449880135e-07,2.8902794700581176e-07,9.222501609703546e-06,0.5950568411764874,33,highpass
1.1017463720618097e-07,4.786860040562806e-07,2.015172449880135e-07,2.8819215197420527e-07,9.222501609703546e-06,0.5957056328516692,33,highpass
1.1017463720618097e-07,4.786860040562806e-07,2.015172449880135e-07,2.8902794700581176e-07,9.222501609703546e-06,0.5950568411764874,33,highpass
1.1017463720618097e-07,4.786860040562806e-07,2.015172449880135e-07,2.8902794700581176e-07,9.222501609703546e-06,0.5950568411764874,33,highpass
1.1017463720618097e-07,4.786860040562806e-07,2.015172449880135e-07,2.8902794700581176e-07,9.222501609703546e-06,0.5950568411764874,33,highpass
1.1017463720618097e-07,4.786860040562806e-07,2.015172449880135e-07,2.8902794700581176e-07,9.222501609703546e-06,0.5950568411764874,33,highpass
1.1017463720618097e-07,4.916672007994924e-07,2.015172449880135e-07,2.8902794700581176e-07,9.222501609703546e-06,0.5139913002775727,33,highpass
1.1017463720618097e-07,4.786860040562806e-07,2.015172449880135e-07,2.8902794700581176e-07,9.222501609703546e-06,0.5950568411764874,33,highpass
1.1017463720618097e-07,4.786860040562806e-07,2.015172449880135e-07,2.8902794700581176e-07,9.222501609703546e-06,0.5950568411764874,33,highpass
1.1017463720618097e-07,4.786860040562806e-07,2.015172449880135e-07,2.8902794700581176e-07,9.222501609703546e-06,0.5950568411764874,33,highpass
1.1017463720618097e-07,4.975910827831579e-07,2.015172449880135e-07,2.8902794700581176e-07,9.222501609703546e-06,0.45180147472121995,33,highpass
1.1017463720618097e-07,4.786860040562806e-07,2.015172449880135e-07,2.8902794700581176e-07,9.222501609703546e-06,0.5950568411764874,33,highpass
1.1017463720618097e-07,4.786860040562806e-07,2.015172449880135e-07,2.8902794700581176e-07,9.222501609703546e-06,0.5950568411764874,33,highpass
1.1017463720618097e-07,4.786860040562806e-07,2.015172449880135e-07,2.8902794700581176e-07,9.222501609703546e-06,0.5950568411764874,33,highpass
1.1017463720618097e-07,4.786860040562806e-07,2.015172449880135e-07,2.8902794700581176e-07,9.222501609703546e-06,0.5950568411764874,33,highpass
1.1017463720618097e-07,4.786860040562806e-07,2.015172449880135e-07,2.8902794700581176e-07,9.222501609703546e-06,0.5950568411764874,33,highpass
1.1017463720618097e-07,4.786860040562806e-07,2.015172449880135e-07,2.8159385161073846e-07,9.222501609703546e-06,0.5542006214700654,33,highpass
1.1017463720618097e-07,4.786860040562806e-07,2.015172449880135e-07,2.8217818770891495e-07,9.222501609703546e-06,0.5542006214700654,33,highpass
1.1017463720618097e-07,4.786860040562806e-07,2.015172449880135e-07,2.8819215197420527e-07,9.222501609703546e-06,0.5957056328516692,33,highpass
1.1017463720618097e-07,4.786860040562806e-07,2.015172449880135e-07,2.8902794700581176e-07,9.222501609703546e-06,0.5950568411764874,33,highpass
1.1017463720618097e-07,4.786860040562806e-07,2.015172449880135e-07,2.8902794700581176e-07,9.222501609703546e-06,0.5950568411764874,33,highpass
1.1017463720618097e-07,4.786860040562806e-07,2.015172449880135e-07,2.8902794700581176e-07,9.222501609703546e-06,0.5950568411764874,33,highpass
1.1017463720618097e-07,4.786860040562806e-07,2.015172449880135e-07,2.8819215197420527e-07,9.222501609703546e-06,0.5957056328516692,33,highpass
1.1017463720618097e-07,4.786860040562806e-07,2.015172449880135e-07,2.8902794700581176e-07,9.222501609703546e-06,0.5950568411764874,33,highpass
1.1017463720618097e-07,4.786860040562806e-07,2.015172449880135e-07,2.8819215197420527e-07,9.222501609703546e-06,0.5957056328516692,34,highpass
1.1017463720618097e-07,4.786860040562806e-07,2.015172449880135e-07,2.8819215197420527e-07,9.222501609703546e-06,0.5957056328516692,34,highpass
1.1017463720618097e-07,4.786860040562806e-07,2.015172449880135e-07,2.8819215197420527e-07,9.222501609703546e-06,0.5957056328516692,34,highpass
1.1017463720618097e-07,4.786860040562806e-07,2.015172449880135e-07,2.8902794700581176e-07,9.222501609703546e-06,0.5950568411764874,34,highpass
1.1017463720618097e-07,4.786860040562806e-07,2.015172449880135e-07,2.8819215197420527e-07,9.222501609703546e-06,0.5957056328516692,34,highpass
1.1017463720618097e-07,4.786860040562806e-07,2.015172449880135e-07,2.8902794700581176e-07,9.222501609703546e-06,0.5950568411764874,34,highpass
1.1017463720618097e-07,4.786860040562806e-07,2.015172449880135e-07,2.8902794700581176e-07,9.222501609703546e-06,0.5950568411764874,34,highpass
1.1017463720618097e-07,4.786860040562806e-07,2.015172449880135e-07,2.9510416947358636e-07,9.222501609703546e-06,0.4926882312749827,34,highpass
1.1017463720618097e-07,4.786860040562806e-07,2.015172449880135e-07,2.8902794700581176e-07,9.222501609703546e-06,0.5950568411764874,34,highpass
1.1017463720618097e-07,4.786860040562806e-07,2.015172449880135e-07,2.8819215197420527e-07,9.222501609703546e-06,0.5957056328516692,34,highpass
1.1017463720618097e-07,4.786860040562806e-07,2.015172449880135e-07,2.8902794700581176e-07,9.222501609703546e-06,0.5950568411764874,34,highpass
1.1017463720618097e-07,4.786860040562806e-07,2.015172449880135e-07,2.8819215197420527e-07,9.222501609703546e-06,0.5957056328516692,34,highpass
1.1017463720618097e-07,4.786860040562806e-07,2.015172449880135e-07,2.8819215197420527e-07,9.222501609703546e-06,0.5957056328516692,34,highpass
1.1017463720618097e-07,4.786860040562806e-07,2.015172449880135e-07,2.8819215197420527e-07,9.222501609703546e-06,0.5957056328516692,34,highpass
1.093707434065583e-07,4.786860040562806e-07,2.015172449880135e-07,2.8819215197420527e-07,9.222501609703546e-06,0.556799407063626,34,highpass
1.1017463720618097e-07,4.786860040562806e-07,2.015172449880135e-07,2.8819215197420527e-07,9.222501609703546e-06,0.5957056328516692,34,highpass
1.0468762187234713e-07,4.786860040562806e-07,2.015172449880135e-07,2.8902794700581176e-07,9.222501609703546e-06,0.4619570244333789,34,highpass
1.1017463720618097e-07,4.786860040562806e-07,2.015172449880135e-07,2.8902794700581176e-07,9.222501609703546e-06,0.5950568411764874,34,highpass
1.1017463720618097e-07,4.786860040562806e-07,2.015172449880135e-07,2.8902794700581176e-07,9.222501609703546e-06,0.5950568411764874,34,highpass
1.1017463720618097e-07,4.786860040562806e-07,2.015172449880135e-07,2.8902794700581176e-07,9.222501609703546e-06,0.5950568411764874,34,highpass
1.1017463720618097e-07,4.786860040562806e-07,2.015172449880135e-07,2.8819215197420527e-07,9.222501609703546e-06,0.5957056328516692,34,highpass
1.1017463720618097e-07,4.786860040562806e-07,2.015172449880135e-07,2.8819215197420527e-07,9.222501609703546e-06,0.5957056328516692,34,highpass
1.1017463720618097e-07,4.786860040562806e-07,2.015172449880135e-07,2.8902794700581176e-07,9.222501609703546e-06,0.5950568411764874,34,highpass
1.1017463720618097e-07,4.786860040562806e-07,2.015172449880135e-07,2.8819215197420527e-07,9.222501609703546e-06,0.5957056328516692,34,highpass
1.1017463720618097e-07,4.786860040562806e-07,2.015172449880135e-07,2.8819215197420527e-07,9.222501609703546e-06,0.5957056328516692,34,highpass
1.1017463720618097e-07,4.786860040562806e-07,2.015172449880135e-07,2.8902794700581176e-07,9.222501609703546e-06,0.5950568411764874,34,highpass
1.1017463720618097e-07,4.786860040562806e-07,2.015172449880135e-07,2.8819215197420527e-07,9.222501609703546e-06,0.5957056328516692,34,highpass
1.1017463720618097e-07,4.786860040562806e-07,2.015172449880135e-07,2.8819215197420527e-07,9.222501609703546e-06,0.5957056328516692,34,highpass
1.1017463720618097e-07,4.786860040562806e-07,2.015172449880135e-07,2.8819215197420527e-07,9.222501609703546e-06,0.5957056328516692,34,highpass
1.1017463720618097e-07,4.786860040562806e-07,2.015172449880135e-07,2.8902794700581176e-07,9.222501609703546e-06,0.5950568411764874,34,highpass
1.1017463720618097e-07,4.786860040562806e-07,2.015172449880135e-07,2.8819215197420527e-07,9.222501609703546e-06,0.5957056328516692,35,highpass
1.1017463720618097e-07,4.786860040562806e-07,2.015172449880135e-07,2.8819215197420527e-07,9.222501609703546e-06,0.5957056328516692,35,highpass
1.1017463720618097e-07,4.786860040562806e-07,2.015172449880135e-07,2.8819215197420527e-07,9.222501609703546e-06,0.5957056328516692,35,highpass
1.1017463720618097e-07,4.786860040562806e-07,2.015172449880135e-07,2.8819215197420527e-07,9.222501609703546e-06,0.5957056328516692,35,highpass
1.1017463720618097e-07,4.786860040562806e-07,2.015172449880135e-07,2.8819215197420527e-07,9.222501609703546e-06,0.5957056328516692,35,highpass
1.1639620409961067e-07,4.786860040562806e-07,2.015172449880135e-07,2.8902794700581176e-07,9.222501609703546e-06,0.49442396139707984,35,highpass
1.1017463720618097e-07,4.786860040562806e-07,2.015172449880135e-07,2.8819215197420527e-07,9.222501609703546e-06,0.5957056328516692,35,highpass
1.1017463720618097e-07,4.786860040562806e-07,2.015172449880135e-07,2.357768881494031e-07,9.222501609703546e-06,0.5016499198985548,35,highpass
1.1017463720618097e-07,4.786860040562806e-07,2.015172449880135e-07,2.8819215197420527e-07,8.304789847137851e-06,0.455401399431322,35,highpass
1.1017463720618097e-07,4.786860040562806e-07,2.015172449880135e-07,2.8819215197420527e-07,9.222501609703546e-06,0.5957056328516692,35,highpass
1.1017463720618097e-07,4.786860040562806e-07,2.015172449880135e-07,2.8819215197420527e-07,9.222501609703546e-06,0.5957056328516692,35,highpass
1.1017463720618097e-07,4.786860040562806e-07,2.015172449880135e-07,2.8819215197420527e-07,9.222501609703546e-06,0.5957056328516692,35,highpass
1.1017463720618097e-07,4.786860040562806e-07,2.015172449880135e-07,2.8819215197420527e-07,9.222501609703546e-06,0.5957056328516692,35,highpass
1.1017463720618097e-07,4.786860040562806e-07,2.015172449880135e-07,2.8819215197420527e-07,9.222501609703546e-06,0.5957056328516692,35,highpass
1.1017463720618097e-07,4.786860040562806e-07,2.015172449880135e-07,2.8819215197420527e-07,9.222501609703546e-06,0.5957056328516692,35,highpass
1.1017463720618097e-07,6.339091267156002e-07,2.015172449880135e-07,2.8819215197420527e-07,9.222501609703546e-06,0.19840962673939636,35,highpass
1.1017463720618097e-07,4.786860040562806e-07,2.015172449880135e-07,2.8819215197420527e-07,9.222501609703546e-06,0.5957056328516692,35,highpass
1.1017463720618097e-07,4.786860040562806e-07,2.015172449880135e-07,2.8819215197420527e-07,9.222501609703546e-06,0.5957056328516692,35,highpass
1.1017463720618097e-07,4.786860040562806e-07,2.015172449880135e-07,2.8819215197420527e-07,9.222501609703546e-06,0.5957056328516692,35,highpass
1.1017463720618097e-07,4.786860040562806e-07,2.015172449880135e-07,2.8819215197420527e-07,9.222501609703546e-06,0.5957056328516692,35,highpass
1.1017463720618097e-07,4.786860040562806e-07,2.015172449880135e-07,2.8819215197420527e-07,9.222501609703546e-06,0.5957056328516692,35,highpass
1.1017463720618097e-07,4.786860040562806e-07,2.015172449880135e-07,2.8819215197420527e-07,9.222501609703546e-06,0.5957056328516692,35,highpass
1.1017463720618097e-07,4.786860040562806e-07,2.015172449880135e-07,2.8819215197420527e-07,9.222501609703546e-06,0.5957056328516692,35,highpass
1.1017463720618097e-07,4.786860040562806e-07,2.015172449880135e-07,2.8819215197420527e-07,9.222501609703546e-06,0.5957056328516692,35,highpass
1.1017463720618097e-07,4.786860040562806e-07,2.015172449880135e-07,2.8819215197420527e-07,9.222501609703546e-06,0.5957056328516692,35,highpass
1.1017463720618097e-07,4.786860040562806e-07,2.015172449880135e-07,2.8819215197420527e-07,9.222501609703546e-06,0.5957056328516692,35,highpass
1.1017463720618097e-07,4.786860040562806e-07,2.015172449880135e-07,2.8819215197420527e-07,9.222501609703546e-06,0.5957056328516692,35,highpass
1.1017463720618097e-07,4.786860040562806e-07,2.015172449880135e-07,2.8819215197420527e-07,9.222501609703546e-06,0.5957056328516692,35,highpass
1.1017463720618097e-07,4.786860040562806e-07,2.015172449880135e-07,2.8819215197420527e-07,9.222501609703546e-06,0.5957056328516692,35,highpass
1.1017463720618097e-07,4.786860040562806e-07,2.015172449880135e-07,2.8819215197420527e-07,9.222501609703546e-06,0.5957056328516692,35,highpass
1.1017463720618097e-07,4.786860040562806e-07,2.015172449880135e-07,2.8819215197420527e-07,9.222501609703546e-06,0.5957056328516692,36,highpass
1.1017463720618097e-07,4.786860040562806e-07,2.015172449880135e-07,2.8819215197420527e-07,9.222501609703546e-06,0.5957056328516692,36,highpass
1.1017463720618097e-07,4.786860040562806e-07,2.015172449880135e-07,2.8819215197420527e-07,9.222501609703546e-06,0.5957056328516692,36,highpass
1.1017463720618097e-07,4.786860040562806e-07,2.015172449880135e-07,2.8819215197420527e-07,9.222501609703546e-06,0.5957056328516692,36,highpass
1.1017463720618097e-07,4.786860040562806e-07,2.015172449880135e-07,2.8819215197420527e-07,9.222501609703546e-06,0.5957056328516692,36,highpass
1.1017463720618097e-07,4.786860040562806e-07,2.015172449880135e-07,2.8819215197420527e-07,9.222501609703546e-06,0.5957056328516692,36,highpass
1.1017463720618097e-07,4.786860040562806e-07,2.015172449880135e-07,2.8819215197420527e-07,9.222501609703546e-06,0.5957056328516692,36,highpass
1.1017463720618097e-07,4.786860040562806e-07,2.015172449880135e-07,2.8819215197420527e-07,9.222501609703546e-06,0.5957056328516692,36,highpass
1.3505963905929213e-07,4.786860040562806e-07,2.015172449880135e-07,2.8819215197420527e-07,9.222501609703546e-06,0.35188382247662026,36,highpass
1.1017463720618097e-07,4.786860040562806e-07,2.015172449880135e-07,2.8819215197420527e-07,9.222501609703546e-06,0.5957056328516692,36,highpass
1.1017463720618097e-07,4.786860040562806e-07,2.015172449880135e-07,2.8819215197420527e-07,9.222501609703546e-06,0.5957056328516692,36,highpass
1.1017463720618097e-07,4.786860040562806e-07,2.015172449880135e-07,2.8819215197420527e-07,9.222501609703546e-06,0.5957056328516692,36,highpass
1.1017463720618097e-07,4.786860040562806e-07,2.015172449880135e-07,1.551396060177595e-07,9.222501609703546e-06,0.5708205263429298,36,highpass
1.1017463720618097e-07,4.786860040562806e-07,2.015172449880135e-07,2.8819215197420527e-07,9.222501609703546e-06,0.5957056328516692,36,highpass
1.1017463720618097e-07,4.786860040562806e-07,2.015172449880135e-07,2.8819215197420527e-07,9.222501609703546e-06,0.5957056328516692,36,highpass
1.1017463720618097e-07,4.786860040562806e-07,2.015172449880135e-07,2.8819215197420527e-07,9.222501609703546e-06,0.5957056328516692,36,highpass
1.1017463720618097e-07,4.786860040562806e-07,2.015172449880135e-07,2.8819215197420527e-07,7.575564066994308e-06,0.5903765527403508,36,highpass
1.1017463720618097e-07,4.786860040562806e-07,2.015172449880135e-07,2.8819215197420527e-07,9.222501609703546e-06,0.5957056328516692,36,highpass
1.1017463720618097e-07,4.786860040562806e-07,2.015172449880135e-07,2.8819215197420527e-07,9.222501609703546e-06,0.5957056328516692,36,highpass
1.1017463720618097e-07,4.786860040562806e-07,2.0807603757234765e-07,2.8819215197420527e-07,9.222501609703546e-06,0.5247647598287335,36,highpass
1.1017463720618097e-07,4.786860040562806e-07,2.015172449880135e-07,2.8819215197420527e-07,9.222501609703546e-06,0.5957056328516692,36,highpass
1.1017463720618097e-07,4.786860040562806e-07,2.015172449880135e-07,2.8819215197420527e-07,9.222501609703546e-06,0.5957056328516692,36,highpass
1.1017463720618097e-07,4.786860040562806e-07,2.015172449880135e-07,2.8819215197420527e-07,9.222501609703546e-06,0.5957056328516692,36,highpass
1.1017463720618097e-07,4.786860040562806e-07,2.0497372195656634e-07,2.8819215197420527e-07,9.222501609703546e-06,0.47932059703431795,36,highpass
1.1017463720618097e-07,4.786860040562806e-07,2.015172449880135e-07,2.8819215197420527e-07,9.222501609703546e-06,0.5957056328516692,36,highpass
1.1017463720618097e-07,4.786860040562806e-07,2.015172449880135e-07,2.8819215197420527e-07,9.222501609703546e-06,0.5957056328516692,36,highpass
1.1017463720618097e-07,4.786860040562806e-07,2.015172449880135e-07,2.8819215197420527e-07,9.222501609703546e-06,0.5957056328516692,36,highpass
1.1017463720618097e-07,4.786860040562806e-07,2.015172449880135e-07,2.8819215197420527e-07,9.222501609703546e-06,0.5957056328516692,36,highpass
1.1017463720618097e-07,4.786860040562806e-07,2.015172449880135e-07,2.8819215197420527e-07,9.222501609703546e-06,0.5957056328516692,36,highpass
1.1017463720618097e-07,4.786860040562806e-07,2.015172449880135e-07,2.8819215197420527e-07,9.222501609703546e-06,0.5957056328516692,36,highpass
1.1017463720618097e-07,4.786860040562806e-07,2.015172449880135e-07,2.8819215197420527e-07,9.222501609703546e-06,0.5957056328516692,37,highpass
1.1017463720618097e-07,4.786860040562806e-07,2.015172449880135e-07,2.8819215197420527e-07,9.222501609703546e-06,0.5957056328516692,37,highpass
1.1017463720618097e-07,4.786860040562806e-07,2.015172449880135e-07,2.8819215197420527e-07,9.222501609703546e-06,0.5957056328516692,37,highpass
1.1017463720618097e-07,4.786860040562806e-07,2.015172449880135e-07,2.8819215197420527e-07,9.222501609703546e-06,0.5957056328516692,37,highpass
1.1017463720618097e-07,4.786860040562806e-07,2.015172449880135e-07,2.8819215197420527e-07,9.222501609703546e-06,0.5957056328516692,37,highpass
1.1017463720618097e-07,4.786860040562806e-07,2.015172449880135e-07,2.8819215197420527e-07,9.222501609703546e-06,0.5957056328516692,37,highpass
1.1017463720618097e-07,4.786860040562806e-07,2.015172449880135e-07,2.8819215197420527e-07,9.222501609703546e-06,0.5957056328516692,37,highpass
1.1017463720618097e-07,4.786860040562806e-07,2.015172449880135e-07,2.8819215197420527e-07,9.222501609703546e-06,0.5957056328516692,37,highpass
1.1017463720618097e-07,4.786860040562806e-07,2.015172449880135e-07,2.8819215197420527e-07,9.222501609703546e-06,0.5957056328516692,37,highpass
1.1017463720618097e-07,4.786860040562806e-07,2.015172449880135e-07,2.8819215197420527e-07,4.4028120902894696e-05,0.5095664903226453,37,highpass
1.1017463720618097e-07,4.786860040562806e-07,2.015172449880135e-07,2.8819215197420527e-07,9.222501609703546e-06,0.5957056328516692,37,highpass
1.1017463720618097e-07,4.786860040562806e-07,2.015172449880135e-07,2.8819215197420527e-07,9.222501609703546e-06,0.5957056328516692,37,highpass
1.1017463720618097e-07,4.786860040562806e-07,2.015172449880135e-07,2.8819215197420527e-07,9.222501609703546e-06,0.5957056328516692,37,highpass
1.1017463720618097e-07,4.786860040562806e-07,2.015172449880135e-07,2.8819215197420527e-07,9.222501609703546e-06,0.5957056328516692,37,highpass
1.1017463720618097e-07,4.796568028468818e-07,2.015172449880135e-07,2.8819215197420527e-07,9.222501609703546e-06,0.594349420756662,37,highpass
1.1017463720618097e-07,4.786860040562806e-07,2.015172449880135e-07,2.8819215197420527e-07,9.222501609703546e-06,0.5957056328516692,37,highpass
1.1017463720618097e-07,4.786860040562806e-07,2.015172449880135e-07,2.8819215197420527e-07,9.222501609703546e-06,0.5957056328516692,37,highpass
1.1017463720618097e-07,4.786860040562806e-07,2.015172449880135e-07,2.8819215197420527e-07,9.222501609703546e-06,0.5957056328516692,37,highpass
1.1017463720618097e-07,4.786860040562806e-07,2.0077945467903967e-07,2.8819215197420527e-07,9.222501609703546e-06,0.536473956359298,37,highpass
1.1017463720618097e-07,4.786860040562806e-07,2.015172449880135e-07,2.8819215197420527e-07,1.1263990925370693e-05,0.5514413697005973,37,highpass
1.1017463720618097e-07,4.786860040562806e-07,2.015172449880135e-07,2.8819215197420527e-07,9.222501609703546e-06,0.5957056328516692,37,highpass
1.1017463720618097e-07,4.786860040562806e-07,2.015172449880135e-07,2.8819215197420527e-07,9.222501609703546e-06,0.5957056328516692,37,highpass
1.1017463720618097e-07,4.786860040562806e-07,2.015172449880135e-07,2.8819215197420527e-07,9.222501609703546e-06,0.5957056328516692,37,highpass
1.1017463720618097e-07,4.786860040562806e-07,2.015172449880135e-07,2.8819215197420527e-07,9.222501609703546e-06,0.5957056328516692,37,highpass
1.1017463720618097e-07,4.786860040562806e-07,2.015172449880135e-07,2.8819215197420527e-07,9.222501609703546e-06,0.5957056328516692,37,highpass
1.1017463720618097e-07,4.786860040562806e-07,2.015172449880135e-07,2.8819215197420527e-07,9.222501609703546e-06,0.5957056328516692,37,highpass
1.1017463720618097e-07,4.786860040562806e-07,2.015172449880135e-07,2.8819215197420527e-07,9.222501609703546e-06,0.5957056328516692,37,highpass
1.1017463720618097e-07,4.786860040562806e-07,2.089119540679285e-07,2.8819215197420527e-07,9.222501609703546e-06,0.567542237391444,37,highpass
1.1017463720618097e-07,4.786860040562806e-07,2.015172449880135e-07,2.8819215197420527e-07,9.222501609703546e-06,0.5957056328516692,37,highpass
1.1017463720618097e-07,4.786860040562806e-07,2.015172449880135e-07,2.8819215197420527e-07,9.222501609703546e-06,0.5957056328516692,37,highpass
1.1017463720618097e-07,4.786860040562806e-07,2.015172449880135e-07,2.8819215197420527e-07,9.222501609703546e-06,0.5957056328516692,38,highpass
1.1017463720618097e-07,4.786860040562806e-07,1.961186952717915e-07,2.8819215197420527e-07,9.222501609703546e-06,0.5368206996258607,38,highpass
1.1017463720618097e-07,4.786860040562806e-07,2.015172449880135e-07,2.8819215197420527e-07,9.222501609703546e-06,0.5957056328516692,38,highpass
1.1017463720618097e-07,4.786860040562806e-07,2.015172449880135e-07,2.8819215197420527e-07,9.222501609703546e-06,0.5957056328516692,38,highpass
1.1017463720618097e-07,4.786860040562806e-07,2.015172449880135e-07,2.8819215197420527e-07,9.222501609703546e-06,0.5957056328516692,38,highpass
1.1017463720618097e-07,4.786860040562806e-07,2.015172449880135e-07,2.8819215197420527e-07,1.0392620109025701e-05,0.5336538877112527,38,highpass
1.091418399108063e-07,4.786860040562806e-07,2.015172449880135e-07,2.8819215197420527e-07,9.222501609703546e-06,0.5510665963550703,38,highpass
1.1017463720618097e-07,4.786860040562806e-07,2.015172449880135e-07,2.8819215197420527e-07,9.222501609703546e-06,0.5957056328516692,38,highpass
1.1017463720618097e-07,4.786860040562806e-07,2.015172449880135e-07,2.8819215197420527e-07,9.222501609703546e-06,0.5957056328516692,38,highpass
1.1017463720618097e-07,4.786860040562806e-07,2.015172449880135e-07,2.8819215197420527e-07,9.222501609703546e-06,0.5957056328516692,38,highpass
1.1017463720618097e-07,4.786860040562806e-07,2.015172449880135e-07,2.8819215197420527e-07,9.222501609703546e-06,0.5957056328516692,38,highpass
1.1017463720618097e-07,4.786860040562806e-07,2.015172449880135e-07,2.8819215197420527e-07,9.222501609703546e-06,0.5957056328516692,38,highpass
1.1017463720618097e-07,4.786860040562806e-07,2.015172449880135e-07,2.8819215197420527e-07,9.222501609703546e-06,0.5957056328516692,38,highpass
1.1017463720618097e-07,4.786860040562806e-07,2.015172449880135e-07,2.8819215197420527e-07,9.222501609703546e-06,0.5957056328516692,38,highpass
1.1017463720618097e-07,4.786860040562806e-07,2.015172449880135e-07,2.8819215197420527e-07,9.222501609703546e-06,0.5957056328516692,38,highpass
1.1017463720618097e-07,4.786860040562806e-07,2.015172449880135e-07,2.8819215197420527e-07,9.222501609703546e-06,0.5957056328516692,38,highpass
1.1017463720618097e-07,4.786860040562806e-07,2.015172449880135e-07,2.8819215197420527e-07,9.222501609703546e-06,0.5957056328516692,38,highpass
1.1017463720618097e-07,4.786860040562806e-07,2.015172449880135e-07,2.8819215197420527e-07,9.222501609703546e-06,0.5957056328516692,38,highpass
1.1017463720618097e-07,4.786860040562806e-07,2.015172449880135e-07,2.8819215197420527e-07,9.222501609703546e-06,0.5957056328516692,38,highpass
1.1017463720618097e-07,4.786860040562806e-07,2.015172449880135e-07,2.8819215197420527e-07,9.222501609703546e-06,0.5957056328516692,38,highpass
1.1017463720618097e-07,4.786860040562806e-07,2.015172449880135e-07,2.8819215197420527e-07,9.222501609703546e-06,0.5957056328516692,38,highpass
1.1017463720618097e-07,4.786860040562806e-07,2.015172449880135e-07,2.8819215197420527e-07,9.222501609703546e-06,0.5957056328516692,38,highpass
1.1017463720618097e-07,4.786860040562806e-07,2.015172449880135e-07,2.8819215197420527e-07,9.222501609703546e-06,0.5957056328516692,38,highpass
1.1017463720618097e-07,4.786860040562806e-07,2.015172449880135e-07,2.8819215197420527e-07,9.222501609703546e-06,0.5957056328516692,38,highpass
1.1017463720618097e-07,4.786860040562806e-07,2.015172449880135e-07,2.8819215197420527e-07,9.222501609703546e-06,0.5957056328516692,38,highpass
1.1017463720618097e-07,4.786860040562806e-07,2.015172449880135e-07,2.8616472176929993e-07,9.222501609703546e-06,0.5907164385855723,38,highpass
1.1017463720618097e-07,4.786860040562806e-07,2.015172449880135e-07,2.8819215197420527e-07,9.222501609703546e-06,0.5957056328516692,38,highpass
1.1017463720618097e-07,4.786860040562806e-07,2.015172449880135e-07,2.8819215197420527e-07,9.222501609703546e-06,0.5957056328516692,38,highpass
1.1017463720618097e-07,4.786860040562806e-07,2.015172449880135e-07,2.8819215197420527e-07,9.222501609703546e-06,0.5957056328516692,38,highpass
1.1017463720618097e-07,4.786860040562806e-07,2.015172449880135e-07,2.8819215197420527e-07,9.222501609703546e-06,0.5957056328516692,38,highpass
1.1017463720618097e-07,4.786860040562806e-07,2.015172449880135e-07,2.8819215197420527e-07,9.222501609703546e-06,0.5957056328516692,39,highpass
1.1017463720618097e-07,4.786860040562806e-07,2.015172449880135e-07,2.8819215197420527e-07,9.222501609703546e-06,0.5957056328516692,39,highpass
1.1017463720618097e-07,4.786860040562806e-07,2.015172449880135e-07,2.8819215197420527e-07,9.222501609703546e-06,0.5957056328516692,39,highpass
1.1017463720618097e-07,4.786860040562806e-07,2.015172449880135e-07,2.8819215197420527e-07,9.222501609703546e-06,0.5957056328516692,39,highpass
1.1017463720618097e-07,4.786860040562806e-07,2.015172449880135e-07,2.8819215197420527e-07,9.222501609703546e-06,0.5957056328516692,39,highpass
1.1017463720618097e-07,4.786860040562806e-07,2.015172449880135e-07,2.8819215197420527e-07,9.222501609703546e-06,0.5957056328516692,39,highpass
1.1017463720618097e-07,4.786860040562806e-07,2.015172449880135e-07,2.8819215197420527e-07,9.222501609703546e-06,0.5957056328516692,39,highpass
1.1017463720618097e-07,4.786860040562806e-07,2.015172449880135e-07,2.8819215197420527e-07,9.222501609703546e-06,0.5957056328516692,39,highpass
1.1017463720618097e-07,4.786860040562806e-07,2.015172449880135e-07,2.8819215197420527e-07,9.222501609703546e-06,0.5957056328516692,39,highpass
1.1017463720618097e-07,4.786860040562806e-07,2.015172449880135e-07,2.8819215197420527e-07,9.222501609703546e-06,0.5957056328516692,39,highpass
1.1017463720618097e-07,4.786860040562806e-07,2.015172449880135e-07,2.8819215197420527e-07,9.222501609703546e-06,0.5957056328516692,39,highpass
1.1017463720618097e-07,4.786860040562806e-07,2.015172449880135e-07,2.8819215197420527e-07,9.222501609703546e-06,0.5957056328516692,39,highpass
1.1017463720618097e-07,4.786860040562806e-07,2.015172449880135e-07,2.8819215197420527e-07,9.222501609703546e-06,0.5957056328516692,39,highpass
1.1017463720618097e-07,4.786860040562806e-07,2.015172449880135e-07,2.8819215197420527e-07,9.222501609703546e-06,0.5957056328516692,39,highpass
1.1017463720618097e-07,4.786860040562806e-07,2.015172449880135e-07,2.8819215197420527e-07,9.222501609703546e-06,0.5957056328516692,39,highpass
1.1017463720618097e-07,4.786860040562806e-07,2.015172449880135e-07,2.8819215197420527e-07,9.222501609703546e-06,0.5957056328516692,39,highpass
1.1017463720618097e-07,4.786860040562806e-07,2.015172449880135e-07,2.8819215197420527e-07,9.222501609703546e-06,0.5957056328516692,39,highpass
1.1017463720618097e-07,4.786860040562806e-07,2.015172449880135e-07,2.8819215197420527e-07,9.222501609703546e-06,0.5957056328516692,39,highpass
1.1017463720618097e-07,4.786860040562806e-07,2.015172449880135e-07,2.8819215197420527e-07,9.222501609703546e-06,0.5957056328516692,39,highpass
1.1017463720618097e-07,4.786860040562806e-07,2.015172449880135e-07,2.8819215197420527e-07,9.222501609703546e-06,0.5957056328516692,39,highpass
1.1017463720618097e-07,4.786860040562806e-07,2.015172449880135e-07,2.8819215197420527e-07,9.222501609703546e-06,0.5957056328516692,39,highpass
1.1017463720618097e-07,4.786860040562806e-07,2.015172449880135e-07,2.8819215197420527e-07,9.222501609703546e-06,0.5957056328516692,39,highpass
1.1017463720618097e-07,4.786860040562806e-07,2.015172449880135e-07,2.8819215197420527e-07,9.222501609703546e-06,0.5957056328516692,39,highpass
1.1017463720618097e-07,4.786860040562806e-07,2.015172449880135e-07,2.8819215197420527e-07,1.73477288149132e-05,0.49551142383472035,39,highpass
1.1017463720618097e-07,4.786860040562806e-07,2.015172449880135e-07,2.8819215197420527e-07,9.222501609703546e-06,0.5957056328516692,39,highpass
1.1017463720618097e-07,4.786860040562806e-07,2.015172449880135e-07,2.8819215197420527e-07,9.222501609703546e-06,0.5957056328516692,39,highpass
1.1017463720618097e-07,5.848626584540039e-07,2.015172449880135e-07,2.8819215197420527e-07,9.222501609703546e-06,0.3901733566494786,39,highpass
1.1017463720618097e-07,4.786860040562806e-07,2.015172449880135e-07,2.8819215197420527e-07,9.222501609703546e-06,0.5957056328516692,39,highpass
1.1017463720618097e-07,4.786860040562806e-07,1.6244595909433388e-07,2.8819215197420527e-07,9.222501609703546e-06,0.5624759242981758,39,highpass
1.1017463720618097e-07,4.786860040562806e-07,2.015172449880135e-07,2.8819215197420527e-07,9.222501609703546e-06,0.5957056328516692,39,highpass
1.1017463720618097e-07,4.786860040562806e-07,2.015172449880135e-07,2.8819215197420527e-07,9.222501609703546e-06,0.5957056328516692,40,highpass
1.1017463720618097e-07,4.786860040562806e-07,2.015172449880135e-07,2.5810546752237945e-07,9.222501609703546e-06,0.5039108015616116,40,highpass
1.1017463720618097e-07,4.786860040562806e-07,2.015172449880135e-07,2.8819215197420527e-07,9.222501609703546e-06,0.5957056328516692,40,highpass
1.1017463720618097e-07,4.786860040562806e-07,2.015172449880135e-07,2.8819215197420527e-07,9.222501609703546e-06,0.5957056328516692,40,highpass
1.1017463720618097e-07,4.786860040562806e-07,2.015172449880135e-07,2.8819215197420527e-07,9.222501609703546e-06,0.5957056328516692,40,highpass
1.1017463720618097e-07,4.786860040562806e-07,2.015172449880135e-07,2.8819215197420527e-07,9.222501609703546e-06,0.5957056328516692,40,highpass
1.1017463720618097e-07,4.786860040562806e-07,2.015172449880135e-07,2.8819215197420527e-07,9.222501609703546e-06,0.5957056328516692,40,highpass
1.1017463720618097e-07,4.786860040562806e-07,2.015172449880135e-07,2.8819215197420527e-07,9.222501609703546e-06,0.5957056328516692,40,highpass
1.1017463720618097e-07,4.786860040562806e-07,1.9887294045147653e-07,2.8819215197420527e-07,9.222501609703546e-06,0.4580084988934069,40,highpass
1.1017463720618097e-07,4.786860040562806e-07,2.015172449880135e-07,2.8819215197420527e-07,9.222501609703546e-06,0.5957056328516692,40,highpass
1.1017463720618097e-07,4.786860040562806e-07,2.015172449880135e-07,2.8819215197420527e-07,9.222501609703546e-06,0.5957056328516692,40,highpass
1.1017463720618097e-07,4.786860040562806e-07,2.015172449880135e-07,2.8819215197420527e-07,9.222501609703546e-06,0.5957056328516692,40,highpass
1.1017463720618097e-07,4.786860040562806e-07,2.015172449880135e-07,2.8819215197420527e-07,9.222501609703546e-06,0.5957056328516692,40,highpass
1.1017463720618097e-07,4.786860040562806e-07,2.015172449880135e-07,2.8819215197420527e-07,9.222501609703546e-06,0.5957056328516692,40,highpass
1.1017463720618097e-07,4.6179441248318536e-07,2.015172449880135e-07,2.8819215197420527e-07,9.222501609703546e-06,0.5605673275027173,40,highpass
1.1017463720618097e-07,4.786860040562806e-07,2.015172449880135e-07,2.8819215197420527e-07,9.222501609703546e-06,0.5957056328516692,40,highpass
1.1017463720618097e-07,4.786860040562806e-07,2.015172449880135e-07,2.8819215197420527e-07,9.222501609703546e-06,0.5957056328516692,40,highpass
1.1017463720618097e-07,4.786860040562806e-07,2.015172449880135e-07,2.8819215197420527e-07,9.222501609703546e-06,0.5957056328516692,40,highpass
1.1017463720618097e-07,4.786860040562806e-07,2.015172449880135e-07,2.8819215197420527e-07,9.222501609703546e-06,0.5957056328516692,40,highpass
1.1017463720618097e-07,4.786860040562806e-07,2.015172449880135e-07,2.8819215197420527e-07,9.222501609703546e-06,0.5957056328516692,40,highpass
1.1017463720618097e-07,4.786860040562806e-07,2.015172449880135e-07,2.8819215197420527e-07,9.222501609703546e-06,0.5957056328516692,40,highpass
1.1017463720618097e-07,4.786860040562806e-07,2.015172449880135e-07,2.8819215197420527e-07,9.222501609703546e-06,0.5957056328516692,40,highpass
1.1017463720618097e-07,4.786860040562806e-07,2.015172449880135e-07,2.8819215197420527e-07,9.222501609703546e-06,0.5957056328516692,40,highpass
1.1017463720618097e-07,4.786860040562806e-07,2.015172449880135e-07,2.8819215197420527e-07,9.222501609703546e-06,0.5957056328516692,40,highpass
1.1017463720618097e-07,4.786860040562806e-07,2.015172449880135e-07,2.8819215197420527e-07,9.222501609703546e-06,0.5957056328516692,40,highpass
1.1017463720618097e-07,4.786860040562806e-07,2.015172449880135e-07,2.8819215197420527e-07,9.222501609703546e-06,0.5957056328516692,40,highpass
1.1017463720618097e-07,4.786860040562806e-07,2.015172449880135e-07,2.8819215197420527e-07,9.222501609703546e-06,0.5957056328516692,40,highpass
1.1017463720618097e-07,4.786860040562806e-07,2.015172449880135e-07,2.8819215197420527e-07,9.222501609703546e-06,0.5957056328516692,40,highpass
1.1017463720618097e-07,4.786860040562806e-07,2.015172449880135e-07,2.8819215197420527e-07,9.222501609703546e-06,0.5957056328516692,40,highpass
1.1017463720618097e-07,4.786860040562806e-07,2.015172449880135e-07,2.8819215197420527e-07,9.222501609703546e-06,0.5957056328516692,40,highpass
1.1017463720618097e-07,4.786860040562806e-07,2.015172449880135e-07,2.8819215197420527e-07,9.222501609703546e-06,0.5957056328516692,41,highpass
1.1017463720618097e-07,4.786860040562806e-07,2.015172449880135e-07,2.8819215197420527e-07,9.222501609703546e-06,0.5957056328516692,41,highpass
1.1017463720618097e-07,4.786860040562806e-07,2.015172449880135e-07,2.8819215197420527e-07,9.222501609703546e-06,0.5957056328516692,41,highpass
1.1017463720618097e-07,4.786860040562806e-07,2.015172449880135e-07,2.8819215197420527e-07,9.222501609703546e-06,0.5957056328516692,41,highpass
1.1017463720618097e-07,4.786860040562806e-07,2.015172449880135e-07,2.8819215197420527e-07,1.134662433093548e-05,0.5514345045490765,41,highpass
1.1017463720618097e-07,4.786860040562806e-07,2.015172449880135e-07,2.8819215197420527e-07,9.222501609703546e-06,0.5957056328516692,41,highpass
1.1407512958935288e-07,4.786860040562806e-07,2.015172449880135e-07,2.8819215197420527e-07,9.222501609703546e-06,0.5231391218825336,41,highpass
1.1017463720618097e-07,4.786860040562806e-07,2.015172449880135e-07,2.903725332537662e-07,9.222501609703546e-06,0.5907736721682011,41,highpass
1.1017463720618097e-07,4.786860040562806e-07,2.015172449880135e-07,2.8819215197420527e-07,9.222501609703546e-06,0.5957056328516692,41,highpass
1.1017463720618097e-07,4.786860040562806e-07,2.015172449880135e-07,2.8819215197420527e-07,9.222501609703546e-06,0.5957056328516692,41,highpass
1.1017463720618097e-07,4.786860040562806e-07,2.015172449880135e-07,2.8819215197420527e-07,9.222501609703546e-06,0.5957056328516692,41,highpass
1.1017463720618097e-07,4.786860040562806e-07,2.015172449880135e-07,2.8819215197420527e-07,9.222501609703546e-06,0.5957056328516692,41,highpass
1.1017463720618097e-07,4.786860040562806e-07,2.015172449880135e-07,2.8819215197420527e-07,9.222501609703546e-06,0.5957056328516692,41,highpass
1.1017463720618097e-07,6.689900538471158e-07,2.015172449880135e-07,2.8819215197420527e-07,9.222501609703546e-06,0.2186600273017237,41,highpass
1.069023002136068e-07,4.786860040562806e-07,2.015172449880135e-07,2.8819215197420527e-07,9.222501609703546e-06,0.4971934120508262,41,highpass
1.1017463720618097e-07,4.786860040562806e-07,2.015172449880135e-07,2.8819215197420527e-07,9.222501609703546e-06,0.5957056328516692,41,highpass
1.1017463720618097e-07,4.786860040562806e-07,2.015172449880135e-07,2.8819215197420527e-07,9.222501609703546e-06,0.5957056328516692,41,highpass
1.1017463720618097e-07,4.814871868685295e-07,2.015172449880135e-07,2.8819215197420527e-07,9.222501609703546e-06,0.584087685884271,41,highpass
1.1017463720618097e-07,4.786860040562806e-07,2.015172449880135e-07,2.8819215197420527e-07,9.222501609703546e-06,0.5957056328516692,41,highpass
1.1017463720618097e-07,4.786860040562806e-07,2.015172449880135e-07,2.8819215197420527e-07,9.222501609703546e-06,0.5957056328516692,41,highpass
1.1017463720618097e-07,4.786860040562806e-07,2.015172449880135e-07,2.8819215197420527e-07,9.222501609703546e-06,0.5957056328516692,41,highpass
1.1017463720618097e-07,4.786860040562806e-07,2.015172449880135e-07,2.8819215197420527e-07,9.222501609703546e-06,0.5957056328516692,41,highpass
1.1017463720618097e-07,4.3710913207511303e-07,2.015172449880135e-07,2.8819215197420527e-07,9.222501609703546e-06,0.543436648406521,41,highpass
1.1017463720618097e-07,4.786860040562806e-07,2.015172449880135e-07,2.8819215197420527e-07,9.222501609703546e-06,0.5957056328516692,41,highpass
1.1017463720618097e-07,4.786860040562806e-07,2.015172449880135e-07,2.8819215197420527e-07,9.222501609703546e-06,0.5957056328516692,41,highpass
1.8301315261833293e-07,4.786860040562806e-07,2.015172449880135e-07,2.8819215197420527e-07,9.222501609703546e-06,0.34327832255092855,41,highpass
1.1017463720618097e-07,4.6115228292298665e-07,2.015172449880135e-07,2.8819215197420527e-07,9.222501609703546e-06,0.5629210270535413,41,highpass
1.1017463720618097e-07,4.786860040562806e-07,2.015172449880135e-07,2.8819215197420527e-07,9.222501609703546e-06,0.5957056328516692,41,highpass
1.1017463720618097e-07,4.786860040562806e-07,2.015172449880135e-07,2.8819215197420527e-07,9.222501609703546e-06,0.5957056328516692,41,highpass
1.1017463720618097e-07,4.786860040562806e-07,2.015172449880135e-07,2.8819215197420527e-07,9.222501609703546e-06,0.5957056328516692,41,highpass
1.1017463720618097e-07,4.786860040562806e-07,2.015172449880135e-07,2.8819215197420527e-07,9.222501609703546e-06,0.5957056328516692,42,highpass
2.250763452865885e-07,4.786860040562806e-07,2.015172449880135e-07,2.8819215197420527e-07,9.222501609703546e-06,0.4477646041730451,42,highpass
1.1017463720618097e-07,4.786860040562806e-07,2.015172449880135e-07,2.8819215197420527e-07,9.222501609703546e-06,0.5957056328516692,42,highpass
1.1017463720618097e-07,4.786860040562806e-07,2.015172449880135e-07,2.8819215197420527e-07,9.222501609703546e-06,0.5957056328516692,42,highpass
1.1017463720618097e-07,4.786860040562806e-07,2.015172449880135e-07,2.8819215197420527e-07,9.222501609703546e-06,0.5957056328516692,42,highpass
1.1017463720618097e-07,4.786860040562806e-07,2.015172449880135e-07,2.8819215197420527e-07,9.222501609703546e-06,0.5957056328516692,42,highpass
1.1017463720618097e-07,4.786860040562806e-07,2.015172449880135e-07,2.8819215197420527e-07,9.222501609703546e-06,0.5957056328516692,42,highpass
1.1017463720618097e-07,4.786860040562806e-07,2.015172449880135e-07,2.8819215197420527e-07,9.222501609703546e-06,0.5957056328516692,42,highpass
1.1017463720618097e-07,4.786860040562806e-07,2.015172449880135e-07,2.954812687315297e-07,9.222501609703546e-06,0.49086812914988526,42,highpass
1.1017463720618097e-07,4.786860040562806e-07,2.015172449880135e-07,2.8819215197420527e-07,8.832288383500512e-06,0.5409671515876324,42,highpass
1.1017463720618097e-07,4.786860040562806e-07,2.015172449880135e-07,2.8819215197420527e-07,9.222501609703546e-06,0.5957056328516692,42,highpass
1.1017463720618097e-07,4.774332373929723e-07,2.015172449880135e-07,2.8819215197420527e-07,9.222501609703546e-06,0.5930484104256579,42,highpass
1.1273993694283818e-07,4.786860040562806e-07,2.015172449880135e-07,2.8819215197420527e-07,9.222501609703546e-06,0.5532843124884601,42,highpass
1.1017463720618097e-07,4.786860040562806e-07,2.015172449880135e-07,2.8819215197420527e-07,3.386403287125034e-05,0.5101699314649821,42,highpass
1.1017463720618097e-07,4.786860040562806e-07,2.015172449880135e-07,2.8819215197420527e-07,9.222501609703546e-06,0.5957056328516692,42,highpass
1.1017463720618097e-07,4.786860040562806e-07,2.015172449880135e-07,2.8819215197420527e-07,9.222501609703546e-06,0.5957056328516692,42,highpass
1.1017463720618097e-07,4.786860040562806e-07,2.015172449880135e-07,2.8819215197420527e-07,9.222501609703546e-06,0.5957056328516692,42,highpass
1.1017463720618097e-07,4.786860040562806e-07,2.015172449880135e-07,2.8819215197420527e-07,9.222501609703546e-06,0.5957056328516692,42,highpass
1.1017463720618097e-07,4.786860040562806e-07,2.015172449880135e-07,2.8819215197420527e-07,9.222501609703546e-06,0.5957056328516692,42,highpass
1.1017463720618097e-07,4.786860040562806e-07,2.015172449880135e-07,2.815112569360442e-07,9.222501609703546e-06,0.5450629084799284,42,highpass
1.1017463720618097e-07,4.786860040562806e-07,2.015172449880135e-07,2.8819215197420527e-07,9.222501609703546e-06,0.5957056328516692,42,highpass
1.1017463720618097e-07,4.786860040562806e-07,2.015172449880135e-07,2.9398514955277633e-07,9.222501609703546e-06,0.49885008305497996,42,highpass
1.1017463720618097e-07,4.786860040562806e-07,2.015172449880135e-07,2.8819215197420527e-07,9.222501609703546e-06,0.5957056328516692,42,highpass
1.1017463720618097e-07,4.786860040562806e-07,2.015172449880135e-07,2.8819215197420527e-07,2.9233687109564693e-05,0.528234666348834,42,highpass
1.1017463720618097e-07,4.786860040562806e-07,2.015172449880135e-07,2.8819215197420527e-07,9.222501609703546e-06,0.5957056328516692,42,highpass
1.0330065942700471e-07,4.786860040562806e-07,2.015172449880135e-07,2.8819215197420527e-07,9.222501609703546e-06,0.4645109628300059,42,highpass
1.1017463720618097e-07,4.786860040562806e-07,2.015172449880135e-07,2.8819215197420527e-07,9.222501609703546e-06,0.5957056328516692,42,highpass
1.1017463720618097e-07,4.786860040562806e-07,2.015172449880135e-07,2.8819215197420527e-07,9.222501609703546e-06,0.5957056328516692,42,highpass
1.1017463720618097e-07,4.786860040562806e-07,2.015172449880135e-07,2.8819215197420527e-07,9.222501609703546e-06,0.5957056328516692,42,highpass
1.1017463720618097e-07,4.786860040562806e-07,2.015172449880135e-07,2.8819215197420527e-07,9.222501609703546e-06,0.5957056328516692,42,highpass
1.1017463720618097e-07,4.786860040562806e-07,2.015172449880135e-07,2.8819215197420527e-07,9.222501609703546e-06,0.5957056328516692,43,highpass
1.1017463720618097e-07,4.786860040562806e-07,2.015172449880135e-07,2.8819215197420527e-07,9.814859776549234e-06,0.4609329999410248,43,highpass
1.1017463720618097e-07,4.786860040562806e-07,2.015172449880135e-07,2.8819215197420527e-07,9.222501609703546e-06,0.5957056328516692,43,highpass
1.1017463720618097e-07,4.786860040562806e-07,2.015172449880135e-07,2.8819215197420527e-07,9.222501609703546e-06,0.5957056328516692,43,highpass
1.1017463720618097e-07,4.786860040562806e-07,2.015172449880135e-07,2.8819215197420527e-07,9.222501609703546e-06,0.5957056328516692,43,highpass
1.1017463720618097e-07,4.786860040562806e-07,2.015172449880135e-07,2.944933819712658e-07,9.222501609703546e-06,0.49660901437552396,43,highpass
1.1017463720618097e-07,4.786860040562806e-07,2.015172449880135e-07,2.8819215197420527e-07,9.222501609703546e-06,0.5957056328516692,43,highpass
1.1017463720618097e-07,4.786860040562806e-07,2.015172449880135e-07,2.8819215197420527e-07,9.222501609703546e-06,0.5957056328516692,43,highpass
1.1017463720618097e-07,4.786860040562806e-07,2.015172449880135e-07,2.8819215197420527e-07,9.222501609703546e-06,0.5957056328516692,43,highpass
1.1017463720618097e-07,4.786860040562806e-07,2.015172449880135e-07,2.873121439213682e-07,9.222501609703546e-06,0.5947004323791487,43,highpass
1.1017463720618097e-07,4.786860040562806e-07,2.015172449880135e-07,2.8819215197420527e-07,9.222501609703546e-06,0.5957056328516692,43,highpass
1.1017463720618097e-07,4.786860040562806e-07,2.015172449880135e-07,2.8259896140108163e-07,9.222501609703546e-06,0.5596160898876418,43,highpass
1.1017463720618097e-07,4.786860040562806e-07,2.015172449880135e-07,2.8819215197420527e-07,9.222501609703546e-06,0.5957056328516692,43,highpass
1.1017463720618097e-07,4.786860040562806e-07,2.015172449880135e-07,2.8819215197420527e-07,9.222501609703546e-06,0.5957056328516692,43,highpass
1.1017463720618097e-07,4.786860040562806e-07,2.015172449880135e-07,2.8819215197420527e-07,9.222501609703546e-06,0.5957056328516692,43,highpass
1.1017463720618097e-07,4.786860040562806e-07,2.015172449880135e-07,2.8819215197420527e-07,9.222501609703546e-06,0.5957056328516692,43,highpass
1.1017463720618097e-07,4.786860040562806e-07,2.015172449880135e-07,2.8819215197420527e-07,9.222501609703546e-06,0.5957056328516692,43,highpass
1.1017463720618097e-07,4.786860040562806e-07,2.015172449880135e-07,2.8819215197420527e-07,9.222501609703546e-06,0.5957056328516692,43,highpass
1.1017463720618097e-07,4.786860040562806e-07,2.015172449880135e-07,1.5476274748896698e-07,9.222501609703546e-06,0.5702109537194376,43,highpass
1.2980068857802798e-07,4.786860040562806e-07,2.015172449880135e-07,2.8819215197420527e-07,9.222501609703546e-06,0.5188290240917355,43,highpass
1.1017463720618097e-07,4.786860040562806e-07,2.015172449880135e-07,2.8819215197420527e-07,9.222501609703546e-06,0.5957056328516692,43,highpass
1.1017463720618097e-07,4.786860040562806e-07,2.015172449880135e-07,2.8819215197420527e-07,9.222501609703546e-06,0.5957056328516692,43,highpass
1.1017463720618097e-07,4.786860040562806e-07,2.015172449880135e-07,2.8819215197420527e-07,9.222501609703546e-06,0.5957056328516692,43,highpass
1.1017463720618097e-07,4.786860040562806e-07,2.015172449880135e-07,2.8819215197420527e-07,9.222501609703546e-06,0.5957056328516692,43,highpass
1.1017463720618097e-07,4.786860040562806e-07,2.015172449880135e-07,2.8819215197420527e-07,9.222501609703546e-06,0.5957056328516692,43,highpass
1.1017463720618097e-07,4.786860040562806e-07,2.015172449880135e-07,2.8819215197420527e-07,9.222501609703546e-06,0.5957056328516692,43,highpass
1.1017463720618097e-07,4.786860040562806e-07,2.015172449880135e-07,2.8819215197420527e-07,9.222501609703546e-06,0.5957056328516692,43,highpass
1.1017463720618097e-07,4.786860040562806e-07,2.015172449880135e-07,2.8819215197420527e-07,9.222501609703546e-06,0.5957056328516692,43,highpass
1.1017463720618097e-07,4.786860040562806e-07,2.015172449880135e-07,2.8819215197420527e-07,9.222501609703546e-06,0.5957056328516692,43,highpass
1.1017463720618097e-07,4.786860040562806e-07,2.015172449880135e-07,2.8819215197420527e-07,9.222501609703546e-06,0.5957056328516692,43,highpass
1.1017463720618097e-07,4.786860040562806e-07,2.015172449880135e-07,2.8819215197420527e-07,9.222501609703546e-06,0.5957056328516692,44,highpass
1.1017463720618097e-07,4.786860040562806e-07,2.015172449880135e-07,2.8819215197420527e-07,9.222501609703546e-06,0.5957056328516692,44,highpass
1.1017463720618097e-07,4.786860040562806e-07,2.015172449880135e-07,2.8819215197420527e-07,9.222501609703546e-06,0.5957056328516692,44,highpass
1.1017463720618097e-07,4.786860040562806e-07,2.015172449880135e-07,2.8819215197420527e-07,9.222501609703546e-06,0.5957056328516692,44,highpass
1.1017463720618097e-07,4.786860040562806e-07,2.015172449880135e-07,2.8819215197420527e-07,9.222501609703546e-06,0.5957056328516692,44,highpass
1.1017463720618097e-07,4.786860040562806e-07,2.015172449880135e-07,2.8819215197420527e-07,9.222501609703546e-06,0.5957056328516692,44,highpass
1.1017463720618097e-07,4.786860040562806e-07,2.015172449880135e-07,2.8819215197420527e-07,9.222501609703546e-06,0.5957056328516692,44,highpass
1.1017463720618097e-07,4.786860040562806e-07,1.5435678274503092e-07,2.8819215197420527e-07,9.222501609703546e-06,0.5844318718230085,44,highpass
1.1017463720618097e-07,4.786860040562806e-07,2.015172449880135e-07,2.8819215197420527e-07,9.222501609703546e-06,0.5957056328516692,44,highpass
1.1017463720618097e-07,4.786860040562806e-07,2.05682962233492e-07,2.8819215197420527e-07,9.222501609703546e-06,0.45467350897191333,44,highpass
1.1017463720618097e-07,4.786860040562806e-07,2.015172449880135e-07,2.8819215197420527e-07,9.222501609703546e-06,0.5957056328516692,44,highpass
1.1017463720618097e-07,4.786860040562806e-07,2.015172449880135e-07,2.8819215197420527e-07,9.222501609703546e-06,0.5957056328516692,44,highpass
1.1523881384480706e-07,4.786860040562806e-07,2.015172449880135e-07,2.8819215197420527e-07,9.222501609703546e-06,0.5247621168692096,44,highpass
1.1017463720618097e-07,4.786860040562806e-07,2.015172449880135e-07,2.8819215197420527e-07,9.222501609703546e-06,0.5957056328516692,44,highpass
1.1017463720618097e-07,4.786860040562806e-07,2.015172449880135e-07,2.2137221875312185e-07,9.222501609703546e-06,0.5489713650885149,44,highpass
1.1017463720618097e-07,4.786860040562806e-07,2.015172449880135e-07,2.8819215197420527e-07,9.222501609703546e-06,0.5957056328516692,44,highpass
1.1017463720618097e-07,4.786860040562806e-07,2.015172449880135e-07,2.8819215197420527e-07,9.222501609703546e-06,0.5957056328516692,44,highpass
2.4574274223230405e-07,4.786860040562806e-07,2.015172449880135e-07,2.8819215197420527e-07,9.222501609703546e-06,0.4766453979965422,44,highpass
1.1017463720618097e-07,4.786860040562806e-07,2.015172449880135e-07,2.8819215197420527e-07,9.222501609703546e-06,0.5957056328516692,44,highpass
1.1017463720618097e-07,4.786860040562806e-07,2.015172449880135e-07,2.8819215197420527e-07,9.222501609703546e-06,0.5957056328516692,44,highpass
1.1017463720618097e-07,4.786860040562806e-07,1.5934058756687263e-07,2.8819215197420527e-07,9.222501609703546e-06,0.5939675733779286,44,highpass
1.1017463720618097e-07,4.786860040562806e-07,2.015172449880135e-07,2.8819215197420527e-07,9.222501609703546e-06,0.5957056328516692,44,highpass
1.1017463720618097e-07,4.786860040562806e-07,2.015172449880135e-07,2.8819215197420527e-07,9.222501609703546e-06,0.5957056328516692,44,highpass
1.1017463720618097e-07,4.786860040562806e-07,2.015172449880135e-07,2.8819215197420527e-07,9.222501609703546e-06,0.5957056328516692,44,highpass
1.1017463720618097e-07,4.786860040562806e-07,2.0532462678901377e-07,2.8819215197420527e-07,9.222501609703546e-06,0.4665765750151218,44,highpass
1.1017463720618097e-07,4.786860040562806e-07,2.015172449880135e-07,2.8819215197420527e-07,9.222501609703546e-06,0.5957056328516692,44,highpass
1.1017463720618097e-07,4.786860040562806e-07,2.015172449880135e-07,2.8819215197420527e-07,9.222501609703546e-06,0.5957056328516692,44,highpass
1.1017463720618097e-07,4.786860040562806e-07,2.015172449880135e-07,2.8819215197420527e-07,9.222501609703546e-06,0.5957056328516692,44,highpass
1.1110441383164141e-07,4.786860040562806e-07,2.015172449880135e-07,2.8819215197420527e-07,9.222501609703546e-06,0.5693911248754655,44,highpass
1.1017463720618097e-07,4.786860040562806e-07,2.015172449880135e-07,2.8819215197420527e-07,9.222501609703546e-06,0.5957056328516692,44,highpass
1.1017463720618097e-07,4.786860040562806e-07,2.015172449880135e-07,2.8819215197420527e-07,9.222501609703546e-06,0.5957056328516692,45,highpass
1.1017463720618097e-07,4.786860040562806e-07,2.015172449880135e-07,2.8819215197420527e-07,9.222501609703546e-06,0.5957056328516692,45,highpass
1.1017463720618097e-07,4.786860040562806e-07,2.015172449880135e-07,2.8819215197420527e-07,9.222501609703546e-06,0.5957056328516692,45,highpass
1.1017463720618097e-07,4.786860040562806e-07,2.0693640953053482e-07,2.8819215197420527e-07,9.222501609703546e-06,0.46038590966892623,45,highpass
1.1017463720618097e-07,4.786860040562806e-07,2.015172449880135e-07,2.8819215197420527e-07,9.222501609703546e-06,0.5957056328516692,45,highpass
1.1017463720618097e-07,4.786860040562806e-07,2.015172449880135e-07,2.8819215197420527e-07,9.222501609703546e-06,0.5957056328516692,45,highpass
1.1017463720618097e-07,4.786860040562806e-07,2.015172449880135e-07,2.8819215197420527e-07,9.222501609703546e-06,0.5957056328516692,45,highpass
1.1017463720618097e-07,4.786860040562806e-07,2.015172449880135e-07,2.8819215197420527e-07,9.222501609703546e-06,0.5957056328516692,45,highpass
1.1017463720618097e-07,4.786860040562806e-07,2.015172449880135e-07,2.8819215197420527e-07,9.222501609703546e-06,0.5957056328516692,45,highpass
1.1017463720618097e-07,4.786860040562806e-07,2.015172449880135e-07,2.8819215197420527e-07,9.222501609703546e-06,0.5957056328516692,45,highpass
1.1017463720618097e-07,4.786860040562806e-07,2.015172449880135e-07,2.8819215197420527e-07,9.222501609703546e-06,0.5957056328516692,45,highpass
1.1017463720618097e-07,4.786860040562806e-07,1.4468591120764483e-07,2.8819215197420527e-07,9.222501609703546e-06,0.5381695989682986,45,highpass
1.1017463720618097e-07,4.6422429003872847e-07,2.015172449880135e-07,2.8819215197420527e-07,9.222501609703546e-06,0.5537489216840503,45,highpass
1.1017463720618097e-07,4.786860040562806e-07,1.102714025902951e-07,2.8819215197420527e-07,9.222501609703546e-06,0.538960921348986,45,highpass
1.1017463720618097e-07,4.786860040562806e-07,2.015172449880135e-07,2.8819215197420527e-07,9.222501609703546e-06,0.5957056328516692,45,highpass
1.1017463720618097e-07,4.786860040562806e-07,2.015172449880135e-07,2.8819215197420527e-07,9.222501609703546e-06,0.5957056328516692,45,highpass
1.1017463720618097e-07,4.786860040562806e-07,2.062852668984434e-07,2.8819215197420527e-07,9.222501609703546e-06,0.4435777507078016,45,highpass
1.1017463720618097e-07,4.786860040562806e-07,2.015172449880135e-07,2.8819215197420527e-07,9.222501609703546e-06,0.5957056328516692,45,highpass
1.1017463720618097e-07,4.5913107027614113e-07,2.015172449880135e-07,2.8819215197420527e-07,9.222501609703546e-06,0.5721206724833601,45,highpass
1.1017463720618097e-07,4.786860040562806e-07,2.015172449880135e-07,2.8819215197420527e-07,9.222501609703546e-06,0.5957056328516692,45,highpass
1.1017463720618097e-07,4.786860040562806e-07,2.015172449880135e-07,1.6195864518093358e-07,9.222501609703546e-06,0.5690514660118156,45,highpass
1.1017463720618097e-07,4.786860040562806e-07,2.015172449880135e-07,2.8819215197420527e-07,9.222501609703546e-06,0.5957056328516692,45,highpass
1.1017463720618097e-07,4.786860040562806e-07,2.015172449880135e-07,2.8819215197420527e-07,9.222501609703546e-06,0.5957056328516692,45,highpass
1.1017463720618097e-07,4.786860040562806e-07,2.015172449880135e-07,2.8819215197420527e-07,9.222501609703546e-06,0.5957056328516692,45,highpass
1.1017463720618097e-07,4.786860040562806e-07,2.015172449880135e-07,2.8819215197420527e-07,3.557031643945279e-05,0.512716828154274,45,highpass
1.1017463720618097e-07,4.786860040562806e-07,2.015172449880135e-07,2.8819215197420527e-07,9.222501609703546e-06,0.5957056328516692,45,highpass
1.1017463720618097e-07,4.786860040562806e-07,2.015172449880135e-07,2.8819215197420527e-07,9.222501609703546e-06,0.5957056328516692,45,highpass
1.1017463720618097e-07,4.786860040562806e-07,2.015172449880135e-07,2.8819215197420527e-07,9.222501609703546e-06,0.5957056328516692,45,highpass
1.1017463720618097e-07,4.786860040562806e-07,2.015172449880135e-07,2.8819215197420527e-07,9.222501609703546e-06,0.5957056328516692,45,highpass
1.1017463720618097e-07,3.197848062911679e-07,2.015172449880135e-07,2.8819215197420527e-07,9.222501609703546e-06,0.5508038184890759,45,highpass
1.1017463720618097e-07,4.786860040562806e-07,2.015172449880135e-07,2.8819215197420527e-07,9.222501609703546e-06,0.5957056328516692,46,highpass
1.1017463720618097e-07,4.786860040562806e-07,2.015172449880135e-07,2.8819215197420527e-07,9.222501609703546e-06,0.5957056328516692,46,highpass
1.1017463720618097e-07,4.786860040562806e-07,2.015172449880135e-07,2.8819215197420527e-07,9.222501609703546e-06,0.5957056328516692,46,highpass
1.1017463720618097e-07,4.786860040562806e-07,2.015172449880135e-07,2.8819215197420527e-07,9.222501609703546e-06,0.5957056328516692,46,highpass
1.1017463720618097e-07,4.786860040562806e-07,2.015172449880135e-07,1.5291004823475386e-07,9.222501609703546e-06,0.566101619758225,46,highpass
1.1017463720618097e-07,4.786860040562806e-07,2.015172449880135e-07,1.6608524587311125e-07,9.222501609703546e-06,0.5612649739464599,46,highpass
1.1017463720618097e-07,4.786860040562806e-07,2.015172449880135e-07,2.8819215197420527e-07,9.222501609703546e-06,0.5957056328516692,46,highpass
1.1017463720618097e-07,4.786860040562806e-07,2.015172449880135e-07,2.8819215197420527e-07,9.222501609703546e-06,0.5957056328516692,46,highpass
1.1017463720618097e-07,4.786860040562806e-07,2.015172449880135e-07,2.8819215197420527e-07,9.222501609703546e-06,0.5957056328516692,46,highpass
1.1017463720618097e-07,4.786860040562806e-07,2.015172449880135e-07,2.8819215197420527e-07,8.083734174643774e-06,0.4553096039916616,46,highpass
1.1017463720618097e-07,4.786860040562806e-07,2.015172449880135e-07,2.8819215197420527e-07,9.222501609703546e-06,0.5957056328516692,46,highpass
1.1017463720618097e-07,4.786860040562806e-07,2.015172449880135e-07,2.8819215197420527e-07,9.222501609703546e-06,0.5957056328516692,46,highpass
1.1017463720618097e-07,4.786860040562806e-07,2.015172449880135e-07,2.8819215197420527e-07,9.222501609703546e-06,0.5957056328516692,46,highpass
1.1017463720618097e-07,4.786860040562806e-07,2.015172449880135e-07,2.8819215197420527e-07,9.222501609703546e-06,0.5957056328516692,46,highpass
1.1017463720618097e-07,4.786860040562806e-07,2.015172449880135e-07,2.8819215197420527e-07,9.222501609703546e-06,0.5957056328516692,46,highpass
1.1017463720618097e-07,4.786860040562806e-07,2.015172449880135e-07,2.8819215197420527e-07,9.222501609703546e-06,0.5957056328516692,46,highpass
1.1017463720618097e-07,4.786860040562806e-07,2.015172449880135e-07,2.8819215197420527e-07,9.222501609703546e-06,0.5957056328516692,46,highpass
1.1017463720618097e-07,4.786860040562806e-07,2.015172449880135e-07,2.8819215197420527e-07,9.222501609703546e-06,0.5957056328516692,46,highpass
1.1017463720618097e-07,4.786860040562806e-07,2.015172449880135e-07,2.8819215197420527e-07,9.222501609703546e-06,0.5957056328516692,46,highpass
1.1017463720618097e-07,4.786860040562806e-07,2.015172449880135e-07,2.8819215197420527e-07,9.222501609703546e-06,0.5957056328516692,46,highpass
1.1017463720618097e-07,4.786860040562806e-07,2.015172449880135e-07,2.8819215197420527e-07,9.222501609703546e-06,0.5957056328516692,46,highpass
1.1017463720618097e-07,4.786860040562806e-07,2.0001796965524796e-07,2.8819215197420527e-07,9.222501609703546e-06,0.48301137570278285,46,highpass
1.1017463720618097e-07,4.786860040562806e-07,2.015172449880135e-07,2.8819215197420527e-07,9.222501609703546e-06,0.5957056328516692,46,highpass
1.1017463720618097e-07,4.786860040562806e-07,2.015172449880135e-07,2.8819215197420527e-07,9.222501609703546e-06,0.5957056328516692,46,highpass
1.1017463720618097e-07,4.786860040562806e-07,2.015172449880135e-07,2.8819215197420527e-07,9.222501609703546e-06,0.5957056328516692,46,highpass
1.1017463720618097e-07,4.786860040562806e-07,2.015172449880135e-07,2.8819215197420527e-07,9.222501609703546e-06,0.5957056328516692,46,highpass
1.1017463720618097e-07,4.786860040562806e-07,2.015172449880135e-07,2.8819215197420527e-07,8.477844218404173e-06,0.533502033446611,46,highpass
1.1017463720618097e-07,4.786860040562806e-07,2.015172449880135e-07,2.8819215197420527e-07,9.222501609703546e-06,0.5957056328516692,46,highpass
1.1017463720618097e-07,4.786860040562806e-07,2.015172449880135e-07,2.8819215197420527e-07,9.222501609703546e-06,0.5957056328516692,46,highpass
1.1017463720618097e-07,4.786860040562806e-07,2.015172449880135e-07,2.8819215197420527e-07,9.222501609703546e-06,0.5957056328516692,46,highpass
1.1017463720618097e-07,4.786860040562806e-07,2.015172449880135e-07,2.8819215197420527e-07,9.222501609703546e-06,0.5957056328516692,47,highpass
1.1017463720618097e-07,4.786860040562806e-07,2.015172449880135e-07,2.8819215197420527e-07,9.222501609703546e-06,0.5957056328516692,47,highpass
1.1017463720618097e-07,4.786860040562806e-07,2.015172449880135e-07,2.8819215197420527e-07,9.222501609703546e-06,0.5957056328516692,47,highpass
1.1017463720618097e-07,4.786860040562806e-07,2.015172449880135e-07,2.8819215197420527e-07,9.222501609703546e-06,0.5957056328516692,47,highpass
1.1017463720618097e-07,4.786860040562806e-07,2.015172449880135e-07,2.8819215197420527e-07,9.222501609703546e-06,0.5957056328516692,47,highpass
1.1017463720618097e-07,3.089375849674338e-07,2.015172449880135e-07,2.8819215197420527e-07,9.222501609703546e-06,0.5423374148712522,47,highpass
1.1017463720618097e-07,4.786860040562806e-07,2.015172449880135e-07,2.8819215197420527e-07,9.222501609703546e-06,0.5957056328516692,47,highpass
1.1017463720618097e-07,4.786860040562806e-07,2.015172449880135e-07,2.8819215197420527e-07,9.222501609703546e-06,0.5957056328516692,47,highpass
1.1017463720618097e-07,4.786860040562806e-07,2.015172449880135e-07,2.8819215197420527e-07,9.222501609703546e-06,0.5957056328516692,47,highpass
1.0982570829713924e-07,4.786860040562806e-07,2.015172449880135e-07,2.8819215197420527e-07,9.222501609703546e-06,0.5957056328516692,47,highpass
1.1017463720618097e-07,4.786860040562806e-07,2.015172449880135e-07,2.8819215197420527e-07,9.222501609703546e-06,0.5957056328516692,47,highpass
1.1017463720618097e-07,4.786860040562806e-07,2.015172449880135e-07,2.8819215197420527e-07,9.222501609703546e-06,0.5957056328516692,47,highpass
1.1017463720618097e-07,4.786860040562806e-07,2.0769686972990508e-07,2.8819215197420527e-07,9.222501609703546e-06,0.4990746449904633,47,highpass
1.5020569652311635e-07,4.786860040562806e-07,2.015172449880135e-07,2.8819215197420527e-07,9.222501609703546e-06,0.4638674171603193,47,highpass
1.1017463720618097e-07,4.786860040562806e-07,2.015172449880135e-07,2.895659009102665e-07,9.222501609703546e-06,0.5938174055477761,47,highpass
1.1017463720618097e-07,4.786860040562806e-07,2.015172449880135e-07,2.8819215197420527e-07,9.222501609703546e-06,0.5957056328516692,47,highpass
1.1017463720618097e-07,4.786860040562806e-07,2.015172449880135e-07,2.8819215197420527e-07,9.222501609703546e-06,0.5957056328516692,47,highpass
1.1017463720618097e-07,4.786860040562806e-07,2.015172449880135e-07,2.8819215197420527e-07,9.222501609703546e-06,0.5957056328516692,47,highpass
1.1017463720618097e-07,4.786860040562806e-07,2.015172449880135e-07,2.8819215197420527e-07,9.222501609703546e-06,0.5957056328516692,47,highpass
1.1017463720618097e-07,4.786860040562806e-07,2.015172449880135e-07,2.8819215197420527e-07,9.222501609703546e-06,0.5957056328516692,47,highpass
1.1017463720618097e-07,4.786860040562806e-07,2.015172449880135e-07,2.8819215197420527e-07,9.222501609703546e-06,0.5957056328516692,47,highpass
1.1017463720618097e-07,4.663543723880338e-07,2.015172449880135e-07,2.8819215197420527e-07,9.222501609703546e-06,0.5483833349120659,47,highpass
1.1017463720618097e-07,4.786860040562806e-07,2.015172449880135e-07,2.8819215197420527e-07,9.222501609703546e-06,0.5957056328516692,47,highpass
1.1017463720618097e-07,4.786860040562806e-07,2.015172449880135e-07,2.9527527832722757e-07,9.222501609703546e-06,0.49188256009810694,47,highpass
1.1017463720618097e-07,4.786860040562806e-07,2.015172449880135e-07,2.8819215197420527e-07,9.222501609703546e-06,0.5957056328516692,47,highpass
1.1017463720618097e-07,4.786860040562806e-07,2.015172449880135e-07,2.8819215197420527e-07,9.222501609703546e-06,0.5957056328516692,47,highpass
1.1017463720618097e-07,4.786860040562806e-07,2.015172449880135e-07,2.8819215197420527e-07,9.222501609703546e-06,0.5957056328516692,47,highpass
1.1017463720618097e-07,4.786860040562806e-07,2.015172449880135e-07,2.8819215197420527e-07,9.222501609703546e-06,0.5957056328516692,47,highpass
1.1017463720618097e-07,4.786860040562806e-07,2.015172449880135e-07,2.8819215197420527e-07,9.222501609703546e-06,0.5957056328516692,47,highpass
1.1017463720618097e-07,4.786860040562806e-07,2.015172449880135e-07,2.8819215197420527e-07,9.222501609703546e-06,0.5957056328516692,47,highpass
1.1017463720618097e-07,4.786860040562806e-07,2.015172449880135e-07,2.8819215197420527e-07,9.222501609703546e-06,0.5957056328516692,48,highpass
1.1017463720618097e-07,4.786860040562806e-07,2.015172449880135e-07,2.8819215197420527e-07,9.222501609703546e-06,0.5957056328516692,48,highpass
1.1017463720618097e-07,4.786860040562806e-07,2.015172449880135e-07,2.8819215197420527e-07,9.222501609703546e-06,0.5957056328516692,48,highpass
1.1017463720618097e-07,4.786860040562806e-07,2.015172449880135e-07,2.8819215197420527e-07,9.222501609703546e-06,0.5957056328516692,48,highpass
1.1017463720618097e-07,4.786860040562806e-07,2.015172449880135e-07,2.8819215197420527e-07,9.222501609703546e-06,0.5957056328516692,48,highpass
1.1017463720618097e-07,4.786860040562806e-07,2.015172449880135e-07,2.8819215197420527e-07,9.222501609703546e-06,0.5957056328516692,48,highpass
1.1017463720618097e-07,4.786860040562806e-07,2.015172449880135e-07,2.8819215197420527e-07,9.222501609703546e-06,0.5957056328516692,48,highpass
1.1017463720618097e-07,4.786860040562806e-07,2.015172449880135e-07,2.8819215197420527e-07,9.222501609703546e-06,0.5957056328516692,48,highpass
1.1017463720618097e-07,4.786860040562806e-07,2.015172449880135e-07,2.8819215197420527e-07,9.222501609703546e-06,0.5957056328516692,48,highpass
1.1017463720618097e-07,4.786860040562806e-07,2.015172449880135e-07,2.8819215197420527e-07,9.222501609703546e-06,0.5957056328516692,48,highpass
1.1017463720618097e-07,4.786860040562806e-07,2.015172449880135e-07,2.8819215197420527e-07,1.5550174516913956e-05,0.49881485068413695,48,highpass
1.1017463720618097e-07,4.786860040562806e-07,2.015172449880135e-07,2.8819215197420527e-07,9.222501609703546e-06,0.5957056328516692,48,highpass
1.1017463720618097e-07,4.786860040562806e-07,2.015172449880135e-07,2.8819215197420527e-07,9.222501609703546e-06,0.5957056328516692,48,highpass
1.1017463720618097e-07,4.786860040562806e-07,2.015172449880135e-07,2.8819215197420527e-07,9.222501609703546e-06,0.5957056328516692,48,highpass
1.8581592062298506e-07,4.786860040562806e-07,2.015172449880135e-07,2.8819215197420527e-07,9.222501609703546e-06,0.35478861793067196,48,highpass
1.1017463720618097e-07,4.786860040562806e-07,2.015172449880135e-07,2.8819215197420527e-07,9.222501609703546e-06,0.5957056328516692,48,highpass
1.1017463720618097e-07,4.786860040562806e-07,2.015172449880135e-07,2.8819215197420527e-07,8.766049004750248e-06,0.5413901765905499,48,highpass
1.1017463720618097e-07,4.786860040562806e-07,2.015172449880135e-07,2.8819215197420527e-07,9.222501609703546e-06,0.5957056328516692,48,highpass
1.1017463720618097e-07,4.786860040562806e-07,2.015172449880135e-07,2.8819215197420527e-07,9.872686645218467e-06,0.46425168999804134,48,highpass
1.1017463720618097e-07,4.786860040562806e-07,2.015172449880135e-07,2.8819215197420527e-07,9.222501609703546e-06,0.5957056328516692,48,highpass
1.1017463720618097e-07,4.786860040562806e-07,2.015172449880135e-07,2.8819215197420527e-07,9.222501609703546e-06,0.5957056328516692,48,highpass
1.1017463720618097e-07,4.904686972158715e-07,2.015172449880135e-07,2.8819215197420527e-07,9.222501609703546e-06,0.5243269963967848,48,highpass
1.1017463720618097e-07,4.786860040562806e-07,2.015172449880135e-07,2.8819215197420527e-07,9.222501609703546e-06,0.5957056328516692,48,highpass
1.1017463720618097e-07,4.786860040562806e-07,2.015172449880135e-07,2.8819215197420527e-07,9.222501609703546e-06,0.5957056328516692,48,highpass
1.1017463720618097e-07,4.786860040562806e-07,2.015172449880135e-07,2.8819215197420527e-07,1.0033767311796523e-05,0.464265004904781,48,highpass
1.1017463720618097e-07,4.786860040562806e-07,2.015172449880135e-07,2.8819215197420527e-07,9.222501609703546e-06,0.5957056328516692,48,highpass
1.1017463720618097e-07,4.786860040562806e-07,2.015172449880135e-07,2.8819215197420527e-07,9.222501609703546e-06,0.5957056328516692,48,highpass
1.1017463720618097e-07,4.786860040562806e-07,2.015172449880135e-07,2.8819215197420527e-07,9.222501609703546e-06,0.5957056328516692,48,highpass
1.1017463720618097e-07,4.786860040562806e-07,2.015172449880135e-07,2.8819215197420527e-07,9.222501609703546e-06,0.5957056328516692,48,highpass
1.1017463720618097e-07,4.786860040562806e-07,2.015172449880135e-07,2.8819215197420527e-07,9.222501609703546e-06,0.5957056328516692,48,highpass
1.1017463720618097e-07,4.786860040562806e-07,2.015172449880135e-07,2.8819215197420527e-07,9.222501609703546e-06,0.5957056328516692,49,highpass
1.1017463720618097e-07,4.786860040562806e-07,2.015172449880135e-07,2.8819215197420527e-07,9.222501609703546e-06,0.5957056328516692,49,highpass
1.1017463720618097e-07,4.786860040562806e-07,2.015172449880135e-07,2.8819215197420527e-07,9.222501609703546e-06,0.5957056328516692,49,highpass
1.1017463720618097e-07,4.786860040562806e-07,2.015172449880135e-07,2.8819215197420527e-07,9.222501609703546e-06,0.5957056328516692,49,highpass
1.1017463720618097e-07,4.786860040562806e-07,2.015172449880135e-07,2.8819215197420527e-07,9.222501609703546e-06,0.5957056328516692,49,highpass
1.1017463720618097e-07,4.786860040562806e-07,2.015172449880135e-07,2.8819215197420527e-07,9.222501609703546e-06,0.5957056328516692,49,highpass
1.1017463720618097e-07,4.786860040562806e-07,2.015172449880135e-07,2.8819215197420527e-07,9.222501609703546e-06,0.5957056328516692,49,highpass
1.1017463720618097e-07,4.786860040562806e-07,2.015172449880135e-07,2.8819215197420527e-07,9.222501609703546e-06,0.5957056328516692,49,highpass
1.1017463720618097e-07,4.786860040562806e-07,2.015172449880135e-07,2.8819215197420527e-07,9.222501609703546e-06,0.5957056328516692,49,highpass
1.1017463720618097e-07,4.786860040562806e-07,2.015172449880135e-07,2.8819215197420527e-07,9.222501609703546e-06,0.5957056328516692,49,highpass
1.1017463720618097e-07,4.786860040562806e-07,2.015172449880135e-07,2.8819215197420527e-07,9.222501609703546e-06,0.5957056328516692,49,highpass
1.1017463720618097e-07,4.786860040562806e-07,2.0261077968525593e-07,2.8819215197420527e-07,9.222501609703546e-06,0.5503549324678378,49,highpass
1.1017463720618097e-07,4.786860040562806e-07,2.015172449880135e-07,2.8819215197420527e-07,9.222501609703546e-06,0.5957056328516692,49,highpass
1.1017463720618097e-07,4.786860040562806e-07,2.015172449880135e-07,2.8819215197420527e-07,9.222501609703546e-06,0.5957056328516692,49,highpass
1.1017463720618097e-07,4.786860040562806e-07,2.015172449880135e-07,2.8819215197420527e-07,9.222501609703546e-06,0.5957056328516692,49,highpass
1.1017463720618097e-07,4.786860040562806e-07,2.015172449880135e-07,2.8819215197420527e-07,9.222501609703546e-06,0.5957056328516692,49,highpass
1.1017463720618097e-07,6.738518556298285e-07,2.015172449880135e-07,2.8819215197420527e-07,9.222501609703546e-06,0.24858046916413867,49,highpass
1.1017463720618097e-07,4.786860040562806e-07,2.015172449880135e-07,2.8819215197420527e-07,9.222501609703546e-06,0.5957056328516692,49,highpass
1.1017463720618097e-07,4.786860040562806e-07,2.015172449880135e-07,2.8819215197420527e-07,9.222501609703546e-06,0.5957056328516692,49,highpass
1.1017463720618097e-07,4.786860040562806e-07,2.015172449880135e-07,2.8819215197420527e-07,9.222501609703546e-06,0.5957056328516692,49,highpass
1.1017463720618097e-07,4.786860040562806e-07,2.015172449880135e-07,2.8819215197420527e-07,9.222501609703546e-06,0.5957056328516692,49,highpass
1.1017463720618097e-07,4.786860040562806e-07,2.015172449880135e-07,2.8819215197420527e-07,9.222501609703546e-06,0.5957056328516692,49,highpass
1.1017463720618097e-07,4.786860040562806e-07,2.015172449880135e-07,2.8819215197420527e-07,9.222501609703546e-06,0.5957056328516692,49,highpass
1.1017463720618097e-07,4.786860040562806e-07,2.015172449880135e-07,2.8819215197420527e-07,9.222501609703546e-06,0.5957056328516692,49,highpass
1.1504036462738928e-07,4.786860040562806e-07,2.015172449880135e-07,2.8819215197420527e-07,9.222501609703546e-06,0.5180088004555512,49,highpass
1.1017463720618097e-07,4.786860040562806e-07,2.015172449880135e-07,2.8819215197420527e-07,9.222501609703546e-06,0.5957056328516692,49,highpass
1.1017463720618097e-07,4.786860040562806e-07,2.015172449880135e-07,2.8819215197420527e-07,9.222501609703546e-06,0.5957056328516692,49,highpass
1.1017463720618097e-07,4.786860040562806e-07,2.015172449880135e-07,2.8819215197420527e-07,9.222501609703546e-06,0.5957056328516692,49,highpass
1.1017463720618097e-07,4.786860040562806e-07,2.015172449880135e-07,2.8819215197420527e-07,9.222501609703546e-06,0.5957056328516692,49,highpass
1.1017463720618097e-07,4.786860040562806e-07,2.015172449880135e-07,2.8819215197420527e-07,9.222501609703546e-06,0.5957056328516692,49,highpass
1.1017463720618097e-07,4.786860040562806e-07,2.015172449880135e-07,2.8819215197420527e-07,9.222501609703546e-06,0.5957056328516692,50,highpass
1.1017463720618097e-07,4.786860040562806e-07,2.015172449880135e-07,2.8819215197420527e-07,9.222501609703546e-06,0.5957056328516692,50,highpass
1.1017463720618097e-07,4.786860040562806e-07,2.015172449880135e-07,2.8819215197420527e-07,9.222501609703546e-06,0.5957056328516692,50,highpass
1.1017463720618097e-07,4.786860040562806e-07,2.015172449880135e-07,2.8819215197420527e-07,9.222501609703546e-06,0.5957056328516692,50,highpass
1.1017463720618097e-07,4.786860040562806e-07,2.015172449880135e-07,2.8819215197420527e-07,9.222501609703546e-06,0.5957056328516692,50,highpass
1.1017463720618097e-07,4.786860040562806e-07,2.015172449880135e-07,2.8819215197420527e-07,9.222501609703546e-06,0.5957056328516692,50,highpass
1.1017463720618097e-07,4.786860040562806e-07,1.0964943582074189e-07,2.8819215197420527e-07,9.222501609703546e-06,0.5432958423054763,50,highpass
1.1017463720618097e-07,4.786860040562806e-07,2.015172449880135e-07,2.8819215197420527e-07,9.222501609703546e-06,0.5957056328516692,50,highpass
1.1017463720618097e-07,4.786860040562806e-07,2.015172449880135e-07,2.8819215197420527e-07,9.222501609703546e-06,0.5957056328516692,50,highpass
1.1017463720618097e-07,4.786860040562806e-07,2.015172449880135e-07,2.8819215197420527e-07,9.222501609703546e-06,0.5957056328516692,50,highpass
1.1017463720618097e-07,4.786860040562806e-07,2.015172449880135e-07,2.8819215197420527e-07,9.222501609703546e-06,0.5957056328516692,50,highpass
1.1017463720618097e-07,4.786860040562806e-07,2.015172449880135e-07,2.8819215197420527e-07,9.222501609703546e-06,0.5957056328516692,50,highpass
1.1017463720618097e-07,4.786860040562806e-07,2.015172449880135e-07,2.8819215197420527e-07,9.222501609703546e-06,0.5957056328516692,50,highpass
1.1017463720618097e-07,4.786860040562806e-07,2.015172449880135e-07,1.8597253216505238e-07,9.222501609703546e-06,0.5693759764722848,50,highpass
1.1017463720618097e-07,4.786860040562806e-07,2.015172449880135e-07,2.8819215197420527e-07,9.222501609703546e-06,0.5957056328516692,50,highpass
1.1017463720618097e-07,4.786860040562806e-07,2.015172449880135e-07,2.8819215197420527e-07,9.222501609703546e-06,0.5957056328516692,50,highpass
1.1017463720618097e-07,4.722883550990124e-07,2.015172449880135e-07,2.8819215197420527e-07,9.222501609703546e-06,0.5158239677671654,50,highpass
1.1017463720618097e-07,4.786860040562806e-07,1.9882129905402885e-07,2.8819215197420527e-07,9.222501609703546e-06,0.45895923063327154,50,highpass
1.1017463720618097e-07,4.786860040562806e-07,2.015172449880135e-07,2.8819215197420527e-07,9.222501609703546e-06,0.5957056328516692,50,highpass
1.1017463720618097e-07,4.786860040562806e-07,2.015172449880135e-07,2.8819215197420527e-07,9.222501609703546e-06,0.5957056328516692,50,highpass
1.1017463720618097e-07,4.786860040562806e-07,2.015172449880135e-07,2.8819215197420527e-07,9.222501609703546e-06,0.5957056328516692,50,highpass
1.1017463720618097e-07,4.786860040562806e-07,2.250483597369867e-07,2.8819215197420527e-07,9.222501609703546e-06,0.45689126328065294,50,highpass
1.1017463720618097e-07,4.786860040562806e-07,2.015172449880135e-07,2.8819215197420527e-07,9.222501609703546e-06,0.5957056328516692,50,highpass
1.1017463720618097e-07,4.786860040562806e-07,2.015172449880135e-07,2.8819215197420527e-07,9.222501609703546e-06,0.5957056328516692,50,highpass
1.1017463720618097e-07,4.786860040562806e-07,2.015172449880135e-07,2.8819215197420527e-07,9.222501609703546e-06,0.5957056328516692,50,highpass
1.1017463720618097e-07,4.786860040562806e-07,2.015172449880135e-07,2.8819215197420527e-07,9.222501609703546e-06,0.5957056328516692,50,highpass
1.1017463720618097e-07,4.786860040562806e-07,2.015172449880135e-07,2.8819215197420527e-07,9.222501609703546e-06,0.5957056328516692,50,highpass
1.1017463720618097e-07,4.786860040562806e-07,2.015172449880135e-07,2.8819215197420527e-07,9.222501609703546e-06,0.5957056328516692,50,highpass
1.1017463720618097e-07,4.786860040562806e-07,2.015172449880135e-07,2.8819215197420527e-07,9.222501609703546e-06,0.5957056328516692,50,highpass
1.1017463720618097e-07,4.786860040562806e-07,2.015172449880135e-07,2.8819215197420527e-07,9.222501609703546e-06,0.5957056328516692,50,highpass
1.1017463720618097e-07,4.786860040562806e-07,2.015172449880135e-07,2.8819215197420527e-07,9.222501609703546e-06,0.5957056328516692,51,highpass
1.1017463720618097e-07,4.786860040562806e-07,2.015172449880135e-07,2.8819215197420527e-07,9.222501609703546e-06,0.5957056328516692,51,highpass
1.1017463720618097e-07,4.786860040562806e-07,2.015172449880135e-07,2.8819215197420527e-07,9.222501609703546e-06,0.5957056328516692,51,highpass
1.1017463720618097e-07,4.786860040562806e-07,2.015172449880135e-07,2.8819215197420527e-07,9.222501609703546e-06,0.5957056328516692,51,highpass
1.1017463720618097e-07,4.786860040562806e-07,2.0740309237511535e-07,2.8819215197420527e-07,9.222501609703546e-06,0.4801956560923754,51,highpass
1.1017463720618097e-07,4.786860040562806e-07,2.015172449880135e-07,2.8819215197420527e-07,9.222501609703546e-06,0.5957056328516692,51,highpass
1.1017463720618097e-07,4.786860040562806e-07,2.015172449880135e-07,2.8819215197420527e-07,9.222501609703546e-06,0.5957056328516692,51,highpass
1.1017463720618097e-07,4.786860040562806e-07,2.015172449880135e-07,2.8819215197420527e-07,9.222501609703546e-06,0.5957056328516692,51,highpass
1.1017463720618097e-07,4.786860040562806e-07,2.015172449880135e-07,2.8819215197420527e-07,9.222501609703546e-06,0.5957056328516692,51,highpass
1.1017463720618097e-07,4.786860040562806e-07,2.015172449880135e-07,2.8819215197420527e-07,9.222501609703546e-06,0.5957056328516692,51,highpass
1.1017463720618097e-07,4.786860040562806e-07,2.015172449880135e-07,2.8819215197420527e-07,9.222501609703546e-06,0.5957056328516692,51,highpass
1.1017463720618097e-07,4.786860040562806e-07,2.015172449880135e-07,2.8819215197420527e-07,9.222501609703546e-06,0.5957056328516692,51,highpass
1.1017463720618097e-07,4.786860040562806e-07,2.015172449880135e-07,2.8819215197420527e-07,9.222501609703546e-06,0.5957056328516692,51,highpass
1.1017463720618097e-07,4.786860040562806e-07,2.015172449880135e-07,1.603146051743403e-07,9.222501609703546e-06,0.5717239908878882,51,highpass
1.1017463720618097e-07,4.786860040562806e-07,2.015172449880135e-07,2.8819215197420527e-07,9.222501609703546e-06,0.5957056328516692,51,highpass
1.1017463720618097e-07,4.786860040562806e-07,2.015172449880135e-07,2.8819215197420527e-07,9.222501609703546e-06,0.5957056328516692,51,highpass
1.1017463720618097e-07,4.786860040562806e-07,2.015172449880135e-07,2.8819215197420527e-07,9.222501609703546e-06,0.5957056328516692,51,highpass
1.1017463720618097e-07,4.786860040562806e-07,2.015172449880135e-07,2.8819215197420527e-07,9.222501609703546e-06,0.5957056328516692,51,highpass
1.1017463720618097e-07,4.786860040562806e-07,2.015172449880135e-07,2.8819215197420527e-07,9.222501609703546e-06,0.5957056328516692,51,highpass
1.1017463720618097e-07,4.786860040562806e-07,2.015172449880135e-07,2.8819215197420527e-07,4.778602691983942e-05,0.5144206784822168,51,highpass
1.1017463720618097e-07,4.786860040562806e-07,2.015172449880135e-07,2.8819215197420527e-07,9.222501609703546e-06,0.5957056328516692,51,highpass
1.1017463720618097e-07,4.786860040562806e-07,2.015172449880135e-07,2.927678389273746e-07,9.222501609703546e-06,0.5043104602335124,51,highpass
1.1017463720618097e-07,4.786860040562806e-07,2.015172449880135e-07,2.8819215197420527e-07,9.222501609703546e-06,0.5957056328516692,51,highpass
1.1017463720618097e-07,4.786860040562806e-07,2.015172449880135e-07,2.8819215197420527e-07,9.222501609703546e-06,0.5957056328516692,51,highpass
1.1017463720618097e-07,4.786860040562806e-07,2.015172449880135e-07,2.8819215197420527e-07,9.222501609703546e-06,0.5957056328516692,51,highpass
1.1017463720618097e-07,4.786860040562806e-07,2.015172449880135e-07,2.8819215197420527e-07,9.222501609703546e-06,0.5957056328516692,51,highpass
1.1017463720618097e-07,4.786860040562806e-07,2.015172449880135e-07,2.8819215197420527e-07,9.222501609703546e-06,0.5957056328516692,51,highpass
1.1017463720618097e-07,4.786860040562806e-07,2.015172449880135e-07,2.818789301596884e-07,9.222501609703546e-06,0.5501703540763698,51,highpass
1.1017463720618097e-07,4.786860040562806e-07,2.015172449880135e-07,2.8819215197420527e-07,9.222501609703546e-06,0.5957056328516692,51,highpass
1.1017463720618097e-07,4.786860040562806e-07,2.015172449880135e-07,2.8819215197420527e-07,9.222501609703546e-06,0.5957056328516692,51,highpass
1.1017463720618097e-07,4.786860040562806e-07,2.015172449880135e-07,2.8819215197420527e-07,9.222501609703546e-06,0.5957056328516692,52,highpass
1.1017463720618097e-07,4.786860040562806e-07,2.015172449880135e-07,2.8819215197420527e-07,9.222501609703546e-06,0.5957056328516692,52,highpass
1.1017463720618097e-07,4.786860040562806e-07,2.015172449880135e-07,2.8819215197420527e-07,9.222501609703546e-06,0.5957056328516692,52,highpass
1.1017463720618097e-07,4.786860040562806e-07,2.015172449880135e-07,2.8819215197420527e-07,9.222501609703546e-06,0.5957056328516692,52,highpass
1.1017463720618097e-07,4.786860040562806e-07,2.015172449880135e-07,2.8819215197420527e-07,9.222501609703546e-06,0.5957056328516692,52,highpass
1.1017463720618097e-07,4.786860040562806e-07,2.015172449880135e-07,2.8819215197420527e-07,9.222501609703546e-06,0.5957056328516692,52,highpass
1.1017463720618097e-07,4.786860040562806e-07,2.015172449880135e-07,2.8819215197420527e-07,9.222501609703546e-06,0.5957056328516692,52,highpass
1.1017463720618097e-07,4.786860040562806e-07,2.015172449880135e-07,2.8819215197420527e-07,9.222501609703546e-06,0.5957056328516692,52,highpass
1.1017463720618097e-07,4.7013470798914445e-07,2.015172449880135e-07,2.8819215197420527e-07,9.222501609703546e-06,0.5312688494040962,52,highpass
1.1017463720618097e-07,4.786860040562806e-07,2.015172449880135e-07,2.8819215197420527e-07,9.222501609703546e-06,0.5957056328516692,52,highpass
1.1017463720618097e-07,4.786860040562806e-07,2.015172449880135e-07,2.8819215197420527e-07,9.222501609703546e-06,0.5957056328516692,52,highpass
1.1017463720618097e-07,4.786860040562806e-07,2.081323813596932e-07,2.8819215197420527e-07,9.222501609703546e-06,0.5277665994815215,52,highpass
1.1017463720618097e-07,4.786860040562806e-07,2.015172449880135e-07,2.8819215197420527e-07,9.222501609703546e-06,0.5957056328516692,52,highpass
1.0441365302515116e-07,4.786860040562806e-07,2.015172449880135e-07,2.8819215197420527e-07,9.222501609703546e-06,0.4620617552205529,52,highpass
1.1017463720618097e-07,4.786860040562806e-07,2.015172449880135e-07,2.8819215197420527e-07,9.222501609703546e-06,0.5957056328516692,52,highpass
1.1017463720618097e-07,4.786860040562806e-07,2.015172449880135e-07,2.8819215197420527e-07,9.222501609703546e-06,0.5957056328516692,52,highpass
1.1017463720618097e-07,4.786860040562806e-07,2.015172449880135e-07,2.8819215197420527e-07,9.222501609703546e-06,0.5957056328516692,52,highpass
1.1017463720618097e-07,4.786860040562806e-07,2.015172449880135e-07,2.8845226836773e-07,9.222501609703546e-06,0.5957056328516692,52,highpass
1.1017463720618097e-07,4.786860040562806e-07,2.015172449880135e-07,2.8819215197420527e-07,9.222501609703546e-06,0.5957056328516692,52,highpass
1.1017463720618097e-07,4.786860040562806e-07,2.015172449880135e-07,2.945366899599892e-07,9.222501609703546e-06,0.4964274315297913,52,highpass
1.1017463720618097e-07,4.786860040562806e-07,2.015172449880135e-07,2.8819215197420527e-07,9.222501609703546e-06,0.5957056328516692,52,highpass
1.1017463720618097e-07,4.786860040562806e-07,2.015172449880135e-07,2.8819215197420527e-07,3.6218351259975883e-05,0.5146340696241789,52,highpass
1.1017463720618097e-07,4.786860040562806e-07,2.015172449880135e-07,2.8819215197420527e-07,9.222501609703546e-06,0.5957056328516692,52,highpass
1.1017463720618097e-07,4.786860040562806e-07,2.015172449880135e-07,2.8819215197420527e-07,9.222501609703546e-06,0.5957056328516692,52,highpass
1.1017463720618097e-07,4.786860040562806e-07,2.015172449880135e-07,2.8819215197420527e-07,9.222501609703546e-06,0.5957056328516692,52,highpass
1.1017463720618097e-07,4.786860040562806e-07,2.015172449880135e-07,2.8819215197420527e-07,9.222501609703546e-06,0.5957056328516692,52,highpass
1.1017463720618097e-07,4.786860040562806e-07,2.015172449880135e-07,2.8819215197420527e-07,9.222501609703546e-06,0.5957056328516692,52,highpass
1.1017463720618097e-07,4.786860040562806e-07,2.015172449880135e-07,2.8819215197420527e-07,9.222501609703546e-06,0.5957056328516692,52,highpass
1.1017463720618097e-07,4.786860040562806e-07,2.015172449880135e-07,2.8819215197420527e-07,9.222501609703546e-06,0.5957056328516692,52,highpass
1.1017463720618097e-07,4.786860040562806e-07,2.015172449880135e-07,2.8819215197420527e-07,9.222501609703546e-06,0.5957056328516692,52,highpass
