s,w,l,height,total_length,fitness_score,generation,fitness_strategy
1.0058729896274179e-07,4.7354187700414117e-07,1.6893583688582747e-07,1.7933311577231038e-07,4.464046838276165e-05,643325776424.3849,1,highpass
1.0469525962869088e-07,4.419702410005489e-07,1e-07,2.7942176025253205e-07,3.96584443206326e-05,-16544257872.276571,1,highpass
1.220895963475897e-07,6.796239261140174e-07,1.8032656137021184e-07,2.875569461808608e-07,4.267482379046118e-05,-1170894193388.4082,1,highpass
1.8508543828763515e-07,3.123621486753248e-07,1.700153410496262e-07,2.9986199070561757e-07,2.146488803729891e-05,227526410190.96848,1,highpass
1e-07,3.816541235407148e-07,2.0576473589254404e-07,1.9415601168942372e-07,3.258852699089114e-05,489329592617.59265,1,highpass
2.1658511232360114e-07,4.3811518651331077e-07,1.8782938311725826e-07,2.2620607002987353e-07,4.168526807569541e-05,-51261557067.81383,1,highpass
1.6989859125195167e-07,5.274453507724923e-07,1.078370992260866e-07,2.852528255700169e-07,1.1453447762711468e-05,547437620770.3931,1,highpass
1.0446980246142331e-07,3.608644480392952e-07,1.58819572263224e-07,1.6887564942333966e-07,1.1625880775756072e-05,132143683949.85574,1,highpass
2.2393158360615265e-07,3e-07,1.6422135633835532e-07,2.3403477077633225e-07,3.537914919708373e-05,130377306364.28555,1,highpass
1.4101903116819108e-07,4.6953750601795446e-07,1.0931094676121625e-07,2.122627491060142e-07,3.9212011289134866e-05,232202816329.0567,1,highpass
1.669642642867982e-07,3.1610803784781313e-07,1.9758584991599378e-07,2.5352205890007273e-07,3.408556714429478e-05,223201310446.83298,1,highpass
2.0724047041763802e-07,4.410148602159568e-07,1.1297378327193791e-07,2.356491549344023e-07,3.633289259793315e-05,185823175383.52243,1,highpass
1.5378159410479407e-07,5.401846994333212e-07,1.981374273602369e-07,2.2795905336136198e-07,4.0649333230151667e-05,-3534186614192.733,1,highpass
2.1641343591653257e-07,4.179703677073564e-07,2.12199266240192e-07,2.418610016151208e-07,1.9339927879675362e-05,-2038134324036.6233,1,highpass
2.1828327862075855e-07,3.115350517681542e-07,1.7428102056605395e-07,3e-07,3.7150194206883914e-05,216042385828.07062,1,highpass
1.1501619329872261e-07,5.404906308267199e-07,1.7331098965997747e-07,2.114058966401155e-07,2.9337150520559796e-05,1778919141368.948,1,highpass
1.1301264199747703e-07,3.7755345010137683e-07,1.6343047872925854e-07,2.367362387015067e-07,6.058456443538812e-06,680386695730.6968,1,highpass
1.0490589485409928e-07,4.5271264209512035e-07,2.394774189161208e-07,2.729631148991456e-07,2.7434542361354587e-05,-948960242087.9436,1,highpass
2.2302646737321786e-07,5.964113722605497e-07,2.1651699730072626e-07,1.5809196234889552e-07,3.226542582387199e-05,-142343562.60984552,1,highpass
1.6101752017986866e-07,5.317644492921273e-07,1.2359359668931576e-07,1.9714485263777415e-07,1.1666355717081621e-05,537338970040.4347,1,highpass
1.9946853216625687e-07,6.575314080374091e-07,2.2188902958151912e-07,2.0860765574520072e-07,1.6246607393669466e-05,16302170.035397733,1,highpass
1.6207413693102488e-07,5.281972179066222e-07,1e-07,3e-07,4.474094989550545e-05,455549567647.05743,1,highpass
1.258969068528231e-07,6.251987146349687e-07,1.4152277552758177e-07,2.613317789666158e-07,2.796086372179379e-05,2819459295361.5293,1,highpass
1.2499030244112046e-07,4.1961869575558655e-07,1.8604095945300855e-07,2.067905835045543e-07,4.71134846031057e-05,435712548467.80585,1,highpass
1.2484921160618308e-07,7e-07,1.4924436574079822e-07,2.1626822601424676e-07,3.550316057190752e-05,-1856759901513.8625,1,highpass
1.7327782213232784e-07,5.992040160252117e-07,1.6022356915195865e-07,2.559441381560211e-07,3.441153054663022e-05,-520653214129.6795,1,highpass
2.2342519634836133e-07,5.274016990545954e-07,2.4274723877614027e-07,1.7729870372276897e-07,1.644234760884871e-05,14764767.85316499,1,highpass
1.9566712130895208e-07,4.496010163655495e-07,2.0880885894743517e-07,2.4693813179627297e-07,2.816069240626992e-05,-2317657045809.4204,1,highpass
1.3869168443006798e-07,6.185588164043646e-07,1.517449227869118e-07,1.8772062160821804e-07,4.51358339927205e-05,-32368581154.959126,1,highpass
1.4317998307509819e-07,5.647917987484997e-07,1e-07,1.5e-07,4.4900963647618835e-05,149822065988.14124,1,highpass
1.258969068528231e-07,6.251987146349687e-07,1.4152277552758177e-07,2.613317789666158e-07,2.796086372179379e-05,2819459295361.5293,2,highpass
1.6101752017986866e-07,5.317644492921273e-07,2.0576473589254404e-07,1.9415601168942372e-07,3.258852699089114e-05,-443291130772.53827,2,highpass
1e-07,3.816541235407148e-07,2.0576473589254404e-07,1.9415601168942372e-07,2.146488803729891e-05,-468940194276.50616,2,highpass
1.258969068528231e-07,5.040928593477801e-07,1.4152277552758177e-07,2.122627491060142e-07,3.9212011289134866e-05,620573029593.6256,2,highpass
1.6101752017986866e-07,5.317644492921273e-07,1.2359359668931576e-07,2.114058966401155e-07,2.9337150520559796e-05,267751969592.35162,2,highpass
1.1501619329872261e-07,5.404906308267199e-07,1.7331098965997747e-07,3e-07,4.474094989550545e-05,-261245121480.47214,2,highpass
1.6101752017986866e-07,5.317644492921273e-07,1.2359359668931576e-07,1.9714485263777415e-07,3.258852699089114e-05,296729741914.0094,2,highpass
1.258969068528231e-07,6.251987146349687e-07,1.4152277552758177e-07,2.613317789666158e-07,6.058456443538812e-06,1418930127656.773,2,highpass
1.6207413693102488e-07,5.281972179066222e-07,1e-07,3e-07,3.258852699089114e-05,703699549797.0411,2,highpass
1.1301264199747703e-07,4.7354187700414117e-07,1.6893583688582747e-07,1.7933311577231038e-07,4.464046838276165e-05,544750264756.3736,2,highpass
1.0058729896274179e-07,3.7755345010137683e-07,1.6343047872925854e-07,2.367362387015067e-07,6.058456443538812e-06,558382009856.4963,2,highpass
1.258969068528231e-07,6.251987146349687e-07,1.4674111526656455e-07,2.067905835045543e-07,4.71134846031057e-05,4413455678.207102,2,highpass
1.1301264199747703e-07,3.7755345010137683e-07,1.6343047872925854e-07,2.367362387015067e-07,1.1254741737859953e-05,580438732068.0266,2,highpass
1.1501619329872261e-07,5.404906308267199e-07,1.7331098965997747e-07,2.114058966401155e-07,3.258852699089114e-05,723629962424.5317,2,highpass
2.1828327862075855e-07,3.115350517681542e-07,1.2359359668931576e-07,1.9714485263777415e-07,1.1666355717081621e-05,44851847131.91429,2,highpass
1.1301264199747703e-07,3.7755345010137683e-07,1.6343047872925854e-07,2.367362387015067e-07,2.9337150520559796e-05,433325280371.8769,2,highpass
1.6101752017986866e-07,5.317644492921273e-07,1.6893583688582747e-07,1.7933311577231038e-07,4.464046838276165e-05,90790058046.73216,2,highpass
1.1501619329872261e-07,5.404906308267199e-07,1.0931094676121625e-07,2.122627491060142e-07,3.9212011289134866e-05,846633654212.9064,2,highpass
1e-07,3.816541235407148e-07,2.0576473589254404e-07,1.9415601168942372e-07,2.796086372179379e-05,339541603294.5333,2,highpass
1.1501619329872261e-07,6.251987146349687e-07,1.4152277552758177e-07,2.613317789666158e-07,2.796086372179379e-05,-307700502506.2908,2,highpass
1.1501619329872261e-07,4.410148602159568e-07,1.1297378327193791e-07,2.356491549344023e-07,3.633289259793315e-05,454965581786.03827,2,highpass
1.0058729896274179e-07,4.7354187700414117e-07,1.6893583688582747e-07,1.7933311577231038e-07,6.058456443538812e-06,38970408222.170746,2,highpass
1.1301264199747703e-07,3.7755345010137683e-07,1.4152277552758177e-07,1.8826113506831118e-07,2.796086372179379e-05,226146857358.29388,2,highpass
1.4101903116819108e-07,4.6953750601795446e-07,1.0931094676121625e-07,2.122627491060142e-07,2.146488803729891e-05,302021078916.49963,2,highpass
1.2499030244112046e-07,4.1961869575558655e-07,1.8604095945300855e-07,2.067905835045543e-07,2.9337150520559796e-05,319153273104.4591,2,highpass
1.0058729896274179e-07,4.7354187700414117e-07,1.6893583688582747e-07,1.7933311577231038e-07,4.464046838276165e-05,643325776424.3849,2,highpass
1.1501619329872261e-07,5.404906308267199e-07,1.7331098965997747e-07,2.114058966401155e-07,2.796086372179379e-05,-1281906146454.6567,2,highpass
1.1501619329872261e-07,5.404906308267199e-07,1.7331098965997747e-07,1.8609843646833256e-07,2.796086372179379e-05,742857956446.8507,2,highpass
1.2499030244112046e-07,4.1961869575558655e-07,1.8604095945300855e-07,2.067905835045543e-07,4.4900963647618835e-05,229175008706.30392,2,highpass
1e-07,3.816541235407148e-07,2.0576473589254404e-07,1.7933311577231038e-07,4.464046838276165e-05,-1184412041682.8372,2,highpass
1.258969068528231e-07,6.251987146349687e-07,1.4152277552758177e-07,2.613317789666158e-07,2.796086372179379e-05,2819459295361.5293,3,highpass
1.1501619329872261e-07,5.404906308267199e-07,1.7331098965997747e-07,2.114058966401155e-07,6.058456443538812e-06,1141881251185.3042,3,highpass
1.258969068528231e-07,6.251987146349687e-07,1.4152277552758177e-07,2.613317789666158e-07,2.796086372179379e-05,2819459295361.5293,3,highpass
1.258969068528231e-07,6.251987146349687e-07,1e-07,3e-07,3.258852699089114e-05,-1286868697091.2573,3,highpass
1.6101752017986866e-07,5.317644492921273e-07,1.2359359668931576e-07,3e-07,3.258852699089114e-05,1194433932367.5986,3,highpass
1.258969068528231e-07,4.410148602159568e-07,1.1297378327193791e-07,2.356491549344023e-07,2.474107307147388e-05,304616751425.46173,3,highpass
1.0058729896274179e-07,6.251987146349687e-07,1.4152277552758177e-07,2.613317789666158e-07,2.796086372179379e-05,2691559493298.7207,3,highpass
1.258969068528231e-07,6.251987146349687e-07,1.4152277552758177e-07,2.114058966401155e-07,3.258852699089114e-05,975439207497.3948,3,highpass
1.258969068528231e-07,6.251987146349687e-07,1.4152277552758177e-07,2.613317789666158e-07,2.796086372179379e-05,2819459295361.5293,3,highpass
1.258969068528231e-07,6.251987146349687e-07,1.4152277552758177e-07,2.613317789666158e-07,3.9212011289134866e-05,1018917529733.0164,3,highpass
1.817469385822901e-07,6.251987146349687e-07,1.4152277552758177e-07,2.613317789666158e-07,2.796086372179379e-05,-708768572882.7361,3,highpass
1.1301264199747703e-07,3.7755345010137683e-07,1.0931094676121625e-07,2.122627491060142e-07,2.146488803729891e-05,173411953447.40182,3,highpass
1.1301264199747703e-07,5.404906308267199e-07,1.0575750167646994e-07,1.8609843646833256e-07,2.796086372179379e-05,303878816565.4815,3,highpass
1.1501619329872261e-07,5.404906308267199e-07,1.7331098965997747e-07,3e-07,3.258852699089114e-05,2433553221029.3076,3,highpass
1.4228929140081968e-07,5.281972179066222e-07,1.0931094676121625e-07,2.122627491060142e-07,3.9212011289134866e-05,-75400069625.3487,3,highpass
1.1501619329872261e-07,4.6953750601795446e-07,1.0931094676121625e-07,1.7376453156019036e-07,2.146488803729891e-05,153182773047.55963,3,highpass
1.258969068528231e-07,6.251987146349687e-07,1.4152277552758177e-07,2.613317789666158e-07,2.796086372179379e-05,2819459295361.5293,3,highpass
1.258969068528231e-07,6.251987146349687e-07,1.4152277552758177e-07,1.7933311577231038e-07,4.464046838276165e-05,895201677849.6014,3,highpass
1.258969068528231e-07,6.251987146349687e-07,1.4152277552758177e-07,2.613317789666158e-07,2.796086372179379e-05,2819459295361.5293,3,highpass
1.1501619329872261e-07,6.251987146349687e-07,1.4152277552758177e-07,2.613317789666158e-07,6.058456443538812e-06,-432953349659.52216,3,highpass
1.258969068528231e-07,6.251987146349687e-07,1.4152277552758177e-07,2.613317789666158e-07,3.258852699089114e-05,518243559577.4334,3,highpass
1.1501619329872261e-07,5.404906308267199e-07,1.7331098965997747e-07,2.114058966401155e-07,3.258852699089114e-05,723629962424.5317,3,highpass
1.1301264199747703e-07,4.7354187700414117e-07,1.0931094676121625e-07,2.122627491060142e-07,3.9212011289134866e-05,404226589421.934,3,highpass
1.258969068528231e-07,5.040928593477801e-07,1.4152277552758177e-07,2.0514435088967343e-07,3.9212011289134866e-05,659250307206.1312,3,highpass
1.258969068528231e-07,3.7755345010137683e-07,1.6343047872925854e-07,2.367362387015067e-07,1.1254741737859953e-05,97052354616.00606,3,highpass
1.1501619329872261e-07,5.404906308267199e-07,1.0931094676121625e-07,2.114058966401155e-07,3.258852699089114e-05,358127088734.23236,3,highpass
1.1501619329872261e-07,5.404906308267199e-07,1.7331098965997747e-07,2.122627491060142e-07,3.9212011289134866e-05,802993784943.8096,3,highpass
1.1501619329872261e-07,3.7755345010137683e-07,1.6343047872925854e-07,2.367362387015067e-07,1.1254741737859953e-05,102490025290.68698,3,highpass
1.258969068528231e-07,6.251987146349687e-07,1.4152277552758177e-07,2.613317789666158e-07,2.796086372179379e-05,2819459295361.5293,3,highpass
1.1301264199747703e-07,3.7755345010137683e-07,1.6343047872925854e-07,1.9415601168942372e-07,2.796086372179379e-05,446807335598.6336,3,highpass
1.258969068528231e-07,6.251987146349687e-07,1.4152277552758177e-07,2.613317789666158e-07,2.796086372179379e-05,2819459295361.5293,4,highpass
1.4393268075858643e-07,6.251987146349687e-07,1.4152277552758177e-07,2.613317789666158e-07,2.796086372179379e-05,-505973024255.72375,4,highpass
1.258969068528231e-07,6.251987146349687e-07,1.4152277552758177e-07,2.613317789666158e-07,3.258852699089114e-05,518243559577.4334,4,highpass
1.258969068528231e-07,6.251987146349687e-07,1.4152277552758177e-07,2.613317789666158e-07,3.258852699089114e-05,518243559577.4334,4,highpass
1.258969068528231e-07,6.251987146349687e-07,1.4152277552758177e-07,2.613317789666158e-07,2.8750372197955725e-05,-745910100359.8092,4,highpass
1.258969068528231e-07,6.251987146349687e-07,1.4152277552758177e-07,2.613317789666158e-07,2.796086372179379e-05,2819459295361.5293,4,highpass
1.258969068528231e-07,6.251987146349687e-07,1.4152277552758177e-07,2.613317789666158e-07,4.464046838276165e-05,-1931213461.7338755,4,highpass
1.258969068528231e-07,6.251987146349687e-07,1.4152277552758177e-07,2.613317789666158e-07,2.796086372179379e-05,2819459295361.5293,4,highpass
1.258969068528231e-07,6.251987146349687e-07,1.4152277552758177e-07,2.613317789666158e-07,2.796086372179379e-05,2819459295361.5293,4,highpass
1.0058729896274179e-07,6.251987146349687e-07,1.4152277552758177e-07,3e-07,3.258852699089114e-05,958274929145.5383,4,highpass
1.258969068528231e-07,6.251987146349687e-07,1.4152277552758177e-07,2.613317789666158e-07,2.796086372179379e-05,2819459295361.5293,4,highpass
1.258969068528231e-07,6.251987146349687e-07,1.2359359668931576e-07,3e-07,3.258852699089114e-05,1509170553183.2913,4,highpass
1.258969068528231e-07,6.251987146349687e-07,1.6343047872925854e-07,1.9415601168942372e-07,2.796086372179379e-05,2155842977934.1611,4,highpass
1.258969068528231e-07,6.251987146349687e-07,1.4152277552758177e-07,2.613317789666158e-07,2.796086372179379e-05,2819459295361.5293,4,highpass
1.6101752017986866e-07,5.317644492921273e-07,1.2359359668931576e-07,3e-07,3.9212011289134866e-05,-533354296137.91534,4,highpass
1.1170832405245447e-07,5.404906308267199e-07,1.4152277552758177e-07,2.613317789666158e-07,2.796086372179379e-05,1155576248114.1797,4,highpass
1.258969068528231e-07,6.251987146349687e-07,1.4152277552758177e-07,2.613317789666158e-07,2.796086372179379e-05,2819459295361.5293,4,highpass
1.258969068528231e-07,6.251987146349687e-07,1.4152277552758177e-07,2.613317789666158e-07,2.796086372179379e-05,2819459295361.5293,4,highpass
1.258969068528231e-07,6.251987146349687e-07,1.4152277552758177e-07,2.613317789666158e-07,2.796086372179379e-05,2819459295361.5293,4,highpass
1.258969068528231e-07,6.251987146349687e-07,1.4152277552758177e-07,2.613317789666158e-07,2.796086372179379e-05,2819459295361.5293,4,highpass
1.258969068528231e-07,5.317644492921273e-07,1.795452784207369e-07,3e-07,3.258852699089114e-05,-935889664405.5519,4,highpass
1.258969068528231e-07,6.251987146349687e-07,1.4152277552758177e-07,2.613317789666158e-07,2.796086372179379e-05,2819459295361.5293,4,highpass
1.258969068528231e-07,6.251987146349687e-07,1.4152277552758177e-07,2.613317789666158e-07,3.258852699089114e-05,518243559577.4334,4,highpass
1.258969068528231e-07,6.251987146349687e-07,1.6343047872925854e-07,1.9415601168942372e-07,2.796086372179379e-05,2155842977934.1611,4,highpass
1.6101752017986866e-07,6.251987146349687e-07,1.4152277552758177e-07,2.613317789666158e-07,2.796086372179379e-05,1071723332220.3464,4,highpass
1.258969068528231e-07,6.251987146349687e-07,1.4152277552758177e-07,2.7934451949492796e-07,2.796086372179379e-05,-751882666835.2148,4,highpass
1.258969068528231e-07,6.251987146349687e-07,1.4152277552758177e-07,2.613317789666158e-07,2.796086372179379e-05,2819459295361.5293,4,highpass
1.258969068528231e-07,6.251987146349687e-07,1.4152277552758177e-07,2.613317789666158e-07,2.796086372179379e-05,2819459295361.5293,4,highpass
1.258969068528231e-07,6.251987146349687e-07,1.4152277552758177e-07,2.613317789666158e-07,2.796086372179379e-05,2819459295361.5293,4,highpass
1.258969068528231e-07,6.251987146349687e-07,1.4152277552758177e-07,2.613317789666158e-07,2.796086372179379e-05,2819459295361.5293,4,highpass
1.258969068528231e-07,6.251987146349687e-07,1.4152277552758177e-07,2.613317789666158e-07,2.796086372179379e-05,2819459295361.5293,5,highpass
1.258969068528231e-07,6.251987146349687e-07,1.4152277552758177e-07,2.613317789666158e-07,2.796086372179379e-05,2819459295361.5293,5,highpass
1.258969068528231e-07,6.251987146349687e-07,1.4152277552758177e-07,2.613317789666158e-07,2.796086372179379e-05,2819459295361.5293,5,highpass
1.258969068528231e-07,6.251987146349687e-07,1.4152277552758177e-07,2.613317789666158e-07,2.796086372179379e-05,2819459295361.5293,5,highpass
1.258969068528231e-07,6.251987146349687e-07,1.4152277552758177e-07,2.613317789666158e-07,2.796086372179379e-05,2819459295361.5293,5,highpass
1.258969068528231e-07,6.251987146349687e-07,1.4152277552758177e-07,2.613317789666158e-07,2.796086372179379e-05,2819459295361.5293,5,highpass
1.258969068528231e-07,6.251987146349687e-07,1.4152277552758177e-07,2.613317789666158e-07,2.796086372179379e-05,2819459295361.5293,5,highpass
1.258969068528231e-07,6.251987146349687e-07,1.414040631893995e-07,2.613317789666158e-07,2.796086372179379e-05,1623595238949.1882,5,highpass
1.258969068528231e-07,6.251987146349687e-07,1.4152277552758177e-07,2.613317789666158e-07,2.796086372179379e-05,2819459295361.5293,5,highpass
1.258969068528231e-07,6.251987146349687e-07,1.4152277552758177e-07,2.613317789666158e-07,2.796086372179379e-05,2819459295361.5293,5,highpass
1.258969068528231e-07,6.251987146349687e-07,1.4152277552758177e-07,2.613317789666158e-07,2.796086372179379e-05,2819459295361.5293,5,highpass
1.258969068528231e-07,6.251987146349687e-07,1.4152277552758177e-07,2.613317789666158e-07,2.796086372179379e-05,2819459295361.5293,5,highpass
1.258969068528231e-07,6.251987146349687e-07,1.4152277552758177e-07,2.613317789666158e-07,2.9818814981792096e-05,2586400930626.2197,5,highpass
1.258969068528231e-07,6.251987146349687e-07,1.4152277552758177e-07,2.613317789666158e-07,2.796086372179379e-05,2819459295361.5293,5,highpass
1.258969068528231e-07,6.251987146349687e-07,1.4152277552758177e-07,2.613317789666158e-07,2.796086372179379e-05,2819459295361.5293,5,highpass
1.258969068528231e-07,6.251987146349687e-07,1.4152277552758177e-07,2.613317789666158e-07,2.796086372179379e-05,2819459295361.5293,5,highpass
1.258969068528231e-07,6.251987146349687e-07,1.4152277552758177e-07,2.613317789666158e-07,2.796086372179379e-05,2819459295361.5293,5,highpass
1.258969068528231e-07,6.251987146349687e-07,1.4152277552758177e-07,2.613317789666158e-07,2.796086372179379e-05,2819459295361.5293,5,highpass
1.258969068528231e-07,6.251987146349687e-07,1.4152277552758177e-07,2.613317789666158e-07,2.796086372179379e-05,2819459295361.5293,5,highpass
1.258969068528231e-07,6.251987146349687e-07,1.4152277552758177e-07,2.613317789666158e-07,2.796086372179379e-05,2819459295361.5293,5,highpass
1.258969068528231e-07,6.251987146349687e-07,1.2359359668931576e-07,2.613317789666158e-07,1.3585554136137864e-05,-346998364528.2628,5,highpass
1.258969068528231e-07,6.251987146349687e-07,1.4152277552758177e-07,2.613317789666158e-07,2.796086372179379e-05,2819459295361.5293,5,highpass
1.258969068528231e-07,6.251987146349687e-07,1.158951573902488e-07,2.613317789666158e-07,2.796086372179379e-05,249262696794.25223,5,highpass
1.258969068528231e-07,6.251987146349687e-07,1.4152277552758177e-07,2.613317789666158e-07,2.796086372179379e-05,2819459295361.5293,5,highpass
1.258969068528231e-07,6.251987146349687e-07,1.4152277552758177e-07,2.613317789666158e-07,2.796086372179379e-05,2819459295361.5293,5,highpass
1.258969068528231e-07,6.106897002714539e-07,1.4152277552758177e-07,2.613317789666158e-07,2.796086372179379e-05,2612436193703.636,5,highpass
1.258969068528231e-07,6.251987146349687e-07,1.4152277552758177e-07,2.613317789666158e-07,2.796086372179379e-05,2819459295361.5293,5,highpass
1.262187305364401e-07,6.251987146349687e-07,1.4152277552758177e-07,2.613317789666158e-07,2.796086372179379e-05,2819459295361.5293,5,highpass
1.258969068528231e-07,6.251987146349687e-07,1.4152277552758177e-07,2.662677061232106e-07,2.796086372179379e-05,2160688372615.129,5,highpass
1.258969068528231e-07,6.251987146349687e-07,1.4152277552758177e-07,2.613317789666158e-07,2.796086372179379e-05,2819459295361.5293,5,highpass
1.258969068528231e-07,6.251987146349687e-07,1.4152277552758177e-07,2.613317789666158e-07,2.796086372179379e-05,2819459295361.5293,6,highpass
1.258969068528231e-07,6.251987146349687e-07,1.0819890855141722e-07,2.613317789666158e-07,2.796086372179379e-05,1318980306266.8298,6,highpass
1.258969068528231e-07,6.251987146349687e-07,1.4152277552758177e-07,2.613317789666158e-07,2.796086372179379e-05,2819459295361.5293,6,highpass
1.258969068528231e-07,6.251987146349687e-07,1.4152277552758177e-07,2.613317789666158e-07,2.796086372179379e-05,2819459295361.5293,6,highpass
1.258969068528231e-07,6.251987146349687e-07,1.4152277552758177e-07,2.613317789666158e-07,2.796086372179379e-05,2819459295361.5293,6,highpass
1.258969068528231e-07,6.251987146349687e-07,1.4152277552758177e-07,2.613317789666158e-07,2.796086372179379e-05,2819459295361.5293,6,highpass
1.258969068528231e-07,6.251987146349687e-07,1.4152277552758177e-07,2.613317789666158e-07,2.796086372179379e-05,2819459295361.5293,6,highpass
1.262187305364401e-07,6.251987146349687e-07,1.4152277552758177e-07,2.613317789666158e-07,2.796086372179379e-05,2819459295361.5293,6,highpass
1.258969068528231e-07,6.251987146349687e-07,1.4152277552758177e-07,2.613317789666158e-07,2.796086372179379e-05,2819459295361.5293,6,highpass
1.258969068528231e-07,6.251987146349687e-07,1.4152277552758177e-07,2.613317789666158e-07,2.796086372179379e-05,2819459295361.5293,6,highpass
1.258969068528231e-07,6.251987146349687e-07,1.4152277552758177e-07,2.613317789666158e-07,2.796086372179379e-05,2819459295361.5293,6,highpass
1.258969068528231e-07,6.251987146349687e-07,1.4152277552758177e-07,2.613317789666158e-07,2.796086372179379e-05,2819459295361.5293,6,highpass
1.258969068528231e-07,6.251987146349687e-07,1.4152277552758177e-07,2.613317789666158e-07,2.713166045198838e-05,526838315615.6971,6,highpass
1.258969068528231e-07,6.251987146349687e-07,1.4152277552758177e-07,2.613317789666158e-07,2.796086372179379e-05,2819459295361.5293,6,highpass
1.258969068528231e-07,6.251987146349687e-07,1.4152277552758177e-07,2.613317789666158e-07,2.796086372179379e-05,2819459295361.5293,6,highpass
1.258969068528231e-07,6.251987146349687e-07,1.4152277552758177e-07,2.613317789666158e-07,2.796086372179379e-05,2819459295361.5293,6,highpass
1.262187305364401e-07,6.23846384848184e-07,1.4152277552758177e-07,2.613317789666158e-07,2.796086372179379e-05,1788007174496.187,6,highpass
1.258969068528231e-07,6.251987146349687e-07,1.3963018366515207e-07,2.613317789666158e-07,2.796086372179379e-05,2579210023351.456,6,highpass
1.258969068528231e-07,6.251987146349687e-07,1.4152277552758177e-07,2.613317789666158e-07,2.796086372179379e-05,2819459295361.5293,6,highpass
1.258969068528231e-07,6.251987146349687e-07,1.4152277552758177e-07,2.613317789666158e-07,2.796086372179379e-05,2819459295361.5293,6,highpass
1.258969068528231e-07,6.251987146349687e-07,1.4152277552758177e-07,2.613317789666158e-07,2.796086372179379e-05,2819459295361.5293,6,highpass
1.258969068528231e-07,6.251987146349687e-07,1.4152277552758177e-07,2.613317789666158e-07,2.796086372179379e-05,2819459295361.5293,6,highpass
1.258969068528231e-07,6.251987146349687e-07,1.4152277552758177e-07,2.613317789666158e-07,2.6915745217230412e-05,529578505112.221,6,highpass
1.258969068528231e-07,6.251987146349687e-07,1.4152277552758177e-07,2.613317789666158e-07,2.796086372179379e-05,2819459295361.5293,6,highpass
1.258969068528231e-07,6.251987146349687e-07,1.4152277552758177e-07,2.613317789666158e-07,2.796086372179379e-05,2819459295361.5293,6,highpass
1.258969068528231e-07,6.251987146349687e-07,1.4152277552758177e-07,2.613317789666158e-07,2.796086372179379e-05,2819459295361.5293,6,highpass
1.258969068528231e-07,6.251987146349687e-07,1.4152277552758177e-07,2.613317789666158e-07,7.596676273917862e-06,-2196984216687.062,6,highpass
1.258969068528231e-07,6.251987146349687e-07,1.4152277552758177e-07,2.613317789666158e-07,2.796086372179379e-05,2819459295361.5293,6,highpass
1.258969068528231e-07,6.251987146349687e-07,1.4152277552758177e-07,2.613317789666158e-07,2.796086372179379e-05,2819459295361.5293,6,highpass
1.228822852745142e-07,6.251987146349687e-07,1.4152277552758177e-07,2.613317789666158e-07,2.796086372179379e-05,2904779759171.028,6,highpass
1.228822852745142e-07,6.251987146349687e-07,1.4152277552758177e-07,2.613317789666158e-07,2.796086372179379e-05,2904779759171.028,7,highpass
1.258969068528231e-07,6.251987146349687e-07,1.4152277552758177e-07,2.613317789666158e-07,2.796086372179379e-05,2819459295361.5293,7,highpass
1.258969068528231e-07,6.251987146349687e-07,1.4152277552758177e-07,2.654383855136942e-07,2.796086372179379e-05,2863445198063.4385,7,highpass
1.258969068528231e-07,6.251987146349687e-07,1.4152277552758177e-07,2.613317789666158e-07,2.796086372179379e-05,2819459295361.5293,7,highpass
1.258969068528231e-07,6.251987146349687e-07,1.4152277552758177e-07,2.613317789666158e-07,2.796086372179379e-05,2819459295361.5293,7,highpass
1.258969068528231e-07,6.251987146349687e-07,1.4152277552758177e-07,2.613317789666158e-07,2.796086372179379e-05,2819459295361.5293,7,highpass
1.2733638617625257e-07,6.251987146349687e-07,1.4152277552758177e-07,2.613317789666158e-07,2.796086372179379e-05,-2200603270888.215,7,highpass
1.258969068528231e-07,6.251987146349687e-07,1.4152277552758177e-07,2.613317789666158e-07,2.796086372179379e-05,2819459295361.5293,7,highpass
1.258969068528231e-07,6.251987146349687e-07,1.4152277552758177e-07,2.613317789666158e-07,2.796086372179379e-05,2819459295361.5293,7,highpass
1.258969068528231e-07,6.251987146349687e-07,1.4152277552758177e-07,2.613317789666158e-07,2.796086372179379e-05,2819459295361.5293,7,highpass
1.258969068528231e-07,6.251987146349687e-07,1.4152277552758177e-07,2.613317789666158e-07,2.796086372179379e-05,2819459295361.5293,7,highpass
1.262187305364401e-07,6.251987146349687e-07,1.4152277552758177e-07,2.613317789666158e-07,2.796086372179379e-05,2819459295361.5293,7,highpass
1.258969068528231e-07,6.251987146349687e-07,1.4152277552758177e-07,2.613317789666158e-07,2.796086372179379e-05,2819459295361.5293,7,highpass
1.258969068528231e-07,6.251987146349687e-07,1.4152277552758177e-07,2.613317789666158e-07,2.796086372179379e-05,2819459295361.5293,7,highpass
1.258969068528231e-07,6.251987146349687e-07,1.4152277552758177e-07,2.613317789666158e-07,2.796086372179379e-05,2819459295361.5293,7,highpass
1.258969068528231e-07,4.845541928314278e-07,1.4152277552758177e-07,2.613317789666158e-07,2.796086372179379e-05,195465015731.21585,7,highpass
1.258969068528231e-07,6.251987146349687e-07,1.4152277552758177e-07,2.613317789666158e-07,2.796086372179379e-05,2819459295361.5293,7,highpass
1.258969068528231e-07,6.251987146349687e-07,1.4152277552758177e-07,2.613317789666158e-07,2.796086372179379e-05,2819459295361.5293,7,highpass
1.258969068528231e-07,6.251987146349687e-07,1.4152277552758177e-07,2.613317789666158e-07,2.796086372179379e-05,2819459295361.5293,7,highpass
1.228822852745142e-07,6.251987146349687e-07,1.4152277552758177e-07,2.613317789666158e-07,2.796086372179379e-05,2904779759171.028,7,highpass
1.258969068528231e-07,6.251987146349687e-07,1.4152277552758177e-07,2.613317789666158e-07,2.796086372179379e-05,2819459295361.5293,7,highpass
1.258969068528231e-07,6.251987146349687e-07,1.4152277552758177e-07,2.613317789666158e-07,2.796086372179379e-05,2819459295361.5293,7,highpass
1.258969068528231e-07,6.251987146349687e-07,1.4152277552758177e-07,2.613317789666158e-07,2.796086372179379e-05,2819459295361.5293,7,highpass
1.718005397604468e-07,6.251987146349687e-07,1.4152277552758177e-07,2.613317789666158e-07,2.796086372179379e-05,404846866116.5651,7,highpass
1.228822852745142e-07,6.251987146349687e-07,1.4152277552758177e-07,2.613317789666158e-07,2.796086372179379e-05,2904779759171.028,7,highpass
1.258969068528231e-07,6.251987146349687e-07,1.4152277552758177e-07,2.613317789666158e-07,2.796086372179379e-05,2819459295361.5293,7,highpass
1.258969068528231e-07,6.251987146349687e-07,1.7575703746668247e-07,2.613317789666158e-07,2.796086372179379e-05,48797173116.711525,7,highpass
1.258969068528231e-07,6.251987146349687e-07,1.4152277552758177e-07,2.613317789666158e-07,2.796086372179379e-05,2819459295361.5293,7,highpass
1.258969068528231e-07,6.251987146349687e-07,1.4152277552758177e-07,2.613317789666158e-07,2.796086372179379e-05,2819459295361.5293,7,highpass
1.258969068528231e-07,6.251987146349687e-07,1.4152277552758177e-07,2.613317789666158e-07,2.796086372179379e-05,2819459295361.5293,7,highpass
1.228822852745142e-07,6.251987146349687e-07,1.4152277552758177e-07,2.613317789666158e-07,2.796086372179379e-05,2904779759171.028,8,highpass
1.228822852745142e-07,6.251987146349687e-07,1.4152277552758177e-07,2.613317789666158e-07,2.796086372179379e-05,2904779759171.028,8,highpass
1.228822852745142e-07,6.251987146349687e-07,1.4152277552758177e-07,2.613317789666158e-07,2.796086372179379e-05,2904779759171.028,8,highpass
1.228822852745142e-07,6.251987146349687e-07,1.4152277552758177e-07,2.613317789666158e-07,2.796086372179379e-05,2904779759171.028,8,highpass
1.228822852745142e-07,6.251987146349687e-07,1.4152277552758177e-07,2.613317789666158e-07,2.796086372179379e-05,2904779759171.028,8,highpass
1.258969068528231e-07,6.251987146349687e-07,1.4152277552758177e-07,2.613317789666158e-07,2.796086372179379e-05,2819459295361.5293,8,highpass
1.1911941666483923e-07,6.251987146349687e-07,1.4152277552758177e-07,2.613317789666158e-07,2.796086372179379e-05,2980560323290.884,8,highpass
1.228822852745142e-07,6.251987146349687e-07,1.4152277552758177e-07,2.613317789666158e-07,2.796086372179379e-05,2904779759171.028,8,highpass
1.228822852745142e-07,6.251987146349687e-07,1.4152277552758177e-07,2.613317789666158e-07,2.796086372179379e-05,2904779759171.028,8,highpass
1.228822852745142e-07,6.251987146349687e-07,1.4152277552758177e-07,2.613317789666158e-07,2.796086372179379e-05,2904779759171.028,8,highpass
1.258969068528231e-07,6.251987146349687e-07,1.4152277552758177e-07,2.654383855136942e-07,2.796086372179379e-05,2863445198063.4385,8,highpass
1.258969068528231e-07,6.251987146349687e-07,1.4152277552758177e-07,2.671503831696175e-07,2.796086372179379e-05,1137943256258.4731,8,highpass
1.258969068528231e-07,6.251987146349687e-07,1.4152277552758177e-07,2.613317789666158e-07,2.796086372179379e-05,2819459295361.5293,8,highpass
1.228822852745142e-07,6.251987146349687e-07,1.4152277552758177e-07,2.613317789666158e-07,2.796086372179379e-05,2904779759171.028,8,highpass
1.258969068528231e-07,6.251987146349687e-07,1.4152277552758177e-07,2.654383855136942e-07,2.796086372179379e-05,2863445198063.4385,8,highpass
1.228822852745142e-07,6.251987146349687e-07,1.4152277552758177e-07,2.613317789666158e-07,2.796086372179379e-05,2904779759171.028,8,highpass
1.258969068528231e-07,6.219886644545521e-07,1.4152277552758177e-07,2.613317789666158e-07,2.796086372179379e-05,-1944204125596.9316,8,highpass
1.258969068528231e-07,6.251987146349687e-07,1.4152277552758177e-07,2.654383855136942e-07,2.796086372179379e-05,2863445198063.4385,8,highpass
1.228822852745142e-07,6.251987146349687e-07,1.4152277552758177e-07,1.5419526655475022e-07,2.796086372179379e-05,232786806136.3349,8,highpass
1.258969068528231e-07,6.251987146349687e-07,1.4152277552758177e-07,2.613317789666158e-07,2.796086372179379e-05,2819459295361.5293,8,highpass
1.228822852745142e-07,6.251987146349687e-07,1.4152277552758177e-07,2.613317789666158e-07,2.796086372179379e-05,2904779759171.028,8,highpass
1.258969068528231e-07,6.251987146349687e-07,1.4152277552758177e-07,2.654383855136942e-07,2.796086372179379e-05,2863445198063.4385,8,highpass
1.228822852745142e-07,6.251987146349687e-07,1.4152277552758177e-07,2.613317789666158e-07,2.796086372179379e-05,2904779759171.028,8,highpass
1.258969068528231e-07,6.251987146349687e-07,1.4152277552758177e-07,2.613317789666158e-07,2.796086372179379e-05,2819459295361.5293,8,highpass
1.258969068528231e-07,6.251987146349687e-07,1.4152277552758177e-07,2.613317789666158e-07,2.796086372179379e-05,2819459295361.5293,8,highpass
1.228822852745142e-07,6.251987146349687e-07,1.4152277552758177e-07,2.613317789666158e-07,2.796086372179379e-05,2904779759171.028,8,highpass
1.258969068528231e-07,6.251987146349687e-07,1.4152277552758177e-07,2.613317789666158e-07,2.796086372179379e-05,2819459295361.5293,8,highpass
1.258969068528231e-07,6.251987146349687e-07,1.4152277552758177e-07,2.613317789666158e-07,2.796086372179379e-05,2819459295361.5293,8,highpass
1.228822852745142e-07,6.251987146349687e-07,1.4152277552758177e-07,2.613317789666158e-07,2.796086372179379e-05,2904779759171.028,8,highpass
1.258969068528231e-07,6.251987146349687e-07,1.4152277552758177e-07,2.613317789666158e-07,2.796086372179379e-05,2819459295361.5293,8,highpass
1.1911941666483923e-07,6.251987146349687e-07,1.4152277552758177e-07,2.613317789666158e-07,2.796086372179379e-05,2980560323290.884,9,highpass
1.228822852745142e-07,4.7409758043424727e-07,1.4152277552758177e-07,2.613317789666158e-07,2.796086372179379e-05,523850488531.91846,9,highpass
1.228822852745142e-07,6.251987146349687e-07,1.4152277552758177e-07,2.613317789666158e-07,2.796086372179379e-05,2904779759171.028,9,highpass
1.228822852745142e-07,6.251987146349687e-07,1.4152277552758177e-07,2.613317789666158e-07,2.796086372179379e-05,2904779759171.028,9,highpass
1.1911941666483923e-07,6.251987146349687e-07,1.4152277552758177e-07,2.613317789666158e-07,2.796086372179379e-05,2980560323290.884,9,highpass
1.228822852745142e-07,6.251987146349687e-07,1.4152277552758177e-07,2.613317789666158e-07,2.796086372179379e-05,2904779759171.028,9,highpass
1.228822852745142e-07,6.251987146349687e-07,1.4152277552758177e-07,2.6361342868746333e-07,2.796086372179379e-05,2234076998649.411,9,highpass
1.1911941666483923e-07,6.251987146349687e-07,1.4152277552758177e-07,2.613317789666158e-07,2.796086372179379e-05,2980560323290.884,9,highpass
1.228822852745142e-07,6.251987146349687e-07,1.4152277552758177e-07,2.613317789666158e-07,2.796086372179379e-05,2904779759171.028,9,highpass
1.228822852745142e-07,6.251987146349687e-07,1.4152277552758177e-07,2.613317789666158e-07,2.796086372179379e-05,2904779759171.028,9,highpass
1.258969068528231e-07,6.251987146349687e-07,1.4152277552758177e-07,2.613317789666158e-07,2.796086372179379e-05,2819459295361.5293,9,highpass
1.228822852745142e-07,6.251987146349687e-07,1.4152277552758177e-07,2.613317789666158e-07,2.796086372179379e-05,2904779759171.028,9,highpass
1.228822852745142e-07,6.251987146349687e-07,1.4152277552758177e-07,2.613317789666158e-07,2.796086372179379e-05,2904779759171.028,9,highpass
1.228822852745142e-07,6.251987146349687e-07,1.4152277552758177e-07,2.613317789666158e-07,2.796086372179379e-05,2904779759171.028,9,highpass
1.1911941666483923e-07,6.251987146349687e-07,1.4152277552758177e-07,2.613317789666158e-07,2.796086372179379e-05,2980560323290.884,9,highpass
1.228822852745142e-07,6.251987146349687e-07,1.4152277552758177e-07,2.613317789666158e-07,2.796086372179379e-05,2904779759171.028,9,highpass
1.228822852745142e-07,6.251987146349687e-07,1.4152277552758177e-07,2.613317789666158e-07,2.796086372179379e-05,2904779759171.028,9,highpass
1.1968378363208823e-07,6.251987146349687e-07,1.4152277552758177e-07,2.613317789666158e-07,2.796086372179379e-05,1916930186718.2576,9,highpass
1.228822852745142e-07,6.251987146349687e-07,1.4152277552758177e-07,2.613317789666158e-07,2.796086372179379e-05,2904779759171.028,9,highpass
1.228822852745142e-07,6.251987146349687e-07,1.4152277552758177e-07,2.613317789666158e-07,2.796086372179379e-05,2904779759171.028,9,highpass
1.228822852745142e-07,6.251987146349687e-07,1.4152277552758177e-07,2.613317789666158e-07,2.93612024940523e-05,-1780630494988.2664,9,highpass
1.258969068528231e-07,6.251987146349687e-07,1.572697577924323e-07,2.613317789666158e-07,2.796086372179379e-05,1569948665307.116,9,highpass
1.1911941666483923e-07,6.251987146349687e-07,1.4152277552758177e-07,2.613317789666158e-07,2.796086372179379e-05,2980560323290.884,9,highpass
1.228822852745142e-07,6.251987146349687e-07,1.4152277552758177e-07,2.613317789666158e-07,2.796086372179379e-05,2904779759171.028,9,highpass
1.228822852745142e-07,6.251987146349687e-07,1.4152277552758177e-07,2.613317789666158e-07,2.796086372179379e-05,2904779759171.028,9,highpass
1.228822852745142e-07,6.4852371565602e-07,1.4152277552758177e-07,2.613317789666158e-07,2.796086372179379e-05,1035531730652.8599,9,highpass
1.228822852745142e-07,6.251987146349687e-07,1.4152277552758177e-07,2.613317789666158e-07,2.796086372179379e-05,2904779759171.028,9,highpass
1.1911941666483923e-07,6.251987146349687e-07,1.4152277552758177e-07,2.613317789666158e-07,2.796086372179379e-05,2980560323290.884,9,highpass
1.228822852745142e-07,6.251987146349687e-07,1.4152277552758177e-07,2.613317789666158e-07,3.783127916404677e-05,959888254619.6029,9,highpass
1.228822852745142e-07,6.251987146349687e-07,1.4152277552758177e-07,2.613317789666158e-07,2.796086372179379e-05,2904779759171.028,9,highpass
1.1911941666483923e-07,6.251987146349687e-07,1.4152277552758177e-07,2.613317789666158e-07,2.796086372179379e-05,2980560323290.884,10,highpass
1.228822852745142e-07,6.251987146349687e-07,1.4152277552758177e-07,2.613317789666158e-07,2.796086372179379e-05,2904779759171.028,10,highpass
1.228822852745142e-07,6.251987146349687e-07,1.4152277552758177e-07,2.613317789666158e-07,2.796086372179379e-05,2904779759171.028,10,highpass
1.228822852745142e-07,6.251987146349687e-07,1.4152277552758177e-07,2.613317789666158e-07,2.796086372179379e-05,2904779759171.028,10,highpass
1.1911941666483923e-07,6.251987146349687e-07,1.4152277552758177e-07,2.613317789666158e-07,2.796086372179379e-05,2980560323290.884,10,highpass
1.1911941666483923e-07,6.251987146349687e-07,1.4152277552758177e-07,2.613317789666158e-07,2.796086372179379e-05,2980560323290.884,10,highpass
1.234291119395712e-07,6.251987146349687e-07,1.4152277552758177e-07,2.613317789666158e-07,2.796086372179379e-05,2904779759171.028,10,highpass
1.1911941666483923e-07,6.251987146349687e-07,1.4152277552758177e-07,2.613317789666158e-07,2.796086372179379e-05,2980560323290.884,10,highpass
1.1911941666483923e-07,6.251987146349687e-07,1.4152277552758177e-07,2.613317789666158e-07,2.796086372179379e-05,2980560323290.884,10,highpass
1.1911941666483923e-07,6.251987146349687e-07,1.4152277552758177e-07,2.613317789666158e-07,2.796086372179379e-05,2980560323290.884,10,highpass
1.1911941666483923e-07,6.251987146349687e-07,1.4152277552758177e-07,2.613317789666158e-07,2.796086372179379e-05,2980560323290.884,10,highpass
1.1911941666483923e-07,6.251987146349687e-07,1.4152277552758177e-07,2.613317789666158e-07,2.796086372179379e-05,2980560323290.884,10,highpass
1.228822852745142e-07,6.251987146349687e-07,1.4152277552758177e-07,2.613317789666158e-07,2.796086372179379e-05,2904779759171.028,10,highpass
1.228822852745142e-07,6.251987146349687e-07,2.4294156548828076e-07,2.613317789666158e-07,2.796086372179379e-05,7302282417.371476,10,highpass
1.1911941666483923e-07,6.251987146349687e-07,1.4152277552758177e-07,2.613317789666158e-07,2.796086372179379e-05,2980560323290.884,10,highpass
1.228822852745142e-07,6.251987146349687e-07,1.4152277552758177e-07,2.613317789666158e-07,2.796086372179379e-05,2904779759171.028,10,highpass
1.1911941666483923e-07,6.251987146349687e-07,1.4152277552758177e-07,2.613317789666158e-07,2.796086372179379e-05,2980560323290.884,10,highpass
1.1911941666483923e-07,6.251987146349687e-07,1.4152277552758177e-07,2.613317789666158e-07,2.796086372179379e-05,2980560323290.884,10,highpass
1.1911941666483923e-07,6.251987146349687e-07,1.4152277552758177e-07,2.613317789666158e-07,2.796086372179379e-05,2980560323290.884,10,highpass
1.1911941666483923e-07,6.251987146349687e-07,1.4152277552758177e-07,2.613317789666158e-07,2.796086372179379e-05,2980560323290.884,10,highpass
1.228822852745142e-07,6.251987146349687e-07,1.4152277552758177e-07,2.613317789666158e-07,2.796086372179379e-05,2904779759171.028,10,highpass
1.1911941666483923e-07,6.251987146349687e-07,1.4152277552758177e-07,2.613317789666158e-07,2.796086372179379e-05,2980560323290.884,10,highpass
1.1911941666483923e-07,6.251987146349687e-07,1.4152277552758177e-07,2.613317789666158e-07,2.796086372179379e-05,2980560323290.884,10,highpass
1.1911941666483923e-07,4.5726921887953756e-07,1.4152277552758177e-07,2.613317789666158e-07,2.796086372179379e-05,1135305121126.0454,10,highpass
1.228822852745142e-07,6.251987146349687e-07,1.4152277552758177e-07,2.613317789666158e-07,2.796086372179379e-05,2904779759171.028,10,highpass
1.228822852745142e-07,6.251987146349687e-07,1.4152277552758177e-07,2.613317789666158e-07,2.796086372179379e-05,2904779759171.028,10,highpass
1.1911941666483923e-07,6.251987146349687e-07,1.4152277552758177e-07,2.613317789666158e-07,2.796086372179379e-05,2980560323290.884,10,highpass
1.1911941666483923e-07,6.251987146349687e-07,1.4152277552758177e-07,2.613317789666158e-07,2.796086372179379e-05,2980560323290.884,10,highpass
1.1911941666483923e-07,6.251987146349687e-07,1.4152277552758177e-07,2.613317789666158e-07,2.796086372179379e-05,2980560323290.884,10,highpass
1.1911941666483923e-07,6.251987146349687e-07,1.4152277552758177e-07,2.613317789666158e-07,2.796086372179379e-05,2980560323290.884,10,highpass
1.1911941666483923e-07,6.251987146349687e-07,1.4152277552758177e-07,2.613317789666158e-07,2.796086372179379e-05,2980560323290.884,11,highpass
1.1911941666483923e-07,6.251987146349687e-07,1.402919085409894e-07,2.613317789666158e-07,2.796086372179379e-05,780683242150.6923,11,highpass
1.1911941666483923e-07,6.251987146349687e-07,1.4152277552758177e-07,2.613317789666158e-07,2.796086372179379e-05,2980560323290.884,11,highpass
1.1911941666483923e-07,6.251987146349687e-07,1.4152277552758177e-07,2.613317789666158e-07,2.796086372179379e-05,2980560323290.884,11,highpass
1.1911941666483923e-07,6.251987146349687e-07,1.4152277552758177e-07,2.613317789666158e-07,2.796086372179379e-05,2980560323290.884,11,highpass
1.1911941666483923e-07,6.251987146349687e-07,1.4152277552758177e-07,2.613317789666158e-07,2.796086372179379e-05,2980560323290.884,11,highpass
1.1911941666483923e-07,6.251987146349687e-07,1.4152277552758177e-07,2.613317789666158e-07,2.796086372179379e-05,2980560323290.884,11,highpass
1.1911941666483923e-07,6.251987146349687e-07,1.4152277552758177e-07,2.613317789666158e-07,2.796086372179379e-05,2980560323290.884,11,highpass
1.1911941666483923e-07,6.251987146349687e-07,1.4152277552758177e-07,2.613317789666158e-07,2.796086372179379e-05,2980560323290.884,11,highpass
1.1911941666483923e-07,6.251987146349687e-07,1.4152277552758177e-07,2.613317789666158e-07,2.796086372179379e-05,2980560323290.884,11,highpass
1.1911941666483923e-07,6.251987146349687e-07,1.4152277552758177e-07,2.613317789666158e-07,2.796086372179379e-05,2980560323290.884,11,highpass
1.1911941666483923e-07,6.251987146349687e-07,1.4152277552758177e-07,2.613317789666158e-07,2.796086372179379e-05,2980560323290.884,11,highpass
1.1911941666483923e-07,6.251987146349687e-07,1.4152277552758177e-07,2.613317789666158e-07,2.602361352802025e-05,-66322380317.92942,11,highpass
1.1911941666483923e-07,6.251987146349687e-07,1.4152277552758177e-07,2.613317789666158e-07,2.796086372179379e-05,2980560323290.884,11,highpass
1.1911941666483923e-07,6.251987146349687e-07,1.4152277552758177e-07,2.613317789666158e-07,2.796086372179379e-05,2980560323290.884,11,highpass
1.1911941666483923e-07,6.251987146349687e-07,1.4152277552758177e-07,2.613317789666158e-07,2.796086372179379e-05,2980560323290.884,11,highpass
1.1911941666483923e-07,6.251987146349687e-07,1.4152277552758177e-07,2.613317789666158e-07,2.796086372179379e-05,2980560323290.884,11,highpass
1.1911941666483923e-07,4.0512737890973535e-07,1.4152277552758177e-07,2.613317789666158e-07,2.796086372179379e-05,327998179484.12067,11,highpass
1.1911941666483923e-07,6.251987146349687e-07,1.4152277552758177e-07,2.613317789666158e-07,2.796086372179379e-05,2980560323290.884,11,highpass
1.1911941666483923e-07,6.251987146349687e-07,1.4152277552758177e-07,2.613317789666158e-07,2.796086372179379e-05,2980560323290.884,11,highpass
1.1911941666483923e-07,6.251987146349687e-07,1.4152277552758177e-07,2.613317789666158e-07,2.796086372179379e-05,2980560323290.884,11,highpass
1.1911941666483923e-07,6.251987146349687e-07,1.4152277552758177e-07,2.613317789666158e-07,2.796086372179379e-05,2980560323290.884,11,highpass
1.1911941666483923e-07,6.251987146349687e-07,1.4152277552758177e-07,2.613317789666158e-07,2.796086372179379e-05,2980560323290.884,11,highpass
1.1911941666483923e-07,6.251987146349687e-07,1.4152277552758177e-07,2.613317789666158e-07,2.796086372179379e-05,2980560323290.884,11,highpass
1.1911941666483923e-07,6.251987146349687e-07,1.4152277552758177e-07,2.613317789666158e-07,2.796086372179379e-05,2980560323290.884,11,highpass
1.1911941666483923e-07,6.251987146349687e-07,1.4152277552758177e-07,2.613317789666158e-07,2.796086372179379e-05,2980560323290.884,11,highpass
1.1911941666483923e-07,6.251987146349687e-07,1.4152277552758177e-07,2.613317789666158e-07,2.7471919789504308e-05,84909092292.32648,11,highpass
1.1911941666483923e-07,6.251987146349687e-07,1.4152277552758177e-07,2.613317789666158e-07,2.796086372179379e-05,2980560323290.884,11,highpass
1.1911941666483923e-07,6.251987146349687e-07,1.4152277552758177e-07,2.613317789666158e-07,2.796086372179379e-05,2980560323290.884,11,highpass
1.1911941666483923e-07,6.251987146349687e-07,1.4152277552758177e-07,2.613317789666158e-07,2.796086372179379e-05,2980560323290.884,11,highpass
1.1911941666483923e-07,6.251987146349687e-07,1.4152277552758177e-07,2.613317789666158e-07,2.796086372179379e-05,2980560323290.884,12,highpass
1.1911941666483923e-07,6.251987146349687e-07,1.4152277552758177e-07,2.613317789666158e-07,2.796086372179379e-05,2980560323290.884,12,highpass
1.1911941666483923e-07,6.251987146349687e-07,1.4152277552758177e-07,2.3933239346014325e-07,2.796086372179379e-05,-1853124489894.6826,12,highpass
1.1911941666483923e-07,6.251987146349687e-07,1.4152277552758177e-07,2.613317789666158e-07,2.796086372179379e-05,2980560323290.884,12,highpass
1.1911941666483923e-07,6.251987146349687e-07,1.4152277552758177e-07,2.613317789666158e-07,2.796086372179379e-05,2980560323290.884,12,highpass
1.1911941666483923e-07,6.251987146349687e-07,1.4152277552758177e-07,2.613317789666158e-07,2.796086372179379e-05,2980560323290.884,12,highpass
1.1911941666483923e-07,6.251987146349687e-07,1.4152277552758177e-07,2.613317789666158e-07,2.796086372179379e-05,2980560323290.884,12,highpass
1.1911941666483923e-07,6.251987146349687e-07,1.4152277552758177e-07,2.613317789666158e-07,2.796086372179379e-05,2980560323290.884,12,highpass
1.1911941666483923e-07,6.251987146349687e-07,1.4152277552758177e-07,2.613317789666158e-07,2.796086372179379e-05,2980560323290.884,12,highpass
1.1911941666483923e-07,6.251987146349687e-07,1.4152277552758177e-07,2.613317789666158e-07,2.796086372179379e-05,2980560323290.884,12,highpass
1.1911941666483923e-07,6.251987146349687e-07,1.4152277552758177e-07,2.613317789666158e-07,2.796086372179379e-05,2980560323290.884,12,highpass
1.1911941666483923e-07,6.251987146349687e-07,1.4152277552758177e-07,2.613317789666158e-07,2.796086372179379e-05,2980560323290.884,12,highpass
1.215267660652284e-07,6.251987146349687e-07,1.4152277552758177e-07,2.613317789666158e-07,2.796086372179379e-05,2429727783014.553,12,highpass
1.9978014889826818e-07,6.251987146349687e-07,1.4152277552758177e-07,2.613317789666158e-07,2.796086372179379e-05,474242069875.21344,12,highpass
1.1911941666483923e-07,6.251987146349687e-07,1.4152277552758177e-07,2.613317789666158e-07,2.796086372179379e-05,2980560323290.884,12,highpass
1.1911941666483923e-07,6.251987146349687e-07,1.4152277552758177e-07,2.613317789666158e-07,2.796086372179379e-05,2980560323290.884,12,highpass
1.1911941666483923e-07,6.251987146349687e-07,1.4152277552758177e-07,2.5847941312279353e-07,2.796086372179379e-05,2898656822232.68,12,highpass
1.1911941666483923e-07,6.395153817738829e-07,1.4152277552758177e-07,2.613317789666158e-07,2.796086372179379e-05,-1828047446907.763,12,highpass
1.1911941666483923e-07,6.251987146349687e-07,1.4152277552758177e-07,2.613317789666158e-07,2.796086372179379e-05,2980560323290.884,12,highpass
1.1911941666483923e-07,6.251987146349687e-07,1.4152277552758177e-07,2.613317789666158e-07,2.796086372179379e-05,2980560323290.884,12,highpass
2.1996139224335313e-07,6.251987146349687e-07,1.4152277552758177e-07,2.613317789666158e-07,2.796086372179379e-05,-2162049657853.1262,12,highpass
1.1911941666483923e-07,6.251987146349687e-07,1.3808022071441896e-07,2.613317789666158e-07,2.796086372179379e-05,2699431934718.7397,12,highpass
1.1911941666483923e-07,6.251987146349687e-07,1.4152277552758177e-07,2.613317789666158e-07,2.796086372179379e-05,2980560323290.884,12,highpass
1.1911941666483923e-07,6.251987146349687e-07,1.4152277552758177e-07,2.613317789666158e-07,2.796086372179379e-05,2980560323290.884,12,highpass
1.1911941666483923e-07,6.251987146349687e-07,1.4152277552758177e-07,2.613317789666158e-07,2.796086372179379e-05,2980560323290.884,12,highpass
1.1911941666483923e-07,6.251987146349687e-07,1.4152277552758177e-07,2.613317789666158e-07,2.796086372179379e-05,2980560323290.884,12,highpass
1.1911941666483923e-07,6.251987146349687e-07,1.4152277552758177e-07,2.613317789666158e-07,2.796086372179379e-05,2980560323290.884,12,highpass
1.1911941666483923e-07,6.251987146349687e-07,1.4152277552758177e-07,2.613317789666158e-07,2.796086372179379e-05,2980560323290.884,12,highpass
1.1911941666483923e-07,6.251987146349687e-07,1.4152277552758177e-07,2.613317789666158e-07,2.796086372179379e-05,2980560323290.884,12,highpass
1.1911941666483923e-07,6.251987146349687e-07,1.4152277552758177e-07,1.5218502988355307e-07,2.796086372179379e-05,222340364953.1087,12,highpass
1.1911941666483923e-07,6.251987146349687e-07,1.4152277552758177e-07,2.613317789666158e-07,2.796086372179379e-05,2980560323290.884,13,highpass
1.1911941666483923e-07,6.251987146349687e-07,1.4152277552758177e-07,2.613317789666158e-07,2.796086372179379e-05,2980560323290.884,13,highpass
1.1911941666483923e-07,6.251987146349687e-07,1.4152277552758177e-07,2.613317789666158e-07,2.796086372179379e-05,2980560323290.884,13,highpass
1.1911941666483923e-07,6.251987146349687e-07,1.4152277552758177e-07,2.613317789666158e-07,2.796086372179379e-05,2980560323290.884,13,highpass
1.1911941666483923e-07,6.251987146349687e-07,1.4152277552758177e-07,2.613317789666158e-07,2.796086372179379e-05,2980560323290.884,13,highpass
1.1911941666483923e-07,6.251987146349687e-07,1.4152277552758177e-07,2.613317789666158e-07,2.796086372179379e-05,2980560323290.884,13,highpass
1.1911941666483923e-07,6.251987146349687e-07,1.4152277552758177e-07,2.613317789666158e-07,2.796086372179379e-05,2980560323290.884,13,highpass
1.1911941666483923e-07,6.251987146349687e-07,1.4152277552758177e-07,2.613317789666158e-07,2.796086372179379e-05,2980560323290.884,13,highpass
1.1911941666483923e-07,6.251987146349687e-07,1.4152277552758177e-07,2.613317789666158e-07,2.796086372179379e-05,2980560323290.884,13,highpass
1.1911941666483923e-07,6.251987146349687e-07,1.4152277552758177e-07,2.613317789666158e-07,2.796086372179379e-05,2980560323290.884,13,highpass
1.1911941666483923e-07,6.251987146349687e-07,1.4152277552758177e-07,2.613317789666158e-07,2.796086372179379e-05,2980560323290.884,13,highpass
1.1911941666483923e-07,6.251987146349687e-07,1.4152277552758177e-07,2.613317789666158e-07,2.796086372179379e-05,2980560323290.884,13,highpass
1.1911941666483923e-07,6.251987146349687e-07,1.4152277552758177e-07,2.613317789666158e-07,2.796086372179379e-05,2980560323290.884,13,highpass
1.1911941666483923e-07,6.251987146349687e-07,1.4152277552758177e-07,2.613317789666158e-07,2.0405712619788952e-05,-1144953117164.6804,13,highpass
1.1911941666483923e-07,6.251987146349687e-07,1.4152277552758177e-07,2.613317789666158e-07,2.796086372179379e-05,2980560323290.884,13,highpass
1.1911941666483923e-07,6.251987146349687e-07,1.4152277552758177e-07,2.613317789666158e-07,2.796086372179379e-05,2980560323290.884,13,highpass
1.1911941666483923e-07,6.251987146349687e-07,1.4152277552758177e-07,2.613317789666158e-07,2.796086372179379e-05,2980560323290.884,13,highpass
1.1911941666483923e-07,6.251987146349687e-07,1.4152277552758177e-07,2.613317789666158e-07,2.796086372179379e-05,2980560323290.884,13,highpass
1.1911941666483923e-07,6.251987146349687e-07,1.4152277552758177e-07,2.613317789666158e-07,3.366209059751951e-05,143450303906.673,13,highpass
1.1911941666483923e-07,6.251987146349687e-07,1.4152277552758177e-07,2.613317789666158e-07,2.796086372179379e-05,2980560323290.884,13,highpass
1.1911941666483923e-07,6.251987146349687e-07,1.4152277552758177e-07,2.613317789666158e-07,2.796086372179379e-05,2980560323290.884,13,highpass
1.1911941666483923e-07,6.251987146349687e-07,1.4152277552758177e-07,2.562708448060144e-07,2.796086372179379e-05,2104737253794.155,13,highpass
1.1911941666483923e-07,6.251987146349687e-07,1.4152277552758177e-07,2.613317789666158e-07,2.796086372179379e-05,2980560323290.884,13,highpass
1.1911941666483923e-07,6.251987146349687e-07,1.4152277552758177e-07,2.613317789666158e-07,2.796086372179379e-05,2980560323290.884,13,highpass
1.1911941666483923e-07,6.251987146349687e-07,1.4152277552758177e-07,2.613317789666158e-07,2.796086372179379e-05,2980560323290.884,13,highpass
1.1911941666483923e-07,6.251987146349687e-07,1.4152277552758177e-07,2.613317789666158e-07,2.796086372179379e-05,2980560323290.884,13,highpass
1.1911941666483923e-07,6.241825577461344e-07,1.4152277552758177e-07,2.613317789666158e-07,2.796086372179379e-05,-1145950026953.081,13,highpass
1.1911941666483923e-07,6.251987146349687e-07,1.4152277552758177e-07,2.613317789666158e-07,2.796086372179379e-05,2980560323290.884,13,highpass
1.1911941666483923e-07,6.117457816514e-07,1.4152277552758177e-07,2.613317789666158e-07,2.796086372179379e-05,2988497866967.2393,13,highpass
1.1911941666483923e-07,6.251987146349687e-07,1.4152277552758177e-07,2.613317789666158e-07,2.796086372179379e-05,2980560323290.884,13,highpass
1.1911941666483923e-07,6.117457816514e-07,1.4152277552758177e-07,2.613317789666158e-07,2.796086372179379e-05,2988497866967.2393,14,highpass
1.1911941666483923e-07,6.251987146349687e-07,1.4152277552758177e-07,2.613317789666158e-07,2.796086372179379e-05,2980560323290.884,14,highpass
1.1911941666483923e-07,6.251987146349687e-07,1.4152277552758177e-07,2.613317789666158e-07,2.796086372179379e-05,2980560323290.884,14,highpass
1.1911941666483923e-07,6.251987146349687e-07,1.4152277552758177e-07,2.613317789666158e-07,2.796086372179379e-05,2980560323290.884,14,highpass
1.1911941666483923e-07,6.117457816514e-07,1.4152277552758177e-07,2.613317789666158e-07,2.796086372179379e-05,2988497866967.2393,14,highpass
1.1911941666483923e-07,6.251987146349687e-07,1.4152277552758177e-07,2.613317789666158e-07,2.796086372179379e-05,2980560323290.884,14,highpass
1.1911941666483923e-07,6.251987146349687e-07,1.4152277552758177e-07,2.613317789666158e-07,2.796086372179379e-05,2980560323290.884,14,highpass
1.1911941666483923e-07,6.251987146349687e-07,1.4152277552758177e-07,2.613317789666158e-07,2.796086372179379e-05,2980560323290.884,14,highpass
1.1911941666483923e-07,4.4956167725144227e-07,1.4152277552758177e-07,2.613317789666158e-07,2.796086372179379e-05,182899081840.3782,14,highpass
1.1911941666483923e-07,6.251987146349687e-07,1.4152277552758177e-07,2.613317789666158e-07,2.796086372179379e-05,2980560323290.884,14,highpass
1.1911941666483923e-07,6.117457816514e-07,1.4152277552758177e-07,2.613317789666158e-07,2.796086372179379e-05,2988497866967.2393,14,highpass
1.131762757778515e-07,6.117457816514e-07,1.4152277552758177e-07,2.613317789666158e-07,2.796086372179379e-05,2725092669637.3257,14,highpass
1.1911941666483923e-07,3.9104489116551717e-07,1.4152277552758177e-07,2.613317789666158e-07,2.796086372179379e-05,82479794961.27608,14,highpass
1.1911941666483923e-07,6.117457816514e-07,1.4152277552758177e-07,2.613317789666158e-07,2.796086372179379e-05,2988497866967.2393,14,highpass
1.1911941666483923e-07,6.117457816514e-07,1.4152277552758177e-07,2.613317789666158e-07,2.796086372179379e-05,2988497866967.2393,14,highpass
1.1911941666483923e-07,6.251987146349687e-07,1.4152277552758177e-07,2.613317789666158e-07,2.796086372179379e-05,2980560323290.884,14,highpass
1.1911941666483923e-07,6.251987146349687e-07,1.4152277552758177e-07,2.613317789666158e-07,2.796086372179379e-05,2980560323290.884,14,highpass
1.1911941666483923e-07,6.251987146349687e-07,1.4152277552758177e-07,2.613317789666158e-07,2.796086372179379e-05,2980560323290.884,14,highpass
1.1911941666483923e-07,6.251987146349687e-07,1.4152277552758177e-07,2.613317789666158e-07,2.796086372179379e-05,2980560323290.884,14,highpass
1.1911941666483923e-07,6.117457816514e-07,1.4152277552758177e-07,2.613317789666158e-07,2.796086372179379e-05,2988497866967.2393,14,highpass
1.1911941666483923e-07,6.251987146349687e-07,1.4152277552758177e-07,2.613317789666158e-07,2.796086372179379e-05,2980560323290.884,14,highpass
1.1911941666483923e-07,6.251987146349687e-07,1.4152277552758177e-07,2.613317789666158e-07,2.796086372179379e-05,2980560323290.884,14,highpass
1.1911941666483923e-07,6.251987146349687e-07,1.4152277552758177e-07,2.613317789666158e-07,2.796086372179379e-05,2980560323290.884,14,highpass
1.1911941666483923e-07,6.251987146349687e-07,1.4152277552758177e-07,2.613317789666158e-07,2.796086372179379e-05,2980560323290.884,14,highpass
1.1911941666483923e-07,6.251987146349687e-07,1.4152277552758177e-07,2.613317789666158e-07,2.796086372179379e-05,2980560323290.884,14,highpass
1.1911941666483923e-07,6.251987146349687e-07,1.4152277552758177e-07,2.613317789666158e-07,2.796086372179379e-05,2980560323290.884,14,highpass
1.1911941666483923e-07,6.251987146349687e-07,1.4152277552758177e-07,2.613317789666158e-07,2.796086372179379e-05,2980560323290.884,14,highpass
1.1911941666483923e-07,6.251987146349687e-07,1.4152277552758177e-07,2.613317789666158e-07,2.796086372179379e-05,2980560323290.884,14,highpass
1.1911941666483923e-07,6.251987146349687e-07,1.4232342950871048e-07,2.613317789666158e-07,2.796086372179379e-05,2980560323290.884,14,highpass
1.1911941666483923e-07,6.251987146349687e-07,1.4152277552758177e-07,2.613317789666158e-07,2.796086372179379e-05,2980560323290.884,14,highpass
1.1911941666483923e-07,6.117457816514e-07,1.4152277552758177e-07,2.613317789666158e-07,2.796086372179379e-05,2988497866967.2393,15,highpass
1.1911941666483923e-07,6.202660397609618e-07,1.4152277552758177e-07,2.613317789666158e-07,2.796086372179379e-05,-2512245543546.6206,15,highpass
1.1911941666483923e-07,6.251987146349687e-07,1.4152277552758177e-07,2.613317789666158e-07,2.796086372179379e-05,2980560323290.884,15,highpass
1.1911941666483923e-07,6.117457816514e-07,1.4152277552758177e-07,2.613317789666158e-07,2.796086372179379e-05,2988497866967.2393,15,highpass
1.1911941666483923e-07,6.117457816514e-07,1.4152277552758177e-07,2.58383734537208e-07,2.796086372179379e-05,2903859725396.2397,15,highpass
1.2220791884661856e-07,6.251987146349687e-07,1.4152277552758177e-07,2.613317789666158e-07,2.796086372179379e-05,2132631013638.5852,15,highpass
1.1911941666483923e-07,6.117457816514e-07,1.4152277552758177e-07,2.613317789666158e-07,2.796086372179379e-05,2988497866967.2393,15,highpass
1.1911941666483923e-07,6.251987146349687e-07,1.4152277552758177e-07,2.613317789666158e-07,2.796086372179379e-05,2980560323290.884,15,highpass
1.1911941666483923e-07,6.251987146349687e-07,1.4152277552758177e-07,2.613317789666158e-07,2.796086372179379e-05,2980560323290.884,15,highpass
1.1911941666483923e-07,6.117457816514e-07,1.4152277552758177e-07,2.613317789666158e-07,2.796086372179379e-05,2988497866967.2393,15,highpass
1.1911941666483923e-07,6.117457816514e-07,1.4152277552758177e-07,2.613317789666158e-07,2.796086372179379e-05,2988497866967.2393,15,highpass
1.1911941666483923e-07,6.117457816514e-07,1.380935709139662e-07,2.613317789666158e-07,2.796086372179379e-05,2709538046386.149,15,highpass
1.1911941666483923e-07,6.117457816514e-07,1.4152277552758177e-07,2.613317789666158e-07,2.796086372179379e-05,2988497866967.2393,15,highpass
1.1911941666483923e-07,4.0285101352976596e-07,1.4152277552758177e-07,2.613317789666158e-07,2.796086372179379e-05,378961835535.1655,15,highpass
1.1911941666483923e-07,6.117457816514e-07,1.4152277552758177e-07,2.613317789666158e-07,2.796086372179379e-05,2988497866967.2393,15,highpass
1.1911941666483923e-07,6.117457816514e-07,1.4152277552758177e-07,2.613317789666158e-07,2.796086372179379e-05,2988497866967.2393,15,highpass
1.1911941666483923e-07,6.117457816514e-07,1.4152277552758177e-07,2.613317789666158e-07,2.796086372179379e-05,2988497866967.2393,15,highpass
1.2511770352637502e-07,6.117457816514e-07,1.4152277552758177e-07,2.613317789666158e-07,2.796086372179379e-05,919068363612.2283,15,highpass
1.1911941666483923e-07,6.251987146349687e-07,1.4152277552758177e-07,2.613317789666158e-07,2.796086372179379e-05,2980560323290.884,15,highpass
1.1911941666483923e-07,6.117457816514e-07,1.4152277552758177e-07,2.613317789666158e-07,2.796086372179379e-05,2988497866967.2393,15,highpass
1.1911941666483923e-07,6.251987146349687e-07,1.4152277552758177e-07,2.613317789666158e-07,2.796086372179379e-05,2980560323290.884,15,highpass
1.1542231729993071e-07,6.251987146349687e-07,1.4152277552758177e-07,2.613317789666158e-07,2.796086372179379e-05,382269937412.65155,15,highpass
1.1911941666483923e-07,6.117457816514e-07,1.4152277552758177e-07,2.613317789666158e-07,2.796086372179379e-05,2988497866967.2393,15,highpass
1.1911941666483923e-07,6.117457816514e-07,1.4152277552758177e-07,2.613317789666158e-07,2.0555505132003648e-05,1047013860421.2958,15,highpass
1.1911941666483923e-07,6.117457816514e-07,1.4152277552758177e-07,2.613317789666158e-07,2.796086372179379e-05,2988497866967.2393,15,highpass
1.1911941666483923e-07,6.251987146349687e-07,1.4152277552758177e-07,2.613317789666158e-07,2.796086372179379e-05,2980560323290.884,15,highpass
1.1911941666483923e-07,5.237493335116465e-07,1.4152277552758177e-07,2.613317789666158e-07,2.796086372179379e-05,370615764834.9194,15,highpass
1.1911941666483923e-07,6.117457816514e-07,1.4152277552758177e-07,2.613317789666158e-07,2.796086372179379e-05,2988497866967.2393,15,highpass
1.1911941666483923e-07,6.117457816514e-07,1.4152277552758177e-07,2.613317789666158e-07,2.796086372179379e-05,2988497866967.2393,15,highpass
1.1911941666483923e-07,6.117457816514e-07,1.4152277552758177e-07,2.5543925757387977e-07,2.796086372179379e-05,1850976271259.5408,15,highpass
1.1911941666483923e-07,6.117457816514e-07,1.4152277552758177e-07,2.613317789666158e-07,2.796086372179379e-05,2988497866967.2393,16,highpass
1.1911941666483923e-07,6.117457816514e-07,1.4152277552758177e-07,2.613317789666158e-07,2.6628254306894824e-05,-132565552486.6506,16,highpass
1.1911941666483923e-07,6.117457816514e-07,1.4152277552758177e-07,2.613317789666158e-07,2.796086372179379e-05,2988497866967.2393,16,highpass
1.1911941666483923e-07,6.117457816514e-07,1.4152277552758177e-07,2.6757268882204147e-07,2.796086372179379e-05,-2105204628767.0742,16,highpass
1.1911941666483923e-07,6.117457816514e-07,1.4152277552758177e-07,2.613317789666158e-07,2.796086372179379e-05,2988497866967.2393,16,highpass
1.1911941666483923e-07,6.117457816514e-07,1.4152277552758177e-07,2.613317789666158e-07,2.796086372179379e-05,2988497866967.2393,16,highpass
1.1911941666483923e-07,6.251987146349687e-07,1.4152277552758177e-07,2.613317789666158e-07,2.888437688054054e-05,1268513312427.9277,16,highpass
1.1911941666483923e-07,6.117457816514e-07,1.4152277552758177e-07,2.613317789666158e-07,2.796086372179379e-05,2988497866967.2393,16,highpass
1.1911941666483923e-07,6.117457816514e-07,1.4152277552758177e-07,2.613317789666158e-07,2.796086372179379e-05,2988497866967.2393,16,highpass
1.1911941666483923e-07,6.117457816514e-07,1.4152277552758177e-07,2.613317789666158e-07,2.796086372179379e-05,2988497866967.2393,16,highpass
1.1911941666483923e-07,6.117457816514e-07,1.4152277552758177e-07,2.613317789666158e-07,1.9604023346252283e-05,-2150160907590.478,16,highpass
1.1911941666483923e-07,6.117457816514e-07,1.4152277552758177e-07,2.613317789666158e-07,2.796086372179379e-05,2988497866967.2393,16,highpass
1.1911941666483923e-07,6.117457816514e-07,1.4152277552758177e-07,2.613317789666158e-07,2.796086372179379e-05,2988497866967.2393,16,highpass
1.1911941666483923e-07,6.117457816514e-07,1.4152277552758177e-07,2.613317789666158e-07,2.796086372179379e-05,2988497866967.2393,16,highpass
1.1911941666483923e-07,6.117457816514e-07,1.4152277552758177e-07,2.613317789666158e-07,2.796086372179379e-05,2988497866967.2393,16,highpass
1.1911941666483923e-07,6.117457816514e-07,1.4152277552758177e-07,2.613317789666158e-07,2.796086372179379e-05,2988497866967.2393,16,highpass
1.1911941666483923e-07,6.117457816514e-07,1.4152277552758177e-07,2.613317789666158e-07,2.796086372179379e-05,2988497866967.2393,16,highpass
1.1911941666483923e-07,6.117457816514e-07,1.4152277552758177e-07,2.613317789666158e-07,2.796086372179379e-05,2988497866967.2393,16,highpass
1.1911941666483923e-07,6.117457816514e-07,1.4152277552758177e-07,2.613317789666158e-07,2.796086372179379e-05,2988497866967.2393,16,highpass
1.1911941666483923e-07,6.117457816514e-07,1.4152277552758177e-07,2.613317789666158e-07,2.796086372179379e-05,2988497866967.2393,16,highpass
1.1911941666483923e-07,6.117457816514e-07,1.4152277552758177e-07,2.613317789666158e-07,2.796086372179379e-05,2988497866967.2393,16,highpass
1.1911941666483923e-07,6.117457816514e-07,1.4640280896215095e-07,2.613317789666158e-07,2.796086372179379e-05,234780969528.9777,16,highpass
1.1911941666483923e-07,6.117457816514e-07,1.4152277552758177e-07,2.613317789666158e-07,2.796086372179379e-05,2988497866967.2393,16,highpass
1.1911941666483923e-07,6.117457816514e-07,1.4152277552758177e-07,2.613317789666158e-07,2.796086372179379e-05,2988497866967.2393,16,highpass
1.1911941666483923e-07,6.117457816514e-07,1.4152277552758177e-07,2.613317789666158e-07,2.796086372179379e-05,2988497866967.2393,16,highpass
1.1911941666483923e-07,6.117457816514e-07,1.4152277552758177e-07,2.613317789666158e-07,2.796086372179379e-05,2988497866967.2393,16,highpass
1.1911941666483923e-07,6.117457816514e-07,1.4152277552758177e-07,2.613317789666158e-07,2.796086372179379e-05,2988497866967.2393,16,highpass
1.1911941666483923e-07,6.117457816514e-07,1.4152277552758177e-07,2.613317789666158e-07,2.796086372179379e-05,2988497866967.2393,16,highpass
1.1911941666483923e-07,6.117457816514e-07,1.4152277552758177e-07,2.613317789666158e-07,2.6549625625202553e-05,-132080939455.19548,16,highpass
1.1911941666483923e-07,6.117457816514e-07,1.4152277552758177e-07,2.613317789666158e-07,2.796086372179379e-05,2988497866967.2393,16,highpass
1.1911941666483923e-07,6.117457816514e-07,1.4152277552758177e-07,2.613317789666158e-07,2.796086372179379e-05,2988497866967.2393,17,highpass
1.1911941666483923e-07,6.117457816514e-07,1.4152277552758177e-07,2.613317789666158e-07,2.796086372179379e-05,2988497866967.2393,17,highpass
1.1911941666483923e-07,6.117457816514e-07,1.4152277552758177e-07,2.613317789666158e-07,2.796086372179379e-05,2988497866967.2393,17,highpass
1.1911941666483923e-07,6.117457816514e-07,1.4152277552758177e-07,2.613317789666158e-07,2.796086372179379e-05,2988497866967.2393,17,highpass
1.1911941666483923e-07,6.117457816514e-07,1.4152277552758177e-07,2.613317789666158e-07,2.796086372179379e-05,2988497866967.2393,17,highpass
1.1911941666483923e-07,6.117457816514e-07,1.4152277552758177e-07,2.613317789666158e-07,4.237699461539375e-05,149689849883.92966,17,highpass
1.1911941666483923e-07,6.117457816514e-07,1.4152277552758177e-07,2.613317789666158e-07,2.796086372179379e-05,2988497866967.2393,17,highpass
1.1911941666483923e-07,6.117457816514e-07,1.4152277552758177e-07,2.613317789666158e-07,2.796086372179379e-05,2988497866967.2393,17,highpass
1.1911941666483923e-07,6.117457816514e-07,1.4152277552758177e-07,2.613317789666158e-07,2.796086372179379e-05,2988497866967.2393,17,highpass
1.1911941666483923e-07,6.117457816514e-07,1.4152277552758177e-07,2.613317789666158e-07,2.796086372179379e-05,2988497866967.2393,17,highpass
1.1911941666483923e-07,6.117457816514e-07,1.4152277552758177e-07,2.613317789666158e-07,2.796086372179379e-05,2988497866967.2393,17,highpass
1.1911941666483923e-07,6.117457816514e-07,1.4152277552758177e-07,2.613317789666158e-07,2.796086372179379e-05,2988497866967.2393,17,highpass
1.1911941666483923e-07,6.117457816514e-07,1.4152277552758177e-07,2.613317789666158e-07,2.796086372179379e-05,2988497866967.2393,17,highpass
1.1911941666483923e-07,6.117457816514e-07,1.4152277552758177e-07,2.613317789666158e-07,2.796086372179379e-05,2988497866967.2393,17,highpass
1.1911941666483923e-07,6.117457816514e-07,1.4152277552758177e-07,2.613317789666158e-07,2.796086372179379e-05,2988497866967.2393,17,highpass
1.1911941666483923e-07,6.117457816514e-07,1.4152277552758177e-07,2.613317789666158e-07,2.796086372179379e-05,2988497866967.2393,17,highpass
1.1911941666483923e-07,6.117457816514e-07,1.4152277552758177e-07,2.613317789666158e-07,2.796086372179379e-05,2988497866967.2393,17,highpass
1.1911941666483923e-07,6.117457816514e-07,1.4152277552758177e-07,2.613317789666158e-07,2.796086372179379e-05,2988497866967.2393,17,highpass
1.1911941666483923e-07,6.117457816514e-07,1.4152277552758177e-07,2.613317789666158e-07,2.796086372179379e-05,2988497866967.2393,17,highpass
1.1911941666483923e-07,6.117457816514e-07,1.4152277552758177e-07,2.613317789666158e-07,2.796086372179379e-05,2988497866967.2393,17,highpass
1.1911941666483923e-07,6.117457816514e-07,1.4152277552758177e-07,2.613317789666158e-07,2.796086372179379e-05,2988497866967.2393,17,highpass
1.1911941666483923e-07,6.117457816514e-07,1.4152277552758177e-07,2.613317789666158e-07,2.796086372179379e-05,2988497866967.2393,17,highpass
1.1911941666483923e-07,6.117457816514e-07,1.4152277552758177e-07,2.613317789666158e-07,2.796086372179379e-05,2988497866967.2393,17,highpass
1.1911941666483923e-07,6.117457816514e-07,1.4152277552758177e-07,2.613317789666158e-07,2.6603844729833526e-05,-134186837638.11142,17,highpass
1.1911941666483923e-07,6.117457816514e-07,1.4152277552758177e-07,2.613317789666158e-07,2.796086372179379e-05,2988497866967.2393,17,highpass
1.1911941666483923e-07,6.117457816514e-07,1.4152277552758177e-07,2.613317789666158e-07,2.796086372179379e-05,2988497866967.2393,17,highpass
1.180115965325883e-07,6.117457816514e-07,1.4152277552758177e-07,2.613317789666158e-07,2.796086372179379e-05,-2050850560953.7688,17,highpass
1.1911941666483923e-07,6.117457816514e-07,1.4152277552758177e-07,2.613317789666158e-07,2.796086372179379e-05,2988497866967.2393,17,highpass
1.1911941666483923e-07,6.117457816514e-07,1.4152277552758177e-07,2.613317789666158e-07,2.796086372179379e-05,2988497866967.2393,17,highpass
1.1911941666483923e-07,6.117457816514e-07,1.4152277552758177e-07,2.613317789666158e-07,2.796086372179379e-05,2988497866967.2393,17,highpass
1.1911941666483923e-07,6.117457816514e-07,1.4152277552758177e-07,2.613317789666158e-07,2.796086372179379e-05,2988497866967.2393,18,highpass
1.1911941666483923e-07,6.117457816514e-07,1.4152277552758177e-07,2.613317789666158e-07,2.796086372179379e-05,2988497866967.2393,18,highpass
1.1911941666483923e-07,6.117457816514e-07,1.4152277552758177e-07,2.29099241369799e-07,2.796086372179379e-05,1021905665776.2158,18,highpass
1.1911941666483923e-07,6.117457816514e-07,1.4152277552758177e-07,2.613317789666158e-07,2.796086372179379e-05,2988497866967.2393,18,highpass
1.1911941666483923e-07,6.117457816514e-07,1.3427032917984066e-07,2.613317789666158e-07,2.796086372179379e-05,2771208120631.016,18,highpass
1.1911941666483923e-07,6.117457816514e-07,1.4152277552758177e-07,2.613317789666158e-07,2.796086372179379e-05,2988497866967.2393,18,highpass
1.1911941666483923e-07,6.117457816514e-07,1.4152277552758177e-07,2.613317789666158e-07,2.796086372179379e-05,2988497866967.2393,18,highpass
1.1911941666483923e-07,6.117457816514e-07,1.4152277552758177e-07,2.613317789666158e-07,2.796086372179379e-05,2988497866967.2393,18,highpass
1.1911941666483923e-07,6.117457816514e-07,1.4152277552758177e-07,2.613317789666158e-07,2.796086372179379e-05,2988497866967.2393,18,highpass
1.1911941666483923e-07,6.117457816514e-07,1.4152277552758177e-07,2.613317789666158e-07,2.796086372179379e-05,2988497866967.2393,18,highpass
1.1911941666483923e-07,6.117457816514e-07,1.4152277552758177e-07,2.613317789666158e-07,2.796086372179379e-05,2988497866967.2393,18,highpass
1.1911941666483923e-07,6.117457816514e-07,1.4152277552758177e-07,2.613317789666158e-07,2.796086372179379e-05,2988497866967.2393,18,highpass
1.1911941666483923e-07,6.117457816514e-07,1.4152277552758177e-07,2.613317789666158e-07,4.697037799206419e-05,28105554711.941986,18,highpass
1.1911941666483923e-07,6.117457816514e-07,1.4152277552758177e-07,1.9710441739069577e-07,2.796086372179379e-05,25397194195.210186,18,highpass
1.1911941666483923e-07,6.117457816514e-07,1.4152277552758177e-07,2.613317789666158e-07,2.796086372179379e-05,2988497866967.2393,18,highpass
1.1911941666483923e-07,6.117457816514e-07,1.4152277552758177e-07,2.613317789666158e-07,2.796086372179379e-05,2988497866967.2393,18,highpass
1.1911941666483923e-07,6.117457816514e-07,1.4152277552758177e-07,2.613317789666158e-07,2.796086372179379e-05,2988497866967.2393,18,highpass
1.1911941666483923e-07,6.117457816514e-07,1.4152277552758177e-07,2.613317789666158e-07,2.796086372179379e-05,2988497866967.2393,18,highpass
1.1911941666483923e-07,6.117457816514e-07,1.4152277552758177e-07,2.613317789666158e-07,2.796086372179379e-05,2988497866967.2393,18,highpass
1.1911941666483923e-07,6.117457816514e-07,1.4152277552758177e-07,2.613317789666158e-07,2.796086372179379e-05,2988497866967.2393,18,highpass
1.1911941666483923e-07,6.117457816514e-07,1.4152277552758177e-07,2.613317789666158e-07,2.796086372179379e-05,2988497866967.2393,18,highpass
1.1911941666483923e-07,6.117457816514e-07,1.4152277552758177e-07,2.613317789666158e-07,2.796086372179379e-05,2988497866967.2393,18,highpass
1.1911941666483923e-07,6.117457816514e-07,1.4152277552758177e-07,2.613317789666158e-07,2.796086372179379e-05,2988497866967.2393,18,highpass
1.1390098402897817e-07,6.117457816514e-07,1.4152277552758177e-07,2.613317789666158e-07,2.796086372179379e-05,-2233226229954.716,18,highpass
1.1911941666483923e-07,6.117457816514e-07,1.4152277552758177e-07,2.613317789666158e-07,2.796086372179379e-05,2988497866967.2393,18,highpass
1.1911941666483923e-07,6.117457816514e-07,1.4152277552758177e-07,2.613317789666158e-07,2.796086372179379e-05,2988497866967.2393,18,highpass
1.1911941666483923e-07,6.117457816514e-07,1.4152277552758177e-07,2.613317789666158e-07,2.796086372179379e-05,2988497866967.2393,18,highpass
1.1911941666483923e-07,6.117457816514e-07,1.4152277552758177e-07,2.613317789666158e-07,2.796086372179379e-05,2988497866967.2393,18,highpass
1.1911941666483923e-07,6.117457816514e-07,1.4152277552758177e-07,2.613317789666158e-07,2.796086372179379e-05,2988497866967.2393,18,highpass
1.1911941666483923e-07,6.117457816514e-07,1.4152277552758177e-07,2.613317789666158e-07,2.796086372179379e-05,2988497866967.2393,18,highpass
1.1911941666483923e-07,6.117457816514e-07,1.4152277552758177e-07,2.613317789666158e-07,2.796086372179379e-05,2988497866967.2393,19,highpass
1.1911941666483923e-07,6.117457816514e-07,1.4152277552758177e-07,2.613317789666158e-07,2.796086372179379e-05,2988497866967.2393,19,highpass
1.1911941666483923e-07,6.117457816514e-07,1.4152277552758177e-07,2.613317789666158e-07,2.796086372179379e-05,2988497866967.2393,19,highpass
1.1911941666483923e-07,6.117457816514e-07,1.4152277552758177e-07,2.613317789666158e-07,2.796086372179379e-05,2988497866967.2393,19,highpass
1.1911941666483923e-07,6.117457816514e-07,1.4152277552758177e-07,2.613317789666158e-07,2.796086372179379e-05,2988497866967.2393,19,highpass
1.1911941666483923e-07,6.117457816514e-07,1.4152277552758177e-07,2.613317789666158e-07,2.796086372179379e-05,2988497866967.2393,19,highpass
1.1911941666483923e-07,6.117457816514e-07,1.4152277552758177e-07,2.613317789666158e-07,2.796086372179379e-05,2988497866967.2393,19,highpass
1.1911941666483923e-07,6.117457816514e-07,1.4152277552758177e-07,2.613317789666158e-07,2.796086372179379e-05,2988497866967.2393,19,highpass
1.1911941666483923e-07,6.117457816514e-07,1.4152277552758177e-07,2.613317789666158e-07,2.796086372179379e-05,2988497866967.2393,19,highpass
1.1911941666483923e-07,6.117457816514e-07,1.4152277552758177e-07,2.613317789666158e-07,2.796086372179379e-05,2988497866967.2393,19,highpass
1.1911941666483923e-07,6.117457816514e-07,1.4152277552758177e-07,2.613317789666158e-07,2.796086372179379e-05,2988497866967.2393,19,highpass
1.1911941666483923e-07,5.279357228062821e-07,1.4152277552758177e-07,2.613317789666158e-07,2.796086372179379e-05,-412077078782.48395,19,highpass
1.1911941666483923e-07,6.117457816514e-07,1.4152277552758177e-07,2.613317789666158e-07,2.796086372179379e-05,2988497866967.2393,19,highpass
1.1911941666483923e-07,6.117457816514e-07,1.4152277552758177e-07,2.613317789666158e-07,2.796086372179379e-05,2988497866967.2393,19,highpass
1.1911941666483923e-07,6.117457816514e-07,1.4152277552758177e-07,2.613317789666158e-07,2.796086372179379e-05,2988497866967.2393,19,highpass
1.1911941666483923e-07,6.117457816514e-07,1.4152277552758177e-07,2.613317789666158e-07,2.796086372179379e-05,2988497866967.2393,19,highpass
1.1911941666483923e-07,6.117457816514e-07,1.4152277552758177e-07,2.613317789666158e-07,2.796086372179379e-05,2988497866967.2393,19,highpass
1.1911941666483923e-07,6.117457816514e-07,1.4152277552758177e-07,2.613317789666158e-07,4.1345073515869415e-05,486744234528.13464,19,highpass
1.1911941666483923e-07,6.117457816514e-07,1.4152277552758177e-07,2.613317789666158e-07,2.796086372179379e-05,2988497866967.2393,19,highpass
1.1911941666483923e-07,6.117457816514e-07,1.4152277552758177e-07,2.613317789666158e-07,2.796086372179379e-05,2988497866967.2393,19,highpass
1.1911941666483923e-07,6.117457816514e-07,1.4152277552758177e-07,2.613317789666158e-07,2.796086372179379e-05,2988497866967.2393,19,highpass
1.1911941666483923e-07,6.117457816514e-07,1.4152277552758177e-07,2.613317789666158e-07,2.796086372179379e-05,2988497866967.2393,19,highpass
1.1911941666483923e-07,6.117457816514e-07,1.4152277552758177e-07,2.613317789666158e-07,2.796086372179379e-05,2988497866967.2393,19,highpass
1.1911941666483923e-07,6.117457816514e-07,1.4152277552758177e-07,2.613317789666158e-07,2.796086372179379e-05,2988497866967.2393,19,highpass
1.1911941666483923e-07,6.117457816514e-07,1.4152277552758177e-07,2.613317789666158e-07,2.796086372179379e-05,2988497866967.2393,19,highpass
1.1911941666483923e-07,6.117457816514e-07,1.4152277552758177e-07,2.613317789666158e-07,2.796086372179379e-05,2988497866967.2393,19,highpass
1.1911941666483923e-07,6.117457816514e-07,1.4152277552758177e-07,2.613317789666158e-07,2.796086372179379e-05,2988497866967.2393,19,highpass
1.1911941666483923e-07,6.117457816514e-07,1.4152277552758177e-07,2.613317789666158e-07,2.796086372179379e-05,2988497866967.2393,19,highpass
1.1911941666483923e-07,6.117457816514e-07,1.4152277552758177e-07,2.613317789666158e-07,2.796086372179379e-05,2988497866967.2393,19,highpass
1.1911941666483923e-07,6.117457816514e-07,1.4152277552758177e-07,2.613317789666158e-07,2.796086372179379e-05,2988497866967.2393,19,highpass
1.1911941666483923e-07,6.117457816514e-07,1.4152277552758177e-07,2.613317789666158e-07,2.796086372179379e-05,2988497866967.2393,20,highpass
1.1911941666483923e-07,6.117457816514e-07,1.4152277552758177e-07,2.613317789666158e-07,2.796086372179379e-05,2988497866967.2393,20,highpass
1.1911941666483923e-07,6.117457816514e-07,1.4152277552758177e-07,2.5425160680764734e-07,2.796086372179379e-05,579542799637.7346,20,highpass
1.1911941666483923e-07,6.117457816514e-07,1.4152277552758177e-07,2.613317789666158e-07,2.796086372179379e-05,2988497866967.2393,20,highpass
1.1911941666483923e-07,6.211740861127947e-07,1.4152277552758177e-07,2.613317789666158e-07,2.796086372179379e-05,-2441549558628.3633,20,highpass
1.1911941666483923e-07,6.117457816514e-07,1.4152277552758177e-07,2.613317789666158e-07,2.796086372179379e-05,2988497866967.2393,20,highpass
1.1911941666483923e-07,6.117457816514e-07,1.4152277552758177e-07,2.613317789666158e-07,2.796086372179379e-05,2988497866967.2393,20,highpass
1.1911941666483923e-07,6.117457816514e-07,1.4152277552758177e-07,2.613317789666158e-07,2.796086372179379e-05,2988497866967.2393,20,highpass
1.1911941666483923e-07,6.117457816514e-07,1.4152277552758177e-07,2.613317789666158e-07,2.796086372179379e-05,2988497866967.2393,20,highpass
1.1911941666483923e-07,6.117457816514e-07,1.4152277552758177e-07,2.613317789666158e-07,2.796086372179379e-05,2988497866967.2393,20,highpass
1.1911941666483923e-07,6.117457816514e-07,1.4152277552758177e-07,2.613317789666158e-07,2.796086372179379e-05,2988497866967.2393,20,highpass
1.1911941666483923e-07,6.117457816514e-07,1.405332881985008e-07,2.613317789666158e-07,2.796086372179379e-05,-1583748730473.1082,20,highpass
1.1911941666483923e-07,6.117457816514e-07,1.4152277552758177e-07,2.613317789666158e-07,2.796086372179379e-05,2988497866967.2393,20,highpass
1.1611625802980595e-07,6.117457816514e-07,1.4152277552758177e-07,2.613317789666158e-07,2.796086372179379e-05,1030164473774.0867,20,highpass
1.1911941666483923e-07,6.117457816514e-07,1.4152277552758177e-07,2.613317789666158e-07,2.796086372179379e-05,2988497866967.2393,20,highpass
1.1911941666483923e-07,6.117457816514e-07,1.4152277552758177e-07,2.613317789666158e-07,2.796086372179379e-05,2988497866967.2393,20,highpass
1.1911941666483923e-07,6.117457816514e-07,1.4152277552758177e-07,2.613317789666158e-07,2.796086372179379e-05,2988497866967.2393,20,highpass
1.1911941666483923e-07,6.117457816514e-07,1.4152277552758177e-07,2.613317789666158e-07,2.796086372179379e-05,2988497866967.2393,20,highpass
1.1911941666483923e-07,6.117457816514e-07,1.4152277552758177e-07,2.613317789666158e-07,2.796086372179379e-05,2988497866967.2393,20,highpass
1.1911941666483923e-07,6.117457816514e-07,1.4152277552758177e-07,2.613317789666158e-07,2.796086372179379e-05,2988497866967.2393,20,highpass
1.1911941666483923e-07,6.117457816514e-07,1.4152277552758177e-07,2.613317789666158e-07,2.796086372179379e-05,2988497866967.2393,20,highpass
1.1911941666483923e-07,6.117457816514e-07,1.4152277552758177e-07,2.613317789666158e-07,3.3499271047764297e-05,160260279057.3648,20,highpass
1.1911941666483923e-07,6.117457816514e-07,1.4152277552758177e-07,2.613317789666158e-07,2.917093766690479e-05,-2198581646976.2988,20,highpass
1.1911941666483923e-07,6.117457816514e-07,1.4152277552758177e-07,2.613317789666158e-07,2.796086372179379e-05,2988497866967.2393,20,highpass
1.1911941666483923e-07,6.117457816514e-07,1.4152277552758177e-07,2.613317789666158e-07,2.796086372179379e-05,2988497866967.2393,20,highpass
1.1911941666483923e-07,6.117457816514e-07,1.4152277552758177e-07,2.613317789666158e-07,2.796086372179379e-05,2988497866967.2393,20,highpass
1.1952293539844184e-07,6.117457816514e-07,1.4152277552758177e-07,2.613317789666158e-07,2.796086372179379e-05,2388330394593.08,20,highpass
1.1911941666483923e-07,6.117457816514e-07,1.4152277552758177e-07,2.613317789666158e-07,2.796086372179379e-05,2988497866967.2393,20,highpass
1.1911941666483923e-07,6.117457816514e-07,1.4152277552758177e-07,2.613317789666158e-07,2.796086372179379e-05,2988497866967.2393,20,highpass
1.1911941666483923e-07,6.117457816514e-07,1.4152277552758177e-07,2.613317789666158e-07,2.796086372179379e-05,2988497866967.2393,20,highpass
1.1911941666483923e-07,6.117457816514e-07,1.4152277552758177e-07,2.613317789666158e-07,2.796086372179379e-05,2988497866967.2393,21,highpass
1.1911941666483923e-07,6.117457816514e-07,1.4152277552758177e-07,2.613317789666158e-07,2.796086372179379e-05,2988497866967.2393,21,highpass
1.1911941666483923e-07,6.117457816514e-07,1.4152277552758177e-07,2.613317789666158e-07,2.796086372179379e-05,2988497866967.2393,21,highpass
1.1911941666483923e-07,6.117457816514e-07,1.4152277552758177e-07,2.613317789666158e-07,2.796086372179379e-05,2988497866967.2393,21,highpass
1.1911941666483923e-07,6.117457816514e-07,1.4152277552758177e-07,2.613317789666158e-07,2.796086372179379e-05,2988497866967.2393,21,highpass
1.1911941666483923e-07,6.117457816514e-07,1.4152277552758177e-07,2.613317789666158e-07,2.796086372179379e-05,2988497866967.2393,21,highpass
1.1911941666483923e-07,6.117457816514e-07,1.4152277552758177e-07,2.613317789666158e-07,2.796086372179379e-05,2988497866967.2393,21,highpass
1.2392235640025624e-07,6.117457816514e-07,1.4152277552758177e-07,2.613317789666158e-07,2.796086372179379e-05,-1997528197205.0298,21,highpass
1.1911941666483923e-07,6.117457816514e-07,1.4152277552758177e-07,2.613317789666158e-07,2.796086372179379e-05,2988497866967.2393,21,highpass
1.1911941666483923e-07,6.117457816514e-07,1.4152277552758177e-07,2.613317789666158e-07,2.796086372179379e-05,2988497866967.2393,21,highpass
1.1911941666483923e-07,6.117457816514e-07,1.4152277552758177e-07,2.613317789666158e-07,2.796086372179379e-05,2988497866967.2393,21,highpass
1.1911941666483923e-07,6.117457816514e-07,1.4152277552758177e-07,2.613317789666158e-07,2.796086372179379e-05,2988497866967.2393,21,highpass
1.1911941666483923e-07,6.276539500137941e-07,1.4152277552758177e-07,2.613317789666158e-07,2.796086372179379e-05,2161656329920.4875,21,highpass
1.1911941666483923e-07,6.117457816514e-07,1.4152277552758177e-07,2.613317789666158e-07,2.796086372179379e-05,2988497866967.2393,21,highpass
1.1911941666483923e-07,6.117457816514e-07,1.4152277552758177e-07,2.613317789666158e-07,2.796086372179379e-05,2988497866967.2393,21,highpass
1.1911941666483923e-07,6.117457816514e-07,1.4152277552758177e-07,2.613317789666158e-07,2.796086372179379e-05,2988497866967.2393,21,highpass
1.1911941666483923e-07,6.117457816514e-07,1.4152277552758177e-07,2.613317789666158e-07,2.796086372179379e-05,2988497866967.2393,21,highpass
1.1911941666483923e-07,6.117457816514e-07,1.4152277552758177e-07,2.613317789666158e-07,2.796086372179379e-05,2988497866967.2393,21,highpass
1.1911941666483923e-07,6.117457816514e-07,1.4152277552758177e-07,2.613317789666158e-07,2.796086372179379e-05,2988497866967.2393,21,highpass
1.1911941666483923e-07,6.117457816514e-07,1.4152277552758177e-07,2.1788099567855518e-07,2.796086372179379e-05,-899240416218.9271,21,highpass
1.1911941666483923e-07,6.117457816514e-07,1.4152277552758177e-07,2.613317789666158e-07,2.796086372179379e-05,2988497866967.2393,21,highpass
1.1911941666483923e-07,6.117457816514e-07,1.4152277552758177e-07,2.613317789666158e-07,2.796086372179379e-05,2988497866967.2393,21,highpass
1.1911941666483923e-07,6.117457816514e-07,2.1838821860992564e-07,2.613317789666158e-07,2.796086372179379e-05,-829949403.5411252,21,highpass
1.1911941666483923e-07,6.117457816514e-07,1.4152277552758177e-07,2.613317789666158e-07,2.796086372179379e-05,2988497866967.2393,21,highpass
1.1911941666483923e-07,6.117457816514e-07,1.4152277552758177e-07,2.613317789666158e-07,2.796086372179379e-05,2988497866967.2393,21,highpass
1.1911941666483923e-07,6.117457816514e-07,1.4152277552758177e-07,2.613317789666158e-07,2.796086372179379e-05,2988497866967.2393,21,highpass
1.1911941666483923e-07,6.117457816514e-07,1.4152277552758177e-07,2.613317789666158e-07,2.796086372179379e-05,2988497866967.2393,21,highpass
1.1911941666483923e-07,6.117457816514e-07,1.4152277552758177e-07,2.613317789666158e-07,2.796086372179379e-05,2988497866967.2393,21,highpass
1.1911941666483923e-07,6.117457816514e-07,1.4152277552758177e-07,2.613317789666158e-07,2.796086372179379e-05,2988497866967.2393,21,highpass
1.1911941666483923e-07,6.117457816514e-07,1.4152277552758177e-07,2.613317789666158e-07,2.796086372179379e-05,2988497866967.2393,21,highpass
1.1911941666483923e-07,6.117457816514e-07,1.4152277552758177e-07,2.613317789666158e-07,2.796086372179379e-05,2988497866967.2393,22,highpass
1.1911941666483923e-07,6.117457816514e-07,1.4152277552758177e-07,2.613317789666158e-07,2.796086372179379e-05,2988497866967.2393,22,highpass
1.1911941666483923e-07,6.117457816514e-07,1.4152277552758177e-07,2.613317789666158e-07,2.796086372179379e-05,2988497866967.2393,22,highpass
1.1911941666483923e-07,6.117457816514e-07,1.4152277552758177e-07,2.613317789666158e-07,2.796086372179379e-05,2988497866967.2393,22,highpass
1.1911941666483923e-07,6.117457816514e-07,1.4152277552758177e-07,2.613317789666158e-07,2.796086372179379e-05,2988497866967.2393,22,highpass
1.1911941666483923e-07,6.117457816514e-07,1.4152277552758177e-07,2.613317789666158e-07,2.796086372179379e-05,2988497866967.2393,22,highpass
1.1911941666483923e-07,3.6930780979354346e-07,1.4152277552758177e-07,2.613317789666158e-07,2.796086372179379e-05,458430967503.1196,22,highpass
1.1911941666483923e-07,6.117457816514e-07,1.4152277552758177e-07,2.613317789666158e-07,2.796086372179379e-05,2988497866967.2393,22,highpass
1.1911941666483923e-07,6.117457816514e-07,1.4152277552758177e-07,2.613317789666158e-07,2.796086372179379e-05,2988497866967.2393,22,highpass
1.1911941666483923e-07,6.117457816514e-07,1.4152277552758177e-07,2.613317789666158e-07,2.796086372179379e-05,2988497866967.2393,22,highpass
1.1950193635090115e-07,6.117457816514e-07,1.4152277552758177e-07,2.613317789666158e-07,2.796086372179379e-05,2437273244640.46,22,highpass
1.1911941666483923e-07,6.117457816514e-07,2.2311388713076797e-07,2.613317789666158e-07,2.796086372179379e-05,801819030.5838794,22,highpass
1.2094558183645652e-07,6.117457816514e-07,1.4152277552758177e-07,2.613317789666158e-07,2.796086372179379e-05,202304103663.899,22,highpass
1.1911941666483923e-07,6.117457816514e-07,2.29346297751243e-07,2.613317789666158e-07,2.796086372179379e-05,-406753150.8149573,22,highpass
1.1911941666483923e-07,6.117457816514e-07,1.4152277552758177e-07,2.613317789666158e-07,2.796086372179379e-05,2988497866967.2393,22,highpass
1.1911941666483923e-07,6.117457816514e-07,1.4152277552758177e-07,2.613317789666158e-07,2.796086372179379e-05,2988497866967.2393,22,highpass
1.1911941666483923e-07,6.117457816514e-07,1.4152277552758177e-07,2.613317789666158e-07,2.796086372179379e-05,2988497866967.2393,22,highpass
1.1911941666483923e-07,6.117457816514e-07,1.4152277552758177e-07,2.613317789666158e-07,2.796086372179379e-05,2988497866967.2393,22,highpass
1.1911941666483923e-07,6.117457816514e-07,1.4152277552758177e-07,2.613317789666158e-07,2.796086372179379e-05,2988497866967.2393,22,highpass
1.1911941666483923e-07,6.117457816514e-07,1.4152277552758177e-07,2.613317789666158e-07,2.796086372179379e-05,2988497866967.2393,22,highpass
1.1911941666483923e-07,6.117457816514e-07,1.4152277552758177e-07,2.613317789666158e-07,9.695940179898952e-06,593976062996.6605,22,highpass
1.1911941666483923e-07,6.117457816514e-07,1.4152277552758177e-07,2.613317789666158e-07,2.796086372179379e-05,2988497866967.2393,22,highpass
1.1911941666483923e-07,6.117457816514e-07,1.3894954855547273e-07,2.613317789666158e-07,2.796086372179379e-05,-1323447023034.0522,22,highpass
1.1911941666483923e-07,6.117457816514e-07,1.4152277552758177e-07,2.613317789666158e-07,2.796086372179379e-05,2988497866967.2393,22,highpass
1.1911941666483923e-07,6.117457816514e-07,1.4152277552758177e-07,2.1895269263888843e-07,2.796086372179379e-05,-1229360499606.538,22,highpass
1.1911941666483923e-07,6.117457816514e-07,1.4152277552758177e-07,2.613317789666158e-07,2.796086372179379e-05,2988497866967.2393,22,highpass
1.1911941666483923e-07,6.117457816514e-07,1.4152277552758177e-07,2.613317789666158e-07,2.796086372179379e-05,2988497866967.2393,22,highpass
1.1911941666483923e-07,6.117457816514e-07,1.4152277552758177e-07,2.613317789666158e-07,2.796086372179379e-05,2988497866967.2393,22,highpass
1.1911941666483923e-07,6.117457816514e-07,1.4152277552758177e-07,2.613317789666158e-07,2.796086372179379e-05,2988497866967.2393,22,highpass
1.1911941666483923e-07,6.117457816514e-07,1.4152277552758177e-07,2.613317789666158e-07,2.796086372179379e-05,2988497866967.2393,22,highpass
1.1911941666483923e-07,6.117457816514e-07,1.4152277552758177e-07,2.613317789666158e-07,2.796086372179379e-05,2988497866967.2393,23,highpass
1.1911941666483923e-07,6.285413085580611e-07,1.4152277552758177e-07,2.613317789666158e-07,2.796086372179379e-05,1334025302138.054,23,highpass
1.1911941666483923e-07,6.117457816514e-07,1.4152277552758177e-07,2.613317789666158e-07,2.796086372179379e-05,2988497866967.2393,23,highpass
1.1911941666483923e-07,6.117457816514e-07,1.4152277552758177e-07,2.613317789666158e-07,2.796086372179379e-05,2988497866967.2393,23,highpass
1.1911941666483923e-07,6.117457816514e-07,1.4152277552758177e-07,2.613317789666158e-07,2.796086372179379e-05,2988497866967.2393,23,highpass
1.1911941666483923e-07,6.117457816514e-07,1.4152277552758177e-07,2.613317789666158e-07,2.796086372179379e-05,2988497866967.2393,23,highpass
1.1911941666483923e-07,6.117457816514e-07,1.4152277552758177e-07,2.613317789666158e-07,2.796086372179379e-05,2988497866967.2393,23,highpass
1.1911941666483923e-07,6.117457816514e-07,1.4152277552758177e-07,2.613317789666158e-07,2.796086372179379e-05,2988497866967.2393,23,highpass
1.1911941666483923e-07,6.117457816514e-07,1.4152277552758177e-07,2.613317789666158e-07,2.796086372179379e-05,2988497866967.2393,23,highpass
1.1911941666483923e-07,6.117457816514e-07,1.4152277552758177e-07,2.613317789666158e-07,2.796086372179379e-05,2988497866967.2393,23,highpass
1.1911941666483923e-07,6.117457816514e-07,1.4152277552758177e-07,2.613317789666158e-07,2.796086372179379e-05,2988497866967.2393,23,highpass
1.1911941666483923e-07,6.117457816514e-07,1.4152277552758177e-07,2.613317789666158e-07,2.796086372179379e-05,2988497866967.2393,23,highpass
1.1911941666483923e-07,6.117457816514e-07,1.4152277552758177e-07,2.613317789666158e-07,2.796086372179379e-05,2988497866967.2393,23,highpass
1.1911941666483923e-07,6.117457816514e-07,1.4152277552758177e-07,2.613317789666158e-07,2.796086372179379e-05,2988497866967.2393,23,highpass
1.1911941666483923e-07,6.117457816514e-07,1.4152277552758177e-07,2.613317789666158e-07,2.796086372179379e-05,2988497866967.2393,23,highpass
1.1911941666483923e-07,5.648727173216723e-07,1.4152277552758177e-07,2.613317789666158e-07,2.796086372179379e-05,-22560599722.249027,23,highpass
1.1911941666483923e-07,6.117457816514e-07,1.4152277552758177e-07,2.613317789666158e-07,2.796086372179379e-05,2988497866967.2393,23,highpass
1.1911941666483923e-07,6.117457816514e-07,1.4152277552758177e-07,2.613317789666158e-07,2.796086372179379e-05,2988497866967.2393,23,highpass
1.5985398517814013e-07,6.117457816514e-07,1.4152277552758177e-07,2.613317789666158e-07,2.796086372179379e-05,-2113623166384.5598,23,highpass
1.1911941666483923e-07,6.117457816514e-07,1.4152277552758177e-07,2.613317789666158e-07,2.796086372179379e-05,2988497866967.2393,23,highpass
1.1911941666483923e-07,6.117457816514e-07,1.4152277552758177e-07,2.613317789666158e-07,2.796086372179379e-05,2988497866967.2393,23,highpass
1.1911941666483923e-07,6.117457816514e-07,1.4152277552758177e-07,2.613317789666158e-07,2.796086372179379e-05,2988497866967.2393,23,highpass
1.1911941666483923e-07,6.117457816514e-07,1.4152277552758177e-07,2.613317789666158e-07,2.796086372179379e-05,2988497866967.2393,23,highpass
1.1911941666483923e-07,6.117457816514e-07,1.4152277552758177e-07,2.613317789666158e-07,2.796086372179379e-05,2988497866967.2393,23,highpass
1.1911941666483923e-07,6.117457816514e-07,1.4152277552758177e-07,2.601287406699323e-07,2.796086372179379e-05,3007338210199.9395,23,highpass
1.1911941666483923e-07,6.117457816514e-07,1.4152277552758177e-07,2.613317789666158e-07,2.796086372179379e-05,2988497866967.2393,23,highpass
1.1911941666483923e-07,6.117457816514e-07,1.4152277552758177e-07,2.0144400317241088e-07,2.796086372179379e-05,454133087602.9684,23,highpass
1.1911941666483923e-07,6.117457816514e-07,1.4152277552758177e-07,2.613317789666158e-07,2.796086372179379e-05,2988497866967.2393,23,highpass
1.1911941666483923e-07,6.117457816514e-07,1.4152277552758177e-07,2.613317789666158e-07,2.796086372179379e-05,2988497866967.2393,23,highpass
1.1911941666483923e-07,6.117457816514e-07,1.4152277552758177e-07,2.613317789666158e-07,2.796086372179379e-05,2988497866967.2393,23,highpass
1.1911941666483923e-07,6.117457816514e-07,1.4152277552758177e-07,2.601287406699323e-07,2.796086372179379e-05,3007338210199.9395,24,highpass
1.1911941666483923e-07,6.117457816514e-07,1.4152277552758177e-07,2.613317789666158e-07,2.796086372179379e-05,2988497866967.2393,24,highpass
1.1911941666483923e-07,6.117457816514e-07,1.4152277552758177e-07,2.613317789666158e-07,2.796086372179379e-05,2988497866967.2393,24,highpass
1.1911941666483923e-07,6.117457816514e-07,1.4152277552758177e-07,2.613317789666158e-07,2.796086372179379e-05,2988497866967.2393,24,highpass
1.1911941666483923e-07,6.117457816514e-07,1.4152277552758177e-07,2.601287406699323e-07,2.796086372179379e-05,3007338210199.9395,24,highpass
1.1911941666483923e-07,6.117457816514e-07,1.4152277552758177e-07,2.613317789666158e-07,2.796086372179379e-05,2988497866967.2393,24,highpass
1.1151403723291871e-07,6.117457816514e-07,1.4152277552758177e-07,2.613317789666158e-07,2.796086372179379e-05,-528664559537.5834,24,highpass
1.1911941666483923e-07,6.117457816514e-07,1.4152277552758177e-07,2.613317789666158e-07,2.796086372179379e-05,2988497866967.2393,24,highpass
1.1911941666483923e-07,6.117457816514e-07,1.4152277552758177e-07,2.613317789666158e-07,2.796086372179379e-05,2988497866967.2393,24,highpass
1.2341756980838813e-07,6.117457816514e-07,1.4152277552758177e-07,2.613317789666158e-07,2.796086372179379e-05,1959532709899.6782,24,highpass
1.1911941666483923e-07,6.117457816514e-07,1.4152277552758177e-07,2.613317789666158e-07,2.796086372179379e-05,2988497866967.2393,24,highpass
1.1911941666483923e-07,6.117457816514e-07,1.4152277552758177e-07,2.613317789666158e-07,2.796086372179379e-05,2988497866967.2393,24,highpass
1.1911941666483923e-07,6.117457816514e-07,1.4152277552758177e-07,2.613317789666158e-07,2.796086372179379e-05,2988497866967.2393,24,highpass
1.1911941666483923e-07,6.117457816514e-07,1.4152277552758177e-07,2.601287406699323e-07,2.796086372179379e-05,3007338210199.9395,24,highpass
1.1911941666483923e-07,6.117457816514e-07,1.4152277552758177e-07,2.613317789666158e-07,2.0218979804002135e-05,-1120316688107.8762,24,highpass
1.1911941666483923e-07,6.117457816514e-07,1.4152277552758177e-07,2.613317789666158e-07,2.796086372179379e-05,2988497866967.2393,24,highpass
1.1911941666483923e-07,6.117457816514e-07,1.4152277552758177e-07,2.613317789666158e-07,2.796086372179379e-05,2988497866967.2393,24,highpass
1.1911941666483923e-07,6.117457816514e-07,1.4152277552758177e-07,2.613317789666158e-07,2.796086372179379e-05,2988497866967.2393,24,highpass
1.1911941666483923e-07,6.117457816514e-07,1.4152277552758177e-07,2.613317789666158e-07,2.796086372179379e-05,2988497866967.2393,24,highpass
1.1911941666483923e-07,6.117457816514e-07,1.4152277552758177e-07,2.613317789666158e-07,2.796086372179379e-05,2988497866967.2393,24,highpass
1.1911941666483923e-07,6.117457816514e-07,1.4152277552758177e-07,2.613317789666158e-07,2.796086372179379e-05,2988497866967.2393,24,highpass
1.1911941666483923e-07,6.117457816514e-07,1.4152277552758177e-07,2.613317789666158e-07,2.796086372179379e-05,2988497866967.2393,24,highpass
1.1911941666483923e-07,6.117457816514e-07,1.4152277552758177e-07,2.613317789666158e-07,2.796086372179379e-05,2988497866967.2393,24,highpass
1.1911941666483923e-07,6.117457816514e-07,1.4152277552758177e-07,2.613317789666158e-07,2.796086372179379e-05,2988497866967.2393,24,highpass
1.1911941666483923e-07,6.117457816514e-07,1.4152277552758177e-07,2.613317789666158e-07,2.796086372179379e-05,2988497866967.2393,24,highpass
1.1911941666483923e-07,6.117457816514e-07,1.4152277552758177e-07,2.601287406699323e-07,2.796086372179379e-05,3007338210199.9395,24,highpass
1.1911941666483923e-07,6.117457816514e-07,1.4152277552758177e-07,1.606116288727754e-07,2.796086372179379e-05,494165797581.14594,24,highpass
1.1911941666483923e-07,6.117457816514e-07,1.41390016105103e-07,2.613317789666158e-07,2.796086372179379e-05,3012915048095.539,24,highpass
1.1911941666483923e-07,6.117457816514e-07,1.4152277552758177e-07,2.613317789666158e-07,2.796086372179379e-05,2988497866967.2393,24,highpass
1.1911941666483923e-07,6.117457816514e-07,1.4152277552758177e-07,2.613317789666158e-07,2.796086372179379e-05,2988497866967.2393,24,highpass
1.1911941666483923e-07,6.117457816514e-07,1.41390016105103e-07,2.613317789666158e-07,2.796086372179379e-05,3012915048095.539,25,highpass
1.1911941666483923e-07,6.117457816514e-07,1.4152277552758177e-07,2.601287406699323e-07,2.796086372179379e-05,3007338210199.9395,25,highpass
1.1911941666483923e-07,6.117457816514e-07,1.41390016105103e-07,2.613317789666158e-07,2.796086372179379e-05,3012915048095.539,25,highpass
1.1911941666483923e-07,6.117457816514e-07,1.41390016105103e-07,2.601287406699323e-07,2.796086372179379e-05,2963276680471.8027,25,highpass
1.1911941666483923e-07,6.117457816514e-07,1.4152277552758177e-07,2.601287406699323e-07,2.796086372179379e-05,3007338210199.9395,25,highpass
1.1911941666483923e-07,6.117457816514e-07,1.4152277552758177e-07,2.601287406699323e-07,2.796086372179379e-05,3007338210199.9395,25,highpass
1.1911941666483923e-07,6.117457816514e-07,1.4152277552758177e-07,2.601287406699323e-07,2.796086372179379e-05,3007338210199.9395,25,highpass
1.1911941666483923e-07,6.117457816514e-07,1.4152277552758177e-07,2.613317789666158e-07,2.796086372179379e-05,2988497866967.2393,25,highpass
1.2603123793889826e-07,6.117457816514e-07,1.4152277552758177e-07,2.613317789666158e-07,2.796086372179379e-05,-460257605835.07104,25,highpass
1.1911941666483923e-07,6.117457816514e-07,1.4152277552758177e-07,2.601287406699323e-07,2.796086372179379e-05,3007338210199.9395,25,highpass
1.1911941666483923e-07,6.117457816514e-07,1.4152277552758177e-07,2.601287406699323e-07,2.796086372179379e-05,3007338210199.9395,25,highpass
1.1911941666483923e-07,6.117457816514e-07,1.4152277552758177e-07,2.601287406699323e-07,2.796086372179379e-05,3007338210199.9395,25,highpass
1.1911941666483923e-07,6.117457816514e-07,1.4152277552758177e-07,2.601287406699323e-07,4.44049887203378e-05,675794624656.3545,25,highpass
1.1911941666483923e-07,6.117457816514e-07,1.4152277552758177e-07,2.613317789666158e-07,2.796086372179379e-05,2988497866967.2393,25,highpass
1.1911941666483923e-07,6.117457816514e-07,1.4152277552758177e-07,2.601287406699323e-07,2.4158338092562266e-05,-1197853419740.385,25,highpass
1.1911941666483923e-07,6.117457816514e-07,1.4152277552758177e-07,2.613317789666158e-07,3.350735184470556e-05,95030481473.63098,25,highpass
1.1911941666483923e-07,6.117457816514e-07,1.4152277552758177e-07,2.601287406699323e-07,2.796086372179379e-05,3007338210199.9395,25,highpass
1.1911941666483923e-07,6.117457816514e-07,1.41390016105103e-07,2.613317789666158e-07,2.796086372179379e-05,3012915048095.539,25,highpass
1.1911941666483923e-07,6.098120549841272e-07,1.41390016105103e-07,2.613317789666158e-07,2.796086372179379e-05,2896512174605.7827,25,highpass
1.1499298019017508e-07,6.117457816514e-07,1.4152277552758177e-07,2.601287406699323e-07,2.796086372179379e-05,-1387132033251.5098,25,highpass
1.1911941666483923e-07,6.117457816514e-07,1.4152277552758177e-07,2.601287406699323e-07,2.796086372179379e-05,3007338210199.9395,25,highpass
1.1911941666483923e-07,6.117457816514e-07,1.41390016105103e-07,2.613317789666158e-07,2.796086372179379e-05,3012915048095.539,25,highpass
1.1911941666483923e-07,6.117457816514e-07,1.4152277552758177e-07,2.613317789666158e-07,2.796086372179379e-05,2988497866967.2393,25,highpass
1.1911941666483923e-07,6.117457816514e-07,1.4152277552758177e-07,2.601287406699323e-07,2.796086372179379e-05,3007338210199.9395,25,highpass
1.1911941666483923e-07,6.117457816514e-07,1.41390016105103e-07,2.613317789666158e-07,2.7614985870469585e-05,-765774986374.9058,25,highpass
1.1911941666483923e-07,6.117457816514e-07,1.4152277552758177e-07,2.601287406699323e-07,2.796086372179379e-05,3007338210199.9395,25,highpass
1.1911941666483923e-07,6.117457816514e-07,1.4152277552758177e-07,2.601287406699323e-07,2.796086372179379e-05,3007338210199.9395,25,highpass
1.1911941666483923e-07,6.117457816514e-07,1.4152277552758177e-07,2.601287406699323e-07,2.796086372179379e-05,3007338210199.9395,25,highpass
1.1911941666483923e-07,6.117457816514e-07,1.4152277552758177e-07,2.601287406699323e-07,2.796086372179379e-05,3007338210199.9395,25,highpass
1.1911941666483923e-07,6.117457816514e-07,1.4152277552758177e-07,2.613317789666158e-07,2.796086372179379e-05,2988497866967.2393,25,highpass
1.1911941666483923e-07,6.117457816514e-07,1.41390016105103e-07,2.613317789666158e-07,2.796086372179379e-05,3012915048095.539,26,highpass
1.1911941666483923e-07,6.117457816514e-07,1.4152277552758177e-07,2.613317789666158e-07,2.796086372179379e-05,2988497866967.2393,26,highpass
1.1911941666483923e-07,6.117457816514e-07,1.4152277552758177e-07,2.601287406699323e-07,2.796086372179379e-05,3007338210199.9395,26,highpass
1.1911941666483923e-07,6.117457816514e-07,1.4152277552758177e-07,2.601287406699323e-07,2.796086372179379e-05,3007338210199.9395,26,highpass
1.1911941666483923e-07,6.117457816514e-07,1.4152277552758177e-07,2.601287406699323e-07,2.796086372179379e-05,3007338210199.9395,26,highpass
2.1907138187546106e-07,6.117457816514e-07,1.41390016105103e-07,2.613317789666158e-07,2.796086372179379e-05,-2518962368806.335,26,highpass
1.1911941666483923e-07,6.117457816514e-07,1.4152277552758177e-07,2.601287406699323e-07,2.796086372179379e-05,3007338210199.9395,26,highpass
1.1911941666483923e-07,6.117457816514e-07,1.41390016105103e-07,2.613317789666158e-07,2.796086372179379e-05,3012915048095.539,26,highpass
1.1911941666483923e-07,6.117457816514e-07,1.41390016105103e-07,2.601287406699323e-07,2.796086372179379e-05,2963276680471.8027,26,highpass
1.1911941666483923e-07,6.117457816514e-07,1.41390016105103e-07,2.613317789666158e-07,2.796086372179379e-05,3012915048095.539,26,highpass
1.1911941666483923e-07,6.117457816514e-07,1.41390016105103e-07,2.613317789666158e-07,2.796086372179379e-05,3012915048095.539,26,highpass
1.1911941666483923e-07,6.117457816514e-07,1.41390016105103e-07,2.613317789666158e-07,2.9951667043463855e-05,-2267830626436.7954,26,highpass
1.1911941666483923e-07,6.117457816514e-07,1.4152277552758177e-07,2.613317789666158e-07,2.796086372179379e-05,2988497866967.2393,26,highpass
1.1911941666483923e-07,6.117457816514e-07,1.4152277552758177e-07,2.601287406699323e-07,2.796086372179379e-05,3007338210199.9395,26,highpass
1.1911941666483923e-07,6.117457816514e-07,1.41390016105103e-07,2.613317789666158e-07,2.796086372179379e-05,3012915048095.539,26,highpass
1.1564801158292538e-07,6.117457816514e-07,1.4152277552758177e-07,2.601287406699323e-07,2.796086372179379e-05,-332643364567.45605,26,highpass
1.1911941666483923e-07,6.117457816514e-07,1.4152277552758177e-07,2.601287406699323e-07,2.796086372179379e-05,3007338210199.9395,26,highpass
1.1911941666483923e-07,6.117457816514e-07,1.4152277552758177e-07,2.601287406699323e-07,2.7994337170983204e-05,3007338210199.9395,26,highpass
1.1911941666483923e-07,6.117457816514e-07,1.4152277552758177e-07,2.601287406699323e-07,2.796086372179379e-05,3007338210199.9395,26,highpass
1.1911941666483923e-07,6.117457816514e-07,1.4152277552758177e-07,2.601287406699323e-07,2.796086372179379e-05,3007338210199.9395,26,highpass
1.1911941666483923e-07,6.117457816514e-07,1.41390016105103e-07,2.613317789666158e-07,2.796086372179379e-05,3012915048095.539,26,highpass
1.1911941666483923e-07,6.117457816514e-07,1.4152277552758177e-07,2.601287406699323e-07,2.796086372179379e-05,3007338210199.9395,26,highpass
1.1911941666483923e-07,6.117457816514e-07,1.41390016105103e-07,2.601287406699323e-07,2.796086372179379e-05,2963276680471.8027,26,highpass
1.1911941666483923e-07,6.117457816514e-07,1.41390016105103e-07,2.613317789666158e-07,2.796086372179379e-05,3012915048095.539,26,highpass
1.1911941666483923e-07,6.117457816514e-07,1.4152277552758177e-07,2.601287406699323e-07,2.796086372179379e-05,3007338210199.9395,26,highpass
1.1911941666483923e-07,6.117457816514e-07,1.41390016105103e-07,2.613317789666158e-07,2.6732926270595843e-05,-877857403181.2463,26,highpass
1.1911941666483923e-07,6.117457816514e-07,1.4152277552758177e-07,2.601287406699323e-07,2.796086372179379e-05,3007338210199.9395,26,highpass
1.1911941666483923e-07,6.117457816514e-07,1.4152277552758177e-07,2.601287406699323e-07,2.796086372179379e-05,3007338210199.9395,26,highpass
1.1911941666483923e-07,6.117457816514e-07,1.4152277552758177e-07,2.601287406699323e-07,2.796086372179379e-05,3007338210199.9395,26,highpass
1.1911941666483923e-07,6.117457816514e-07,1.41390016105103e-07,2.613317789666158e-07,2.796086372179379e-05,3012915048095.539,26,highpass
1.1911941666483923e-07,6.117457816514e-07,1.41390016105103e-07,2.613317789666158e-07,2.796086372179379e-05,3012915048095.539,27,highpass
1.1911941666483923e-07,6.117457816514e-07,1.41390016105103e-07,2.613317789666158e-07,2.796086372179379e-05,3012915048095.539,27,highpass
1.1911941666483923e-07,6.117457816514e-07,1.4152277552758177e-07,2.601287406699323e-07,2.796086372179379e-05,3007338210199.9395,27,highpass
1.1911941666483923e-07,6.117457816514e-07,1.41390016105103e-07,2.613317789666158e-07,2.796086372179379e-05,3012915048095.539,27,highpass
1.1959330387671832e-07,6.117457816514e-07,1.41390016105103e-07,2.613317789666158e-07,2.796086372179379e-05,2747280866850.937,27,highpass
1.1911941666483923e-07,6.117457816514e-07,1.41390016105103e-07,2.613317789666158e-07,2.796086372179379e-05,3012915048095.539,27,highpass
1.1911941666483923e-07,6.117457816514e-07,1.41390016105103e-07,2.613317789666158e-07,2.796086372179379e-05,3012915048095.539,27,highpass
1.1911941666483923e-07,6.117457816514e-07,1.41390016105103e-07,2.613317789666158e-07,2.796086372179379e-05,3012915048095.539,27,highpass
1.1911941666483923e-07,6.117457816514e-07,1.41390016105103e-07,2.613317789666158e-07,2.796086372179379e-05,3012915048095.539,27,highpass
1.1911941666483923e-07,6.117457816514e-07,1.41390016105103e-07,2.613317789666158e-07,2.796086372179379e-05,3012915048095.539,27,highpass
1.1911941666483923e-07,6.117457816514e-07,1.41390016105103e-07,2.613317789666158e-07,2.796086372179379e-05,3012915048095.539,27,highpass
1.1911941666483923e-07,6.117457816514e-07,1.41390016105103e-07,2.613317789666158e-07,2.796086372179379e-05,3012915048095.539,27,highpass
1.1911941666483923e-07,6.117457816514e-07,1.41390016105103e-07,2.613317789666158e-07,2.796086372179379e-05,3012915048095.539,27,highpass
1.1911941666483923e-07,6.117457816514e-07,1.41390016105103e-07,2.613317789666158e-07,2.796086372179379e-05,3012915048095.539,27,highpass
1.1911941666483923e-07,5.934247244789735e-07,1.4152277552758177e-07,2.613317789666158e-07,2.796086372179379e-05,1125876056214.579,27,highpass
1.1911941666483923e-07,5.923447601395697e-07,1.41390016105103e-07,2.613317789666158e-07,2.796086372179379e-05,-1044853366850.2385,27,highpass
1.1911941666483923e-07,6.117457816514e-07,1.41390016105103e-07,2.1742383979590098e-07,2.796086372179379e-05,-293115678100.52203,27,highpass
1.1911941666483923e-07,6.117457816514e-07,1.41390016105103e-07,2.613317789666158e-07,2.796086372179379e-05,3012915048095.539,27,highpass
1.1911941666483923e-07,6.117457816514e-07,1.41390016105103e-07,2.613317789666158e-07,2.796086372179379e-05,3012915048095.539,27,highpass
1.160784238083198e-07,6.117457816514e-07,1.4152277552758177e-07,2.601287406699323e-07,2.796086372179379e-05,2271612763473.7305,27,highpass
1.1911941666483923e-07,6.117457816514e-07,1.41390016105103e-07,2.613317789666158e-07,2.796086372179379e-05,3012915048095.539,27,highpass
1.1911941666483923e-07,6.117457816514e-07,1.41390016105103e-07,2.613317789666158e-07,2.796086372179379e-05,3012915048095.539,27,highpass
1.1911941666483923e-07,6.117457816514e-07,1.41390016105103e-07,2.613317789666158e-07,2.796086372179379e-05,3012915048095.539,27,highpass
1.1911941666483923e-07,6.117457816514e-07,1.41390016105103e-07,2.613317789666158e-07,2.796086372179379e-05,3012915048095.539,27,highpass
1.1911941666483923e-07,6.117457816514e-07,1.41390016105103e-07,2.613317789666158e-07,2.796086372179379e-05,3012915048095.539,27,highpass
1.1911941666483923e-07,6.117457816514e-07,1.41390016105103e-07,2.613317789666158e-07,2.796086372179379e-05,3012915048095.539,27,highpass
1.1911941666483923e-07,6.117457816514e-07,1.41390016105103e-07,2.613317789666158e-07,2.796086372179379e-05,3012915048095.539,27,highpass
1.1911941666483923e-07,6.117457816514e-07,1.41390016105103e-07,2.613317789666158e-07,2.796086372179379e-05,3012915048095.539,27,highpass
1.1911941666483923e-07,6.117457816514e-07,1.41390016105103e-07,2.613317789666158e-07,2.796086372179379e-05,3012915048095.539,27,highpass
1.1911941666483923e-07,6.117457816514e-07,1.41390016105103e-07,2.613317789666158e-07,2.796086372179379e-05,3012915048095.539,27,highpass
1.1911941666483923e-07,6.117457816514e-07,1.41390016105103e-07,2.613317789666158e-07,2.796086372179379e-05,3012915048095.539,28,highpass
1.1911941666483923e-07,6.117457816514e-07,1.41390016105103e-07,2.613317789666158e-07,2.796086372179379e-05,3012915048095.539,28,highpass
1.1911941666483923e-07,6.117457816514e-07,1.41390016105103e-07,2.613317789666158e-07,2.796086372179379e-05,3012915048095.539,28,highpass
1.1911941666483923e-07,6.117457816514e-07,1.41390016105103e-07,2.613317789666158e-07,2.796086372179379e-05,3012915048095.539,28,highpass
1.1911941666483923e-07,6.117457816514e-07,1.209785903521683e-07,2.613317789666158e-07,2.796086372179379e-05,731501968703.6245,28,highpass
1.1911941666483923e-07,6.117457816514e-07,1.41390016105103e-07,2.613317789666158e-07,2.796086372179379e-05,3012915048095.539,28,highpass
1.1911941666483923e-07,6.117457816514e-07,1.3780964437550802e-07,2.613317789666158e-07,2.796086372179379e-05,2259761430449.7036,28,highpass
1.1911941666483923e-07,6.117457816514e-07,1.41390016105103e-07,2.613317789666158e-07,2.796086372179379e-05,3012915048095.539,28,highpass
1.1911941666483923e-07,6.117457816514e-07,1.41390016105103e-07,2.613317789666158e-07,2.796086372179379e-05,3012915048095.539,28,highpass
1.1911941666483923e-07,6.117457816514e-07,1.41390016105103e-07,2.613317789666158e-07,2.796086372179379e-05,3012915048095.539,28,highpass
1.1911941666483923e-07,6.117457816514e-07,1.41390016105103e-07,2.613317789666158e-07,2.796086372179379e-05,3012915048095.539,28,highpass
1.1911941666483923e-07,6.117457816514e-07,1.41390016105103e-07,2.613317789666158e-07,2.796086372179379e-05,3012915048095.539,28,highpass
1.1911941666483923e-07,6.117457816514e-07,1.41390016105103e-07,2.613317789666158e-07,2.796086372179379e-05,3012915048095.539,28,highpass
1.1911941666483923e-07,6.117457816514e-07,1.41390016105103e-07,2.613317789666158e-07,2.796086372179379e-05,3012915048095.539,28,highpass
1.1911941666483923e-07,6.117457816514e-07,1.41390016105103e-07,2.613317789666158e-07,2.796086372179379e-05,3012915048095.539,28,highpass
1.1911941666483923e-07,6.117457816514e-07,1.41390016105103e-07,2.613317789666158e-07,3.112607696749678e-05,1482335978502.558,28,highpass
1.1911941666483923e-07,6.117457816514e-07,1.41390016105103e-07,2.613317789666158e-07,2.796086372179379e-05,3012915048095.539,28,highpass
1.1911941666483923e-07,6.117457816514e-07,1.41390016105103e-07,2.613317789666158e-07,2.796086372179379e-05,3012915048095.539,28,highpass
1.1911941666483923e-07,6.117457816514e-07,1.41390016105103e-07,2.613317789666158e-07,2.796086372179379e-05,3012915048095.539,28,highpass
1.1911941666483923e-07,6.117457816514e-07,1.41390016105103e-07,2.613317789666158e-07,2.796086372179379e-05,3012915048095.539,28,highpass
1.1911941666483923e-07,6.117457816514e-07,1.41390016105103e-07,2.613317789666158e-07,2.796086372179379e-05,3012915048095.539,28,highpass
1.1911941666483923e-07,6.06492020027642e-07,1.41390016105103e-07,2.613317789666158e-07,2.796086372179379e-05,1254157650215.2039,28,highpass
1.1911941666483923e-07,6.117457816514e-07,1.41390016105103e-07,2.613317789666158e-07,2.796086372179379e-05,3012915048095.539,28,highpass
1.1911941666483923e-07,6.117457816514e-07,1.41390016105103e-07,2.613317789666158e-07,2.796086372179379e-05,3012915048095.539,28,highpass
1.1911941666483923e-07,6.117457816514e-07,1.41390016105103e-07,2.613317789666158e-07,2.796086372179379e-05,3012915048095.539,28,highpass
1.1911941666483923e-07,6.117457816514e-07,1.41390016105103e-07,2.613317789666158e-07,2.7641306159143178e-05,-765593434229.7838,28,highpass
1.1911941666483923e-07,6.117457816514e-07,1.41390016105103e-07,2.613317789666158e-07,2.796086372179379e-05,3012915048095.539,28,highpass
1.1911941666483923e-07,6.117457816514e-07,1.41390016105103e-07,2.613317789666158e-07,2.796086372179379e-05,3012915048095.539,28,highpass
1.1911941666483923e-07,6.117457816514e-07,1.41390016105103e-07,2.613317789666158e-07,2.796086372179379e-05,3012915048095.539,28,highpass
1.1911941666483923e-07,6.117457816514e-07,1.41390016105103e-07,2.613317789666158e-07,2.796086372179379e-05,3012915048095.539,28,highpass
1.1911941666483923e-07,6.117457816514e-07,1.41390016105103e-07,2.613317789666158e-07,2.796086372179379e-05,3012915048095.539,29,highpass
1.1911941666483923e-07,6.117457816514e-07,1.41390016105103e-07,2.613317789666158e-07,2.796086372179379e-05,3012915048095.539,29,highpass
1.1911941666483923e-07,6.117457816514e-07,1.41390016105103e-07,2.613317789666158e-07,2.796086372179379e-05,3012915048095.539,29,highpass
1.1911941666483923e-07,6.117457816514e-07,1.41390016105103e-07,2.613317789666158e-07,2.796086372179379e-05,3012915048095.539,29,highpass
1.1911941666483923e-07,6.117457816514e-07,1.41390016105103e-07,2.613317789666158e-07,2.796086372179379e-05,3012915048095.539,29,highpass
1.1911941666483923e-07,6.117457816514e-07,1.41390016105103e-07,2.613317789666158e-07,2.796086372179379e-05,3012915048095.539,29,highpass
1.1911941666483923e-07,6.117457816514e-07,1.41390016105103e-07,2.613317789666158e-07,2.796086372179379e-05,3012915048095.539,29,highpass
1.1911941666483923e-07,6.117457816514e-07,1.41390016105103e-07,2.613317789666158e-07,2.796086372179379e-05,3012915048095.539,29,highpass
1.1911941666483923e-07,6.117457816514e-07,1.41390016105103e-07,2.613317789666158e-07,2.796086372179379e-05,3012915048095.539,29,highpass
1.1911941666483923e-07,6.117457816514e-07,1.41390016105103e-07,2.613317789666158e-07,2.796086372179379e-05,3012915048095.539,29,highpass
1.1911941666483923e-07,6.117457816514e-07,1.41390016105103e-07,2.613317789666158e-07,2.796086372179379e-05,3012915048095.539,29,highpass
1.1911941666483923e-07,6.117457816514e-07,1.41390016105103e-07,2.613317789666158e-07,2.796086372179379e-05,3012915048095.539,29,highpass
1.1911941666483923e-07,6.117457816514e-07,1.41390016105103e-07,2.613317789666158e-07,2.796086372179379e-05,3012915048095.539,29,highpass
1.1911941666483923e-07,6.117457816514e-07,1.41390016105103e-07,2.613317789666158e-07,2.796086372179379e-05,3012915048095.539,29,highpass
1.1911941666483923e-07,6.117457816514e-07,1.41390016105103e-07,2.613317789666158e-07,2.796086372179379e-05,3012915048095.539,29,highpass
1.1911941666483923e-07,6.117457816514e-07,1.41390016105103e-07,2.613317789666158e-07,2.796086372179379e-05,3012915048095.539,29,highpass
1.1911941666483923e-07,6.117457816514e-07,1.41390016105103e-07,2.613317789666158e-07,2.796086372179379e-05,3012915048095.539,29,highpass
1.1911941666483923e-07,6.117457816514e-07,1.41390016105103e-07,2.613317789666158e-07,2.796086372179379e-05,3012915048095.539,29,highpass
1.1911941666483923e-07,6.117457816514e-07,1.41390016105103e-07,2.613317789666158e-07,2.796086372179379e-05,3012915048095.539,29,highpass
1.1911941666483923e-07,6.117457816514e-07,1.41390016105103e-07,2.613317789666158e-07,2.796086372179379e-05,3012915048095.539,29,highpass
1.1911941666483923e-07,6.117457816514e-07,1.41390016105103e-07,2.613317789666158e-07,1.7093317311660624e-05,-2220075601741.2397,29,highpass
1.1911941666483923e-07,6.117457816514e-07,1.41390016105103e-07,2.613317789666158e-07,2.796086372179379e-05,3012915048095.539,29,highpass
1.1911941666483923e-07,6.117457816514e-07,1.41390016105103e-07,2.613317789666158e-07,2.796086372179379e-05,3012915048095.539,29,highpass
1.1911941666483923e-07,6.117457816514e-07,1.41390016105103e-07,2.613317789666158e-07,2.796086372179379e-05,3012915048095.539,29,highpass
1.1911941666483923e-07,6.117457816514e-07,1.41390016105103e-07,2.613317789666158e-07,2.796086372179379e-05,3012915048095.539,29,highpass
1.1911941666483923e-07,6.117457816514e-07,1.41390016105103e-07,2.613317789666158e-07,2.796086372179379e-05,3012915048095.539,29,highpass
1.1911941666483923e-07,6.117457816514e-07,1.41390016105103e-07,2.613317789666158e-07,2.796086372179379e-05,3012915048095.539,29,highpass
1.1911941666483923e-07,6.117457816514e-07,1.41390016105103e-07,2.613317789666158e-07,2.796086372179379e-05,3012915048095.539,29,highpass
1.1911941666483923e-07,6.117457816514e-07,1.41390016105103e-07,2.613317789666158e-07,2.796086372179379e-05,3012915048095.539,29,highpass
1.1911941666483923e-07,6.117457816514e-07,1.41390016105103e-07,2.613317789666158e-07,2.796086372179379e-05,3012915048095.539,29,highpass
1.1911941666483923e-07,6.117457816514e-07,1.41390016105103e-07,2.613317789666158e-07,2.796086372179379e-05,3012915048095.539,30,highpass
1.1911941666483923e-07,6.117457816514e-07,1.41390016105103e-07,2.613317789666158e-07,2.796086372179379e-05,3012915048095.539,30,highpass
1.1911941666483923e-07,6.117457816514e-07,1.41390016105103e-07,2.613317789666158e-07,2.796086372179379e-05,3012915048095.539,30,highpass
1.1911941666483923e-07,6.117457816514e-07,1.41390016105103e-07,2.613317789666158e-07,2.796086372179379e-05,3012915048095.539,30,highpass
1.1911941666483923e-07,6.117457816514e-07,1.41390016105103e-07,2.613317789666158e-07,2.796086372179379e-05,3012915048095.539,30,highpass
2.420053054757034e-07,6.117457816514e-07,1.41390016105103e-07,2.613317789666158e-07,2.796086372179379e-05,-101389069819.00299,30,highpass
1.1911941666483923e-07,6.117457816514e-07,1.41390016105103e-07,2.613317789666158e-07,2.796086372179379e-05,3012915048095.539,30,highpass
1.1911941666483923e-07,6.117457816514e-07,1.41390016105103e-07,2.613317789666158e-07,2.796086372179379e-05,3012915048095.539,30,highpass
1.1911941666483923e-07,6.117457816514e-07,1.41390016105103e-07,2.613317789666158e-07,2.796086372179379e-05,3012915048095.539,30,highpass
1.1911941666483923e-07,6.117457816514e-07,1.41390016105103e-07,2.613317789666158e-07,2.796086372179379e-05,3012915048095.539,30,highpass
1.1911941666483923e-07,6.117457816514e-07,1.41390016105103e-07,2.613317789666158e-07,2.796086372179379e-05,3012915048095.539,30,highpass
1.1911941666483923e-07,6.117457816514e-07,1.4514706624157755e-07,2.613317789666158e-07,2.796086372179379e-05,3939250437420.023,30,highpass
1.1911941666483923e-07,6.117457816514e-07,1.41390016105103e-07,2.613317789666158e-07,2.796086372179379e-05,3012915048095.539,30,highpass
1.1911941666483923e-07,5.22166697018736e-07,1.41390016105103e-07,2.613317789666158e-07,2.796086372179379e-05,971191087320.9299,30,highpass
1.1911941666483923e-07,6.117457816514e-07,1.41390016105103e-07,2.613317789666158e-07,2.796086372179379e-05,3012915048095.539,30,highpass
1.1911941666483923e-07,6.117457816514e-07,1.41390016105103e-07,2.613317789666158e-07,2.796086372179379e-05,3012915048095.539,30,highpass
1.1911941666483923e-07,6.117457816514e-07,1.41390016105103e-07,2.613317789666158e-07,2.796086372179379e-05,3012915048095.539,30,highpass
1.1911941666483923e-07,6.117457816514e-07,1.41390016105103e-07,2.613317789666158e-07,2.796086372179379e-05,3012915048095.539,30,highpass
1.1911941666483923e-07,6.117457816514e-07,1.41390016105103e-07,2.613317789666158e-07,2.796086372179379e-05,3012915048095.539,30,highpass
1.1911941666483923e-07,6.117457816514e-07,1.41390016105103e-07,2.613317789666158e-07,2.796086372179379e-05,3012915048095.539,30,highpass
1.7248935900610272e-07,6.117457816514e-07,1.41390016105103e-07,2.613317789666158e-07,2.796086372179379e-05,443693807202.894,30,highpass
1.1911941666483923e-07,6.117457816514e-07,1.41390016105103e-07,2.613317789666158e-07,2.796086372179379e-05,3012915048095.539,30,highpass
1.1911941666483923e-07,6.117457816514e-07,1.41390016105103e-07,2.613317789666158e-07,2.796086372179379e-05,3012915048095.539,30,highpass
1.1911941666483923e-07,6.117457816514e-07,1.41390016105103e-07,2.613317789666158e-07,2.796086372179379e-05,3012915048095.539,30,highpass
1.1911941666483923e-07,6.117457816514e-07,1.41390016105103e-07,2.6678546438558796e-07,2.796086372179379e-05,-738966831997.536,30,highpass
1.1911941666483923e-07,6.117457816514e-07,1.41390016105103e-07,2.586241190641299e-07,2.796086372179379e-05,2828690604000.34,30,highpass
1.1911941666483923e-07,6.117457816514e-07,1.41390016105103e-07,2.613317789666158e-07,2.796086372179379e-05,3012915048095.539,30,highpass
1.1911941666483923e-07,6.117457816514e-07,1.41390016105103e-07,2.613317789666158e-07,2.796086372179379e-05,3012915048095.539,30,highpass
1.1911941666483923e-07,6.117457816514e-07,1.41390016105103e-07,2.613317789666158e-07,2.796086372179379e-05,3012915048095.539,30,highpass
1.1911941666483923e-07,6.117457816514e-07,1.41390016105103e-07,2.613317789666158e-07,2.796086372179379e-05,3012915048095.539,30,highpass
1.1911941666483923e-07,6.117457816514e-07,1.4514706624157755e-07,2.613317789666158e-07,2.796086372179379e-05,3939250437420.023,31,highpass
1.1911941666483923e-07,6.117457816514e-07,1.41390016105103e-07,2.613317789666158e-07,2.796086372179379e-05,3012915048095.539,31,highpass
1.1911941666483923e-07,6.117457816514e-07,1.41390016105103e-07,2.613317789666158e-07,2.796086372179379e-05,3012915048095.539,31,highpass
1.1911941666483923e-07,6.117457816514e-07,1.41390016105103e-07,2.613317789666158e-07,2.796086372179379e-05,3012915048095.539,31,highpass
1.1911941666483923e-07,6.117457816514e-07,1.41390016105103e-07,2.613317789666158e-07,2.796086372179379e-05,3012915048095.539,31,highpass
1.1911941666483923e-07,6.117457816514e-07,1.41390016105103e-07,2.613317789666158e-07,2.796086372179379e-05,3012915048095.539,31,highpass
1.1911941666483923e-07,6.117457816514e-07,1.41390016105103e-07,2.5437220533526927e-07,2.796086372179379e-05,-721914137975.8517,31,highpass
1.8819883150572073e-07,6.117457816514e-07,1.41390016105103e-07,2.613317789666158e-07,2.796086372179379e-05,-515528983855.04736,31,highpass
1.1911941666483923e-07,6.117457816514e-07,1.41390016105103e-07,2.613317789666158e-07,2.796086372179379e-05,3012915048095.539,31,highpass
1.1911941666483923e-07,6.117457816514e-07,1.41390016105103e-07,2.613317789666158e-07,2.796086372179379e-05,3012915048095.539,31,highpass
1.3133215008583e-07,6.117457816514e-07,1.41390016105103e-07,2.613317789666158e-07,2.796086372179379e-05,-2080937951194.1882,31,highpass
1.1911941666483923e-07,6.117457816514e-07,1.41390016105103e-07,2.613317789666158e-07,2.796086372179379e-05,3012915048095.539,31,highpass
1.1911941666483923e-07,6.117457816514e-07,1.41390016105103e-07,2.613317789666158e-07,2.796086372179379e-05,3012915048095.539,31,highpass
1.1911941666483923e-07,6.117457816514e-07,1.41390016105103e-07,2.613317789666158e-07,2.796086372179379e-05,3012915048095.539,31,highpass
1.1911941666483923e-07,6.117457816514e-07,1.41390016105103e-07,2.613317789666158e-07,2.796086372179379e-05,3012915048095.539,31,highpass
1.1911941666483923e-07,6.01163604496384e-07,1.4514706624157755e-07,2.613317789666158e-07,2.796086372179379e-05,-1558589001631.6726,31,highpass
1.1911941666483923e-07,6.117457816514e-07,1.41390016105103e-07,2.613317789666158e-07,2.796086372179379e-05,3012915048095.539,31,highpass
1.1911941666483923e-07,6.117457816514e-07,1.4514706624157755e-07,2.613317789666158e-07,2.796086372179379e-05,3939250437420.023,31,highpass
1.1911941666483923e-07,6.117457816514e-07,1.41390016105103e-07,2.613317789666158e-07,2.796086372179379e-05,3012915048095.539,31,highpass
1.1911941666483923e-07,6.117457816514e-07,1.41390016105103e-07,2.613317789666158e-07,2.779657471060389e-05,3015873955629.1973,31,highpass
1.1911941666483923e-07,6.117457816514e-07,1.41390016105103e-07,2.613317789666158e-07,2.796086372179379e-05,3012915048095.539,31,highpass
1.1911941666483923e-07,6.117457816514e-07,1.41390016105103e-07,2.613317789666158e-07,2.6515041960153745e-05,-938424624426.885,31,highpass
1.1911941666483923e-07,6.117457816514e-07,1.41390016105103e-07,2.613317789666158e-07,2.796086372179379e-05,3012915048095.539,31,highpass
1.1911941666483923e-07,6.117457816514e-07,1.4514706624157755e-07,2.613317789666158e-07,2.796086372179379e-05,3939250437420.023,31,highpass
1.1911941666483923e-07,6.117457816514e-07,1.41390016105103e-07,2.613317789666158e-07,2.796086372179379e-05,3012915048095.539,31,highpass
1.1911941666483923e-07,6.117457816514e-07,1.41390016105103e-07,2.4723537637767615e-07,2.796086372179379e-05,1251180150225.2847,31,highpass
1.1911941666483923e-07,6.117457816514e-07,1.41390016105103e-07,2.613317789666158e-07,2.796086372179379e-05,3012915048095.539,31,highpass
1.1911941666483923e-07,6.117457816514e-07,2.2695556263006568e-07,2.613317789666158e-07,2.796086372179379e-05,739823520.0937892,31,highpass
1.1911941666483923e-07,6.117457816514e-07,1.41390016105103e-07,2.613317789666158e-07,2.796086372179379e-05,3012915048095.539,31,highpass
1.1911941666483923e-07,6.117457816514e-07,1.41390016105103e-07,2.613317789666158e-07,2.796086372179379e-05,3012915048095.539,31,highpass
1.1911941666483923e-07,6.117457816514e-07,1.4514706624157755e-07,2.613317789666158e-07,2.796086372179379e-05,3939250437420.023,32,highpass
1.1911941666483923e-07,6.117457816514e-07,1.41390016105103e-07,2.613317789666158e-07,2.796086372179379e-05,3012915048095.539,32,highpass
1.1911941666483923e-07,5.063912202902434e-07,1.41390016105103e-07,2.613317789666158e-07,2.779657471060389e-05,169477782513.8364,32,highpass
1.1911941666483923e-07,6.117457816514e-07,1.4514706624157755e-07,2.613317789666158e-07,2.796086372179379e-05,3939250437420.023,32,highpass
1.1911941666483923e-07,6.117457816514e-07,1.41390016105103e-07,2.613317789666158e-07,2.796086372179379e-05,3012915048095.539,32,highpass
1.1911941666483923e-07,6.117457816514e-07,1.41390016105103e-07,2.613317789666158e-07,2.796086372179379e-05,3012915048095.539,32,highpass
1.1911941666483923e-07,6.117457816514e-07,1.4514706624157755e-07,2.613317789666158e-07,2.796086372179379e-05,3939250437420.023,32,highpass
1.1911941666483923e-07,6.117457816514e-07,1.41390016105103e-07,2.613317789666158e-07,2.796086372179379e-05,3012915048095.539,32,highpass
1.2426650129891798e-07,6.117457816514e-07,1.41390016105103e-07,2.613317789666158e-07,2.796086372179379e-05,-1911739537892.3076,32,highpass
1.1911941666483923e-07,6.117457816514e-07,1.41390016105103e-07,2.613317789666158e-07,2.796086372179379e-05,3012915048095.539,32,highpass
1.1911941666483923e-07,6.117457816514e-07,1.41390016105103e-07,2.613317789666158e-07,2.796086372179379e-05,3012915048095.539,32,highpass
1.1911941666483923e-07,6.117457816514e-07,1.41390016105103e-07,2.613317789666158e-07,2.779657471060389e-05,3015873955629.1973,32,highpass
1.1911941666483923e-07,6.117457816514e-07,1.4514706624157755e-07,2.613317789666158e-07,2.796086372179379e-05,3939250437420.023,32,highpass
1.1911941666483923e-07,6.117457816514e-07,1.41390016105103e-07,2.613317789666158e-07,2.796086372179379e-05,3012915048095.539,32,highpass
1.1911941666483923e-07,6.117457816514e-07,1.3666958900899878e-07,2.613317789666158e-07,2.779657471060389e-05,-1804111602064.823,32,highpass
1.1911941666483923e-07,6.117457816514e-07,1.4514706624157755e-07,2.613317789666158e-07,2.796086372179379e-05,3939250437420.023,32,highpass
1.1911941666483923e-07,6.117457816514e-07,1.41390016105103e-07,2.613317789666158e-07,2.796086372179379e-05,3012915048095.539,32,highpass
1.1911941666483923e-07,6.117457816514e-07,1.4514706624157755e-07,2.613317789666158e-07,2.796086372179379e-05,3939250437420.023,32,highpass
1.1911941666483923e-07,6.117457816514e-07,1.4514706624157755e-07,2.613317789666158e-07,2.796086372179379e-05,3939250437420.023,32,highpass
1.1911941666483923e-07,6.117457816514e-07,1.4514706624157755e-07,2.613317789666158e-07,2.779657471060389e-05,1131230314605.9917,32,highpass
1.1911941666483923e-07,5.942799471531076e-07,1.41390016105103e-07,2.613317789666158e-07,2.796086372179379e-05,1234443310488.017,32,highpass
1.1911941666483923e-07,3.713522873513317e-07,1.41390016105103e-07,2.613317789666158e-07,2.779657471060389e-05,431560637252.45856,32,highpass
1.1911941666483923e-07,6.117457816514e-07,1.41390016105103e-07,2.613317789666158e-07,2.796086372179379e-05,3012915048095.539,32,highpass
1.1911941666483923e-07,6.117457816514e-07,1.4514706624157755e-07,2.613317789666158e-07,2.796086372179379e-05,3939250437420.023,32,highpass
1.1911941666483923e-07,6.117457816514e-07,1.41390016105103e-07,2.613317789666158e-07,2.779657471060389e-05,3015873955629.1973,32,highpass
1.1911941666483923e-07,6.117457816514e-07,1.4514706624157755e-07,2.613317789666158e-07,2.796086372179379e-05,3939250437420.023,32,highpass
1.1911941666483923e-07,6.117457816514e-07,1.41390016105103e-07,2.613317789666158e-07,2.796086372179379e-05,3012915048095.539,32,highpass
1.1911941666483923e-07,6.117457816514e-07,1.41390016105103e-07,2.613317789666158e-07,2.796086372179379e-05,3012915048095.539,32,highpass
1.1911941666483923e-07,6.117457816514e-07,1.4514706624157755e-07,2.613317789666158e-07,2.796086372179379e-05,3939250437420.023,32,highpass
1.1464499145302216e-07,6.117457816514e-07,1.41390016105103e-07,2.613317789666158e-07,2.796086372179379e-05,-2403189275608.0713,32,highpass
1.1911941666483923e-07,6.117457816514e-07,1.4514706624157755e-07,2.613317789666158e-07,2.796086372179379e-05,3939250437420.023,33,highpass
1.1911941666483923e-07,6.117457816514e-07,1.4514706624157755e-07,2.613317789666158e-07,2.796086372179379e-05,3939250437420.023,33,highpass
1.1911941666483923e-07,6.159364150707848e-07,1.41390016105103e-07,2.613317789666158e-07,2.796086372179379e-05,751284770568.934,33,highpass
1.1911941666483923e-07,6.117457816514e-07,1.4514706624157755e-07,2.613317789666158e-07,2.796086372179379e-05,3939250437420.023,33,highpass
1.1911941666483923e-07,6.117457816514e-07,1.4514706624157755e-07,2.613317789666158e-07,2.796086372179379e-05,3939250437420.023,33,highpass
1.1911941666483923e-07,6.117457816514e-07,1.4514706624157755e-07,2.613317789666158e-07,2.796086372179379e-05,3939250437420.023,33,highpass
1.1911941666483923e-07,6.117457816514e-07,1.4514706624157755e-07,2.613317789666158e-07,2.796086372179379e-05,3939250437420.023,33,highpass
1.1911941666483923e-07,6.117457816514e-07,1.4514706624157755e-07,2.613317789666158e-07,2.796086372179379e-05,3939250437420.023,33,highpass
1.1911941666483923e-07,6.117457816514e-07,1.4514706624157755e-07,2.613317789666158e-07,2.796086372179379e-05,3939250437420.023,33,highpass
1.1911941666483923e-07,6.117457816514e-07,1.4514706624157755e-07,2.613317789666158e-07,2.796086372179379e-05,3939250437420.023,33,highpass
1.1911941666483923e-07,6.117457816514e-07,1.4514706624157755e-07,2.613317789666158e-07,2.796086372179379e-05,3939250437420.023,33,highpass
1.1911941666483923e-07,6.117457816514e-07,1.4514706624157755e-07,2.613317789666158e-07,2.796086372179379e-05,3939250437420.023,33,highpass
1.1911941666483923e-07,6.117457816514e-07,1.4514706624157755e-07,2.613317789666158e-07,2.796086372179379e-05,3939250437420.023,33,highpass
1.1911941666483923e-07,6.117457816514e-07,1.4514706624157755e-07,2.613317789666158e-07,2.796086372179379e-05,3939250437420.023,33,highpass
1.1911941666483923e-07,4.8167315855584e-07,1.4514706624157755e-07,2.613317789666158e-07,2.796086372179379e-05,-221493409920.43478,33,highpass
1.1911941666483923e-07,6.117457816514e-07,1.4514706624157755e-07,2.613317789666158e-07,2.796086372179379e-05,3939250437420.023,33,highpass
1.180262805593542e-07,6.117457816514e-07,1.4514706624157755e-07,2.613317789666158e-07,2.796086372179379e-05,376955692944.02875,33,highpass
1.1911941666483923e-07,6.117457816514e-07,1.41390016105103e-07,2.597993379066213e-07,2.796086372179379e-05,2945615828429.838,33,highpass
1.1911941666483923e-07,6.117457816514e-07,1.4514706624157755e-07,2.613317789666158e-07,2.796086372179379e-05,3939250437420.023,33,highpass
1.1911941666483923e-07,6.117457816514e-07,1.4514706624157755e-07,2.613317789666158e-07,2.796086372179379e-05,3939250437420.023,33,highpass
1.1911941666483923e-07,6.117457816514e-07,1.41390016105103e-07,2.613317789666158e-07,2.779657471060389e-05,3015873955629.1973,33,highpass
1.1911941666483923e-07,6.117457816514e-07,1.4514706624157755e-07,2.613317789666158e-07,2.796086372179379e-05,3939250437420.023,33,highpass
1.1911941666483923e-07,6.117457816514e-07,1.4514706624157755e-07,2.613317789666158e-07,2.796086372179379e-05,3939250437420.023,33,highpass
1.1911941666483923e-07,6.117457816514e-07,1.41390016105103e-07,2.613317789666158e-07,2.796086372179379e-05,3012915048095.539,33,highpass
1.1911941666483923e-07,4.1912086912406755e-07,1.4514706624157755e-07,2.613317789666158e-07,2.796086372179379e-05,351059815952.77795,33,highpass
1.1911941666483923e-07,6.117457816514e-07,1.4514706624157755e-07,2.613317789666158e-07,2.796086372179379e-05,3939250437420.023,33,highpass
1.1911941666483923e-07,6.117457816514e-07,1.4514706624157755e-07,2.613317789666158e-07,2.796086372179379e-05,3939250437420.023,33,highpass
1.1911941666483923e-07,6.117457816514e-07,1.4514706624157755e-07,2.5856057352074153e-07,2.796086372179379e-05,1951821240883.4346,33,highpass
1.1911941666483923e-07,6.117457816514e-07,1.4514706624157755e-07,2.613317789666158e-07,2.796086372179379e-05,3939250437420.023,33,highpass
1.1911941666483923e-07,6.117457816514e-07,1.4514706624157755e-07,2.613317789666158e-07,2.796086372179379e-05,3939250437420.023,33,highpass
1.1911941666483923e-07,6.117457816514e-07,1.4514706624157755e-07,2.613317789666158e-07,2.796086372179379e-05,3939250437420.023,34,highpass
1.1911941666483923e-07,6.117457816514e-07,1.4514706624157755e-07,2.613317789666158e-07,2.796086372179379e-05,3939250437420.023,34,highpass
1.1911941666483923e-07,6.117457816514e-07,1.4514706624157755e-07,2.613317789666158e-07,2.796086372179379e-05,3939250437420.023,34,highpass
1.1911941666483923e-07,6.117457816514e-07,1.4514706624157755e-07,2.613317789666158e-07,2.796086372179379e-05,3939250437420.023,34,highpass
1.1911941666483923e-07,6.117457816514e-07,1.4514706624157755e-07,2.613317789666158e-07,2.796086372179379e-05,3939250437420.023,34,highpass
1.2387302424806352e-07,6.117457816514e-07,1.4514706624157755e-07,2.613317789666158e-07,2.796086372179379e-05,-2211975893525.8037,34,highpass
1.1911941666483923e-07,6.117457816514e-07,1.4514706624157755e-07,2.613317789666158e-07,2.796086372179379e-05,3939250437420.023,34,highpass
1.1911941666483923e-07,6.117457816514e-07,1.4577870646984655e-07,2.613317789666158e-07,2.796086372179379e-05,1378670227194.5212,34,highpass
1.1911941666483923e-07,6.117457816514e-07,1.4514706624157755e-07,2.613317789666158e-07,2.796086372179379e-05,3939250437420.023,34,highpass
1.1911941666483923e-07,6.117457816514e-07,1.4514706624157755e-07,2.613317789666158e-07,2.796086372179379e-05,3939250437420.023,34,highpass
1.1911941666483923e-07,6.117457816514e-07,1.4514706624157755e-07,2.613317789666158e-07,2.796086372179379e-05,3939250437420.023,34,highpass
1.1911941666483923e-07,6.117457816514e-07,1.4514706624157755e-07,2.613317789666158e-07,2.796086372179379e-05,3939250437420.023,34,highpass
1.388374758736742e-07,6.117457816514e-07,1.4514706624157755e-07,2.613317789666158e-07,2.796086372179379e-05,1118250524260.3618,34,highpass
1.1911941666483923e-07,6.117457816514e-07,1.4514706624157755e-07,2.613317789666158e-07,2.796086372179379e-05,3939250437420.023,34,highpass
1.1911941666483923e-07,6.117457816514e-07,1.4514706624157755e-07,2.613317789666158e-07,2.796086372179379e-05,3939250437420.023,34,highpass
1.1911941666483923e-07,6.117457816514e-07,1.4514706624157755e-07,2.613317789666158e-07,2.796086372179379e-05,3939250437420.023,34,highpass
1.1911941666483923e-07,6.117457816514e-07,1.4514706624157755e-07,2.613317789666158e-07,2.796086372179379e-05,3939250437420.023,34,highpass
1.1911941666483923e-07,6.117457816514e-07,1.4514706624157755e-07,2.613317789666158e-07,2.796086372179379e-05,3939250437420.023,34,highpass
1.1911941666483923e-07,6.117457816514e-07,1.4514706624157755e-07,2.613317789666158e-07,2.796086372179379e-05,3939250437420.023,34,highpass
1.1911941666483923e-07,6.117457816514e-07,1.4174359004730102e-07,2.613317789666158e-07,2.796086372179379e-05,2136935446797.109,34,highpass
1.1911941666483923e-07,6.117457816514e-07,1.4514706624157755e-07,2.613317789666158e-07,2.796086372179379e-05,3939250437420.023,34,highpass
1.1911941666483923e-07,6.117457816514e-07,1.4514706624157755e-07,2.613317789666158e-07,2.796086372179379e-05,3939250437420.023,34,highpass
1.1911941666483923e-07,6.117457816514e-07,1.4514706624157755e-07,2.613317789666158e-07,2.796086372179379e-05,3939250437420.023,34,highpass
1.1911941666483923e-07,6.117457816514e-07,1.4514706624157755e-07,2.613317789666158e-07,2.796086372179379e-05,3939250437420.023,34,highpass
1.1911941666483923e-07,6.117457816514e-07,1.4514706624157755e-07,2.214817524496178e-07,2.796086372179379e-05,-1600266414965.37,34,highpass
1.1911941666483923e-07,6.117457816514e-07,1.4514706624157755e-07,2.613317789666158e-07,2.7051526112545964e-05,1566218760430.3242,34,highpass
1.1911941666483923e-07,6.117457816514e-07,1.4514706624157755e-07,2.613317789666158e-07,2.796086372179379e-05,3939250437420.023,34,highpass
1.1911941666483923e-07,6.117457816514e-07,1.4514706624157755e-07,2.613317789666158e-07,2.796086372179379e-05,3939250437420.023,34,highpass
1.1911941666483923e-07,6.117457816514e-07,1.4514706624157755e-07,2.613317789666158e-07,2.796086372179379e-05,3939250437420.023,34,highpass
1.1911941666483923e-07,6.117457816514e-07,1.4514706624157755e-07,2.613317789666158e-07,2.796086372179379e-05,3939250437420.023,34,highpass
1.1911941666483923e-07,6.117457816514e-07,1.4514706624157755e-07,2.613317789666158e-07,2.796086372179379e-05,3939250437420.023,35,highpass
1.1911941666483923e-07,6.117457816514e-07,1.4514706624157755e-07,2.613317789666158e-07,2.796086372179379e-05,3939250437420.023,35,highpass
1.1911941666483923e-07,6.117457816514e-07,1.4514706624157755e-07,2.613317789666158e-07,2.796086372179379e-05,3939250437420.023,35,highpass
1.1911941666483923e-07,6.117457816514e-07,1.4514706624157755e-07,2.613317789666158e-07,2.796086372179379e-05,3939250437420.023,35,highpass
1.1911941666483923e-07,6.117457816514e-07,1.4514706624157755e-07,2.613317789666158e-07,2.796086372179379e-05,3939250437420.023,35,highpass
1.1911941666483923e-07,6.117457816514e-07,1.4514706624157755e-07,2.613317789666158e-07,2.796086372179379e-05,3939250437420.023,35,highpass
1.1911941666483923e-07,6.117457816514e-07,1.4514706624157755e-07,2.613317789666158e-07,2.796086372179379e-05,3939250437420.023,35,highpass
1.1911941666483923e-07,6.117457816514e-07,1.4936329198529827e-07,2.613317789666158e-07,2.796086372179379e-05,-908667687663.3989,35,highpass
1.1911941666483923e-07,6.117457816514e-07,1.4514706624157755e-07,2.613317789666158e-07,2.796086372179379e-05,3939250437420.023,35,highpass
1.1911941666483923e-07,6.117457816514e-07,1.4514706624157755e-07,2.613317789666158e-07,2.796086372179379e-05,3939250437420.023,35,highpass
1.1911941666483923e-07,6.117457816514e-07,1.4514706624157755e-07,2.613317789666158e-07,2.796086372179379e-05,3939250437420.023,35,highpass
1.1911941666483923e-07,6.117457816514e-07,1.4514706624157755e-07,2.613317789666158e-07,2.796086372179379e-05,3939250437420.023,35,highpass
1.2427651717677603e-07,6.117457816514e-07,1.4514706624157755e-07,2.613317789666158e-07,2.796086372179379e-05,-1891620892196.0842,35,highpass
1.1911941666483923e-07,6.117457816514e-07,1.4514706624157755e-07,2.613317789666158e-07,2.796086372179379e-05,3939250437420.023,35,highpass
1.1911941666483923e-07,6.117457816514e-07,1.4514706624157755e-07,2.613317789666158e-07,2.796086372179379e-05,3939250437420.023,35,highpass
1.1911941666483923e-07,6.117457816514e-07,1.4514706624157755e-07,2.613317789666158e-07,2.796086372179379e-05,3939250437420.023,35,highpass
1.1911941666483923e-07,6.117457816514e-07,1.4514706624157755e-07,2.613317789666158e-07,2.796086372179379e-05,3939250437420.023,35,highpass
1.1911941666483923e-07,6.117457816514e-07,1.4514706624157755e-07,2.613317789666158e-07,2.796086372179379e-05,3939250437420.023,35,highpass
1.1911941666483923e-07,6.117457816514e-07,1.4514706624157755e-07,2.613317789666158e-07,2.796086372179379e-05,3939250437420.023,35,highpass
1.1911941666483923e-07,6.117457816514e-07,1.4514706624157755e-07,2.613317789666158e-07,2.796086372179379e-05,3939250437420.023,35,highpass
1.1911941666483923e-07,6.117457816514e-07,1.4514706624157755e-07,2.613317789666158e-07,2.796086372179379e-05,3939250437420.023,35,highpass
1.1911941666483923e-07,6.117457816514e-07,1.4514706624157755e-07,2.613317789666158e-07,2.796086372179379e-05,3939250437420.023,35,highpass
1.1911941666483923e-07,6.117457816514e-07,1.4514706624157755e-07,2.613317789666158e-07,2.796086372179379e-05,3939250437420.023,35,highpass
1.1911941666483923e-07,6.117457816514e-07,1.4514706624157755e-07,2.613317789666158e-07,2.796086372179379e-05,3939250437420.023,35,highpass
1.6452457386289593e-07,6.117457816514e-07,1.4514706624157755e-07,2.613317789666158e-07,2.796086372179379e-05,438167505498.4058,35,highpass
1.1911941666483923e-07,6.117457816514e-07,1.4514706624157755e-07,2.613317789666158e-07,2.796086372179379e-05,3939250437420.023,35,highpass
1.1911941666483923e-07,6.117457816514e-07,1.4514706624157755e-07,2.613317789666158e-07,2.796086372179379e-05,3939250437420.023,35,highpass
1.1911941666483923e-07,6.117457816514e-07,1.4514706624157755e-07,2.613317789666158e-07,2.796086372179379e-05,3939250437420.023,35,highpass
1.2887384061401738e-07,6.117457816514e-07,1.4514706624157755e-07,2.613317789666158e-07,2.796086372179379e-05,1557162027642.652,35,highpass
1.1911941666483923e-07,6.117457816514e-07,1.4514706624157755e-07,2.613317789666158e-07,2.796086372179379e-05,3939250437420.023,35,highpass
1.1911941666483923e-07,6.117457816514e-07,1.4514706624157755e-07,2.613317789666158e-07,2.796086372179379e-05,3939250437420.023,36,highpass
1.1911941666483923e-07,6.117457816514e-07,1.4514706624157755e-07,2.613317789666158e-07,2.796086372179379e-05,3939250437420.023,36,highpass
1.1911941666483923e-07,6.117457816514e-07,1.4514706624157755e-07,2.613317789666158e-07,2.796086372179379e-05,3939250437420.023,36,highpass
1.1172658933930668e-07,6.117457816514e-07,1.4514706624157755e-07,2.613317789666158e-07,2.796086372179379e-05,-1121616021045.6538,36,highpass
1.1911941666483923e-07,6.117457816514e-07,1.4514706624157755e-07,2.613317789666158e-07,2.796086372179379e-05,3939250437420.023,36,highpass
1.1911941666483923e-07,6.117457816514e-07,1.4514706624157755e-07,2.613317789666158e-07,2.796086372179379e-05,3939250437420.023,36,highpass
1.1911941666483923e-07,6.117457816514e-07,1.4514706624157755e-07,2.613317789666158e-07,2.796086372179379e-05,3939250437420.023,36,highpass
1.1911941666483923e-07,6.117457816514e-07,1.4514706624157755e-07,2.613317789666158e-07,2.796086372179379e-05,3939250437420.023,36,highpass
1.1911941666483923e-07,6.117457816514e-07,1.4514706624157755e-07,2.613317789666158e-07,2.796086372179379e-05,3939250437420.023,36,highpass
1.1911941666483923e-07,6.117457816514e-07,1.4514706624157755e-07,2.613317789666158e-07,2.796086372179379e-05,3939250437420.023,36,highpass
1.1911941666483923e-07,6.117457816514e-07,1.2027200324792958e-07,2.613317789666158e-07,2.796086372179379e-05,1228193982889.3647,36,highpass
1.1911941666483923e-07,6.117457816514e-07,1.4514706624157755e-07,2.613317789666158e-07,2.796086372179379e-05,3939250437420.023,36,highpass
1.1911941666483923e-07,6.117457816514e-07,1.4514706624157755e-07,2.613317789666158e-07,2.796086372179379e-05,3939250437420.023,36,highpass
1.1911941666483923e-07,6.117457816514e-07,1.4514706624157755e-07,2.613317789666158e-07,2.796086372179379e-05,3939250437420.023,36,highpass
1.1911941666483923e-07,6.117457816514e-07,1.4514706624157755e-07,2.613317789666158e-07,2.796086372179379e-05,3939250437420.023,36,highpass
1.6020049798956204e-07,6.117457816514e-07,1.4514706624157755e-07,2.613317789666158e-07,2.796086372179379e-05,-1402598510700.99,36,highpass
1.1911941666483923e-07,6.117457816514e-07,1.4514706624157755e-07,2.613317789666158e-07,2.796086372179379e-05,3939250437420.023,36,highpass
1.2608228703065564e-07,6.117457816514e-07,1.4514706624157755e-07,2.613317789666158e-07,2.796086372179379e-05,2229248362449.635,36,highpass
1.1911941666483923e-07,6.117457816514e-07,1.4514706624157755e-07,2.613317789666158e-07,2.9626268437804673e-05,2808914983411.5938,36,highpass
1.1911941666483923e-07,6.117457816514e-07,1.4514706624157755e-07,2.613317789666158e-07,2.796086372179379e-05,3939250437420.023,36,highpass
1.1911941666483923e-07,6.117457816514e-07,1.4514706624157755e-07,2.613317789666158e-07,2.796086372179379e-05,3939250437420.023,36,highpass
1.1911941666483923e-07,6.117457816514e-07,1.4514706624157755e-07,2.613317789666158e-07,2.796086372179379e-05,3939250437420.023,36,highpass
1.1911941666483923e-07,6.117457816514e-07,1.4514706624157755e-07,2.613317789666158e-07,2.796086372179379e-05,3939250437420.023,36,highpass
1.1911941666483923e-07,6.117457816514e-07,1.4514706624157755e-07,2.2505498913241831e-07,2.796086372179379e-05,-934334297307.7317,36,highpass
1.1911941666483923e-07,6.117457816514e-07,1.4514706624157755e-07,2.613317789666158e-07,2.796086372179379e-05,3939250437420.023,36,highpass
1.1911941666483923e-07,6.117457816514e-07,1.4514706624157755e-07,2.663397642815564e-07,2.796086372179379e-05,2061016410418.5356,36,highpass
1.1911941666483923e-07,6.117457816514e-07,1.4514706624157755e-07,2.613317789666158e-07,2.796086372179379e-05,3939250437420.023,36,highpass
1.1911941666483923e-07,6.117457816514e-07,1.4514706624157755e-07,2.5774508461321315e-07,2.796086372179379e-05,1040609595094.9785,36,highpass
1.1911941666483923e-07,6.117457816514e-07,1.4514706624157755e-07,2.613317789666158e-07,2.796086372179379e-05,3939250437420.023,36,highpass
1.1911941666483923e-07,6.117457816514e-07,1.4514706624157755e-07,2.613317789666158e-07,2.796086372179379e-05,3939250437420.023,36,highpass
1.1911941666483923e-07,6.117457816514e-07,1.4514706624157755e-07,2.613317789666158e-07,2.796086372179379e-05,3939250437420.023,37,highpass
1.1911941666483923e-07,6.117457816514e-07,1.4514706624157755e-07,2.613317789666158e-07,2.796086372179379e-05,3939250437420.023,37,highpass
1.1911941666483923e-07,6.117457816514e-07,1.2090652278195302e-07,2.613317789666158e-07,2.796086372179379e-05,930996916916.7915,37,highpass
1.1911941666483923e-07,6.117457816514e-07,1.4514706624157755e-07,2.613317789666158e-07,2.796086372179379e-05,3939250437420.023,37,highpass
1.1911941666483923e-07,6.117457816514e-07,1.4514706624157755e-07,2.613317789666158e-07,2.796086372179379e-05,3939250437420.023,37,highpass
1.1911941666483923e-07,6.117457816514e-07,1.4514706624157755e-07,2.613317789666158e-07,2.796086372179379e-05,3939250437420.023,37,highpass
1.1911941666483923e-07,6.117457816514e-07,1.4514706624157755e-07,2.613317789666158e-07,2.796086372179379e-05,3939250437420.023,37,highpass
1.2548235924485035e-07,6.117457816514e-07,1.4514706624157755e-07,2.613317789666158e-07,2.796086372179379e-05,2113660899890.5605,37,highpass
1.1911941666483923e-07,6.117457816514e-07,1.4514706624157755e-07,2.613317789666158e-07,2.796086372179379e-05,3939250437420.023,37,highpass
1.1911941666483923e-07,6.117457816514e-07,1.4514706624157755e-07,2.613317789666158e-07,2.796086372179379e-05,3939250437420.023,37,highpass
1.1911941666483923e-07,6.117457816514e-07,1.4514706624157755e-07,2.613317789666158e-07,2.796086372179379e-05,3939250437420.023,37,highpass
1.1911941666483923e-07,6.117457816514e-07,1.4560351850670753e-07,2.613317789666158e-07,2.796086372179379e-05,3048657201512.7993,37,highpass
1.1911941666483923e-07,6.117457816514e-07,1.4514706624157755e-07,2.613317789666158e-07,2.796086372179379e-05,3939250437420.023,37,highpass
1.1911941666483923e-07,6.117457816514e-07,1.4514706624157755e-07,2.613317789666158e-07,2.796086372179379e-05,3939250437420.023,37,highpass
1.1911941666483923e-07,6.117457816514e-07,1.4514706624157755e-07,2.613317789666158e-07,2.796086372179379e-05,3939250437420.023,37,highpass
1.1911941666483923e-07,5.009771001455953e-07,1.4514706624157755e-07,2.613317789666158e-07,2.796086372179379e-05,518971293096.59064,37,highpass
1.1911941666483923e-07,6.117457816514e-07,1.4514706624157755e-07,2.613317789666158e-07,2.796086372179379e-05,3939250437420.023,37,highpass
1.1911941666483923e-07,6.117457816514e-07,1.4514706624157755e-07,2.613317789666158e-07,2.796086372179379e-05,3939250437420.023,37,highpass
1.1911941666483923e-07,6.117457816514e-07,1.4514706624157755e-07,2.613317789666158e-07,2.796086372179379e-05,3939250437420.023,37,highpass
1.0716394432001483e-07,6.117457816514e-07,1.4514706624157755e-07,2.613317789666158e-07,2.796086372179379e-05,2669553387207.887,37,highpass
1.1911941666483923e-07,6.117457816514e-07,1.4514706624157755e-07,2.613317789666158e-07,2.796086372179379e-05,3939250437420.023,37,highpass
1.1911941666483923e-07,6.117457816514e-07,1.4514706624157755e-07,2.613317789666158e-07,2.796086372179379e-05,3939250437420.023,37,highpass
1.1911941666483923e-07,6.098489067880405e-07,1.4514706624157755e-07,2.613317789666158e-07,2.796086372179379e-05,2749612796528.445,37,highpass
1.1911941666483923e-07,6.117457816514e-07,1.4514706624157755e-07,2.613317789666158e-07,2.796086372179379e-05,3939250437420.023,37,highpass
1.1911941666483923e-07,6.117457816514e-07,1.4514706624157755e-07,2.613317789666158e-07,2.796086372179379e-05,3939250437420.023,37,highpass
1.1911941666483923e-07,6.117457816514e-07,1.4514706624157755e-07,2.613317789666158e-07,2.796086372179379e-05,3939250437420.023,37,highpass
1.1911941666483923e-07,6.117457816514e-07,1.4514706624157755e-07,2.613317789666158e-07,2.796086372179379e-05,3939250437420.023,37,highpass
1.1911941666483923e-07,3.1101201776152046e-07,1.4514706624157755e-07,2.613317789666158e-07,2.796086372179379e-05,118199033290.11087,37,highpass
1.2181082601377496e-07,6.117457816514e-07,1.4514706624157755e-07,2.613317789666158e-07,2.796086372179379e-05,58404590697.558945,37,highpass
1.1911941666483923e-07,6.117457816514e-07,1.4514706624157755e-07,2.613317789666158e-07,2.796086372179379e-05,3939250437420.023,37,highpass
1.1911941666483923e-07,6.117457816514e-07,1.4514706624157755e-07,2.613317789666158e-07,2.796086372179379e-05,3939250437420.023,38,highpass
1.1911941666483923e-07,6.117457816514e-07,1.4514706624157755e-07,2.613317789666158e-07,2.796086372179379e-05,3939250437420.023,38,highpass
1.1911941666483923e-07,6.117457816514e-07,1.4110535565899246e-07,2.613317789666158e-07,2.796086372179379e-05,2710282531535.8135,38,highpass
1.1911941666483923e-07,6.117457816514e-07,1.4514706624157755e-07,2.613317789666158e-07,2.796086372179379e-05,3939250437420.023,38,highpass
1.1911941666483923e-07,6.117457816514e-07,1.4514706624157755e-07,2.613317789666158e-07,2.796086372179379e-05,3939250437420.023,38,highpass
1.1911941666483923e-07,6.117457816514e-07,1.485846340832769e-07,2.613317789666158e-07,2.796086372179379e-05,1985599624500.946,38,highpass
1.1911941666483923e-07,6.117457816514e-07,1.4514706624157755e-07,2.677307829529661e-07,2.796086372179379e-05,283742773002.9781,38,highpass
1.1911941666483923e-07,6.117457816514e-07,1.4514706624157755e-07,2.613317789666158e-07,2.796086372179379e-05,3939250437420.023,38,highpass
1.1911941666483923e-07,6.117457816514e-07,1.4514706624157755e-07,2.613317789666158e-07,2.796086372179379e-05,3939250437420.023,38,highpass
1.1911941666483923e-07,6.117457816514e-07,1.4514706624157755e-07,2.613317789666158e-07,2.796086372179379e-05,3939250437420.023,38,highpass
1.1911941666483923e-07,6.117457816514e-07,1.4514706624157755e-07,2.613317789666158e-07,2.796086372179379e-05,3939250437420.023,38,highpass
1.1911941666483923e-07,6.117457816514e-07,1.4514706624157755e-07,2.613317789666158e-07,2.796086372179379e-05,3939250437420.023,38,highpass
1.1911941666483923e-07,6.117457816514e-07,1.4514706624157755e-07,2.613317789666158e-07,2.796086372179379e-05,3939250437420.023,38,highpass
1.1911941666483923e-07,6.117457816514e-07,1.4514706624157755e-07,2.613317789666158e-07,2.796086372179379e-05,3939250437420.023,38,highpass
1.1911941666483923e-07,6.117457816514e-07,1.4514706624157755e-07,2.613317789666158e-07,2.796086372179379e-05,3939250437420.023,38,highpass
1.1911941666483923e-07,6.117457816514e-07,1.4514706624157755e-07,2.613317789666158e-07,2.796086372179379e-05,3939250437420.023,38,highpass
1.1911941666483923e-07,6.117457816514e-07,1.4514706624157755e-07,2.613317789666158e-07,2.796086372179379e-05,3939250437420.023,38,highpass
1.1911941666483923e-07,6.117457816514e-07,1.4514706624157755e-07,2.613317789666158e-07,2.796086372179379e-05,3939250437420.023,38,highpass
1.1911941666483923e-07,6.117457816514e-07,1.4514706624157755e-07,2.613317789666158e-07,2.796086372179379e-05,3939250437420.023,38,highpass
1.1911941666483923e-07,6.117457816514e-07,1.4514706624157755e-07,2.613317789666158e-07,2.796086372179379e-05,3939250437420.023,38,highpass
1.1911941666483923e-07,6.117457816514e-07,1.4514706624157755e-07,2.613317789666158e-07,2.796086372179379e-05,3939250437420.023,38,highpass
1.1911941666483923e-07,6.117457816514e-07,1.4514706624157755e-07,2.613317789666158e-07,2.796086372179379e-05,3939250437420.023,38,highpass
1.1911941666483923e-07,6.117457816514e-07,1.4514706624157755e-07,2.613317789666158e-07,2.796086372179379e-05,3939250437420.023,38,highpass
1.1911941666483923e-07,6.117457816514e-07,1.4514706624157755e-07,2.613317789666158e-07,2.796086372179379e-05,3939250437420.023,38,highpass
1.1911941666483923e-07,6.117457816514e-07,1.4514706624157755e-07,2.613317789666158e-07,2.796086372179379e-05,3939250437420.023,38,highpass
1.1911941666483923e-07,6.117457816514e-07,1.4514706624157755e-07,2.613681317244627e-07,2.796086372179379e-05,3939250437420.023,38,highpass
1.1911941666483923e-07,6.117457816514e-07,1.4514706624157755e-07,2.613317789666158e-07,2.796086372179379e-05,3939250437420.023,38,highpass
1.1911941666483923e-07,6.117457816514e-07,1.4514706624157755e-07,2.613317789666158e-07,2.796086372179379e-05,3939250437420.023,38,highpass
1.1911941666483923e-07,6.117457816514e-07,1.4514706624157755e-07,2.613317789666158e-07,2.796086372179379e-05,3939250437420.023,38,highpass
1.1911941666483923e-07,6.117457816514e-07,1.4514706624157755e-07,2.613317789666158e-07,2.796086372179379e-05,3939250437420.023,38,highpass
1.1911941666483923e-07,6.117457816514e-07,1.4514706624157755e-07,2.613317789666158e-07,2.796086372179379e-05,3939250437420.023,39,highpass
1.194162372102733e-07,6.117457816514e-07,1.4514706624157755e-07,2.613317789666158e-07,2.796086372179379e-05,3939250437420.023,39,highpass
1.1911941666483923e-07,6.117457816514e-07,1.4514706624157755e-07,2.613681317244627e-07,2.796086372179379e-05,3939250437420.023,39,highpass
1.1911941666483923e-07,6.117457816514e-07,1.4514706624157755e-07,2.613317789666158e-07,2.796086372179379e-05,3939250437420.023,39,highpass
1.1911941666483923e-07,6.117457816514e-07,1.4514706624157755e-07,2.613317789666158e-07,2.796086372179379e-05,3939250437420.023,39,highpass
1.1911941666483923e-07,6.117457816514e-07,1.4514706624157755e-07,2.613317789666158e-07,2.796086372179379e-05,3939250437420.023,39,highpass
1.1911941666483923e-07,6.117457816514e-07,1.4514706624157755e-07,2.613317789666158e-07,2.796086372179379e-05,3939250437420.023,39,highpass
1.1911941666483923e-07,6.117457816514e-07,1.4514706624157755e-07,2.613317789666158e-07,2.796086372179379e-05,3939250437420.023,39,highpass
1.1911941666483923e-07,6.117457816514e-07,1.4514706624157755e-07,2.613317789666158e-07,2.9614914278715627e-05,2809868776931.9243,39,highpass
1.1911941666483923e-07,6.117457816514e-07,1.4514706624157755e-07,2.613317789666158e-07,2.796086372179379e-05,3939250437420.023,39,highpass
1.1911941666483923e-07,6.117457816514e-07,1.4514706624157755e-07,2.613681317244627e-07,2.796086372179379e-05,3939250437420.023,39,highpass
1.1911941666483923e-07,6.117457816514e-07,1.4514706624157755e-07,2.613317789666158e-07,2.796086372179379e-05,3939250437420.023,39,highpass
1.1911941666483923e-07,6.117457816514e-07,1.4514706624157755e-07,2.613317789666158e-07,2.796086372179379e-05,3939250437420.023,39,highpass
1.1911941666483923e-07,6.117457816514e-07,1.4514706624157755e-07,2.613317789666158e-07,2.796086372179379e-05,3939250437420.023,39,highpass
1.1911941666483923e-07,6.117457816514e-07,1.4514706624157755e-07,2.613317789666158e-07,2.796086372179379e-05,3939250437420.023,39,highpass
1.1911941666483923e-07,6.117457816514e-07,1.4514706624157755e-07,2.613317789666158e-07,1.652684232810767e-05,-1047084660151.1971,39,highpass
1.1911941666483923e-07,6.117457816514e-07,1.4514706624157755e-07,2.613317789666158e-07,2.796086372179379e-05,3939250437420.023,39,highpass
1.1911941666483923e-07,6.117457816514e-07,1.4514706624157755e-07,2.613317789666158e-07,2.796086372179379e-05,3939250437420.023,39,highpass
1.1911941666483923e-07,6.117457816514e-07,1.4514706624157755e-07,2.613317789666158e-07,2.796086372179379e-05,3939250437420.023,39,highpass
1.1911941666483923e-07,6.117457816514e-07,1.4514706624157755e-07,2.613317789666158e-07,2.796086372179379e-05,3939250437420.023,39,highpass
1.1911941666483923e-07,6.117457816514e-07,1.4514706624157755e-07,2.613317789666158e-07,2.796086372179379e-05,3939250437420.023,39,highpass
1.1911941666483923e-07,6.117457816514e-07,1.4514706624157755e-07,2.613317789666158e-07,2.796086372179379e-05,3939250437420.023,39,highpass
1.1911941666483923e-07,6.117457816514e-07,1.4514706624157755e-07,2.613317789666158e-07,2.796086372179379e-05,3939250437420.023,39,highpass
1.1911941666483923e-07,6.117457816514e-07,1.4514706624157755e-07,2.613317789666158e-07,2.796086372179379e-05,3939250437420.023,39,highpass
1.1911941666483923e-07,6.117457816514e-07,1.4514706624157755e-07,2.613317789666158e-07,2.796086372179379e-05,3939250437420.023,39,highpass
1.1911941666483923e-07,6.117457816514e-07,1.4514706624157755e-07,2.6767293871524953e-07,2.796086372179379e-05,362193814511.78723,39,highpass
1.1911941666483923e-07,6.117457816514e-07,1.4514706624157755e-07,2.613681317244627e-07,2.796086372179379e-05,3939250437420.023,39,highpass
1.1911941666483923e-07,6.117457816514e-07,1.4514706624157755e-07,2.613317789666158e-07,2.796086372179379e-05,3939250437420.023,39,highpass
1.1911941666483923e-07,6.117457816514e-07,1.4514706624157755e-07,2.613317789666158e-07,2.796086372179379e-05,3939250437420.023,39,highpass
1.1911941666483923e-07,6.117457816514e-07,1.4514706624157755e-07,2.613317789666158e-07,2.796086372179379e-05,3939250437420.023,39,highpass
1.1911941666483923e-07,6.117457816514e-07,1.4514706624157755e-07,2.613317789666158e-07,2.796086372179379e-05,3939250437420.023,40,highpass
1.1911941666483923e-07,6.117457816514e-07,1.4514706624157755e-07,2.613317789666158e-07,2.796086372179379e-05,3939250437420.023,40,highpass
1.1911941666483923e-07,6.117457816514e-07,1.4514706624157755e-07,2.613317789666158e-07,2.796086372179379e-05,3939250437420.023,40,highpass
1.1911941666483923e-07,6.117457816514e-07,1.4514706624157755e-07,2.613317789666158e-07,2.796086372179379e-05,3939250437420.023,40,highpass
1.1911941666483923e-07,6.117457816514e-07,1.4514706624157755e-07,2.613317789666158e-07,2.796086372179379e-05,3939250437420.023,40,highpass
1.1911941666483923e-07,6.117457816514e-07,1.4514706624157755e-07,2.573961942590085e-07,2.796086372179379e-05,673756063793.1503,40,highpass
1.1911941666483923e-07,6.117457816514e-07,1.4514706624157755e-07,2.613317789666158e-07,2.796086372179379e-05,3939250437420.023,40,highpass
1.1911941666483923e-07,6.117457816514e-07,1.4514706624157755e-07,2.613317789666158e-07,2.796086372179379e-05,3939250437420.023,40,highpass
1.1911941666483923e-07,6.117457816514e-07,2.361944906094206e-07,2.613317789666158e-07,2.796086372179379e-05,140415218.6160169,40,highpass
1.1911941666483923e-07,6.117457816514e-07,1.4514706624157755e-07,2.613317789666158e-07,2.796086372179379e-05,3939250437420.023,40,highpass
1.1911941666483923e-07,6.117457816514e-07,1.4514706624157755e-07,2.613317789666158e-07,2.796086372179379e-05,3939250437420.023,40,highpass
1.1911941666483923e-07,6.117457816514e-07,1.4514706624157755e-07,2.613317789666158e-07,2.796086372179379e-05,3939250437420.023,40,highpass
1.1911941666483923e-07,6.117457816514e-07,1.4514706624157755e-07,2.613317789666158e-07,2.796086372179379e-05,3939250437420.023,40,highpass
1.194162372102733e-07,6.117457816514e-07,1.4514706624157755e-07,2.613317789666158e-07,2.796086372179379e-05,3939250437420.023,40,highpass
1.1911941666483923e-07,6.117457816514e-07,1.4514706624157755e-07,2.651689819550896e-07,2.796086372179379e-05,3253546313016.14,40,highpass
1.1911941666483923e-07,6.117457816514e-07,1.4514706624157755e-07,2.613317789666158e-07,2.796086372179379e-05,3939250437420.023,40,highpass
1.1911941666483923e-07,6.117457816514e-07,1.4514706624157755e-07,2.613317789666158e-07,2.796086372179379e-05,3939250437420.023,40,highpass
1.1911941666483923e-07,6.117457816514e-07,1.4514706624157755e-07,2.613317789666158e-07,2.796086372179379e-05,3939250437420.023,40,highpass
1.1911941666483923e-07,6.117457816514e-07,1.4514706624157755e-07,2.613317789666158e-07,2.796086372179379e-05,3939250437420.023,40,highpass
1.1911941666483923e-07,6.117457816514e-07,1.4514706624157755e-07,2.7729599381635357e-07,2.796086372179379e-05,-2196593422348.4834,40,highpass
1.194162372102733e-07,6.117457816514e-07,1.4514706624157755e-07,2.613317789666158e-07,2.796086372179379e-05,3939250437420.023,40,highpass
1.1911941666483923e-07,6.117457816514e-07,1.4514706624157755e-07,2.613317789666158e-07,2.796086372179379e-05,3939250437420.023,40,highpass
1.1911941666483923e-07,6.117457816514e-07,1.4514706624157755e-07,2.613317789666158e-07,2.796086372179379e-05,3939250437420.023,40,highpass
1.1911941666483923e-07,6.117457816514e-07,1.4514706624157755e-07,2.613317789666158e-07,2.796086372179379e-05,3939250437420.023,40,highpass
1.1911941666483923e-07,6.117457816514e-07,1.4514706624157755e-07,2.613317789666158e-07,2.796086372179379e-05,3939250437420.023,40,highpass
1.1911941666483923e-07,6.117457816514e-07,1.4514706624157755e-07,2.613317789666158e-07,2.796086372179379e-05,3939250437420.023,40,highpass
1.1911941666483923e-07,6.117457816514e-07,1.4514706624157755e-07,2.613317789666158e-07,2.796086372179379e-05,3939250437420.023,40,highpass
1.1911941666483923e-07,6.117457816514e-07,1.4514706624157755e-07,2.613317789666158e-07,2.796086372179379e-05,3939250437420.023,40,highpass
1.1911941666483923e-07,6.117457816514e-07,1.4514706624157755e-07,2.613317789666158e-07,2.796086372179379e-05,3939250437420.023,40,highpass
1.1911941666483923e-07,6.117457816514e-07,1.4514706624157755e-07,2.613317789666158e-07,2.796086372179379e-05,3939250437420.023,40,highpass
1.1911941666483923e-07,6.117457816514e-07,1.4514706624157755e-07,2.613317789666158e-07,2.796086372179379e-05,3939250437420.023,41,highpass
1.1911941666483923e-07,6.117457816514e-07,1.4514706624157755e-07,2.613317789666158e-07,2.796086372179379e-05,3939250437420.023,41,highpass
1.1911941666483923e-07,6.117457816514e-07,1.4514706624157755e-07,2.613317789666158e-07,2.796086372179379e-05,3939250437420.023,41,highpass
1.1911941666483923e-07,6.117457816514e-07,1.4514706624157755e-07,2.613317789666158e-07,2.6194142339204683e-05,931568983648.0072,41,highpass
1.1911941666483923e-07,6.117457816514e-07,1.4514706624157755e-07,2.613317789666158e-07,2.796086372179379e-05,3939250437420.023,41,highpass
1.1911941666483923e-07,6.117457816514e-07,1.4514706624157755e-07,2.613317789666158e-07,2.796086372179379e-05,3939250437420.023,41,highpass
1.1911941666483923e-07,6.117457816514e-07,1.4514706624157755e-07,2.613317789666158e-07,2.796086372179379e-05,3939250437420.023,41,highpass
1.1911941666483923e-07,6.117457816514e-07,1.4514706624157755e-07,2.613317789666158e-07,2.796086372179379e-05,3939250437420.023,41,highpass
1.1911941666483923e-07,6.117457816514e-07,1.4514706624157755e-07,2.613317789666158e-07,2.796086372179379e-05,3939250437420.023,41,highpass
1.1911941666483923e-07,6.117457816514e-07,1.4514706624157755e-07,2.613317789666158e-07,2.796086372179379e-05,3939250437420.023,41,highpass
1.1911941666483923e-07,6.117457816514e-07,1.4514706624157755e-07,2.613317789666158e-07,2.796086372179379e-05,3939250437420.023,41,highpass
1.1911941666483923e-07,6.117457816514e-07,1.4514706624157755e-07,2.613317789666158e-07,2.796086372179379e-05,3939250437420.023,41,highpass
1.1911941666483923e-07,6.117457816514e-07,1.4514706624157755e-07,2.613317789666158e-07,2.796086372179379e-05,3939250437420.023,41,highpass
1.194162372102733e-07,6.117457816514e-07,1.4514706624157755e-07,2.613317789666158e-07,2.796086372179379e-05,3939250437420.023,41,highpass
1.194162372102733e-07,6.117457816514e-07,1.4514706624157755e-07,2.613317789666158e-07,2.796086372179379e-05,3939250437420.023,41,highpass
1.1911941666483923e-07,6.117457816514e-07,1.4514706624157755e-07,2.613317789666158e-07,2.796086372179379e-05,3939250437420.023,41,highpass
1.1911941666483923e-07,6.117457816514e-07,1.4514706624157755e-07,2.613317789666158e-07,2.796086372179379e-05,3939250437420.023,41,highpass
1.1911941666483923e-07,6.117457816514e-07,1.4514706624157755e-07,2.613317789666158e-07,2.796086372179379e-05,3939250437420.023,41,highpass
1.8038117240903755e-07,6.117457816514e-07,1.4514706624157755e-07,2.613317789666158e-07,2.796086372179379e-05,-307237309792.3522,41,highpass
1.1911941666483923e-07,6.117457816514e-07,1.4514706624157755e-07,2.613317789666158e-07,2.796086372179379e-05,3939250437420.023,41,highpass
1.1911941666483923e-07,6.117457816514e-07,1.4514706624157755e-07,2.613317789666158e-07,2.796086372179379e-05,3939250437420.023,41,highpass
1.1911941666483923e-07,6.117457816514e-07,1.4514706624157755e-07,2.613317789666158e-07,2.796086372179379e-05,3939250437420.023,41,highpass
1.1911941666483923e-07,6.117457816514e-07,1.4514706624157755e-07,2.613317789666158e-07,2.796086372179379e-05,3939250437420.023,41,highpass
1.1911941666483923e-07,6.117457816514e-07,1.4514706624157755e-07,2.613317789666158e-07,2.796086372179379e-05,3939250437420.023,41,highpass
1.1911941666483923e-07,6.094639360710792e-07,1.4514706624157755e-07,2.613317789666158e-07,2.796086372179379e-05,2370407526335.468,41,highpass
1.1911941666483923e-07,6.117457816514e-07,1.4514706624157755e-07,2.613317789666158e-07,3.7483399540014734e-05,1533369356459.332,41,highpass
1.194162372102733e-07,6.117457816514e-07,1.4737555792114589e-07,2.613317789666158e-07,2.796086372179379e-05,498314648889.93365,41,highpass
1.1911941666483923e-07,6.117457816514e-07,1.4514706624157755e-07,2.613317789666158e-07,2.796086372179379e-05,3939250437420.023,41,highpass
1.1911941666483923e-07,6.117457816514e-07,1.4514706624157755e-07,2.613317789666158e-07,2.796086372179379e-05,3939250437420.023,41,highpass
1.7919725268154397e-07,6.117457816514e-07,1.4514706624157755e-07,2.613317789666158e-07,2.796086372179379e-05,984675631428.857,41,highpass
1.1911941666483923e-07,6.117457816514e-07,1.4514706624157755e-07,2.613317789666158e-07,2.796086372179379e-05,3939250437420.023,42,highpass
1.1911941666483923e-07,6.117457816514e-07,1.4514706624157755e-07,2.613317789666158e-07,2.796086372179379e-05,3939250437420.023,42,highpass
1.1911941666483923e-07,6.117457816514e-07,1.4514706624157755e-07,2.613317789666158e-07,2.796086372179379e-05,3939250437420.023,42,highpass
1.1911941666483923e-07,6.117457816514e-07,1.4514706624157755e-07,2.613317789666158e-07,2.796086372179379e-05,3939250437420.023,42,highpass
1.1911941666483923e-07,6.117457816514e-07,1.4514706624157755e-07,2.613317789666158e-07,2.796086372179379e-05,3939250437420.023,42,highpass
1.1911941666483923e-07,6.117457816514e-07,1.4514706624157755e-07,2.613317789666158e-07,2.796086372179379e-05,3939250437420.023,42,highpass
1.1341674947439024e-07,6.117457816514e-07,1.4514706624157755e-07,2.613317789666158e-07,2.796086372179379e-05,-190961930764.86917,42,highpass
1.1911941666483923e-07,6.117457816514e-07,1.4514706624157755e-07,2.613317789666158e-07,2.796086372179379e-05,3939250437420.023,42,highpass
1.1911941666483923e-07,6.117457816514e-07,1.4514706624157755e-07,2.613317789666158e-07,2.796086372179379e-05,3939250437420.023,42,highpass
1.1911941666483923e-07,6.117457816514e-07,1.4514706624157755e-07,2.613317789666158e-07,2.796086372179379e-05,3939250437420.023,42,highpass
1.1911941666483923e-07,6.117457816514e-07,1.4514706624157755e-07,2.613317789666158e-07,2.796086372179379e-05,3939250437420.023,42,highpass
1.1911941666483923e-07,6.117457816514e-07,1.4514706624157755e-07,2.613317789666158e-07,2.796086372179379e-05,3939250437420.023,42,highpass
1.1911941666483923e-07,6.117457816514e-07,1.4514706624157755e-07,2.613317789666158e-07,2.796086372179379e-05,3939250437420.023,42,highpass
1.194162372102733e-07,6.117457816514e-07,1.4514706624157755e-07,1.6788740193912864e-07,2.796086372179379e-05,809555926879.6766,42,highpass
1.1911941666483923e-07,6.117457816514e-07,1.4514706624157755e-07,2.613317789666158e-07,2.796086372179379e-05,3939250437420.023,42,highpass
1.1911941666483923e-07,6.117457816514e-07,1.4514706624157755e-07,2.613317789666158e-07,2.796086372179379e-05,3939250437420.023,42,highpass
1.1911941666483923e-07,6.117457816514e-07,1.4514706624157755e-07,2.613317789666158e-07,2.796086372179379e-05,3939250437420.023,42,highpass
1.1911941666483923e-07,6.117457816514e-07,1.4514706624157755e-07,2.613317789666158e-07,2.796086372179379e-05,3939250437420.023,42,highpass
1.1911941666483923e-07,6.117457816514e-07,1.4514706624157755e-07,2.613317789666158e-07,2.796086372179379e-05,3939250437420.023,42,highpass
1.1911941666483923e-07,6.117457816514e-07,1.4514706624157755e-07,2.613317789666158e-07,2.796086372179379e-05,3939250437420.023,42,highpass
1.1911941666483923e-07,6.117457816514e-07,1.4514706624157755e-07,2.613317789666158e-07,2.796086372179379e-05,3939250437420.023,42,highpass
1.1911941666483923e-07,6.117457816514e-07,1.4514706624157755e-07,2.6535456715505724e-07,2.796086372179379e-05,3093544767089.5728,42,highpass
1.1911941666483923e-07,6.117457816514e-07,1.4514706624157755e-07,2.613317789666158e-07,2.796086372179379e-05,3939250437420.023,42,highpass
1.1911941666483923e-07,6.117457816514e-07,1.4514706624157755e-07,2.613317789666158e-07,2.796086372179379e-05,3939250437420.023,42,highpass
1.1911941666483923e-07,6.117457816514e-07,1.4514706624157755e-07,2.613317789666158e-07,2.796086372179379e-05,3939250437420.023,42,highpass
1.1911941666483923e-07,6.117457816514e-07,1.4514706624157755e-07,2.613317789666158e-07,2.796086372179379e-05,3939250437420.023,42,highpass
1.1911941666483923e-07,6.117457816514e-07,1.4514706624157755e-07,2.613317789666158e-07,2.796086372179379e-05,3939250437420.023,42,highpass
1.1911941666483923e-07,6.117457816514e-07,1.4514706624157755e-07,2.613317789666158e-07,2.796086372179379e-05,3939250437420.023,42,highpass
1.1911941666483923e-07,6.117457816514e-07,1.4514706624157755e-07,2.613317789666158e-07,2.796086372179379e-05,3939250437420.023,42,highpass
1.1911941666483923e-07,6.117457816514e-07,1.4514706624157755e-07,2.613317789666158e-07,2.796086372179379e-05,3939250437420.023,42,highpass
1.1911941666483923e-07,6.117457816514e-07,1.4514706624157755e-07,2.613317789666158e-07,2.796086372179379e-05,3939250437420.023,43,highpass
1.1911941666483923e-07,6.117457816514e-07,1.4514706624157755e-07,2.1887973876730257e-07,2.796086372179379e-05,-475794799853.485,43,highpass
1.1911941666483923e-07,6.117457816514e-07,1.4514706624157755e-07,2.613317789666158e-07,2.796086372179379e-05,3939250437420.023,43,highpass
1.1911941666483923e-07,6.117457816514e-07,1.4514706624157755e-07,2.613317789666158e-07,2.796086372179379e-05,3939250437420.023,43,highpass
1.1911941666483923e-07,6.117457816514e-07,1.4514706624157755e-07,2.613317789666158e-07,2.796086372179379e-05,3939250437420.023,43,highpass
1.1911941666483923e-07,6.117457816514e-07,1.4514706624157755e-07,2.613317789666158e-07,2.796086372179379e-05,3939250437420.023,43,highpass
1.1911941666483923e-07,6.117457816514e-07,1.4514706624157755e-07,2.613317789666158e-07,2.796086372179379e-05,3939250437420.023,43,highpass
1.1911941666483923e-07,6.117457816514e-07,1.4514706624157755e-07,2.613317789666158e-07,2.796086372179379e-05,3939250437420.023,43,highpass
1.1911941666483923e-07,6.117457816514e-07,1.4514706624157755e-07,2.613317789666158e-07,2.796086372179379e-05,3939250437420.023,43,highpass
1.1911941666483923e-07,6.117457816514e-07,1.4514706624157755e-07,2.613317789666158e-07,2.796086372179379e-05,3939250437420.023,43,highpass
1.1911941666483923e-07,6.117457816514e-07,1.4514706624157755e-07,2.613317789666158e-07,2.796086372179379e-05,3939250437420.023,43,highpass
1.1911941666483923e-07,6.117457816514e-07,1.4514706624157755e-07,2.613317789666158e-07,2.796086372179379e-05,3939250437420.023,43,highpass
1.1911941666483923e-07,6.117457816514e-07,1.4514706624157755e-07,2.613317789666158e-07,2.796086372179379e-05,3939250437420.023,43,highpass
1.1911941666483923e-07,6.117457816514e-07,1.4514706624157755e-07,2.613317789666158e-07,2.796086372179379e-05,3939250437420.023,43,highpass
1.1911941666483923e-07,6.117457816514e-07,1.4514706624157755e-07,2.613317789666158e-07,2.796086372179379e-05,3939250437420.023,43,highpass
1.1911941666483923e-07,6.117457816514e-07,1.4514706624157755e-07,2.613317789666158e-07,2.796086372179379e-05,3939250437420.023,43,highpass
1.1911941666483923e-07,6.117457816514e-07,1.4514706624157755e-07,2.613317789666158e-07,2.796086372179379e-05,3939250437420.023,43,highpass
1.1911941666483923e-07,6.117457816514e-07,1.4514706624157755e-07,2.613317789666158e-07,2.796086372179379e-05,3939250437420.023,43,highpass
1.1911941666483923e-07,6.117457816514e-07,1.4514706624157755e-07,2.613317789666158e-07,2.796086372179379e-05,3939250437420.023,43,highpass
1.1911941666483923e-07,6.117457816514e-07,1.4514706624157755e-07,2.6078459229060495e-07,2.796086372179379e-05,3939250437420.023,43,highpass
1.1911941666483923e-07,6.117457816514e-07,1.4514706624157755e-07,2.613317789666158e-07,2.796086372179379e-05,3939250437420.023,43,highpass
1.1911941666483923e-07,6.117457816514e-07,1.4514706624157755e-07,2.613317789666158e-07,2.796086372179379e-05,3939250437420.023,43,highpass
1.1911941666483923e-07,6.117457816514e-07,1.4514706624157755e-07,2.613317789666158e-07,2.796086372179379e-05,3939250437420.023,43,highpass
1.1911941666483923e-07,6.117457816514e-07,1.4514706624157755e-07,2.613317789666158e-07,2.796086372179379e-05,3939250437420.023,43,highpass
1.1911941666483923e-07,6.117457816514e-07,1.108628634762914e-07,2.613317789666158e-07,2.796086372179379e-05,249599777110.42838,43,highpass
1.1911941666483923e-07,6.117457816514e-07,1.4514706624157755e-07,2.613317789666158e-07,2.796086372179379e-05,3939250437420.023,43,highpass
1.1911941666483923e-07,6.117457816514e-07,1.4514706624157755e-07,2.613317789666158e-07,2.796086372179379e-05,3939250437420.023,43,highpass
1.1911941666483923e-07,6.117457816514e-07,1.4514706624157755e-07,2.613317789666158e-07,2.796086372179379e-05,3939250437420.023,43,highpass
1.1911941666483923e-07,6.117457816514e-07,1.4514706624157755e-07,2.5814322967923574e-07,2.796086372179379e-05,1487233190129.9766,43,highpass
1.1911941666483923e-07,6.117457816514e-07,1.4514706624157755e-07,2.613317789666158e-07,2.796086372179379e-05,3939250437420.023,43,highpass
1.1911941666483923e-07,6.117457816514e-07,1.4514706624157755e-07,2.613317789666158e-07,2.796086372179379e-05,3939250437420.023,44,highpass
1.1911941666483923e-07,6.117457816514e-07,1.4514706624157755e-07,2.613317789666158e-07,2.796086372179379e-05,3939250437420.023,44,highpass
1.1911941666483923e-07,6.117457816514e-07,1.4514706624157755e-07,2.6078459229060495e-07,2.796086372179379e-05,3939250437420.023,44,highpass
1.1911941666483923e-07,6.117457816514e-07,1.4514706624157755e-07,2.613317789666158e-07,2.796086372179379e-05,3939250437420.023,44,highpass
1.1911941666483923e-07,6.117457816514e-07,1.4514706624157755e-07,2.613317789666158e-07,2.796086372179379e-05,3939250437420.023,44,highpass
1.1911941666483923e-07,6.117457816514e-07,1.4514706624157755e-07,2.613317789666158e-07,2.796086372179379e-05,3939250437420.023,44,highpass
1.1911941666483923e-07,6.117457816514e-07,1.4514706624157755e-07,2.613317789666158e-07,2.796086372179379e-05,3939250437420.023,44,highpass
1.1911941666483923e-07,6.117457816514e-07,1.4514706624157755e-07,2.613317789666158e-07,2.796086372179379e-05,3939250437420.023,44,highpass
1.1911941666483923e-07,6.117457816514e-07,1.4514706624157755e-07,2.613317789666158e-07,2.796086372179379e-05,3939250437420.023,44,highpass
1.1911941666483923e-07,6.117457816514e-07,1.4514706624157755e-07,2.613317789666158e-07,2.796086372179379e-05,3939250437420.023,44,highpass
1.1911941666483923e-07,6.117457816514e-07,1.4514706624157755e-07,2.613317789666158e-07,2.796086372179379e-05,3939250437420.023,44,highpass
1.1911941666483923e-07,6.117457816514e-07,1.4514706624157755e-07,2.613317789666158e-07,2.796086372179379e-05,3939250437420.023,44,highpass
1.1911941666483923e-07,6.117457816514e-07,1.4514706624157755e-07,2.613317789666158e-07,2.796086372179379e-05,3939250437420.023,44,highpass
1.1911941666483923e-07,6.117457816514e-07,1.4514706624157755e-07,2.613317789666158e-07,2.796086372179379e-05,3939250437420.023,44,highpass
1.1911941666483923e-07,6.117457816514e-07,1.4514706624157755e-07,2.613317789666158e-07,2.796086372179379e-05,3939250437420.023,44,highpass
1.1911941666483923e-07,6.117457816514e-07,1.4514706624157755e-07,2.613317789666158e-07,2.796086372179379e-05,3939250437420.023,44,highpass
1.1911941666483923e-07,6.117457816514e-07,1.4514706624157755e-07,2.613317789666158e-07,2.796086372179379e-05,3939250437420.023,44,highpass
1.1911941666483923e-07,6.117457816514e-07,1.4514706624157755e-07,1.5754714927857126e-07,2.796086372179379e-05,323890265963.6947,44,highpass
1.1911941666483923e-07,6.222580983245122e-07,1.4514706624157755e-07,2.613317789666158e-07,2.796086372179379e-05,-2399575513225.4844,44,highpass
1.1911941666483923e-07,6.117457816514e-07,1.4514706624157755e-07,2.613317789666158e-07,2.796086372179379e-05,3939250437420.023,44,highpass
1.1911941666483923e-07,6.117457816514e-07,1.4514706624157755e-07,2.613317789666158e-07,2.796086372179379e-05,3939250437420.023,44,highpass
1.1911941666483923e-07,6.117457816514e-07,1.4514706624157755e-07,2.613317789666158e-07,2.796086372179379e-05,3939250437420.023,44,highpass
1.1911941666483923e-07,6.117457816514e-07,1.4514706624157755e-07,2.613317789666158e-07,2.796086372179379e-05,3939250437420.023,44,highpass
1.1911941666483923e-07,6.117457816514e-07,1.4120269405813412e-07,2.613317789666158e-07,2.796086372179379e-05,2966912026529.153,44,highpass
1.1911941666483923e-07,6.68295338099738e-07,1.4514706624157755e-07,2.613317789666158e-07,2.796086372179379e-05,1565095962469.0044,44,highpass
1.1911941666483923e-07,6.117457816514e-07,1.4514706624157755e-07,2.613317789666158e-07,2.796086372179379e-05,3939250437420.023,44,highpass
1.1911941666483923e-07,6.117457816514e-07,2.2876863822248256e-07,2.613317789666158e-07,2.796086372179379e-05,783234619.6937077,44,highpass
1.1911941666483923e-07,6.117457816514e-07,1.4514706624157755e-07,2.613317789666158e-07,2.796086372179379e-05,3939250437420.023,44,highpass
1.1911941666483923e-07,6.117457816514e-07,1.4514706624157755e-07,2.613317789666158e-07,2.796086372179379e-05,3939250437420.023,44,highpass
1.1911941666483923e-07,6.117457816514e-07,1.4514706624157755e-07,2.613317789666158e-07,2.796086372179379e-05,3939250437420.023,44,highpass
1.1911941666483923e-07,6.117457816514e-07,1.4514706624157755e-07,2.613317789666158e-07,2.796086372179379e-05,3939250437420.023,45,highpass
1.1911941666483923e-07,6.117457816514e-07,1.4514706624157755e-07,2.613317789666158e-07,2.796086372179379e-05,3939250437420.023,45,highpass
1.1911941666483923e-07,6.117457816514e-07,1.4514706624157755e-07,2.613317789666158e-07,2.796086372179379e-05,3939250437420.023,45,highpass
1.1911941666483923e-07,6.117457816514e-07,1.4514706624157755e-07,2.613317789666158e-07,2.796086372179379e-05,3939250437420.023,45,highpass
1.1911941666483923e-07,6.117457816514e-07,1.4514706624157755e-07,2.613317789666158e-07,2.803325848125494e-05,3939250437420.023,45,highpass
1.1911941666483923e-07,6.117457816514e-07,1.4514706624157755e-07,2.613317789666158e-07,2.825810573393373e-05,-1049065132226.6659,45,highpass
1.1911941666483923e-07,6.117457816514e-07,1.4514706624157755e-07,2.613317789666158e-07,2.796086372179379e-05,3939250437420.023,45,highpass
1.1911941666483923e-07,6.117457816514e-07,1.4514706624157755e-07,2.613317789666158e-07,2.796086372179379e-05,3939250437420.023,45,highpass
1.1911941666483923e-07,6.117457816514e-07,1.4514706624157755e-07,2.613317789666158e-07,2.796086372179379e-05,3939250437420.023,45,highpass
1.1911941666483923e-07,6.220815101394784e-07,1.4514706624157755e-07,2.613317789666158e-07,2.796086372179379e-05,-2427300133375.689,45,highpass
1.1911941666483923e-07,6.117457816514e-07,1.4514706624157755e-07,2.613317789666158e-07,2.796086372179379e-05,3939250437420.023,45,highpass
1.1911941666483923e-07,6.117457816514e-07,1.4659746458784885e-07,2.6078459229060495e-07,2.796086372179379e-05,1096374577656.1116,45,highpass
1.1911941666483923e-07,6.117457816514e-07,1.4514706624157755e-07,2.613317789666158e-07,2.7380828393170794e-05,-2346453133646.968,45,highpass
1.1911941666483923e-07,6.117457816514e-07,1.4514706624157755e-07,2.613317789666158e-07,2.796086372179379e-05,3939250437420.023,45,highpass
1.1911941666483923e-07,6.117457816514e-07,1.4514706624157755e-07,2.613317789666158e-07,2.796086372179379e-05,3939250437420.023,45,highpass
1.1911941666483923e-07,6.117457816514e-07,1.4514706624157755e-07,2.613317789666158e-07,2.796086372179379e-05,3939250437420.023,45,highpass
1.1911941666483923e-07,6.117457816514e-07,2.2428190069162435e-07,2.613317789666158e-07,2.796086372179379e-05,-45041689.44716062,45,highpass
1.1911941666483923e-07,6.117457816514e-07,1.4514706624157755e-07,2.613317789666158e-07,2.796086372179379e-05,3939250437420.023,45,highpass
1.1911941666483923e-07,6.117457816514e-07,1.4514706624157755e-07,2.613317789666158e-07,2.796086372179379e-05,3939250437420.023,45,highpass
1.1911941666483923e-07,6.117457816514e-07,1.4514706624157755e-07,2.613317789666158e-07,2.796086372179379e-05,3939250437420.023,45,highpass
1.1911941666483923e-07,6.117457816514e-07,1.4514706624157755e-07,2.613317789666158e-07,2.796086372179379e-05,3939250437420.023,45,highpass
1.1911941666483923e-07,6.117457816514e-07,1.4514706624157755e-07,2.613317789666158e-07,2.796086372179379e-05,3939250437420.023,45,highpass
1.1911941666483923e-07,6.117457816514e-07,1.4514706624157755e-07,2.613317789666158e-07,2.796086372179379e-05,3939250437420.023,45,highpass
1.1911941666483923e-07,6.117457816514e-07,1.4514706624157755e-07,2.613317789666158e-07,2.796086372179379e-05,3939250437420.023,45,highpass
1.1911941666483923e-07,6.117457816514e-07,1.4514706624157755e-07,2.613317789666158e-07,2.796086372179379e-05,3939250437420.023,45,highpass
1.1911941666483923e-07,6.117457816514e-07,1.4514706624157755e-07,2.613317789666158e-07,2.796086372179379e-05,3939250437420.023,45,highpass
1.1911941666483923e-07,6.117457816514e-07,1.4514706624157755e-07,2.613317789666158e-07,2.796086372179379e-05,3939250437420.023,45,highpass
1.1911941666483923e-07,6.117457816514e-07,1.4514706624157755e-07,2.613317789666158e-07,2.796086372179379e-05,3939250437420.023,45,highpass
1.1911941666483923e-07,6.117457816514e-07,1.4514706624157755e-07,2.613317789666158e-07,2.796086372179379e-05,3939250437420.023,45,highpass
1.1911941666483923e-07,5.990242412263324e-07,1.4514706624157755e-07,2.613317789666158e-07,2.796086372179379e-05,-47544864966.53753,45,highpass
1.1911941666483923e-07,6.117457816514e-07,1.4514706624157755e-07,2.613317789666158e-07,2.796086372179379e-05,3939250437420.023,46,highpass
1.1911941666483923e-07,6.117457816514e-07,1.4514706624157755e-07,2.613317789666158e-07,2.803325848125494e-05,3939250437420.023,46,highpass
1.1911941666483923e-07,6.117457816514e-07,1.4514706624157755e-07,2.613317789666158e-07,2.796086372179379e-05,3939250437420.023,46,highpass
1.1911941666483923e-07,6.117457816514e-07,1.4514706624157755e-07,2.613317789666158e-07,2.796086372179379e-05,3939250437420.023,46,highpass
2.2442834819229188e-07,6.117457816514e-07,1.4514706624157755e-07,2.613317789666158e-07,2.796086372179379e-05,-1883810219817.1006,46,highpass
1.1911941666483923e-07,6.117457816514e-07,1.4514706624157755e-07,2.613317789666158e-07,2.796086372179379e-05,3939250437420.023,46,highpass
1.1911941666483923e-07,6.117457816514e-07,1.4514706624157755e-07,2.613317789666158e-07,2.796086372179379e-05,3939250437420.023,46,highpass
1.1911941666483923e-07,6.117457816514e-07,1.4514706624157755e-07,2.613317789666158e-07,2.796086372179379e-05,3939250437420.023,46,highpass
1.1911941666483923e-07,6.117457816514e-07,1.4514706624157755e-07,2.613317789666158e-07,2.796086372179379e-05,3939250437420.023,46,highpass
1.1911941666483923e-07,6.117457816514e-07,1.4514706624157755e-07,1.9517723063959187e-07,2.796086372179379e-05,1393736875435.8413,46,highpass
1.1911941666483923e-07,6.117457816514e-07,1.4514706624157755e-07,2.613317789666158e-07,2.796086372179379e-05,3939250437420.023,46,highpass
1.1411138076358085e-07,6.117457816514e-07,1.4514706624157755e-07,2.613317789666158e-07,2.796086372179379e-05,-2331768457783.4097,46,highpass
1.1911941666483923e-07,6.117457816514e-07,1.4514706624157755e-07,2.613317789666158e-07,2.796086372179379e-05,3939250437420.023,46,highpass
1.1911941666483923e-07,6.117457816514e-07,1.4514706624157755e-07,2.613317789666158e-07,2.796086372179379e-05,3939250437420.023,46,highpass
1.1911941666483923e-07,6.117457816514e-07,1.4514706624157755e-07,2.613317789666158e-07,2.796086372179379e-05,3939250437420.023,46,highpass
1.1911941666483923e-07,6.117457816514e-07,1.4514706624157755e-07,2.613317789666158e-07,2.796086372179379e-05,3939250437420.023,46,highpass
1.1911941666483923e-07,6.117457816514e-07,1.4514706624157755e-07,2.613317789666158e-07,2.796086372179379e-05,3939250437420.023,46,highpass
1.1911941666483923e-07,6.117457816514e-07,1.4514706624157755e-07,2.613317789666158e-07,2.796086372179379e-05,3939250437420.023,46,highpass
1.1911941666483923e-07,6.117457816514e-07,1.4514706624157755e-07,2.613317789666158e-07,2.803325848125494e-05,3939250437420.023,46,highpass
1.1911941666483923e-07,6.117457816514e-07,1.4514706624157755e-07,2.613317789666158e-07,2.796086372179379e-05,3939250437420.023,46,highpass
1.1911941666483923e-07,6.117457816514e-07,1.4514706624157755e-07,2.613317789666158e-07,2.796086372179379e-05,3939250437420.023,46,highpass
1.1911941666483923e-07,6.117457816514e-07,1.4514706624157755e-07,2.613317789666158e-07,2.6823545940928265e-05,-2304938356427.7515,46,highpass
1.1911941666483923e-07,6.117457816514e-07,1.4514706624157755e-07,2.613317789666158e-07,2.796086372179379e-05,3939250437420.023,46,highpass
1.1911941666483923e-07,6.117457816514e-07,1.4514706624157755e-07,2.613317789666158e-07,2.796086372179379e-05,3939250437420.023,46,highpass
1.1911941666483923e-07,6.117457816514e-07,1.4514706624157755e-07,2.613317789666158e-07,2.796086372179379e-05,3939250437420.023,46,highpass
1.1911941666483923e-07,6.117457816514e-07,1.4514706624157755e-07,2.613317789666158e-07,2.796086372179379e-05,3939250437420.023,46,highpass
1.1911941666483923e-07,6.117457816514e-07,1.4514706624157755e-07,2.605985364752644e-07,2.796086372179379e-05,3939250437420.023,46,highpass
1.1911941666483923e-07,6.117457816514e-07,1.4514706624157755e-07,1.528064854476728e-07,2.796086372179379e-05,435872347594.52277,46,highpass
1.1911941666483923e-07,6.117457816514e-07,1.4514706624157755e-07,2.613317789666158e-07,2.796086372179379e-05,3939250437420.023,46,highpass
1.1911941666483923e-07,6.117457816514e-07,1.4514706624157755e-07,2.613317789666158e-07,2.796086372179379e-05,3939250437420.023,46,highpass
1.1911941666483923e-07,6.117457816514e-07,1.4514706624157755e-07,2.613317789666158e-07,2.796086372179379e-05,3939250437420.023,47,highpass
1.1911941666483923e-07,6.117457816514e-07,1.4514706624157755e-07,2.613317789666158e-07,2.803325848125494e-05,3939250437420.023,47,highpass
1.1911941666483923e-07,3.75199608464582e-07,1.4514706624157755e-07,2.613317789666158e-07,2.796086372179379e-05,431709829488.0968,47,highpass
1.1911941666483923e-07,6.117457816514e-07,1.4514706624157755e-07,2.613317789666158e-07,2.796086372179379e-05,3939250437420.023,47,highpass
1.1911941666483923e-07,4.39353351071914e-07,1.4514706624157755e-07,2.613317789666158e-07,2.803325848125494e-05,118119446431.05257,47,highpass
1.1911941666483923e-07,6.117457816514e-07,1.4514706624157755e-07,2.613317789666158e-07,2.6871773603039417e-05,1567048113216.0981,47,highpass
1.1911941666483923e-07,6.117457816514e-07,1.4514706624157755e-07,2.613317789666158e-07,2.796086372179379e-05,3939250437420.023,47,highpass
1.1911941666483923e-07,6.117457816514e-07,1.4514706624157755e-07,2.613317789666158e-07,2.796086372179379e-05,3939250437420.023,47,highpass
1.1911941666483923e-07,6.117457816514e-07,1.4514706624157755e-07,2.613317789666158e-07,2.803325848125494e-05,3939250437420.023,47,highpass
1.5243834138618177e-07,6.117457816514e-07,1.4514706624157755e-07,2.613317789666158e-07,2.796086372179379e-05,-2213113487032.351,47,highpass
1.1911941666483923e-07,6.117457816514e-07,1.4514706624157755e-07,2.613317789666158e-07,2.796086372179379e-05,3939250437420.023,47,highpass
1.1911941666483923e-07,6.117457816514e-07,1.4514706624157755e-07,2.613317789666158e-07,2.796086372179379e-05,3939250437420.023,47,highpass
1.1911941666483923e-07,6.117457816514e-07,1.4514706624157755e-07,2.613317789666158e-07,2.796086372179379e-05,3939250437420.023,47,highpass
1.1911941666483923e-07,6.117457816514e-07,1.4514706624157755e-07,2.613317789666158e-07,2.796086372179379e-05,3939250437420.023,47,highpass
1.1911941666483923e-07,6.117457816514e-07,1.4514706624157755e-07,2.613317789666158e-07,2.796086372179379e-05,3939250437420.023,47,highpass
1.1911941666483923e-07,6.117457816514e-07,1.4514706624157755e-07,2.613317789666158e-07,2.796086372179379e-05,3939250437420.023,47,highpass
1.1911941666483923e-07,6.117457816514e-07,1.4514706624157755e-07,2.613317789666158e-07,2.132555260599968e-05,-69517344413.32535,47,highpass
1.1911941666483923e-07,6.117457816514e-07,1.4514706624157755e-07,2.613317789666158e-07,2.796086372179379e-05,3939250437420.023,47,highpass
1.1911941666483923e-07,6.117457816514e-07,1.467572314379974e-07,2.613317789666158e-07,2.796086372179379e-05,1729755472708.9373,47,highpass
1.1911941666483923e-07,6.117457816514e-07,1.4514706624157755e-07,2.613317789666158e-07,2.796086372179379e-05,3939250437420.023,47,highpass
1.1911941666483923e-07,6.117457816514e-07,1.4514706624157755e-07,2.613317789666158e-07,2.796086372179379e-05,3939250437420.023,47,highpass
1.1911941666483923e-07,6.117457816514e-07,1.4514706624157755e-07,2.613317789666158e-07,2.796086372179379e-05,3939250437420.023,47,highpass
1.1911941666483923e-07,6.117457816514e-07,1.4514706624157755e-07,2.613317789666158e-07,2.796086372179379e-05,3939250437420.023,47,highpass
1.1911941666483923e-07,6.117457816514e-07,1.4514706624157755e-07,2.613317789666158e-07,2.796086372179379e-05,3939250437420.023,47,highpass
1.1911941666483923e-07,6.117457816514e-07,1.4514706624157755e-07,2.613317789666158e-07,2.796086372179379e-05,3939250437420.023,47,highpass
1.1911941666483923e-07,6.117457816514e-07,1.4514706624157755e-07,2.613317789666158e-07,2.796086372179379e-05,3939250437420.023,47,highpass
1.1911941666483923e-07,6.117457816514e-07,1.4514706624157755e-07,2.613317789666158e-07,2.796086372179379e-05,3939250437420.023,47,highpass
1.1911941666483923e-07,6.117457816514e-07,1.4514706624157755e-07,2.613317789666158e-07,2.803325848125494e-05,3939250437420.023,47,highpass
1.2207979363259862e-07,6.117457816514e-07,1.4514706624157755e-07,2.613317789666158e-07,2.796086372179379e-05,845699926717.6737,47,highpass
1.1911941666483923e-07,6.117457816514e-07,1.4514706624157755e-07,2.613317789666158e-07,2.796086372179379e-05,3939250437420.023,47,highpass
1.1911941666483923e-07,6.117457816514e-07,1.4514706624157755e-07,2.613317789666158e-07,2.796086372179379e-05,3939250437420.023,48,highpass
1.1911941666483923e-07,6.117457816514e-07,1.4514706624157755e-07,2.613317789666158e-07,2.796086372179379e-05,3939250437420.023,48,highpass
1.1911941666483923e-07,6.117457816514e-07,1.4514706624157755e-07,2.613317789666158e-07,2.796086372179379e-05,3939250437420.023,48,highpass
1.1911941666483923e-07,6.117457816514e-07,1.4514706624157755e-07,2.613317789666158e-07,2.796086372179379e-05,3939250437420.023,48,highpass
1.1911941666483923e-07,6.117457816514e-07,1.4514706624157755e-07,2.613317789666158e-07,2.796086372179379e-05,3939250437420.023,48,highpass
1.1911941666483923e-07,6.117457816514e-07,1.4514706624157755e-07,2.613317789666158e-07,2.796086372179379e-05,3939250437420.023,48,highpass
1.1911941666483923e-07,6.117457816514e-07,1.4514706624157755e-07,2.613317789666158e-07,2.803325848125494e-05,3939250437420.023,48,highpass
1.1911941666483923e-07,6.117457816514e-07,1.4514706624157755e-07,2.613317789666158e-07,2.796086372179379e-05,3939250437420.023,48,highpass
1.1911941666483923e-07,6.117457816514e-07,1.4514706624157755e-07,2.613317789666158e-07,2.8335419090889097e-05,-1054654971647.1927,48,highpass
1.1911941666483923e-07,6.117457816514e-07,1.4514706624157755e-07,2.613317789666158e-07,2.796086372179379e-05,3939250437420.023,48,highpass
1.1911941666483923e-07,6.117457816514e-07,1.4514706624157755e-07,2.613317789666158e-07,2.796086372179379e-05,3939250437420.023,48,highpass
1.1911941666483923e-07,6.117457816514e-07,1.4514706624157755e-07,2.613317789666158e-07,2.796086372179379e-05,3939250437420.023,48,highpass
1.199285937183472e-07,6.117457816514e-07,1.4514706624157755e-07,2.613317789666158e-07,2.796086372179379e-05,-1693895025826.86,48,highpass
1.1911941666483923e-07,6.117457816514e-07,1.4514706624157755e-07,2.613317789666158e-07,2.796086372179379e-05,3939250437420.023,48,highpass
1.1911941666483923e-07,6.117457816514e-07,1.4514706624157755e-07,2.613317789666158e-07,2.796086372179379e-05,3939250437420.023,48,highpass
1.1911941666483923e-07,6.117457816514e-07,1.4514706624157755e-07,2.613317789666158e-07,2.796086372179379e-05,3939250437420.023,48,highpass
1.1911941666483923e-07,6.117457816514e-07,1.4514706624157755e-07,2.613317789666158e-07,3.0124190529428946e-05,-1433909378650.6238,48,highpass
1.1911941666483923e-07,6.117457816514e-07,1.4514706624157755e-07,2.613317789666158e-07,2.796086372179379e-05,3939250437420.023,48,highpass
1.1911941666483923e-07,6.117457816514e-07,1.4514706624157755e-07,2.613317789666158e-07,2.796086372179379e-05,3939250437420.023,48,highpass
1.1911941666483923e-07,6.117457816514e-07,1.4514706624157755e-07,2.613317789666158e-07,2.796086372179379e-05,3939250437420.023,48,highpass
1.1911941666483923e-07,6.117457816514e-07,1.4514706624157755e-07,2.619829279208091e-07,2.796086372179379e-05,4120934646797.0156,48,highpass
1.1911941666483923e-07,6.117457816514e-07,1.4514706624157755e-07,2.64444004685883e-07,2.803325848125494e-05,3768094238286.0254,48,highpass
1.1911941666483923e-07,6.117457816514e-07,1.4514706624157755e-07,2.613317789666158e-07,2.796086372179379e-05,3939250437420.023,48,highpass
1.1911941666483923e-07,6.117457816514e-07,1.4514706624157755e-07,2.613317789666158e-07,2.796086372179379e-05,3939250437420.023,48,highpass
1.1911941666483923e-07,6.117457816514e-07,1.4514706624157755e-07,2.613317789666158e-07,2.796086372179379e-05,3939250437420.023,48,highpass
1.1911941666483923e-07,6.117457816514e-07,1.5150854226623785e-07,2.613317789666158e-07,2.803325848125494e-05,1246522787452.045,48,highpass
1.1911941666483923e-07,6.117457816514e-07,1.4514706624157755e-07,2.613317789666158e-07,2.803325848125494e-05,3939250437420.023,48,highpass
1.1911941666483923e-07,6.117457816514e-07,1.4514706624157755e-07,2.613317789666158e-07,2.796086372179379e-05,3939250437420.023,48,highpass
1.1911941666483923e-07,6.117457816514e-07,1.4514706624157755e-07,2.613317789666158e-07,2.796086372179379e-05,3939250437420.023,48,highpass
1.5461533654789428e-07,6.117457816514e-07,1.4514706624157755e-07,2.613317789666158e-07,2.796086372179379e-05,2159813611735.657,48,highpass
1.1911941666483923e-07,6.117457816514e-07,1.4514706624157755e-07,2.619829279208091e-07,2.796086372179379e-05,4120934646797.0156,49,highpass
1.1911941666483923e-07,6.117457816514e-07,1.4514706624157755e-07,2.613317789666158e-07,2.803325848125494e-05,3939250437420.023,49,highpass
1.1911941666483923e-07,6.117457816514e-07,1.4514706624157755e-07,2.619829279208091e-07,2.796086372179379e-05,4120934646797.0156,49,highpass
1.1911941666483923e-07,6.117457816514e-07,1.4514706624157755e-07,2.613317789666158e-07,2.796086372179379e-05,3939250437420.023,49,highpass
1.1911941666483923e-07,6.117457816514e-07,1.4514706624157755e-07,2.613317789666158e-07,2.796086372179379e-05,3939250437420.023,49,highpass
1.766299376608001e-07,6.117457816514e-07,1.4514706624157755e-07,2.613317789666158e-07,2.803325848125494e-05,-568647428861.0643,49,highpass
1.1911941666483923e-07,6.117457816514e-07,1.4514706624157755e-07,2.613317789666158e-07,2.796086372179379e-05,3939250437420.023,49,highpass
1.1911941666483923e-07,6.117457816514e-07,1.4514706624157755e-07,2.561699314137536e-07,2.796086372179379e-05,-378423242806.6611,49,highpass
1.1911941666483923e-07,6.117457816514e-07,1.4514706624157755e-07,2.613317789666158e-07,2.796086372179379e-05,3939250437420.023,49,highpass
1.1911941666483923e-07,6.117457816514e-07,1.402700344483496e-07,2.613317789666158e-07,2.796086372179379e-05,568289922854.741,49,highpass
1.1911941666483923e-07,6.117457816514e-07,1.4514706624157755e-07,2.613317789666158e-07,2.796086372179379e-05,3939250437420.023,49,highpass
1.1911941666483923e-07,6.117457816514e-07,1.4514706624157755e-07,2.613317789666158e-07,2.796086372179379e-05,3939250437420.023,49,highpass
1.1911941666483923e-07,6.117457816514e-07,1.4514706624157755e-07,2.619829279208091e-07,2.796086372179379e-05,4120934646797.0156,49,highpass
1.1911941666483923e-07,6.117457816514e-07,1.4514706624157755e-07,2.619829279208091e-07,2.796086372179379e-05,4120934646797.0156,49,highpass
1.1911941666483923e-07,6.117457816514e-07,1.4514706624157755e-07,2.613317789666158e-07,2.796086372179379e-05,3939250437420.023,49,highpass
1.1911941666483923e-07,6.117457816514e-07,1.4514706624157755e-07,2.619829279208091e-07,2.796086372179379e-05,4120934646797.0156,49,highpass
1.1911941666483923e-07,6.117457816514e-07,1.4514706624157755e-07,2.613317789666158e-07,2.796086372179379e-05,3939250437420.023,49,highpass
1.1911941666483923e-07,6.117457816514e-07,1.4514706624157755e-07,2.613317789666158e-07,2.796086372179379e-05,3939250437420.023,49,highpass
1.1911941666483923e-07,6.117457816514e-07,1.4791794594595067e-07,2.613317789666158e-07,2.796086372179379e-05,-1559199148785.5623,49,highpass
1.1911941666483923e-07,6.117457816514e-07,1.4514706624157755e-07,2.613317789666158e-07,2.803325848125494e-05,3939250437420.023,49,highpass
1.1911941666483923e-07,6.117457816514e-07,1.4514706624157755e-07,2.613317789666158e-07,2.803325848125494e-05,3939250437420.023,49,highpass
1.1911941666483923e-07,6.117457816514e-07,1.4514706624157755e-07,2.613317789666158e-07,2.796086372179379e-05,3939250437420.023,49,highpass
1.1911941666483923e-07,6.117457816514e-07,1.4514706624157755e-07,2.613317789666158e-07,2.8725186290584826e-05,3955748639992.6157,49,highpass
1.1911941666483923e-07,6.151985719694831e-07,1.4514706624157755e-07,2.619829279208091e-07,2.796086372179379e-05,2930334799813.5234,49,highpass
1.1911941666483923e-07,6.117457816514e-07,1.4514706624157755e-07,2.613317789666158e-07,2.796086372179379e-05,3939250437420.023,49,highpass
1.1911941666483923e-07,6.117457816514e-07,1.4514706624157755e-07,2.613317789666158e-07,2.796086372179379e-05,3939250437420.023,49,highpass
1.1911941666483923e-07,6.117457816514e-07,1.4514706624157755e-07,2.613317789666158e-07,2.796086372179379e-05,3939250437420.023,49,highpass
1.1911941666483923e-07,6.117457816514e-07,1.4514706624157755e-07,2.613317789666158e-07,2.796086372179379e-05,3939250437420.023,49,highpass
1.1911941666483923e-07,6.117457816514e-07,1.4514706624157755e-07,2.613317789666158e-07,2.796086372179379e-05,3939250437420.023,49,highpass
1.1911941666483923e-07,6.117457816514e-07,1.4514706624157755e-07,2.613317789666158e-07,2.796086372179379e-05,3939250437420.023,49,highpass
1.1911941666483923e-07,6.117457816514e-07,1.4514706624157755e-07,2.619829279208091e-07,2.796086372179379e-05,4120934646797.0156,50,highpass
1.2272290336231614e-07,6.117457816514e-07,1.4514706624157755e-07,2.619829279208091e-07,2.796086372179379e-05,-1330408969204.05,50,highpass
1.1911941666483923e-07,6.117457816514e-07,1.4514706624157755e-07,2.619829279208091e-07,2.796086372179379e-05,4120934646797.0156,50,highpass
1.1911941666483923e-07,6.117457816514e-07,1.4514706624157755e-07,2.619829279208091e-07,4.737905404601648e-05,900172977407.7205,50,highpass
1.1911941666483923e-07,6.117457816514e-07,1.4514706624157755e-07,2.619829279208091e-07,2.796086372179379e-05,4120934646797.0156,50,highpass
1.1911941666483923e-07,6.117457816514e-07,1.4007295119188115e-07,2.619829279208091e-07,2.796086372179379e-05,1778947225392.3064,50,highpass
1.1911941666483923e-07,6.117457816514e-07,1.4514706624157755e-07,2.619829279208091e-07,2.796086372179379e-05,4120934646797.0156,50,highpass
1.1911941666483923e-07,6.117457816514e-07,1.4514706624157755e-07,2.613317789666158e-07,2.803325848125494e-05,3939250437420.023,50,highpass
1.1911941666483923e-07,6.117457816514e-07,1.4514706624157755e-07,2.619829279208091e-07,2.796086372179379e-05,4120934646797.0156,50,highpass
1.1911941666483923e-07,6.117457816514e-07,1.4514706624157755e-07,2.619829279208091e-07,2.796086372179379e-05,4120934646797.0156,50,highpass
1.1911941666483923e-07,6.117457816514e-07,1.4514706624157755e-07,2.205624222055686e-07,2.796086372179379e-05,-1316317193673.1511,50,highpass
1.1911941666483923e-07,6.117457816514e-07,1.4258259863597674e-07,2.619829279208091e-07,2.796086372179379e-05,-2063408676678.7407,50,highpass
1.1911941666483923e-07,6.117457816514e-07,1.4514706624157755e-07,2.619829279208091e-07,2.796086372179379e-05,4120934646797.0156,50,highpass
2.3024913415018082e-07,6.117457816514e-07,1.4514706624157755e-07,2.619829279208091e-07,2.796086372179379e-05,-318223999449.1599,50,highpass
1.2336554587474946e-07,6.117457816514e-07,1.4514706624157755e-07,2.619829279208091e-07,2.796086372179379e-05,-1330408969204.05,50,highpass
1.1911941666483923e-07,6.117457816514e-07,1.0611091471298402e-07,2.619829279208091e-07,2.796086372179379e-05,-34003099682.729652,50,highpass
1.1911941666483923e-07,6.117457816514e-07,1.4514706624157755e-07,2.619829279208091e-07,2.796086372179379e-05,4120934646797.0156,50,highpass
1.1911941666483923e-07,6.117457816514e-07,1.4514706624157755e-07,2.613317789666158e-07,2.796086372179379e-05,3939250437420.023,50,highpass
1.1911941666483923e-07,6.117457816514e-07,1.4514706624157755e-07,2.613317789666158e-07,2.796086372179379e-05,3939250437420.023,50,highpass
1.1911941666483923e-07,6.117457816514e-07,1.4514706624157755e-07,2.619829279208091e-07,2.796086372179379e-05,4120934646797.0156,50,highpass
1.1911941666483923e-07,6.117457816514e-07,1.4514706624157755e-07,2.613317789666158e-07,2.796086372179379e-05,3939250437420.023,50,highpass
1.1911941666483923e-07,6.117457816514e-07,1.4514706624157755e-07,2.619829279208091e-07,2.796086372179379e-05,4120934646797.0156,50,highpass
1.1911941666483923e-07,6.117457816514e-07,1.4514706624157755e-07,2.619829279208091e-07,2.796086372179379e-05,4120934646797.0156,50,highpass
1.1911941666483923e-07,6.117457816514e-07,1.4514706624157755e-07,2.613317789666158e-07,2.796086372179379e-05,3939250437420.023,50,highpass
1.1911941666483923e-07,6.117457816514e-07,1.4514706624157755e-07,2.619829279208091e-07,2.803325848125494e-05,4120934646797.0156,50,highpass
1.1911941666483923e-07,6.117457816514e-07,1.4514706624157755e-07,2.613317789666158e-07,2.796086372179379e-05,3939250437420.023,50,highpass
1.1911941666483923e-07,6.117457816514e-07,1.4514706624157755e-07,2.619829279208091e-07,2.796086372179379e-05,4120934646797.0156,50,highpass
1.1911941666483923e-07,6.117457816514e-07,1.4514706624157755e-07,2.619829279208091e-07,2.796086372179379e-05,4120934646797.0156,50,highpass
1.1911941666483923e-07,6.117457816514e-07,1.4514706624157755e-07,2.619829279208091e-07,2.7447230038849345e-05,-2325873503445.9204,50,highpass
1.1911941666483923e-07,6.117457816514e-07,1.4514706624157755e-07,2.619829279208091e-07,2.796086372179379e-05,4120934646797.0156,50,highpass
1.1911941666483923e-07,6.117457816514e-07,1.4514706624157755e-07,2.619829279208091e-07,2.796086372179379e-05,4120934646797.0156,51,highpass
1.1911941666483923e-07,6.117457816514e-07,1.4514706624157755e-07,2.619829279208091e-07,1.1434441281876206e-05,534159609030.3355,51,highpass
1.1911941666483923e-07,6.117457816514e-07,1.4514706624157755e-07,2.619829279208091e-07,2.925483673044139e-05,-1907309408088.9478,51,highpass
1.1911941666483923e-07,4.953771963300821e-07,1.4514706624157755e-07,2.619829279208091e-07,2.796086372179379e-05,431243877461.19165,51,highpass
1.1911941666483923e-07,6.117457816514e-07,1.4514706624157755e-07,2.619829279208091e-07,2.796086372179379e-05,4120934646797.0156,51,highpass
1.1911941666483923e-07,6.117457816514e-07,2.471468472478947e-07,2.619829279208091e-07,2.796086372179379e-05,10583362261.032604,51,highpass
1.1911941666483923e-07,6.117457816514e-07,1.4514706624157755e-07,2.619829279208091e-07,2.796086372179379e-05,4120934646797.0156,51,highpass
1.1911941666483923e-07,6.117457816514e-07,1.4514706624157755e-07,2.619829279208091e-07,2.796086372179379e-05,4120934646797.0156,51,highpass
1.1911941666483923e-07,6.117457816514e-07,1.4514706624157755e-07,2.619829279208091e-07,2.796086372179379e-05,4120934646797.0156,51,highpass
1.1911941666483923e-07,6.117457816514e-07,1.4514706624157755e-07,2.619829279208091e-07,2.796086372179379e-05,4120934646797.0156,51,highpass
1.1911941666483923e-07,6.117457816514e-07,1.4514706624157755e-07,2.619829279208091e-07,2.796086372179379e-05,4120934646797.0156,51,highpass
1.1911941666483923e-07,6.117457816514e-07,1.4514706624157755e-07,2.619829279208091e-07,2.796086372179379e-05,4120934646797.0156,51,highpass
1.1911941666483923e-07,6.117457816514e-07,1.4514706624157755e-07,2.619829279208091e-07,2.796086372179379e-05,4120934646797.0156,51,highpass
1.1911941666483923e-07,6.117457816514e-07,1.4514706624157755e-07,2.619829279208091e-07,2.796086372179379e-05,4120934646797.0156,51,highpass
1.1911941666483923e-07,6.117457816514e-07,1.4514706624157755e-07,2.619829279208091e-07,2.796086372179379e-05,4120934646797.0156,51,highpass
1.1911941666483923e-07,6.117457816514e-07,1.4514706624157755e-07,2.619829279208091e-07,2.796086372179379e-05,4120934646797.0156,51,highpass
1.1911941666483923e-07,6.117457816514e-07,1.4514706624157755e-07,2.619829279208091e-07,2.796086372179379e-05,4120934646797.0156,51,highpass
1.1911941666483923e-07,6.117457816514e-07,1.4514706624157755e-07,2.619829279208091e-07,2.796086372179379e-05,4120934646797.0156,51,highpass
1.1911941666483923e-07,6.117457816514e-07,1.4514706624157755e-07,2.619829279208091e-07,2.796086372179379e-05,4120934646797.0156,51,highpass
1.1911941666483923e-07,6.117457816514e-07,1.4514706624157755e-07,2.619829279208091e-07,2.796086372179379e-05,4120934646797.0156,51,highpass
1.1911941666483923e-07,6.117457816514e-07,1.4514706624157755e-07,2.619829279208091e-07,2.796086372179379e-05,4120934646797.0156,51,highpass
1.1911941666483923e-07,6.117457816514e-07,1.4514706624157755e-07,2.619829279208091e-07,2.803325848125494e-05,4120934646797.0156,51,highpass
1.1911941666483923e-07,6.117457816514e-07,1.4514706624157755e-07,2.619829279208091e-07,2.796086372179379e-05,4120934646797.0156,51,highpass
1.1911941666483923e-07,6.117457816514e-07,1.4514706624157755e-07,2.619829279208091e-07,2.796086372179379e-05,4120934646797.0156,51,highpass
1.1911941666483923e-07,6.117457816514e-07,1.4514706624157755e-07,2.619829279208091e-07,2.796086372179379e-05,4120934646797.0156,51,highpass
1.1911941666483923e-07,6.117457816514e-07,1.5791183924350317e-07,2.619829279208091e-07,2.796086372179379e-05,1967995255123.5264,51,highpass
1.1911941666483923e-07,6.117457816514e-07,1.4514706624157755e-07,2.619829279208091e-07,2.796086372179379e-05,4120934646797.0156,51,highpass
1.1911941666483923e-07,6.117457816514e-07,1.4514706624157755e-07,2.619829279208091e-07,2.796086372179379e-05,4120934646797.0156,51,highpass
1.1911941666483923e-07,6.117457816514e-07,1.4514706624157755e-07,2.619829279208091e-07,2.796086372179379e-05,4120934646797.0156,51,highpass
1.1911941666483923e-07,6.117457816514e-07,1.4514706624157755e-07,2.619829279208091e-07,2.796086372179379e-05,4120934646797.0156,51,highpass
1.1911941666483923e-07,6.117457816514e-07,1.4514706624157755e-07,2.619829279208091e-07,2.796086372179379e-05,4120934646797.0156,52,highpass
1.1911941666483923e-07,6.117457816514e-07,1.4514706624157755e-07,2.619829279208091e-07,2.803325848125494e-05,4120934646797.0156,52,highpass
1.1911941666483923e-07,6.117457816514e-07,1.4514706624157755e-07,2.619829279208091e-07,2.796086372179379e-05,4120934646797.0156,52,highpass
1.1911941666483923e-07,6.117457816514e-07,1.4514706624157755e-07,2.619829279208091e-07,2.803325848125494e-05,4120934646797.0156,52,highpass
1.1911941666483923e-07,6.117457816514e-07,1.4514706624157755e-07,2.619829279208091e-07,2.803325848125494e-05,4120934646797.0156,52,highpass
1.1911941666483923e-07,6.117457816514e-07,1.4514706624157755e-07,2.619829279208091e-07,2.796086372179379e-05,4120934646797.0156,52,highpass
1.1911941666483923e-07,6.117457816514e-07,1.4514706624157755e-07,2.619829279208091e-07,2.796086372179379e-05,4120934646797.0156,52,highpass
1.1911941666483923e-07,6.117457816514e-07,1.4514706624157755e-07,2.619829279208091e-07,2.796086372179379e-05,4120934646797.0156,52,highpass
1.1911941666483923e-07,6.117457816514e-07,1.4514706624157755e-07,2.619829279208091e-07,2.796086372179379e-05,4120934646797.0156,52,highpass
1.1911941666483923e-07,6.117457816514e-07,1.4514706624157755e-07,2.619829279208091e-07,2.796086372179379e-05,4120934646797.0156,52,highpass
1.1911941666483923e-07,6.117457816514e-07,1.4514706624157755e-07,2.619829279208091e-07,2.796086372179379e-05,4120934646797.0156,52,highpass
1.1911941666483923e-07,6.117457816514e-07,1.4514706624157755e-07,2.619829279208091e-07,2.796086372179379e-05,4120934646797.0156,52,highpass
1.1911941666483923e-07,6.117457816514e-07,1.4514706624157755e-07,2.619829279208091e-07,2.796086372179379e-05,4120934646797.0156,52,highpass
1.1911941666483923e-07,6.117457816514e-07,1.4514706624157755e-07,2.619829279208091e-07,2.796086372179379e-05,4120934646797.0156,52,highpass
1.1911941666483923e-07,6.117457816514e-07,1.4514706624157755e-07,2.619829279208091e-07,2.796086372179379e-05,4120934646797.0156,52,highpass
1.1911941666483923e-07,6.117457816514e-07,1.4514706624157755e-07,2.619829279208091e-07,2.796086372179379e-05,4120934646797.0156,52,highpass
1.1911941666483923e-07,6.117457816514e-07,1.4514706624157755e-07,2.619829279208091e-07,2.796086372179379e-05,4120934646797.0156,52,highpass
1.1911941666483923e-07,6.117457816514e-07,1.4514706624157755e-07,2.619829279208091e-07,2.796086372179379e-05,4120934646797.0156,52,highpass
2.0882101451061815e-07,6.117457816514e-07,1.4514706624157755e-07,2.619829279208091e-07,2.796086372179379e-05,-2157364835617.7036,52,highpass
1.1911941666483923e-07,6.117457816514e-07,1.4514706624157755e-07,2.619829279208091e-07,2.803325848125494e-05,4120934646797.0156,52,highpass
1.1911941666483923e-07,6.117457816514e-07,1.4514706624157755e-07,2.619829279208091e-07,2.796086372179379e-05,4120934646797.0156,52,highpass
1.1911941666483923e-07,6.117457816514e-07,1.4514706624157755e-07,2.619829279208091e-07,2.796086372179379e-05,4120934646797.0156,52,highpass
1.1911941666483923e-07,6.117457816514e-07,1.4514706624157755e-07,2.619829279208091e-07,2.796086372179379e-05,4120934646797.0156,52,highpass
1.1911941666483923e-07,6.117457816514e-07,1.4514706624157755e-07,2.619829279208091e-07,2.803325848125494e-05,4120934646797.0156,52,highpass
1.1911941666483923e-07,6.117457816514e-07,1.4514706624157755e-07,2.619829279208091e-07,2.8473888397316744e-05,-1342477884226.7827,52,highpass
1.1911941666483923e-07,6.117457816514e-07,1.4514706624157755e-07,2.619829279208091e-07,2.796086372179379e-05,4120934646797.0156,52,highpass
1.1911941666483923e-07,6.117457816514e-07,1.4514706624157755e-07,2.619829279208091e-07,2.796086372179379e-05,4120934646797.0156,52,highpass
1.1911941666483923e-07,6.117457816514e-07,1.4514706624157755e-07,2.619829279208091e-07,2.796086372179379e-05,4120934646797.0156,52,highpass
1.1911941666483923e-07,6.117457816514e-07,1.4514706624157755e-07,2.619829279208091e-07,2.796086372179379e-05,4120934646797.0156,52,highpass
1.1911941666483923e-07,6.117457816514e-07,1.4514706624157755e-07,2.619829279208091e-07,2.796086372179379e-05,4120934646797.0156,52,highpass
1.1911941666483923e-07,6.117457816514e-07,1.4514706624157755e-07,2.619829279208091e-07,2.796086372179379e-05,4120934646797.0156,53,highpass
1.1911941666483923e-07,6.117457816514e-07,1.4514706624157755e-07,2.619829279208091e-07,2.796086372179379e-05,4120934646797.0156,53,highpass
1.1911941666483923e-07,6.117457816514e-07,1.4514706624157755e-07,2.619829279208091e-07,2.796086372179379e-05,4120934646797.0156,53,highpass
1.1911941666483923e-07,6.117457816514e-07,1.4514706624157755e-07,2.619829279208091e-07,2.796086372179379e-05,4120934646797.0156,53,highpass
1.4375930983128178e-07,6.117457816514e-07,1.4514706624157755e-07,2.619829279208091e-07,2.796086372179379e-05,2117696739536.3936,53,highpass
1.1911941666483923e-07,6.117457816514e-07,1.4514706624157755e-07,2.619829279208091e-07,2.796086372179379e-05,4120934646797.0156,53,highpass
1.1911941666483923e-07,6.117457816514e-07,1.4514706624157755e-07,2.619829279208091e-07,2.796086372179379e-05,4120934646797.0156,53,highpass
1.1911941666483923e-07,6.117457816514e-07,1.4514706624157755e-07,2.619829279208091e-07,2.796086372179379e-05,4120934646797.0156,53,highpass
1.1911941666483923e-07,6.310914692229122e-07,1.4514706624157755e-07,2.619829279208091e-07,2.803325848125494e-05,1296344878821.9995,53,highpass
1.1911941666483923e-07,6.117457816514e-07,1.4514706624157755e-07,2.619829279208091e-07,2.796086372179379e-05,4120934646797.0156,53,highpass
1.1911941666483923e-07,6.117457816514e-07,1.4514706624157755e-07,2.619829279208091e-07,2.796086372179379e-05,4120934646797.0156,53,highpass
1.1911941666483923e-07,6.117457816514e-07,1.4514706624157755e-07,2.619829279208091e-07,2.796086372179379e-05,4120934646797.0156,53,highpass
1.1911941666483923e-07,6.117457816514e-07,1.4514706624157755e-07,2.619829279208091e-07,2.796086372179379e-05,4120934646797.0156,53,highpass
1.1911941666483923e-07,6.117457816514e-07,1.4514706624157755e-07,2.619829279208091e-07,2.803325848125494e-05,4120934646797.0156,53,highpass
1.1911941666483923e-07,6.117457816514e-07,1.4514706624157755e-07,2.619829279208091e-07,2.796086372179379e-05,4120934646797.0156,53,highpass
1.1911941666483923e-07,6.117457816514e-07,1.4514706624157755e-07,1.6696182528592906e-07,2.796086372179379e-05,1058981643760.6754,53,highpass
1.1911941666483923e-07,6.117457816514e-07,1.4514706624157755e-07,2.619829279208091e-07,2.796086372179379e-05,4120934646797.0156,53,highpass
1.1911941666483923e-07,6.117457816514e-07,1.4514706624157755e-07,2.619829279208091e-07,2.803325848125494e-05,4120934646797.0156,53,highpass
1.1911941666483923e-07,6.117457816514e-07,1.4514706624157755e-07,2.619829279208091e-07,2.796086372179379e-05,4120934646797.0156,53,highpass
1.1911941666483923e-07,6.117457816514e-07,1.4514706624157755e-07,2.619829279208091e-07,2.796086372179379e-05,4120934646797.0156,53,highpass
1.1911941666483923e-07,6.117457816514e-07,1.4514706624157755e-07,2.619829279208091e-07,2.796086372179379e-05,4120934646797.0156,53,highpass
1.1323837320121511e-07,6.117457816514e-07,1.4514706624157755e-07,2.619829279208091e-07,2.796086372179379e-05,-141805386100.96814,53,highpass
1.1911941666483923e-07,6.117457816514e-07,1.4514706624157755e-07,2.619829279208091e-07,2.803325848125494e-05,4120934646797.0156,53,highpass
1.1911941666483923e-07,6.117457816514e-07,1.4514706624157755e-07,2.619829279208091e-07,2.796086372179379e-05,4120934646797.0156,53,highpass
1.1911941666483923e-07,5.651498510322725e-07,1.4514706624157755e-07,2.619829279208091e-07,2.796086372179379e-05,-1628921565425.0088,53,highpass
1.1911941666483923e-07,6.117457816514e-07,1.4514706624157755e-07,2.619829279208091e-07,2.796086372179379e-05,4120934646797.0156,53,highpass
1.1911941666483923e-07,6.117457816514e-07,1.4514706624157755e-07,2.619829279208091e-07,2.796086372179379e-05,4120934646797.0156,53,highpass
1.1911941666483923e-07,6.117457816514e-07,1.4514706624157755e-07,2.619829279208091e-07,2.796086372179379e-05,4120934646797.0156,53,highpass
1.1911941666483923e-07,6.117457816514e-07,1.4514706624157755e-07,2.619829279208091e-07,2.796086372179379e-05,4120934646797.0156,53,highpass
1.1911941666483923e-07,6.117457816514e-07,1.4514706624157755e-07,2.619829279208091e-07,2.796086372179379e-05,4120934646797.0156,53,highpass
1.1911941666483923e-07,6.117457816514e-07,1.4514706624157755e-07,2.619829279208091e-07,2.796086372179379e-05,4120934646797.0156,54,highpass
1.1911941666483923e-07,6.117457816514e-07,1.4514706624157755e-07,2.619829279208091e-07,2.796086372179379e-05,4120934646797.0156,54,highpass
1.1911941666483923e-07,6.117457816514e-07,1.4514706624157755e-07,2.619829279208091e-07,2.796086372179379e-05,4120934646797.0156,54,highpass
1.1911941666483923e-07,6.117457816514e-07,1.4514706624157755e-07,2.619829279208091e-07,2.796086372179379e-05,4120934646797.0156,54,highpass
1.1911941666483923e-07,6.117457816514e-07,1.4514706624157755e-07,2.619829279208091e-07,2.796086372179379e-05,4120934646797.0156,54,highpass
1.1911941666483923e-07,6.117457816514e-07,1.4514706624157755e-07,2.619829279208091e-07,2.796086372179379e-05,4120934646797.0156,54,highpass
1.1911941666483923e-07,6.117457816514e-07,1.4514706624157755e-07,2.619829279208091e-07,2.796086372179379e-05,4120934646797.0156,54,highpass
1.1911941666483923e-07,6.063144770103498e-07,1.4514706624157755e-07,2.619829279208091e-07,2.796086372179379e-05,-312450337202.8084,54,highpass
1.1911941666483923e-07,6.117457816514e-07,1.4514706624157755e-07,2.619829279208091e-07,2.796086372179379e-05,4120934646797.0156,54,highpass
1.1911941666483923e-07,6.117457816514e-07,1.4514706624157755e-07,2.619829279208091e-07,2.796086372179379e-05,4120934646797.0156,54,highpass
1.1911941666483923e-07,6.117457816514e-07,1.4514706624157755e-07,2.619829279208091e-07,2.803325848125494e-05,4120934646797.0156,54,highpass
1.1911941666483923e-07,6.117457816514e-07,1.4514706624157755e-07,2.619829279208091e-07,2.796086372179379e-05,4120934646797.0156,54,highpass
1.1911941666483923e-07,6.117457816514e-07,1.4514706624157755e-07,2.619829279208091e-07,2.796086372179379e-05,4120934646797.0156,54,highpass
1.1911941666483923e-07,4.018801997343321e-07,1.4514706624157755e-07,2.619829279208091e-07,2.796086372179379e-05,269269885579.6968,54,highpass
1.1911941666483923e-07,6.117457816514e-07,1.4514706624157755e-07,2.619829279208091e-07,2.796086372179379e-05,4120934646797.0156,54,highpass
1.1911941666483923e-07,6.117457816514e-07,1.4514706624157755e-07,2.619829279208091e-07,2.796086372179379e-05,4120934646797.0156,54,highpass
1.1911941666483923e-07,6.117457816514e-07,1.4514706624157755e-07,2.619829279208091e-07,2.796086372179379e-05,4120934646797.0156,54,highpass
1.1911941666483923e-07,6.117457816514e-07,1.4514706624157755e-07,2.619829279208091e-07,2.796086372179379e-05,4120934646797.0156,54,highpass
1.1911941666483923e-07,6.117457816514e-07,1.4514706624157755e-07,2.619829279208091e-07,2.796086372179379e-05,4120934646797.0156,54,highpass
1.1911941666483923e-07,6.117457816514e-07,1.4514706624157755e-07,2.619829279208091e-07,2.796086372179379e-05,4120934646797.0156,54,highpass
1.1911941666483923e-07,6.117457816514e-07,1.4514706624157755e-07,2.619829279208091e-07,2.803325848125494e-05,4120934646797.0156,54,highpass
1.1911941666483923e-07,5.635015225438877e-07,1.4514706624157755e-07,2.619829279208091e-07,2.796086372179379e-05,-1319115806788.5835,54,highpass
1.1911941666483923e-07,6.117457816514e-07,1.4514706624157755e-07,2.619829279208091e-07,2.796086372179379e-05,4120934646797.0156,54,highpass
1.2155913209209761e-07,6.117457816514e-07,1.4514706624157755e-07,2.619829279208091e-07,2.796086372179379e-05,-672143421306.7169,54,highpass
1.1911941666483923e-07,6.117457816514e-07,1.4514706624157755e-07,2.619829279208091e-07,2.796086372179379e-05,4120934646797.0156,54,highpass
1.1911941666483923e-07,6.117457816514e-07,1.4514706624157755e-07,2.619829279208091e-07,2.796086372179379e-05,4120934646797.0156,54,highpass
1.1911941666483923e-07,6.117457816514e-07,1.4514706624157755e-07,2.619829279208091e-07,2.796086372179379e-05,4120934646797.0156,54,highpass
1.1911941666483923e-07,6.117457816514e-07,1.4514706624157755e-07,2.619829279208091e-07,2.796086372179379e-05,4120934646797.0156,54,highpass
1.1911941666483923e-07,6.117457816514e-07,1.4514706624157755e-07,2.619829279208091e-07,2.796086372179379e-05,4120934646797.0156,54,highpass
1.3584303943598606e-07,6.117457816514e-07,1.4514706624157755e-07,2.619829279208091e-07,2.803325848125494e-05,1486460934412.8152,54,highpass
1.1911941666483923e-07,6.117457816514e-07,1.4514706624157755e-07,2.619829279208091e-07,2.796086372179379e-05,4120934646797.0156,55,highpass
1.1911941666483923e-07,6.117457816514e-07,1.4514706624157755e-07,2.6590382249294884e-07,2.796086372179379e-05,2545879123884.158,55,highpass
1.1911941666483923e-07,6.117457816514e-07,1.4514706624157755e-07,2.619829279208091e-07,2.796086372179379e-05,4120934646797.0156,55,highpass
1.1911941666483923e-07,6.117457816514e-07,1.4514706624157755e-07,2.6400939995309125e-07,2.796086372179379e-05,3970510720457.3486,55,highpass
1.1911941666483923e-07,6.117457816514e-07,1.4514706624157755e-07,2.619829279208091e-07,2.796086372179379e-05,4120934646797.0156,55,highpass
1.1911941666483923e-07,6.117457816514e-07,1.4514706624157755e-07,2.619829279208091e-07,2.796086372179379e-05,4120934646797.0156,55,highpass
1.1911941666483923e-07,6.117457816514e-07,1.4514706624157755e-07,2.619829279208091e-07,2.796086372179379e-05,4120934646797.0156,55,highpass
1.1911941666483923e-07,6.117457816514e-07,1.4514706624157755e-07,2.619829279208091e-07,2.803325848125494e-05,4120934646797.0156,55,highpass
1.1911941666483923e-07,6.117457816514e-07,1.4514706624157755e-07,2.619829279208091e-07,2.796086372179379e-05,4120934646797.0156,55,highpass
1.1911941666483923e-07,6.117457816514e-07,1.4514706624157755e-07,2.619829279208091e-07,2.796086372179379e-05,4120934646797.0156,55,highpass
1.1911941666483923e-07,6.117457816514e-07,1.4514706624157755e-07,2.619829279208091e-07,2.796086372179379e-05,4120934646797.0156,55,highpass
1.1911941666483923e-07,6.117457816514e-07,1.4514706624157755e-07,1.5531710517341933e-07,2.796086372179379e-05,382714245149.66235,55,highpass
1.1911941666483923e-07,5.722808314736858e-07,1.4514706624157755e-07,2.619829279208091e-07,2.796086372179379e-05,2004142320491.4238,55,highpass
1.1911941666483923e-07,6.117457816514e-07,1.4514706624157755e-07,2.619829279208091e-07,2.796086372179379e-05,4120934646797.0156,55,highpass
1.1911941666483923e-07,6.117457816514e-07,1.4514706624157755e-07,2.619829279208091e-07,2.796086372179379e-05,4120934646797.0156,55,highpass
1.1911941666483923e-07,6.117457816514e-07,1.4514706624157755e-07,2.619829279208091e-07,2.796086372179379e-05,4120934646797.0156,55,highpass
1.1911941666483923e-07,6.117457816514e-07,1.4514706624157755e-07,2.619829279208091e-07,2.796086372179379e-05,4120934646797.0156,55,highpass
1.2497037678893832e-07,6.117457816514e-07,1.4514706624157755e-07,2.619829279208091e-07,2.796086372179379e-05,1930193897787.6418,55,highpass
1.1911941666483923e-07,6.117457816514e-07,1.4514706624157755e-07,2.619829279208091e-07,2.796086372179379e-05,4120934646797.0156,55,highpass
1.1911941666483923e-07,6.117457816514e-07,1.627305514457376e-07,2.619829279208091e-07,2.796086372179379e-05,582693326058.0635,55,highpass
1.1911941666483923e-07,6.117457816514e-07,1.4514706624157755e-07,2.619829279208091e-07,2.796086372179379e-05,4120934646797.0156,55,highpass
1.1911941666483923e-07,6.117457816514e-07,1.4514706624157755e-07,2.619829279208091e-07,2.796086372179379e-05,4120934646797.0156,55,highpass
1.167093048206491e-07,6.117457816514e-07,1.4514706624157755e-07,2.619829279208091e-07,2.796086372179379e-05,1562518810430.2979,55,highpass
1.1911941666483923e-07,6.117457816514e-07,1.377619760769055e-07,2.619829279208091e-07,2.796086372179379e-05,2360946861167.8633,55,highpass
1.1911941666483923e-07,6.117457816514e-07,1.4514706624157755e-07,2.619829279208091e-07,2.796086372179379e-05,4120934646797.0156,55,highpass
1.1911941666483923e-07,6.117457816514e-07,1.4514706624157755e-07,2.619829279208091e-07,2.796086372179379e-05,4120934646797.0156,55,highpass
1.1911941666483923e-07,6.117457816514e-07,1.4514706624157755e-07,2.619829279208091e-07,2.796086372179379e-05,4120934646797.0156,55,highpass
1.1911941666483923e-07,6.117457816514e-07,1.4514706624157755e-07,2.619829279208091e-07,2.796086372179379e-05,4120934646797.0156,55,highpass
1.1911941666483923e-07,6.117457816514e-07,1.4514706624157755e-07,2.619829279208091e-07,2.796086372179379e-05,4120934646797.0156,55,highpass
1.1911941666483923e-07,6.117457816514e-07,1.463391812880854e-07,2.619829279208091e-07,2.796086372179379e-05,324154516144.72705,55,highpass
1.1911941666483923e-07,6.117457816514e-07,1.4514706624157755e-07,2.619829279208091e-07,2.796086372179379e-05,4120934646797.0156,56,highpass
1.1911941666483923e-07,6.117457816514e-07,1.4514706624157755e-07,2.619829279208091e-07,2.796086372179379e-05,4120934646797.0156,56,highpass
1.1911941666483923e-07,6.117457816514e-07,1.4514706624157755e-07,2.619829279208091e-07,2.796086372179379e-05,4120934646797.0156,56,highpass
1.1911941666483923e-07,6.117457816514e-07,1.4514706624157755e-07,2.619829279208091e-07,2.796086372179379e-05,4120934646797.0156,56,highpass
1.1911941666483923e-07,6.117457816514e-07,1.4514706624157755e-07,2.619829279208091e-07,2.796086372179379e-05,4120934646797.0156,56,highpass
1.1911941666483923e-07,6.117457816514e-07,1.565871333736545e-07,2.619829279208091e-07,2.796086372179379e-05,835178716952.9019,56,highpass
1.1911941666483923e-07,6.117457816514e-07,1.4514706624157755e-07,2.619829279208091e-07,2.796086372179379e-05,4120934646797.0156,56,highpass
1.1911941666483923e-07,6.117457816514e-07,1.4514706624157755e-07,2.619829279208091e-07,2.796086372179379e-05,4120934646797.0156,56,highpass
1.1911941666483923e-07,6.117457816514e-07,1.4616315508191917e-07,2.619829279208091e-07,2.796086372179379e-05,516123566402.8988,56,highpass
1.1911941666483923e-07,6.117457816514e-07,1.4514706624157755e-07,2.619829279208091e-07,2.796086372179379e-05,4120934646797.0156,56,highpass
1.1911941666483923e-07,6.117457816514e-07,1.4514706624157755e-07,2.619829279208091e-07,2.796086372179379e-05,4120934646797.0156,56,highpass
1.1911941666483923e-07,6.117457816514e-07,1.4514706624157755e-07,2.619829279208091e-07,2.796086372179379e-05,4120934646797.0156,56,highpass
1.1911941666483923e-07,6.117457816514e-07,1.4514706624157755e-07,2.619829279208091e-07,2.796086372179379e-05,4120934646797.0156,56,highpass
1.127219054890165e-07,6.117457816514e-07,1.4514706624157755e-07,2.619829279208091e-07,2.796086372179379e-05,2352841068331.042,56,highpass
1.1911941666483923e-07,6.117457816514e-07,1.4514706624157755e-07,2.619829279208091e-07,2.796086372179379e-05,4120934646797.0156,56,highpass
1.1911941666483923e-07,6.117457816514e-07,1.4514706624157755e-07,2.619829279208091e-07,2.796086372179379e-05,4120934646797.0156,56,highpass
1.1911941666483923e-07,6.117457816514e-07,1.4514706624157755e-07,2.619829279208091e-07,2.796086372179379e-05,4120934646797.0156,56,highpass
1.1911941666483923e-07,6.117457816514e-07,1.4514706624157755e-07,2.619829279208091e-07,2.796086372179379e-05,4120934646797.0156,56,highpass
1.1911941666483923e-07,6.117457816514e-07,1.4514706624157755e-07,2.619829279208091e-07,2.796086372179379e-05,4120934646797.0156,56,highpass
1.1911941666483923e-07,6.117457816514e-07,1.4514706624157755e-07,2.619829279208091e-07,2.796086372179379e-05,4120934646797.0156,56,highpass
1.1911941666483923e-07,6.117457816514e-07,1.4514706624157755e-07,2.619829279208091e-07,2.796086372179379e-05,4120934646797.0156,56,highpass
1.1911941666483923e-07,6.117457816514e-07,1.4514706624157755e-07,2.619829279208091e-07,2.803325848125494e-05,4120934646797.0156,56,highpass
1.1911941666483923e-07,6.117457816514e-07,1.4514706624157755e-07,2.619829279208091e-07,2.796086372179379e-05,4120934646797.0156,56,highpass
1.1911941666483923e-07,6.261715739830405e-07,1.4514706624157755e-07,2.619829279208091e-07,2.796086372179379e-05,3889606075689.5093,56,highpass
1.1911941666483923e-07,6.117457816514e-07,1.4514706624157755e-07,2.619829279208091e-07,2.796086372179379e-05,4120934646797.0156,56,highpass
1.1911941666483923e-07,6.117457816514e-07,1.4514706624157755e-07,2.619829279208091e-07,2.796086372179379e-05,4120934646797.0156,56,highpass
1.1911941666483923e-07,6.043143943766105e-07,1.4514706624157755e-07,2.619829279208091e-07,2.796086372179379e-05,-1264803702750.6028,56,highpass
1.1911941666483923e-07,6.117457816514e-07,1.4514706624157755e-07,2.619829279208091e-07,2.796086372179379e-05,4120934646797.0156,56,highpass
1.1911941666483923e-07,6.117457816514e-07,1.4514706624157755e-07,2.619829279208091e-07,2.796086372179379e-05,4120934646797.0156,56,highpass
1.1911941666483923e-07,6.117457816514e-07,1.4514706624157755e-07,2.619829279208091e-07,2.796086372179379e-05,4120934646797.0156,56,highpass
1.1911941666483923e-07,6.117457816514e-07,1.4514706624157755e-07,2.619829279208091e-07,2.796086372179379e-05,4120934646797.0156,57,highpass
1.1911941666483923e-07,6.117457816514e-07,1.4514706624157755e-07,2.562154429378618e-07,2.796086372179379e-05,-350956606963.6768,57,highpass
1.1911941666483923e-07,6.117457816514e-07,1.4514706624157755e-07,2.619829279208091e-07,2.796086372179379e-05,4120934646797.0156,57,highpass
1.1911941666483923e-07,6.117457816514e-07,1.4514706624157755e-07,2.619829279208091e-07,2.796086372179379e-05,4120934646797.0156,57,highpass
1.1911941666483923e-07,6.117457816514e-07,1.4514706624157755e-07,2.619829279208091e-07,2.796086372179379e-05,4120934646797.0156,57,highpass
1.1911941666483923e-07,6.117457816514e-07,1.4514706624157755e-07,2.619829279208091e-07,2.796086372179379e-05,4120934646797.0156,57,highpass
1.1911941666483923e-07,6.117457816514e-07,1.4514706624157755e-07,2.619829279208091e-07,2.796086372179379e-05,4120934646797.0156,57,highpass
1.1911941666483923e-07,6.117457816514e-07,1.4514706624157755e-07,2.619829279208091e-07,2.796086372179379e-05,4120934646797.0156,57,highpass
1.1911941666483923e-07,6.117457816514e-07,1.4514706624157755e-07,2.619829279208091e-07,2.796086372179379e-05,4120934646797.0156,57,highpass
1.2708692978076423e-07,6.117457816514e-07,1.4514706624157755e-07,2.619829279208091e-07,2.796086372179379e-05,-1373340965496.123,57,highpass
1.1911941666483923e-07,6.117457816514e-07,1.4514706624157755e-07,2.619829279208091e-07,2.796086372179379e-05,4120934646797.0156,57,highpass
1.1911941666483923e-07,6.117457816514e-07,1.4514706624157755e-07,2.1509510676748337e-07,2.796086372179379e-05,983561315354.7765,57,highpass
1.1911941666483923e-07,6.117457816514e-07,1.4514706624157755e-07,2.619829279208091e-07,2.796086372179379e-05,4120934646797.0156,57,highpass
1.1911941666483923e-07,6.117457816514e-07,1.4514706624157755e-07,2.619829279208091e-07,2.796086372179379e-05,4120934646797.0156,57,highpass
1.1911941666483923e-07,6.117457816514e-07,1.4514706624157755e-07,2.619829279208091e-07,2.796086372179379e-05,4120934646797.0156,57,highpass
1.1911941666483923e-07,6.117457816514e-07,1.4514706624157755e-07,1.6666193872319027e-07,2.796086372179379e-05,1000313629428.7133,57,highpass
1.1911941666483923e-07,6.117457816514e-07,1.4514706624157755e-07,2.5944336151003566e-07,2.796086372179379e-05,2804896167916.613,57,highpass
1.1911941666483923e-07,6.117457816514e-07,1.4514706624157755e-07,2.619829279208091e-07,2.796086372179379e-05,4120934646797.0156,57,highpass
1.1911941666483923e-07,6.117457816514e-07,1.4514706624157755e-07,2.619829279208091e-07,2.796086372179379e-05,4120934646797.0156,57,highpass
1.1911941666483923e-07,6.117457816514e-07,1.4514706624157755e-07,2.619829279208091e-07,2.796086372179379e-05,4120934646797.0156,57,highpass
1.1911941666483923e-07,6.117457816514e-07,1.4514706624157755e-07,2.619829279208091e-07,2.796086372179379e-05,4120934646797.0156,57,highpass
1.1847291006508539e-07,6.117457816514e-07,1.4514706624157755e-07,2.619829279208091e-07,2.796086372179379e-05,928254723488.2952,57,highpass
1.962609574956358e-07,6.117457816514e-07,1.4514706624157755e-07,2.619829279208091e-07,2.796086372179379e-05,326741594458.0499,57,highpass
1.1911941666483923e-07,6.117457816514e-07,1.4514706624157755e-07,2.619829279208091e-07,2.796086372179379e-05,4120934646797.0156,57,highpass
1.1911941666483923e-07,6.117457816514e-07,1.4514706624157755e-07,2.619829279208091e-07,2.796086372179379e-05,4120934646797.0156,57,highpass
1.1911941666483923e-07,6.117457816514e-07,1.4514706624157755e-07,2.619829279208091e-07,2.796086372179379e-05,4120934646797.0156,57,highpass
1.1911941666483923e-07,6.117457816514e-07,1.4514706624157755e-07,2.619829279208091e-07,2.796086372179379e-05,4120934646797.0156,57,highpass
1.1911941666483923e-07,6.117457816514e-07,1.4514706624157755e-07,2.619829279208091e-07,2.796086372179379e-05,4120934646797.0156,57,highpass
1.1911941666483923e-07,6.117457816514e-07,1.4514706624157755e-07,2.619829279208091e-07,2.796086372179379e-05,4120934646797.0156,57,highpass
1.1911941666483923e-07,6.117457816514e-07,1.4514706624157755e-07,2.619829279208091e-07,2.796086372179379e-05,4120934646797.0156,57,highpass
1.1911941666483923e-07,6.117457816514e-07,1.4514706624157755e-07,2.619829279208091e-07,2.796086372179379e-05,4120934646797.0156,58,highpass
1.1911941666483923e-07,6.117457816514e-07,1.4514706624157755e-07,2.619829279208091e-07,2.796086372179379e-05,4120934646797.0156,58,highpass
1.1911941666483923e-07,6.117457816514e-07,1.4514706624157755e-07,2.619829279208091e-07,2.796086372179379e-05,4120934646797.0156,58,highpass
1.1911941666483923e-07,6.117457816514e-07,1.4514706624157755e-07,2.619829279208091e-07,2.796086372179379e-05,4120934646797.0156,58,highpass
1.1911941666483923e-07,6.117457816514e-07,1.4514706624157755e-07,2.619829279208091e-07,2.796086372179379e-05,4120934646797.0156,58,highpass
1.1911941666483923e-07,6.117457816514e-07,1.4514706624157755e-07,2.619829279208091e-07,2.796086372179379e-05,4120934646797.0156,58,highpass
1.1911941666483923e-07,6.117457816514e-07,1.4514706624157755e-07,2.619829279208091e-07,2.796086372179379e-05,4120934646797.0156,58,highpass
1.1911941666483923e-07,6.117457816514e-07,2.2372303230128396e-07,2.619829279208091e-07,2.796086372179379e-05,346394197.5869837,58,highpass
1.1747688681047617e-07,6.117457816514e-07,1.4514706624157755e-07,2.619829279208091e-07,2.796086372179379e-05,-536140740320.1878,58,highpass
1.1911941666483923e-07,6.117457816514e-07,1.4514706624157755e-07,2.619829279208091e-07,2.796086372179379e-05,4120934646797.0156,58,highpass
1.1911941666483923e-07,6.117457816514e-07,1.4514706624157755e-07,2.619829279208091e-07,2.796086372179379e-05,4120934646797.0156,58,highpass
1.1911941666483923e-07,6.117457816514e-07,1.4514706624157755e-07,2.619829279208091e-07,2.9205308525246647e-05,303685572002.82245,58,highpass
1.1911941666483923e-07,6.117457816514e-07,1.4514706624157755e-07,2.619829279208091e-07,2.796086372179379e-05,4120934646797.0156,58,highpass
1.1911941666483923e-07,6.117457816514e-07,1.4514706624157755e-07,2.619829279208091e-07,2.796086372179379e-05,4120934646797.0156,58,highpass
1.1911941666483923e-07,6.117457816514e-07,1.4514706624157755e-07,2.619829279208091e-07,2.796086372179379e-05,4120934646797.0156,58,highpass
1.1911941666483923e-07,6.117457816514e-07,1.4514706624157755e-07,2.619829279208091e-07,2.796086372179379e-05,4120934646797.0156,58,highpass
1.1911941666483923e-07,6.117457816514e-07,1.4514706624157755e-07,2.619829279208091e-07,2.796086372179379e-05,4120934646797.0156,58,highpass
1.1911941666483923e-07,6.117457816514e-07,1.4514706624157755e-07,2.619829279208091e-07,2.796086372179379e-05,4120934646797.0156,58,highpass
1.1911941666483923e-07,6.117457816514e-07,1.4514706624157755e-07,2.619829279208091e-07,2.796086372179379e-05,4120934646797.0156,58,highpass
1.1911941666483923e-07,6.117457816514e-07,1.4514706624157755e-07,2.619829279208091e-07,2.796086372179379e-05,4120934646797.0156,58,highpass
1.1911941666483923e-07,6.117457816514e-07,1.4514706624157755e-07,2.619829279208091e-07,2.796086372179379e-05,4120934646797.0156,58,highpass
1.1911941666483923e-07,6.117457816514e-07,1.4514706624157755e-07,2.619829279208091e-07,2.796086372179379e-05,4120934646797.0156,58,highpass
1.1911941666483923e-07,6.117457816514e-07,1.4514706624157755e-07,2.619829279208091e-07,2.796086372179379e-05,4120934646797.0156,58,highpass
1.1911941666483923e-07,6.117457816514e-07,1.4514706624157755e-07,2.619829279208091e-07,2.796086372179379e-05,4120934646797.0156,58,highpass
1.1911941666483923e-07,6.117457816514e-07,1.4514706624157755e-07,2.619829279208091e-07,2.796086372179379e-05,4120934646797.0156,58,highpass
1.1911941666483923e-07,6.117457816514e-07,1.4514706624157755e-07,2.619829279208091e-07,2.9772480497998017e-05,-199900475622.66953,58,highpass
1.1911941666483923e-07,6.736562746159439e-07,1.4514706624157755e-07,2.619829279208091e-07,2.796086372179379e-05,1128827685512.4087,58,highpass
1.2213853932151587e-07,6.117457816514e-07,1.4514706624157755e-07,2.619829279208091e-07,2.796086372179379e-05,1290536324380.4392,58,highpass
1.1911941666483923e-07,6.117457816514e-07,1.4514706624157755e-07,2.619829279208091e-07,2.796086372179379e-05,4120934646797.0156,58,highpass
1.1911941666483923e-07,6.117457816514e-07,1.4514706624157755e-07,2.619829279208091e-07,2.796086372179379e-05,4120934646797.0156,58,highpass
1.1911941666483923e-07,6.117457816514e-07,1.4514706624157755e-07,2.619829279208091e-07,2.796086372179379e-05,4120934646797.0156,59,highpass
1.1911941666483923e-07,6.117457816514e-07,1.4514706624157755e-07,2.619829279208091e-07,2.796086372179379e-05,4120934646797.0156,59,highpass
1.1911941666483923e-07,6.117457816514e-07,1.4514706624157755e-07,2.619829279208091e-07,2.796086372179379e-05,4120934646797.0156,59,highpass
1.1911941666483923e-07,6.117457816514e-07,1.4514706624157755e-07,2.619829279208091e-07,2.796086372179379e-05,4120934646797.0156,59,highpass
2.4746919481776454e-07,6.117457816514e-07,1.4514706624157755e-07,2.619829279208091e-07,2.796086372179379e-05,-5083922930.820529,59,highpass
1.1911941666483923e-07,6.117457816514e-07,1.4514706624157755e-07,2.619829279208091e-07,2.796086372179379e-05,4120934646797.0156,59,highpass
1.1911941666483923e-07,6.117457816514e-07,1.4514706624157755e-07,2.619829279208091e-07,2.796086372179379e-05,4120934646797.0156,59,highpass
1.1911941666483923e-07,6.117457816514e-07,1.4514706624157755e-07,2.619829279208091e-07,2.796086372179379e-05,4120934646797.0156,59,highpass
1.1911941666483923e-07,6.117457816514e-07,1.4514706624157755e-07,2.619829279208091e-07,2.796086372179379e-05,4120934646797.0156,59,highpass
1.1911941666483923e-07,6.117457816514e-07,1.4514706624157755e-07,2.619829279208091e-07,2.796086372179379e-05,4120934646797.0156,59,highpass
1.1911941666483923e-07,6.117457816514e-07,1.4514706624157755e-07,2.619829279208091e-07,2.796086372179379e-05,4120934646797.0156,59,highpass
1.4297464126873128e-07,6.117457816514e-07,1.4514706624157755e-07,2.619829279208091e-07,2.796086372179379e-05,1278077893532.6284,59,highpass
1.1911941666483923e-07,6.117457816514e-07,1.4514706624157755e-07,2.619829279208091e-07,2.796086372179379e-05,4120934646797.0156,59,highpass
1.1911941666483923e-07,6.117457816514e-07,1.4514706624157755e-07,2.619829279208091e-07,2.796086372179379e-05,4120934646797.0156,59,highpass
1.1911941666483923e-07,6.117457816514e-07,1.4514706624157755e-07,2.619829279208091e-07,2.796086372179379e-05,4120934646797.0156,59,highpass
1.1911941666483923e-07,6.117457816514e-07,1.4514706624157755e-07,2.619829279208091e-07,2.796086372179379e-05,4120934646797.0156,59,highpass
1.1911941666483923e-07,6.117457816514e-07,1.4514706624157755e-07,2.619829279208091e-07,2.796086372179379e-05,4120934646797.0156,59,highpass
1.1911941666483923e-07,6.117457816514e-07,1.4514706624157755e-07,2.619829279208091e-07,2.796086372179379e-05,4120934646797.0156,59,highpass
1.1911941666483923e-07,6.117457816514e-07,1.4514706624157755e-07,2.619829279208091e-07,2.796086372179379e-05,4120934646797.0156,59,highpass
1.1911941666483923e-07,6.117457816514e-07,1.4514706624157755e-07,2.619829279208091e-07,2.796086372179379e-05,4120934646797.0156,59,highpass
1.1911941666483923e-07,6.117457816514e-07,1.4514706624157755e-07,2.619829279208091e-07,2.796086372179379e-05,4120934646797.0156,59,highpass
1.1911941666483923e-07,6.117457816514e-07,1.4514706624157755e-07,2.619829279208091e-07,2.796086372179379e-05,4120934646797.0156,59,highpass
1.1911941666483923e-07,6.117457816514e-07,1.4514706624157755e-07,2.619829279208091e-07,2.796086372179379e-05,4120934646797.0156,59,highpass
1.1911941666483923e-07,6.117457816514e-07,1.4514706624157755e-07,2.619829279208091e-07,2.796086372179379e-05,4120934646797.0156,59,highpass
1.1911941666483923e-07,6.117457816514e-07,1.4514706624157755e-07,2.619829279208091e-07,2.796086372179379e-05,4120934646797.0156,59,highpass
1.1911941666483923e-07,6.117457816514e-07,1.4514706624157755e-07,2.619829279208091e-07,2.796086372179379e-05,4120934646797.0156,59,highpass
1.1911941666483923e-07,6.117457816514e-07,1.4514706624157755e-07,2.619829279208091e-07,2.796086372179379e-05,4120934646797.0156,59,highpass
1.1911941666483923e-07,6.117457816514e-07,1.4514706624157755e-07,2.619829279208091e-07,2.796086372179379e-05,4120934646797.0156,59,highpass
1.1911941666483923e-07,6.117457816514e-07,1.4514706624157755e-07,2.619829279208091e-07,2.796086372179379e-05,4120934646797.0156,59,highpass
1.1911941666483923e-07,6.117457816514e-07,1.4514706624157755e-07,2.619829279208091e-07,2.796086372179379e-05,4120934646797.0156,59,highpass
1.1911941666483923e-07,6.117457816514e-07,1.4514706624157755e-07,2.619829279208091e-07,2.796086372179379e-05,4120934646797.0156,60,highpass
1.8413262827602292e-07,6.117457816514e-07,1.4514706624157755e-07,2.619829279208091e-07,2.796086372179379e-05,607415306167.5513,60,highpass
1.1911941666483923e-07,6.117457816514e-07,1.4514706624157755e-07,2.619829279208091e-07,2.796086372179379e-05,4120934646797.0156,60,highpass
1.1911941666483923e-07,6.117457816514e-07,1.4023207845031212e-07,2.619829279208091e-07,2.796086372179379e-05,172099181331.84003,60,highpass
1.1911941666483923e-07,6.117457816514e-07,1.4514706624157755e-07,2.619829279208091e-07,2.796086372179379e-05,4120934646797.0156,60,highpass
1.1911941666483923e-07,6.117457816514e-07,1.4514706624157755e-07,2.619829279208091e-07,2.796086372179379e-05,4120934646797.0156,60,highpass
1.1911941666483923e-07,6.117457816514e-07,1.4514706624157755e-07,2.619829279208091e-07,2.796086372179379e-05,4120934646797.0156,60,highpass
1.1911941666483923e-07,6.117457816514e-07,1.4514706624157755e-07,2.619829279208091e-07,2.796086372179379e-05,4120934646797.0156,60,highpass
1.1911941666483923e-07,6.117457816514e-07,1.4514706624157755e-07,2.619829279208091e-07,2.796086372179379e-05,4120934646797.0156,60,highpass
1.1911941666483923e-07,6.117457816514e-07,1.4514706624157755e-07,2.619829279208091e-07,2.796086372179379e-05,4120934646797.0156,60,highpass
1.1911941666483923e-07,6.117457816514e-07,1.4514706624157755e-07,2.619829279208091e-07,2.796086372179379e-05,4120934646797.0156,60,highpass
1.1911941666483923e-07,6.117457816514e-07,1.4514706624157755e-07,2.619829279208091e-07,2.796086372179379e-05,4120934646797.0156,60,highpass
1.1911941666483923e-07,6.117457816514e-07,1.4514706624157755e-07,2.619829279208091e-07,2.796086372179379e-05,4120934646797.0156,60,highpass
1.1911941666483923e-07,6.117457816514e-07,1.4388960955441902e-07,2.619829279208091e-07,2.796086372179379e-05,-2404481016029.856,60,highpass
1.1911941666483923e-07,6.117457816514e-07,1.4514706624157755e-07,2.619829279208091e-07,2.796086372179379e-05,4120934646797.0156,60,highpass
1.1911941666483923e-07,6.117457816514e-07,1.4514706624157755e-07,2.619829279208091e-07,2.796086372179379e-05,4120934646797.0156,60,highpass
1.1911941666483923e-07,6.117457816514e-07,1.4514706624157755e-07,2.619829279208091e-07,2.796086372179379e-05,4120934646797.0156,60,highpass
1.1911941666483923e-07,6.117457816514e-07,1.4514706624157755e-07,2.619829279208091e-07,2.796086372179379e-05,4120934646797.0156,60,highpass
1.1911941666483923e-07,6.117457816514e-07,1.4514706624157755e-07,2.619829279208091e-07,2.796086372179379e-05,4120934646797.0156,60,highpass
1.1911941666483923e-07,6.117457816514e-07,1.4514706624157755e-07,2.619829279208091e-07,2.796086372179379e-05,4120934646797.0156,60,highpass
1.1911941666483923e-07,6.117457816514e-07,1.4514706624157755e-07,2.619829279208091e-07,2.796086372179379e-05,4120934646797.0156,60,highpass
1.1911941666483923e-07,6.117457816514e-07,1.4514706624157755e-07,2.619829279208091e-07,2.796086372179379e-05,4120934646797.0156,60,highpass
1.1911941666483923e-07,6.117457816514e-07,1.4514706624157755e-07,2.619829279208091e-07,2.796086372179379e-05,4120934646797.0156,60,highpass
1.1911941666483923e-07,6.117457816514e-07,1.4514706624157755e-07,2.619829279208091e-07,2.796086372179379e-05,4120934646797.0156,60,highpass
1.1911941666483923e-07,6.117457816514e-07,1.4514706624157755e-07,2.619829279208091e-07,2.796086372179379e-05,4120934646797.0156,60,highpass
1.1911941666483923e-07,6.117457816514e-07,1.4514706624157755e-07,2.619829279208091e-07,2.796086372179379e-05,4120934646797.0156,60,highpass
1.1911941666483923e-07,6.117457816514e-07,1.4514706624157755e-07,2.619829279208091e-07,2.796086372179379e-05,4120934646797.0156,60,highpass
1.1911941666483923e-07,6.117457816514e-07,1.4514706624157755e-07,2.619829279208091e-07,2.796086372179379e-05,4120934646797.0156,60,highpass
1.1911941666483923e-07,6.117457816514e-07,1.4514706624157755e-07,2.619829279208091e-07,2.796086372179379e-05,4120934646797.0156,60,highpass
1.1911941666483923e-07,6.117457816514e-07,1.4514706624157755e-07,2.619829279208091e-07,2.796086372179379e-05,4120934646797.0156,60,highpass
1.1911941666483923e-07,6.117457816514e-07,1.4514706624157755e-07,2.619829279208091e-07,2.796086372179379e-05,4120934646797.0156,61,highpass
1.1911941666483923e-07,6.117457816514e-07,1.4514706624157755e-07,2.7979361777939275e-07,2.796086372179379e-05,-302616446901.515,61,highpass
1.1911941666483923e-07,6.117457816514e-07,1.4514706624157755e-07,2.619829279208091e-07,2.796086372179379e-05,4120934646797.0156,61,highpass
1.1911941666483923e-07,6.117457816514e-07,1.4514706624157755e-07,2.619829279208091e-07,2.796086372179379e-05,4120934646797.0156,61,highpass
1.1911941666483923e-07,6.117457816514e-07,1.4514706624157755e-07,2.619829279208091e-07,2.796086372179379e-05,4120934646797.0156,61,highpass
1.1911941666483923e-07,6.356837708507619e-07,1.4514706624157755e-07,2.619829279208091e-07,2.796086372179379e-05,1981308931836.588,61,highpass
1.1911941666483923e-07,6.117457816514e-07,1.4514706624157755e-07,2.619829279208091e-07,2.796086372179379e-05,4120934646797.0156,61,highpass
1.1911941666483923e-07,6.117457816514e-07,1.4514706624157755e-07,2.619829279208091e-07,2.796086372179379e-05,4120934646797.0156,61,highpass
1.1911941666483923e-07,6.117457816514e-07,1.4514706624157755e-07,2.619829279208091e-07,2.781127730764489e-05,338900739634.9553,61,highpass
1.1911941666483923e-07,6.117457816514e-07,1.4514706624157755e-07,2.619829279208091e-07,2.796086372179379e-05,4120934646797.0156,61,highpass
1.1911941666483923e-07,6.117457816514e-07,1.4514706624157755e-07,2.619829279208091e-07,2.796086372179379e-05,4120934646797.0156,61,highpass
1.1911941666483923e-07,6.117457816514e-07,1.4514706624157755e-07,2.619829279208091e-07,2.6851462665871158e-05,1223813381296.5894,61,highpass
1.1911941666483923e-07,6.117457816514e-07,1.4514706624157755e-07,2.619829279208091e-07,2.796086372179379e-05,4120934646797.0156,61,highpass
1.1911941666483923e-07,6.117457816514e-07,1.4514706624157755e-07,2.619829279208091e-07,2.796086372179379e-05,4120934646797.0156,61,highpass
1.1911941666483923e-07,6.117457816514e-07,1.4514706624157755e-07,2.619829279208091e-07,2.796086372179379e-05,4120934646797.0156,61,highpass
1.1911941666483923e-07,6.117457816514e-07,1.4514706624157755e-07,2.619829279208091e-07,2.796086372179379e-05,4120934646797.0156,61,highpass
1.1911941666483923e-07,6.117457816514e-07,1.4514706624157755e-07,2.619829279208091e-07,2.796086372179379e-05,4120934646797.0156,61,highpass
1.1911941666483923e-07,6.097890065473739e-07,1.4514706624157755e-07,2.619829279208091e-07,2.796086372179379e-05,3212045701026.6465,61,highpass
1.1911941666483923e-07,6.117457816514e-07,1.4514706624157755e-07,2.619829279208091e-07,2.796086372179379e-05,4120934646797.0156,61,highpass
1.1911941666483923e-07,6.117457816514e-07,1.4514706624157755e-07,2.619829279208091e-07,2.796086372179379e-05,4120934646797.0156,61,highpass
1.1911941666483923e-07,6.117457816514e-07,1.4514706624157755e-07,2.619829279208091e-07,2.796086372179379e-05,4120934646797.0156,61,highpass
1.1911941666483923e-07,6.117457816514e-07,1.4514706624157755e-07,2.619829279208091e-07,3.6897144185119244e-05,1799886679474.9722,61,highpass
1.1911941666483923e-07,6.117457816514e-07,1.4514706624157755e-07,2.619829279208091e-07,2.796086372179379e-05,4120934646797.0156,61,highpass
1.1994369814233435e-07,6.117457816514e-07,1.4514706624157755e-07,2.619829279208091e-07,2.796086372179379e-05,-2069501118838.4485,61,highpass
1.4604871175985308e-07,6.117457816514e-07,1.4514706624157755e-07,2.619829279208091e-07,2.796086372179379e-05,133229556069.71658,61,highpass
1.1911941666483923e-07,6.117457816514e-07,1.4514706624157755e-07,2.619829279208091e-07,2.796086372179379e-05,4120934646797.0156,61,highpass
1.1911941666483923e-07,6.117457816514e-07,1.4514706624157755e-07,2.619829279208091e-07,2.796086372179379e-05,4120934646797.0156,61,highpass
1.1911941666483923e-07,6.117457816514e-07,1.4514706624157755e-07,2.619829279208091e-07,2.796086372179379e-05,4120934646797.0156,61,highpass
1.1911941666483923e-07,6.117457816514e-07,1.4514706624157755e-07,2.619829279208091e-07,2.796086372179379e-05,4120934646797.0156,61,highpass
1.1911941666483923e-07,6.117457816514e-07,1.4514706624157755e-07,2.619829279208091e-07,2.796086372179379e-05,4120934646797.0156,61,highpass
1.1911941666483923e-07,6.117457816514e-07,1.4514706624157755e-07,2.619829279208091e-07,2.796086372179379e-05,4120934646797.0156,62,highpass
1.1911941666483923e-07,6.117457816514e-07,1.4514706624157755e-07,2.619829279208091e-07,2.796086372179379e-05,4120934646797.0156,62,highpass
1.1911941666483923e-07,6.252444502028427e-07,1.4514706624157755e-07,2.619829279208091e-07,2.796086372179379e-05,3717638760864.438,62,highpass
1.1911941666483923e-07,6.117457816514e-07,2.283749398564491e-07,2.619829279208091e-07,2.796086372179379e-05,969691463.3951992,62,highpass
1.1911941666483923e-07,6.117457816514e-07,1.4514706624157755e-07,2.619829279208091e-07,2.796086372179379e-05,4120934646797.0156,62,highpass
1.1911941666483923e-07,6.117457816514e-07,1.4514706624157755e-07,2.619829279208091e-07,2.796086372179379e-05,4120934646797.0156,62,highpass
1.1911941666483923e-07,6.117457816514e-07,1.4514706624157755e-07,2.619829279208091e-07,2.796086372179379e-05,4120934646797.0156,62,highpass
1.1911941666483923e-07,6.117457816514e-07,1.4514706624157755e-07,2.619829279208091e-07,2.796086372179379e-05,4120934646797.0156,62,highpass
1.1911941666483923e-07,6.117457816514e-07,1.4514706624157755e-07,2.619829279208091e-07,2.796086372179379e-05,4120934646797.0156,62,highpass
1.1911941666483923e-07,6.117457816514e-07,1.4514706624157755e-07,2.619829279208091e-07,2.796086372179379e-05,4120934646797.0156,62,highpass
1.1911941666483923e-07,6.117457816514e-07,1.4514706624157755e-07,2.619829279208091e-07,2.796086372179379e-05,4120934646797.0156,62,highpass
1.1352340679261013e-07,6.117457816514e-07,1.4514706624157755e-07,2.619829279208091e-07,2.796086372179379e-05,-1202068058888.501,62,highpass
1.1911941666483923e-07,6.117457816514e-07,1.4514706624157755e-07,2.619829279208091e-07,2.796086372179379e-05,4120934646797.0156,62,highpass
1.1911941666483923e-07,6.117457816514e-07,1.4514706624157755e-07,2.619829279208091e-07,2.68610468497348e-05,1223158517958.8025,62,highpass
1.1911941666483923e-07,6.117457816514e-07,1.4514706624157755e-07,2.619829279208091e-07,2.796086372179379e-05,4120934646797.0156,62,highpass
1.1911941666483923e-07,6.117457816514e-07,1.4514706624157755e-07,2.619829279208091e-07,2.796086372179379e-05,4120934646797.0156,62,highpass
1.1911941666483923e-07,6.117457816514e-07,1.4514706624157755e-07,2.619829279208091e-07,2.796086372179379e-05,4120934646797.0156,62,highpass
1.1911941666483923e-07,6.117457816514e-07,1.4514706624157755e-07,2.619829279208091e-07,2.6249308441439628e-05,581969750011.4596,62,highpass
1.1911941666483923e-07,6.117457816514e-07,1.4514706624157755e-07,2.619829279208091e-07,2.796086372179379e-05,4120934646797.0156,62,highpass
1.1911941666483923e-07,6.117457816514e-07,1.4514706624157755e-07,2.619829279208091e-07,2.796086372179379e-05,4120934646797.0156,62,highpass
1.1911941666483923e-07,6.117457816514e-07,1.4514706624157755e-07,2.619829279208091e-07,2.796086372179379e-05,4120934646797.0156,62,highpass
1.1911941666483923e-07,6.117457816514e-07,1.4514706624157755e-07,2.619829279208091e-07,2.796086372179379e-05,4120934646797.0156,62,highpass
1.1911941666483923e-07,6.117457816514e-07,1.4514706624157755e-07,2.619829279208091e-07,2.796086372179379e-05,4120934646797.0156,62,highpass
1.1911941666483923e-07,6.117457816514e-07,1.4514706624157755e-07,2.619829279208091e-07,2.796086372179379e-05,4120934646797.0156,62,highpass
1.1911941666483923e-07,6.117457816514e-07,1.4514706624157755e-07,2.619829279208091e-07,2.796086372179379e-05,4120934646797.0156,62,highpass
1.1911941666483923e-07,6.117457816514e-07,1.4514706624157755e-07,2.619829279208091e-07,2.796086372179379e-05,4120934646797.0156,62,highpass
1.1911941666483923e-07,6.117457816514e-07,1.4514706624157755e-07,2.619829279208091e-07,2.796086372179379e-05,4120934646797.0156,62,highpass
1.171181814509848e-07,6.117457816514e-07,1.4514706624157755e-07,2.619829279208091e-07,2.796086372179379e-05,-720081604345.2821,62,highpass
1.1911941666483923e-07,5.935135355384341e-07,1.4514706624157755e-07,2.619829279208091e-07,2.796086372179379e-05,1957875075145.4602,62,highpass
1.1911941666483923e-07,6.117457816514e-07,1.4514706624157755e-07,2.619829279208091e-07,2.796086372179379e-05,4120934646797.0156,62,highpass
1.1911941666483923e-07,6.117457816514e-07,1.4514706624157755e-07,2.619829279208091e-07,2.796086372179379e-05,4120934646797.0156,63,highpass
1.1911941666483923e-07,6.117457816514e-07,1.4514706624157755e-07,2.619829279208091e-07,2.9222122522744865e-05,-1908695797331.4219,63,highpass
1.1911941666483923e-07,6.117457816514e-07,1.43512180421355e-07,2.619829279208091e-07,2.796086372179379e-05,-383311907080.38837,63,highpass
1.1911941666483923e-07,6.117457816514e-07,1.4514706624157755e-07,2.619829279208091e-07,2.796086372179379e-05,4120934646797.0156,63,highpass
1.1911941666483923e-07,6.117457816514e-07,1.4514706624157755e-07,2.619829279208091e-07,2.796086372179379e-05,4120934646797.0156,63,highpass
1.1911941666483923e-07,6.117457816514e-07,1.4514706624157755e-07,2.619829279208091e-07,2.796086372179379e-05,4120934646797.0156,63,highpass
1.1911941666483923e-07,6.117457816514e-07,1.4514706624157755e-07,2.619829279208091e-07,2.796086372179379e-05,4120934646797.0156,63,highpass
1.1911941666483923e-07,6.117457816514e-07,1.4514706624157755e-07,2.619829279208091e-07,2.796086372179379e-05,4120934646797.0156,63,highpass
1.1911941666483923e-07,6.117457816514e-07,1.4514706624157755e-07,2.619829279208091e-07,2.796086372179379e-05,4120934646797.0156,63,highpass
1.1911941666483923e-07,6.117457816514e-07,1.3797971803865187e-07,2.619829279208091e-07,2.796086372179379e-05,2691753031958.9585,63,highpass
1.1911941666483923e-07,6.117457816514e-07,1.4514706624157755e-07,2.619829279208091e-07,2.796086372179379e-05,4120934646797.0156,63,highpass
1.1911941666483923e-07,6.117457816514e-07,1.4514706624157755e-07,2.619829279208091e-07,2.796086372179379e-05,4120934646797.0156,63,highpass
1.1911941666483923e-07,6.117457816514e-07,1.4514706624157755e-07,2.619829279208091e-07,2.796086372179379e-05,4120934646797.0156,63,highpass
1.1911941666483923e-07,6.117457816514e-07,1.4514706624157755e-07,2.619829279208091e-07,2.796086372179379e-05,4120934646797.0156,63,highpass
1.1911941666483923e-07,6.117457816514e-07,1.4514706624157755e-07,2.619829279208091e-07,2.796086372179379e-05,4120934646797.0156,63,highpass
1.1911941666483923e-07,6.117457816514e-07,1.4514706624157755e-07,2.619829279208091e-07,2.796086372179379e-05,4120934646797.0156,63,highpass
1.1911941666483923e-07,6.117457816514e-07,1.4514706624157755e-07,2.619829279208091e-07,2.796086372179379e-05,4120934646797.0156,63,highpass
1.1911941666483923e-07,6.117457816514e-07,1.4514706624157755e-07,2.619829279208091e-07,2.796086372179379e-05,4120934646797.0156,63,highpass
1.1911941666483923e-07,6.117457816514e-07,1.4514706624157755e-07,2.619829279208091e-07,2.796086372179379e-05,4120934646797.0156,63,highpass
1.1911941666483923e-07,6.117457816514e-07,1.4514706624157755e-07,2.619829279208091e-07,2.796086372179379e-05,4120934646797.0156,63,highpass
1.1911941666483923e-07,6.117457816514e-07,1.4514706624157755e-07,2.619829279208091e-07,2.796086372179379e-05,4120934646797.0156,63,highpass
1.1911941666483923e-07,6.117457816514e-07,1.4514706624157755e-07,2.619829279208091e-07,2.796086372179379e-05,4120934646797.0156,63,highpass
1.2035831609654247e-07,6.117457816514e-07,1.4514706624157755e-07,2.619829279208091e-07,2.796086372179379e-05,-2236003619190.0767,63,highpass
1.1911941666483923e-07,6.117457816514e-07,1.4514706624157755e-07,2.619829279208091e-07,2.796086372179379e-05,4120934646797.0156,63,highpass
1.1911941666483923e-07,6.117457816514e-07,1.4514706624157755e-07,2.619829279208091e-07,2.796086372179379e-05,4120934646797.0156,63,highpass
1.1911941666483923e-07,6.117457816514e-07,1.4514706624157755e-07,2.619829279208091e-07,2.796086372179379e-05,4120934646797.0156,63,highpass
1.1911941666483923e-07,6.117457816514e-07,1.4514706624157755e-07,2.619829279208091e-07,2.796086372179379e-05,4120934646797.0156,63,highpass
1.1911941666483923e-07,6.117457816514e-07,1.4514706624157755e-07,2.619829279208091e-07,2.796086372179379e-05,4120934646797.0156,63,highpass
1.1911941666483923e-07,6.117457816514e-07,1.4514706624157755e-07,2.619829279208091e-07,2.796086372179379e-05,4120934646797.0156,63,highpass
1.1911941666483923e-07,6.117457816514e-07,1.4514706624157755e-07,2.619829279208091e-07,2.796086372179379e-05,4120934646797.0156,63,highpass
1.1911941666483923e-07,6.117457816514e-07,1.4514706624157755e-07,2.619829279208091e-07,2.796086372179379e-05,4120934646797.0156,64,highpass
1.1911941666483923e-07,6.117457816514e-07,1.4514706624157755e-07,2.619829279208091e-07,4.209006920934888e-05,1499616357587.6306,64,highpass
1.1911941666483923e-07,6.117457816514e-07,1.4514706624157755e-07,2.582799386743568e-07,2.796086372179379e-05,1643591574408.9282,64,highpass
1.1911941666483923e-07,6.117457816514e-07,1.4514706624157755e-07,2.619829279208091e-07,2.796086372179379e-05,4120934646797.0156,64,highpass
1.1911941666483923e-07,6.117457816514e-07,1.4514706624157755e-07,2.619829279208091e-07,2.796086372179379e-05,4120934646797.0156,64,highpass
1.1911941666483923e-07,6.117457816514e-07,1.4514706624157755e-07,2.619829279208091e-07,2.796086372179379e-05,4120934646797.0156,64,highpass
1.1911941666483923e-07,6.117457816514e-07,1.4514706624157755e-07,2.619829279208091e-07,2.796086372179379e-05,4120934646797.0156,64,highpass
1.1911941666483923e-07,6.117457816514e-07,1.4514706624157755e-07,2.619829279208091e-07,2.796086372179379e-05,4120934646797.0156,64,highpass
1.1911941666483923e-07,6.117457816514e-07,1.4514706624157755e-07,2.619829279208091e-07,2.796086372179379e-05,4120934646797.0156,64,highpass
1.1911941666483923e-07,6.117457816514e-07,1.4514706624157755e-07,2.619829279208091e-07,2.796086372179379e-05,4120934646797.0156,64,highpass
1.1911941666483923e-07,6.117457816514e-07,1.4514706624157755e-07,2.619829279208091e-07,2.796086372179379e-05,4120934646797.0156,64,highpass
1.1911941666483923e-07,6.117457816514e-07,1.4514706624157755e-07,2.619829279208091e-07,2.796086372179379e-05,4120934646797.0156,64,highpass
1.1911941666483923e-07,6.117457816514e-07,1.4514706624157755e-07,2.619829279208091e-07,2.796086372179379e-05,4120934646797.0156,64,highpass
1.1911941666483923e-07,6.117457816514e-07,1.4514706624157755e-07,2.619829279208091e-07,2.796086372179379e-05,4120934646797.0156,64,highpass
1.1911941666483923e-07,6.117457816514e-07,1.4514706624157755e-07,2.619829279208091e-07,2.796086372179379e-05,4120934646797.0156,64,highpass
1.1911941666483923e-07,6.117457816514e-07,1.4514706624157755e-07,2.619829279208091e-07,2.7525400314362383e-05,-2326024624756.9014,64,highpass
1.1911941666483923e-07,6.117457816514e-07,1.4514706624157755e-07,2.619829279208091e-07,2.796086372179379e-05,4120934646797.0156,64,highpass
1.1911941666483923e-07,6.117457816514e-07,1.7396693742033186e-07,2.619829279208091e-07,2.796086372179379e-05,-1940987642844.9468,64,highpass
1.1911941666483923e-07,6.117457816514e-07,1.4514706624157755e-07,2.619829279208091e-07,2.796086372179379e-05,4120934646797.0156,64,highpass
1.1911941666483923e-07,6.117457816514e-07,1.4514706624157755e-07,2.619829279208091e-07,2.796086372179379e-05,4120934646797.0156,64,highpass
1.1911941666483923e-07,6.117457816514e-07,1.4514706624157755e-07,2.619829279208091e-07,2.796086372179379e-05,4120934646797.0156,64,highpass
1.1911941666483923e-07,6.117457816514e-07,1.4514706624157755e-07,2.619829279208091e-07,2.796086372179379e-05,4120934646797.0156,64,highpass
1.1911941666483923e-07,6.117457816514e-07,1.4514706624157755e-07,2.619829279208091e-07,2.796086372179379e-05,4120934646797.0156,64,highpass
1.1911941666483923e-07,6.117457816514e-07,1.4514706624157755e-07,2.619829279208091e-07,2.796086372179379e-05,4120934646797.0156,64,highpass
1.1911941666483923e-07,6.117457816514e-07,1.4514706624157755e-07,2.619829279208091e-07,2.796086372179379e-05,4120934646797.0156,64,highpass
1.1190170630430846e-07,6.117457816514e-07,1.4514706624157755e-07,2.619829279208091e-07,2.796086372179379e-05,-37741817507.19238,64,highpass
1.1911941666483923e-07,6.117457816514e-07,1.4514706624157755e-07,2.619829279208091e-07,2.796086372179379e-05,4120934646797.0156,64,highpass
1.1911941666483923e-07,6.117457816514e-07,1.4514706624157755e-07,2.619829279208091e-07,2.796086372179379e-05,4120934646797.0156,64,highpass
1.1911941666483923e-07,6.117457816514e-07,1.4514706624157755e-07,2.619829279208091e-07,2.796086372179379e-05,4120934646797.0156,64,highpass
1.1911941666483923e-07,5.768186635256606e-07,1.4514706624157755e-07,2.619829279208091e-07,2.796086372179379e-05,1980927883094.33,64,highpass
1.1911941666483923e-07,6.117457816514e-07,1.4514706624157755e-07,2.619829279208091e-07,2.796086372179379e-05,4120934646797.0156,65,highpass
1.1911941666483923e-07,6.117457816514e-07,1.4514706624157755e-07,2.619829279208091e-07,2.796086372179379e-05,4120934646797.0156,65,highpass
1.1911941666483923e-07,6.117457816514e-07,1.4514706624157755e-07,2.619829279208091e-07,2.796086372179379e-05,4120934646797.0156,65,highpass
1.1911941666483923e-07,6.117457816514e-07,1.4514706624157755e-07,2.619829279208091e-07,2.796086372179379e-05,4120934646797.0156,65,highpass
1.1911941666483923e-07,6.117457816514e-07,1.4514706624157755e-07,2.619829279208091e-07,2.796086372179379e-05,4120934646797.0156,65,highpass
1.1911941666483923e-07,4.182029064326241e-07,1.4514706624157755e-07,2.619829279208091e-07,2.796086372179379e-05,352858112629.40875,65,highpass
1.1911941666483923e-07,6.117457816514e-07,1.4514706624157755e-07,2.619829279208091e-07,2.796086372179379e-05,4120934646797.0156,65,highpass
1.1911941666483923e-07,6.117457816514e-07,1.4514706624157755e-07,2.619829279208091e-07,2.796086372179379e-05,4120934646797.0156,65,highpass
1.1911941666483923e-07,6.117457816514e-07,1.4514706624157755e-07,2.619829279208091e-07,2.796086372179379e-05,4120934646797.0156,65,highpass
2.2653451674931536e-07,6.117457816514e-07,1.4514706624157755e-07,2.619829279208091e-07,2.796086372179379e-05,-1000411081010.08,65,highpass
1.1911941666483923e-07,6.117457816514e-07,1.4514706624157755e-07,2.619829279208091e-07,2.796086372179379e-05,4120934646797.0156,65,highpass
1.1911941666483923e-07,6.097741045542776e-07,1.4514706624157755e-07,2.619829279208091e-07,2.796086372179379e-05,3200751712288.905,65,highpass
1.1911941666483923e-07,6.117457816514e-07,1.4514706624157755e-07,2.619829279208091e-07,2.796086372179379e-05,4120934646797.0156,65,highpass
1.1911941666483923e-07,6.117457816514e-07,1.4514706624157755e-07,2.619829279208091e-07,2.796086372179379e-05,4120934646797.0156,65,highpass
1.1911941666483923e-07,6.117457816514e-07,1.4514706624157755e-07,2.619829279208091e-07,2.796086372179379e-05,4120934646797.0156,65,highpass
1.1911941666483923e-07,6.117457816514e-07,1.4514706624157755e-07,2.619829279208091e-07,2.796086372179379e-05,4120934646797.0156,65,highpass
1.1911941666483923e-07,6.117457816514e-07,1.4514706624157755e-07,2.619829279208091e-07,2.796086372179379e-05,4120934646797.0156,65,highpass
1.1911941666483923e-07,6.117457816514e-07,1.4514706624157755e-07,2.65424006635749e-07,2.796086372179379e-05,3037675041684.9004,65,highpass
1.1911941666483923e-07,6.117457816514e-07,1.4514706624157755e-07,2.619829279208091e-07,2.796086372179379e-05,4120934646797.0156,65,highpass
1.1911941666483923e-07,6.117457816514e-07,1.4514706624157755e-07,2.619829279208091e-07,2.796086372179379e-05,4120934646797.0156,65,highpass
1.1911941666483923e-07,6.117457816514e-07,1.4514706624157755e-07,2.619829279208091e-07,2.796086372179379e-05,4120934646797.0156,65,highpass
1.2530334987823345e-07,6.117457816514e-07,1.4514706624157755e-07,2.619829279208091e-07,2.796086372179379e-05,1885150458279.46,65,highpass
1.1911941666483923e-07,6.117457816514e-07,1.4514706624157755e-07,2.619829279208091e-07,2.796086372179379e-05,4120934646797.0156,65,highpass
1.1911941666483923e-07,6.117457816514e-07,1.4514706624157755e-07,2.619829279208091e-07,2.796086372179379e-05,4120934646797.0156,65,highpass
1.1911941666483923e-07,6.117457816514e-07,1.4514706624157755e-07,2.619829279208091e-07,2.796086372179379e-05,4120934646797.0156,65,highpass
1.1911941666483923e-07,6.117457816514e-07,1.4514706624157755e-07,2.619829279208091e-07,2.796086372179379e-05,4120934646797.0156,65,highpass
1.1911941666483923e-07,6.117457816514e-07,1.4514706624157755e-07,2.619829279208091e-07,2.796086372179379e-05,4120934646797.0156,65,highpass
1.1911941666483923e-07,6.117457816514e-07,1.4514706624157755e-07,2.619829279208091e-07,2.796086372179379e-05,4120934646797.0156,65,highpass
1.1911941666483923e-07,6.117457816514e-07,1.4514706624157755e-07,2.619829279208091e-07,2.796086372179379e-05,4120934646797.0156,65,highpass
1.1911941666483923e-07,6.117457816514e-07,1.4514706624157755e-07,2.619829279208091e-07,2.8657812915366068e-05,-1341887390766.5972,65,highpass
1.1911941666483923e-07,6.117457816514e-07,1.4514706624157755e-07,2.619829279208091e-07,2.796086372179379e-05,4120934646797.0156,66,highpass
1.1911941666483923e-07,6.117457816514e-07,1.4514706624157755e-07,2.658965273602095e-07,2.796086372179379e-05,2545860914441.317,66,highpass
1.1911941666483923e-07,6.117457816514e-07,1.4514706624157755e-07,2.619829279208091e-07,3.499448306038843e-05,-1355001456907.3074,66,highpass
1.1911941666483923e-07,6.117457816514e-07,1.4514706624157755e-07,2.619829279208091e-07,2.796086372179379e-05,4120934646797.0156,66,highpass
1.1911941666483923e-07,6.117457816514e-07,1.4514706624157755e-07,2.619829279208091e-07,2.796086372179379e-05,4120934646797.0156,66,highpass
1.1911941666483923e-07,6.117457816514e-07,1.4514706624157755e-07,2.619829279208091e-07,2.796086372179379e-05,4120934646797.0156,66,highpass
1.1911941666483923e-07,6.117457816514e-07,1.4514706624157755e-07,2.619829279208091e-07,2.796086372179379e-05,4120934646797.0156,66,highpass
1.1911941666483923e-07,6.117457816514e-07,1.4514706624157755e-07,2.619829279208091e-07,2.796086372179379e-05,4120934646797.0156,66,highpass
1.1911941666483923e-07,6.117457816514e-07,1.4514706624157755e-07,2.619829279208091e-07,2.796086372179379e-05,4120934646797.0156,66,highpass
1.1911941666483923e-07,6.117457816514e-07,1.4514706624157755e-07,2.619829279208091e-07,2.796086372179379e-05,4120934646797.0156,66,highpass
1.1911941666483923e-07,6.117457816514e-07,1.4514706624157755e-07,2.619829279208091e-07,2.796086372179379e-05,4120934646797.0156,66,highpass
1.1911941666483923e-07,6.117457816514e-07,1.4514706624157755e-07,2.619829279208091e-07,2.796086372179379e-05,4120934646797.0156,66,highpass
1.1911941666483923e-07,6.117457816514e-07,1.4514706624157755e-07,2.619829279208091e-07,2.796086372179379e-05,4120934646797.0156,66,highpass
1.1911941666483923e-07,6.117457816514e-07,1.4514706624157755e-07,2.619829279208091e-07,2.796086372179379e-05,4120934646797.0156,66,highpass
1.1911941666483923e-07,6.117457816514e-07,1.4514706624157755e-07,2.619829279208091e-07,2.796086372179379e-05,4120934646797.0156,66,highpass
1.1911941666483923e-07,6.117457816514e-07,1.4514706624157755e-07,2.619829279208091e-07,2.796086372179379e-05,4120934646797.0156,66,highpass
1.1911941666483923e-07,6.117457816514e-07,1.4514706624157755e-07,2.619829279208091e-07,2.796086372179379e-05,4120934646797.0156,66,highpass
1.1911941666483923e-07,6.117457816514e-07,1.4514706624157755e-07,2.619829279208091e-07,2.796086372179379e-05,4120934646797.0156,66,highpass
1.1911941666483923e-07,6.117457816514e-07,1.4514706624157755e-07,2.619829279208091e-07,2.796086372179379e-05,4120934646797.0156,66,highpass
1.1911941666483923e-07,6.117457816514e-07,1.4514706624157755e-07,2.619829279208091e-07,2.796086372179379e-05,4120934646797.0156,66,highpass
1.1911941666483923e-07,6.117457816514e-07,1.4514706624157755e-07,2.619829279208091e-07,2.796086372179379e-05,4120934646797.0156,66,highpass
1.1911941666483923e-07,6.117457816514e-07,1.4514706624157755e-07,2.619829279208091e-07,2.796086372179379e-05,4120934646797.0156,66,highpass
1.1911941666483923e-07,6.117457816514e-07,1.4514706624157755e-07,2.619829279208091e-07,2.8798874931924854e-05,3825237363513.3223,66,highpass
1.1911941666483923e-07,6.117457816514e-07,1.4514706624157755e-07,2.619829279208091e-07,2.796086372179379e-05,4120934646797.0156,66,highpass
2.205047357972237e-07,6.117457816514e-07,1.4514706624157755e-07,2.619829279208091e-07,2.796086372179379e-05,-2810192092375.759,66,highpass
1.8780701680345052e-07,6.117457816514e-07,1.4514706624157755e-07,2.619829279208091e-07,2.796086372179379e-05,645236399359.0162,66,highpass
1.1911941666483923e-07,6.117457816514e-07,1.4514706624157755e-07,2.547722331086443e-07,2.796086372179379e-05,-1039313748870.1876,66,highpass
1.1911941666483923e-07,6.117457816514e-07,1.4514706624157755e-07,2.619829279208091e-07,2.796086372179379e-05,4120934646797.0156,66,highpass
1.1911941666483923e-07,6.117457816514e-07,1.4514706624157755e-07,2.619829279208091e-07,2.796086372179379e-05,4120934646797.0156,66,highpass
1.1911941666483923e-07,6.117457816514e-07,1.4514706624157755e-07,2.619829279208091e-07,2.796086372179379e-05,4120934646797.0156,66,highpass
1.1911941666483923e-07,6.117457816514e-07,1.4514706624157755e-07,2.619829279208091e-07,2.796086372179379e-05,4120934646797.0156,67,highpass
1.1911941666483923e-07,6.117457816514e-07,1.4514706624157755e-07,2.619829279208091e-07,2.796086372179379e-05,4120934646797.0156,67,highpass
1.1911941666483923e-07,6.117457816514e-07,1.4514706624157755e-07,2.619829279208091e-07,2.796086372179379e-05,4120934646797.0156,67,highpass
1.1911941666483923e-07,6.117457816514e-07,1.4514706624157755e-07,2.619829279208091e-07,2.796086372179379e-05,4120934646797.0156,67,highpass
1.1911941666483923e-07,6.117457816514e-07,1.4514706624157755e-07,2.619829279208091e-07,2.796086372179379e-05,4120934646797.0156,67,highpass
1.1911941666483923e-07,6.117457816514e-07,1.4514706624157755e-07,2.619829279208091e-07,2.796086372179379e-05,4120934646797.0156,67,highpass
1.1911941666483923e-07,6.117457816514e-07,1.4514706624157755e-07,2.619829279208091e-07,2.796086372179379e-05,4120934646797.0156,67,highpass
1.1911941666483923e-07,6.117457816514e-07,1.4514706624157755e-07,2.619829279208091e-07,2.796086372179379e-05,4120934646797.0156,67,highpass
1.1911941666483923e-07,6.117457816514e-07,1.4514706624157755e-07,2.619829279208091e-07,2.6024718587562074e-05,-1260314793687.054,67,highpass
1.1911941666483923e-07,6.117457816514e-07,1.4514706624157755e-07,2.619829279208091e-07,2.796086372179379e-05,4120934646797.0156,67,highpass
1.1911941666483923e-07,6.117457816514e-07,1.4514706624157755e-07,2.619829279208091e-07,2.796086372179379e-05,4120934646797.0156,67,highpass
1.1911941666483923e-07,6.117457816514e-07,1.4514706624157755e-07,2.619829279208091e-07,2.796086372179379e-05,4120934646797.0156,67,highpass
1.1911941666483923e-07,6.117457816514e-07,1.4514706624157755e-07,2.619829279208091e-07,2.796086372179379e-05,4120934646797.0156,67,highpass
1.3234223989812402e-07,6.117457816514e-07,1.4514706624157755e-07,2.619829279208091e-07,2.796086372179379e-05,772608298612.687,67,highpass
1.1911941666483923e-07,6.117457816514e-07,1.4514706624157755e-07,2.619829279208091e-07,2.796086372179379e-05,4120934646797.0156,67,highpass
1.1911941666483923e-07,6.117457816514e-07,1.4514706624157755e-07,2.619829279208091e-07,2.796086372179379e-05,4120934646797.0156,67,highpass
1.1911941666483923e-07,6.117457816514e-07,1.4514706624157755e-07,2.619829279208091e-07,2.9350053207996377e-05,-1906653052610.1125,67,highpass
1.1911941666483923e-07,6.117457816514e-07,1.4514706624157755e-07,2.619829279208091e-07,2.796086372179379e-05,4120934646797.0156,67,highpass
1.1911941666483923e-07,6.117457816514e-07,1.4514706624157755e-07,2.619829279208091e-07,2.796086372179379e-05,4120934646797.0156,67,highpass
1.1911941666483923e-07,6.117457816514e-07,1.4514706624157755e-07,2.619829279208091e-07,2.796086372179379e-05,4120934646797.0156,67,highpass
1.1911941666483923e-07,6.117457816514e-07,1.4514706624157755e-07,2.619829279208091e-07,2.796086372179379e-05,4120934646797.0156,67,highpass
1.1911941666483923e-07,6.117457816514e-07,1.4514706624157755e-07,2.619829279208091e-07,2.796086372179379e-05,4120934646797.0156,67,highpass
1.1911941666483923e-07,6.117457816514e-07,1.4514706624157755e-07,2.619829279208091e-07,2.796086372179379e-05,4120934646797.0156,67,highpass
1.1911941666483923e-07,6.117457816514e-07,1.4514706624157755e-07,2.619829279208091e-07,2.796086372179379e-05,4120934646797.0156,67,highpass
1.1911941666483923e-07,6.117457816514e-07,1.4514706624157755e-07,2.619829279208091e-07,2.796086372179379e-05,4120934646797.0156,67,highpass
1.1911941666483923e-07,6.117457816514e-07,1.4514706624157755e-07,2.619829279208091e-07,2.796086372179379e-05,4120934646797.0156,67,highpass
1.1911941666483923e-07,6.117457816514e-07,1.4514706624157755e-07,2.619829279208091e-07,2.796086372179379e-05,4120934646797.0156,67,highpass
1.1911941666483923e-07,6.101402914621751e-07,1.4514706624157755e-07,2.619829279208091e-07,2.796086372179379e-05,3458868373789.96,67,highpass
1.1911941666483923e-07,4.941335692258988e-07,1.4514706624157755e-07,2.619829279208091e-07,2.796086372179379e-05,893027505255.3412,67,highpass
1.1911941666483923e-07,6.117457816514e-07,1.4514706624157755e-07,2.619829279208091e-07,2.796086372179379e-05,4120934646797.0156,67,highpass
1.1911941666483923e-07,6.117457816514e-07,1.4514706624157755e-07,2.619829279208091e-07,2.796086372179379e-05,4120934646797.0156,68,highpass
1.1911941666483923e-07,6.117457816514e-07,1.4514706624157755e-07,2.619829279208091e-07,2.796086372179379e-05,4120934646797.0156,68,highpass
1.1911941666483923e-07,6.117457816514e-07,1.4514706624157755e-07,2.619829279208091e-07,2.796086372179379e-05,4120934646797.0156,68,highpass
1.1911941666483923e-07,6.117457816514e-07,1.4514706624157755e-07,2.619829279208091e-07,2.796086372179379e-05,4120934646797.0156,68,highpass
1.1911941666483923e-07,6.117457816514e-07,1.4514706624157755e-07,2.619829279208091e-07,2.796086372179379e-05,4120934646797.0156,68,highpass
2.384666271525459e-07,6.117457816514e-07,1.4514706624157755e-07,2.619829279208091e-07,2.796086372179379e-05,-24244280962.28094,68,highpass
1.1911941666483923e-07,6.117457816514e-07,1.4514706624157755e-07,2.619829279208091e-07,1.960893940891305e-05,456193522224.34753,68,highpass
1.1911941666483923e-07,6.117457816514e-07,1.4514706624157755e-07,2.619829279208091e-07,2.796086372179379e-05,4120934646797.0156,68,highpass
1.1911941666483923e-07,6.117457816514e-07,1.4514706624157755e-07,2.619829279208091e-07,2.796086372179379e-05,4120934646797.0156,68,highpass
1.1911941666483923e-07,6.117457816514e-07,1.4514706624157755e-07,2.619829279208091e-07,2.796086372179379e-05,4120934646797.0156,68,highpass
1.1911941666483923e-07,6.117457816514e-07,1.4514706624157755e-07,2.619829279208091e-07,2.796086372179379e-05,4120934646797.0156,68,highpass
1.1911941666483923e-07,6.117457816514e-07,1.4514706624157755e-07,2.619829279208091e-07,3.8865632324977794e-05,-365851193810.85956,68,highpass
1.1911941666483923e-07,6.117457816514e-07,1.4514706624157755e-07,2.619829279208091e-07,2.796086372179379e-05,4120934646797.0156,68,highpass
1.1911941666483923e-07,6.117457816514e-07,1.4514706624157755e-07,2.619829279208091e-07,2.796086372179379e-05,4120934646797.0156,68,highpass
1.1911941666483923e-07,6.117457816514e-07,1.4514706624157755e-07,2.619829279208091e-07,2.796086372179379e-05,4120934646797.0156,68,highpass
1.1911941666483923e-07,6.117457816514e-07,1.4514706624157755e-07,2.619829279208091e-07,2.796086372179379e-05,4120934646797.0156,68,highpass
1.1911941666483923e-07,6.117457816514e-07,1.4514706624157755e-07,2.619829279208091e-07,2.90986794939198e-05,303425275844.18176,68,highpass
1.1911941666483923e-07,6.117457816514e-07,1.4514706624157755e-07,2.619829279208091e-07,2.796086372179379e-05,4120934646797.0156,68,highpass
1.1911941666483923e-07,6.117457816514e-07,1.4514706624157755e-07,2.619829279208091e-07,2.796086372179379e-05,4120934646797.0156,68,highpass
1.144832633553765e-07,6.117457816514e-07,1.4514706624157755e-07,2.619829279208091e-07,2.796086372179379e-05,-2016263907324.116,68,highpass
1.1911941666483923e-07,6.117457816514e-07,1.4514706624157755e-07,2.619829279208091e-07,2.796086372179379e-05,4120934646797.0156,68,highpass
1.1911941666483923e-07,6.117457816514e-07,1.4514706624157755e-07,2.619829279208091e-07,2.796086372179379e-05,4120934646797.0156,68,highpass
1.1911941666483923e-07,6.117457816514e-07,1.4514706624157755e-07,2.619829279208091e-07,2.796086372179379e-05,4120934646797.0156,68,highpass
1.1911941666483923e-07,6.117457816514e-07,1.4514706624157755e-07,2.619829279208091e-07,2.796086372179379e-05,4120934646797.0156,68,highpass
1.1911941666483923e-07,6.117457816514e-07,1.4514706624157755e-07,2.619829279208091e-07,2.796086372179379e-05,4120934646797.0156,68,highpass
1.1911941666483923e-07,5.952846185124026e-07,1.4514706624157755e-07,2.619829279208091e-07,2.796086372179379e-05,2214083989391.216,68,highpass
1.1911941666483923e-07,6.117457816514e-07,1.4514706624157755e-07,2.619829279208091e-07,2.796086372179379e-05,4120934646797.0156,68,highpass
1.1911941666483923e-07,6.117457816514e-07,1.4514706624157755e-07,2.619829279208091e-07,2.796086372179379e-05,4120934646797.0156,68,highpass
1.1911941666483923e-07,6.117457816514e-07,1.4514706624157755e-07,2.619829279208091e-07,2.796086372179379e-05,4120934646797.0156,68,highpass
1.1911941666483923e-07,6.117457816514e-07,1.4514706624157755e-07,2.619829279208091e-07,2.796086372179379e-05,4120934646797.0156,68,highpass
