s,w,l,height,total_length,fitness_score,generation,fitness_strategy
1.570345413405762e-07,4.5030477970195275e-07,1.5786200086023296e-07,1.9404342003683318e-07,3.371058049978218e-05,0.22134482208231898,1,highpass
1.7123765491661745e-07,3.1618259751564106e-07,2.3048639020304942e-07,2.3183373403992468e-07,4.617568122665096e-05,0.2546349273956873,1,highpass
1.521269705058469e-07,4.6679181545097874e-07,1.796294973237928e-07,1.9996222850920395e-07,3.5564252132534476e-05,0.21170438852337625,1,highpass
1e-07,3.016800325726649e-07,2.2358472642471062e-07,1.6757892263049589e-07,4.213488486954636e-05,0.2708476240795238,1,highpass
1e-07,5.664004674829338e-07,1e-07,3e-07,3.247974373390276e-05,0.1157270641163538,1,highpass
1.3559762408982872e-07,5.602418897538445e-07,2.2561833468098518e-07,1.8197425801552558e-07,3.498473154075095e-05,0.1092723102481512,1,highpass
1.5913898680500652e-07,3e-07,2.1537157899487475e-07,2.4164498243260964e-07,3.5617949410987004e-05,0.26049909636995744,1,highpass
1e-07,3.5532411938834284e-07,1.2117995016738007e-07,1.5e-07,4.575714712011103e-05,0.28667869745640456,1,highpass
2.0484680774440286e-07,4.647525509610078e-07,1.612351366914062e-07,2.8963592156689757e-07,4.22519985554597e-05,0.23747910702114897,1,highpass
2.291221247653851e-07,6.812740359719562e-07,1.0836313000769119e-07,1.803366146687774e-07,1.9973779094202143e-05,0.20924013587960308,1,highpass
2.1138478549212598e-07,4.904082527145816e-07,1.3455229096882987e-07,2.0790844757430757e-07,4.3939663029975914e-05,0.23580724782539683,1,highpass
1.9752194357863205e-07,4.126025687401878e-07,2.4076407743316684e-07,1.6422999818647187e-07,1.1877564589833559e-05,0.23567467604466463,1,highpass
1.2278006766228307e-07,5.373647228975935e-07,2.2067476526251116e-07,2.8743970367288575e-07,4.200039639681135e-05,0.0970134959694424,1,highpass
1.378599072936574e-07,4.432387662945091e-07,1.4263997540816832e-07,1.5e-07,3.7976758541370114e-05,0.2609917327787314,1,highpass
2.1382226992115372e-07,6.57678062531505e-07,1.3391134183612216e-07,1.5427751977789116e-07,3.4309211816893364e-05,0.22784404825423837,1,highpass
1.9497282124104093e-07,6.892738732840903e-07,1.246471818915283e-07,2.0293579982760315e-07,2.498905753804662e-05,0.17782984411535294,1,highpass
1.8981540416156613e-07,6.044319345395057e-07,1.5076772249573108e-07,2.4743210567019e-07,7.685139958165317e-06,0.11912597077299046,1,highpass
1.9738411508317256e-07,7e-07,1.9159673629767235e-07,2.4830358541865196e-07,3.247653766038047e-05,0.26348200844948017,1,highpass
1.1661878774033386e-07,5.577671194066946e-07,1.4555599379426842e-07,3e-07,4.31297945817725e-05,0.10660068045354679,1,highpass
1.4776320372359382e-07,4.876004249357337e-07,2.2109314534738958e-07,1.8398090451168406e-07,2.4361198361816667e-05,0.1458961645264403,1,highpass
1.0274304134173089e-07,5.333933573644889e-07,2.1561163805995778e-07,3e-07,4.414795758857015e-05,0.07200058932578714,1,highpass
1.2703423170388432e-07,6.857964095437747e-07,2.412013622360324e-07,2.998841511206165e-07,3.31399484632973e-05,0.4999393772844418,1,highpass
2.416443149036133e-07,4.1023621038989145e-07,1.6946722278582193e-07,2.1400015158755346e-07,2.513444923628448e-05,0.24146962224868307,1,highpass
1.6797863708728085e-07,4.2546078594874396e-07,1e-07,2.7891629445315565e-07,3.247577102069903e-05,0.2601519412361329,1,highpass
1.080100816674636e-07,4.405701623434756e-07,2.1594527745161424e-07,2.8068162817505193e-07,1.4354005525714037e-05,0.19037392477628526,1,highpass
2.1990495188409034e-07,3.637764570260408e-07,1.317370142813539e-07,2.60749638815437e-07,1.0375294016990386e-05,0.27772933655349424,1,highpass
1.4354837518062408e-07,4.2237289908760504e-07,1.5437191237997848e-07,2.7433939758271954e-07,2.776379135054246e-05,0.2143097495670827,1,highpass
2.3967390017361114e-07,6.784272237444635e-07,1.1228685132946155e-07,2.039313235839095e-07,8.487826474032429e-06,0.20946512891434527,1,highpass
2.0685734232692328e-07,5.461571988770553e-07,2.2361832876881635e-07,2.2832619209875503e-07,3.9111966914304346e-05,0.20060954753692703,1,highpass
1.606924074461982e-07,5.196451096360723e-07,1e-07,2.401739119256865e-07,4.000346341971542e-05,0.22791143942639544,1,highpass
1.8555362135278813e-07,3e-07,1.960514060861856e-07,1.7380423529999635e-07,4.028275369439646e-05,0.29058254812235335,1,highpass
1.621205294703048e-07,3.408714190153012e-07,1.792140022088917e-07,2.1607527348465872e-07,3.928392995931283e-05,0.2698895535808726,1,highpass
1e-07,5.806016004467884e-07,1.1871767223497415e-07,3e-07,4.3562775299199725e-05,0.09770712909705188,1,highpass
1.1638715603614317e-07,3.220089898583395e-07,1.3846797636677422e-07,2.2126238506169317e-07,4.5573424035370956e-05,0.2691274199684169,1,highpass
1.0895109516341078e-07,5.038004421786697e-07,1.1566954804652898e-07,2.2672350888209823e-07,3.6791658558086774e-05,0.22031840494682542,1,highpass
1.3000232413537179e-07,3.74428276241125e-07,1.0342651783099885e-07,2.964249813852497e-07,1.325647567511212e-05,0.255352749462694,1,highpass
2.0779139693223278e-07,5.104750154045647e-07,1.0033478236211377e-07,2.2321976389735726e-07,3.553752116456132e-05,0.2615760458232523,1,highpass
1.3758032892479842e-07,4.0982538383397926e-07,1.5116257715375672e-07,2.3018330865406632e-07,4.0205343495020864e-05,0.23159932490706586,1,highpass
1.7597267088743502e-07,3.1592026514009956e-07,2.496620338438067e-07,2.5230219450836013e-07,4.54918827514217e-05,0.23602491080446258,1,highpass
1.1650815484897659e-07,4.0565583136842446e-07,1.0844824298633069e-07,1.8581914107447544e-07,2.907337363949935e-05,0.26623081952097505,1,highpass
1e-07,3e-07,1.7263178632442143e-07,2.793574214232873e-07,4.087549545146343e-05,0.25591748827113064,1,highpass
1.7458097571925285e-07,3.386216180299009e-07,2.431210467726847e-07,1.875393878111284e-07,4.8521254108632565e-05,0.2521828143897758,1,highpass
1.406059217122124e-07,5.064648223997965e-07,1.3769352244815801e-07,1.650104063905664e-07,2.8427643696635857e-05,0.24523986282285212,1,highpass
1.9388345974881076e-07,3.339573694535065e-07,1.3907535978078666e-07,2.2718002128715274e-07,3.0903812000288737e-05,0.28469769695332764,1,highpass
1.0651184135602875e-07,5.767234621837576e-07,1.2053913938511554e-07,2.39779791325159e-07,1.2076067841325826e-05,0.25539650420208126,1,highpass
2.135035507755646e-07,5.287522130808119e-07,1.6460091141450992e-07,2.1792406858136447e-07,3.6491171506460604e-05,0.19271888971264883,1,highpass
1.709813048689661e-07,3.2676108575547717e-07,2.088917679356092e-07,2.7433069900052144e-07,3.611009735343163e-05,0.2386510214170946,1,highpass
2.0189796244303399e-07,6.93680403183144e-07,1.7972808556874705e-07,2.1318346053256075e-07,3.25795424449282e-05,0.143441382143897,1,highpass
1.6542649097132902e-07,4.82439793015033e-07,1.259094225018068e-07,2.570267150915006e-07,3.8483988613773253e-05,0.2110435236242608,1,highpass
1.9155567990875057e-07,3e-07,2.1555848680488302e-07,2.539798206134995e-07,4.246125093815162e-05,0.2595543502842627,1,highpass
1.2703423170388432e-07,6.857964095437747e-07,2.412013622360324e-07,2.998841511206165e-07,3.31399484632973e-05,0.4999393772844418,2,highpass
2.1990495188409034e-07,3.637764570260408e-07,1.317370142813539e-07,2.539798206134995e-07,4.246125093815162e-05,0.27674886479287536,2,highpass
1e-07,3e-07,1.7263178632442143e-07,1.5e-07,3.7976758541370114e-05,0.29102822589588595,2,highpass
1e-07,3.5532411938834284e-07,2.412013622360324e-07,2.998841511206165e-07,3.31399484632973e-05,0.10559031384254625,2,highpass
1.9738411508317256e-07,7e-07,1.9159673629767235e-07,2.4830358541865196e-07,3.553752116456132e-05,0.27605112203884735,2,highpass
2.0484680774440286e-07,4.647525509610078e-07,1.0033478236211377e-07,2.2321976389735726e-07,3.553752116456132e-05,0.2697767572271862,2,highpass
1.606924074461982e-07,5.196451096360723e-07,1e-07,2.1607527348465872e-07,3.928392995931283e-05,0.24011895571264405,2,highpass
1.2703423170388432e-07,3e-07,1.7263178632442143e-07,2.793574214232873e-07,4.087549545146343e-05,0.2598619787527979,2,highpass
1.8555362135278813e-07,3e-07,2.496620338438067e-07,2.5230219450836013e-07,4.54918827514217e-05,0.2525106975256477,2,highpass
1e-07,3.016800325726649e-07,2.2358472642471062e-07,1.5e-07,3.7976758541370114e-05,0.2879131688258999,2,highpass
2.1990495188409034e-07,3.637764570260408e-07,1.317370142813539e-07,2.60749638815437e-07,1.0375294016990386e-05,0.27772933655349424,2,highpass
1.9738411508317256e-07,7e-07,1.9159673629767235e-07,2.4830358541865196e-07,4.028275369439646e-05,0.28781089462718457,2,highpass
1.2703423170388432e-07,6.857964095437747e-07,2.412013622360324e-07,2.2126238506169317e-07,4.5573424035370956e-05,0.26653528275728094,2,highpass
1e-07,3.5532411938834284e-07,1.0844824298633069e-07,1.8581914107447544e-07,2.907337363949935e-05,0.28064705814030944,2,highpass
1e-07,4.0565583136842446e-07,1.0844824298633069e-07,1.8581914107447544e-07,2.907337363949935e-05,0.26471531361198514,2,highpass
1.621205294703048e-07,3.339573694535065e-07,1.3907535978078666e-07,2.2718002128715274e-07,3.0903812000288737e-05,0.2802537715277811,2,highpass
1.378599072936574e-07,4.432387662945091e-07,1.317370142813539e-07,2.60749638815437e-07,1.0375294016990386e-05,0.19672098174428163,2,highpass
1.9738411508317256e-07,3.637764570260408e-07,1.317370142813539e-07,2.60749638815437e-07,1.0375294016990386e-05,0.27685429328660077,2,highpass
1.8555362135278813e-07,3e-07,1.960514060861856e-07,1.7380423529999635e-07,3.928392995931283e-05,0.29068401408461275,2,highpass
1.1650815484897659e-07,6.857964095437747e-07,2.412013622360324e-07,2.998841511206165e-07,3.31399484632973e-05,0.4115859228160002,2,highpass
1.8555362135278813e-07,3e-07,2.088917679356092e-07,2.7433069900052144e-07,3.85881476994721e-05,0.26055062898991926,2,highpass
1.378599072936574e-07,4.432387662945091e-07,1.4263997540816832e-07,1.5e-07,4.575714712011103e-05,0.26657055649243067,2,highpass
1.3000232413537179e-07,3.74428276241125e-07,2.431210467726847e-07,1.875393878111284e-07,4.8521254108632565e-05,0.20489844872168,2,highpass
1.7123765491661745e-07,3.016800325726649e-07,2.2358472642471062e-07,1.6757892263049589e-07,4.213488486954636e-05,0.2877384091807128,2,highpass
1e-07,3.016800325726649e-07,2.2358472642471062e-07,2.7891629445315565e-07,3.247577102069903e-05,0.23020591787060415,2,highpass
1.9155567990875057e-07,4.0565583136842446e-07,1.0844824298633069e-07,1.8581914107447544e-07,2.907337363949935e-05,0.282970629317775,2,highpass
1e-07,3.016800325726649e-07,2.2358472642471062e-07,1.6757892263049589e-07,4.213488486954636e-05,0.2708476240795238,2,highpass
2.1990495188409034e-07,3.637764570260408e-07,1.317370142813539e-07,1.6757892263049589e-07,4.213488486954636e-05,0.2921581958842432,2,highpass
1e-07,3.5532411938834284e-07,1.2117995016738007e-07,2.60749638815437e-07,1.0375294016990386e-05,0.2533155088718333,2,highpass
1.8555362135278813e-07,3e-07,1.960514060861856e-07,1.7380423529999635e-07,4.617568122665096e-05,0.28958700390607545,2,highpass
1.5913898680500652e-07,5.767234621837576e-07,1.2053913938511554e-07,2.39779791325159e-07,1.2076067841325826e-05,0.17735659308567087,2,highpass
1.378599072936574e-07,4.432387662945091e-07,1.4263997540816832e-07,1.5e-07,4.575714712011103e-05,0.26657055649243067,2,highpass
1e-07,3.5532411938834284e-07,1.9159673629767235e-07,2.4830358541865196e-07,3.247653766038047e-05,0.22463536203689455,2,highpass
1.621205294703048e-07,3.408714190153012e-07,1.792140022088917e-07,2.7433069900052144e-07,3.611009735343163e-05,0.25833036728485625,2,highpass
1.9388345974881076e-07,3.339573694535065e-07,1.3907535978078666e-07,2.2718002128715274e-07,3.0903812000288737e-05,0.28469769695332764,2,highpass
2.1990495188409034e-07,3.637764570260408e-07,1.317370142813539e-07,1.6757892263049589e-07,4.213488486954636e-05,0.2921581958842432,2,highpass
1.8555362135278813e-07,3e-07,1.960514060861856e-07,1.7380423529999635e-07,4.213488486954636e-05,0.2903568987210129,2,highpass
1e-07,3.5532411938834284e-07,1.2117995016738007e-07,1.5e-07,3.31399484632973e-05,0.2871406989877826,2,highpass
1e-07,3.5532411938834284e-07,1.2117995016738007e-07,1.8581914107447544e-07,2.907337363949935e-05,0.276189100975172,2,highpass
1.378599072936574e-07,4.432387662945091e-07,1.4263997540816832e-07,1.5e-07,3.7976758541370114e-05,0.2609917327787314,2,highpass
1.1650815484897659e-07,4.0565583136842446e-07,1.0844824298633069e-07,1.8581914107447544e-07,3.31399484632973e-05,0.26769737072173816,2,highpass
1.8555362135278813e-07,3.016800325726649e-07,2.2358472642471062e-07,1.6757892263049589e-07,4.213488486954636e-05,0.2893654568255792,2,highpass
1e-07,3.016800325726649e-07,2.2358472642471062e-07,1.6757892263049589e-07,1.0375294016990386e-05,0.2841162127104713,2,highpass
1.9388345974881076e-07,3e-07,1.960514060861856e-07,1.703183776905242e-07,4.028275369439646e-05,0.2922322522160815,2,highpass
1.9738411508317256e-07,7e-07,1.9159673629767235e-07,2.4830358541865196e-07,1.0375294016990386e-05,0.1801978382736157,2,highpass
1.2703423170388432e-07,3.408714190153012e-07,1.792140022088917e-07,2.1607527348465872e-07,3.928392995931283e-05,0.2570137946860392,2,highpass
1.2703423170388432e-07,5.104750154045647e-07,1.0033478236211377e-07,2.2321976389735726e-07,3.553752116456132e-05,0.23409691547226813,2,highpass
2.0779139693223278e-07,5.104750154045647e-07,1.0033478236211377e-07,1.8829315191809517e-07,3.7976758541370114e-05,0.2804127421027796,2,highpass
1.621205294703048e-07,3.408714190153012e-07,1.792140022088917e-07,2.998841511206165e-07,3.31399484632973e-05,0.24081455280833883,2,highpass
1.2703423170388432e-07,6.857964095437747e-07,2.412013622360324e-07,2.998841511206165e-07,2.907337363949935e-05,0.6308632421700611,2,highpass
1.2703423170388432e-07,6.857964095437747e-07,2.412013622360324e-07,2.998841511206165e-07,2.907337363949935e-05,0.6308632421700611,3,highpass
1.8555362135278813e-07,3e-07,2.412013622360324e-07,2.998841511206165e-07,3.31399484632973e-05,0.22785927720596663,3,highpass
2.1990495188409034e-07,3.016800325726649e-07,2.2358472642471062e-07,1.6757892263049589e-07,4.213488486954636e-05,0.2922325235427563,3,highpass
1.2703423170388432e-07,6.857964095437747e-07,2.412013622360324e-07,2.998841511206165e-07,3.31399484632973e-05,0.4999393772844418,3,highpass
1.621205294703048e-07,3.339573694535065e-07,1.3907535978078666e-07,1.703183776905242e-07,4.028275369439646e-05,0.2922002328317718,3,highpass
1.8555362135278813e-07,3e-07,2.2358472642471062e-07,1.6757892263049589e-07,4.028275369439646e-05,0.290162343166576,3,highpass
1e-07,3.5532411938834284e-07,1.0844824298633069e-07,1.8581914107447544e-07,3.31399484632973e-05,0.2800012514752082,3,highpass
1.2703423170388432e-07,6.857964095437747e-07,2.412013622360324e-07,2.998841511206165e-07,4.087549545146343e-05,0.3347416064302936,3,highpass
2.1990495188409034e-07,3.637764570260408e-07,2.2358472642471062e-07,1.5e-07,3.7976758541370114e-05,0.2683187659786239,3,highpass
1e-07,3.016800325726649e-07,1.317370142813539e-07,1.6757892263049589e-07,4.213488486954636e-05,0.2853313241273264,3,highpass
1.1650815484897659e-07,6.857964095437747e-07,2.412013622360324e-07,1.6757892263049589e-07,4.213488486954636e-05,0.11330064066984079,3,highpass
1.2703423170388432e-07,6.857964095437747e-07,2.412013622360324e-07,2.998841511206165e-07,3.31399484632973e-05,0.4999393772844418,3,highpass
1.9738411508317256e-07,3.637764570260408e-07,1.317370142813539e-07,1.6757892263049589e-07,4.213488486954636e-05,0.29012003687007565,3,highpass
1.9738411508317256e-07,7e-07,1.9159673629767235e-07,2.4830358541865196e-07,4.213488486954636e-05,0.2907055168564312,3,highpass
1.8555362135278813e-07,3e-07,1.960514060861856e-07,1.7380423529999635e-07,2.907337363949935e-05,0.2923097675032514,3,highpass
1.2703423170388432e-07,6.857964095437747e-07,2.412013622360324e-07,2.998841511206165e-07,4.213488486954636e-05,0.31795320310160907,3,highpass
1.9155567990875057e-07,4.0565583136842446e-07,1.0844824298633069e-07,1.8581914107447544e-07,3.31399484632973e-05,0.28311388157174,3,highpass
1e-07,3e-07,1.7263178632442143e-07,1.5e-07,3.7976758541370114e-05,0.29102822589588595,3,highpass
1.8555362135278813e-07,7e-07,1.9159673629767235e-07,2.4830358541865196e-07,4.028275369439646e-05,0.19534379669128085,3,highpass
1.8555362135278813e-07,3e-07,1.960514060861856e-07,2.539798206134995e-07,4.246125093815162e-05,0.2675752694283581,3,highpass
1.2703423170388432e-07,6.857964095437747e-07,2.412013622360324e-07,2.998841511206165e-07,3.31399484632973e-05,0.4999393772844418,3,highpass
2.1990495188409034e-07,3.637764570260408e-07,1.960514060861856e-07,1.703183776905242e-07,4.109741318402466e-05,0.274130584738766,3,highpass
1e-07,3.637764570260408e-07,1.317370142813539e-07,2.539798206134995e-07,4.246125093815162e-05,0.24256315609792706,3,highpass
1.8809625353307922e-07,3.637764570260408e-07,1.317370142813539e-07,1.6757892263049589e-07,4.213488486954636e-05,0.2892711136030814,3,highpass
1.2703423170388432e-07,6.857964095437747e-07,2.412013622360324e-07,2.998841511206165e-07,4.213488486954636e-05,0.31795320310160907,3,highpass
1.8555362135278813e-07,3e-07,1.960514060861856e-07,2.0347031506920565e-07,3.31399484632973e-05,0.2818649300538688,3,highpass
1.8555362135278813e-07,3.016800325726649e-07,1.960514060861856e-07,1.7380423529999635e-07,4.213488486954636e-05,0.29017656722813795,3,highpass
2.227179871278576e-07,3.637764570260408e-07,1.9159673629767235e-07,2.4830358541865196e-07,4.028275369439646e-05,0.2506598101197789,3,highpass
1.9388345974881076e-07,3.339573694535065e-07,1.3907535978078666e-07,2.998841511206165e-07,3.31399484632973e-05,0.269815294388823,3,highpass
2.1990495188409034e-07,3.637764570260408e-07,1.317370142813539e-07,1.6757892263049589e-07,4.028275369439646e-05,0.2922734165243191,3,highpass
1.9738411508317256e-07,7e-07,1.9159673629767235e-07,2.4830358541865196e-07,4.213488486954636e-05,0.2907055168564312,3,highpass
1.7123765491661745e-07,6.857964095437747e-07,2.412013622360324e-07,2.998841511206165e-07,3.31399484632973e-05,0.5558468447364513,3,highpass
1.9388345974881076e-07,3.339573694535065e-07,1.3907535978078666e-07,2.2718002128715274e-07,4.028275369439646e-05,0.2852000202392916,3,highpass
1e-07,3e-07,1.7263178632442143e-07,1.5e-07,2.907337363949935e-05,0.2921447108653119,3,highpass
1.2703423170388432e-07,3.016800325726649e-07,2.2358472642471062e-07,1.6757892263049589e-07,4.213488486954636e-05,0.28042395291667893,3,highpass
1.1650815484897659e-07,6.857964095437747e-07,2.412013622360324e-07,2.998841511206165e-07,3.31399484632973e-05,0.4115859228160002,3,highpass
1.2703423170388432e-07,6.857964095437747e-07,2.412013622360324e-07,2.998841511206165e-07,3.31399484632973e-05,0.4999393772844418,3,highpass
1.621205294703048e-07,3.339573694535065e-07,1.3907535978078666e-07,2.2718002128715274e-07,2.907337363949935e-05,0.2819239654326654,3,highpass
1e-07,3.016800325726649e-07,2.2358472642471062e-07,1.7380423529999635e-07,4.213488486954636e-05,0.26433982208850637,3,highpass
1.1650815484897659e-07,6.857964095437747e-07,2.412013622360324e-07,1.6757892263049589e-07,4.213488486954636e-05,0.11330064066984079,3,highpass
2.1990495188409034e-07,3e-07,1.960514060861856e-07,1.7380423529999635e-07,4.617568122665096e-05,0.2916025622158976,3,highpass
1e-07,3.396859900349038e-07,1.0844824298633069e-07,1.8581914107447544e-07,4.028275369439646e-05,0.2832329511480478,3,highpass
1.2703423170388432e-07,6.857964095437747e-07,2.412013622360324e-07,1.7380423529999635e-07,3.928392995931283e-05,0.09473317254234633,3,highpass
1.8555362135278813e-07,3e-07,1.960514060861856e-07,1.7380423529999635e-07,3.928392995931283e-05,0.29068401408461275,3,highpass
1.8555362135278813e-07,3e-07,1.960514060861856e-07,1.703183776905242e-07,4.028275369439646e-05,0.29133430352555867,3,highpass
2.1990495188409034e-07,3.637764570260408e-07,1.317370142813539e-07,2.2718002128715274e-07,3.0903812000288737e-05,0.2797609954059337,3,highpass
1.1650815484897659e-07,6.857964095437747e-07,1.317370142813539e-07,1.6757892263049589e-07,4.213488486954636e-05,0.12394412542019076,3,highpass
2.1990495188409034e-07,3.637764570260408e-07,2.412013622360324e-07,2.998841511206165e-07,3.31399484632973e-05,0.20781747126922426,3,highpass
1.1650815484897659e-07,6.857964095437747e-07,2.412013622360324e-07,2.998841511206165e-07,3.31399484632973e-05,0.4115859228160002,3,highpass
1.7123765491661745e-07,3.016800325726649e-07,2.2358472642471062e-07,1.6757892263049589e-07,4.213488486954636e-05,0.2877384091807128,3,highpass
1.2703423170388432e-07,6.857964095437747e-07,2.412013622360324e-07,2.998841511206165e-07,2.907337363949935e-05,0.6308632421700611,4,highpass
1.2703423170388432e-07,6.857964095437747e-07,2.412013622360324e-07,2.998841511206165e-07,3.31399484632973e-05,0.4999393772844418,4,highpass
2.0556804481235738e-07,6.857964095437747e-07,2.412013622360324e-07,2.998841511206165e-07,4.213488486954636e-05,0.27547541412197596,4,highpass
1.2703423170388432e-07,6.857964095437747e-07,2.412013622360324e-07,2.998841511206165e-07,3.31399484632973e-05,0.4999393772844418,4,highpass
1.2703423170388432e-07,6.857964095437747e-07,2.412013622360324e-07,1.7380423529999635e-07,4.617568122665096e-05,0.08704735541024748,4,highpass
1.2703423170388432e-07,6.857964095437747e-07,2.412013622360324e-07,1.7380423529999635e-07,4.617568122665096e-05,0.08704735541024748,4,highpass
2.1990495188409034e-07,3e-07,1.960514060861856e-07,1.7380423529999635e-07,4.213488486954636e-05,0.2921194114080218,4,highpass
1.2703423170388432e-07,6.857964095437747e-07,2.412013622360324e-07,2.998841511206165e-07,3.31399484632973e-05,0.4999393772844418,4,highpass
1.1650815484897659e-07,6.857964095437747e-07,2.412013622360324e-07,1.931557384694128e-07,2.907337363949935e-05,-0.03302403202031605,4,highpass
1.2703423170388432e-07,6.857964095437747e-07,2.412013622360324e-07,2.998841511206165e-07,3.31399484632973e-05,0.4999393772844418,4,highpass
1.2703423170388432e-07,6.857964095437747e-07,2.412013622360324e-07,2.998841511206165e-07,4.087549545146343e-05,0.3347416064302936,4,highpass
1.1650815484897659e-07,6.857964095437747e-07,2.412013622360324e-07,2.998841511206165e-07,3.31399484632973e-05,0.4115859228160002,4,highpass
1.621205294703048e-07,5.319915618505567e-07,1.3907535978078666e-07,1.703183776905242e-07,3.31399484632973e-05,0.23121534329028545,4,highpass
1.2703423170388432e-07,6.857964095437747e-07,2.412013622360324e-07,2.998841511206165e-07,3.31399484632973e-05,0.4999393772844418,4,highpass
2.1990495188409034e-07,3.016800325726649e-07,2.2358472642471062e-07,1.7380423529999635e-07,2.907337363949935e-05,0.29267001835464473,4,highpass
1.7123765491661745e-07,6.857964095437747e-07,2.412013622360324e-07,1.703183776905242e-07,4.028275369439646e-05,0.2510067003700343,4,highpass
1.2703423170388432e-07,6.857964095437747e-07,2.412013622360324e-07,2.998841511206165e-07,3.31399484632973e-05,0.4999393772844418,4,highpass
1.2703423170388432e-07,6.857964095437747e-07,2.412013622360324e-07,2.998841511206165e-07,3.31399484632973e-05,0.4999393772844418,4,highpass
1.7123765491661745e-07,6.857964095437747e-07,1.960514060861856e-07,1.7380423529999635e-07,2.907337363949935e-05,0.09478502034077012,4,highpass
1.8555362135278813e-07,3e-07,1.960514060861856e-07,2.998841511206165e-07,3.31399484632973e-05,0.2460381131008612,4,highpass
1.7123765491661745e-07,3.8743375875952687e-07,2.412013622360324e-07,2.998841511206165e-07,3.31399484632973e-05,0.15043123417954604,4,highpass
1.621205294703048e-07,3.339573694535065e-07,2.412013622360324e-07,2.998841511206165e-07,3.31399484632973e-05,0.19176551121939664,4,highpass
1.7123765491661745e-07,6.857964095437747e-07,2.412013622360324e-07,2.998841511206165e-07,2.907337363949935e-05,0.3751931246781453,4,highpass
1e-07,3e-07,1.7263178632442143e-07,2.998841511206165e-07,4.087549545146343e-05,0.2290409605953242,4,highpass
1.621205294703048e-07,3.339573694535065e-07,1.960514060861856e-07,1.7380423529999635e-07,3.928392995931283e-05,0.27688071371005957,4,highpass
1.2703423170388432e-07,7e-07,2.412013622360324e-07,2.998841511206165e-07,3.31399484632973e-05,0.57666474488607,4,highpass
1.2703423170388432e-07,6.857964095437747e-07,2.412013622360324e-07,2.998841511206165e-07,3.31399484632973e-05,0.4999393772844418,4,highpass
1.2703423170388432e-07,6.857964095437747e-07,2.412013622360324e-07,1.7380423529999635e-07,2.907337363949935e-05,0.032575928571730015,4,highpass
1.2703423170388432e-07,6.857964095437747e-07,2.412013622360324e-07,1.883909445618229e-07,3.31399484632973e-05,0.09632691357168799,4,highpass
1.2703423170388432e-07,6.857964095437747e-07,2.412013622360324e-07,2.4568127004815686e-07,4.213488486954636e-05,0.2967090879409852,4,highpass
1.1650815484897659e-07,6.857964095437747e-07,2.412013622360324e-07,2.998841511206165e-07,4.213488486954636e-05,0.3228768777814289,4,highpass
2.1990495188409034e-07,3.637764570260408e-07,1.317370142813539e-07,1.6757892263049589e-07,3.31399484632973e-05,0.29111129797990076,4,highpass
1.2703423170388432e-07,6.857964095437747e-07,2.412013622360324e-07,2.998841511206165e-07,3.9626589470422855e-05,0.34860856521480366,4,highpass
1.2703423170388432e-07,6.857964095437747e-07,2.412013622360324e-07,2.998841511206165e-07,2.907337363949935e-05,0.6308632421700611,4,highpass
1.2703423170388432e-07,6.857964095437747e-07,2.2358472642471062e-07,1.6757892263049589e-07,4.213488486954636e-05,0.11291277783928035,4,highpass
2.1990495188409034e-07,6.857964095437747e-07,2.4034326424011656e-07,2.998841511206165e-07,3.31399484632973e-05,0.13693776445473874,4,highpass
1.2703423170388432e-07,6.857964095437747e-07,2.412013622360324e-07,2.998841511206165e-07,3.31399484632973e-05,0.4999393772844418,4,highpass
1.1650815484897659e-07,6.857964095437747e-07,2.412013622360324e-07,2.998841511206165e-07,3.31399484632973e-05,0.4115859228160002,4,highpass
2.1990495188409034e-07,3.016800325726649e-07,2.2358472642471062e-07,1.6757892263049589e-07,4.3901303880882086e-05,0.29201574506721156,4,highpass
1.2703423170388432e-07,6.857964095437747e-07,2.412013622360324e-07,1.7380423529999635e-07,3.928392995931283e-05,0.09473317254234633,4,highpass
1.2703423170388432e-07,6.857964095437747e-07,2.412013622360324e-07,2.998841511206165e-07,3.31399484632973e-05,0.4999393772844418,4,highpass
1.2703423170388432e-07,6.857964095437747e-07,2.412013622360324e-07,2.998841511206165e-07,3.31399484632973e-05,0.4999393772844418,4,highpass
2.1990495188409034e-07,3e-07,1.960514060861856e-07,1.7380423529999635e-07,4.7691822693049164e-05,0.2913376407757539,4,highpass
1.7123765491661745e-07,6.857964095437747e-07,2.412013622360324e-07,2.998841511206165e-07,4.087549545146343e-05,0.4076225201776251,4,highpass
1.2703423170388432e-07,6.857964095437747e-07,2.412013622360324e-07,2.998841511206165e-07,3.31399484632973e-05,0.4999393772844418,4,highpass
1.8555362135278813e-07,3e-07,1.960514060861856e-07,1.7380423529999635e-07,3.31399484632973e-05,0.29181405805687427,4,highpass
1.7123765491661745e-07,6.857964095437747e-07,2.412013622360324e-07,2.998841511206165e-07,4.087549545146343e-05,0.4076225201776251,4,highpass
1.2703423170388432e-07,6.857964095437747e-07,2.412013622360324e-07,2.998841511206165e-07,4.213488486954636e-05,0.31795320310160907,4,highpass
1.2703423170388432e-07,6.857964095437747e-07,2.412013622360324e-07,2.998841511206165e-07,3.31399484632973e-05,0.4999393772844418,4,highpass
1.8555362135278813e-07,3e-07,2.412013622360324e-07,2.998841511206165e-07,3.31399484632973e-05,0.22785927720596663,4,highpass
1.2703423170388432e-07,6.857964095437747e-07,2.412013622360324e-07,2.998841511206165e-07,2.907337363949935e-05,0.6308632421700611,5,highpass
1.2703423170388432e-07,6.857964095437747e-07,2.412013622360324e-07,2.998841511206165e-07,4.087549545146343e-05,0.3347416064302936,5,highpass
1.2703423170388432e-07,6.857964095437747e-07,2.412013622360324e-07,2.998841511206165e-07,2.907337363949935e-05,0.6308632421700611,5,highpass
1.2703423170388432e-07,6.857964095437747e-07,2.412013622360324e-07,2.998841511206165e-07,3.31399484632973e-05,0.4999393772844418,5,highpass
1.2703423170388432e-07,3.676566887231175e-07,2.412013622360324e-07,2.998841511206165e-07,3.31399484632973e-05,0.3027049000896983,5,highpass
1.2703423170388432e-07,6.857964095437747e-07,2.412013622360324e-07,2.929555683554907e-07,3.31399484632973e-05,0.42495512571375643,5,highpass
1.1650815484897659e-07,6.857964095437747e-07,2.412013622360324e-07,2.998841511206165e-07,3.31399484632973e-05,0.4115859228160002,5,highpass
1.2703423170388432e-07,3e-07,1.960514060861856e-07,1.7380423529999635e-07,3.31399484632973e-05,0.2845512861968634,5,highpass
1.2703423170388432e-07,7e-07,2.053071297957895e-07,2.998841511206165e-07,3.31399484632973e-05,0.1099018764397507,5,highpass
1.2703423170388432e-07,6.857964095437747e-07,2.412013622360324e-07,2.998841511206165e-07,3.9626589470422855e-05,0.34860856521480366,5,highpass
1.2703423170388432e-07,6.857964095437747e-07,2.412013622360324e-07,2.998841511206165e-07,2.907337363949935e-05,0.6308632421700611,5,highpass
1.2703423170388432e-07,6.857964095437747e-07,2.412013622360324e-07,2.998841511206165e-07,3.31399484632973e-05,0.4999393772844418,5,highpass
1.2703423170388432e-07,6.857964095437747e-07,2.412013622360324e-07,2.998841511206165e-07,2.907337363949935e-05,0.6308632421700611,5,highpass
1.8145719966869084e-07,6.857964095437747e-07,2.412013622360324e-07,2.998841511206165e-07,3.31399484632973e-05,0.468010461903137,5,highpass
1.2703423170388432e-07,6.857964095437747e-07,2.412013622360324e-07,2.998841511206165e-07,3.31399484632973e-05,0.4999393772844418,5,highpass
1.2703423170388432e-07,6.857964095437747e-07,2.412013622360324e-07,2.998841511206165e-07,3.31399484632973e-05,0.4999393772844418,5,highpass
1.2703423170388432e-07,6.857964095437747e-07,2.412013622360324e-07,2.96023984422043e-07,3.31399484632973e-05,0.4625290515902355,5,highpass
1.2703423170388432e-07,6.857964095437747e-07,2.412013622360324e-07,2.998841511206165e-07,3.31399484632973e-05,0.4999393772844418,5,highpass
1.2703423170388432e-07,6.857964095437747e-07,2.412013622360324e-07,2.998841511206165e-07,3.31399484632973e-05,0.4999393772844418,5,highpass
1.2703423170388432e-07,6.857964095437747e-07,2.236217223085347e-07,2.998841511206165e-07,3.31399484632973e-05,0.29819596257958575,5,highpass
1.2703423170388432e-07,6.857964095437747e-07,2.412013622360324e-07,2.998841511206165e-07,3.31399484632973e-05,0.4999393772844418,5,highpass
2.3267371999797324e-07,6.857964095437747e-07,2.412013622360324e-07,2.998841511206165e-07,3.31399484632973e-05,0.22055588663905587,5,highpass
1.2703423170388432e-07,6.857964095437747e-07,2.412013622360324e-07,2.998841511206165e-07,3.31399484632973e-05,0.4999393772844418,5,highpass
1.2703423170388432e-07,6.857964095437747e-07,2.412013622360324e-07,2.998841511206165e-07,3.31399484632973e-05,0.4999393772844418,5,highpass
1.1650815484897659e-07,6.857964095437747e-07,2.412013622360324e-07,2.998841511206165e-07,3.31399484632973e-05,0.4115859228160002,5,highpass
1.2703423170388432e-07,7e-07,2.4502161539039964e-07,2.998841511206165e-07,2.907337363949935e-05,0.017926211693253424,5,highpass
1.2703423170388432e-07,6.857964095437747e-07,2.412013622360324e-07,2.998841511206165e-07,2.907337363949935e-05,0.6308632421700611,5,highpass
1.2703423170388432e-07,6.857964095437747e-07,2.412013622360324e-07,2.998841511206165e-07,3.31399484632973e-05,0.4999393772844418,5,highpass
1.2703423170388432e-07,6.857964095437747e-07,2.412013622360324e-07,2.998841511206165e-07,3.31399484632973e-05,0.4999393772844418,5,highpass
1.2703423170388432e-07,7e-07,2.412013622360324e-07,2.998841511206165e-07,3.31399484632973e-05,0.57666474488607,5,highpass
1.1650815484897659e-07,6.857964095437747e-07,2.463387354799781e-07,2.998841511206165e-07,3.31399484632973e-05,0.5629839797111441,5,highpass
1.1650815484897659e-07,6.857964095437747e-07,2.412013622360324e-07,2.998841511206165e-07,3.31399484632973e-05,0.4115859228160002,5,highpass
1.2703423170388432e-07,6.857964095437747e-07,2.412013622360324e-07,2.998841511206165e-07,4.087549545146343e-05,0.3347416064302936,5,highpass
1.2703423170388432e-07,6.857964095437747e-07,2.412013622360324e-07,2.998841511206165e-07,3.31399484632973e-05,0.4999393772844418,5,highpass
1.2703423170388432e-07,6.857964095437747e-07,2.412013622360324e-07,2.998841511206165e-07,2.907337363949935e-05,0.6308632421700611,5,highpass
1.2703423170388432e-07,6.857964095437747e-07,2.412013622360324e-07,2.998841511206165e-07,2.907337363949935e-05,0.6308632421700611,5,highpass
1.2703423170388432e-07,6.857964095437747e-07,2.412013622360324e-07,1.9609318061488562e-07,3.31399484632973e-05,0.08727517127564025,5,highpass
1.2703423170388432e-07,6.857964095437747e-07,2.412013622360324e-07,2.998841511206165e-07,3.31399484632973e-05,0.4999393772844418,5,highpass
1.2703423170388432e-07,6.857964095437747e-07,2.412013622360324e-07,2.998841511206165e-07,3.31399484632973e-05,0.4999393772844418,5,highpass
1.2703423170388432e-07,6.857964095437747e-07,2.412013622360324e-07,2.998841511206165e-07,3.31399484632973e-05,0.4999393772844418,5,highpass
1.2703423170388432e-07,6.857964095437747e-07,2.412013622360324e-07,2.998841511206165e-07,3.31399484632973e-05,0.4999393772844418,5,highpass
1.2703423170388432e-07,6.857964095437747e-07,2.412013622360324e-07,2.998841511206165e-07,2.907337363949935e-05,0.6308632421700611,5,highpass
1.2703423170388432e-07,6.857964095437747e-07,2.412013622360324e-07,2.998841511206165e-07,3.31399484632973e-05,0.4999393772844418,5,highpass
1.2703423170388432e-07,6.857964095437747e-07,2.412013622360324e-07,2.998841511206165e-07,2.907337363949935e-05,0.6308632421700611,5,highpass
1.2703423170388432e-07,7e-07,2.412013622360324e-07,2.998841511206165e-07,3.31399484632973e-05,0.57666474488607,5,highpass
1.2703423170388432e-07,6.891050069337194e-07,2.412013622360324e-07,2.998841511206165e-07,3.31399484632973e-05,0.5165620980204214,5,highpass
1.2703423170388432e-07,3.016800325726649e-07,2.2358472642471062e-07,1.7380423529999635e-07,2.907337363949935e-05,0.28292477780738395,5,highpass
1.2703423170388432e-07,7e-07,2.412013622360324e-07,2.998841511206165e-07,2.907337363949935e-05,0.7542806367820761,5,highpass
1.2703423170388432e-07,6.857964095437747e-07,2.412013622360324e-07,2.998841511206165e-07,3.31399484632973e-05,0.4999393772844418,5,highpass
1.2703423170388432e-07,7e-07,2.412013622360324e-07,2.998841511206165e-07,3.31399484632973e-05,0.57666474488607,5,highpass
1.2703423170388432e-07,7e-07,2.412013622360324e-07,2.998841511206165e-07,2.907337363949935e-05,0.7542806367820761,6,highpass
1.2703423170388432e-07,6.857964095437747e-07,2.412013622360324e-07,2.998841511206165e-07,2.907337363949935e-05,0.6308632421700611,6,highpass
1.2703423170388432e-07,7e-07,2.412013622360324e-07,2.998841511206165e-07,2.907337363949935e-05,0.7542806367820761,6,highpass
1.2703423170388432e-07,6.857964095437747e-07,2.412013622360324e-07,2.998841511206165e-07,3.31399484632973e-05,0.4999393772844418,6,highpass
1.2703423170388432e-07,3.93398793459452e-07,2.412013622360324e-07,2.998841511206165e-07,2.907337363949935e-05,0.08435645430991759,6,highpass
1.2703423170388432e-07,6.857964095437747e-07,2.412013622360324e-07,2.998841511206165e-07,2.907337363949935e-05,0.6308632421700611,6,highpass
1.2703423170388432e-07,4.503520243405209e-07,2.412013622360324e-07,2.998841511206165e-07,2.907337363949935e-05,0.040622720082782705,6,highpass
1.2703423170388432e-07,6.857964095437747e-07,2.412013622360324e-07,2.998841511206165e-07,2.907337363949935e-05,0.6308632421700611,6,highpass
1.2703423170388432e-07,6.857964095437747e-07,2.412013622360324e-07,2.998841511206165e-07,2.907337363949935e-05,0.6308632421700611,6,highpass
1.2703423170388432e-07,3.894105867411889e-07,2.412013622360324e-07,2.998841511206165e-07,2.907337363949935e-05,0.10314732442405553,6,highpass
1.2703423170388432e-07,6.857964095437747e-07,2.412013622360324e-07,2.998841511206165e-07,3.31399484632973e-05,0.4999393772844418,6,highpass
1.6163853751525083e-07,6.857964095437747e-07,2.412013622360324e-07,2.998841511206165e-07,2.907337363949935e-05,0.3594079966748574,6,highpass
1.2703423170388432e-07,6.857964095437747e-07,2.412013622360324e-07,2.998841511206165e-07,3.31399484632973e-05,0.4999393772844418,6,highpass
1.2703423170388432e-07,7e-07,2.412013622360324e-07,2.998841511206165e-07,2.907337363949935e-05,0.7542806367820761,6,highpass
1.2703423170388432e-07,6.857964095437747e-07,2.412013622360324e-07,2.998841511206165e-07,2.907337363949935e-05,0.6308632421700611,6,highpass
1.2703423170388432e-07,6.677911755360629e-07,2.412013622360324e-07,2.998841511206165e-07,2.907337363949935e-05,0.5282492146316555,6,highpass
1.2703423170388432e-07,6.857964095437747e-07,2.412013622360324e-07,2.998841511206165e-07,2.907337363949935e-05,0.6308632421700611,6,highpass
1.2703423170388432e-07,6.857964095437747e-07,2.412013622360324e-07,2.998841511206165e-07,2.907337363949935e-05,0.6308632421700611,6,highpass
1.2703423170388432e-07,6.857964095437747e-07,2.412013622360324e-07,2.998841511206165e-07,2.907337363949935e-05,0.6308632421700611,6,highpass
1.2703423170388432e-07,6.857964095437747e-07,2.412013622360324e-07,2.998841511206165e-07,3.31399484632973e-05,0.4999393772844418,6,highpass
1.2703423170388432e-07,7e-07,2.412013622360324e-07,2.998841511206165e-07,2.907337363949935e-05,0.7542806367820761,6,highpass
1.2703423170388432e-07,6.857964095437747e-07,2.412013622360324e-07,2.998841511206165e-07,2.907337363949935e-05,0.6308632421700611,6,highpass
1.2703423170388432e-07,6.857964095437747e-07,2.412013622360324e-07,2.998841511206165e-07,2.907337363949935e-05,0.6308632421700611,6,highpass
1.2703423170388432e-07,6.857964095437747e-07,2.412013622360324e-07,2.998841511206165e-07,2.907337363949935e-05,0.6308632421700611,6,highpass
1.2703423170388432e-07,7e-07,2.412013622360324e-07,2.998841511206165e-07,2.907337363949935e-05,0.7542806367820761,6,highpass
1.2703423170388432e-07,6.857964095437747e-07,2.412013622360324e-07,2.998841511206165e-07,2.907337363949935e-05,0.6308632421700611,6,highpass
1.2703423170388432e-07,6.857964095437747e-07,2.412013622360324e-07,1.5814142099305936e-07,2.907337363949935e-05,0.07462388710897713,6,highpass
1.2703423170388432e-07,6.857964095437747e-07,2.412013622360324e-07,2.998841511206165e-07,2.907337363949935e-05,0.6308632421700611,6,highpass
1.2703423170388432e-07,6.857964095437747e-07,2.412013622360324e-07,2.998841511206165e-07,2.907337363949935e-05,0.6308632421700611,6,highpass
1.2703423170388432e-07,6.857964095437747e-07,2.412013622360324e-07,2.998841511206165e-07,3.195475970860754e-05,0.5441851849114717,6,highpass
1.2703423170388432e-07,6.857964095437747e-07,2.412013622360324e-07,2.998841511206165e-07,2.907337363949935e-05,0.6308632421700611,6,highpass
1.2703423170388432e-07,6.857964095437747e-07,2.412013622360324e-07,2.998841511206165e-07,3.31399484632973e-05,0.4999393772844418,6,highpass
1.2703423170388432e-07,6.793674852999409e-07,2.412013622360324e-07,2.998841511206165e-07,3.31399484632973e-05,0.47990968040794957,6,highpass
1.2703423170388432e-07,6.857964095437747e-07,2.412013622360324e-07,2.998841511206165e-07,2.907337363949935e-05,0.6308632421700611,6,highpass
1.1650815484897659e-07,6.857964095437747e-07,2.412013622360324e-07,2.998841511206165e-07,2.907337363949935e-05,0.49818793062072436,6,highpass
1.2703423170388432e-07,6.857964095437747e-07,2.412013622360324e-07,2.998841511206165e-07,2.907337363949935e-05,0.6308632421700611,6,highpass
1.2703423170388432e-07,7e-07,2.412013622360324e-07,2.998841511206165e-07,2.907337363949935e-05,0.7542806367820761,6,highpass
1.2929743904696184e-07,7e-07,2.412013622360324e-07,2.998841511206165e-07,2.907337363949935e-05,0.8353708676995313,6,highpass
1.2703423170388432e-07,6.857964095437747e-07,2.412013622360324e-07,2.998841511206165e-07,4.404198368081514e-05,0.3146221002691233,6,highpass
1.2703423170388432e-07,6.857964095437747e-07,2.412013622360324e-07,2.998841511206165e-07,2.907337363949935e-05,0.6308632421700611,6,highpass
1.2703423170388432e-07,6.857964095437747e-07,2.412013622360324e-07,2.998841511206165e-07,3.31399484632973e-05,0.4999393772844418,6,highpass
1.2703423170388432e-07,6.857964095437747e-07,2.412013622360324e-07,2.998841511206165e-07,2.907337363949935e-05,0.6308632421700611,6,highpass
1.2703423170388432e-07,6.857964095437747e-07,2.412013622360324e-07,2.998841511206165e-07,2.907337363949935e-05,0.6308632421700611,6,highpass
1.2703423170388432e-07,6.857964095437747e-07,2.412013622360324e-07,2.998841511206165e-07,3.31399484632973e-05,0.4999393772844418,6,highpass
1.2703423170388432e-07,6.857964095437747e-07,2.412013622360324e-07,2.998841511206165e-07,2.907337363949935e-05,0.6308632421700611,6,highpass
1.2703423170388432e-07,7e-07,2.412013622360324e-07,2.998841511206165e-07,2.907337363949935e-05,0.7542806367820761,6,highpass
1.2703423170388432e-07,7e-07,2.412013622360324e-07,2.998841511206165e-07,3.31399484632973e-05,0.57666474488607,6,highpass
1.2703423170388432e-07,6.891050069337194e-07,2.412013622360324e-07,2.998841511206165e-07,3.31399484632973e-05,0.5165620980204214,6,highpass
1.2703423170388432e-07,6.857964095437747e-07,2.412013622360324e-07,2.998841511206165e-07,3.31399484632973e-05,0.4999393772844418,6,highpass
1.2703423170388432e-07,6.857964095437747e-07,2.412013622360324e-07,2.998841511206165e-07,2.907337363949935e-05,0.6308632421700611,6,highpass
1.2929743904696184e-07,7e-07,2.412013622360324e-07,2.998841511206165e-07,2.907337363949935e-05,0.8353708676995313,7,highpass
1.2703423170388432e-07,6.857964095437747e-07,2.412013622360324e-07,2.998841511206165e-07,2.907337363949935e-05,0.6308632421700611,7,highpass
1.2703423170388432e-07,6.857964095437747e-07,2.412013622360324e-07,2.998841511206165e-07,2.907337363949935e-05,0.6308632421700611,7,highpass
1.2703423170388432e-07,7e-07,2.412013622360324e-07,2.998841511206165e-07,2.907337363949935e-05,0.7542806367820761,7,highpass
1.2703423170388432e-07,7e-07,2.412013622360324e-07,2.998841511206165e-07,2.907337363949935e-05,0.7542806367820761,7,highpass
1.2703423170388432e-07,7e-07,2.412013622360324e-07,2.998841511206165e-07,2.907337363949935e-05,0.7542806367820761,7,highpass
1.2703423170388432e-07,6.857964095437747e-07,2.412013622360324e-07,2.998841511206165e-07,2.907337363949935e-05,0.6308632421700611,7,highpass
1.2703423170388432e-07,7e-07,2.412013622360324e-07,2.998841511206165e-07,2.907337363949935e-05,0.7542806367820761,7,highpass
1.2929743904696184e-07,7e-07,2.412013622360324e-07,2.998841511206165e-07,2.907337363949935e-05,0.8353708676995313,7,highpass
1.2703423170388432e-07,7e-07,2.412013622360324e-07,2.998841511206165e-07,2.907337363949935e-05,0.7542806367820761,7,highpass
1.2703423170388432e-07,6.857964095437747e-07,2.412013622360324e-07,2.998841511206165e-07,2.907337363949935e-05,0.6308632421700611,7,highpass
1.2703423170388432e-07,7e-07,2.412013622360324e-07,2.998841511206165e-07,2.907337363949935e-05,0.7542806367820761,7,highpass
1.2703423170388432e-07,6.857964095437747e-07,2.412013622360324e-07,2.998841511206165e-07,2.907337363949935e-05,0.6308632421700611,7,highpass
1.2703423170388432e-07,6.857964095437747e-07,2.412013622360324e-07,2.998841511206165e-07,2.907337363949935e-05,0.6308632421700611,7,highpass
1.2703423170388432e-07,7e-07,2.412013622360324e-07,2.998841511206165e-07,2.907337363949935e-05,0.7542806367820761,7,highpass
1.2703423170388432e-07,7e-07,2.412013622360324e-07,2.998841511206165e-07,2.907337363949935e-05,0.7542806367820761,7,highpass
1.2703423170388432e-07,7e-07,2.412013622360324e-07,2.998841511206165e-07,2.907337363949935e-05,0.7542806367820761,7,highpass
1.2703423170388432e-07,6.857964095437747e-07,2.412013622360324e-07,2.998841511206165e-07,2.907337363949935e-05,0.6308632421700611,7,highpass
1.2703423170388432e-07,6.857964095437747e-07,2.412013622360324e-07,2.998841511206165e-07,2.907337363949935e-05,0.6308632421700611,7,highpass
1.2703423170388432e-07,7e-07,2.412013622360324e-07,2.998841511206165e-07,2.907337363949935e-05,0.7542806367820761,7,highpass
1.2703423170388432e-07,7e-07,2.412013622360324e-07,2.998841511206165e-07,2.7907278517969466e-05,0.7661335126659475,7,highpass
1.2703423170388432e-07,6.857964095437747e-07,2.412013622360324e-07,2.998841511206165e-07,2.907337363949935e-05,0.6308632421700611,7,highpass
1.2703423170388432e-07,6.857964095437747e-07,2.412013622360324e-07,2.998841511206165e-07,2.907337363949935e-05,0.6308632421700611,7,highpass
1.2703423170388432e-07,7e-07,2.412013622360324e-07,2.998841511206165e-07,2.907337363949935e-05,0.7542806367820761,7,highpass
1.2703423170388432e-07,7e-07,2.412013622360324e-07,2.998841511206165e-07,2.907337363949935e-05,0.7542806367820761,7,highpass
1.2703423170388432e-07,7e-07,2.412013622360324e-07,2.998841511206165e-07,2.907337363949935e-05,0.7542806367820761,7,highpass
1.2703423170388432e-07,6.857964095437747e-07,2.412013622360324e-07,2.998841511206165e-07,2.907337363949935e-05,0.6308632421700611,7,highpass
1.2929743904696184e-07,7e-07,2.412013622360324e-07,2.998841511206165e-07,2.907337363949935e-05,0.8353708676995313,7,highpass
1.2703423170388432e-07,6.857964095437747e-07,2.412013622360324e-07,2.998841511206165e-07,2.907337363949935e-05,0.6308632421700611,7,highpass
1.2703423170388432e-07,6.857964095437747e-07,2.412013622360324e-07,2.998841511206165e-07,2.907337363949935e-05,0.6308632421700611,7,highpass
1.2703423170388432e-07,7e-07,2.412013622360324e-07,2.998841511206165e-07,2.907337363949935e-05,0.7542806367820761,7,highpass
1.2703423170388432e-07,7e-07,2.412013622360324e-07,2.998841511206165e-07,2.907337363949935e-05,0.7542806367820761,7,highpass
1.2703423170388432e-07,7e-07,2.412013622360324e-07,2.998841511206165e-07,2.907337363949935e-05,0.7542806367820761,7,highpass
1.2703423170388432e-07,6.857964095437747e-07,2.412013622360324e-07,2.998841511206165e-07,2.907337363949935e-05,0.6308632421700611,7,highpass
1.2703423170388432e-07,6.857964095437747e-07,2.412013622360324e-07,2.998841511206165e-07,2.907337363949935e-05,0.6308632421700611,7,highpass
1.2703423170388432e-07,7e-07,2.412013622360324e-07,2.998841511206165e-07,2.907337363949935e-05,0.7542806367820761,7,highpass
1.2703423170388432e-07,7e-07,2.412013622360324e-07,2.998841511206165e-07,2.907337363949935e-05,0.7542806367820761,7,highpass
1.2703423170388432e-07,6.857964095437747e-07,2.412013622360324e-07,2.998841511206165e-07,2.907337363949935e-05,0.6308632421700611,7,highpass
2.2749189722632e-07,7e-07,2.412013622360324e-07,2.998841511206165e-07,2.907337363949935e-05,0.12760665168910415,7,highpass
1.2703423170388432e-07,7e-07,2.412013622360324e-07,2.998841511206165e-07,2.907337363949935e-05,0.7542806367820761,7,highpass
2.2715810973227541e-07,7e-07,2.412013622360324e-07,2.998841511206165e-07,2.907337363949935e-05,0.12760665168910415,7,highpass
1.2703423170388432e-07,7e-07,2.412013622360324e-07,2.998841511206165e-07,2.907337363949935e-05,0.7542806367820761,7,highpass
1.2703423170388432e-07,7e-07,2.412013622360324e-07,2.998841511206165e-07,2.907337363949935e-05,0.7542806367820761,7,highpass
1.2929743904696184e-07,7e-07,2.412013622360324e-07,2.998841511206165e-07,2.907337363949935e-05,0.8353708676995313,7,highpass
1.2703423170388432e-07,7e-07,2.412013622360324e-07,2.998841511206165e-07,2.907337363949935e-05,0.7542806367820761,7,highpass
1.2703423170388432e-07,7e-07,2.412013622360324e-07,2.998841511206165e-07,2.907337363949935e-05,0.7542806367820761,7,highpass
1.2703423170388432e-07,7e-07,2.412013622360324e-07,2.998841511206165e-07,2.907337363949935e-05,0.7542806367820761,7,highpass
1.2703423170388432e-07,7e-07,2.412013622360324e-07,2.998841511206165e-07,2.907337363949935e-05,0.7542806367820761,7,highpass
1.2703423170388432e-07,7e-07,2.412013622360324e-07,2.998841511206165e-07,3.287343163290368e-05,0.60849190643756,7,highpass
1.2703423170388432e-07,6.857964095437747e-07,2.412013622360324e-07,2.998841511206165e-07,2.907337363949935e-05,0.6308632421700611,7,highpass
1.2929743904696184e-07,7e-07,2.412013622360324e-07,2.998841511206165e-07,2.907337363949935e-05,0.8353708676995313,8,highpass
1.2929743904696184e-07,7e-07,2.412013622360324e-07,2.998841511206165e-07,2.907337363949935e-05,0.8353708676995313,8,highpass
1.2929743904696184e-07,7e-07,2.412013622360324e-07,2.998841511206165e-07,2.907337363949935e-05,0.8353708676995313,8,highpass
1.2703423170388432e-07,7e-07,2.412013622360324e-07,2.998841511206165e-07,2.907337363949935e-05,0.7542806367820761,8,highpass
1.2929743904696184e-07,7e-07,2.412013622360324e-07,2.998841511206165e-07,2.907337363949935e-05,0.8353708676995313,8,highpass
1.2703423170388432e-07,7e-07,2.412013622360324e-07,2.998841511206165e-07,2.907337363949935e-05,0.7542806367820761,8,highpass
1.2703423170388432e-07,7e-07,2.412013622360324e-07,2.998841511206165e-07,2.907337363949935e-05,0.7542806367820761,8,highpass
1.2703423170388432e-07,7e-07,2.412013622360324e-07,2.998841511206165e-07,2.7907278517969466e-05,0.7661335126659475,8,highpass
1.2703423170388432e-07,7e-07,2.412013622360324e-07,2.998841511206165e-07,2.907337363949935e-05,0.7542806367820761,8,highpass
1.2703423170388432e-07,7e-07,2.445836196645747e-07,2.998841511206165e-07,2.907337363949935e-05,0.47933193464638313,8,highpass
1.2929743904696184e-07,7e-07,2.412013622360324e-07,2.998841511206165e-07,2.907337363949935e-05,0.8353708676995313,8,highpass
1.2703423170388432e-07,7e-07,2.412013622360324e-07,2.988184959765771e-07,2.907337363949935e-05,0.721920763832983,8,highpass
1.2703423170388432e-07,7e-07,2.412013622360324e-07,2.998841511206165e-07,2.907337363949935e-05,0.7542806367820761,8,highpass
1.2929743904696184e-07,7e-07,2.412013622360324e-07,2.998841511206165e-07,2.907337363949935e-05,0.8353708676995313,8,highpass
1.2703423170388432e-07,7e-07,2.412013622360324e-07,2.998841511206165e-07,2.907337363949935e-05,0.7542806367820761,8,highpass
1.2929743904696184e-07,7e-07,1.5613304726152724e-07,2.998841511206165e-07,2.907337363949935e-05,-0.051273850221620676,8,highpass
1.2703423170388432e-07,7e-07,2.412013622360324e-07,2.998841511206165e-07,2.907337363949935e-05,0.7542806367820761,8,highpass
1.2929743904696184e-07,7e-07,2.412013622360324e-07,2.998841511206165e-07,2.907337363949935e-05,0.8353708676995313,8,highpass
1.2703423170388432e-07,7e-07,2.412013622360324e-07,2.998841511206165e-07,2.907337363949935e-05,0.7542806367820761,8,highpass
1.2703423170388432e-07,7e-07,2.412013622360324e-07,2.998841511206165e-07,2.907337363949935e-05,0.7542806367820761,8,highpass
1.2703423170388432e-07,7e-07,2.412013622360324e-07,2.998841511206165e-07,2.907337363949935e-05,0.7542806367820761,8,highpass
1.2929743904696184e-07,7e-07,2.412013622360324e-07,2.998841511206165e-07,2.907337363949935e-05,0.8353708676995313,8,highpass
1.2929743904696184e-07,7e-07,2.412013622360324e-07,2.998841511206165e-07,2.907337363949935e-05,0.8353708676995313,8,highpass
1.2703423170388432e-07,7e-07,2.412013622360324e-07,2.998841511206165e-07,2.907337363949935e-05,0.7542806367820761,8,highpass
1.2703423170388432e-07,7e-07,2.412013622360324e-07,2.998841511206165e-07,2.907337363949935e-05,0.7542806367820761,8,highpass
1.2703423170388432e-07,7e-07,2.412013622360324e-07,2.998841511206165e-07,2.907337363949935e-05,0.7542806367820761,8,highpass
1.2929743904696184e-07,7e-07,2.412013622360324e-07,2.998841511206165e-07,2.907337363949935e-05,0.8353708676995313,8,highpass
1.2929743904696184e-07,7e-07,2.412013622360324e-07,2.998841511206165e-07,2.1676332329405952e-05,0.5979704313173108,8,highpass
1.2703423170388432e-07,5.468009642134125e-07,2.412013622360324e-07,2.998841511206165e-07,2.907337363949935e-05,0.0714157382932342,8,highpass
1.2703423170388432e-07,7e-07,2.412013622360324e-07,2.998841511206165e-07,2.907337363949935e-05,0.7542806367820761,8,highpass
1.4683200515888919e-07,7e-07,2.412013622360324e-07,2.998841511206165e-07,2.907337363949935e-05,0.18552768732957872,8,highpass
1.2929743904696184e-07,7e-07,2.412013622360324e-07,2.998841511206165e-07,2.907337363949935e-05,0.8353708676995313,8,highpass
1.2929743904696184e-07,7e-07,2.412013622360324e-07,2.998841511206165e-07,2.907337363949935e-05,0.8353708676995313,8,highpass
1.2929743904696184e-07,7e-07,2.412013622360324e-07,2.998841511206165e-07,2.907337363949935e-05,0.8353708676995313,8,highpass
1.2703423170388432e-07,7e-07,2.412013622360324e-07,2.998841511206165e-07,2.907337363949935e-05,0.7542806367820761,8,highpass
1.2703423170388432e-07,7e-07,2.412013622360324e-07,2.998841511206165e-07,2.907337363949935e-05,0.7542806367820761,8,highpass
1.2703423170388432e-07,7e-07,2.412013622360324e-07,2.998841511206165e-07,2.907337363949935e-05,0.7542806367820761,8,highpass
1.2703423170388432e-07,7e-07,2.412013622360324e-07,2.998841511206165e-07,2.907337363949935e-05,0.7542806367820761,8,highpass
1.2929743904696184e-07,7e-07,2.412013622360324e-07,2.998841511206165e-07,2.907337363949935e-05,0.8353708676995313,8,highpass
1.2703423170388432e-07,7e-07,2.412013622360324e-07,2.998841511206165e-07,2.907337363949935e-05,0.7542806367820761,8,highpass
1.2929743904696184e-07,7e-07,2.412013622360324e-07,2.998841511206165e-07,2.907337363949935e-05,0.8353708676995313,8,highpass
1.2929743904696184e-07,7e-07,2.412013622360324e-07,2.998841511206165e-07,2.907337363949935e-05,0.8353708676995313,8,highpass
1.2929743904696184e-07,7e-07,2.412013622360324e-07,2.998841511206165e-07,2.907337363949935e-05,0.8353708676995313,8,highpass
1.2347542716129762e-07,7e-07,2.412013622360324e-07,2.998841511206165e-07,2.907337363949935e-05,0.6587278629862752,8,highpass
1.2929743904696184e-07,7e-07,2.412013622360324e-07,2.998841511206165e-07,2.907337363949935e-05,0.8353708676995313,8,highpass
1.2703423170388432e-07,7e-07,2.412013622360324e-07,2.998841511206165e-07,2.907337363949935e-05,0.7542806367820761,8,highpass
1.2929743904696184e-07,7e-07,2.412013622360324e-07,2.998841511206165e-07,2.907337363949935e-05,0.8353708676995313,8,highpass
1.2929743904696184e-07,7e-07,2.412013622360324e-07,2.998841511206165e-07,2.907337363949935e-05,0.8353708676995313,8,highpass
1.2929743904696184e-07,7e-07,2.412013622360324e-07,2.998841511206165e-07,2.7907278517969466e-05,1.0057583026640313,8,highpass
1.2703423170388432e-07,7e-07,2.412013622360324e-07,2.998841511206165e-07,2.907337363949935e-05,0.7542806367820761,8,highpass
1.2929743904696184e-07,7e-07,2.412013622360324e-07,2.998841511206165e-07,2.7907278517969466e-05,1.0057583026640313,9,highpass
1.2929743904696184e-07,7e-07,2.412013622360324e-07,2.998841511206165e-07,2.907337363949935e-05,0.8353708676995313,9,highpass
1.2929743904696184e-07,7e-07,2.412013622360324e-07,2.998841511206165e-07,2.907337363949935e-05,0.8353708676995313,9,highpass
1.2929743904696184e-07,7e-07,2.412013622360324e-07,2.998841511206165e-07,2.7907278517969466e-05,1.0057583026640313,9,highpass
1.2929743904696184e-07,7e-07,2.412013622360324e-07,2.998841511206165e-07,2.7907278517969466e-05,1.0057583026640313,9,highpass
1.2929743904696184e-07,7e-07,2.337323584183226e-07,2.998841511206165e-07,2.907337363949935e-05,0.300566619336039,9,highpass
1.2929743904696184e-07,7e-07,1.9789869262300249e-07,2.998841511206165e-07,2.907337363949935e-05,0.07921582808246261,9,highpass
1.3425342636853322e-07,7e-07,2.412013622360324e-07,2.998841511206165e-07,2.7907278517969466e-05,0.8448792736452255,9,highpass
1.2929743904696184e-07,7e-07,2.412013622360324e-07,2.998841511206165e-07,2.907337363949935e-05,0.8353708676995313,9,highpass
1.2929743904696184e-07,7e-07,2.412013622360324e-07,2.998841511206165e-07,2.907337363949935e-05,0.8353708676995313,9,highpass
1.2929743904696184e-07,7e-07,2.4497978778959166e-07,2.998841511206165e-07,2.907337363949935e-05,0.39441387478398704,9,highpass
1.2929743904696184e-07,7e-07,1.7068972263293462e-07,2.998841511206165e-07,2.907337363949935e-05,-2.1983975750011995,9,highpass
1.2929743904696184e-07,7e-07,2.412013622360324e-07,2.998841511206165e-07,2.907337363949935e-05,0.8353708676995313,9,highpass
1.2929743904696184e-07,7e-07,2.412013622360324e-07,2.5449202118256596e-07,2.907337363949935e-05,0.30060123686998086,9,highpass
1.2929743904696184e-07,7e-07,2.412013622360324e-07,3e-07,2.907337363949935e-05,0.8353708676995313,9,highpass
1.2929743904696184e-07,7e-07,2.412013622360324e-07,2.998841511206165e-07,2.907337363949935e-05,0.8353708676995313,9,highpass
1.2929743904696184e-07,7e-07,2.412013622360324e-07,2.998841511206165e-07,2.907337363949935e-05,0.8353708676995313,9,highpass
1.2929743904696184e-07,7e-07,2.412013622360324e-07,2.998841511206165e-07,2.907337363949935e-05,0.8353708676995313,9,highpass
1.2929743904696184e-07,3.827596519570326e-07,2.412013622360324e-07,2.998841511206165e-07,2.907337363949935e-05,0.1150052197425977,9,highpass
1.2929743904696184e-07,7e-07,2.412013622360324e-07,2.998841511206165e-07,2.7907278517969466e-05,1.0057583026640313,9,highpass
1.3190506384539715e-07,7e-07,2.412013622360324e-07,2.998841511206165e-07,2.907337363949935e-05,0.7402306125607758,9,highpass
1.2929743904696184e-07,7e-07,2.412013622360324e-07,2.998841511206165e-07,2.907337363949935e-05,0.8353708676995313,9,highpass
1.2929743904696184e-07,7e-07,2.412013622360324e-07,2.998841511206165e-07,2.907337363949935e-05,0.8353708676995313,9,highpass
1.2929743904696184e-07,7e-07,2.412013622360324e-07,2.998841511206165e-07,2.907337363949935e-05,0.8353708676995313,9,highpass
1.2929743904696184e-07,7e-07,2.412013622360324e-07,2.998841511206165e-07,2.907337363949935e-05,0.8353708676995313,9,highpass
1.2929743904696184e-07,7e-07,2.412013622360324e-07,2.998841511206165e-07,2.710553185325386e-05,0.9194429456244488,9,highpass
1.2929743904696184e-07,7e-07,2.412013622360324e-07,2.998841511206165e-07,2.907337363949935e-05,0.8353708676995313,9,highpass
1.2929743904696184e-07,7e-07,2.412013622360324e-07,2.998841511206165e-07,2.907337363949935e-05,0.8353708676995313,9,highpass
1.2929743904696184e-07,7e-07,2.412013622360324e-07,2.998841511206165e-07,2.907337363949935e-05,0.8353708676995313,9,highpass
1.2929743904696184e-07,4.2293936554953023e-07,2.412013622360324e-07,2.998841511206165e-07,2.907337363949935e-05,0.06211865560948457,9,highpass
1.2929743904696184e-07,7e-07,2.412013622360324e-07,2.998841511206165e-07,2.907337363949935e-05,0.8353708676995313,9,highpass
1.2703423170388432e-07,7e-07,2.412013622360324e-07,2.998841511206165e-07,2.907337363949935e-05,0.7542806367820761,9,highpass
1.2929743904696184e-07,7e-07,2.412013622360324e-07,2.998841511206165e-07,2.907337363949935e-05,0.8353708676995313,9,highpass
1.2929743904696184e-07,7e-07,2.412013622360324e-07,2.998841511206165e-07,2.5828403097553974e-05,0.6803231180069917,9,highpass
1.2929743904696184e-07,7e-07,2.412013622360324e-07,2.998841511206165e-07,3.0482436252636555e-05,0.5966569988182976,9,highpass
1.2929743904696184e-07,7e-07,2.412013622360324e-07,2.998841511206165e-07,2.7907278517969466e-05,1.0057583026640313,9,highpass
1.2929743904696184e-07,7e-07,2.412013622360324e-07,2.998841511206165e-07,2.907337363949935e-05,0.8353708676995313,9,highpass
1.2929743904696184e-07,6.82793582071128e-07,2.412013622360324e-07,2.998841511206165e-07,2.7907278517969466e-05,0.6835528080761786,9,highpass
1.2929743904696184e-07,7e-07,2.412013622360324e-07,2.998841511206165e-07,2.907337363949935e-05,0.8353708676995313,9,highpass
1.2929743904696184e-07,7e-07,2.412013622360324e-07,2.998841511206165e-07,2.907337363949935e-05,0.8353708676995313,9,highpass
1.2929743904696184e-07,7e-07,2.412013622360324e-07,2.998841511206165e-07,2.762919732929347e-05,0.9579031556634889,9,highpass
1.2929743904696184e-07,7e-07,2.412013622360324e-07,2.998841511206165e-07,2.907337363949935e-05,0.8353708676995313,9,highpass
1.2929743904696184e-07,7e-07,2.412013622360324e-07,2.998841511206165e-07,3.054433550314032e-05,0.5966569988182976,9,highpass
1.2929743904696184e-07,7e-07,2.412013622360324e-07,2.998841511206165e-07,2.907337363949935e-05,0.8353708676995313,9,highpass
1.2703423170388432e-07,7e-07,2.412013622360324e-07,2.331074144937084e-07,2.907337363949935e-05,0.28455409689873407,9,highpass
1.2929743904696184e-07,7e-07,2.412013622360324e-07,2.998841511206165e-07,2.7907278517969466e-05,1.0057583026640313,9,highpass
1.2703423170388432e-07,7e-07,2.412013622360324e-07,2.998841511206165e-07,2.907337363949935e-05,0.7542806367820761,9,highpass
1.2929743904696184e-07,7e-07,2.412013622360324e-07,2.998841511206165e-07,2.907337363949935e-05,0.8353708676995313,9,highpass
1.2929743904696184e-07,7e-07,2.412013622360324e-07,2.998841511206165e-07,2.907337363949935e-05,0.8353708676995313,9,highpass
1.2929743904696184e-07,7e-07,2.412013622360324e-07,2.998841511206165e-07,2.907337363949935e-05,0.8353708676995313,9,highpass
1.2929743904696184e-07,7e-07,2.412013622360324e-07,2.998841511206165e-07,2.7907278517969466e-05,1.0057583026640313,10,highpass
1.2929743904696184e-07,7e-07,2.412013622360324e-07,2.998841511206165e-07,2.907337363949935e-05,0.8353708676995313,10,highpass
1.2929743904696184e-07,7e-07,2.412013622360324e-07,2.998841511206165e-07,2.762919732929347e-05,0.9579031556634889,10,highpass
1.2929743904696184e-07,7e-07,2.412013622360324e-07,2.998841511206165e-07,2.907337363949935e-05,0.8353708676995313,10,highpass
1.2929743904696184e-07,7e-07,2.412013622360324e-07,2.998841511206165e-07,2.907337363949935e-05,0.8353708676995313,10,highpass
1.2929743904696184e-07,7e-07,2.2442715076430926e-07,2.998841511206165e-07,2.7907278517969466e-05,0.29975141563176244,10,highpass
1.2929743904696184e-07,7e-07,2.412013622360324e-07,2.998841511206165e-07,2.7907278517969466e-05,1.0057583026640313,10,highpass
1.2929743904696184e-07,7e-07,2.412013622360324e-07,2.998841511206165e-07,2.907337363949935e-05,0.8353708676995313,10,highpass
1.3425342636853322e-07,7e-07,2.412013622360324e-07,2.998841511206165e-07,2.907337363949935e-05,0.7514414497007706,10,highpass
1.2929743904696184e-07,7e-07,2.412013622360324e-07,2.998841511206165e-07,2.7907278517969466e-05,1.0057583026640313,10,highpass
1.2929743904696184e-07,7e-07,2.412013622360324e-07,2.7561120870696367e-07,2.7907278517969466e-05,0.3015684484939182,10,highpass
1.2929743904696184e-07,7e-07,2.412013622360324e-07,2.998841511206165e-07,2.907337363949935e-05,0.8353708676995313,10,highpass
1.2929743904696184e-07,7e-07,2.412013622360324e-07,2.0980076397309387e-07,2.7907278517969466e-05,0.14978098849281998,10,highpass
1.2929743904696184e-07,7e-07,2.412013622360324e-07,2.998841511206165e-07,2.7907278517969466e-05,1.0057583026640313,10,highpass
1.2929743904696184e-07,7e-07,2.412013622360324e-07,2.998841511206165e-07,2.762919732929347e-05,0.9579031556634889,10,highpass
1.2929743904696184e-07,7e-07,2.412013622360324e-07,2.292692489849195e-07,2.7907278517969466e-05,0.28746287543178517,10,highpass
1.2929743904696184e-07,7e-07,2.412013622360324e-07,2.998841511206165e-07,2.7907278517969466e-05,1.0057583026640313,10,highpass
1.2929743904696184e-07,7e-07,2.412013622360324e-07,2.998841511206165e-07,2.907337363949935e-05,0.8353708676995313,10,highpass
1.2929743904696184e-07,7e-07,1.2948982992847405e-07,2.998841511206165e-07,2.7907278517969466e-05,0.1481817113660482,10,highpass
1.2929743904696184e-07,7e-07,2.412013622360324e-07,2.998841511206165e-07,2.907337363949935e-05,0.8353708676995313,10,highpass
1.2929743904696184e-07,7e-07,2.412013622360324e-07,2.998841511206165e-07,2.710553185325386e-05,0.9194429456244488,10,highpass
1.2929743904696184e-07,7e-07,2.412013622360324e-07,2.998841511206165e-07,2.7907278517969466e-05,1.0057583026640313,10,highpass
1.2929743904696184e-07,7e-07,2.412013622360324e-07,2.998841511206165e-07,2.7907278517969466e-05,1.0057583026640313,10,highpass
1.2929743904696184e-07,7e-07,2.412013622360324e-07,2.998841511206165e-07,2.907337363949935e-05,0.8353708676995313,10,highpass
1.2929743904696184e-07,7e-07,2.412013622360324e-07,2.998841511206165e-07,2.907337363949935e-05,0.8353708676995313,10,highpass
1.2929743904696184e-07,7e-07,2.412013622360324e-07,2.998841511206165e-07,2.907337363949935e-05,0.8353708676995313,10,highpass
1.2929743904696184e-07,7e-07,2.412013622360324e-07,2.998841511206165e-07,2.7907278517969466e-05,1.0057583026640313,10,highpass
1.2929743904696184e-07,7e-07,2.412013622360324e-07,2.998841511206165e-07,2.7907278517969466e-05,1.0057583026640313,10,highpass
1.2929743904696184e-07,7e-07,2.412013622360324e-07,2.977508155201666e-07,2.907337363949935e-05,0.9413175054390032,10,highpass
1.2929743904696184e-07,7e-07,2.412013622360324e-07,2.998841511206165e-07,2.907337363949935e-05,0.8353708676995313,10,highpass
1.2929743904696184e-07,7e-07,2.412013622360324e-07,2.9766733751024965e-07,2.7907278517969466e-05,0.9378633861208293,10,highpass
1.2929743904696184e-07,7e-07,2.412013622360324e-07,2.998841511206165e-07,2.7907278517969466e-05,1.0057583026640313,10,highpass
1.262981435054883e-07,7e-07,2.412013622360324e-07,2.998841511206165e-07,2.710553185325386e-05,0.7819159591567203,10,highpass
1.2929743904696184e-07,7e-07,2.412013622360324e-07,2.998841511206165e-07,2.907337363949935e-05,0.8353708676995313,10,highpass
1.2929743904696184e-07,7e-07,2.412013622360324e-07,2.998841511206165e-07,2.907337363949935e-05,0.8353708676995313,10,highpass
1.2929743904696184e-07,7e-07,2.412013622360324e-07,2.998841511206165e-07,2.907337363949935e-05,0.8353708676995313,10,highpass
1.2929743904696184e-07,7e-07,2.412013622360324e-07,2.998841511206165e-07,2.907337363949935e-05,0.8353708676995313,10,highpass
1.2929743904696184e-07,7e-07,2.412013622360324e-07,2.998841511206165e-07,2.907337363949935e-05,0.8353708676995313,10,highpass
1.2929743904696184e-07,7e-07,2.412013622360324e-07,2.998841511206165e-07,2.762919732929347e-05,0.9579031556634889,10,highpass
1.2929743904696184e-07,7e-07,2.412013622360324e-07,2.998841511206165e-07,2.710553185325386e-05,0.9194429456244488,10,highpass
1.2929743904696184e-07,7e-07,2.412013622360324e-07,2.974940512218727e-07,2.7907278517969466e-05,0.9172846476304362,10,highpass
1.2664443991744474e-07,7e-07,2.412013622360324e-07,2.998841511206165e-07,2.907337363949935e-05,0.7693702912421306,10,highpass
1.2929743904696184e-07,5.573236788966261e-07,2.412013622360324e-07,2.998841511206165e-07,2.762919732929347e-05,0.1185784105091916,10,highpass
1.2929743904696184e-07,7e-07,2.412013622360324e-07,2.998841511206165e-07,2.7907278517969466e-05,1.0057583026640313,10,highpass
1.2929743904696184e-07,7e-07,2.392032812431596e-07,2.998841511206165e-07,2.7907278517969466e-05,0.4921999056124035,10,highpass
1.2929743904696184e-07,7e-07,2.412013622360324e-07,2.998841511206165e-07,2.7907278517969466e-05,1.0057583026640313,10,highpass
1.2929743904696184e-07,7e-07,2.412013622360324e-07,2.998841511206165e-07,2.907337363949935e-05,0.8353708676995313,10,highpass
1.2929743904696184e-07,7e-07,2.412013622360324e-07,2.998841511206165e-07,2.907337363949935e-05,0.8353708676995313,10,highpass
1.2929743904696184e-07,7e-07,2.412013622360324e-07,2.998841511206165e-07,2.762919732929347e-05,0.9579031556634889,10,highpass
1.2929743904696184e-07,7e-07,2.412013622360324e-07,2.998841511206165e-07,2.907337363949935e-05,0.8353708676995313,10,highpass
1.2929743904696184e-07,7e-07,2.412013622360324e-07,2.998841511206165e-07,2.7907278517969466e-05,1.0057583026640313,11,highpass
1.2929743904696184e-07,7e-07,2.412013622360324e-07,2.998841511206165e-07,2.7907278517969466e-05,1.0057583026640313,11,highpass
1.2929743904696184e-07,7e-07,2.412013622360324e-07,2.998841511206165e-07,2.7907278517969466e-05,1.0057583026640313,11,highpass
1.2929743904696184e-07,7e-07,2.412013622360324e-07,2.998841511206165e-07,2.7907278517969466e-05,1.0057583026640313,11,highpass
1.2929743904696184e-07,7e-07,2.412013622360324e-07,2.998841511206165e-07,2.7907278517969466e-05,1.0057583026640313,11,highpass
1.2929743904696184e-07,7e-07,2.412013622360324e-07,2.998841511206165e-07,2.762919732929347e-05,0.9579031556634889,11,highpass
1.2929743904696184e-07,7e-07,2.412013622360324e-07,2.998841511206165e-07,2.7907278517969466e-05,1.0057583026640313,11,highpass
1.2929743904696184e-07,7e-07,2.412013622360324e-07,2.998841511206165e-07,2.7907278517969466e-05,1.0057583026640313,11,highpass
1.2929743904696184e-07,7e-07,2.3733494538762974e-07,2.998841511206165e-07,2.7907278517969466e-05,0.34636406984302315,11,highpass
1.2929743904696184e-07,7e-07,2.412013622360324e-07,2.998841511206165e-07,2.907337363949935e-05,0.8353708676995313,11,highpass
1.2929743904696184e-07,7e-07,2.412013622360324e-07,2.992169723717732e-07,2.7907278517969466e-05,1.03783210586705,11,highpass
1.2929743904696184e-07,7e-07,2.412013622360324e-07,2.998841511206165e-07,2.710553185325386e-05,0.9194429456244488,11,highpass
1.2929743904696184e-07,7e-07,2.412013622360324e-07,2.998841511206165e-07,2.907337363949935e-05,0.8353708676995313,11,highpass
1.2929743904696184e-07,7e-07,2.412013622360324e-07,2.998841511206165e-07,2.7907278517969466e-05,1.0057583026640313,11,highpass
1.2929743904696184e-07,7e-07,2.412013622360324e-07,2.998841511206165e-07,2.7907278517969466e-05,1.0057583026640313,11,highpass
1.2929743904696184e-07,7e-07,2.412013622360324e-07,2.9766733751024965e-07,2.7907278517969466e-05,0.9378633861208293,11,highpass
1.2929743904696184e-07,7e-07,2.412013622360324e-07,2.998841511206165e-07,2.7907278517969466e-05,1.0057583026640313,11,highpass
1.2560256678737166e-07,7e-07,2.412013622360324e-07,2.998841511206165e-07,2.7907278517969466e-05,0.7206336848627991,11,highpass
1.2929743904696184e-07,7e-07,2.412013622360324e-07,2.998841511206165e-07,2.7907278517969466e-05,1.0057583026640313,11,highpass
1.2929743904696184e-07,7e-07,2.412013622360324e-07,2.998841511206165e-07,2.7907278517969466e-05,1.0057583026640313,11,highpass
1.2929743904696184e-07,7e-07,2.412013622360324e-07,2.998841511206165e-07,2.7907278517969466e-05,1.0057583026640313,11,highpass
1.2929743904696184e-07,7e-07,2.412013622360324e-07,2.998841511206165e-07,2.7907278517969466e-05,1.0057583026640313,11,highpass
1.2929743904696184e-07,7e-07,2.412013622360324e-07,2.998841511206165e-07,2.7907278517969466e-05,1.0057583026640313,11,highpass
1.2929743904696184e-07,7e-07,2.412013622360324e-07,2.998841511206165e-07,2.7907278517969466e-05,1.0057583026640313,11,highpass
1.2929743904696184e-07,7e-07,2.412013622360324e-07,2.998841511206165e-07,2.7907278517969466e-05,1.0057583026640313,11,highpass
1.2929743904696184e-07,7e-07,2.412013622360324e-07,2.998841511206165e-07,2.7907278517969466e-05,1.0057583026640313,11,highpass
1.2929743904696184e-07,7e-07,2.412013622360324e-07,2.998841511206165e-07,2.7907278517969466e-05,1.0057583026640313,11,highpass
1.2929743904696184e-07,7e-07,2.412013622360324e-07,2.998841511206165e-07,2.7907278517969466e-05,1.0057583026640313,11,highpass
1.2929743904696184e-07,7e-07,2.412013622360324e-07,2.998841511206165e-07,2.907337363949935e-05,0.8353708676995313,11,highpass
1.2929743904696184e-07,7e-07,2.412013622360324e-07,2.998841511206165e-07,2.907337363949935e-05,0.8353708676995313,11,highpass
1.2929743904696184e-07,7e-07,2.412013622360324e-07,2.998841511206165e-07,2.7907278517969466e-05,1.0057583026640313,11,highpass
1.2929743904696184e-07,7e-07,2.412013622360324e-07,2.998841511206165e-07,2.7907278517969466e-05,1.0057583026640313,11,highpass
1.2929743904696184e-07,7e-07,2.412013622360324e-07,2.998841511206165e-07,2.7907278517969466e-05,1.0057583026640313,11,highpass
1.2929743904696184e-07,7e-07,2.412013622360324e-07,2.998841511206165e-07,2.7907278517969466e-05,1.0057583026640313,11,highpass
1.2929743904696184e-07,7e-07,2.412013622360324e-07,2.998841511206165e-07,2.7907278517969466e-05,1.0057583026640313,11,highpass
1.2929743904696184e-07,7e-07,2.412013622360324e-07,2.998841511206165e-07,2.7907278517969466e-05,1.0057583026640313,11,highpass
1.2929743904696184e-07,7e-07,2.412013622360324e-07,2.998841511206165e-07,2.7907278517969466e-05,1.0057583026640313,11,highpass
1.2929743904696184e-07,7e-07,2.412013622360324e-07,2.998841511206165e-07,2.7907278517969466e-05,1.0057583026640313,11,highpass
1.2929743904696184e-07,7e-07,2.412013622360324e-07,2.998841511206165e-07,2.907337363949935e-05,0.8353708676995313,11,highpass
1.2929743904696184e-07,7e-07,2.412013622360324e-07,2.998841511206165e-07,2.7907278517969466e-05,1.0057583026640313,11,highpass
1.2929743904696184e-07,7e-07,2.412013622360324e-07,2.998841511206165e-07,4.550772590136306e-05,0.3103920984305878,11,highpass
1.2929743904696184e-07,7e-07,2.412013622360324e-07,2.998841511206165e-07,2.7907278517969466e-05,1.0057583026640313,11,highpass
1.2929743904696184e-07,7e-07,2.412013622360324e-07,2.998841511206165e-07,2.7907278517969466e-05,1.0057583026640313,11,highpass
1.2929743904696184e-07,7e-07,2.412013622360324e-07,2.998841511206165e-07,2.710553185325386e-05,0.9194429456244488,11,highpass
1.2929743904696184e-07,7e-07,2.412013622360324e-07,2.9766733751024965e-07,2.7907278517969466e-05,0.9378633861208293,11,highpass
1.2929743904696184e-07,7e-07,2.412013622360324e-07,2.998841511206165e-07,2.7907278517969466e-05,1.0057583026640313,11,highpass
1.2929743904696184e-07,7e-07,2.412013622360324e-07,2.998841511206165e-07,2.7907278517969466e-05,1.0057583026640313,11,highpass
1.2929743904696184e-07,7e-07,2.412013622360324e-07,2.998841511206165e-07,2.762919732929347e-05,0.9579031556634889,11,highpass
1.2929743904696184e-07,7e-07,2.412013622360324e-07,2.998841511206165e-07,2.7907278517969466e-05,1.0057583026640313,11,highpass
1.2929743904696184e-07,7e-07,2.412013622360324e-07,2.998841511206165e-07,2.7907278517969466e-05,1.0057583026640313,11,highpass
1.2929743904696184e-07,7e-07,2.412013622360324e-07,2.992169723717732e-07,2.7907278517969466e-05,1.03783210586705,12,highpass
1.2929743904696184e-07,7e-07,2.412013622360324e-07,2.998841511206165e-07,2.7907278517969466e-05,1.0057583026640313,12,highpass
1.2929743904696184e-07,7e-07,2.412013622360324e-07,2.998841511206165e-07,2.7907278517969466e-05,1.0057583026640313,12,highpass
1.2929743904696184e-07,7e-07,2.412013622360324e-07,2.547145706753729e-07,2.7907278517969466e-05,0.300002100268423,12,highpass
1.2929743904696184e-07,7e-07,2.412013622360324e-07,2.998841511206165e-07,2.7907278517969466e-05,1.0057583026640313,12,highpass
1.2929743904696184e-07,7e-07,2.412013622360324e-07,2.654441073553569e-07,2.7907278517969466e-05,0.3001803871380876,12,highpass
1.2929743904696184e-07,7e-07,2.412013622360324e-07,2.998841511206165e-07,2.7907278517969466e-05,1.0057583026640313,12,highpass
1.2929743904696184e-07,7e-07,2.412013622360324e-07,2.998841511206165e-07,2.7907278517969466e-05,1.0057583026640313,12,highpass
1.2439047575599834e-07,7e-07,2.412013622360324e-07,2.998841511206165e-07,2.7907278517969466e-05,0.6977798147549059,12,highpass
1.2929743904696184e-07,7e-07,2.412013622360324e-07,2.998841511206165e-07,2.7907278517969466e-05,1.0057583026640313,12,highpass
1.2929743904696184e-07,7e-07,2.412013622360324e-07,2.998841511206165e-07,2.7907278517969466e-05,1.0057583026640313,12,highpass
1.2929743904696184e-07,7e-07,2.412013622360324e-07,2.998841511206165e-07,2.7907278517969466e-05,1.0057583026640313,12,highpass
1.2929743904696184e-07,7e-07,2.412013622360324e-07,2.998841511206165e-07,2.7907278517969466e-05,1.0057583026640313,12,highpass
1.2929743904696184e-07,7e-07,2.412013622360324e-07,2.998841511206165e-07,2.7907278517969466e-05,1.0057583026640313,12,highpass
1.2929743904696184e-07,7e-07,2.412013622360324e-07,2.992169723717732e-07,2.7907278517969466e-05,1.03783210586705,12,highpass
1.2929743904696184e-07,7e-07,2.412013622360324e-07,2.998841511206165e-07,2.7907278517969466e-05,1.0057583026640313,12,highpass
1.1548796557071492e-07,7e-07,2.412013622360324e-07,2.998841511206165e-07,2.7907278517969466e-05,0.6064299619253117,12,highpass
1.2929743904696184e-07,7e-07,2.412013622360324e-07,2.998841511206165e-07,2.7907278517969466e-05,1.0057583026640313,12,highpass
1.2929743904696184e-07,7e-07,2.412013622360324e-07,2.998841511206165e-07,2.7907278517969466e-05,1.0057583026640313,12,highpass
1.2929743904696184e-07,7e-07,2.412013622360324e-07,2.998841511206165e-07,2.7907278517969466e-05,1.0057583026640313,12,highpass
1.2929743904696184e-07,7e-07,2.412013622360324e-07,2.992169723717732e-07,2.7907278517969466e-05,1.03783210586705,12,highpass
1.2929743904696184e-07,7e-07,2.412013622360324e-07,2.998841511206165e-07,2.7907278517969466e-05,1.0057583026640313,12,highpass
1.2929743904696184e-07,7e-07,2.412013622360324e-07,2.992169723717732e-07,2.7907278517969466e-05,1.03783210586705,12,highpass
1.2929743904696184e-07,7e-07,2.412013622360324e-07,2.998841511206165e-07,2.7907278517969466e-05,1.0057583026640313,12,highpass
1.2929743904696184e-07,7e-07,2.412013622360324e-07,2.998841511206165e-07,2.7907278517969466e-05,1.0057583026640313,12,highpass
1.2929743904696184e-07,7e-07,2.412013622360324e-07,2.998841511206165e-07,2.7907278517969466e-05,1.0057583026640313,12,highpass
1.2929743904696184e-07,7e-07,2.412013622360324e-07,2.998841511206165e-07,2.7907278517969466e-05,1.0057583026640313,12,highpass
1.2929743904696184e-07,7e-07,2.412013622360324e-07,2.998841511206165e-07,2.7907278517969466e-05,1.0057583026640313,12,highpass
1.2929743904696184e-07,7e-07,2.412013622360324e-07,2.998841511206165e-07,2.7907278517969466e-05,1.0057583026640313,12,highpass
1.2929743904696184e-07,7e-07,2.412013622360324e-07,2.992169723717732e-07,2.7907278517969466e-05,1.03783210586705,12,highpass
1.2929743904696184e-07,7e-07,2.412013622360324e-07,2.998841511206165e-07,2.7907278517969466e-05,1.0057583026640313,12,highpass
1.2929743904696184e-07,7e-07,2.412013622360324e-07,2.998841511206165e-07,2.7907278517969466e-05,1.0057583026640313,12,highpass
1.2929743904696184e-07,7e-07,2.412013622360324e-07,2.998841511206165e-07,2.7907278517969466e-05,1.0057583026640313,12,highpass
1.2929743904696184e-07,7e-07,2.412013622360324e-07,2.998841511206165e-07,2.7907278517969466e-05,1.0057583026640313,12,highpass
1.2929743904696184e-07,7e-07,2.412013622360324e-07,2.998841511206165e-07,2.7907278517969466e-05,1.0057583026640313,12,highpass
1.2929743904696184e-07,7e-07,2.412013622360324e-07,2.998841511206165e-07,2.7907278517969466e-05,1.0057583026640313,12,highpass
1.2929743904696184e-07,7e-07,2.412013622360324e-07,2.998841511206165e-07,2.7907278517969466e-05,1.0057583026640313,12,highpass
1.2929743904696184e-07,7e-07,2.412013622360324e-07,2.998841511206165e-07,2.7907278517969466e-05,1.0057583026640313,12,highpass
1.2929743904696184e-07,7e-07,2.412013622360324e-07,2.992169723717732e-07,2.7907278517969466e-05,1.03783210586705,12,highpass
1.2929743904696184e-07,7e-07,2.412013622360324e-07,1.6681003441042525e-07,2.7907278517969466e-05,0.03334072638400227,12,highpass
1.2929743904696184e-07,7e-07,2.412013622360324e-07,2.998841511206165e-07,2.7907278517969466e-05,1.0057583026640313,12,highpass
1.2929743904696184e-07,7e-07,2.412013622360324e-07,2.998841511206165e-07,2.7907278517969466e-05,1.0057583026640313,12,highpass
1.2929743904696184e-07,7e-07,2.412013622360324e-07,2.998841511206165e-07,2.7907278517969466e-05,1.0057583026640313,12,highpass
1.2929743904696184e-07,7e-07,2.412013622360324e-07,2.998841511206165e-07,2.7907278517969466e-05,1.0057583026640313,12,highpass
1.2929743904696184e-07,7e-07,2.412013622360324e-07,2.998841511206165e-07,2.7907278517969466e-05,1.0057583026640313,12,highpass
1.2929743904696184e-07,7e-07,2.412013622360324e-07,2.998841511206165e-07,2.7907278517969466e-05,1.0057583026640313,12,highpass
1.2929743904696184e-07,7e-07,2.412013622360324e-07,2.998841511206165e-07,2.7907278517969466e-05,1.0057583026640313,12,highpass
1.2929743904696184e-07,7e-07,2.412013622360324e-07,2.998841511206165e-07,2.7907278517969466e-05,1.0057583026640313,12,highpass
1.2929743904696184e-07,7e-07,2.412013622360324e-07,2.998841511206165e-07,2.7907278517969466e-05,1.0057583026640313,12,highpass
1.2929743904696184e-07,7e-07,2.412013622360324e-07,2.998841511206165e-07,2.7907278517969466e-05,1.0057583026640313,12,highpass
1.2929743904696184e-07,7e-07,2.412013622360324e-07,2.992169723717732e-07,2.7907278517969466e-05,1.03783210586705,13,highpass
1.3127995963367017e-07,7e-07,2.412013622360324e-07,2.998841511206165e-07,2.7907278517969466e-05,0.9294526057855039,13,highpass
1.2929743904696184e-07,7e-07,1.4556581765499953e-07,2.992169723717732e-07,2.7907278517969466e-05,0.053056258052122066,13,highpass
1.2929743904696184e-07,5.178438024009034e-07,2.412013622360324e-07,2.992169723717732e-07,2.7907278517969466e-05,-0.03521069110897411,13,highpass
1.2929743904696184e-07,7e-07,2.412013622360324e-07,2.998841511206165e-07,2.7907278517969466e-05,1.0057583026640313,13,highpass
1.2929743904696184e-07,7e-07,2.412013622360324e-07,2.992169723717732e-07,2.7907278517969466e-05,1.03783210586705,13,highpass
1.2929743904696184e-07,7e-07,2.415933719625173e-07,2.992169723717732e-07,2.7907278517969466e-05,0.7054719242435364,13,highpass
1.2929743904696184e-07,7e-07,2.412013622360324e-07,2.998841511206165e-07,2.7907278517969466e-05,1.0057583026640313,13,highpass
1.2929743904696184e-07,7e-07,2.412013622360324e-07,2.992169723717732e-07,2.7907278517969466e-05,1.03783210586705,13,highpass
1.2929743904696184e-07,7e-07,2.412013622360324e-07,2.992169723717732e-07,2.7907278517969466e-05,1.03783210586705,13,highpass
1.2929743904696184e-07,7e-07,2.412013622360324e-07,2.992169723717732e-07,2.7907278517969466e-05,1.03783210586705,13,highpass
1.2929743904696184e-07,7e-07,2.412013622360324e-07,2.992169723717732e-07,2.7907278517969466e-05,1.03783210586705,13,highpass
1.2929743904696184e-07,7e-07,2.412013622360324e-07,2.992169723717732e-07,2.7907278517969466e-05,1.03783210586705,13,highpass
1.2929743904696184e-07,7e-07,2.412013622360324e-07,2.992169723717732e-07,2.7907278517969466e-05,1.03783210586705,13,highpass
1.2929743904696184e-07,7e-07,2.412013622360324e-07,2.992169723717732e-07,2.7907278517969466e-05,1.03783210586705,13,highpass
1.2929743904696184e-07,7e-07,2.412013622360324e-07,2.998841511206165e-07,2.7907278517969466e-05,1.0057583026640313,13,highpass
1.2929743904696184e-07,7e-07,2.412013622360324e-07,2.992169723717732e-07,1.4721321661485144e-05,0.9296419807889352,13,highpass
1.2929743904696184e-07,7e-07,2.412013622360324e-07,2.998841511206165e-07,2.7907278517969466e-05,1.0057583026640313,13,highpass
1.2929743904696184e-07,7e-07,2.412013622360324e-07,2.998841511206165e-07,2.7907278517969466e-05,1.0057583026640313,13,highpass
1.2929743904696184e-07,7e-07,1.805707912107459e-07,2.998841511206165e-07,2.7907278517969466e-05,-0.20046075695776064,13,highpass
1.2929743904696184e-07,7e-07,2.412013622360324e-07,2.998841511206165e-07,2.7907278517969466e-05,1.0057583026640313,13,highpass
1.2929743904696184e-07,7e-07,2.412013622360324e-07,2.992169723717732e-07,2.7907278517969466e-05,1.03783210586705,13,highpass
1.2929743904696184e-07,7e-07,2.412013622360324e-07,2.998841511206165e-07,2.8038688971581587e-05,0.9882993898407084,13,highpass
1.2929743904696184e-07,7e-07,2.412013622360324e-07,2.998841511206165e-07,2.7907278517969466e-05,1.0057583026640313,13,highpass
1.2929743904696184e-07,7e-07,2.412013622360324e-07,2.998841511206165e-07,2.7907278517969466e-05,1.0057583026640313,13,highpass
1.2929743904696184e-07,7e-07,2.412013622360324e-07,2.998841511206165e-07,2.7907278517969466e-05,1.0057583026640313,13,highpass
1.2929743904696184e-07,7e-07,2.4274215359737966e-07,2.992169723717732e-07,2.7907278517969466e-05,0.7335597527038289,13,highpass
1.2929743904696184e-07,7e-07,2.412013622360324e-07,2.998841511206165e-07,2.7907278517969466e-05,1.0057583026640313,13,highpass
1.2929743904696184e-07,7e-07,2.412013622360324e-07,2.992169723717732e-07,2.7907278517969466e-05,1.03783210586705,13,highpass
1.2929743904696184e-07,7e-07,2.412013622360324e-07,2.992169723717732e-07,2.7907278517969466e-05,1.03783210586705,13,highpass
1.2929743904696184e-07,7e-07,2.412013622360324e-07,2.998841511206165e-07,2.7907278517969466e-05,1.0057583026640313,13,highpass
1.2929743904696184e-07,7e-07,2.412013622360324e-07,2.998841511206165e-07,2.7907278517969466e-05,1.0057583026640313,13,highpass
1.2929743904696184e-07,7e-07,2.412013622360324e-07,2.992169723717732e-07,2.7907278517969466e-05,1.03783210586705,13,highpass
1.2929743904696184e-07,7e-07,2.412013622360324e-07,2.998841511206165e-07,2.7907278517969466e-05,1.0057583026640313,13,highpass
1.2929743904696184e-07,7e-07,2.412013622360324e-07,2.998841511206165e-07,2.7907278517969466e-05,1.0057583026640313,13,highpass
1.2929743904696184e-07,7e-07,2.412013622360324e-07,2.998841511206165e-07,2.7907278517969466e-05,1.0057583026640313,13,highpass
1.2929743904696184e-07,7e-07,2.412013622360324e-07,2.998841511206165e-07,2.7907278517969466e-05,1.0057583026640313,13,highpass
1.2929743904696184e-07,7e-07,2.412013622360324e-07,2.998841511206165e-07,2.7907278517969466e-05,1.0057583026640313,13,highpass
1.25940995999922e-07,7e-07,2.412013622360324e-07,2.992169723717732e-07,2.7907278517969466e-05,0.6983603063029029,13,highpass
1.2929743904696184e-07,7e-07,2.412013622360324e-07,2.998841511206165e-07,2.7907278517969466e-05,1.0057583026640313,13,highpass
1.2929743904696184e-07,7e-07,2.412013622360324e-07,2.992169723717732e-07,2.7907278517969466e-05,1.03783210586705,13,highpass
1.2929743904696184e-07,7e-07,2.412013622360324e-07,2.998841511206165e-07,2.7907278517969466e-05,1.0057583026640313,13,highpass
1.2929743904696184e-07,7e-07,2.412013622360324e-07,2.998841511206165e-07,2.7907278517969466e-05,1.0057583026640313,13,highpass
1.2929743904696184e-07,7e-07,2.412013622360324e-07,2.998841511206165e-07,2.7907278517969466e-05,1.0057583026640313,13,highpass
1.2929743904696184e-07,7e-07,2.412013622360324e-07,2.998841511206165e-07,2.7907278517969466e-05,1.0057583026640313,13,highpass
1.2929743904696184e-07,7e-07,2.412013622360324e-07,2.998841511206165e-07,2.7907278517969466e-05,1.0057583026640313,13,highpass
1.2929743904696184e-07,7e-07,2.412013622360324e-07,2.998841511206165e-07,2.7907278517969466e-05,1.0057583026640313,13,highpass
1.2929743904696184e-07,7e-07,2.412013622360324e-07,2.998841511206165e-07,2.7907278517969466e-05,1.0057583026640313,13,highpass
1.2929743904696184e-07,7e-07,2.412013622360324e-07,2.992169723717732e-07,2.7907278517969466e-05,1.03783210586705,13,highpass
1.2929743904696184e-07,7e-07,2.412013622360324e-07,2.992169723717732e-07,2.7907278517969466e-05,1.03783210586705,13,highpass
1.2929743904696184e-07,7e-07,2.412013622360324e-07,2.992169723717732e-07,2.7907278517969466e-05,1.03783210586705,14,highpass
1.2929743904696184e-07,7e-07,2.412013622360324e-07,2.992169723717732e-07,2.7907278517969466e-05,1.03783210586705,14,highpass
1.2929743904696184e-07,7e-07,2.412013622360324e-07,2.998841511206165e-07,2.7907278517969466e-05,1.0057583026640313,14,highpass
1.2929743904696184e-07,7e-07,2.412013622360324e-07,2.992169723717732e-07,2.7907278517969466e-05,1.03783210586705,14,highpass
1.2929743904696184e-07,7e-07,2.412013622360324e-07,2.992169723717732e-07,2.7907278517969466e-05,1.03783210586705,14,highpass
1.2929743904696184e-07,7e-07,2.412013622360324e-07,2.992169723717732e-07,2.7907278517969466e-05,1.03783210586705,14,highpass
1.2929743904696184e-07,7e-07,2.412013622360324e-07,2.992169723717732e-07,2.7907278517969466e-05,1.03783210586705,14,highpass
1.2929743904696184e-07,7e-07,2.412013622360324e-07,2.992169723717732e-07,2.7907278517969466e-05,1.03783210586705,14,highpass
1.2929743904696184e-07,7e-07,2.412013622360324e-07,2.992169723717732e-07,2.7907278517969466e-05,1.03783210586705,14,highpass
1.2929743904696184e-07,7e-07,2.412013622360324e-07,2.998841511206165e-07,2.7907278517969466e-05,1.0057583026640313,14,highpass
1.2929743904696184e-07,7e-07,2.412013622360324e-07,2.992169723717732e-07,2.7907278517969466e-05,1.03783210586705,14,highpass
1.2929743904696184e-07,7e-07,2.412013622360324e-07,2.992169723717732e-07,2.7907278517969466e-05,1.03783210586705,14,highpass
1.2929743904696184e-07,6.941234298454727e-07,2.412013622360324e-07,2.992169723717732e-07,2.7907278517969466e-05,0.8772474058445716,14,highpass
1.2929743904696184e-07,7e-07,2.412013622360324e-07,1.6401061470105383e-07,2.7907278517969466e-05,0.041717443932971,14,highpass
1.2929743904696184e-07,7e-07,2.412013622360324e-07,2.992169723717732e-07,2.7907278517969466e-05,1.03783210586705,14,highpass
1.2929743904696184e-07,7e-07,2.412013622360324e-07,2.992169723717732e-07,2.7907278517969466e-05,1.03783210586705,14,highpass
1.2929743904696184e-07,7e-07,2.412013622360324e-07,2.998841511206165e-07,2.7907278517969466e-05,1.0057583026640313,14,highpass
1.2929743904696184e-07,7e-07,2.412013622360324e-07,2.992169723717732e-07,2.7907278517969466e-05,1.03783210586705,14,highpass
1.2929743904696184e-07,7e-07,2.412013622360324e-07,2.992169723717732e-07,2.7907278517969466e-05,1.03783210586705,14,highpass
1.2929743904696184e-07,7e-07,2.459663248652373e-07,2.992169723717732e-07,2.7907278517969466e-05,0.2145005576235706,14,highpass
1.2929743904696184e-07,7e-07,2.412013622360324e-07,2.992169723717732e-07,2.7907278517969466e-05,1.03783210586705,14,highpass
1.2929743904696184e-07,7e-07,2.412013622360324e-07,2.992169723717732e-07,2.7907278517969466e-05,1.03783210586705,14,highpass
1.2929743904696184e-07,7e-07,2.412013622360324e-07,2.992169723717732e-07,2.7907278517969466e-05,1.03783210586705,14,highpass
1.2929743904696184e-07,7e-07,2.412013622360324e-07,2.992169723717732e-07,2.7907278517969466e-05,1.03783210586705,14,highpass
1.2929743904696184e-07,7e-07,2.412013622360324e-07,2.992169723717732e-07,2.7907278517969466e-05,1.03783210586705,14,highpass
1.2929743904696184e-07,7e-07,2.412013622360324e-07,2.992169723717732e-07,2.7907278517969466e-05,1.03783210586705,14,highpass
1.2929743904696184e-07,4.896133502625188e-07,2.412013622360324e-07,2.992169723717732e-07,2.7907278517969466e-05,-0.013132408206076307,14,highpass
1.2929743904696184e-07,7e-07,2.412013622360324e-07,2.992169723717732e-07,2.7907278517969466e-05,1.03783210586705,14,highpass
1.2929743904696184e-07,7e-07,2.412013622360324e-07,2.992169723717732e-07,2.7907278517969466e-05,1.03783210586705,14,highpass
1.2929743904696184e-07,7e-07,2.412013622360324e-07,2.992169723717732e-07,2.7907278517969466e-05,1.03783210586705,14,highpass
1.2929743904696184e-07,7e-07,2.412013622360324e-07,2.992169723717732e-07,2.7907278517969466e-05,1.03783210586705,14,highpass
1.2929743904696184e-07,7e-07,2.412013622360324e-07,2.992169723717732e-07,2.7907278517969466e-05,1.03783210586705,14,highpass
1.2929743904696184e-07,7e-07,2.412013622360324e-07,2.992169723717732e-07,2.7907278517969466e-05,1.03783210586705,14,highpass
1.2929743904696184e-07,7e-07,2.412013622360324e-07,2.992169723717732e-07,2.7907278517969466e-05,1.03783210586705,14,highpass
1.2929743904696184e-07,7e-07,2.412013622360324e-07,2.992169723717732e-07,2.7907278517969466e-05,1.03783210586705,14,highpass
1.2929743904696184e-07,7e-07,2.412013622360324e-07,2.992169723717732e-07,2.7907278517969466e-05,1.03783210586705,14,highpass
1.2929743904696184e-07,7e-07,2.412013622360324e-07,2.992169723717732e-07,2.7907278517969466e-05,1.03783210586705,14,highpass
1.2929743904696184e-07,7e-07,2.412013622360324e-07,2.992169723717732e-07,2.7907278517969466e-05,1.03783210586705,14,highpass
1.2929743904696184e-07,7e-07,2.412013622360324e-07,2.998841511206165e-07,2.7907278517969466e-05,1.0057583026640313,14,highpass
1.2929743904696184e-07,7e-07,2.412013622360324e-07,2.992169723717732e-07,2.7907278517969466e-05,1.03783210586705,14,highpass
1.2929743904696184e-07,7e-07,2.412013622360324e-07,2.992169723717732e-07,2.7907278517969466e-05,1.03783210586705,14,highpass
1.2929743904696184e-07,7e-07,2.412013622360324e-07,2.992169723717732e-07,2.7907278517969466e-05,1.03783210586705,14,highpass
1.2929743904696184e-07,7e-07,2.412013622360324e-07,2.992169723717732e-07,2.7907278517969466e-05,1.03783210586705,14,highpass
1.2929743904696184e-07,7e-07,2.412013622360324e-07,2.998841511206165e-07,2.7907278517969466e-05,1.0057583026640313,14,highpass
1.2929743904696184e-07,7e-07,2.412013622360324e-07,2.998841511206165e-07,2.7907278517969466e-05,1.0057583026640313,14,highpass
1.2929743904696184e-07,7e-07,2.412013622360324e-07,2.992169723717732e-07,2.7907278517969466e-05,1.03783210586705,14,highpass
1.2929743904696184e-07,7e-07,2.412013622360324e-07,2.992169723717732e-07,2.7907278517969466e-05,1.03783210586705,14,highpass
1.2929743904696184e-07,7e-07,2.412013622360324e-07,2.992169723717732e-07,2.7907278517969466e-05,1.03783210586705,14,highpass
1.2929743904696184e-07,7e-07,2.412013622360324e-07,1.6495117928817863e-07,2.7907278517969466e-05,0.04045603810468788,14,highpass
1.2929743904696184e-07,7e-07,2.412013622360324e-07,2.992169723717732e-07,2.7907278517969466e-05,1.03783210586705,14,highpass
1.2929743904696184e-07,7e-07,2.412013622360324e-07,2.992169723717732e-07,2.7907278517969466e-05,1.03783210586705,15,highpass
1.2929743904696184e-07,7e-07,2.412013622360324e-07,2.992169723717732e-07,2.7907278517969466e-05,1.03783210586705,15,highpass
1.2929743904696184e-07,7e-07,2.412013622360324e-07,1.784033090683933e-07,2.7907278517969466e-05,0.016139574534678947,15,highpass
1.2929743904696184e-07,7e-07,2.412013622360324e-07,2.992169723717732e-07,2.7907278517969466e-05,1.03783210586705,15,highpass
1.2929743904696184e-07,7e-07,2.412013622360324e-07,2.983694646405787e-07,2.7907278517969466e-05,1.0078791422274593,15,highpass
1.2929743904696184e-07,7e-07,2.2877092963517686e-07,2.992169723717732e-07,2.7907278517969466e-05,0.3001443971814042,15,highpass
1.2929743904696184e-07,7e-07,2.412013622360324e-07,2.992169723717732e-07,2.7907278517969466e-05,1.03783210586705,15,highpass
1.2929743904696184e-07,7e-07,2.412013622360324e-07,2.992169723717732e-07,2.7907278517969466e-05,1.03783210586705,15,highpass
1.2929743904696184e-07,7e-07,2.412013622360324e-07,2.992169723717732e-07,2.7907278517969466e-05,1.03783210586705,15,highpass
1.2929743904696184e-07,7e-07,1.7566409264329484e-07,2.992169723717732e-07,2.7907278517969466e-05,-0.14912141664929823,15,highpass
1.2929743904696184e-07,7e-07,2.412013622360324e-07,2.992169723717732e-07,2.7907278517969466e-05,1.03783210586705,15,highpass
1.2929743904696184e-07,6.541234731052761e-07,2.412013622360324e-07,2.992169723717732e-07,2.7907278517969466e-05,0.4865936831165662,15,highpass
2.206684961691836e-07,7e-07,2.412013622360324e-07,2.992169723717732e-07,2.7907278517969466e-05,0.1266877550672785,15,highpass
1.2929743904696184e-07,7e-07,2.412013622360324e-07,2.992169723717732e-07,2.7907278517969466e-05,1.03783210586705,15,highpass
1.2929743904696184e-07,7e-07,2.412013622360324e-07,2.992169723717732e-07,2.7907278517969466e-05,1.03783210586705,15,highpass
1.2929743904696184e-07,7e-07,2.412013622360324e-07,2.992169723717732e-07,2.7907278517969466e-05,1.03783210586705,15,highpass
1.2929743904696184e-07,7e-07,2.412013622360324e-07,2.992169723717732e-07,2.7907278517969466e-05,1.03783210586705,15,highpass
1.2929743904696184e-07,7e-07,2.412013622360324e-07,2.926395878331669e-07,2.7907278517969466e-05,0.6948922488862004,15,highpass
1.2929743904696184e-07,7e-07,2.412013622360324e-07,2.992169723717732e-07,2.7907278517969466e-05,1.03783210586705,15,highpass
1.2929743904696184e-07,7e-07,2.412013622360324e-07,2.992169723717732e-07,2.7907278517969466e-05,1.03783210586705,15,highpass
1.2929743904696184e-07,7e-07,2.412013622360324e-07,2.992169723717732e-07,2.7907278517969466e-05,1.03783210586705,15,highpass
1.2929743904696184e-07,7e-07,2.412013622360324e-07,2.992169723717732e-07,2.7907278517969466e-05,1.03783210586705,15,highpass
2.408731900125984e-07,7e-07,2.412013622360324e-07,2.992169723717732e-07,2.7907278517969466e-05,0.1911272071547087,15,highpass
1.2929743904696184e-07,7e-07,2.412013622360324e-07,2.992169723717732e-07,2.7907278517969466e-05,1.03783210586705,15,highpass
1.2929743904696184e-07,7e-07,2.412013622360324e-07,2.992169723717732e-07,2.7907278517969466e-05,1.03783210586705,15,highpass
1.2929743904696184e-07,7e-07,2.412013622360324e-07,2.992169723717732e-07,2.7907278517969466e-05,1.03783210586705,15,highpass
1.2929743904696184e-07,7e-07,2.412013622360324e-07,2.992169723717732e-07,2.7907278517969466e-05,1.03783210586705,15,highpass
1.2929743904696184e-07,7e-07,2.412013622360324e-07,2.9627213952697474e-07,2.7907278517969466e-05,0.7981678718867866,15,highpass
1.2929743904696184e-07,7e-07,2.412013622360324e-07,2.992169723717732e-07,2.7907278517969466e-05,1.03783210586705,15,highpass
1.2929743904696184e-07,7e-07,2.412013622360324e-07,2.992169723717732e-07,2.7907278517969466e-05,1.03783210586705,15,highpass
1.2929743904696184e-07,3.5453550827043815e-07,2.412013622360324e-07,2.992169723717732e-07,2.7907278517969466e-05,0.16964837730567747,15,highpass
1.2929743904696184e-07,7e-07,2.412013622360324e-07,2.992169723717732e-07,2.7907278517969466e-05,1.03783210586705,15,highpass
1.2929743904696184e-07,7e-07,2.412013622360324e-07,2.992169723717732e-07,2.7907278517969466e-05,1.03783210586705,15,highpass
1.2929743904696184e-07,7e-07,2.412013622360324e-07,2.992169723717732e-07,2.879262760518405e-05,0.887131600218202,15,highpass
1.2929743904696184e-07,7e-07,2.412013622360324e-07,2.992169723717732e-07,2.7907278517969466e-05,1.03783210586705,15,highpass
1.2929743904696184e-07,7e-07,2.412013622360324e-07,2.9748229067728223e-07,2.7907278517969466e-05,0.9172827783744053,15,highpass
1.2929743904696184e-07,7e-07,2.412013622360324e-07,2.992169723717732e-07,2.7907278517969466e-05,1.03783210586705,15,highpass
1.2929743904696184e-07,7e-07,2.412013622360324e-07,2.992169723717732e-07,2.7907278517969466e-05,1.03783210586705,15,highpass
1.2929743904696184e-07,7e-07,2.412013622360324e-07,2.992169723717732e-07,2.7907278517969466e-05,1.03783210586705,15,highpass
1.2929743904696184e-07,7e-07,2.412013622360324e-07,2.992169723717732e-07,2.7907278517969466e-05,1.03783210586705,15,highpass
1.2929743904696184e-07,7e-07,2.412013622360324e-07,2.992169723717732e-07,2.7907278517969466e-05,1.03783210586705,15,highpass
1.2929743904696184e-07,7e-07,2.412013622360324e-07,2.992169723717732e-07,2.7907278517969466e-05,1.03783210586705,15,highpass
1.2929743904696184e-07,7e-07,2.412013622360324e-07,2.992169723717732e-07,2.8656865505442636e-05,0.991052838671929,15,highpass
1.2929743904696184e-07,7e-07,2.412013622360324e-07,2.992169723717732e-07,2.7907278517969466e-05,1.03783210586705,15,highpass
1.2929743904696184e-07,7e-07,2.412013622360324e-07,2.992169723717732e-07,2.7907278517969466e-05,1.03783210586705,15,highpass
1.2929743904696184e-07,7e-07,2.412013622360324e-07,2.992169723717732e-07,2.7907278517969466e-05,1.03783210586705,15,highpass
1.2929743904696184e-07,7e-07,2.412013622360324e-07,2.992169723717732e-07,2.7907278517969466e-05,1.03783210586705,15,highpass
1.2929743904696184e-07,7e-07,2.412013622360324e-07,2.992169723717732e-07,2.7907278517969466e-05,1.03783210586705,15,highpass
1.2929743904696184e-07,4.885435188436617e-07,2.412013622360324e-07,2.992169723717732e-07,2.7907278517969466e-05,-0.01129650436054952,15,highpass
1.2929743904696184e-07,7e-07,2.412013622360324e-07,2.992169723717732e-07,2.7907278517969466e-05,1.03783210586705,15,highpass
1.2929743904696184e-07,7e-07,2.412013622360324e-07,2.992169723717732e-07,2.7907278517969466e-05,1.03783210586705,16,highpass
1.2929743904696184e-07,7e-07,2.412013622360324e-07,2.992169723717732e-07,2.7907278517969466e-05,1.03783210586705,16,highpass
1.2929743904696184e-07,7e-07,2.412013622360324e-07,2.992169723717732e-07,2.7907278517969466e-05,1.03783210586705,16,highpass
1.2929743904696184e-07,7e-07,2.412013622360324e-07,2.992169723717732e-07,2.7907278517969466e-05,1.03783210586705,16,highpass
1.2929743904696184e-07,7e-07,2.412013622360324e-07,2.992169723717732e-07,2.7907278517969466e-05,1.03783210586705,16,highpass
1.2929743904696184e-07,7e-07,2.412013622360324e-07,2.992169723717732e-07,2.7907278517969466e-05,1.03783210586705,16,highpass
1.2929743904696184e-07,6.070946365543997e-07,2.412013622360324e-07,2.992169723717732e-07,2.7907278517969466e-05,0.37833510593511893,16,highpass
1.2929743904696184e-07,7e-07,2.412013622360324e-07,2.992169723717732e-07,2.7907278517969466e-05,1.03783210586705,16,highpass
1.2929743904696184e-07,7e-07,2.412013622360324e-07,2.992169723717732e-07,2.7907278517969466e-05,1.03783210586705,16,highpass
1.2929743904696184e-07,7e-07,2.412013622360324e-07,2.992169723717732e-07,2.7907278517969466e-05,1.03783210586705,16,highpass
1.2929743904696184e-07,7e-07,2.412013622360324e-07,2.992169723717732e-07,2.9362352733697304e-05,0.7892947720215345,16,highpass
1.2929743904696184e-07,7e-07,2.412013622360324e-07,2.992169723717732e-07,2.7907278517969466e-05,1.03783210586705,16,highpass
1.2929743904696184e-07,7e-07,2.412013622360324e-07,2.992169723717732e-07,2.7907278517969466e-05,1.03783210586705,16,highpass
1.2929743904696184e-07,7e-07,2.412013622360324e-07,2.992169723717732e-07,2.7907278517969466e-05,1.03783210586705,16,highpass
1.2929743904696184e-07,7e-07,2.412013622360324e-07,2.9842100015518424e-07,2.7907278517969466e-05,0.9817387053828661,16,highpass
1.2929743904696184e-07,7e-07,2.412013622360324e-07,2.992169723717732e-07,2.7907278517969466e-05,1.03783210586705,16,highpass
1.2929743904696184e-07,7e-07,2.412013622360324e-07,2.992169723717732e-07,3.241774073633703e-05,0.8605619491113664,16,highpass
1.2929743904696184e-07,7e-07,2.412013622360324e-07,2.992169723717732e-07,2.7907278517969466e-05,1.03783210586705,16,highpass
1.2929743904696184e-07,7e-07,2.412013622360324e-07,2.992169723717732e-07,2.7907278517969466e-05,1.03783210586705,16,highpass
1.2929743904696184e-07,7e-07,2.412013622360324e-07,2.992169723717732e-07,2.7907278517969466e-05,1.03783210586705,16,highpass
1.2929743904696184e-07,7e-07,2.412013622360324e-07,2.992169723717732e-07,2.7907278517969466e-05,1.03783210586705,16,highpass
1.2929743904696184e-07,3.0704644013867765e-07,2.412013622360324e-07,2.992169723717732e-07,2.7907278517969466e-05,0.21127855255737754,16,highpass
1.2929743904696184e-07,7e-07,2.412013622360324e-07,2.992169723717732e-07,2.7907278517969466e-05,1.03783210586705,16,highpass
1.2929743904696184e-07,7e-07,2.412013622360324e-07,2.992169723717732e-07,2.811198202582739e-05,1.065616666003391,16,highpass
1.2929743904696184e-07,7e-07,2.412013622360324e-07,2.992169723717732e-07,2.7907278517969466e-05,1.03783210586705,16,highpass
1.2929743904696184e-07,7e-07,2.412013622360324e-07,2.992169723717732e-07,2.7907278517969466e-05,1.03783210586705,16,highpass
1.2929743904696184e-07,7e-07,2.412013622360324e-07,2.992169723717732e-07,2.7907278517969466e-05,1.03783210586705,16,highpass
1.2929743904696184e-07,7e-07,2.412013622360324e-07,2.992169723717732e-07,2.7907278517969466e-05,1.03783210586705,16,highpass
1.2929743904696184e-07,7e-07,2.412013622360324e-07,2.992169723717732e-07,2.936226493027299e-05,0.7892947720215345,16,highpass
1.2929743904696184e-07,7e-07,2.412013622360324e-07,2.992169723717732e-07,2.7907278517969466e-05,1.03783210586705,16,highpass
1.2929743904696184e-07,7e-07,2.412013622360324e-07,2.992169723717732e-07,2.7907278517969466e-05,1.03783210586705,16,highpass
1.2929743904696184e-07,7e-07,2.412013622360324e-07,2.992169723717732e-07,2.7907278517969466e-05,1.03783210586705,16,highpass
1.2929743904696184e-07,7e-07,2.451353193506035e-07,2.992169723717732e-07,2.7907278517969466e-05,0.49815957513269143,16,highpass
1.2929743904696184e-07,7e-07,2.412013622360324e-07,2.992169723717732e-07,2.7907278517969466e-05,1.03783210586705,16,highpass
1.2929743904696184e-07,7e-07,2.412013622360324e-07,2.992169723717732e-07,2.7907278517969466e-05,1.03783210586705,16,highpass
1.2929743904696184e-07,7e-07,2.412013622360324e-07,2.992169723717732e-07,2.7907278517969466e-05,1.03783210586705,16,highpass
1.2929743904696184e-07,7e-07,2.412013622360324e-07,2.992169723717732e-07,2.9265656686627953e-05,0.7892796857553084,16,highpass
1.2929743904696184e-07,7e-07,2.412013622360324e-07,2.992169723717732e-07,2.7907278517969466e-05,1.03783210586705,16,highpass
1.2929743904696184e-07,7e-07,2.412013622360324e-07,2.992169723717732e-07,2.7907278517969466e-05,1.03783210586705,16,highpass
1.2929743904696184e-07,7e-07,2.412013622360324e-07,2.992169723717732e-07,2.9503569158057132e-05,0.789437995002023,16,highpass
1.2929743904696184e-07,7e-07,2.412013622360324e-07,2.992169723717732e-07,2.7907278517969466e-05,1.03783210586705,16,highpass
1.2929743904696184e-07,7e-07,2.412013622360324e-07,2.992169723717732e-07,2.7907278517969466e-05,1.03783210586705,16,highpass
1.2929743904696184e-07,7e-07,2.412013622360324e-07,2.992169723717732e-07,3.834388861735971e-05,0.391774982090486,16,highpass
1.2929743904696184e-07,7e-07,2.412013622360324e-07,2.992169723717732e-07,2.7907278517969466e-05,1.03783210586705,16,highpass
1.2929743904696184e-07,7e-07,2.412013622360324e-07,2.9806566689752826e-07,2.7907278517969466e-05,0.9817387053828661,16,highpass
1.2929743904696184e-07,7e-07,2.412013622360324e-07,2.992169723717732e-07,2.7907278517969466e-05,1.03783210586705,16,highpass
1.2929743904696184e-07,7e-07,2.412013622360324e-07,2.992169723717732e-07,2.7907278517969466e-05,1.03783210586705,16,highpass
1.2929743904696184e-07,7e-07,2.412013622360324e-07,2.992169723717732e-07,2.7907278517969466e-05,1.03783210586705,16,highpass
1.2929743904696184e-07,7e-07,2.412013622360324e-07,2.992169723717732e-07,1.931383628628825e-05,0.5806984363643334,16,highpass
1.2929743904696184e-07,7e-07,2.412013622360324e-07,2.992169723717732e-07,2.7907278517969466e-05,1.03783210586705,16,highpass
1.2929743904696184e-07,7e-07,2.412013622360324e-07,2.992169723717732e-07,2.811198202582739e-05,1.065616666003391,17,highpass
1.2929743904696184e-07,7e-07,2.412013622360324e-07,2.992169723717732e-07,2.7907278517969466e-05,1.03783210586705,17,highpass
1.2929743904696184e-07,7e-07,2.412013622360324e-07,2.992169723717732e-07,2.7907278517969466e-05,1.03783210586705,17,highpass
1.2929743904696184e-07,7e-07,2.412013622360324e-07,2.992169723717732e-07,2.7907278517969466e-05,1.03783210586705,17,highpass
1.2929743904696184e-07,7e-07,2.412013622360324e-07,2.992169723717732e-07,2.7907278517969466e-05,1.03783210586705,17,highpass
1.2929743904696184e-07,7e-07,2.412013622360324e-07,2.992169723717732e-07,2.811198202582739e-05,1.065616666003391,17,highpass
1.2929743904696184e-07,7e-07,2.412013622360324e-07,2.992169723717732e-07,2.7907278517969466e-05,1.03783210586705,17,highpass
1.2929743904696184e-07,7e-07,2.412013622360324e-07,2.992169723717732e-07,2.7907278517969466e-05,1.03783210586705,17,highpass
1.2929743904696184e-07,7e-07,2.412013622360324e-07,2.992169723717732e-07,2.7907278517969466e-05,1.03783210586705,17,highpass
1.2929743904696184e-07,7e-07,2.412013622360324e-07,2.992169723717732e-07,2.7907278517969466e-05,1.03783210586705,17,highpass
1.2929743904696184e-07,7e-07,2.412013622360324e-07,2.992169723717732e-07,2.7907278517969466e-05,1.03783210586705,17,highpass
1.2929743904696184e-07,7e-07,2.412013622360324e-07,2.992169723717732e-07,2.7907278517969466e-05,1.03783210586705,17,highpass
1.2929743904696184e-07,7e-07,2.412013622360324e-07,2.992169723717732e-07,2.7907278517969466e-05,1.03783210586705,17,highpass
1.2929743904696184e-07,7e-07,2.412013622360324e-07,2.992169723717732e-07,2.7907278517969466e-05,1.03783210586705,17,highpass
1.2929743904696184e-07,7e-07,2.412013622360324e-07,2.992169723717732e-07,2.7907278517969466e-05,1.03783210586705,17,highpass
1.2929743904696184e-07,7e-07,2.412013622360324e-07,2.992169723717732e-07,2.7907278517969466e-05,1.03783210586705,17,highpass
1.2929743904696184e-07,7e-07,2.412013622360324e-07,2.992169723717732e-07,1.3877202542742167e-05,0.7215873688129997,17,highpass
1.2929743904696184e-07,7e-07,2.412013622360324e-07,2.992169723717732e-07,2.7907278517969466e-05,1.03783210586705,17,highpass
1.2929743904696184e-07,7e-07,2.412013622360324e-07,2.992169723717732e-07,2.7907278517969466e-05,1.03783210586705,17,highpass
1.2929743904696184e-07,7e-07,2.412013622360324e-07,2.992169723717732e-07,2.7907278517969466e-05,1.03783210586705,17,highpass
1.2929743904696184e-07,7e-07,2.412013622360324e-07,2.992169723717732e-07,2.7907278517969466e-05,1.03783210586705,17,highpass
1.9122496005544062e-07,7e-07,2.412013622360324e-07,2.992169723717732e-07,2.7907278517969466e-05,0.1996309172772013,17,highpass
1.2929743904696184e-07,7e-07,2.412013622360324e-07,2.992169723717732e-07,2.7907278517969466e-05,1.03783210586705,17,highpass
1.2929743904696184e-07,7e-07,2.412013622360324e-07,2.992169723717732e-07,2.7907278517969466e-05,1.03783210586705,17,highpass
1.2929743904696184e-07,7e-07,2.412013622360324e-07,2.992169723717732e-07,2.7907278517969466e-05,1.03783210586705,17,highpass
1.2929743904696184e-07,7e-07,2.412013622360324e-07,2.992169723717732e-07,2.7907278517969466e-05,1.03783210586705,17,highpass
1.2929743904696184e-07,7e-07,2.412013622360324e-07,2.992169723717732e-07,2.7907278517969466e-05,1.03783210586705,17,highpass
1.2929743904696184e-07,7e-07,2.412013622360324e-07,2.992169723717732e-07,2.7907278517969466e-05,1.03783210586705,17,highpass
1.2929743904696184e-07,7e-07,2.412013622360324e-07,2.992169723717732e-07,2.7907278517969466e-05,1.03783210586705,17,highpass
1.2929743904696184e-07,7e-07,2.412013622360324e-07,2.992169723717732e-07,2.7907278517969466e-05,1.03783210586705,17,highpass
1.2929743904696184e-07,7e-07,2.412013622360324e-07,2.992169723717732e-07,2.7907278517969466e-05,1.03783210586705,17,highpass
1.2929743904696184e-07,7e-07,2.412013622360324e-07,2.935961379929498e-07,2.7907278517969466e-05,0.6963330528219747,17,highpass
1.2929743904696184e-07,7e-07,2.412013622360324e-07,2.992169723717732e-07,2.7907278517969466e-05,1.03783210586705,17,highpass
1.2929743904696184e-07,7e-07,2.412013622360324e-07,2.992169723717732e-07,2.7907278517969466e-05,1.03783210586705,17,highpass
1.2929743904696184e-07,7e-07,2.412013622360324e-07,2.992169723717732e-07,2.7907278517969466e-05,1.03783210586705,17,highpass
1.2929743904696184e-07,7e-07,2.412013622360324e-07,2.992169723717732e-07,2.7907278517969466e-05,1.03783210586705,17,highpass
1.2929743904696184e-07,7e-07,2.412013622360324e-07,2.992169723717732e-07,2.7907278517969466e-05,1.03783210586705,17,highpass
1.2929743904696184e-07,7e-07,2.412013622360324e-07,2.992169723717732e-07,2.7907278517969466e-05,1.03783210586705,17,highpass
1.2929743904696184e-07,7e-07,2.412013622360324e-07,2.992169723717732e-07,2.811198202582739e-05,1.065616666003391,17,highpass
1.2929743904696184e-07,7e-07,2.412013622360324e-07,2.992169723717732e-07,2.7907278517969466e-05,1.03783210586705,17,highpass
1.2929743904696184e-07,7e-07,2.412013622360324e-07,2.992169723717732e-07,2.7907278517969466e-05,1.03783210586705,17,highpass
1.2929743904696184e-07,7e-07,2.412013622360324e-07,2.992169723717732e-07,2.7907278517969466e-05,1.03783210586705,17,highpass
1.2929743904696184e-07,7e-07,2.412013622360324e-07,2.992169723717732e-07,2.7907278517969466e-05,1.03783210586705,17,highpass
1.2929743904696184e-07,7e-07,2.412013622360324e-07,2.992169723717732e-07,2.7907278517969466e-05,1.03783210586705,17,highpass
1.2929743904696184e-07,7e-07,2.412013622360324e-07,2.992169723717732e-07,2.7907278517969466e-05,1.03783210586705,17,highpass
1.2929743904696184e-07,4.2701293591273625e-07,2.412013622360324e-07,2.992169723717732e-07,2.7907278517969466e-05,0.07460259179625085,17,highpass
1.2929743904696184e-07,7e-07,2.412013622360324e-07,2.992169723717732e-07,2.7907278517969466e-05,1.03783210586705,17,highpass
1.2929743904696184e-07,7e-07,2.412013622360324e-07,2.992169723717732e-07,2.7907278517969466e-05,1.03783210586705,17,highpass
1.2929743904696184e-07,7e-07,2.412013622360324e-07,2.992169723717732e-07,2.7907278517969466e-05,1.03783210586705,17,highpass
1.2929743904696184e-07,7e-07,2.412013622360324e-07,2.992169723717732e-07,2.7907278517969466e-05,1.03783210586705,17,highpass
1.2929743904696184e-07,7e-07,2.412013622360324e-07,2.992169723717732e-07,2.811198202582739e-05,1.065616666003391,18,highpass
1.2929743904696184e-07,7e-07,2.412013622360324e-07,2.992169723717732e-07,2.7907278517969466e-05,1.03783210586705,18,highpass
1.2929743904696184e-07,7e-07,2.412013622360324e-07,2.992169723717732e-07,2.7907278517969466e-05,1.03783210586705,18,highpass
1.2929743904696184e-07,7e-07,2.412013622360324e-07,2.992169723717732e-07,2.7907278517969466e-05,1.03783210586705,18,highpass
1.2929743904696184e-07,7e-07,2.412013622360324e-07,2.992169723717732e-07,2.7907278517969466e-05,1.03783210586705,18,highpass
1.2929743904696184e-07,7e-07,2.412013622360324e-07,2.992169723717732e-07,2.7907278517969466e-05,1.03783210586705,18,highpass
1.2929743904696184e-07,7e-07,2.412013622360324e-07,2.992169723717732e-07,2.7907278517969466e-05,1.03783210586705,18,highpass
1.2929743904696184e-07,7e-07,2.412013622360324e-07,2.992169723717732e-07,2.7907278517969466e-05,1.03783210586705,18,highpass
1.2929743904696184e-07,7e-07,2.412013622360324e-07,2.992169723717732e-07,2.7907278517969466e-05,1.03783210586705,18,highpass
1.2929743904696184e-07,7e-07,2.412013622360324e-07,2.992169723717732e-07,2.7907278517969466e-05,1.03783210586705,18,highpass
1.2929743904696184e-07,7e-07,2.412013622360324e-07,2.992169723717732e-07,2.811198202582739e-05,1.065616666003391,18,highpass
1.2929743904696184e-07,7e-07,2.412013622360324e-07,2.992169723717732e-07,2.7907278517969466e-05,1.03783210586705,18,highpass
1.2929743904696184e-07,7e-07,2.412013622360324e-07,2.992169723717732e-07,2.7907278517969466e-05,1.03783210586705,18,highpass
1.2929743904696184e-07,7e-07,2.412013622360324e-07,2.992169723717732e-07,2.811198202582739e-05,1.065616666003391,18,highpass
1.2929743904696184e-07,3.060709911237623e-07,2.412013622360324e-07,2.992169723717732e-07,2.811198202582739e-05,0.21095872147970451,18,highpass
1.2929743904696184e-07,7e-07,2.412013622360324e-07,2.992169723717732e-07,2.7907278517969466e-05,1.03783210586705,18,highpass
1.2929743904696184e-07,6.953696521070882e-07,2.412013622360324e-07,2.992169723717732e-07,2.7907278517969466e-05,0.9178918701026282,18,highpass
1.2929743904696184e-07,7e-07,2.412013622360324e-07,2.992169723717732e-07,2.7907278517969466e-05,1.03783210586705,18,highpass
1.2929743904696184e-07,7e-07,2.412013622360324e-07,2.992169723717732e-07,2.7907278517969466e-05,1.03783210586705,18,highpass
1.2929743904696184e-07,7e-07,2.412013622360324e-07,2.992169723717732e-07,2.7907278517969466e-05,1.03783210586705,18,highpass
1.2951832742402345e-07,7e-07,2.412013622360324e-07,2.992169723717732e-07,2.7907278517969466e-05,0.6414651573419514,18,highpass
1.2929743904696184e-07,7e-07,2.412013622360324e-07,2.992169723717732e-07,2.7907278517969466e-05,1.03783210586705,18,highpass
1.2929743904696184e-07,7e-07,2.412013622360324e-07,2.992169723717732e-07,2.7907278517969466e-05,1.03783210586705,18,highpass
1.2929743904696184e-07,7e-07,2.412013622360324e-07,2.992169723717732e-07,2.7907278517969466e-05,1.03783210586705,18,highpass
1.2929743904696184e-07,7e-07,2.412013622360324e-07,2.992169723717732e-07,2.7907278517969466e-05,1.03783210586705,18,highpass
1.2929743904696184e-07,7e-07,2.412013622360324e-07,2.992169723717732e-07,2.7907278517969466e-05,1.03783210586705,18,highpass
1.2929743904696184e-07,7e-07,2.412013622360324e-07,2.992169723717732e-07,2.811198202582739e-05,1.065616666003391,18,highpass
1.2929743904696184e-07,7e-07,2.412013622360324e-07,2.992169723717732e-07,2.7907278517969466e-05,1.03783210586705,18,highpass
1.2929743904696184e-07,7e-07,2.412013622360324e-07,2.992169723717732e-07,2.7907278517969466e-05,1.03783210586705,18,highpass
1.2929743904696184e-07,7e-07,2.412013622360324e-07,2.992169723717732e-07,2.7907278517969466e-05,1.03783210586705,18,highpass
1.2929743904696184e-07,7e-07,2.412013622360324e-07,2.992169723717732e-07,2.7907278517969466e-05,1.03783210586705,18,highpass
1.2929743904696184e-07,7e-07,2.412013622360324e-07,2.992169723717732e-07,2.7907278517969466e-05,1.03783210586705,18,highpass
1.2929743904696184e-07,7e-07,2.412013622360324e-07,2.992169723717732e-07,2.7907278517969466e-05,1.03783210586705,18,highpass
1.2929743904696184e-07,7e-07,2.412013622360324e-07,2.992169723717732e-07,2.7907278517969466e-05,1.03783210586705,18,highpass
1.2929743904696184e-07,7e-07,2.412013622360324e-07,2.992169723717732e-07,2.7907278517969466e-05,1.03783210586705,18,highpass
1.2929743904696184e-07,7e-07,2.412013622360324e-07,2.4294926453171516e-07,2.7907278517969466e-05,0.299366137669128,18,highpass
1.2929743904696184e-07,7e-07,2.412013622360324e-07,2.992169723717732e-07,2.811198202582739e-05,1.065616666003391,18,highpass
1.2929743904696184e-07,7e-07,2.412013622360324e-07,2.992169723717732e-07,2.7907278517969466e-05,1.03783210586705,18,highpass
1.2929743904696184e-07,7e-07,2.412013622360324e-07,2.992169723717732e-07,2.7907278517969466e-05,1.03783210586705,18,highpass
1.2929743904696184e-07,7e-07,1.1073257144981697e-07,2.992169723717732e-07,2.7907278517969466e-05,0.089119665193924,18,highpass
1.2929743904696184e-07,7e-07,2.412013622360324e-07,2.992169723717732e-07,2.7907278517969466e-05,1.03783210586705,18,highpass
1.2929743904696184e-07,7e-07,2.412013622360324e-07,2.992169723717732e-07,2.7907278517969466e-05,1.03783210586705,18,highpass
1.2929743904696184e-07,7e-07,2.412013622360324e-07,2.992169723717732e-07,2.811198202582739e-05,1.065616666003391,18,highpass
1.2929743904696184e-07,7e-07,2.412013622360324e-07,2.992169723717732e-07,2.811198202582739e-05,1.065616666003391,18,highpass
1.2929743904696184e-07,7e-07,2.412013622360324e-07,2.992169723717732e-07,2.7907278517969466e-05,1.03783210586705,18,highpass
1.2929743904696184e-07,7e-07,2.412013622360324e-07,2.992169723717732e-07,2.7907278517969466e-05,1.03783210586705,18,highpass
1.2929743904696184e-07,7e-07,2.412013622360324e-07,2.992169723717732e-07,2.7907278517969466e-05,1.03783210586705,18,highpass
1.2896836372292408e-07,7e-07,2.412013622360324e-07,2.992169723717732e-07,2.7907278517969466e-05,1.03783210586705,18,highpass
1.2929743904696184e-07,7e-07,2.412013622360324e-07,2.992169723717732e-07,2.7907278517969466e-05,1.03783210586705,18,highpass
1.2929743904696184e-07,7e-07,2.412013622360324e-07,2.992169723717732e-07,2.7907278517969466e-05,1.03783210586705,18,highpass
1.2929743904696184e-07,7e-07,2.412013622360324e-07,2.992169723717732e-07,2.811198202582739e-05,1.065616666003391,19,highpass
1.2929743904696184e-07,7e-07,2.412013622360324e-07,2.992169723717732e-07,2.7907278517969466e-05,1.03783210586705,19,highpass
1.2929743904696184e-07,3.1352630416186584e-07,2.412013622360324e-07,2.992169723717732e-07,2.7907278517969466e-05,0.201697405208718,19,highpass
1.2929743904696184e-07,6.930867402519836e-07,2.412013622360324e-07,2.992169723717732e-07,2.811198202582739e-05,0.8980113258941147,19,highpass
1.2929743904696184e-07,7e-07,2.412013622360324e-07,2.992169723717732e-07,2.7907278517969466e-05,1.03783210586705,19,highpass
1.2929743904696184e-07,4.206755259974526e-07,2.412013622360324e-07,2.992169723717732e-07,2.811198202582739e-05,0.07763965154797348,19,highpass
1.29879241250509e-07,7e-07,2.412013622360324e-07,2.992169723717732e-07,2.7907278517969466e-05,0.6428108001736627,19,highpass
1.2929743904696184e-07,7e-07,2.412013622360324e-07,2.992169723717732e-07,2.7907278517969466e-05,1.03783210586705,19,highpass
1.2929743904696184e-07,3.7597613375781037e-07,2.412013622360324e-07,2.992169723717732e-07,2.7907278517969466e-05,0.1461906750130694,19,highpass
1.2929743904696184e-07,7e-07,2.412013622360324e-07,2.992169723717732e-07,2.9567247461704807e-05,0.7111048615643087,19,highpass
1.2929743904696184e-07,7e-07,2.412013622360324e-07,2.9836350327502226e-07,2.7907278517969466e-05,0.9537154339349478,19,highpass
1.2929743904696184e-07,7e-07,2.412013622360324e-07,2.992169723717732e-07,2.7907278517969466e-05,1.03783210586705,19,highpass
1.2929743904696184e-07,6.850287371705716e-07,2.412013622360324e-07,2.992169723717732e-07,2.7907278517969466e-05,0.6873041478230202,19,highpass
1.2929743904696184e-07,7e-07,2.412013622360324e-07,2.992169723717732e-07,2.811198202582739e-05,1.065616666003391,19,highpass
1.2929743904696184e-07,7e-07,2.412013622360324e-07,2.992169723717732e-07,2.811198202582739e-05,1.065616666003391,19,highpass
1.2929743904696184e-07,7e-07,2.412013622360324e-07,2.992169723717732e-07,2.7907278517969466e-05,1.03783210586705,19,highpass
1.2929743904696184e-07,7e-07,2.412013622360324e-07,2.992169723717732e-07,2.811198202582739e-05,1.065616666003391,19,highpass
1.2929743904696184e-07,7e-07,2.412013622360324e-07,2.992169723717732e-07,2.811198202582739e-05,1.065616666003391,19,highpass
1.2929743904696184e-07,7e-07,2.412013622360324e-07,2.992169723717732e-07,2.7907278517969466e-05,1.03783210586705,19,highpass
1.2929743904696184e-07,7e-07,2.412013622360324e-07,2.992169723717732e-07,2.811198202582739e-05,1.065616666003391,19,highpass
1.2929743904696184e-07,7e-07,2.412013622360324e-07,2.992169723717732e-07,2.811198202582739e-05,1.065616666003391,19,highpass
1.2929743904696184e-07,7e-07,2.412013622360324e-07,2.992169723717732e-07,2.7907278517969466e-05,1.03783210586705,19,highpass
1.2929743904696184e-07,7e-07,2.412013622360324e-07,2.992169723717732e-07,2.811198202582739e-05,1.065616666003391,19,highpass
1.2929743904696184e-07,7e-07,2.412013622360324e-07,2.992169723717732e-07,2.811198202582739e-05,1.065616666003391,19,highpass
1.2929743904696184e-07,7e-07,2.412013622360324e-07,2.992169723717732e-07,2.811198202582739e-05,1.065616666003391,19,highpass
1.2929743904696184e-07,7e-07,2.412013622360324e-07,2.992169723717732e-07,2.7907278517969466e-05,1.03783210586705,19,highpass
1.2929743904696184e-07,7e-07,2.412013622360324e-07,2.992169723717732e-07,2.7907278517969466e-05,1.03783210586705,19,highpass
1.2929743904696184e-07,7e-07,2.412013622360324e-07,2.992169723717732e-07,2.811198202582739e-05,1.065616666003391,19,highpass
1.2929743904696184e-07,7e-07,2.412013622360324e-07,2.992169723717732e-07,2.7907278517969466e-05,1.03783210586705,19,highpass
1.2929743904696184e-07,7e-07,2.412013622360324e-07,2.992169723717732e-07,2.7907278517969466e-05,1.03783210586705,19,highpass
1.2929743904696184e-07,7e-07,2.412013622360324e-07,2.992169723717732e-07,2.7907278517969466e-05,1.03783210586705,19,highpass
1.2929743904696184e-07,7e-07,2.412013622360324e-07,2.992169723717732e-07,2.7907278517969466e-05,1.03783210586705,19,highpass
1.2929743904696184e-07,7e-07,2.412013622360324e-07,2.992169723717732e-07,2.811198202582739e-05,1.065616666003391,19,highpass
1.2929743904696184e-07,7e-07,2.412013622360324e-07,2.992169723717732e-07,2.7907278517969466e-05,1.03783210586705,19,highpass
1.2929743904696184e-07,7e-07,2.412013622360324e-07,2.992169723717732e-07,2.811198202582739e-05,1.065616666003391,19,highpass
1.2929743904696184e-07,7e-07,2.412013622360324e-07,2.992169723717732e-07,2.7907278517969466e-05,1.03783210586705,19,highpass
1.2929743904696184e-07,6.815267329944902e-07,2.412013622360324e-07,2.992169723717732e-07,2.7907278517969466e-05,0.6501197644196202,19,highpass
1.2929743904696184e-07,7e-07,2.412013622360324e-07,2.992169723717732e-07,2.811198202582739e-05,1.065616666003391,19,highpass
1.2929743904696184e-07,7e-07,2.412013622360324e-07,2.992169723717732e-07,2.811198202582739e-05,1.065616666003391,19,highpass
1.2929743904696184e-07,7e-07,2.412013622360324e-07,2.992169723717732e-07,2.811198202582739e-05,1.065616666003391,19,highpass
1.2929743904696184e-07,7e-07,2.412013622360324e-07,2.992169723717732e-07,2.7907278517969466e-05,1.03783210586705,19,highpass
1.2929743904696184e-07,7e-07,2.412013622360324e-07,2.992169723717732e-07,2.7907278517969466e-05,1.03783210586705,19,highpass
1.2929743904696184e-07,7e-07,2.412013622360324e-07,2.992169723717732e-07,2.7907278517969466e-05,1.03783210586705,19,highpass
1.2929743904696184e-07,7e-07,2.412013622360324e-07,2.992169723717732e-07,2.811198202582739e-05,1.065616666003391,19,highpass
1.2929743904696184e-07,7e-07,2.412013622360324e-07,2.992169723717732e-07,2.811198202582739e-05,1.065616666003391,19,highpass
1.2929743904696184e-07,7e-07,2.412013622360324e-07,2.992169723717732e-07,2.7907278517969466e-05,1.03783210586705,19,highpass
1.2929743904696184e-07,7e-07,2.412013622360324e-07,2.992169723717732e-07,2.811198202582739e-05,1.065616666003391,19,highpass
1.3368161975088734e-07,7e-07,2.412013622360324e-07,2.992169723717732e-07,2.7907278517969466e-05,0.8396197536627221,19,highpass
1.2422863645589923e-07,7e-07,2.412013622360324e-07,2.992169723717732e-07,2.7907278517969466e-05,0.6957905293933827,19,highpass
1.2929743904696184e-07,7e-07,2.412013622360324e-07,2.9780683729200027e-07,2.7907278517969466e-05,0.9537154339349478,19,highpass
1.2929743904696184e-07,7e-07,2.412013622360324e-07,2.992169723717732e-07,2.811198202582739e-05,1.065616666003391,20,highpass
1.2929743904696184e-07,7e-07,2.412013622360324e-07,2.992169723717732e-07,2.811198202582739e-05,1.065616666003391,20,highpass
1.2929743904696184e-07,7e-07,2.412013622360324e-07,2.992169723717732e-07,2.811198202582739e-05,1.065616666003391,20,highpass
1.2929743904696184e-07,7e-07,2.412013622360324e-07,2.992169723717732e-07,2.811198202582739e-05,1.065616666003391,20,highpass
1.2929743904696184e-07,7e-07,2.412013622360324e-07,2.992169723717732e-07,2.811198202582739e-05,1.065616666003391,20,highpass
1.2929743904696184e-07,7e-07,2.412013622360324e-07,2.992169723717732e-07,2.811198202582739e-05,1.065616666003391,20,highpass
1.2929743904696184e-07,7e-07,2.412013622360324e-07,2.992169723717732e-07,3.0175151527424026e-05,0.6526726421898801,20,highpass
1.2929743904696184e-07,7e-07,2.412013622360324e-07,2.992169723717732e-07,2.811198202582739e-05,1.065616666003391,20,highpass
1.2929743904696184e-07,7e-07,2.412013622360324e-07,2.992169723717732e-07,2.811198202582739e-05,1.065616666003391,20,highpass
1.2929743904696184e-07,7e-07,2.412013622360324e-07,2.992169723717732e-07,2.7907278517969466e-05,1.03783210586705,20,highpass
1.2929743904696184e-07,7e-07,2.412013622360324e-07,2.992169723717732e-07,2.811198202582739e-05,1.065616666003391,20,highpass
1.2929743904696184e-07,7e-07,2.412013622360324e-07,2.992169723717732e-07,2.7907278517969466e-05,1.03783210586705,20,highpass
1.1227708278970664e-07,7e-07,2.412013622360324e-07,2.992169723717732e-07,2.811198202582739e-05,0.5554432535920013,20,highpass
1.2929743904696184e-07,6.541869536204366e-07,2.412013622360324e-07,2.992169723717732e-07,2.811198202582739e-05,0.47381284811221835,20,highpass
1.2929743904696184e-07,7e-07,2.412013622360324e-07,2.992169723717732e-07,2.811198202582739e-05,1.065616666003391,20,highpass
1.2929743904696184e-07,7e-07,2.412013622360324e-07,2.992169723717732e-07,2.811198202582739e-05,1.065616666003391,20,highpass
1.2929743904696184e-07,7e-07,2.412013622360324e-07,2.992169723717732e-07,2.811198202582739e-05,1.065616666003391,20,highpass
1.2929743904696184e-07,6.934976234438993e-07,2.412013622360324e-07,2.992169723717732e-07,2.811198202582739e-05,0.9135863854194477,20,highpass
1.2929743904696184e-07,7e-07,2.412013622360324e-07,2.992169723717732e-07,2.811198202582739e-05,1.065616666003391,20,highpass
1.2929743904696184e-07,7e-07,2.412013622360324e-07,2.992169723717732e-07,2.811198202582739e-05,1.065616666003391,20,highpass
1.2929743904696184e-07,7e-07,2.412013622360324e-07,2.992169723717732e-07,2.811198202582739e-05,1.065616666003391,20,highpass
1.2929743904696184e-07,7e-07,2.412013622360324e-07,1.7364079783603546e-07,2.811198202582739e-05,0.005011237765033716,20,highpass
1.2929743904696184e-07,7e-07,2.412013622360324e-07,2.992169723717732e-07,2.811198202582739e-05,1.065616666003391,20,highpass
1.2929743904696184e-07,7e-07,2.412013622360324e-07,2.992169723717732e-07,2.811198202582739e-05,1.065616666003391,20,highpass
1.2929743904696184e-07,7e-07,2.412013622360324e-07,2.992169723717732e-07,2.811198202582739e-05,1.065616666003391,20,highpass
1.2929743904696184e-07,7e-07,2.412013622360324e-07,2.992169723717732e-07,2.811198202582739e-05,1.065616666003391,20,highpass
1.3272064074814813e-07,7e-07,2.412013622360324e-07,2.992169723717732e-07,2.811198202582739e-05,0.8121309899658855,20,highpass
1.2929743904696184e-07,7e-07,2.412013622360324e-07,2.992169723717732e-07,2.811198202582739e-05,1.065616666003391,20,highpass
1.2929743904696184e-07,3.9855249696634324e-07,2.412013622360324e-07,2.992169723717732e-07,2.811198202582739e-05,0.13118676229487974,20,highpass
1.2795150821402434e-07,7e-07,2.412013622360324e-07,2.992169723717732e-07,2.811198202582739e-05,0.8137890581261928,20,highpass
1.2929743904696184e-07,7e-07,2.412013622360324e-07,2.992169723717732e-07,2.811198202582739e-05,1.065616666003391,20,highpass
1.2929743904696184e-07,7e-07,1.503448924427063e-07,2.992169723717732e-07,2.811198202582739e-05,-0.08264907516040615,20,highpass
1.2929743904696184e-07,7e-07,2.412013622360324e-07,2.992169723717732e-07,2.811198202582739e-05,1.065616666003391,20,highpass
1.2929743904696184e-07,5.349119049192076e-07,2.412013622360324e-07,2.992169723717732e-07,2.811198202582739e-05,0.11018146388015244,20,highpass
1.2929743904696184e-07,7e-07,2.4820367903548244e-07,2.992169723717732e-07,2.811198202582739e-05,-0.3125945136593026,20,highpass
1.2929743904696184e-07,7e-07,2.412013622360324e-07,2.992169723717732e-07,2.811198202582739e-05,1.065616666003391,20,highpass
1.2929743904696184e-07,7e-07,2.412013622360324e-07,2.992169723717732e-07,2.811198202582739e-05,1.065616666003391,20,highpass
1.2929743904696184e-07,7e-07,2.412013622360324e-07,2.992169723717732e-07,2.811198202582739e-05,1.065616666003391,20,highpass
1.2929743904696184e-07,7e-07,2.412013622360324e-07,2.992169723717732e-07,2.811198202582739e-05,1.065616666003391,20,highpass
1.2929743904696184e-07,7e-07,2.412013622360324e-07,2.992169723717732e-07,2.7907278517969466e-05,1.03783210586705,20,highpass
1.2929743904696184e-07,7e-07,2.412013622360324e-07,2.992169723717732e-07,2.811198202582739e-05,1.065616666003391,20,highpass
1.2929743904696184e-07,7e-07,2.412013622360324e-07,2.992169723717732e-07,2.811198202582739e-05,1.065616666003391,20,highpass
1.2929743904696184e-07,7e-07,2.412013622360324e-07,2.992169723717732e-07,2.811198202582739e-05,1.065616666003391,20,highpass
1.2929743904696184e-07,7e-07,2.412013622360324e-07,2.992169723717732e-07,2.811198202582739e-05,1.065616666003391,20,highpass
1.2929743904696184e-07,7e-07,2.412013622360324e-07,2.992169723717732e-07,2.811198202582739e-05,1.065616666003391,20,highpass
1.2929743904696184e-07,7e-07,2.412013622360324e-07,2.992169723717732e-07,4.658291234843673e-05,0.3157531556186928,20,highpass
1.2929743904696184e-07,7e-07,2.412013622360324e-07,2.992169723717732e-07,2.811198202582739e-05,1.065616666003391,20,highpass
1.2929743904696184e-07,7e-07,2.412013622360324e-07,2.992169723717732e-07,2.7907278517969466e-05,1.03783210586705,20,highpass
1.2929743904696184e-07,7e-07,2.412013622360324e-07,2.992169723717732e-07,8.914858840117388e-06,0.7186089693209923,20,highpass
1.2929743904696184e-07,7e-07,2.412013622360324e-07,2.992169723717732e-07,2.811198202582739e-05,1.065616666003391,20,highpass
1.2929743904696184e-07,7e-07,2.412013622360324e-07,2.992169723717732e-07,2.811198202582739e-05,1.065616666003391,21,highpass
1.2929743904696184e-07,7e-07,2.412013622360324e-07,2.992169723717732e-07,2.811198202582739e-05,1.065616666003391,21,highpass
1.2929743904696184e-07,7e-07,2.412013622360324e-07,2.992169723717732e-07,2.811198202582739e-05,1.065616666003391,21,highpass
1.2929743904696184e-07,7e-07,2.412013622360324e-07,2.951873610330554e-07,2.811198202582739e-05,0.762961313128703,21,highpass
1.2929743904696184e-07,7e-07,2.412013622360324e-07,2.992169723717732e-07,2.811198202582739e-05,1.065616666003391,21,highpass
1.2929743904696184e-07,7e-07,2.412013622360324e-07,2.992169723717732e-07,2.811198202582739e-05,1.065616666003391,21,highpass
1.2929743904696184e-07,7e-07,2.412013622360324e-07,2.992169723717732e-07,2.7907278517969466e-05,1.03783210586705,21,highpass
1.2929743904696184e-07,7e-07,2.412013622360324e-07,2.992169723717732e-07,2.811198202582739e-05,1.065616666003391,21,highpass
1.2929743904696184e-07,7e-07,2.412013622360324e-07,3e-07,2.811198202582739e-05,0.9701304012763945,21,highpass
1.2929743904696184e-07,7e-07,2.412013622360324e-07,2.992169723717732e-07,2.811198202582739e-05,1.065616666003391,21,highpass
1.2929743904696184e-07,7e-07,2.412013622360324e-07,2.992169723717732e-07,2.811198202582739e-05,1.065616666003391,21,highpass
1.2929743904696184e-07,4.399757385809981e-07,2.412013622360324e-07,2.992169723717732e-07,2.811198202582739e-05,0.04715539735821047,21,highpass
1.2929743904696184e-07,7e-07,2.412013622360324e-07,2.992169723717732e-07,2.811198202582739e-05,1.065616666003391,21,highpass
1.2929743904696184e-07,7e-07,2.412013622360324e-07,2.992169723717732e-07,2.811198202582739e-05,1.065616666003391,21,highpass
1.2929743904696184e-07,7e-07,1.376602580788329e-07,2.992169723717732e-07,2.811198202582739e-05,-0.03607426833108094,21,highpass
1.2929743904696184e-07,7e-07,2.412013622360324e-07,2.992169723717732e-07,2.811198202582739e-05,1.065616666003391,21,highpass
1.2929743904696184e-07,7e-07,2.412013622360324e-07,2.992169723717732e-07,2.811198202582739e-05,1.065616666003391,21,highpass
1.2929743904696184e-07,7e-07,2.412013622360324e-07,2.992169723717732e-07,2.811198202582739e-05,1.065616666003391,21,highpass
1.2929743904696184e-07,7e-07,2.412013622360324e-07,2.992169723717732e-07,2.811198202582739e-05,1.065616666003391,21,highpass
1.2929743904696184e-07,7e-07,2.412013622360324e-07,2.992169723717732e-07,2.811198202582739e-05,1.065616666003391,21,highpass
1.2929743904696184e-07,7e-07,2.412013622360324e-07,2.992169723717732e-07,2.811198202582739e-05,1.065616666003391,21,highpass
1.2929743904696184e-07,7e-07,2.412013622360324e-07,2.992169723717732e-07,2.811198202582739e-05,1.065616666003391,21,highpass
1.2929743904696184e-07,7e-07,2.412013622360324e-07,2.992169723717732e-07,2.811198202582739e-05,1.065616666003391,21,highpass
1.3646092987834527e-07,7e-07,2.412013622360324e-07,2.992169723717732e-07,2.811198202582739e-05,0.6474971715237705,21,highpass
1.2929743904696184e-07,7e-07,2.412013622360324e-07,2.992169723717732e-07,2.811198202582739e-05,1.065616666003391,21,highpass
1.2929743904696184e-07,7e-07,2.412013622360324e-07,2.992169723717732e-07,2.811198202582739e-05,1.065616666003391,21,highpass
1.2929743904696184e-07,7e-07,2.412013622360324e-07,2.992169723717732e-07,2.811198202582739e-05,1.065616666003391,21,highpass
1.2929743904696184e-07,7e-07,2.412013622360324e-07,2.992169723717732e-07,2.811198202582739e-05,1.065616666003391,21,highpass
1.2929743904696184e-07,7e-07,2.412013622360324e-07,2.992169723717732e-07,2.811198202582739e-05,1.065616666003391,21,highpass
1.2929743904696184e-07,7e-07,2.412013622360324e-07,2.992169723717732e-07,2.811198202582739e-05,1.065616666003391,21,highpass
1.2929743904696184e-07,7e-07,2.412013622360324e-07,2.992169723717732e-07,2.811198202582739e-05,1.065616666003391,21,highpass
1.2929743904696184e-07,7e-07,2.412013622360324e-07,2.992169723717732e-07,2.811198202582739e-05,1.065616666003391,21,highpass
1.2929743904696184e-07,7e-07,2.412013622360324e-07,2.992169723717732e-07,2.811198202582739e-05,1.065616666003391,21,highpass
1.2929743904696184e-07,7e-07,2.412013622360324e-07,2.992169723717732e-07,2.811198202582739e-05,1.065616666003391,21,highpass
1.2929743904696184e-07,7e-07,2.412013622360324e-07,2.992169723717732e-07,2.811198202582739e-05,1.065616666003391,21,highpass
1.2929743904696184e-07,7e-07,2.412013622360324e-07,2.992169723717732e-07,2.811198202582739e-05,1.065616666003391,21,highpass
1.2929743904696184e-07,7e-07,2.412013622360324e-07,2.992169723717732e-07,2.811198202582739e-05,1.065616666003391,21,highpass
1.2929743904696184e-07,7e-07,2.412013622360324e-07,2.992169723717732e-07,2.811198202582739e-05,1.065616666003391,21,highpass
1.2929743904696184e-07,7e-07,2.412013622360324e-07,2.992169723717732e-07,2.811198202582739e-05,1.065616666003391,21,highpass
1.2929743904696184e-07,7e-07,2.412013622360324e-07,2.992169723717732e-07,2.811198202582739e-05,1.065616666003391,21,highpass
1.2929743904696184e-07,7e-07,2.412013622360324e-07,2.992169723717732e-07,2.811198202582739e-05,1.065616666003391,21,highpass
1.2929743904696184e-07,7e-07,2.412013622360324e-07,2.992169723717732e-07,2.811198202582739e-05,1.065616666003391,21,highpass
1.2929743904696184e-07,7e-07,2.412013622360324e-07,2.992169723717732e-07,2.811198202582739e-05,1.065616666003391,21,highpass
1.2929743904696184e-07,7e-07,2.412013622360324e-07,2.992169723717732e-07,2.811198202582739e-05,1.065616666003391,21,highpass
1.2929743904696184e-07,7e-07,2.412013622360324e-07,2.9284988933149164e-07,2.811198202582739e-05,0.7142959222921473,21,highpass
1.2929743904696184e-07,7e-07,2.412013622360324e-07,2.992169723717732e-07,2.811198202582739e-05,1.065616666003391,21,highpass
1.2929743904696184e-07,7e-07,2.412013622360324e-07,2.992169723717732e-07,2.811198202582739e-05,1.065616666003391,21,highpass
1.2929743904696184e-07,7e-07,2.412013622360324e-07,2.992169723717732e-07,2.811198202582739e-05,1.065616666003391,21,highpass
1.2929743904696184e-07,7e-07,2.412013622360324e-07,2.992169723717732e-07,2.811198202582739e-05,1.065616666003391,21,highpass
1.2929743904696184e-07,7e-07,2.412013622360324e-07,2.992169723717732e-07,2.811198202582739e-05,1.065616666003391,21,highpass
1.2929743904696184e-07,7e-07,2.412013622360324e-07,2.992169723717732e-07,2.811198202582739e-05,1.065616666003391,22,highpass
1.2929743904696184e-07,7e-07,2.412013622360324e-07,2.992169723717732e-07,2.811198202582739e-05,1.065616666003391,22,highpass
1.2929743904696184e-07,7e-07,2.412013622360324e-07,2.992169723717732e-07,2.811198202582739e-05,1.065616666003391,22,highpass
1.2929743904696184e-07,7e-07,2.412013622360324e-07,2.992169723717732e-07,2.811198202582739e-05,1.065616666003391,22,highpass
1.2929743904696184e-07,7e-07,2.412013622360324e-07,2.992169723717732e-07,2.811198202582739e-05,1.065616666003391,22,highpass
1.2929743904696184e-07,7e-07,2.412013622360324e-07,2.992169723717732e-07,2.811198202582739e-05,1.065616666003391,22,highpass
1.2929743904696184e-07,7e-07,2.412013622360324e-07,2.992169723717732e-07,2.811198202582739e-05,1.065616666003391,22,highpass
1.2929743904696184e-07,7e-07,2.412013622360324e-07,2.992169723717732e-07,2.811198202582739e-05,1.065616666003391,22,highpass
1.2929743904696184e-07,7e-07,2.412013622360324e-07,2.992169723717732e-07,2.811198202582739e-05,1.065616666003391,22,highpass
1.2929743904696184e-07,7e-07,2.412013622360324e-07,2.992169723717732e-07,2.811198202582739e-05,1.065616666003391,22,highpass
1.2929743904696184e-07,7e-07,2.412013622360324e-07,2.992169723717732e-07,2.811198202582739e-05,1.065616666003391,22,highpass
1.2929743904696184e-07,7e-07,2.412013622360324e-07,2.992169723717732e-07,2.811198202582739e-05,1.065616666003391,22,highpass
1.2929743904696184e-07,7e-07,2.412013622360324e-07,2.992169723717732e-07,2.811198202582739e-05,1.065616666003391,22,highpass
1.2929743904696184e-07,7e-07,2.412013622360324e-07,2.992169723717732e-07,2.811198202582739e-05,1.065616666003391,22,highpass
1.2929743904696184e-07,7e-07,2.412013622360324e-07,2.992169723717732e-07,2.811198202582739e-05,1.065616666003391,22,highpass
1.2929743904696184e-07,6.833336561218485e-07,2.412013622360324e-07,2.992169723717732e-07,2.811198202582739e-05,0.6604763692280309,22,highpass
1.2929743904696184e-07,7e-07,2.412013622360324e-07,2.992169723717732e-07,2.811198202582739e-05,1.065616666003391,22,highpass
1.2929743904696184e-07,7e-07,2.412013622360324e-07,2.992169723717732e-07,2.811198202582739e-05,1.065616666003391,22,highpass
1.2929743904696184e-07,7e-07,2.412013622360324e-07,2.992169723717732e-07,2.811198202582739e-05,1.065616666003391,22,highpass
1.2929743904696184e-07,7e-07,2.412013622360324e-07,2.992169723717732e-07,2.811198202582739e-05,1.065616666003391,22,highpass
1.2929743904696184e-07,6.516489041047049e-07,2.412013622360324e-07,2.992169723717732e-07,2.811198202582739e-05,0.45696380436422696,22,highpass
1.2929743904696184e-07,7e-07,2.412013622360324e-07,2.992169723717732e-07,2.811198202582739e-05,1.065616666003391,22,highpass
1.2929743904696184e-07,7e-07,2.412013622360324e-07,2.992169723717732e-07,2.811198202582739e-05,1.065616666003391,22,highpass
1.2929743904696184e-07,7e-07,2.412013622360324e-07,2.992169723717732e-07,2.811198202582739e-05,1.065616666003391,22,highpass
1.2929743904696184e-07,7e-07,2.412013622360324e-07,3e-07,2.811198202582739e-05,0.9701304012763945,22,highpass
1.2929743904696184e-07,7e-07,2.412013622360324e-07,2.992169723717732e-07,4.8129144301378734e-05,0.31236366321119935,22,highpass
1.2929743904696184e-07,7e-07,2.412013622360324e-07,2.992169723717732e-07,2.811198202582739e-05,1.065616666003391,22,highpass
1.2929743904696184e-07,7e-07,2.412013622360324e-07,2.992169723717732e-07,2.811198202582739e-05,1.065616666003391,22,highpass
1.2929743904696184e-07,7e-07,2.412013622360324e-07,2.992169723717732e-07,2.811198202582739e-05,1.065616666003391,22,highpass
1.2929743904696184e-07,7e-07,2.412013622360324e-07,2.992169723717732e-07,2.811198202582739e-05,1.065616666003391,22,highpass
1.2929743904696184e-07,7e-07,2.412013622360324e-07,2.992169723717732e-07,2.811198202582739e-05,1.065616666003391,22,highpass
1.2929743904696184e-07,7e-07,2.412013622360324e-07,2.992169723717732e-07,2.811198202582739e-05,1.065616666003391,22,highpass
1.2929743904696184e-07,7e-07,2.412013622360324e-07,2.992169723717732e-07,2.811198202582739e-05,1.065616666003391,22,highpass
1.2929743904696184e-07,7e-07,2.412013622360324e-07,2.992169723717732e-07,2.811198202582739e-05,1.065616666003391,22,highpass
1.2929743904696184e-07,7e-07,2.412013622360324e-07,2.992169723717732e-07,2.9963724009323012e-05,0.6530770199993614,22,highpass
1.2929743904696184e-07,7e-07,2.412013622360324e-07,2.992169723717732e-07,2.811198202582739e-05,1.065616666003391,22,highpass
1.2929743904696184e-07,7e-07,2.412013622360324e-07,2.992169723717732e-07,2.811198202582739e-05,1.065616666003391,22,highpass
1.2929743904696184e-07,7e-07,2.412013622360324e-07,2.992169723717732e-07,2.811198202582739e-05,1.065616666003391,22,highpass
1.2929743904696184e-07,7e-07,2.412013622360324e-07,2.992169723717732e-07,2.811198202582739e-05,1.065616666003391,22,highpass
1.324512174190684e-07,7e-07,2.412013622360324e-07,2.992169723717732e-07,2.811198202582739e-05,0.806090331698514,22,highpass
1.2929743904696184e-07,7e-07,2.412013622360324e-07,2.3412511062894241e-07,2.811198202582739e-05,0.2951378114295013,22,highpass
1.2929743904696184e-07,7e-07,2.412013622360324e-07,2.992169723717732e-07,2.811198202582739e-05,1.065616666003391,22,highpass
1.2929743904696184e-07,7e-07,2.412013622360324e-07,2.992169723717732e-07,2.811198202582739e-05,1.065616666003391,22,highpass
1.2929743904696184e-07,7e-07,2.412013622360324e-07,2.992169723717732e-07,2.811198202582739e-05,1.065616666003391,22,highpass
1.2929743904696184e-07,7e-07,2.412013622360324e-07,2.992169723717732e-07,2.811198202582739e-05,1.065616666003391,22,highpass
1.2929743904696184e-07,7e-07,2.412013622360324e-07,2.992169723717732e-07,2.811198202582739e-05,1.065616666003391,22,highpass
1.2929743904696184e-07,7e-07,2.412013622360324e-07,2.992169723717732e-07,2.811198202582739e-05,1.065616666003391,22,highpass
1.2929743904696184e-07,7e-07,2.412013622360324e-07,2.992169723717732e-07,2.811198202582739e-05,1.065616666003391,22,highpass
1.2929743904696184e-07,7e-07,2.412013622360324e-07,2.992169723717732e-07,2.811198202582739e-05,1.065616666003391,22,highpass
1.2929743904696184e-07,7e-07,1.0689482635158795e-07,2.992169723717732e-07,2.811198202582739e-05,0.09134940042296912,22,highpass
1.2929743904696184e-07,7e-07,2.412013622360324e-07,2.992169723717732e-07,2.811198202582739e-05,1.065616666003391,23,highpass
1.2929743904696184e-07,7e-07,2.412013622360324e-07,2.992169723717732e-07,2.811198202582739e-05,1.065616666003391,23,highpass
1.2929743904696184e-07,7e-07,2.412013622360324e-07,2.988561015098468e-07,2.811198202582739e-05,1.065616666003391,23,highpass
1.2929743904696184e-07,7e-07,2.412013622360324e-07,2.992169723717732e-07,2.811198202582739e-05,1.065616666003391,23,highpass
1.2929743904696184e-07,7e-07,2.412013622360324e-07,2.992169723717732e-07,2.811198202582739e-05,1.065616666003391,23,highpass
1.2929743904696184e-07,7e-07,2.412013622360324e-07,2.992169723717732e-07,2.811198202582739e-05,1.065616666003391,23,highpass
1.2929743904696184e-07,7e-07,2.412013622360324e-07,2.992169723717732e-07,2.811198202582739e-05,1.065616666003391,23,highpass
1.2929743904696184e-07,7e-07,2.412013622360324e-07,2.992169723717732e-07,2.811198202582739e-05,1.065616666003391,23,highpass
1.2929743904696184e-07,7e-07,2.412013622360324e-07,2.992169723717732e-07,2.811198202582739e-05,1.065616666003391,23,highpass
1.2929743904696184e-07,7e-07,2.412013622360324e-07,2.992169723717732e-07,2.811198202582739e-05,1.065616666003391,23,highpass
1.2929743904696184e-07,7e-07,2.412013622360324e-07,2.992169723717732e-07,2.811198202582739e-05,1.065616666003391,23,highpass
1.2929743904696184e-07,7e-07,2.412013622360324e-07,2.992169723717732e-07,2.811198202582739e-05,1.065616666003391,23,highpass
1.2929743904696184e-07,7e-07,2.412013622360324e-07,2.992169723717732e-07,2.811198202582739e-05,1.065616666003391,23,highpass
1.2929743904696184e-07,7e-07,2.412013622360324e-07,2.992169723717732e-07,4.964850071688635e-05,0.30757336150840225,23,highpass
1.2929743904696184e-07,4.990711900098355e-07,2.412013622360324e-07,2.992169723717732e-07,2.811198202582739e-05,-0.016715255430820072,23,highpass
1.2929743904696184e-07,7e-07,2.412013622360324e-07,2.992169723717732e-07,2.811198202582739e-05,1.065616666003391,23,highpass
1.2929743904696184e-07,7e-07,2.412013622360324e-07,2.992169723717732e-07,2.811198202582739e-05,1.065616666003391,23,highpass
1.2929743904696184e-07,7e-07,2.412013622360324e-07,2.992169723717732e-07,2.811198202582739e-05,1.065616666003391,23,highpass
1.2929743904696184e-07,7e-07,2.412013622360324e-07,2.992169723717732e-07,2.811198202582739e-05,1.065616666003391,23,highpass
1.2929743904696184e-07,7e-07,2.412013622360324e-07,2.992169723717732e-07,2.811198202582739e-05,1.065616666003391,23,highpass
1.2929743904696184e-07,7e-07,2.412013622360324e-07,2.992169723717732e-07,2.811198202582739e-05,1.065616666003391,23,highpass
1.2929743904696184e-07,7e-07,2.412013622360324e-07,2.992169723717732e-07,3.027565741981085e-05,0.6077809138819481,23,highpass
1.2929743904696184e-07,7e-07,2.412013622360324e-07,2.992169723717732e-07,2.811198202582739e-05,1.065616666003391,23,highpass
1.2929743904696184e-07,7e-07,2.412013622360324e-07,2.992169723717732e-07,2.811198202582739e-05,1.065616666003391,23,highpass
1.2929743904696184e-07,7e-07,2.412013622360324e-07,2.992169723717732e-07,2.811198202582739e-05,1.065616666003391,23,highpass
1.2929743904696184e-07,7e-07,2.412013622360324e-07,2.992169723717732e-07,2.811198202582739e-05,1.065616666003391,23,highpass
1.2929743904696184e-07,7e-07,2.412013622360324e-07,2.992169723717732e-07,2.811198202582739e-05,1.065616666003391,23,highpass
1.2929743904696184e-07,4.948155586796425e-07,2.412013622360324e-07,2.992169723717732e-07,2.811198202582739e-05,-0.012456299606302226,23,highpass
1.2929743904696184e-07,7e-07,2.412013622360324e-07,2.992169723717732e-07,2.811198202582739e-05,1.065616666003391,23,highpass
1.2929743904696184e-07,7e-07,2.412013622360324e-07,2.992169723717732e-07,2.811198202582739e-05,1.065616666003391,23,highpass
1.2929743904696184e-07,7e-07,2.412013622360324e-07,2.992169723717732e-07,2.811198202582739e-05,1.065616666003391,23,highpass
1.2929743904696184e-07,7e-07,2.412013622360324e-07,2.992169723717732e-07,2.811198202582739e-05,1.065616666003391,23,highpass
1.2929743904696184e-07,7e-07,2.412013622360324e-07,2.992169723717732e-07,2.811198202582739e-05,1.065616666003391,23,highpass
1.2929743904696184e-07,7e-07,2.412013622360324e-07,2.992169723717732e-07,2.811198202582739e-05,1.065616666003391,23,highpass
1.2929743904696184e-07,7e-07,2.412013622360324e-07,2.992169723717732e-07,2.811198202582739e-05,1.065616666003391,23,highpass
1.2929743904696184e-07,7e-07,2.412013622360324e-07,2.992169723717732e-07,2.811198202582739e-05,1.065616666003391,23,highpass
1.2929743904696184e-07,7e-07,2.412013622360324e-07,2.992169723717732e-07,2.811198202582739e-05,1.065616666003391,23,highpass
1.2929743904696184e-07,7e-07,2.412013622360324e-07,2.992169723717732e-07,2.811198202582739e-05,1.065616666003391,23,highpass
1.2929743904696184e-07,7e-07,2.412013622360324e-07,2.992169723717732e-07,2.811198202582739e-05,1.065616666003391,23,highpass
1.2929743904696184e-07,7e-07,2.412013622360324e-07,2.992169723717732e-07,2.811198202582739e-05,1.065616666003391,23,highpass
1.2929743904696184e-07,7e-07,2.412013622360324e-07,2.992169723717732e-07,2.811198202582739e-05,1.065616666003391,23,highpass
1.2929743904696184e-07,7e-07,2.412013622360324e-07,2.992169723717732e-07,2.811198202582739e-05,1.065616666003391,23,highpass
1.2929743904696184e-07,7e-07,2.412013622360324e-07,2.992169723717732e-07,2.811198202582739e-05,1.065616666003391,23,highpass
1.2929743904696184e-07,7e-07,2.412013622360324e-07,2.992169723717732e-07,2.811198202582739e-05,1.065616666003391,23,highpass
1.2929743904696184e-07,7e-07,2.412013622360324e-07,2.992169723717732e-07,2.811198202582739e-05,1.065616666003391,23,highpass
1.2929743904696184e-07,7e-07,2.412013622360324e-07,2.992169723717732e-07,2.811198202582739e-05,1.065616666003391,23,highpass
1.2929743904696184e-07,7e-07,2.412013622360324e-07,2.992169723717732e-07,2.811198202582739e-05,1.065616666003391,23,highpass
1.2929743904696184e-07,7e-07,2.412013622360324e-07,2.992169723717732e-07,2.811198202582739e-05,1.065616666003391,23,highpass
1.2929743904696184e-07,7e-07,2.412013622360324e-07,2.992169723717732e-07,2.811198202582739e-05,1.065616666003391,23,highpass
1.2929743904696184e-07,7e-07,2.412013622360324e-07,2.992169723717732e-07,2.811198202582739e-05,1.065616666003391,23,highpass
1.2929743904696184e-07,7e-07,2.412013622360324e-07,2.992169723717732e-07,2.811198202582739e-05,1.065616666003391,24,highpass
1.2929743904696184e-07,7e-07,2.412013622360324e-07,2.992169723717732e-07,2.811198202582739e-05,1.065616666003391,24,highpass
1.2929743904696184e-07,7e-07,2.412013622360324e-07,2.992169723717732e-07,2.811198202582739e-05,1.065616666003391,24,highpass
1.2929743904696184e-07,7e-07,2.412013622360324e-07,2.992169723717732e-07,2.811198202582739e-05,1.065616666003391,24,highpass
1.2929743904696184e-07,7e-07,2.412013622360324e-07,2.992169723717732e-07,2.811198202582739e-05,1.065616666003391,24,highpass
1.2929743904696184e-07,7e-07,2.412013622360324e-07,2.4065916766013013e-07,2.811198202582739e-05,0.298661141543736,24,highpass
1.2929743904696184e-07,7e-07,2.412013622360324e-07,2.992169723717732e-07,2.811198202582739e-05,1.065616666003391,24,highpass
1.2929743904696184e-07,7e-07,2.412013622360324e-07,2.992169723717732e-07,2.811198202582739e-05,1.065616666003391,24,highpass
1.2929743904696184e-07,7e-07,2.412013622360324e-07,2.992169723717732e-07,2.811198202582739e-05,1.065616666003391,24,highpass
1.2929743904696184e-07,7e-07,2.412013622360324e-07,2.992169723717732e-07,2.811198202582739e-05,1.065616666003391,24,highpass
1.2929743904696184e-07,7e-07,2.412013622360324e-07,2.992169723717732e-07,2.811198202582739e-05,1.065616666003391,24,highpass
1.2929743904696184e-07,7e-07,2.412013622360324e-07,2.992169723717732e-07,2.811198202582739e-05,1.065616666003391,24,highpass
1.2929743904696184e-07,7e-07,2.412013622360324e-07,2.992169723717732e-07,2.811198202582739e-05,1.065616666003391,24,highpass
1.2929743904696184e-07,7e-07,2.412013622360324e-07,2.992169723717732e-07,2.811198202582739e-05,1.065616666003391,24,highpass
1.2929743904696184e-07,7e-07,2.412013622360324e-07,2.992169723717732e-07,2.811198202582739e-05,1.065616666003391,24,highpass
1.2929743904696184e-07,7e-07,2.412013622360324e-07,2.992169723717732e-07,2.811198202582739e-05,1.065616666003391,24,highpass
1.2929743904696184e-07,7e-07,2.412013622360324e-07,2.992169723717732e-07,2.811198202582739e-05,1.065616666003391,24,highpass
1.296725317914357e-07,7e-07,2.412013622360324e-07,2.992169723717732e-07,2.811198202582739e-05,0.6649940341719318,24,highpass
1.2929743904696184e-07,7e-07,2.412013622360324e-07,2.992169723717732e-07,2.811198202582739e-05,1.065616666003391,24,highpass
1.2929743904696184e-07,7e-07,2.412013622360324e-07,2.992169723717732e-07,2.811198202582739e-05,1.065616666003391,24,highpass
1.2929743904696184e-07,7e-07,2.412013622360324e-07,2.992169723717732e-07,2.811198202582739e-05,1.065616666003391,24,highpass
1.2929743904696184e-07,7e-07,2.412013622360324e-07,2.992169723717732e-07,2.811198202582739e-05,1.065616666003391,24,highpass
1.2929743904696184e-07,7e-07,2.412013622360324e-07,2.992169723717732e-07,2.811198202582739e-05,1.065616666003391,24,highpass
1.2929743904696184e-07,7e-07,2.412013622360324e-07,2.992169723717732e-07,2.811198202582739e-05,1.065616666003391,24,highpass
1.2929743904696184e-07,7e-07,2.412013622360324e-07,2.992169723717732e-07,2.811198202582739e-05,1.065616666003391,24,highpass
1.2929743904696184e-07,7e-07,2.412013622360324e-07,2.992169723717732e-07,2.811198202582739e-05,1.065616666003391,24,highpass
1.2929743904696184e-07,7e-07,2.435960161195874e-07,2.992169723717732e-07,2.811198202582739e-05,0.8239754678830156,24,highpass
1.2929743904696184e-07,7e-07,2.412013622360324e-07,2.992169723717732e-07,2.811198202582739e-05,1.065616666003391,24,highpass
1.2929743904696184e-07,7e-07,2.412013622360324e-07,2.992169723717732e-07,2.811198202582739e-05,1.065616666003391,24,highpass
1.2929743904696184e-07,7e-07,2.412013622360324e-07,2.992169723717732e-07,2.811198202582739e-05,1.065616666003391,24,highpass
1.2929743904696184e-07,7e-07,2.412013622360324e-07,2.992169723717732e-07,2.811198202582739e-05,1.065616666003391,24,highpass
1.2929743904696184e-07,7e-07,2.412013622360324e-07,2.992169723717732e-07,2.811198202582739e-05,1.065616666003391,24,highpass
1.2929743904696184e-07,7e-07,2.412013622360324e-07,2.992169723717732e-07,2.811198202582739e-05,1.065616666003391,24,highpass
1.2929743904696184e-07,7e-07,2.412013622360324e-07,2.992169723717732e-07,2.811198202582739e-05,1.065616666003391,24,highpass
1.2929743904696184e-07,7e-07,1.1204425474272999e-07,2.992169723717732e-07,2.811198202582739e-05,0.054331495156903865,24,highpass
1.2929743904696184e-07,7e-07,2.412013622360324e-07,2.992169723717732e-07,2.811198202582739e-05,1.065616666003391,24,highpass
1.2929743904696184e-07,7e-07,2.412013622360324e-07,2.992169723717732e-07,2.811198202582739e-05,1.065616666003391,24,highpass
1.2929743904696184e-07,7e-07,2.412013622360324e-07,2.992169723717732e-07,2.811198202582739e-05,1.065616666003391,24,highpass
1.2929743904696184e-07,7e-07,2.412013622360324e-07,2.992169723717732e-07,2.811198202582739e-05,1.065616666003391,24,highpass
1.2929743904696184e-07,7e-07,2.412013622360324e-07,2.992169723717732e-07,2.811198202582739e-05,1.065616666003391,24,highpass
1.2929743904696184e-07,7e-07,2.412013622360324e-07,2.992169723717732e-07,2.811198202582739e-05,1.065616666003391,24,highpass
1.2929743904696184e-07,7e-07,2.412013622360324e-07,2.992169723717732e-07,2.811198202582739e-05,1.065616666003391,24,highpass
1.2929743904696184e-07,7e-07,2.412013622360324e-07,2.992169723717732e-07,2.811198202582739e-05,1.065616666003391,24,highpass
1.2929743904696184e-07,7e-07,2.412013622360324e-07,2.992169723717732e-07,2.811198202582739e-05,1.065616666003391,24,highpass
1.2929743904696184e-07,7e-07,2.412013622360324e-07,2.992169723717732e-07,2.811198202582739e-05,1.065616666003391,24,highpass
1.2929743904696184e-07,7e-07,2.412013622360324e-07,3e-07,2.811198202582739e-05,0.9701304012763945,24,highpass
1.2929743904696184e-07,7e-07,2.412013622360324e-07,2.992169723717732e-07,2.811198202582739e-05,1.065616666003391,24,highpass
1.2929743904696184e-07,7e-07,2.412013622360324e-07,2.992169723717732e-07,2.811198202582739e-05,1.065616666003391,24,highpass
1.2929743904696184e-07,7e-07,2.412013622360324e-07,1.77464713301491e-07,2.811198202582739e-05,0.003656358468797449,24,highpass
1.2929743904696184e-07,7e-07,2.412013622360324e-07,2.992169723717732e-07,2.811198202582739e-05,1.065616666003391,24,highpass
1.2929743904696184e-07,7e-07,2.412013622360324e-07,2.992169723717732e-07,2.811198202582739e-05,1.065616666003391,25,highpass
1.2929743904696184e-07,7e-07,2.412013622360324e-07,2.992169723717732e-07,2.811198202582739e-05,1.065616666003391,25,highpass
2.1025503137777098e-07,7e-07,2.412013622360324e-07,2.992169723717732e-07,2.811198202582739e-05,0.07218156018406072,25,highpass
1.2929743904696184e-07,7e-07,2.412013622360324e-07,2.992169723717732e-07,2.811198202582739e-05,1.065616666003391,25,highpass
1.2929743904696184e-07,7e-07,2.412013622360324e-07,2.992169723717732e-07,2.811198202582739e-05,1.065616666003391,25,highpass
1.2929743904696184e-07,7e-07,2.412013622360324e-07,2.992169723717732e-07,2.811198202582739e-05,1.065616666003391,25,highpass
1.2929743904696184e-07,7e-07,2.412013622360324e-07,2.992169723717732e-07,2.811198202582739e-05,1.065616666003391,25,highpass
1.2929743904696184e-07,7e-07,2.412013622360324e-07,2.992169723717732e-07,2.811198202582739e-05,1.065616666003391,25,highpass
1.2929743904696184e-07,7e-07,2.412013622360324e-07,2.992169723717732e-07,2.811198202582739e-05,1.065616666003391,25,highpass
1.2929743904696184e-07,7e-07,2.412013622360324e-07,2.992169723717732e-07,3.0349770970994173e-05,0.6078083023313877,25,highpass
1.2929743904696184e-07,7e-07,2.412013622360324e-07,2.992169723717732e-07,2.811198202582739e-05,1.065616666003391,25,highpass
1.2929743904696184e-07,7e-07,2.412013622360324e-07,2.992169723717732e-07,2.811198202582739e-05,1.065616666003391,25,highpass
1.2929743904696184e-07,7e-07,2.412013622360324e-07,2.992169723717732e-07,2.811198202582739e-05,1.065616666003391,25,highpass
1.2929743904696184e-07,7e-07,2.412013622360324e-07,2.992169723717732e-07,2.811198202582739e-05,1.065616666003391,25,highpass
1.2929743904696184e-07,7e-07,2.412013622360324e-07,2.992169723717732e-07,2.811198202582739e-05,1.065616666003391,25,highpass
1.2929743904696184e-07,7e-07,2.412013622360324e-07,2.992169723717732e-07,2.811198202582739e-05,1.065616666003391,25,highpass
1.2929743904696184e-07,7e-07,2.412013622360324e-07,2.992169723717732e-07,2.811198202582739e-05,1.065616666003391,25,highpass
1.2929743904696184e-07,7e-07,2.412013622360324e-07,2.992169723717732e-07,2.811198202582739e-05,1.065616666003391,25,highpass
1.2929743904696184e-07,7e-07,2.412013622360324e-07,2.992169723717732e-07,2.811198202582739e-05,1.065616666003391,25,highpass
1.2929743904696184e-07,6.018043102481712e-07,2.412013622360324e-07,2.992169723717732e-07,2.811198202582739e-05,0.32047972624565235,25,highpass
1.2929743904696184e-07,7e-07,2.412013622360324e-07,2.992169723717732e-07,2.811198202582739e-05,1.065616666003391,25,highpass
1.2929743904696184e-07,7e-07,2.412013622360324e-07,2.992169723717732e-07,2.811198202582739e-05,1.065616666003391,25,highpass
1.2929743904696184e-07,7e-07,2.4868513892729396e-07,2.992169723717732e-07,2.811198202582739e-05,-0.26652801094062833,25,highpass
1.2929743904696184e-07,7e-07,1.0569326503174497e-07,2.992169723717732e-07,2.811198202582739e-05,0.10300795932966138,25,highpass
1.2929743904696184e-07,7e-07,1.9842598226556145e-07,2.992169723717732e-07,2.811198202582739e-05,0.03539301573888358,25,highpass
1.2929743904696184e-07,7e-07,2.412013622360324e-07,2.992169723717732e-07,2.811198202582739e-05,1.065616666003391,25,highpass
1.2929743904696184e-07,7e-07,2.412013622360324e-07,2.992169723717732e-07,2.811198202582739e-05,1.065616666003391,25,highpass
1.2929743904696184e-07,7e-07,2.412013622360324e-07,2.992169723717732e-07,2.811198202582739e-05,1.065616666003391,25,highpass
1.2929743904696184e-07,7e-07,2.412013622360324e-07,2.992169723717732e-07,2.811198202582739e-05,1.065616666003391,25,highpass
1.2929743904696184e-07,7e-07,2.412013622360324e-07,2.992169723717732e-07,2.811198202582739e-05,1.065616666003391,25,highpass
1.2929743904696184e-07,7e-07,2.412013622360324e-07,2.992169723717732e-07,2.811198202582739e-05,1.065616666003391,25,highpass
1.2929743904696184e-07,7e-07,2.412013622360324e-07,2.992169723717732e-07,2.811198202582739e-05,1.065616666003391,25,highpass
1.2929743904696184e-07,7e-07,2.412013622360324e-07,2.992169723717732e-07,2.811198202582739e-05,1.065616666003391,25,highpass
1.2929743904696184e-07,7e-07,2.412013622360324e-07,2.992169723717732e-07,2.811198202582739e-05,1.065616666003391,25,highpass
1.2929743904696184e-07,7e-07,2.412013622360324e-07,2.992169723717732e-07,2.811198202582739e-05,1.065616666003391,25,highpass
1.2929743904696184e-07,7e-07,2.412013622360324e-07,2.992169723717732e-07,2.811198202582739e-05,1.065616666003391,25,highpass
1.2929743904696184e-07,7e-07,2.412013622360324e-07,2.992169723717732e-07,2.811198202582739e-05,1.065616666003391,25,highpass
1.2929743904696184e-07,7e-07,2.412013622360324e-07,2.992169723717732e-07,2.811198202582739e-05,1.065616666003391,25,highpass
2.2321037679609219e-07,7e-07,2.412013622360324e-07,2.992169723717732e-07,2.811198202582739e-05,0.112603464284807,25,highpass
1.2929743904696184e-07,7e-07,2.412013622360324e-07,2.992169723717732e-07,2.811198202582739e-05,1.065616666003391,25,highpass
1.2929743904696184e-07,7e-07,2.412013622360324e-07,2.992169723717732e-07,2.811198202582739e-05,1.065616666003391,25,highpass
1.2929743904696184e-07,7e-07,2.412013622360324e-07,2.992169723717732e-07,2.811198202582739e-05,1.065616666003391,25,highpass
1.2929743904696184e-07,7e-07,2.412013622360324e-07,2.992169723717732e-07,2.811198202582739e-05,1.065616666003391,25,highpass
1.2929743904696184e-07,7e-07,2.412013622360324e-07,2.992169723717732e-07,2.811198202582739e-05,1.065616666003391,25,highpass
1.2929743904696184e-07,7e-07,2.412013622360324e-07,2.992169723717732e-07,2.811198202582739e-05,1.065616666003391,25,highpass
1.2929743904696184e-07,7e-07,2.412013622360324e-07,2.992169723717732e-07,2.811198202582739e-05,1.065616666003391,25,highpass
1.2929743904696184e-07,7e-07,2.412013622360324e-07,2.992169723717732e-07,2.811198202582739e-05,1.065616666003391,25,highpass
1.2929743904696184e-07,7e-07,2.412013622360324e-07,2.992169723717732e-07,2.811198202582739e-05,1.065616666003391,25,highpass
1.2929743904696184e-07,7e-07,2.412013622360324e-07,2.992169723717732e-07,2.811198202582739e-05,1.065616666003391,25,highpass
1.2929743904696184e-07,7e-07,2.412013622360324e-07,2.992169723717732e-07,2.811198202582739e-05,1.065616666003391,25,highpass
1.2929743904696184e-07,7e-07,2.412013622360324e-07,2.992169723717732e-07,2.811198202582739e-05,1.065616666003391,26,highpass
1.2929743904696184e-07,7e-07,2.412013622360324e-07,2.992169723717732e-07,2.811198202582739e-05,1.065616666003391,26,highpass
1.2929743904696184e-07,7e-07,2.412013622360324e-07,2.992169723717732e-07,2.811198202582739e-05,1.065616666003391,26,highpass
1.2929743904696184e-07,7e-07,2.412013622360324e-07,2.992169723717732e-07,2.811198202582739e-05,1.065616666003391,26,highpass
1.2929743904696184e-07,7e-07,2.412013622360324e-07,2.992169723717732e-07,2.811198202582739e-05,1.065616666003391,26,highpass
1.2929743904696184e-07,7e-07,2.412013622360324e-07,2.992169723717732e-07,2.811198202582739e-05,1.065616666003391,26,highpass
1.2929743904696184e-07,7e-07,2.412013622360324e-07,2.992169723717732e-07,2.811198202582739e-05,1.065616666003391,26,highpass
1.2929743904696184e-07,7e-07,2.412013622360324e-07,2.992169723717732e-07,2.811198202582739e-05,1.065616666003391,26,highpass
1.2929743904696184e-07,7e-07,2.412013622360324e-07,2.992169723717732e-07,2.811198202582739e-05,1.065616666003391,26,highpass
1.2929743904696184e-07,7e-07,2.412013622360324e-07,2.992169723717732e-07,2.811198202582739e-05,1.065616666003391,26,highpass
1.2929743904696184e-07,7e-07,2.3550315299841723e-07,2.992169723717732e-07,2.811198202582739e-05,0.3055114792211538,26,highpass
1.2929743904696184e-07,7e-07,2.412013622360324e-07,2.992169723717732e-07,2.811198202582739e-05,1.065616666003391,26,highpass
1.2929743904696184e-07,7e-07,2.412013622360324e-07,2.992169723717732e-07,2.811198202582739e-05,1.065616666003391,26,highpass
1.2929743904696184e-07,7e-07,2.412013622360324e-07,2.992169723717732e-07,2.811198202582739e-05,1.065616666003391,26,highpass
1.2929743904696184e-07,7e-07,2.412013622360324e-07,2.992169723717732e-07,2.811198202582739e-05,1.065616666003391,26,highpass
1.2929743904696184e-07,7e-07,2.412013622360324e-07,2.992169723717732e-07,3.771836558041881e-05,0.4135511177262477,26,highpass
1.2929743904696184e-07,6.824496457757184e-07,2.412013622360324e-07,2.992169723717732e-07,2.811198202582739e-05,0.6498723185148831,26,highpass
1.2929743904696184e-07,4.637287732514277e-07,2.412013622360324e-07,2.992169723717732e-07,2.811198202582739e-05,0.035290605476902624,26,highpass
1.2929743904696184e-07,7e-07,2.412013622360324e-07,2.992169723717732e-07,2.811198202582739e-05,1.065616666003391,26,highpass
1.2929743904696184e-07,7e-07,2.412013622360324e-07,2.992169723717732e-07,2.811198202582739e-05,1.065616666003391,26,highpass
1.2929743904696184e-07,7e-07,2.412013622360324e-07,2.992169723717732e-07,2.811198202582739e-05,1.065616666003391,26,highpass
1.2929743904696184e-07,7e-07,2.412013622360324e-07,2.992169723717732e-07,2.811198202582739e-05,1.065616666003391,26,highpass
1.2929743904696184e-07,7e-07,2.412013622360324e-07,2.992169723717732e-07,2.811198202582739e-05,1.065616666003391,26,highpass
1.2929743904696184e-07,7e-07,2.412013622360324e-07,2.992169723717732e-07,2.811198202582739e-05,1.065616666003391,26,highpass
1.2929743904696184e-07,7e-07,2.412013622360324e-07,2.992169723717732e-07,2.811198202582739e-05,1.065616666003391,26,highpass
1.2929743904696184e-07,7e-07,2.412013622360324e-07,2.992169723717732e-07,2.811198202582739e-05,1.065616666003391,26,highpass
1.2929743904696184e-07,7e-07,2.412013622360324e-07,2.992169723717732e-07,2.811198202582739e-05,1.065616666003391,26,highpass
1.2929743904696184e-07,7e-07,2.412013622360324e-07,2.992169723717732e-07,2.811198202582739e-05,1.065616666003391,26,highpass
1.2929743904696184e-07,7e-07,2.412013622360324e-07,2.992169723717732e-07,2.811198202582739e-05,1.065616666003391,26,highpass
1.2929743904696184e-07,7e-07,2.412013622360324e-07,2.992169723717732e-07,2.811198202582739e-05,1.065616666003391,26,highpass
1.2929743904696184e-07,7e-07,2.412013622360324e-07,2.992169723717732e-07,2.811198202582739e-05,1.065616666003391,26,highpass
1.2929743904696184e-07,7e-07,2.412013622360324e-07,2.992169723717732e-07,2.811198202582739e-05,1.065616666003391,26,highpass
1.2929743904696184e-07,7e-07,2.412013622360324e-07,2.992169723717732e-07,2.811198202582739e-05,1.065616666003391,26,highpass
1.2929743904696184e-07,7e-07,2.412013622360324e-07,2.992169723717732e-07,2.811198202582739e-05,1.065616666003391,26,highpass
1.2929743904696184e-07,7e-07,2.412013622360324e-07,3e-07,2.811198202582739e-05,0.9701304012763945,26,highpass
1.2929743904696184e-07,7e-07,2.412013622360324e-07,2.992169723717732e-07,2.811198202582739e-05,1.065616666003391,26,highpass
1.2929743904696184e-07,7e-07,2.412013622360324e-07,2.992169723717732e-07,2.811198202582739e-05,1.065616666003391,26,highpass
1.2929743904696184e-07,7e-07,2.412013622360324e-07,2.992169723717732e-07,2.811198202582739e-05,1.065616666003391,26,highpass
1.2929743904696184e-07,7e-07,2.412013622360324e-07,2.992169723717732e-07,2.811198202582739e-05,1.065616666003391,26,highpass
1.2929743904696184e-07,7e-07,2.4845360762608603e-07,2.992169723717732e-07,2.811198202582739e-05,-0.29716643687561034,26,highpass
1.2929743904696184e-07,7e-07,2.412013622360324e-07,2.992169723717732e-07,2.811198202582739e-05,1.065616666003391,26,highpass
1.2929743904696184e-07,7e-07,2.412013622360324e-07,2.992169723717732e-07,2.811198202582739e-05,1.065616666003391,26,highpass
1.2929743904696184e-07,7e-07,2.412013622360324e-07,2.992169723717732e-07,2.811198202582739e-05,1.065616666003391,26,highpass
1.2929743904696184e-07,7e-07,2.412013622360324e-07,2.992169723717732e-07,2.811198202582739e-05,1.065616666003391,26,highpass
1.2929743904696184e-07,7e-07,2.412013622360324e-07,2.992169723717732e-07,2.811198202582739e-05,1.065616666003391,26,highpass
1.2929743904696184e-07,7e-07,2.412013622360324e-07,2.992169723717732e-07,2.811198202582739e-05,1.065616666003391,26,highpass
1.2929743904696184e-07,7e-07,2.4000888545923455e-07,2.992169723717732e-07,2.811198202582739e-05,0.6447777201484544,26,highpass
1.2929743904696184e-07,7e-07,2.412013622360324e-07,2.992169723717732e-07,2.811198202582739e-05,1.065616666003391,26,highpass
1.2929743904696184e-07,7e-07,2.412013622360324e-07,2.992169723717732e-07,2.811198202582739e-05,1.065616666003391,26,highpass
1.2929743904696184e-07,7e-07,2.412013622360324e-07,2.992169723717732e-07,2.811198202582739e-05,1.065616666003391,26,highpass
1.2929743904696184e-07,7e-07,2.412013622360324e-07,2.992169723717732e-07,2.811198202582739e-05,1.065616666003391,27,highpass
1.2397981202824726e-07,7e-07,2.412013622360324e-07,2.992169723717732e-07,2.811198202582739e-05,0.6982721845810175,27,highpass
1.2929743904696184e-07,7e-07,2.412013622360324e-07,2.992169723717732e-07,2.811198202582739e-05,1.065616666003391,27,highpass
1.2929743904696184e-07,7e-07,2.412013622360324e-07,2.992169723717732e-07,1.0631123815724523e-05,0.6444927833597005,27,highpass
1.2929743904696184e-07,7e-07,2.412013622360324e-07,2.992169723717732e-07,2.811198202582739e-05,1.065616666003391,27,highpass
1.2929743904696184e-07,7e-07,2.412013622360324e-07,2.992169723717732e-07,2.811198202582739e-05,1.065616666003391,27,highpass
1.2929743904696184e-07,7e-07,2.412013622360324e-07,2.992169723717732e-07,2.811198202582739e-05,1.065616666003391,27,highpass
1.2929743904696184e-07,7e-07,2.412013622360324e-07,2.992169723717732e-07,2.811198202582739e-05,1.065616666003391,27,highpass
1.2929743904696184e-07,7e-07,2.412013622360324e-07,2.992169723717732e-07,2.811198202582739e-05,1.065616666003391,27,highpass
1.2929743904696184e-07,7e-07,1.2485239721530852e-07,2.992169723717732e-07,2.811198202582739e-05,0.10204209481226378,27,highpass
1.2929743904696184e-07,7e-07,2.412013622360324e-07,2.992169723717732e-07,2.811198202582739e-05,1.065616666003391,27,highpass
1.2929743904696184e-07,7e-07,2.412013622360324e-07,2.992169723717732e-07,2.811198202582739e-05,1.065616666003391,27,highpass
1.2929743904696184e-07,7e-07,2.412013622360324e-07,2.992169723717732e-07,2.811198202582739e-05,1.065616666003391,27,highpass
1.2929743904696184e-07,7e-07,2.412013622360324e-07,2.992169723717732e-07,2.811198202582739e-05,1.065616666003391,27,highpass
1.2929743904696184e-07,7e-07,2.412013622360324e-07,2.992169723717732e-07,2.811198202582739e-05,1.065616666003391,27,highpass
1.2929743904696184e-07,7e-07,2.412013622360324e-07,2.992169723717732e-07,2.811198202582739e-05,1.065616666003391,27,highpass
1.2929743904696184e-07,7e-07,2.412013622360324e-07,2.992169723717732e-07,2.811198202582739e-05,1.065616666003391,27,highpass
1.2929743904696184e-07,7e-07,2.412013622360324e-07,2.992169723717732e-07,2.811198202582739e-05,1.065616666003391,27,highpass
1.2929743904696184e-07,7e-07,2.412013622360324e-07,2.992169723717732e-07,2.811198202582739e-05,1.065616666003391,27,highpass
1.2929743904696184e-07,7e-07,2.412013622360324e-07,2.992169723717732e-07,2.811198202582739e-05,1.065616666003391,27,highpass
1.2929743904696184e-07,7e-07,2.412013622360324e-07,2.992169723717732e-07,2.811198202582739e-05,1.065616666003391,27,highpass
1.2929743904696184e-07,7e-07,2.412013622360324e-07,2.992169723717732e-07,2.811198202582739e-05,1.065616666003391,27,highpass
1.2929743904696184e-07,7e-07,2.412013622360324e-07,2.992169723717732e-07,2.811198202582739e-05,1.065616666003391,27,highpass
1.2929743904696184e-07,7e-07,2.412013622360324e-07,2.992169723717732e-07,2.811198202582739e-05,1.065616666003391,27,highpass
1.2929743904696184e-07,7e-07,2.412013622360324e-07,2.992169723717732e-07,2.811198202582739e-05,1.065616666003391,27,highpass
1.321228238199681e-07,7e-07,2.412013622360324e-07,2.992169723717732e-07,2.811198202582739e-05,0.7138624770304497,27,highpass
1.2929743904696184e-07,7e-07,2.412013622360324e-07,2.992169723717732e-07,2.811198202582739e-05,1.065616666003391,27,highpass
1.2929743904696184e-07,7e-07,2.412013622360324e-07,2.992169723717732e-07,3.353912851647779e-05,0.6015617012942374,27,highpass
1.2929743904696184e-07,7e-07,2.412013622360324e-07,2.992169723717732e-07,2.811198202582739e-05,1.065616666003391,27,highpass
1.2929743904696184e-07,4.938754143570801e-07,2.412013622360324e-07,2.992169723717732e-07,2.811198202582739e-05,-0.011228501490412409,27,highpass
1.2929743904696184e-07,7e-07,2.1796587668995504e-07,2.992169723717732e-07,2.811198202582739e-05,0.29140347856848847,27,highpass
1.2929743904696184e-07,7e-07,2.412013622360324e-07,2.992169723717732e-07,2.7103838995009105e-05,0.8949332358776745,27,highpass
1.2929743904696184e-07,7e-07,2.3523331850901666e-07,2.992169723717732e-07,2.811198202582739e-05,0.3027584555693719,27,highpass
1.2929743904696184e-07,7e-07,2.412013622360324e-07,2.992169723717732e-07,2.811198202582739e-05,1.065616666003391,27,highpass
2.231848045555354e-07,7e-07,2.412013622360324e-07,2.992169723717732e-07,2.811198202582739e-05,0.11338503781626255,27,highpass
1.2929743904696184e-07,7e-07,2.393708761245807e-07,2.992169723717732e-07,2.811198202582739e-05,0.5111239911570664,27,highpass
1.2929743904696184e-07,7e-07,2.412013622360324e-07,2.992169723717732e-07,2.911409541717777e-05,0.8871434915375371,27,highpass
1.2929743904696184e-07,7e-07,2.4382357008041186e-07,2.992169723717732e-07,2.811198202582739e-05,0.8472362256182915,27,highpass
1.2929743904696184e-07,7e-07,2.412013622360324e-07,2.992169723717732e-07,2.811198202582739e-05,1.065616666003391,27,highpass
1.2929743904696184e-07,7e-07,2.412013622360324e-07,2.992169723717732e-07,2.811198202582739e-05,1.065616666003391,27,highpass
1.2929743904696184e-07,7e-07,2.412013622360324e-07,2.992169723717732e-07,2.811198202582739e-05,1.065616666003391,27,highpass
1.2929743904696184e-07,7e-07,2.412013622360324e-07,2.992169723717732e-07,2.811198202582739e-05,1.065616666003391,27,highpass
1.2929743904696184e-07,7e-07,2.412013622360324e-07,2.992169723717732e-07,2.811198202582739e-05,1.065616666003391,27,highpass
1.2929743904696184e-07,6.907393480610671e-07,2.412013622360324e-07,2.992169723717732e-07,2.811198202582739e-05,0.8131936052268343,27,highpass
1.2929743904696184e-07,7e-07,2.412013622360324e-07,2.992169723717732e-07,2.811198202582739e-05,1.065616666003391,27,highpass
1.2929743904696184e-07,7e-07,2.412013622360324e-07,2.992169723717732e-07,2.811198202582739e-05,1.065616666003391,27,highpass
1.2929743904696184e-07,7e-07,1.7173259029378135e-07,2.992169723717732e-07,2.811198202582739e-05,-0.1864761890110195,27,highpass
1.2929743904696184e-07,7e-07,1.0247239895220447e-07,2.992169723717732e-07,2.811198202582739e-05,0.07715440338310624,27,highpass
1.2929743904696184e-07,7e-07,2.412013622360324e-07,2.992169723717732e-07,2.811198202582739e-05,1.065616666003391,27,highpass
1.2929743904696184e-07,7e-07,2.412013622360324e-07,2.992169723717732e-07,2.811198202582739e-05,1.065616666003391,27,highpass
1.2929743904696184e-07,7e-07,2.412013622360324e-07,2.992169723717732e-07,2.811198202582739e-05,1.065616666003391,28,highpass
1.2929743904696184e-07,7e-07,2.412013622360324e-07,2.992169723717732e-07,2.811198202582739e-05,1.065616666003391,28,highpass
1.2929743904696184e-07,7e-07,2.412013622360324e-07,2.992169723717732e-07,2.811198202582739e-05,1.065616666003391,28,highpass
1.2929743904696184e-07,7e-07,2.412013622360324e-07,2.992169723717732e-07,2.811198202582739e-05,1.065616666003391,28,highpass
1.2929743904696184e-07,7e-07,2.412013622360324e-07,2.992169723717732e-07,9.781650633528635e-06,0.7715731978154372,28,highpass
1.2897721279913043e-07,7e-07,2.412013622360324e-07,2.992169723717732e-07,2.811198202582739e-05,1.065616666003391,28,highpass
1.2929743904696184e-07,7e-07,2.412013622360324e-07,2.992169723717732e-07,2.811198202582739e-05,1.065616666003391,28,highpass
1.2929743904696184e-07,7e-07,2.412013622360324e-07,2.927591701317379e-07,2.811198202582739e-05,0.7104457014684866,28,highpass
1.2929743904696184e-07,7e-07,2.469134417986279e-07,2.992169723717732e-07,2.811198202582739e-05,0.05587284811479611,28,highpass
1.2929743904696184e-07,7e-07,2.412013622360324e-07,2.992169723717732e-07,2.811198202582739e-05,1.065616666003391,28,highpass
1.2929743904696184e-07,7e-07,2.412013622360324e-07,2.992169723717732e-07,2.811198202582739e-05,1.065616666003391,28,highpass
1.2929743904696184e-07,7e-07,2.412013622360324e-07,2.992169723717732e-07,2.811198202582739e-05,1.065616666003391,28,highpass
1.2929743904696184e-07,7e-07,2.412013622360324e-07,2.992169723717732e-07,2.811198202582739e-05,1.065616666003391,28,highpass
1.2929743904696184e-07,7e-07,2.412013622360324e-07,2.992169723717732e-07,2.811198202582739e-05,1.065616666003391,28,highpass
1.2929743904696184e-07,7e-07,2.412013622360324e-07,2.992169723717732e-07,2.811198202582739e-05,1.065616666003391,28,highpass
1.2929743904696184e-07,7e-07,2.412013622360324e-07,2.992169723717732e-07,2.811198202582739e-05,1.065616666003391,28,highpass
1.2929743904696184e-07,6.883691195731748e-07,2.412013622360324e-07,2.992169723717732e-07,2.811198202582739e-05,0.7489987655509075,28,highpass
1.2929743904696184e-07,7e-07,2.412013622360324e-07,2.992169723717732e-07,2.811198202582739e-05,1.065616666003391,28,highpass
1.2929743904696184e-07,7e-07,2.412013622360324e-07,2.0813308230814488e-07,2.811198202582739e-05,0.1323449645847155,28,highpass
1.2929743904696184e-07,7e-07,2.412013622360324e-07,2.992169723717732e-07,2.811198202582739e-05,1.065616666003391,28,highpass
1.2929743904696184e-07,7e-07,2.412013622360324e-07,2.992169723717732e-07,2.811198202582739e-05,1.065616666003391,28,highpass
1.2929743904696184e-07,7e-07,2.412013622360324e-07,2.992169723717732e-07,2.811198202582739e-05,1.065616666003391,28,highpass
1.2929743904696184e-07,7e-07,2.412013622360324e-07,2.992169723717732e-07,2.811198202582739e-05,1.065616666003391,28,highpass
1.2929743904696184e-07,7e-07,2.412013622360324e-07,2.992169723717732e-07,2.811198202582739e-05,1.065616666003391,28,highpass
1.2929743904696184e-07,7e-07,2.412013622360324e-07,2.992169723717732e-07,2.811198202582739e-05,1.065616666003391,28,highpass
1.2929743904696184e-07,7e-07,2.412013622360324e-07,2.992169723717732e-07,2.811198202582739e-05,1.065616666003391,28,highpass
1.2929743904696184e-07,7e-07,2.412013622360324e-07,2.992169723717732e-07,2.811198202582739e-05,1.065616666003391,28,highpass
1.2929743904696184e-07,7e-07,2.412013622360324e-07,2.992169723717732e-07,2.811198202582739e-05,1.065616666003391,28,highpass
1.366686379476527e-07,7e-07,2.412013622360324e-07,2.992169723717732e-07,2.811198202582739e-05,0.6331924484849615,28,highpass
1.2929743904696184e-07,7e-07,2.412013622360324e-07,2.992169723717732e-07,2.811198202582739e-05,1.065616666003391,28,highpass
1.2929743904696184e-07,7e-07,2.412013622360324e-07,2.992169723717732e-07,2.811198202582739e-05,1.065616666003391,28,highpass
1.2929743904696184e-07,7e-07,2.412013622360324e-07,2.992169723717732e-07,2.811198202582739e-05,1.065616666003391,28,highpass
1.2929743904696184e-07,7e-07,1.4873672768925398e-07,2.992169723717732e-07,2.811198202582739e-05,-0.04291228310447961,28,highpass
1.2929743904696184e-07,7e-07,2.412013622360324e-07,2.992169723717732e-07,2.811198202582739e-05,1.065616666003391,28,highpass
1.2929743904696184e-07,7e-07,2.412013622360324e-07,2.992169723717732e-07,2.811198202582739e-05,1.065616666003391,28,highpass
1.2929743904696184e-07,7e-07,2.412013622360324e-07,2.992169723717732e-07,2.811198202582739e-05,1.065616666003391,28,highpass
1.2929743904696184e-07,7e-07,2.412013622360324e-07,2.992169723717732e-07,2.811198202582739e-05,1.065616666003391,28,highpass
1.2929743904696184e-07,7e-07,2.412013622360324e-07,2.992169723717732e-07,2.811198202582739e-05,1.065616666003391,28,highpass
1.2929743904696184e-07,7e-07,2.412013622360324e-07,2.992169723717732e-07,2.811198202582739e-05,1.065616666003391,28,highpass
1.2929743904696184e-07,7e-07,2.412013622360324e-07,2.992169723717732e-07,2.811198202582739e-05,1.065616666003391,28,highpass
1.2929743904696184e-07,7e-07,2.412013622360324e-07,2.992169723717732e-07,2.811198202582739e-05,1.065616666003391,28,highpass
1.2929743904696184e-07,7e-07,2.412013622360324e-07,2.992169723717732e-07,2.811198202582739e-05,1.065616666003391,28,highpass
1.2929743904696184e-07,7e-07,2.412013622360324e-07,2.925195004878626e-07,2.811198202582739e-05,0.7104457014684866,28,highpass
1.2929743904696184e-07,7e-07,2.412013622360324e-07,2.992169723717732e-07,2.811198202582739e-05,1.065616666003391,28,highpass
1.2929743904696184e-07,7e-07,2.412013622360324e-07,2.992169723717732e-07,2.811198202582739e-05,1.065616666003391,28,highpass
1.2929743904696184e-07,7e-07,2.412013622360324e-07,2.992169723717732e-07,2.811198202582739e-05,1.065616666003391,28,highpass
1.2929743904696184e-07,7e-07,2.412013622360324e-07,3e-07,2.811198202582739e-05,0.9701304012763945,28,highpass
1.2929743904696184e-07,7e-07,2.3961936290800634e-07,2.992169723717732e-07,2.811198202582739e-05,0.545615705874616,28,highpass
1.2929743904696184e-07,7e-07,2.412013622360324e-07,2.992169723717732e-07,2.811198202582739e-05,1.065616666003391,28,highpass
1.2929743904696184e-07,7e-07,2.412013622360324e-07,2.992169723717732e-07,2.811198202582739e-05,1.065616666003391,28,highpass
1.2929743904696184e-07,7e-07,2.412013622360324e-07,2.992169723717732e-07,2.811198202582739e-05,1.065616666003391,29,highpass
1.2929743904696184e-07,7e-07,2.412013622360324e-07,2.992169723717732e-07,2.6255248548176366e-05,0.6723442378112936,29,highpass
1.2929743904696184e-07,7e-07,2.412013622360324e-07,2.992169723717732e-07,2.811198202582739e-05,1.065616666003391,29,highpass
1.2929743904696184e-07,7e-07,2.412013622360324e-07,2.992169723717732e-07,2.811198202582739e-05,1.065616666003391,29,highpass
1.2897721279913043e-07,7e-07,2.412013622360324e-07,2.992169723717732e-07,2.811198202582739e-05,1.065616666003391,29,highpass
1.2929743904696184e-07,7e-07,2.412013622360324e-07,2.992169723717732e-07,2.811198202582739e-05,1.065616666003391,29,highpass
1.2929743904696184e-07,7e-07,2.412013622360324e-07,2.9664014565834094e-07,2.811198202582739e-05,0.8594689038614773,29,highpass
1.2929743904696184e-07,7e-07,2.412013622360324e-07,2.992169723717732e-07,2.811198202582739e-05,1.065616666003391,29,highpass
1.2929743904696184e-07,7e-07,2.412013622360324e-07,2.992169723717732e-07,2.811198202582739e-05,1.065616666003391,29,highpass
1.2929743904696184e-07,7e-07,2.412013622360324e-07,2.992169723717732e-07,2.811198202582739e-05,1.065616666003391,29,highpass
1.2929743904696184e-07,7e-07,2.412013622360324e-07,2.992169723717732e-07,2.811198202582739e-05,1.065616666003391,29,highpass
1.2897721279913043e-07,7e-07,2.412013622360324e-07,2.992169723717732e-07,2.811198202582739e-05,1.065616666003391,29,highpass
1.2929743904696184e-07,7e-07,2.412013622360324e-07,2.992169723717732e-07,2.811198202582739e-05,1.065616666003391,29,highpass
1.2929743904696184e-07,7e-07,2.412013622360324e-07,2.992169723717732e-07,2.811198202582739e-05,1.065616666003391,29,highpass
1.2929743904696184e-07,7e-07,2.412013622360324e-07,2.992169723717732e-07,2.811198202582739e-05,1.065616666003391,29,highpass
1.2929743904696184e-07,7e-07,2.412013622360324e-07,2.992169723717732e-07,2.811198202582739e-05,1.065616666003391,29,highpass
1.2929743904696184e-07,7e-07,2.412013622360324e-07,2.992169723717732e-07,2.811198202582739e-05,1.065616666003391,29,highpass
1.2929743904696184e-07,7e-07,2.412013622360324e-07,2.992169723717732e-07,2.811198202582739e-05,1.065616666003391,29,highpass
1.2929743904696184e-07,7e-07,2.412013622360324e-07,2.992169723717732e-07,2.811198202582739e-05,1.065616666003391,29,highpass
1.2929743904696184e-07,7e-07,2.412013622360324e-07,2.992169723717732e-07,2.811198202582739e-05,1.065616666003391,29,highpass
1.2929743904696184e-07,7e-07,2.412013622360324e-07,2.992169723717732e-07,2.811198202582739e-05,1.065616666003391,29,highpass
1.2929743904696184e-07,7e-07,2.412013622360324e-07,2.992169723717732e-07,2.811198202582739e-05,1.065616666003391,29,highpass
1.2929743904696184e-07,7e-07,2.412013622360324e-07,2.992169723717732e-07,2.811198202582739e-05,1.065616666003391,29,highpass
1.2929743904696184e-07,7e-07,2.412013622360324e-07,2.992169723717732e-07,2.811198202582739e-05,1.065616666003391,29,highpass
1.261021685409126e-07,7e-07,2.412013622360324e-07,2.992169723717732e-07,2.811198202582739e-05,0.7023942020154597,29,highpass
1.2929743904696184e-07,7e-07,2.412013622360324e-07,2.992169723717732e-07,2.811198202582739e-05,1.065616666003391,29,highpass
1.2929743904696184e-07,7e-07,2.412013622360324e-07,2.992169723717732e-07,2.811198202582739e-05,1.065616666003391,29,highpass
1.2929743904696184e-07,7e-07,2.412013622360324e-07,2.992169723717732e-07,2.811198202582739e-05,1.065616666003391,29,highpass
1.2929743904696184e-07,7e-07,2.412013622360324e-07,2.992169723717732e-07,2.811198202582739e-05,1.065616666003391,29,highpass
1.2929743904696184e-07,7e-07,2.412013622360324e-07,2.992169723717732e-07,2.811198202582739e-05,1.065616666003391,29,highpass
1.2929743904696184e-07,7e-07,2.412013622360324e-07,2.992169723717732e-07,2.811198202582739e-05,1.065616666003391,29,highpass
1.2929743904696184e-07,7e-07,2.412013622360324e-07,2.992169723717732e-07,2.811198202582739e-05,1.065616666003391,29,highpass
1.2929743904696184e-07,7e-07,2.412013622360324e-07,2.992169723717732e-07,2.811198202582739e-05,1.065616666003391,29,highpass
1.2929743904696184e-07,7e-07,2.412013622360324e-07,2.992169723717732e-07,2.811198202582739e-05,1.065616666003391,29,highpass
1.2929743904696184e-07,7e-07,2.412013622360324e-07,2.992169723717732e-07,2.7500611424250007e-05,0.9550809459373151,29,highpass
1.2929743904696184e-07,7e-07,2.412013622360324e-07,2.992169723717732e-07,2.811198202582739e-05,1.065616666003391,29,highpass
1.2929743904696184e-07,7e-07,2.412013622360324e-07,2.992169723717732e-07,2.811198202582739e-05,1.065616666003391,29,highpass
1.2929743904696184e-07,7e-07,2.412013622360324e-07,2.992169723717732e-07,2.811198202582739e-05,1.065616666003391,29,highpass
1.2929743904696184e-07,7e-07,2.412013622360324e-07,2.992169723717732e-07,2.811198202582739e-05,1.065616666003391,29,highpass
1.2929743904696184e-07,3.9235292218144796e-07,2.412013622360324e-07,2.992169723717732e-07,2.811198202582739e-05,0.08746696086171206,29,highpass
1.291120921856505e-07,7e-07,2.412013622360324e-07,2.992169723717732e-07,2.811198202582739e-05,1.065616666003391,29,highpass
1.2929743904696184e-07,7e-07,2.412013622360324e-07,2.9260582949393957e-07,2.811198202582739e-05,0.7114407311170906,29,highpass
1.2929743904696184e-07,7e-07,2.412013622360324e-07,2.992169723717732e-07,2.811198202582739e-05,1.065616666003391,29,highpass
1.3299917322062983e-07,7e-07,2.412013622360324e-07,2.992169723717732e-07,2.811198202582739e-05,0.7642344078926164,29,highpass
1.2929743904696184e-07,7e-07,2.412013622360324e-07,2.992169723717732e-07,2.811198202582739e-05,1.065616666003391,29,highpass
1.2929743904696184e-07,7e-07,2.412013622360324e-07,2.992169723717732e-07,2.811198202582739e-05,1.065616666003391,29,highpass
1.2929743904696184e-07,7e-07,2.412013622360324e-07,2.992169723717732e-07,2.811198202582739e-05,1.065616666003391,29,highpass
1.2897721279913043e-07,7e-07,2.412013622360324e-07,2.949151195217478e-07,2.811198202582739e-05,0.7362740228361001,29,highpass
1.2929743904696184e-07,7e-07,2.412013622360324e-07,2.992169723717732e-07,2.811198202582739e-05,1.065616666003391,29,highpass
1.2929743904696184e-07,7e-07,2.412013622360324e-07,2.992169723717732e-07,2.811198202582739e-05,1.065616666003391,29,highpass
1.2929743904696184e-07,7e-07,2.412013622360324e-07,2.992169723717732e-07,2.811198202582739e-05,1.065616666003391,30,highpass
1.2929743904696184e-07,7e-07,2.412013622360324e-07,2.992169723717732e-07,2.811198202582739e-05,1.065616666003391,30,highpass
1.2929743904696184e-07,7e-07,2.412013622360324e-07,2.992169723717732e-07,2.811198202582739e-05,1.065616666003391,30,highpass
1.2929743904696184e-07,7e-07,2.412013622360324e-07,2.992169723717732e-07,2.811198202582739e-05,1.065616666003391,30,highpass
1.2897721279913043e-07,7e-07,2.412013622360324e-07,2.992169723717732e-07,2.811198202582739e-05,1.065616666003391,30,highpass
1.2897721279913043e-07,7e-07,2.412013622360324e-07,2.9627382845850995e-07,2.811198202582739e-05,0.7908850839849604,30,highpass
1.2993829193272653e-07,7e-07,2.412013622360324e-07,2.992169723717732e-07,2.811198202582739e-05,0.6616326904845318,30,highpass
1.2929743904696184e-07,7e-07,2.412013622360324e-07,2.992169723717732e-07,2.811198202582739e-05,1.065616666003391,30,highpass
1.2929743904696184e-07,7e-07,2.412013622360324e-07,2.992169723717732e-07,2.811198202582739e-05,1.065616666003391,30,highpass
1.2929743904696184e-07,7e-07,2.412013622360324e-07,2.992169723717732e-07,2.811198202582739e-05,1.065616666003391,30,highpass
1.2929743904696184e-07,7e-07,2.412013622360324e-07,2.992169723717732e-07,2.811198202582739e-05,1.065616666003391,30,highpass
1.3197148836394852e-07,7e-07,2.412013622360324e-07,2.992169723717732e-07,2.811198202582739e-05,0.7134469393438301,30,highpass
1.2929743904696184e-07,7e-07,2.412013622360324e-07,2.992169723717732e-07,2.811198202582739e-05,1.065616666003391,30,highpass
1.2897721279913043e-07,7e-07,2.412013622360324e-07,2.992169723717732e-07,2.811198202582739e-05,1.065616666003391,30,highpass
1.2929743904696184e-07,7e-07,2.412013622360324e-07,2.992169723717732e-07,2.811198202582739e-05,1.065616666003391,30,highpass
1.2929743904696184e-07,7e-07,2.412013622360324e-07,2.992169723717732e-07,2.811198202582739e-05,1.065616666003391,30,highpass
1.2929743904696184e-07,7e-07,2.412013622360324e-07,2.992169723717732e-07,2.811198202582739e-05,1.065616666003391,30,highpass
1.2929743904696184e-07,7e-07,2.412013622360324e-07,2.992169723717732e-07,2.811198202582739e-05,1.065616666003391,30,highpass
1.2929743904696184e-07,7e-07,2.412013622360324e-07,2.992169723717732e-07,2.811198202582739e-05,1.065616666003391,30,highpass
1.2929743904696184e-07,7e-07,2.412013622360324e-07,2.992169723717732e-07,2.811198202582739e-05,1.065616666003391,30,highpass
1.2897721279913043e-07,7e-07,2.412013622360324e-07,2.992169723717732e-07,2.811198202582739e-05,1.065616666003391,30,highpass
1.2929743904696184e-07,7e-07,2.412013622360324e-07,2.992169723717732e-07,2.811198202582739e-05,1.065616666003391,30,highpass
1.2929743904696184e-07,7e-07,2.412013622360324e-07,2.992169723717732e-07,2.811198202582739e-05,1.065616666003391,30,highpass
1.2929743904696184e-07,7e-07,2.412013622360324e-07,2.992169723717732e-07,2.811198202582739e-05,1.065616666003391,30,highpass
1.2929743904696184e-07,7e-07,2.412013622360324e-07,2.992169723717732e-07,2.811198202582739e-05,1.065616666003391,30,highpass
1.2929743904696184e-07,7e-07,2.412013622360324e-07,2.992169723717732e-07,2.811198202582739e-05,1.065616666003391,30,highpass
1.2929743904696184e-07,7e-07,2.412013622360324e-07,2.992169723717732e-07,2.811198202582739e-05,1.065616666003391,30,highpass
1.2929743904696184e-07,7e-07,2.412013622360324e-07,2.992169723717732e-07,2.811198202582739e-05,1.065616666003391,30,highpass
1.2929743904696184e-07,4.819593841575996e-07,2.412013622360324e-07,2.992169723717732e-07,2.811198202582739e-05,-0.0056520462601399885,30,highpass
1.2897721279913043e-07,7e-07,2.381761955962441e-07,2.992169723717732e-07,2.811198202582739e-05,0.39101937464315395,30,highpass
1.291120921856505e-07,7e-07,2.412013622360324e-07,2.992169723717732e-07,2.811198202582739e-05,1.065616666003391,30,highpass
1.2929743904696184e-07,7e-07,2.412013622360324e-07,2.992169723717732e-07,2.811198202582739e-05,1.065616666003391,30,highpass
1.2929743904696184e-07,7e-07,2.412013622360324e-07,2.992169723717732e-07,2.811198202582739e-05,1.065616666003391,30,highpass
1.2929743904696184e-07,7e-07,2.412013622360324e-07,2.992169723717732e-07,2.811198202582739e-05,1.065616666003391,30,highpass
1.2929743904696184e-07,7e-07,2.412013622360324e-07,2.992169723717732e-07,2.811198202582739e-05,1.065616666003391,30,highpass
1.2929743904696184e-07,7e-07,2.412013622360324e-07,2.992169723717732e-07,2.811198202582739e-05,1.065616666003391,30,highpass
1.2929743904696184e-07,7e-07,2.412013622360324e-07,2.992169723717732e-07,2.811198202582739e-05,1.065616666003391,30,highpass
1.2929743904696184e-07,7e-07,2.412013622360324e-07,2.992169723717732e-07,2.811198202582739e-05,1.065616666003391,30,highpass
1.2897721279913043e-07,7e-07,2.412013622360324e-07,2.992169723717732e-07,2.811198202582739e-05,1.065616666003391,30,highpass
1.2929743904696184e-07,7e-07,2.412013622360324e-07,2.992169723717732e-07,2.811198202582739e-05,1.065616666003391,30,highpass
1.2929743904696184e-07,7e-07,2.412013622360324e-07,2.992169723717732e-07,2.811198202582739e-05,1.065616666003391,30,highpass
1.2929743904696184e-07,7e-07,2.412013622360324e-07,2.992169723717732e-07,2.811198202582739e-05,1.065616666003391,30,highpass
1.2929743904696184e-07,7e-07,2.412013622360324e-07,2.992169723717732e-07,2.811198202582739e-05,1.065616666003391,30,highpass
1.2929743904696184e-07,7e-07,2.412013622360324e-07,2.992169723717732e-07,2.811198202582739e-05,1.065616666003391,30,highpass
1.2929743904696184e-07,7e-07,2.412013622360324e-07,2.992169723717732e-07,2.811198202582739e-05,1.065616666003391,30,highpass
1.2929743904696184e-07,7e-07,2.412013622360324e-07,2.992169723717732e-07,2.811198202582739e-05,1.065616666003391,30,highpass
1.2929743904696184e-07,7e-07,2.412013622360324e-07,2.992169723717732e-07,2.811198202582739e-05,1.065616666003391,30,highpass
1.2929743904696184e-07,7e-07,2.412013622360324e-07,2.992169723717732e-07,2.811198202582739e-05,1.065616666003391,30,highpass
1.2929743904696184e-07,7e-07,2.412013622360324e-07,2.992169723717732e-07,2.811198202582739e-05,1.065616666003391,30,highpass
1.2929743904696184e-07,7e-07,2.412013622360324e-07,2.992169723717732e-07,2.811198202582739e-05,1.065616666003391,30,highpass
1.2929743904696184e-07,7e-07,2.412013622360324e-07,2.992169723717732e-07,2.811198202582739e-05,1.065616666003391,31,highpass
1.2929743904696184e-07,7e-07,2.412013622360324e-07,2.992169723717732e-07,2.811198202582739e-05,1.065616666003391,31,highpass
1.2929743904696184e-07,7e-07,2.412013622360324e-07,2.992169723717732e-07,2.811198202582739e-05,1.065616666003391,31,highpass
1.2929743904696184e-07,7e-07,2.412013622360324e-07,2.992169723717732e-07,2.7021659378579723e-05,0.8948919260849229,31,highpass
1.2929743904696184e-07,7e-07,2.412013622360324e-07,2.992169723717732e-07,2.811198202582739e-05,1.065616666003391,31,highpass
1.2929743904696184e-07,7e-07,2.412013622360324e-07,2.992169723717732e-07,2.811198202582739e-05,1.065616666003391,31,highpass
1.2929743904696184e-07,7e-07,2.412013622360324e-07,2.992169723717732e-07,2.811198202582739e-05,1.065616666003391,31,highpass
1.2929743904696184e-07,7e-07,2.412013622360324e-07,2.992169723717732e-07,1.0803888132771204e-05,0.6445652655533187,31,highpass
1.2929743904696184e-07,7e-07,2.412013622360324e-07,2.992169723717732e-07,2.811198202582739e-05,1.065616666003391,31,highpass
1.2929743904696184e-07,7e-07,2.412013622360324e-07,2.992169723717732e-07,2.811198202582739e-05,1.065616666003391,31,highpass
1.2929743904696184e-07,7e-07,2.412013622360324e-07,2.992169723717732e-07,2.811198202582739e-05,1.065616666003391,31,highpass
1.2897721279913043e-07,7e-07,2.412013622360324e-07,2.992169723717732e-07,2.811198202582739e-05,1.065616666003391,31,highpass
1.2897721279913043e-07,7e-07,2.412013622360324e-07,2.992169723717732e-07,2.811198202582739e-05,1.065616666003391,31,highpass
1.2621188296608238e-07,7e-07,2.412013622360324e-07,2.992169723717732e-07,2.811198202582739e-05,0.7030514807866937,31,highpass
1.2929743904696184e-07,7e-07,2.412013622360324e-07,2.992169723717732e-07,2.811198202582739e-05,1.065616666003391,31,highpass
1.2929743904696184e-07,7e-07,2.412013622360324e-07,2.992169723717732e-07,2.811198202582739e-05,1.065616666003391,31,highpass
1.357626647715221e-07,7e-07,2.412013622360324e-07,2.992169723717732e-07,2.811198202582739e-05,0.8079956115930127,31,highpass
1.2929743904696184e-07,7e-07,2.412013622360324e-07,2.992169723717732e-07,2.811198202582739e-05,1.065616666003391,31,highpass
1.2929743904696184e-07,7e-07,2.412013622360324e-07,2.992169723717732e-07,2.811198202582739e-05,1.065616666003391,31,highpass
1.2929743904696184e-07,7e-07,2.412013622360324e-07,2.992169723717732e-07,2.811198202582739e-05,1.065616666003391,31,highpass
1.2929743904696184e-07,7e-07,2.412013622360324e-07,2.992169723717732e-07,2.811198202582739e-05,1.065616666003391,31,highpass
1.2929743904696184e-07,7e-07,2.412013622360324e-07,2.992169723717732e-07,2.811198202582739e-05,1.065616666003391,31,highpass
1.2929743904696184e-07,7e-07,2.412013622360324e-07,2.992169723717732e-07,2.811198202582739e-05,1.065616666003391,31,highpass
1.2929743904696184e-07,7e-07,2.412013622360324e-07,2.992169723717732e-07,2.811198202582739e-05,1.065616666003391,31,highpass
1.2929743904696184e-07,7e-07,2.412013622360324e-07,2.992169723717732e-07,2.811198202582739e-05,1.065616666003391,31,highpass
1.2897721279913043e-07,7e-07,2.412013622360324e-07,2.992169723717732e-07,2.811198202582739e-05,1.065616666003391,31,highpass
1.2929743904696184e-07,7e-07,2.412013622360324e-07,2.992169723717732e-07,2.811198202582739e-05,1.065616666003391,31,highpass
1.2929743904696184e-07,7e-07,2.412013622360324e-07,2.992169723717732e-07,2.811198202582739e-05,1.065616666003391,31,highpass
1.2929743904696184e-07,7e-07,2.412013622360324e-07,2.992169723717732e-07,2.811198202582739e-05,1.065616666003391,31,highpass
1.2929743904696184e-07,7e-07,2.412013622360324e-07,2.992169723717732e-07,2.811198202582739e-05,1.065616666003391,31,highpass
1.2929743904696184e-07,7e-07,2.412013622360324e-07,2.992169723717732e-07,2.811198202582739e-05,1.065616666003391,31,highpass
1.2929743904696184e-07,7e-07,2.412013622360324e-07,2.992169723717732e-07,2.811198202582739e-05,1.065616666003391,31,highpass
1.3481229413538115e-07,7e-07,2.412013622360324e-07,2.992169723717732e-07,2.811198202582739e-05,0.8673649521729512,31,highpass
1.2929743904696184e-07,7e-07,2.412013622360324e-07,2.992169723717732e-07,2.811198202582739e-05,1.065616666003391,31,highpass
1.2929743904696184e-07,7e-07,2.412013622360324e-07,2.992169723717732e-07,2.811198202582739e-05,1.065616666003391,31,highpass
1.2929743904696184e-07,7e-07,2.412013622360324e-07,2.992169723717732e-07,2.811198202582739e-05,1.065616666003391,31,highpass
1.2929743904696184e-07,7e-07,2.412013622360324e-07,2.992169723717732e-07,2.811198202582739e-05,1.065616666003391,31,highpass
1.2929743904696184e-07,7e-07,2.3041205807504115e-07,2.992169723717732e-07,2.811198202582739e-05,0.3004718492152359,31,highpass
1.2929743904696184e-07,6.106563188204373e-07,2.412013622360324e-07,2.992169723717732e-07,2.811198202582739e-05,0.4217527114238056,31,highpass
1.2929743904696184e-07,7e-07,2.412013622360324e-07,2.992169723717732e-07,2.811198202582739e-05,1.065616666003391,31,highpass
1.0053358262040454e-07,7e-07,2.412013622360324e-07,2.992169723717732e-07,2.811198202582739e-05,0.41261304758167316,31,highpass
1.2929743904696184e-07,7e-07,2.412013622360324e-07,2.992169723717732e-07,2.811198202582739e-05,1.065616666003391,31,highpass
1.2929743904696184e-07,7e-07,2.412013622360324e-07,2.992169723717732e-07,2.811198202582739e-05,1.065616666003391,31,highpass
1.2929743904696184e-07,7e-07,2.412013622360324e-07,2.992169723717732e-07,2.811198202582739e-05,1.065616666003391,31,highpass
1.291120921856505e-07,7e-07,2.282037998698319e-07,2.992169723717732e-07,2.811198202582739e-05,0.300145209135371,31,highpass
1.2929743904696184e-07,6.563234707854587e-07,2.412013622360324e-07,2.992169723717732e-07,2.811198202582739e-05,0.4909028460957066,31,highpass
1.2929743904696184e-07,7e-07,2.412013622360324e-07,2.992169723717732e-07,2.811198202582739e-05,1.065616666003391,31,highpass
1.2929743904696184e-07,7e-07,2.412013622360324e-07,2.992169723717732e-07,2.811198202582739e-05,1.065616666003391,31,highpass
1.2897721279913043e-07,7e-07,2.412013622360324e-07,2.992169723717732e-07,2.811198202582739e-05,1.065616666003391,31,highpass
1.2929743904696184e-07,7e-07,2.412013622360324e-07,2.992169723717732e-07,2.811198202582739e-05,1.065616666003391,31,highpass
1.2929743904696184e-07,7e-07,2.412013622360324e-07,2.992169723717732e-07,2.811198202582739e-05,1.065616666003391,32,highpass
1.2929743904696184e-07,7e-07,2.412013622360324e-07,2.992169723717732e-07,2.811198202582739e-05,1.065616666003391,32,highpass
1.2929743904696184e-07,7e-07,2.412013622360324e-07,2.992169723717732e-07,2.811198202582739e-05,1.065616666003391,32,highpass
1.2929743904696184e-07,7e-07,2.412013622360324e-07,2.992169723717732e-07,2.811198202582739e-05,1.065616666003391,32,highpass
1.2929743904696184e-07,7e-07,2.412013622360324e-07,2.992169723717732e-07,2.3110903745940362e-05,0.6587401383850746,32,highpass
1.2929743904696184e-07,7e-07,2.412013622360324e-07,2.992169723717732e-07,2.811198202582739e-05,1.065616666003391,32,highpass
1.2929743904696184e-07,7e-07,2.412013622360324e-07,2.992169723717732e-07,2.811198202582739e-05,1.065616666003391,32,highpass
1.2929743904696184e-07,7e-07,2.412013622360324e-07,2.992169723717732e-07,2.811198202582739e-05,1.065616666003391,32,highpass
1.2929743904696184e-07,7e-07,2.412013622360324e-07,2.992169723717732e-07,2.811198202582739e-05,1.065616666003391,32,highpass
1.2929743904696184e-07,7e-07,2.412013622360324e-07,2.992169723717732e-07,2.811198202582739e-05,1.065616666003391,32,highpass
1.2929743904696184e-07,7e-07,2.412013622360324e-07,2.992169723717732e-07,2.811198202582739e-05,1.065616666003391,32,highpass
1.2929743904696184e-07,7e-07,2.412013622360324e-07,2.992169723717732e-07,2.811198202582739e-05,1.065616666003391,32,highpass
1.2929743904696184e-07,7e-07,2.412013622360324e-07,2.992169723717732e-07,2.811198202582739e-05,1.065616666003391,32,highpass
1.2929743904696184e-07,7e-07,2.412013622360324e-07,2.992169723717732e-07,2.811198202582739e-05,1.065616666003391,32,highpass
1.2929743904696184e-07,7e-07,2.412013622360324e-07,2.992169723717732e-07,2.811198202582739e-05,1.065616666003391,32,highpass
1.2929743904696184e-07,6.931704969800761e-07,2.412013622360324e-07,2.992169723717732e-07,2.811198202582739e-05,0.9011790365644563,32,highpass
1.2929743904696184e-07,7e-07,2.412013622360324e-07,2.992169723717732e-07,2.811198202582739e-05,1.065616666003391,32,highpass
1.2929743904696184e-07,7e-07,2.412013622360324e-07,2.992169723717732e-07,2.811198202582739e-05,1.065616666003391,32,highpass
1.2929743904696184e-07,7e-07,2.412013622360324e-07,2.992169723717732e-07,2.811198202582739e-05,1.065616666003391,32,highpass
1.2929743904696184e-07,7e-07,2.412013622360324e-07,3e-07,2.811198202582739e-05,0.9701304012763945,32,highpass
1.2929743904696184e-07,7e-07,2.412013622360324e-07,2.992169723717732e-07,2.811198202582739e-05,1.065616666003391,32,highpass
1.2929743904696184e-07,7e-07,2.412013622360324e-07,2.992169723717732e-07,2.811198202582739e-05,1.065616666003391,32,highpass
1.2929743904696184e-07,7e-07,2.412013622360324e-07,2.992169723717732e-07,2.811198202582739e-05,1.065616666003391,32,highpass
1.2929743904696184e-07,7e-07,2.412013622360324e-07,2.992169723717732e-07,2.811198202582739e-05,1.065616666003391,32,highpass
1.2897721279913043e-07,7e-07,2.412013622360324e-07,2.992169723717732e-07,2.811198202582739e-05,1.065616666003391,32,highpass
1.2897721279913043e-07,7e-07,2.412013622360324e-07,2.992169723717732e-07,2.811198202582739e-05,1.065616666003391,32,highpass
1.2929743904696184e-07,7e-07,2.412013622360324e-07,2.992169723717732e-07,2.811198202582739e-05,1.065616666003391,32,highpass
1.2929743904696184e-07,7e-07,2.412013622360324e-07,2.992169723717732e-07,2.811198202582739e-05,1.065616666003391,32,highpass
1.2929743904696184e-07,7e-07,2.412013622360324e-07,2.992169723717732e-07,2.811198202582739e-05,1.065616666003391,32,highpass
1.2929743904696184e-07,7e-07,2.412013622360324e-07,2.992169723717732e-07,2.811198202582739e-05,1.065616666003391,32,highpass
1.2897721279913043e-07,7e-07,2.412013622360324e-07,2.992169723717732e-07,2.811198202582739e-05,1.065616666003391,32,highpass
1.2929743904696184e-07,7e-07,2.412013622360324e-07,2.992169723717732e-07,2.811198202582739e-05,1.065616666003391,32,highpass
1.2929743904696184e-07,7e-07,2.412013622360324e-07,2.3907180081657015e-07,2.811198202582739e-05,0.2976609911979087,32,highpass
1.2929743904696184e-07,7e-07,2.412013622360324e-07,2.992169723717732e-07,2.811198202582739e-05,1.065616666003391,32,highpass
1.2929743904696184e-07,7e-07,2.412013622360324e-07,2.992169723717732e-07,2.811198202582739e-05,1.065616666003391,32,highpass
1.2929743904696184e-07,7e-07,2.412013622360324e-07,2.992169723717732e-07,2.811198202582739e-05,1.065616666003391,32,highpass
1.2897721279913043e-07,7e-07,2.412013622360324e-07,2.992169723717732e-07,2.811198202582739e-05,1.065616666003391,32,highpass
1.2929743904696184e-07,7e-07,2.412013622360324e-07,2.992169723717732e-07,2.811198202582739e-05,1.065616666003391,32,highpass
1.2929743904696184e-07,7e-07,2.412013622360324e-07,2.992169723717732e-07,2.811198202582739e-05,1.065616666003391,32,highpass
1.2929743904696184e-07,7e-07,2.412013622360324e-07,2.992169723717732e-07,2.811198202582739e-05,1.065616666003391,32,highpass
1.2929743904696184e-07,7e-07,2.412013622360324e-07,2.992169723717732e-07,2.811198202582739e-05,1.065616666003391,32,highpass
1.2897721279913043e-07,7e-07,2.412013622360324e-07,2.992169723717732e-07,2.811198202582739e-05,1.065616666003391,32,highpass
1.2929743904696184e-07,7e-07,2.412013622360324e-07,2.992169723717732e-07,2.811198202582739e-05,1.065616666003391,32,highpass
1.2897721279913043e-07,7e-07,2.412013622360324e-07,2.992169723717732e-07,2.811198202582739e-05,1.065616666003391,32,highpass
1.2897721279913043e-07,6.966151079151953e-07,2.412013622360324e-07,2.992169723717732e-07,2.811198202582739e-05,0.9864063602961832,32,highpass
1.2929743904696184e-07,7e-07,2.412013622360324e-07,2.992169723717732e-07,2.811198202582739e-05,1.065616666003391,32,highpass
1.2929743904696184e-07,7e-07,2.412013622360324e-07,2.992169723717732e-07,2.811198202582739e-05,1.065616666003391,32,highpass
1.2929743904696184e-07,7e-07,2.412013622360324e-07,2.992169723717732e-07,2.811198202582739e-05,1.065616666003391,32,highpass
1.2929743904696184e-07,7e-07,2.3533210698305235e-07,2.992169723717732e-07,2.811198202582739e-05,0.3034614001255364,32,highpass
1.2929743904696184e-07,7e-07,2.4241902675220696e-07,2.992169723717732e-07,2.811198202582739e-05,0.7724838420026079,32,highpass
1.2929743904696184e-07,7e-07,2.412013622360324e-07,2.992169723717732e-07,2.811198202582739e-05,1.065616666003391,33,highpass
1.2929743904696184e-07,7e-07,2.412013622360324e-07,2.992169723717732e-07,2.811198202582739e-05,1.065616666003391,33,highpass
1.2929743904696184e-07,7e-07,2.412013622360324e-07,2.992169723717732e-07,2.811198202582739e-05,1.065616666003391,33,highpass
1.2929743904696184e-07,7e-07,2.412013622360324e-07,2.992169723717732e-07,2.811198202582739e-05,1.065616666003391,33,highpass
1.2929743904696184e-07,7e-07,2.412013622360324e-07,2.992169723717732e-07,2.811198202582739e-05,1.065616666003391,33,highpass
1.2929743904696184e-07,7e-07,2.412013622360324e-07,2.992169723717732e-07,2.811198202582739e-05,1.065616666003391,33,highpass
1.2929743904696184e-07,7e-07,2.412013622360324e-07,2.992169723717732e-07,2.811198202582739e-05,1.065616666003391,33,highpass
1.2929743904696184e-07,7e-07,2.412013622360324e-07,2.992169723717732e-07,2.811198202582739e-05,1.065616666003391,33,highpass
1.2929743904696184e-07,7e-07,2.412013622360324e-07,2.992169723717732e-07,2.811198202582739e-05,1.065616666003391,33,highpass
1.2929743904696184e-07,7e-07,2.412013622360324e-07,2.992169723717732e-07,2.811198202582739e-05,1.065616666003391,33,highpass
1.2929743904696184e-07,7e-07,2.412013622360324e-07,2.992169723717732e-07,2.811198202582739e-05,1.065616666003391,33,highpass
1.2929743904696184e-07,7e-07,2.412013622360324e-07,2.992169723717732e-07,2.811198202582739e-05,1.065616666003391,33,highpass
1.2929743904696184e-07,7e-07,2.412013622360324e-07,1.989644847666636e-07,2.811198202582739e-05,0.06592546875443184,33,highpass
1.2929743904696184e-07,7e-07,2.412013622360324e-07,2.992169723717732e-07,2.811198202582739e-05,1.065616666003391,33,highpass
1.2929743904696184e-07,7e-07,2.412013622360324e-07,2.992169723717732e-07,2.811198202582739e-05,1.065616666003391,33,highpass
1.2929743904696184e-07,7e-07,2.412013622360324e-07,2.992169723717732e-07,2.811198202582739e-05,1.065616666003391,33,highpass
1.2897721279913043e-07,7e-07,2.412013622360324e-07,2.992169723717732e-07,2.811198202582739e-05,1.065616666003391,33,highpass
1.2929743904696184e-07,7e-07,2.412013622360324e-07,2.992169723717732e-07,2.811198202582739e-05,1.065616666003391,33,highpass
1.2929743904696184e-07,7e-07,2.412013622360324e-07,2.992169723717732e-07,2.811198202582739e-05,1.065616666003391,33,highpass
1.2929743904696184e-07,7e-07,2.412013622360324e-07,2.992169723717732e-07,2.811198202582739e-05,1.065616666003391,33,highpass
1.2929743904696184e-07,7e-07,2.472255716763044e-07,2.992169723717732e-07,2.811198202582739e-05,0.06302264418092657,33,highpass
1.2929743904696184e-07,7e-07,2.412013622360324e-07,2.992169723717732e-07,2.811198202582739e-05,1.065616666003391,33,highpass
1.2929743904696184e-07,7e-07,2.030241362358659e-07,2.992169723717732e-07,2.811198202582739e-05,0.07011578462100997,33,highpass
1.2929743904696184e-07,7e-07,2.412013622360324e-07,2.992169723717732e-07,2.811198202582739e-05,1.065616666003391,33,highpass
1.2929743904696184e-07,7e-07,2.412013622360324e-07,2.992169723717732e-07,2.811198202582739e-05,1.065616666003391,33,highpass
1.2929743904696184e-07,4.4712378371844933e-07,2.412013622360324e-07,2.992169723717732e-07,2.811198202582739e-05,0.04052767193151428,33,highpass
1.2929743904696184e-07,7e-07,2.412013622360324e-07,2.992169723717732e-07,2.811198202582739e-05,1.065616666003391,33,highpass
1.2929743904696184e-07,7e-07,2.4406908173272716e-07,2.992169723717732e-07,2.811198202582739e-05,0.8130813982885974,33,highpass
1.2929743904696184e-07,7e-07,2.412013622360324e-07,2.992169723717732e-07,2.811198202582739e-05,1.065616666003391,33,highpass
1.2929743904696184e-07,7e-07,2.412013622360324e-07,2.992169723717732e-07,2.811198202582739e-05,1.065616666003391,33,highpass
1.2929743904696184e-07,7e-07,2.412013622360324e-07,2.992169723717732e-07,2.811198202582739e-05,1.065616666003391,33,highpass
1.2929743904696184e-07,7e-07,2.412013622360324e-07,2.992169723717732e-07,2.811198202582739e-05,1.065616666003391,33,highpass
1.2929743904696184e-07,7e-07,2.412013622360324e-07,2.992169723717732e-07,2.811198202582739e-05,1.065616666003391,33,highpass
1.2929743904696184e-07,7e-07,2.3961852721321744e-07,2.992169723717732e-07,2.811198202582739e-05,0.5455321514201573,33,highpass
1.2897721279913043e-07,7e-07,2.412013622360324e-07,2.992169723717732e-07,2.811198202582739e-05,1.065616666003391,33,highpass
1.2929743904696184e-07,7e-07,1.4429423391529756e-07,2.992169723717732e-07,2.811198202582739e-05,-0.03513098631468479,33,highpass
1.2929743904696184e-07,7e-07,2.412013622360324e-07,2.992169723717732e-07,2.811198202582739e-05,1.065616666003391,33,highpass
1.2929743904696184e-07,7e-07,2.412013622360324e-07,2.992169723717732e-07,2.811198202582739e-05,1.065616666003391,33,highpass
1.8442069689929455e-07,7e-07,2.412013622360324e-07,2.992169723717732e-07,2.811198202582739e-05,0.39782522648194063,33,highpass
1.2929743904696184e-07,7e-07,2.412013622360324e-07,2.992169723717732e-07,2.811198202582739e-05,1.065616666003391,33,highpass
1.2929743904696184e-07,7e-07,2.412013622360324e-07,2.992169723717732e-07,2.811198202582739e-05,1.065616666003391,33,highpass
1.2929743904696184e-07,7e-07,2.412013622360324e-07,2.920684821182367e-07,2.811198202582739e-05,0.7041203241800109,33,highpass
1.2929743904696184e-07,7e-07,2.412013622360324e-07,2.992169723717732e-07,2.811198202582739e-05,1.065616666003391,33,highpass
1.2929743904696184e-07,7e-07,2.412013622360324e-07,2.992169723717732e-07,2.811198202582739e-05,1.065616666003391,33,highpass
1.2929743904696184e-07,7e-07,2.412013622360324e-07,2.992169723717732e-07,2.811198202582739e-05,1.065616666003391,33,highpass
1.2929743904696184e-07,7e-07,2.412013622360324e-07,2.992169723717732e-07,2.811198202582739e-05,1.065616666003391,33,highpass
1.2929743904696184e-07,7e-07,2.412013622360324e-07,2.992169723717732e-07,2.811198202582739e-05,1.065616666003391,33,highpass
1.2929743904696184e-07,7e-07,2.412013622360324e-07,2.992169723717732e-07,2.811198202582739e-05,1.065616666003391,33,highpass
1.2929743904696184e-07,7e-07,2.412013622360324e-07,2.992169723717732e-07,2.811198202582739e-05,1.065616666003391,33,highpass
1.2929743904696184e-07,7e-07,2.412013622360324e-07,2.992169723717732e-07,2.811198202582739e-05,1.065616666003391,33,highpass
1.2929743904696184e-07,7e-07,2.412013622360324e-07,2.992169723717732e-07,2.811198202582739e-05,1.065616666003391,34,highpass
1.2929743904696184e-07,7e-07,2.412013622360324e-07,2.992169723717732e-07,2.811198202582739e-05,1.065616666003391,34,highpass
1.2929743904696184e-07,7e-07,2.412013622360324e-07,2.992169723717732e-07,2.811198202582739e-05,1.065616666003391,34,highpass
1.2897721279913043e-07,7e-07,2.400197261210395e-07,2.992169723717732e-07,2.811198202582739e-05,0.5986171785293823,34,highpass
1.2929743904696184e-07,7e-07,2.412013622360324e-07,2.992169723717732e-07,2.811198202582739e-05,1.065616666003391,34,highpass
1.2929743904696184e-07,7e-07,2.412013622360324e-07,2.992169723717732e-07,2.811198202582739e-05,1.065616666003391,34,highpass
1.2929743904696184e-07,7e-07,2.412013622360324e-07,2.992169723717732e-07,2.811198202582739e-05,1.065616666003391,34,highpass
1.2929743904696184e-07,7e-07,2.412013622360324e-07,2.992169723717732e-07,2.811198202582739e-05,1.065616666003391,34,highpass
1.2929743904696184e-07,7e-07,2.412013622360324e-07,2.9744331987107224e-07,2.811198202582739e-05,0.9564636415528929,34,highpass
1.2929743904696184e-07,7e-07,2.412013622360324e-07,2.992169723717732e-07,2.811198202582739e-05,1.065616666003391,34,highpass
1.2929743904696184e-07,7e-07,2.412013622360324e-07,2.992169723717732e-07,2.811198202582739e-05,1.065616666003391,34,highpass
1.2897721279913043e-07,7e-07,2.412013622360324e-07,2.992169723717732e-07,2.811198202582739e-05,1.065616666003391,34,highpass
1.2897721279913043e-07,7e-07,2.412013622360324e-07,2.992169723717732e-07,2.811198202582739e-05,1.065616666003391,34,highpass
1.2929743904696184e-07,7e-07,2.412013622360324e-07,2.992169723717732e-07,2.811198202582739e-05,1.065616666003391,34,highpass
1.2897721279913043e-07,7e-07,2.412013622360324e-07,2.992169723717732e-07,2.811198202582739e-05,1.065616666003391,34,highpass
1.2929743904696184e-07,7e-07,2.412013622360324e-07,2.992169723717732e-07,2.811198202582739e-05,1.065616666003391,34,highpass
1.2929743904696184e-07,7e-07,2.412013622360324e-07,2.992169723717732e-07,2.811198202582739e-05,1.065616666003391,34,highpass
1.2929743904696184e-07,7e-07,2.412013622360324e-07,2.992169723717732e-07,2.811198202582739e-05,1.065616666003391,34,highpass
1.2929743904696184e-07,7e-07,2.412013622360324e-07,2.992169723717732e-07,2.811198202582739e-05,1.065616666003391,34,highpass
1.2929743904696184e-07,7e-07,2.412013622360324e-07,2.992169723717732e-07,2.811198202582739e-05,1.065616666003391,34,highpass
1.2929743904696184e-07,7e-07,2.412013622360324e-07,2.992169723717732e-07,2.811198202582739e-05,1.065616666003391,34,highpass
1.2929743904696184e-07,7e-07,2.412013622360324e-07,2.992169723717732e-07,1.490880055174056e-05,0.9294822441339153,34,highpass
1.2929743904696184e-07,7e-07,2.412013622360324e-07,2.992169723717732e-07,2.811198202582739e-05,1.065616666003391,34,highpass
1.2929743904696184e-07,7e-07,2.412013622360324e-07,2.992169723717732e-07,2.811198202582739e-05,1.065616666003391,34,highpass
1.2929743904696184e-07,7e-07,2.412013622360324e-07,2.992169723717732e-07,2.811198202582739e-05,1.065616666003391,34,highpass
1.2929743904696184e-07,7e-07,2.412013622360324e-07,2.992169723717732e-07,2.6667192528026213e-05,0.6620481542190493,34,highpass
1.2929743904696184e-07,7e-07,2.412013622360324e-07,2.992169723717732e-07,2.811198202582739e-05,1.065616666003391,34,highpass
1.2929743904696184e-07,7e-07,2.412013622360324e-07,2.992169723717732e-07,2.811198202582739e-05,1.065616666003391,34,highpass
1.2929743904696184e-07,7e-07,2.412013622360324e-07,2.992169723717732e-07,2.811198202582739e-05,1.065616666003391,34,highpass
1.2929743904696184e-07,7e-07,2.412013622360324e-07,2.992169723717732e-07,2.811198202582739e-05,1.065616666003391,34,highpass
1.2929743904696184e-07,7e-07,2.412013622360324e-07,2.992169723717732e-07,2.811198202582739e-05,1.065616666003391,34,highpass
1.2929743904696184e-07,7e-07,2.412013622360324e-07,2.992169723717732e-07,2.811198202582739e-05,1.065616666003391,34,highpass
1.2929743904696184e-07,7e-07,2.412013622360324e-07,2.992169723717732e-07,2.811198202582739e-05,1.065616666003391,34,highpass
1.2929743904696184e-07,7e-07,2.412013622360324e-07,2.992169723717732e-07,2.811198202582739e-05,1.065616666003391,34,highpass
1.2929743904696184e-07,7e-07,2.412013622360324e-07,2.992169723717732e-07,2.811198202582739e-05,1.065616666003391,34,highpass
1.2929743904696184e-07,7e-07,2.412013622360324e-07,2.992169723717732e-07,2.811198202582739e-05,1.065616666003391,34,highpass
1.2929743904696184e-07,7e-07,2.412013622360324e-07,2.992169723717732e-07,2.811198202582739e-05,1.065616666003391,34,highpass
1.2897721279913043e-07,7e-07,2.412013622360324e-07,2.992169723717732e-07,2.811198202582739e-05,1.065616666003391,34,highpass
1.2929743904696184e-07,7e-07,2.412013622360324e-07,2.992169723717732e-07,2.811198202582739e-05,1.065616666003391,34,highpass
1.2929743904696184e-07,7e-07,2.412013622360324e-07,2.992169723717732e-07,2.811198202582739e-05,1.065616666003391,34,highpass
1.2929743904696184e-07,7e-07,2.412013622360324e-07,2.992169723717732e-07,2.811198202582739e-05,1.065616666003391,34,highpass
1.2929743904696184e-07,7e-07,2.412013622360324e-07,2.992169723717732e-07,2.811198202582739e-05,1.065616666003391,34,highpass
1.2929743904696184e-07,7e-07,2.412013622360324e-07,2.992169723717732e-07,2.811198202582739e-05,1.065616666003391,34,highpass
1.2929743904696184e-07,7e-07,2.412013622360324e-07,2.992169723717732e-07,2.811198202582739e-05,1.065616666003391,34,highpass
1.2929743904696184e-07,7e-07,2.412013622360324e-07,3e-07,2.811198202582739e-05,0.9701304012763945,34,highpass
1.2929743904696184e-07,7e-07,2.412013622360324e-07,2.992169723717732e-07,2.811198202582739e-05,1.065616666003391,34,highpass
1.2929743904696184e-07,7e-07,2.412013622360324e-07,2.992169723717732e-07,2.811198202582739e-05,1.065616666003391,34,highpass
1.2929743904696184e-07,7e-07,2.412013622360324e-07,2.992169723717732e-07,2.811198202582739e-05,1.065616666003391,34,highpass
1.2929743904696184e-07,7e-07,2.412013622360324e-07,2.992169723717732e-07,2.811198202582739e-05,1.065616666003391,34,highpass
1.2929743904696184e-07,7e-07,2.412013622360324e-07,2.992169723717732e-07,2.811198202582739e-05,1.065616666003391,34,highpass
1.2929743904696184e-07,7e-07,2.412013622360324e-07,2.992169723717732e-07,2.811198202582739e-05,1.0718672471958404,35,highpass
1.2897721279913043e-07,7e-07,2.412013622360324e-07,2.992169723717732e-07,2.811198202582739e-05,1.0718672471958404,35,highpass
1.2929743904696184e-07,7e-07,2.412013622360324e-07,2.992169723717732e-07,2.811198202582739e-05,1.0718672471958404,35,highpass
1.2929743904696184e-07,7e-07,2.412013622360324e-07,2.992169723717732e-07,2.811198202582739e-05,1.0718672471958404,35,highpass
1.2897721279913043e-07,7e-07,2.412013622360324e-07,2.992169723717732e-07,2.811198202582739e-05,1.0718672471958404,35,highpass
1.2929743904696184e-07,7e-07,2.412013622360324e-07,2.992169723717732e-07,2.811198202582739e-05,1.0718672471958404,35,highpass
1.2929743904696184e-07,7e-07,2.412013622360324e-07,2.992169723717732e-07,2.811198202582739e-05,1.0718672471958404,35,highpass
1.2897721279913043e-07,7e-07,2.412013622360324e-07,2.992169723717732e-07,2.811198202582739e-05,1.0718672471958404,35,highpass
1.2929743904696184e-07,7e-07,2.412013622360324e-07,2.992169723717732e-07,2.811198202582739e-05,1.0718672471958404,35,highpass
1.2929743904696184e-07,7e-07,2.412013622360324e-07,2.992169723717732e-07,2.811198202582739e-05,1.0718672471958404,35,highpass
1.2929743904696184e-07,7e-07,2.412013622360324e-07,2.992169723717732e-07,2.811198202582739e-05,1.0718672471958404,35,highpass
1.2929743904696184e-07,7e-07,2.412013622360324e-07,2.992169723717732e-07,2.811198202582739e-05,1.0718672471958404,35,highpass
1.2897721279913043e-07,7e-07,2.412013622360324e-07,2.992169723717732e-07,2.811198202582739e-05,1.0718672471958404,35,highpass
1.2929743904696184e-07,7e-07,2.412013622360324e-07,2.1746399790153066e-07,2.811198202582739e-05,0.201247556784904,35,highpass
1.2929743904696184e-07,7e-07,2.412013622360324e-07,2.992169723717732e-07,2.811198202582739e-05,1.0718672471958404,35,highpass
1.2929743904696184e-07,7e-07,2.412013622360324e-07,2.992169723717732e-07,2.811198202582739e-05,1.0718672471958404,35,highpass
1.2929743904696184e-07,7e-07,2.412013622360324e-07,2.992169723717732e-07,2.811198202582739e-05,1.0718672471958404,35,highpass
1.2897721279913043e-07,7e-07,2.412013622360324e-07,2.992169723717732e-07,2.811198202582739e-05,1.0718672471958404,35,highpass
1.2929743904696184e-07,7e-07,2.412013622360324e-07,2.992169723717732e-07,2.811198202582739e-05,1.0718672471958404,35,highpass
1.2929743904696184e-07,7e-07,2.4397071359690764e-07,2.992169723717732e-07,2.811198202582739e-05,0.8426472076454458,35,highpass
1.2929743904696184e-07,7e-07,2.412013622360324e-07,2.992169723717732e-07,2.811198202582739e-05,1.0718672471958404,35,highpass
1.24466984905811e-07,7e-07,2.412013622360324e-07,2.992169723717732e-07,2.811198202582739e-05,0.6987129735724749,35,highpass
1.2929743904696184e-07,6.909802487975118e-07,2.412013622360324e-07,2.992169723717732e-07,2.811198202582739e-05,0.8208839528904117,35,highpass
1.2929743904696184e-07,7e-07,2.412013622360324e-07,2.992169723717732e-07,2.811198202582739e-05,1.0718672471958404,35,highpass
1.2929743904696184e-07,7e-07,2.412013622360324e-07,2.992169723717732e-07,2.811198202582739e-05,1.0718672471958404,35,highpass
1.2897721279913043e-07,7e-07,2.412013622360324e-07,2.992169723717732e-07,2.811198202582739e-05,1.0718672471958404,35,highpass
1.2929743904696184e-07,7e-07,2.412013622360324e-07,2.992169723717732e-07,2.811198202582739e-05,1.0718672471958404,35,highpass
1.2929743904696184e-07,7e-07,2.412013622360324e-07,2.992169723717732e-07,2.811198202582739e-05,1.0718672471958404,35,highpass
1.2929743904696184e-07,7e-07,2.412013622360324e-07,2.992169723717732e-07,2.811198202582739e-05,1.0718672471958404,35,highpass
1.2929743904696184e-07,7e-07,2.412013622360324e-07,2.992169723717732e-07,2.811198202582739e-05,1.0718672471958404,35,highpass
1.2929743904696184e-07,7e-07,2.3618618965137807e-07,2.992169723717732e-07,2.811198202582739e-05,0.3449106633796181,35,highpass
1.2929743904696184e-07,7e-07,2.412013622360324e-07,2.992169723717732e-07,2.811198202582739e-05,1.0718672471958404,35,highpass
1.2929743904696184e-07,7e-07,2.412013622360324e-07,2.992169723717732e-07,2.811198202582739e-05,1.0718672471958404,35,highpass
1.2929743904696184e-07,7e-07,2.412013622360324e-07,2.992169723717732e-07,2.811198202582739e-05,1.0718672471958404,35,highpass
1.2929743904696184e-07,7e-07,2.412013622360324e-07,2.992169723717732e-07,2.811198202582739e-05,1.0718672471958404,35,highpass
1.2929743904696184e-07,7e-07,2.412013622360324e-07,2.992169723717732e-07,2.811198202582739e-05,1.0718672471958404,35,highpass
1.2929743904696184e-07,7e-07,2.412013622360324e-07,2.3313216020755555e-07,2.811198202582739e-05,0.29422013459020413,35,highpass
1.2929743904696184e-07,7e-07,2.412013622360324e-07,2.992169723717732e-07,2.811198202582739e-05,1.0718672471958404,35,highpass
1.2929743904696184e-07,7e-07,2.412013622360324e-07,2.992169723717732e-07,2.811198202582739e-05,1.0718672471958404,35,highpass
1.2929743904696184e-07,6.188754145572328e-07,2.412013622360324e-07,2.992169723717732e-07,2.811198202582739e-05,0.3555505031767273,35,highpass
1.2929743904696184e-07,7e-07,2.412013622360324e-07,2.992169723717732e-07,2.811198202582739e-05,1.0718672471958404,35,highpass
1.2929743904696184e-07,7e-07,2.412013622360324e-07,2.992169723717732e-07,2.811198202582739e-05,1.0718672471958404,35,highpass
1.2897721279913043e-07,7e-07,2.412013622360324e-07,2.992169723717732e-07,2.811198202582739e-05,1.0718672471958404,35,highpass
1.2929743904696184e-07,7e-07,2.412013622360324e-07,2.992169723717732e-07,3.0365812369946823e-05,0.6077903504994073,35,highpass
1.2929743904696184e-07,7e-07,2.412013622360324e-07,2.992169723717732e-07,2.811198202582739e-05,1.0718672471958404,35,highpass
1.2929743904696184e-07,7e-07,2.412013622360324e-07,2.992169723717732e-07,2.811198202582739e-05,1.0718672471958404,35,highpass
1.2929743904696184e-07,7e-07,2.412013622360324e-07,2.992169723717732e-07,2.811198202582739e-05,1.0718672471958404,35,highpass
1.2929743904696184e-07,7e-07,2.412013622360324e-07,2.992169723717732e-07,2.811198202582739e-05,1.0718672471958404,35,highpass
1.2929743904696184e-07,7e-07,2.412013622360324e-07,2.992169723717732e-07,2.811198202582739e-05,1.0718672471958404,35,highpass
1.2897721279913043e-07,7e-07,2.412013622360324e-07,2.992169723717732e-07,2.811198202582739e-05,1.0718672471958404,35,highpass
1.2929743904696184e-07,7e-07,2.412013622360324e-07,2.992169723717732e-07,2.811198202582739e-05,1.0718672471958404,36,highpass
1.2897721279913043e-07,7e-07,2.412013622360324e-07,2.992169723717732e-07,2.811198202582739e-05,1.0718672471958404,36,highpass
1.2929743904696184e-07,5.886633487923866e-07,2.412013622360324e-07,2.992169723717732e-07,2.811198202582739e-05,0.1917342851680592,36,highpass
1.2929743904696184e-07,7e-07,2.412013622360324e-07,2.992169723717732e-07,2.811198202582739e-05,1.0718672471958404,36,highpass
1.2897721279913043e-07,7e-07,2.412013622360324e-07,2.992169723717732e-07,2.811198202582739e-05,1.0718672471958404,36,highpass
1.2929743904696184e-07,7e-07,2.412013622360324e-07,3e-07,2.811198202582739e-05,0.9701304012763945,36,highpass
1.2929743904696184e-07,7e-07,2.412013622360324e-07,2.992169723717732e-07,2.811198202582739e-05,1.0718672471958404,36,highpass
1.2897721279913043e-07,7e-07,1.1247378451226206e-07,2.992169723717732e-07,2.811198202582739e-05,0.1696378936952679,36,highpass
1.2897721279913043e-07,7e-07,2.412013622360324e-07,2.992169723717732e-07,2.811198202582739e-05,1.0718672471958404,36,highpass
1.2897721279913043e-07,7e-07,2.412013622360324e-07,2.992169723717732e-07,2.811198202582739e-05,1.0718672471958404,36,highpass
1.2929743904696184e-07,7e-07,2.412013622360324e-07,2.992169723717732e-07,2.811198202582739e-05,1.0718672471958404,36,highpass
1.2929743904696184e-07,7e-07,2.3464400028095455e-07,2.992169723717732e-07,2.811198202582739e-05,0.30220084516072765,36,highpass
1.2929743904696184e-07,7e-07,2.412013622360324e-07,2.992169723717732e-07,2.811198202582739e-05,1.0718672471958404,36,highpass
1.2929743904696184e-07,7e-07,2.412013622360324e-07,2.992169723717732e-07,2.811198202582739e-05,1.0718672471958404,36,highpass
1.2929743904696184e-07,7e-07,2.412013622360324e-07,2.992169723717732e-07,2.811198202582739e-05,1.0718672471958404,36,highpass
1.2929743904696184e-07,7e-07,2.412013622360324e-07,2.992169723717732e-07,2.811198202582739e-05,1.0718672471958404,36,highpass
1.2897721279913043e-07,7e-07,2.412013622360324e-07,2.992169723717732e-07,3.9554302317737855e-05,0.35645755056757356,36,highpass
1.2929743904696184e-07,7e-07,2.412013622360324e-07,2.992169723717732e-07,2.811198202582739e-05,1.0718672471958404,36,highpass
1.2929743904696184e-07,6.150338839566909e-07,2.412013622360324e-07,2.992169723717732e-07,2.811198202582739e-05,0.35999385378865056,36,highpass
1.2929743904696184e-07,7e-07,2.412013622360324e-07,2.992169723717732e-07,2.811198202582739e-05,1.0718672471958404,36,highpass
1.2929743904696184e-07,3.778659828317363e-07,2.412013622360324e-07,2.992169723717732e-07,2.811198202582739e-05,0.12497687988312665,36,highpass
1.2929743904696184e-07,7e-07,2.412013622360324e-07,2.992169723717732e-07,2.811198202582739e-05,1.0718672471958404,36,highpass
1.2929743904696184e-07,7e-07,2.412013622360324e-07,2.992169723717732e-07,2.811198202582739e-05,1.0718672471958404,36,highpass
1.6154216556683013e-07,7e-07,2.412013622360324e-07,2.992169723717732e-07,2.811198202582739e-05,0.4160713436539133,36,highpass
1.2929743904696184e-07,7e-07,2.412013622360324e-07,2.992169723717732e-07,2.811198202582739e-05,1.0718672471958404,36,highpass
1.2897721279913043e-07,7e-07,2.412013622360324e-07,2.992169723717732e-07,2.811198202582739e-05,1.0718672471958404,36,highpass
1.2929743904696184e-07,7e-07,2.412013622360324e-07,2.992169723717732e-07,2.811198202582739e-05,1.0718672471958404,36,highpass
1.2929743904696184e-07,7e-07,2.412013622360324e-07,2.992169723717732e-07,2.811198202582739e-05,1.0718672471958404,36,highpass
1.2929743904696184e-07,7e-07,2.412013622360324e-07,2.992169723717732e-07,2.811198202582739e-05,1.0718672471958404,36,highpass
1.2929743904696184e-07,7e-07,2.412013622360324e-07,2.992169723717732e-07,2.811198202582739e-05,1.0718672471958404,36,highpass
1.2929743904696184e-07,7e-07,2.412013622360324e-07,2.992169723717732e-07,2.811198202582739e-05,1.0718672471958404,36,highpass
1.2897721279913043e-07,7e-07,2.3515433578428627e-07,2.992169723717732e-07,2.811198202582739e-05,0.30220084516072765,36,highpass
1.2929743904696184e-07,7e-07,2.412013622360324e-07,2.992169723717732e-07,2.811198202582739e-05,1.0718672471958404,36,highpass
1.2929743904696184e-07,7e-07,2.412013622360324e-07,2.992169723717732e-07,2.811198202582739e-05,1.0718672471958404,36,highpass
1.2929743904696184e-07,7e-07,2.412013622360324e-07,2.9517327419295933e-07,2.811198202582739e-05,0.762179203330123,36,highpass
1.2929743904696184e-07,7e-07,2.412013622360324e-07,2.992169723717732e-07,2.811198202582739e-05,1.0718672471958404,36,highpass
1.2929743904696184e-07,7e-07,2.412013622360324e-07,2.992169723717732e-07,2.811198202582739e-05,1.0718672471958404,36,highpass
1.2929743904696184e-07,7e-07,2.412013622360324e-07,2.992169723717732e-07,2.811198202582739e-05,1.0718672471958404,36,highpass
1.2929743904696184e-07,6.998414910171191e-07,2.412013622360324e-07,2.992169723717732e-07,2.811198202582739e-05,1.0718672471958404,36,highpass
1.2897721279913043e-07,7e-07,2.412013622360324e-07,2.992169723717732e-07,2.811198202582739e-05,1.0718672471958404,36,highpass
1.2929743904696184e-07,7e-07,2.412013622360324e-07,2.992169723717732e-07,2.811198202582739e-05,1.0718672471958404,36,highpass
1.2929743904696184e-07,7e-07,2.430090987526179e-07,2.992169723717732e-07,2.811198202582739e-05,0.7011056234719739,36,highpass
2.1335178419352546e-07,7e-07,2.412013622360324e-07,2.992169723717732e-07,2.811198202582739e-05,0.07033348837178201,36,highpass
1.2929743904696184e-07,7e-07,2.412013622360324e-07,2.992169723717732e-07,2.811198202582739e-05,1.0718672471958404,36,highpass
1.2929743904696184e-07,7e-07,2.412013622360324e-07,2.992169723717732e-07,2.811198202582739e-05,1.0718672471958404,36,highpass
1.2929743904696184e-07,7e-07,2.412013622360324e-07,2.992169723717732e-07,2.811198202582739e-05,1.0718672471958404,36,highpass
1.2929743904696184e-07,7e-07,2.412013622360324e-07,2.992169723717732e-07,2.811198202582739e-05,1.0718672471958404,36,highpass
1.2929743904696184e-07,7e-07,2.412013622360324e-07,2.992169723717732e-07,2.811198202582739e-05,1.0718672471958404,36,highpass
1.2929743904696184e-07,7e-07,2.412013622360324e-07,2.992169723717732e-07,2.811198202582739e-05,1.0718672471958404,36,highpass
1.2897721279913043e-07,7e-07,2.412013622360324e-07,2.992169723717732e-07,2.811198202582739e-05,1.0718672471958404,36,highpass
1.2929743904696184e-07,7e-07,2.412013622360324e-07,2.992169723717732e-07,2.811198202582739e-05,1.0718672471958404,37,highpass
1.2929743904696184e-07,7e-07,2.412013622360324e-07,3e-07,2.811198202582739e-05,0.9701304012763945,37,highpass
1.2929743904696184e-07,7e-07,2.412013622360324e-07,2.992169723717732e-07,2.811198202582739e-05,1.0718672471958404,37,highpass
1.2929743904696184e-07,7e-07,2.412013622360324e-07,2.992169723717732e-07,2.811198202582739e-05,1.0718672471958404,37,highpass
1.2929743904696184e-07,7e-07,2.412013622360324e-07,2.992169723717732e-07,2.811198202582739e-05,1.0718672471958404,37,highpass
1.2929743904696184e-07,7e-07,2.412013622360324e-07,2.992169723717732e-07,2.811198202582739e-05,1.0718672471958404,37,highpass
1.2929743904696184e-07,7e-07,2.412013622360324e-07,2.992169723717732e-07,3.379490018593367e-05,0.548114084104286,37,highpass
1.2929743904696184e-07,7e-07,2.412013622360324e-07,2.992169723717732e-07,2.811198202582739e-05,1.0718672471958404,37,highpass
1.2929743904696184e-07,7e-07,2.412013622360324e-07,2.992169723717732e-07,2.811198202582739e-05,1.0718672471958404,37,highpass
1.2929743904696184e-07,7e-07,2.412013622360324e-07,2.992169723717732e-07,2.811198202582739e-05,1.0718672471958404,37,highpass
1.3613138821595464e-07,7e-07,2.412013622360324e-07,2.992169723717732e-07,2.811198202582739e-05,0.8245581235295611,37,highpass
1.2929743904696184e-07,7e-07,2.412013622360324e-07,2.992169723717732e-07,2.811198202582739e-05,1.0718672471958404,37,highpass
1.2929743904696184e-07,7e-07,2.412013622360324e-07,2.992169723717732e-07,2.811198202582739e-05,1.0718672471958404,37,highpass
1.2929743904696184e-07,7e-07,2.412013622360324e-07,2.992169723717732e-07,2.811198202582739e-05,1.0718672471958404,37,highpass
1.2929743904696184e-07,7e-07,2.412013622360324e-07,2.992169723717732e-07,2.811198202582739e-05,1.0718672471958404,37,highpass
1.2929743904696184e-07,7e-07,2.412013622360324e-07,2.992169723717732e-07,2.811198202582739e-05,1.0718672471958404,37,highpass
1.2929743904696184e-07,7e-07,2.412013622360324e-07,2.992169723717732e-07,2.811198202582739e-05,1.0718672471958404,37,highpass
1.2929743904696184e-07,7e-07,2.412013622360324e-07,2.992169723717732e-07,2.811198202582739e-05,1.0718672471958404,37,highpass
1.2929743904696184e-07,7e-07,2.412013622360324e-07,2.992169723717732e-07,2.811198202582739e-05,1.0718672471958404,37,highpass
1.2929743904696184e-07,7e-07,2.412013622360324e-07,2.992169723717732e-07,2.811198202582739e-05,1.0718672471958404,37,highpass
1.2929743904696184e-07,7e-07,2.412013622360324e-07,2.992169723717732e-07,2.811198202582739e-05,1.0718672471958404,37,highpass
1.2929743904696184e-07,7e-07,2.412013622360324e-07,2.992169723717732e-07,2.811198202582739e-05,1.0718672471958404,37,highpass
1.2929743904696184e-07,7e-07,2.412013622360324e-07,2.992169723717732e-07,2.811198202582739e-05,1.0718672471958404,37,highpass
1.2929743904696184e-07,7e-07,2.412013622360324e-07,2.992169723717732e-07,2.811198202582739e-05,1.0718672471958404,37,highpass
1.2929743904696184e-07,7e-07,2.412013622360324e-07,2.992169723717732e-07,2.811198202582739e-05,1.0718672471958404,37,highpass
1.2929743904696184e-07,7e-07,2.412013622360324e-07,2.992169723717732e-07,2.811198202582739e-05,1.0718672471958404,37,highpass
1.2929743904696184e-07,6.998414910171191e-07,2.412013622360324e-07,2.992169723717732e-07,2.811198202582739e-05,1.0718672471958404,37,highpass
1.2929743904696184e-07,7e-07,2.412013622360324e-07,2.992169723717732e-07,2.811198202582739e-05,1.0718672471958404,37,highpass
1.2929743904696184e-07,7e-07,2.412013622360324e-07,2.992169723717732e-07,2.811198202582739e-05,1.0718672471958404,37,highpass
1.2929743904696184e-07,7e-07,2.412013622360324e-07,2.992169723717732e-07,2.811198202582739e-05,1.0718672471958404,37,highpass
1.2897721279913043e-07,7e-07,2.412013622360324e-07,2.992169723717732e-07,2.811198202582739e-05,1.0718672471958404,37,highpass
1.2929743904696184e-07,7e-07,2.412013622360324e-07,2.992169723717732e-07,2.811198202582739e-05,1.0718672471958404,37,highpass
1.2897721279913043e-07,7e-07,2.412013622360324e-07,2.992169723717732e-07,2.811198202582739e-05,1.0718672471958404,37,highpass
1.2929743904696184e-07,7e-07,2.412013622360324e-07,2.992169723717732e-07,2.811198202582739e-05,1.0718672471958404,37,highpass
1.2929743904696184e-07,7e-07,2.412013622360324e-07,2.992169723717732e-07,2.811198202582739e-05,1.0718672471958404,37,highpass
1.2929743904696184e-07,7e-07,2.412013622360324e-07,2.992169723717732e-07,2.811198202582739e-05,1.0718672471958404,37,highpass
1.2897721279913043e-07,7e-07,2.412013622360324e-07,2.992169723717732e-07,2.811198202582739e-05,1.0718672471958404,37,highpass
1.2929743904696184e-07,7e-07,2.412013622360324e-07,2.992169723717732e-07,2.811198202582739e-05,1.0718672471958404,37,highpass
1.2929743904696184e-07,7e-07,2.412013622360324e-07,2.992169723717732e-07,2.811198202582739e-05,1.0718672471958404,37,highpass
1.2929743904696184e-07,7e-07,2.412013622360324e-07,2.992169723717732e-07,2.811198202582739e-05,1.0718672471958404,37,highpass
1.2897721279913043e-07,7e-07,2.412013622360324e-07,2.992169723717732e-07,2.811198202582739e-05,1.0718672471958404,37,highpass
1.2929743904696184e-07,7e-07,2.3492693814578936e-07,2.992169723717732e-07,2.811198202582739e-05,0.30188732007525965,37,highpass
1.2929743904696184e-07,7e-07,2.412013622360324e-07,2.992169723717732e-07,2.811198202582739e-05,1.0718672471958404,37,highpass
1.2929743904696184e-07,7e-07,2.412013622360324e-07,2.992169723717732e-07,2.811198202582739e-05,1.0718672471958404,37,highpass
1.2897721279913043e-07,7e-07,2.412013622360324e-07,2.992169723717732e-07,2.811198202582739e-05,1.0718672471958404,37,highpass
1.2929743904696184e-07,7e-07,2.412013622360324e-07,2.992169723717732e-07,2.811198202582739e-05,1.0718672471958404,37,highpass
1.2929743904696184e-07,7e-07,2.412013622360324e-07,2.992169723717732e-07,2.811198202582739e-05,1.0718672471958404,37,highpass
1.2897721279913043e-07,7e-07,2.412013622360324e-07,2.992169723717732e-07,2.811198202582739e-05,1.0718672471958404,37,highpass
1.2897721279913043e-07,7e-07,2.468448845328725e-07,2.992169723717732e-07,2.811198202582739e-05,0.07065072417611579,37,highpass
1.2897721279913043e-07,7e-07,2.412013622360324e-07,2.992169723717732e-07,2.811198202582739e-05,1.0718672471958404,37,highpass
1.2929743904696184e-07,7e-07,2.412013622360324e-07,2.992169723717732e-07,2.811198202582739e-05,1.065616666003391,38,highpass
1.2929743904696184e-07,7e-07,2.412013622360324e-07,2.992169723717732e-07,2.811198202582739e-05,1.065616666003391,38,highpass
1.2929743904696184e-07,7e-07,2.412013622360324e-07,2.992169723717732e-07,2.811198202582739e-05,1.065616666003391,38,highpass
1.2929743904696184e-07,7e-07,2.412013622360324e-07,2.992169723717732e-07,2.6350211579758573e-05,0.6723655763002719,38,highpass
1.2929743904696184e-07,7e-07,2.412013622360324e-07,2.992169723717732e-07,2.811198202582739e-05,1.065616666003391,38,highpass
1.2929743904696184e-07,7e-07,2.412013622360324e-07,2.992169723717732e-07,2.811198202582739e-05,1.065616666003391,38,highpass
1.2929743904696184e-07,7e-07,2.412013622360324e-07,2.992169723717732e-07,2.811198202582739e-05,1.065616666003391,38,highpass
1.2897721279913043e-07,7e-07,2.412013622360324e-07,2.992169723717732e-07,2.811198202582739e-05,1.065616666003391,38,highpass
1.2929743904696184e-07,7e-07,2.412013622360324e-07,2.992169723717732e-07,2.811198202582739e-05,1.065616666003391,38,highpass
1.2929743904696184e-07,7e-07,2.412013622360324e-07,2.992169723717732e-07,2.811198202582739e-05,1.065616666003391,38,highpass
1.2929743904696184e-07,7e-07,2.412013622360324e-07,2.992169723717732e-07,2.811198202582739e-05,1.065616666003391,38,highpass
1.2929743904696184e-07,7e-07,2.412013622360324e-07,2.992169723717732e-07,2.811198202582739e-05,1.065616666003391,38,highpass
1.2929743904696184e-07,7e-07,2.412013622360324e-07,2.992169723717732e-07,2.811198202582739e-05,1.065616666003391,38,highpass
1.2929743904696184e-07,7e-07,2.412013622360324e-07,2.992169723717732e-07,2.8193815558284215e-05,1.0657066834394442,38,highpass
1.2929743904696184e-07,7e-07,2.412013622360324e-07,2.992169723717732e-07,2.811198202582739e-05,1.065616666003391,38,highpass
1.2929743904696184e-07,7e-07,2.412013622360324e-07,2.992169723717732e-07,2.811198202582739e-05,1.065616666003391,38,highpass
1.2929743904696184e-07,7e-07,2.412013622360324e-07,2.992169723717732e-07,2.811198202582739e-05,1.065616666003391,38,highpass
1.2929743904696184e-07,7e-07,2.412013622360324e-07,2.992169723717732e-07,2.811198202582739e-05,1.065616666003391,38,highpass
1.2929743904696184e-07,7e-07,2.412013622360324e-07,2.992169723717732e-07,2.811198202582739e-05,1.065616666003391,38,highpass
1.2897721279913043e-07,7e-07,2.412013622360324e-07,2.992169723717732e-07,2.811198202582739e-05,1.065616666003391,38,highpass
1.2929743904696184e-07,7e-07,2.412013622360324e-07,2.992169723717732e-07,2.811198202582739e-05,1.065616666003391,38,highpass
1.2929743904696184e-07,7e-07,2.412013622360324e-07,2.992169723717732e-07,2.811198202582739e-05,1.065616666003391,38,highpass
1.2929743904696184e-07,7e-07,2.412013622360324e-07,2.992169723717732e-07,2.811198202582739e-05,1.065616666003391,38,highpass
1.2929743904696184e-07,7e-07,2.412013622360324e-07,2.992169723717732e-07,2.811198202582739e-05,1.065616666003391,38,highpass
1.2929743904696184e-07,7e-07,2.412013622360324e-07,2.992169723717732e-07,2.811198202582739e-05,1.065616666003391,38,highpass
1.2929743904696184e-07,7e-07,2.412013622360324e-07,2.992169723717732e-07,2.811198202582739e-05,1.065616666003391,38,highpass
2.464570519710233e-07,7e-07,2.412013622360324e-07,2.992169723717732e-07,2.811198202582739e-05,0.22406792436346998,38,highpass
1.2929743904696184e-07,7e-07,2.412013622360324e-07,2.992169723717732e-07,2.811198202582739e-05,1.065616666003391,38,highpass
1.2929743904696184e-07,7e-07,2.412013622360324e-07,2.992169723717732e-07,2.811198202582739e-05,1.065616666003391,38,highpass
1.2929743904696184e-07,7e-07,2.412013622360324e-07,2.992169723717732e-07,2.811198202582739e-05,1.065616666003391,38,highpass
1.2929743904696184e-07,7e-07,2.412013622360324e-07,2.992169723717732e-07,2.811198202582739e-05,1.065616666003391,38,highpass
1.2929743904696184e-07,7e-07,2.412013622360324e-07,2.992169723717732e-07,2.811198202582739e-05,1.065616666003391,38,highpass
1.1029648576813046e-07,7e-07,2.412013622360324e-07,2.992169723717732e-07,2.811198202582739e-05,0.517149346277928,38,highpass
1.2897721279913043e-07,7e-07,2.412013622360324e-07,2.992169723717732e-07,2.811198202582739e-05,1.065616666003391,38,highpass
1.2929743904696184e-07,7e-07,2.412013622360324e-07,2.992169723717732e-07,2.811198202582739e-05,1.065616666003391,38,highpass
1.2897721279913043e-07,7e-07,2.412013622360324e-07,2.992169723717732e-07,2.811198202582739e-05,1.065616666003391,38,highpass
1.2897721279913043e-07,7e-07,2.412013622360324e-07,2.992169723717732e-07,2.811198202582739e-05,1.065616666003391,38,highpass
1.2929743904696184e-07,7e-07,2.412013622360324e-07,2.992169723717732e-07,2.811198202582739e-05,1.065616666003391,38,highpass
1.2929743904696184e-07,7e-07,2.412013622360324e-07,2.992169723717732e-07,2.811198202582739e-05,1.065616666003391,38,highpass
1.2929743904696184e-07,7e-07,2.412013622360324e-07,2.992169723717732e-07,2.811198202582739e-05,1.065616666003391,38,highpass
1.2929743904696184e-07,7e-07,2.412013622360324e-07,2.992169723717732e-07,2.811198202582739e-05,1.065616666003391,38,highpass
1.2929743904696184e-07,7e-07,2.412013622360324e-07,2.992169723717732e-07,2.811198202582739e-05,1.065616666003391,38,highpass
1.2897721279913043e-07,7e-07,2.412013622360324e-07,2.992169723717732e-07,2.811198202582739e-05,1.065616666003391,38,highpass
1.2929743904696184e-07,7e-07,2.412013622360324e-07,2.992169723717732e-07,2.811198202582739e-05,1.065616666003391,38,highpass
1.2929743904696184e-07,7e-07,2.412013622360324e-07,2.992169723717732e-07,2.811198202582739e-05,1.065616666003391,38,highpass
1.2929743904696184e-07,7e-07,2.412013622360324e-07,2.992169723717732e-07,2.811198202582739e-05,1.065616666003391,38,highpass
1.2929743904696184e-07,7e-07,2.412013622360324e-07,2.992169723717732e-07,2.811198202582739e-05,1.065616666003391,38,highpass
1.2929743904696184e-07,7e-07,2.412013622360324e-07,2.992169723717732e-07,2.811198202582739e-05,1.065616666003391,38,highpass
1.2929743904696184e-07,7e-07,2.412013622360324e-07,2.992169723717732e-07,2.811198202582739e-05,1.065616666003391,38,highpass
1.2929743904696184e-07,7e-07,1.736310695263973e-07,2.992169723717732e-07,2.811198202582739e-05,-0.155004299362594,38,highpass
1.2929743904696184e-07,7e-07,2.412013622360324e-07,2.992169723717732e-07,2.811198202582739e-05,1.065616666003391,39,highpass
1.2929743904696184e-07,7e-07,2.412013622360324e-07,2.992169723717732e-07,2.811198202582739e-05,1.065616666003391,39,highpass
1.2929743904696184e-07,7e-07,2.412013622360324e-07,2.992169723717732e-07,2.811198202582739e-05,1.065616666003391,39,highpass
1.2929743904696184e-07,7e-07,2.412013622360324e-07,2.992169723717732e-07,2.811198202582739e-05,1.065616666003391,39,highpass
1.2929743904696184e-07,7e-07,2.412013622360324e-07,2.992169723717732e-07,2.7757999055536964e-05,1.0376386740306425,39,highpass
1.2929743904696184e-07,7e-07,1.2849678294251592e-07,2.992169723717732e-07,2.811198202582739e-05,0.018779401528922934,39,highpass
1.2929743904696184e-07,7e-07,2.412013622360324e-07,2.992169723717732e-07,2.811198202582739e-05,1.065616666003391,39,highpass
1.2929743904696184e-07,7e-07,2.412013622360324e-07,2.992169723717732e-07,2.811198202582739e-05,1.065616666003391,39,highpass
1.2929743904696184e-07,5.499275382901455e-07,2.412013622360324e-07,2.992169723717732e-07,2.811198202582739e-05,0.11226708564921263,39,highpass
1.2929743904696184e-07,7e-07,2.412013622360324e-07,2.992169723717732e-07,2.811198202582739e-05,1.065616666003391,39,highpass
1.2929743904696184e-07,7e-07,2.412013622360324e-07,2.992169723717732e-07,2.8193815558284215e-05,1.0657066834394442,39,highpass
1.2929743904696184e-07,7e-07,2.412013622360324e-07,2.992169723717732e-07,2.811198202582739e-05,1.065616666003391,39,highpass
1.2929743904696184e-07,7e-07,2.412013622360324e-07,2.992169723717732e-07,2.811198202582739e-05,1.065616666003391,39,highpass
1.2929743904696184e-07,7e-07,2.412013622360324e-07,2.992169723717732e-07,2.811198202582739e-05,1.065616666003391,39,highpass
1.2929743904696184e-07,7e-07,2.412013622360324e-07,2.992169723717732e-07,2.811198202582739e-05,1.065616666003391,39,highpass
1.2929743904696184e-07,7e-07,2.412013622360324e-07,2.992169723717732e-07,2.8193815558284215e-05,1.0657066834394442,39,highpass
1.2929743904696184e-07,7e-07,2.412013622360324e-07,2.992169723717732e-07,2.811198202582739e-05,1.065616666003391,39,highpass
1.2929743904696184e-07,7e-07,2.412013622360324e-07,2.992169723717732e-07,2.811198202582739e-05,1.065616666003391,39,highpass
1.2929743904696184e-07,7e-07,2.412013622360324e-07,2.992169723717732e-07,2.8193815558284215e-05,1.0657066834394442,39,highpass
1.2897721279913043e-07,7e-07,2.412013622360324e-07,2.992169723717732e-07,2.811198202582739e-05,1.065616666003391,39,highpass
1.2929743904696184e-07,7e-07,2.412013622360324e-07,2.992169723717732e-07,2.811198202582739e-05,1.065616666003391,39,highpass
1.3543281196911599e-07,7e-07,2.412013622360324e-07,2.992169723717732e-07,2.811198202582739e-05,0.7938545497974968,39,highpass
1.2929743904696184e-07,7e-07,2.412013622360324e-07,2.992169723717732e-07,2.8193815558284215e-05,1.0657066834394442,39,highpass
1.2929743904696184e-07,7e-07,2.412013622360324e-07,2.992169723717732e-07,2.811198202582739e-05,1.065616666003391,39,highpass
1.2929743904696184e-07,7e-07,2.412013622360324e-07,2.992169723717732e-07,2.8193815558284215e-05,1.0657066834394442,39,highpass
1.2929743904696184e-07,7e-07,2.412013622360324e-07,2.498793924199726e-07,2.811198202582739e-05,0.3000442146292356,39,highpass
1.2929743904696184e-07,7e-07,2.412013622360324e-07,2.992169723717732e-07,2.811198202582739e-05,1.065616666003391,39,highpass
1.2929743904696184e-07,7e-07,2.412013622360324e-07,2.992169723717732e-07,2.811198202582739e-05,1.065616666003391,39,highpass
1.2929743904696184e-07,7e-07,2.412013622360324e-07,2.992169723717732e-07,2.811198202582739e-05,1.065616666003391,39,highpass
1.2929743904696184e-07,7e-07,2.412013622360324e-07,2.992169723717732e-07,2.811198202582739e-05,1.065616666003391,39,highpass
1.2929743904696184e-07,7e-07,2.412013622360324e-07,2.992169723717732e-07,2.811198202582739e-05,1.065616666003391,39,highpass
1.2929743904696184e-07,7e-07,2.412013622360324e-07,2.992169723717732e-07,2.811198202582739e-05,1.065616666003391,39,highpass
1.2929743904696184e-07,7e-07,2.412013622360324e-07,2.992169723717732e-07,2.8193815558284215e-05,1.0657066834394442,39,highpass
1.2929743904696184e-07,7e-07,2.412013622360324e-07,2.992169723717732e-07,2.811198202582739e-05,1.065616666003391,39,highpass
1.8762026534315286e-07,7e-07,2.412013622360324e-07,2.992169723717732e-07,2.811198202582739e-05,0.1703494639387154,39,highpass
1.2929743904696184e-07,7e-07,2.412013622360324e-07,2.992169723717732e-07,2.811198202582739e-05,1.065616666003391,39,highpass
1.2929743904696184e-07,7e-07,2.412013622360324e-07,2.992169723717732e-07,2.811198202582739e-05,1.065616666003391,39,highpass
1.2929743904696184e-07,7e-07,2.412013622360324e-07,2.992169723717732e-07,2.811198202582739e-05,1.065616666003391,39,highpass
1.2929743904696184e-07,7e-07,2.412013622360324e-07,2.992169723717732e-07,2.811198202582739e-05,1.065616666003391,39,highpass
1.2897721279913043e-07,7e-07,2.412013622360324e-07,2.992169723717732e-07,2.04692941779011e-05,0.7642053113794427,39,highpass
1.2929743904696184e-07,7e-07,2.3602241117030175e-07,2.992169723717732e-07,2.811198202582739e-05,0.32561512051679836,39,highpass
1.2929743904696184e-07,7e-07,2.412013622360324e-07,2.992169723717732e-07,2.811198202582739e-05,1.065616666003391,39,highpass
1.2897721279913043e-07,7e-07,2.412013622360324e-07,2.992169723717732e-07,2.811198202582739e-05,1.065616666003391,39,highpass
1.2929743904696184e-07,7e-07,2.412013622360324e-07,2.992169723717732e-07,2.811198202582739e-05,1.065616666003391,39,highpass
1.2929743904696184e-07,7e-07,2.412013622360324e-07,2.992169723717732e-07,2.811198202582739e-05,1.065616666003391,39,highpass
1.2929743904696184e-07,7e-07,2.412013622360324e-07,2.992169723717732e-07,2.811198202582739e-05,1.065616666003391,39,highpass
1.2929743904696184e-07,7e-07,2.412013622360324e-07,2.992169723717732e-07,2.811198202582739e-05,1.065616666003391,39,highpass
1.2929743904696184e-07,7e-07,2.412013622360324e-07,2.992169723717732e-07,2.811198202582739e-05,1.065616666003391,39,highpass
1.2929743904696184e-07,7e-07,2.412013622360324e-07,2.992169723717732e-07,2.8193815558284215e-05,1.0657066834394442,39,highpass
1.2929743904696184e-07,7e-07,2.412013622360324e-07,2.992169723717732e-07,2.811198202582739e-05,1.065616666003391,39,highpass
1.2929743904696184e-07,7e-07,2.412013622360324e-07,2.992169723717732e-07,2.811198202582739e-05,1.065616666003391,40,highpass
1.2929743904696184e-07,7e-07,2.412013622360324e-07,2.992169723717732e-07,2.8193815558284215e-05,1.0657066834394442,40,highpass
1.2929743904696184e-07,7e-07,2.412013622360324e-07,2.992169723717732e-07,2.811198202582739e-05,1.065616666003391,40,highpass
1.2929743904696184e-07,7e-07,2.412013622360324e-07,2.992169723717732e-07,2.811198202582739e-05,1.065616666003391,40,highpass
1.2929743904696184e-07,7e-07,2.412013622360324e-07,2.992169723717732e-07,2.811198202582739e-05,1.065616666003391,40,highpass
1.2929743904696184e-07,7e-07,2.412013622360324e-07,2.992169723717732e-07,2.8193815558284215e-05,1.0657066834394442,40,highpass
1.2929743904696184e-07,7e-07,2.412013622360324e-07,2.992169723717732e-07,2.811198202582739e-05,1.065616666003391,40,highpass
1.2929743904696184e-07,3.7883334149532285e-07,2.412013622360324e-07,2.992169723717732e-07,2.811198202582739e-05,0.11724116692216428,40,highpass
1.2929743904696184e-07,7e-07,2.412013622360324e-07,2.992169723717732e-07,2.811198202582739e-05,1.065616666003391,40,highpass
1.2929743904696184e-07,7e-07,2.412013622360324e-07,2.992169723717732e-07,2.811198202582739e-05,1.065616666003391,40,highpass
1.2929743904696184e-07,7e-07,2.412013622360324e-07,2.992169723717732e-07,2.8193815558284215e-05,1.0657066834394442,40,highpass
1.2929743904696184e-07,7e-07,2.412013622360324e-07,2.992169723717732e-07,2.811198202582739e-05,1.065616666003391,40,highpass
1.2929743904696184e-07,7e-07,2.412013622360324e-07,2.992169723717732e-07,2.8193815558284215e-05,1.0657066834394442,40,highpass
1.2929743904696184e-07,5.534268350264848e-07,2.412013622360324e-07,2.992169723717732e-07,2.811198202582739e-05,0.10759657378277249,40,highpass
1.2929743904696184e-07,7e-07,2.412013622360324e-07,2.992169723717732e-07,2.811198202582739e-05,1.065616666003391,40,highpass
1.279272955636963e-07,7e-07,2.412013622360324e-07,2.992169723717732e-07,2.811198202582739e-05,0.8125801522458946,40,highpass
1.2929743904696184e-07,7e-07,2.412013622360324e-07,2.992169723717732e-07,2.811198202582739e-05,1.065616666003391,40,highpass
1.2929743904696184e-07,7e-07,2.412013622360324e-07,2.992169723717732e-07,2.811198202582739e-05,1.065616666003391,40,highpass
1.2929743904696184e-07,7e-07,2.412013622360324e-07,2.992169723717732e-07,2.811198202582739e-05,1.065616666003391,40,highpass
1.2929743904696184e-07,7e-07,2.412013622360324e-07,2.992169723717732e-07,2.811198202582739e-05,1.065616666003391,40,highpass
1.2929743904696184e-07,7e-07,2.412013622360324e-07,2.992169723717732e-07,2.8193815558284215e-05,1.0657066834394442,40,highpass
1.2929743904696184e-07,7e-07,2.412013622360324e-07,2.992169723717732e-07,2.8193815558284215e-05,1.0657066834394442,40,highpass
1.2929743904696184e-07,7e-07,2.412013622360324e-07,2.992169723717732e-07,2.8193815558284215e-05,1.0657066834394442,40,highpass
1.2929743904696184e-07,7e-07,2.412013622360324e-07,2.992169723717732e-07,2.8193815558284215e-05,1.0657066834394442,40,highpass
1.2929743904696184e-07,7e-07,2.412013622360324e-07,2.992169723717732e-07,2.8193815558284215e-05,1.0657066834394442,40,highpass
1.2929743904696184e-07,7e-07,2.412013622360324e-07,2.992169723717732e-07,2.8193815558284215e-05,1.0657066834394442,40,highpass
1.2929743904696184e-07,7e-07,2.412013622360324e-07,2.992169723717732e-07,2.8193815558284215e-05,1.0657066834394442,40,highpass
1.2897721279913043e-07,7e-07,2.412013622360324e-07,2.992169723717732e-07,2.811198202582739e-05,1.065616666003391,40,highpass
1.2929743904696184e-07,7e-07,2.412013622360324e-07,2.992169723717732e-07,2.811198202582739e-05,1.065616666003391,40,highpass
1.2929743904696184e-07,7e-07,2.412013622360324e-07,2.992169723717732e-07,2.811198202582739e-05,1.065616666003391,40,highpass
1.2929743904696184e-07,7e-07,2.412013622360324e-07,2.992169723717732e-07,2.8193815558284215e-05,1.0657066834394442,40,highpass
1.2929743904696184e-07,7e-07,2.412013622360324e-07,2.955071862560224e-07,2.8193815558284215e-05,0.7773579010464968,40,highpass
1.2929743904696184e-07,7e-07,2.412013622360324e-07,2.992169723717732e-07,2.811198202582739e-05,1.065616666003391,40,highpass
1.2929743904696184e-07,7e-07,2.412013622360324e-07,2.992169723717732e-07,2.8193815558284215e-05,1.0657066834394442,40,highpass
1.2929743904696184e-07,7e-07,2.412013622360324e-07,2.992169723717732e-07,2.8193815558284215e-05,1.0657066834394442,40,highpass
1.2929743904696184e-07,7e-07,2.412013622360324e-07,2.992169723717732e-07,2.811198202582739e-05,1.065616666003391,40,highpass
1.2929743904696184e-07,7e-07,2.412013622360324e-07,2.992169723717732e-07,2.811198202582739e-05,1.065616666003391,40,highpass
1.2929743904696184e-07,7e-07,1.9131803315463146e-07,2.992169723717732e-07,2.8193815558284215e-05,-0.07717709688712274,40,highpass
1.2897721279913043e-07,7e-07,2.412013622360324e-07,2.992169723717732e-07,2.811198202582739e-05,1.065616666003391,40,highpass
1.2929743904696184e-07,7e-07,2.412013622360324e-07,2.992169723717732e-07,2.8193815558284215e-05,1.0657066834394442,40,highpass
1.2929743904696184e-07,7e-07,2.412013622360324e-07,2.992169723717732e-07,2.811198202582739e-05,1.065616666003391,40,highpass
1.2929743904696184e-07,7e-07,2.412013622360324e-07,2.992169723717732e-07,2.8193815558284215e-05,1.0657066834394442,40,highpass
1.2897721279913043e-07,7e-07,2.412013622360324e-07,2.992169723717732e-07,2.8193815558284215e-05,1.0657066834394442,40,highpass
1.2929743904696184e-07,7e-07,2.412013622360324e-07,2.992169723717732e-07,2.8193815558284215e-05,1.0657066834394442,40,highpass
1.2929743904696184e-07,7e-07,2.412013622360324e-07,2.992169723717732e-07,2.8193815558284215e-05,1.0657066834394442,40,highpass
1.2929743904696184e-07,7e-07,2.412013622360324e-07,2.992169723717732e-07,2.811198202582739e-05,1.065616666003391,40,highpass
1.2929743904696184e-07,7e-07,2.412013622360324e-07,2.992169723717732e-07,2.8193815558284215e-05,1.0657066834394442,40,highpass
1.2929743904696184e-07,7e-07,2.412013622360324e-07,2.992169723717732e-07,2.811198202582739e-05,1.065616666003391,40,highpass
1.2929743904696184e-07,7e-07,2.412013622360324e-07,2.992169723717732e-07,2.8193815558284215e-05,1.0657066834394442,40,highpass
1.2929743904696184e-07,7e-07,2.412013622360324e-07,2.992169723717732e-07,2.811198202582739e-05,1.065616666003391,40,highpass
1.2929743904696184e-07,7e-07,2.412013622360324e-07,2.992169723717732e-07,2.811198202582739e-05,1.065616666003391,41,highpass
1.6942028736320145e-07,7e-07,2.412013622360324e-07,2.992169723717732e-07,2.8193815558284215e-05,0.2905962428777688,41,highpass
1.2929743904696184e-07,7e-07,2.412013622360324e-07,2.992169723717732e-07,2.8193815558284215e-05,1.0657066834394442,41,highpass
1.2929743904696184e-07,3.37419626240042e-07,2.412013622360324e-07,2.992169723717732e-07,2.8193815558284215e-05,0.1878795553111465,41,highpass
1.2929743904696184e-07,7e-07,2.3411557307246983e-07,2.992169723717732e-07,2.8193815558284215e-05,0.30331601090093235,41,highpass
1.2929743904696184e-07,7e-07,2.412013622360324e-07,2.992169723717732e-07,2.8193815558284215e-05,1.0657066834394442,41,highpass
1.2929743904696184e-07,7e-07,2.412013622360324e-07,2.992169723717732e-07,2.8269391820346137e-05,1.0658007740821516,41,highpass
1.2929743904696184e-07,7e-07,2.412013622360324e-07,2.992169723717732e-07,2.8193815558284215e-05,1.0657066834394442,41,highpass
1.2929743904696184e-07,7e-07,2.412013622360324e-07,2.992169723717732e-07,2.8193815558284215e-05,1.0657066834394442,41,highpass
1.2929743904696184e-07,7e-07,2.412013622360324e-07,2.992169723717732e-07,2.8193815558284215e-05,1.0657066834394442,41,highpass
1.2929743904696184e-07,7e-07,2.412013622360324e-07,2.992169723717732e-07,2.8193815558284215e-05,1.0657066834394442,41,highpass
1.2929743904696184e-07,7e-07,2.412013622360324e-07,2.992169723717732e-07,2.811198202582739e-05,1.065616666003391,41,highpass
1.2929743904696184e-07,7e-07,2.412013622360324e-07,2.992169723717732e-07,2.8193815558284215e-05,1.0657066834394442,41,highpass
1.2929743904696184e-07,7e-07,2.412013622360324e-07,2.992169723717732e-07,2.8193815558284215e-05,1.0657066834394442,41,highpass
1.2929743904696184e-07,7e-07,2.412013622360324e-07,2.992169723717732e-07,2.8193815558284215e-05,1.0657066834394442,41,highpass
1.2929743904696184e-07,7e-07,2.412013622360324e-07,2.992169723717732e-07,2.8193815558284215e-05,1.0657066834394442,41,highpass
1.2929743904696184e-07,7e-07,2.412013622360324e-07,2.9791990204007665e-07,2.8193815558284215e-05,1.0187582407408085,41,highpass
1.5631100351199331e-07,7e-07,2.412013622360324e-07,2.992169723717732e-07,2.811198202582739e-05,0.24824273959326468,41,highpass
1.2929743904696184e-07,7e-07,2.412013622360324e-07,2.992169723717732e-07,2.8193815558284215e-05,1.0657066834394442,41,highpass
1.2929743904696184e-07,7e-07,2.412013622360324e-07,2.992169723717732e-07,2.8193815558284215e-05,1.0657066834394442,41,highpass
1.2929743904696184e-07,7e-07,2.412013622360324e-07,2.992169723717732e-07,2.8193815558284215e-05,1.0657066834394442,41,highpass
1.2929743904696184e-07,7e-07,2.412013622360324e-07,2.992169723717732e-07,2.8193815558284215e-05,1.0657066834394442,41,highpass
1.2929743904696184e-07,7e-07,2.412013622360324e-07,2.992169723717732e-07,2.8193815558284215e-05,1.0657066834394442,41,highpass
1.2929743904696184e-07,7e-07,2.412013622360324e-07,2.992169723717732e-07,2.8193815558284215e-05,1.0657066834394442,41,highpass
1.2929743904696184e-07,7e-07,2.412013622360324e-07,2.992169723717732e-07,2.8193815558284215e-05,1.0657066834394442,41,highpass
2.272195993236783e-07,7e-07,2.412013622360324e-07,2.992169723717732e-07,2.8193815558284215e-05,0.1197218561765113,41,highpass
1.2929743904696184e-07,7e-07,2.412013622360324e-07,2.992169723717732e-07,2.811198202582739e-05,1.065616666003391,41,highpass
1.2929743904696184e-07,7e-07,2.412013622360324e-07,2.992169723717732e-07,2.8193815558284215e-05,1.0657066834394442,41,highpass
1.2929743904696184e-07,7e-07,2.412013622360324e-07,2.992169723717732e-07,2.8193815558284215e-05,1.0657066834394442,41,highpass
1.2929743904696184e-07,7e-07,2.412013622360324e-07,2.992169723717732e-07,2.8193815558284215e-05,1.0657066834394442,41,highpass
1.2929743904696184e-07,7e-07,2.412013622360324e-07,2.992169723717732e-07,2.8193815558284215e-05,1.0657066834394442,41,highpass
1.2929743904696184e-07,7e-07,2.412013622360324e-07,2.9961011749749206e-07,2.8193815558284215e-05,1.0221872768149356,41,highpass
1.2929743904696184e-07,7e-07,2.412013622360324e-07,2.992169723717732e-07,2.8193815558284215e-05,1.0657066834394442,41,highpass
1.2929743904696184e-07,7e-07,2.412013622360324e-07,2.992169723717732e-07,2.8193815558284215e-05,1.0657066834394442,41,highpass
1.2929743904696184e-07,7e-07,2.412013622360324e-07,2.992169723717732e-07,2.642802312427709e-05,0.6724027160500078,41,highpass
1.2929743904696184e-07,7e-07,2.412013622360324e-07,2.992169723717732e-07,2.8193815558284215e-05,1.0657066834394442,41,highpass
1.2929743904696184e-07,7e-07,2.412013622360324e-07,2.992169723717732e-07,2.8193815558284215e-05,1.0657066834394442,41,highpass
1.2929743904696184e-07,7e-07,2.412013622360324e-07,2.992169723717732e-07,2.8193815558284215e-05,1.0657066834394442,41,highpass
1.2929743904696184e-07,7e-07,2.412013622360324e-07,2.992169723717732e-07,2.811198202582739e-05,1.065616666003391,41,highpass
1.2929743904696184e-07,7e-07,2.412013622360324e-07,2.992169723717732e-07,2.8193815558284215e-05,1.0657066834394442,41,highpass
1.2929743904696184e-07,7e-07,2.412013622360324e-07,2.992169723717732e-07,2.8193815558284215e-05,1.0657066834394442,41,highpass
1.2897721279913043e-07,7e-07,2.412013622360324e-07,2.992169723717732e-07,2.8193815558284215e-05,1.0657066834394442,41,highpass
1.2929743904696184e-07,7e-07,2.412013622360324e-07,2.992169723717732e-07,2.8193815558284215e-05,1.0657066834394442,41,highpass
1.2929743904696184e-07,7e-07,2.412013622360324e-07,2.992169723717732e-07,2.8193815558284215e-05,1.0657066834394442,41,highpass
1.2929743904696184e-07,7e-07,2.412013622360324e-07,2.992169723717732e-07,2.8193815558284215e-05,1.0657066834394442,41,highpass
1.2929743904696184e-07,7e-07,2.412013622360324e-07,2.992169723717732e-07,2.8193815558284215e-05,1.0657066834394442,41,highpass
1.2929743904696184e-07,7e-07,2.412013622360324e-07,2.992169723717732e-07,2.8193815558284215e-05,1.0657066834394442,41,highpass
1.2929743904696184e-07,7e-07,2.412013622360324e-07,2.992169723717732e-07,2.8193815558284215e-05,1.0657066834394442,41,highpass
1.2929743904696184e-07,7e-07,2.412013622360324e-07,2.992169723717732e-07,2.8193815558284215e-05,1.0657066834394442,41,highpass
1.2929743904696184e-07,7e-07,2.412013622360324e-07,2.992169723717732e-07,2.8193815558284215e-05,1.0657066834394442,41,highpass
1.2929743904696184e-07,7e-07,2.412013622360324e-07,2.992169723717732e-07,2.811198202582739e-05,1.065616666003391,42,highpass
1.2929743904696184e-07,7e-07,2.412013622360324e-07,2.992169723717732e-07,2.8193815558284215e-05,1.0657066834394442,42,highpass
1.2929743904696184e-07,7e-07,2.412013622360324e-07,2.992169723717732e-07,2.8193815558284215e-05,1.0657066834394442,42,highpass
1.2929743904696184e-07,7e-07,2.412013622360324e-07,2.992169723717732e-07,2.8269391820346137e-05,1.0658007740821516,42,highpass
1.2929743904696184e-07,7e-07,2.412013622360324e-07,2.992169723717732e-07,2.8193815558284215e-05,1.0657066834394442,42,highpass
1.2929743904696184e-07,7e-07,2.412013622360324e-07,2.992169723717732e-07,2.8193815558284215e-05,1.0657066834394442,42,highpass
1.2929743904696184e-07,7e-07,2.412013622360324e-07,2.992169723717732e-07,2.8193815558284215e-05,1.0657066834394442,42,highpass
1.2929743904696184e-07,7e-07,2.412013622360324e-07,2.992169723717732e-07,2.8269391820346137e-05,1.0658007740821516,42,highpass
1.2929743904696184e-07,7e-07,2.412013622360324e-07,2.992169723717732e-07,2.8193815558284215e-05,1.0657066834394442,42,highpass
1.2929743904696184e-07,7e-07,2.412013622360324e-07,2.992169723717732e-07,2.8269391820346137e-05,1.0658007740821516,42,highpass
1.2929743904696184e-07,7e-07,2.4838057502779726e-07,2.992169723717732e-07,2.8193815558284215e-05,-0.25113314532213665,42,highpass
1.2897721279913043e-07,7e-07,2.412013622360324e-07,2.992169723717732e-07,2.8269391820346137e-05,1.0658007740821516,42,highpass
1.2897721279913043e-07,7e-07,2.412013622360324e-07,2.992169723717732e-07,2.8193815558284215e-05,1.0657066834394442,42,highpass
1.2929743904696184e-07,7e-07,2.412013622360324e-07,2.992169723717732e-07,2.8193815558284215e-05,1.0657066834394442,42,highpass
1.2929743904696184e-07,7e-07,2.412013622360324e-07,2.992169723717732e-07,2.8269391820346137e-05,1.0658007740821516,42,highpass
1.2929743904696184e-07,7e-07,2.412013622360324e-07,2.992169723717732e-07,2.8269391820346137e-05,1.0658007740821516,42,highpass
1.2929743904696184e-07,7e-07,2.412013622360324e-07,2.992169723717732e-07,2.8193815558284215e-05,1.0657066834394442,42,highpass
1.299668270564615e-07,7e-07,2.412013622360324e-07,2.992169723717732e-07,2.8193815558284215e-05,0.6626411017842759,42,highpass
1.2929743904696184e-07,7e-07,2.412013622360324e-07,2.992169723717732e-07,2.8193815558284215e-05,1.0657066834394442,42,highpass
1.2929743904696184e-07,7e-07,2.412013622360324e-07,2.992169723717732e-07,2.8193815558284215e-05,1.0657066834394442,42,highpass
1.2929743904696184e-07,7e-07,2.412013622360324e-07,2.992169723717732e-07,2.8193815558284215e-05,1.0657066834394442,42,highpass
1.2929743904696184e-07,7e-07,2.412013622360324e-07,2.992169723717732e-07,2.8193815558284215e-05,1.0657066834394442,42,highpass
1.2929743904696184e-07,7e-07,2.412013622360324e-07,2.802675662752906e-07,2.8193815558284215e-05,0.302637133244471,42,highpass
1.2929743904696184e-07,7e-07,2.412013622360324e-07,2.992169723717732e-07,2.8193815558284215e-05,1.0657066834394442,42,highpass
1.2929743904696184e-07,7e-07,2.412013622360324e-07,2.992169723717732e-07,2.8193815558284215e-05,1.0657066834394442,42,highpass
1.2929743904696184e-07,7e-07,2.412013622360324e-07,2.992169723717732e-07,2.8193815558284215e-05,1.0657066834394442,42,highpass
1.2929743904696184e-07,7e-07,2.412013622360324e-07,2.992169723717732e-07,2.8193815558284215e-05,1.0657066834394442,42,highpass
1.2929743904696184e-07,7e-07,2.412013622360324e-07,2.992169723717732e-07,2.8193815558284215e-05,1.0657066834394442,42,highpass
1.2929743904696184e-07,7e-07,2.412013622360324e-07,2.992169723717732e-07,2.8193815558284215e-05,1.0657066834394442,42,highpass
1.2929743904696184e-07,7e-07,2.412013622360324e-07,2.992169723717732e-07,2.8193815558284215e-05,1.0657066834394442,42,highpass
1.2929743904696184e-07,7e-07,2.412013622360324e-07,2.992169723717732e-07,2.8269391820346137e-05,1.0658007740821516,42,highpass
1.2929743904696184e-07,7e-07,2.412013622360324e-07,2.992169723717732e-07,2.8193815558284215e-05,1.0657066834394442,42,highpass
1.2929743904696184e-07,7e-07,2.412013622360324e-07,2.992169723717732e-07,2.8193815558284215e-05,1.0657066834394442,42,highpass
1.2929743904696184e-07,7e-07,2.412013622360324e-07,2.992169723717732e-07,2.8193815558284215e-05,1.0657066834394442,42,highpass
1.2929743904696184e-07,7e-07,2.412013622360324e-07,2.992169723717732e-07,2.8193815558284215e-05,1.0657066834394442,42,highpass
1.7433357647675472e-07,7e-07,2.412013622360324e-07,2.992169723717732e-07,2.8193815558284215e-05,0.45410812221334923,42,highpass
1.2929743904696184e-07,7e-07,2.412013622360324e-07,2.992169723717732e-07,2.8193815558284215e-05,1.0657066834394442,42,highpass
1.2929743904696184e-07,7e-07,2.412013622360324e-07,2.992169723717732e-07,2.8193815558284215e-05,1.0657066834394442,42,highpass
1.2929743904696184e-07,7e-07,2.412013622360324e-07,2.992169723717732e-07,2.8193815558284215e-05,1.0657066834394442,42,highpass
1.2929743904696184e-07,7e-07,2.412013622360324e-07,2.992169723717732e-07,2.8193815558284215e-05,1.0657066834394442,42,highpass
1.2929743904696184e-07,7e-07,2.412013622360324e-07,2.992169723717732e-07,2.8193815558284215e-05,1.0657066834394442,42,highpass
1.2929743904696184e-07,7e-07,2.412013622360324e-07,2.992169723717732e-07,2.8269391820346137e-05,1.0658007740821516,42,highpass
1.2929743904696184e-07,7e-07,2.412013622360324e-07,2.992169723717732e-07,2.8193815558284215e-05,1.0657066834394442,42,highpass
1.2929743904696184e-07,7e-07,2.412013622360324e-07,2.992169723717732e-07,2.8193815558284215e-05,1.0657066834394442,42,highpass
1.2929743904696184e-07,5.866962050435923e-07,2.412013622360324e-07,2.992169723717732e-07,2.8193815558284215e-05,0.1775394918504018,42,highpass
1.2929743904696184e-07,7e-07,2.412013622360324e-07,2.992169723717732e-07,2.8193815558284215e-05,1.0657066834394442,42,highpass
1.2929743904696184e-07,7e-07,2.412013622360324e-07,2.992169723717732e-07,2.8269391820346137e-05,1.0658007740821516,42,highpass
1.2929743904696184e-07,7e-07,2.412013622360324e-07,2.992169723717732e-07,2.8193815558284215e-05,1.0657066834394442,42,highpass
1.2929743904696184e-07,7e-07,2.412013622360324e-07,2.992169723717732e-07,2.8269391820346137e-05,1.0658007740821516,42,highpass
1.2929743904696184e-07,7e-07,2.412013622360324e-07,3e-07,2.8269391820346137e-05,0.9702900669092505,42,highpass
1.2929743904696184e-07,7e-07,2.412013622360324e-07,2.992169723717732e-07,2.811198202582739e-05,1.065616666003391,43,highpass
1.2929743904696184e-07,7e-07,2.412013622360324e-07,2.992169723717732e-07,2.8269391820346137e-05,1.0658007740821516,43,highpass
1.2929743904696184e-07,7e-07,2.412013622360324e-07,2.992169723717732e-07,2.8269391820346137e-05,1.0658007740821516,43,highpass
1.2929743904696184e-07,7e-07,2.412013622360324e-07,2.992169723717732e-07,2.8193815558284215e-05,1.0657066834394442,43,highpass
1.2929743904696184e-07,7e-07,2.412013622360324e-07,2.992169723717732e-07,2.8269391820346137e-05,1.0658007740821516,43,highpass
1.2929743904696184e-07,7e-07,2.412013622360324e-07,2.992169723717732e-07,2.8193815558284215e-05,1.0657066834394442,43,highpass
1.9059806534845008e-07,7e-07,2.412013622360324e-07,2.992169723717732e-07,2.8269391820346137e-05,0.20960828924128153,43,highpass
1.2929743904696184e-07,7e-07,2.412013622360324e-07,2.992169723717732e-07,2.8269391820346137e-05,1.0658007740821516,43,highpass
1.2897721279913043e-07,7e-07,2.412013622360324e-07,2.992169723717732e-07,2.8269391820346137e-05,1.0658007740821516,43,highpass
1.2929743904696184e-07,7e-07,2.412013622360324e-07,2.992169723717732e-07,2.8269391820346137e-05,1.0658007740821516,43,highpass
1.2929743904696184e-07,7e-07,2.412013622360324e-07,2.992169723717732e-07,2.8269391820346137e-05,1.0658007740821516,43,highpass
1.2897721279913043e-07,7e-07,2.412013622360324e-07,2.992169723717732e-07,2.8269391820346137e-05,1.0658007740821516,43,highpass
1.2929743904696184e-07,7e-07,2.412013622360324e-07,2.992169723717732e-07,2.5003724943327086e-05,0.8844384878079211,43,highpass
1.2929743904696184e-07,7e-07,2.412013622360324e-07,2.992169723717732e-07,2.8269391820346137e-05,1.0658007740821516,43,highpass
1.2929743904696184e-07,7e-07,2.412013622360324e-07,2.992169723717732e-07,2.8269391820346137e-05,1.0658007740821516,43,highpass
1.2929743904696184e-07,7e-07,2.412013622360324e-07,2.992169723717732e-07,2.8269391820346137e-05,1.0658007740821516,43,highpass
1.2929743904696184e-07,7e-07,2.412013622360324e-07,2.992169723717732e-07,2.8269391820346137e-05,1.0658007740821516,43,highpass
1.2929743904696184e-07,7e-07,2.412013622360324e-07,2.992169723717732e-07,2.8269391820346137e-05,1.0658007740821516,43,highpass
1.2897721279913043e-07,7e-07,2.412013622360324e-07,2.992169723717732e-07,2.8193815558284215e-05,1.0657066834394442,43,highpass
1.2929743904696184e-07,7e-07,2.412013622360324e-07,2.992169723717732e-07,2.8269391820346137e-05,1.0658007740821516,43,highpass
1.2929743904696184e-07,7e-07,2.412013622360324e-07,2.992169723717732e-07,2.8269391820346137e-05,1.0658007740821516,43,highpass
1.2929743904696184e-07,7e-07,2.412013622360324e-07,2.992169723717732e-07,2.8193815558284215e-05,1.0657066834394442,43,highpass
1.2929743904696184e-07,7e-07,2.412013622360324e-07,2.992169723717732e-07,2.8269391820346137e-05,1.0658007740821516,43,highpass
1.2929743904696184e-07,7e-07,2.412013622360324e-07,2.992169723717732e-07,2.8269391820346137e-05,1.0658007740821516,43,highpass
1.2929743904696184e-07,7e-07,2.412013622360324e-07,2.992169723717732e-07,2.8269391820346137e-05,1.0658007740821516,43,highpass
1.2929743904696184e-07,7e-07,2.412013622360324e-07,2.992169723717732e-07,2.8269391820346137e-05,1.0658007740821516,43,highpass
1.2897721279913043e-07,7e-07,2.412013622360324e-07,2.992169723717732e-07,2.8269391820346137e-05,1.0658007740821516,43,highpass
1.2897721279913043e-07,7e-07,2.412013622360324e-07,2.992169723717732e-07,2.8269391820346137e-05,1.0658007740821516,43,highpass
1.2929743904696184e-07,7e-07,2.3513196923264092e-07,2.992169723717732e-07,2.8269391820346137e-05,0.30228186854105693,43,highpass
1.2929743904696184e-07,7e-07,2.412013622360324e-07,2.9910743625896434e-07,2.8269391820346137e-05,1.0658007740821516,43,highpass
1.2929743904696184e-07,7e-07,2.412013622360324e-07,2.992169723717732e-07,2.8269391820346137e-05,1.0658007740821516,43,highpass
1.2929743904696184e-07,7e-07,2.412013622360324e-07,2.992169723717732e-07,2.8269391820346137e-05,1.0658007740821516,43,highpass
1.2929743904696184e-07,7e-07,2.412013622360324e-07,2.992169723717732e-07,2.8193815558284215e-05,1.0657066834394442,43,highpass
1.2929743904696184e-07,7e-07,2.425872434791664e-07,2.992169723717732e-07,2.8193815558284215e-05,0.807776447956532,43,highpass
1.2929743904696184e-07,7e-07,2.412013622360324e-07,2.992169723717732e-07,2.8269391820346137e-05,1.0658007740821516,43,highpass
1.2929743904696184e-07,7e-07,2.412013622360324e-07,2.992169723717732e-07,2.8269391820346137e-05,1.0658007740821516,43,highpass
1.2929743904696184e-07,7e-07,2.412013622360324e-07,2.992169723717732e-07,2.8193815558284215e-05,1.0657066834394442,43,highpass
1.2929743904696184e-07,7e-07,2.412013622360324e-07,2.992169723717732e-07,2.8193815558284215e-05,1.0657066834394442,43,highpass
1.2929743904696184e-07,7e-07,2.412013622360324e-07,2.992169723717732e-07,2.8193815558284215e-05,1.0657066834394442,43,highpass
2.392024194835215e-07,7e-07,2.412013622360324e-07,2.992169723717732e-07,2.8269391820346137e-05,0.1873692882209386,43,highpass
1.2929743904696184e-07,7e-07,2.412013622360324e-07,2.992169723717732e-07,2.8193815558284215e-05,1.0657066834394442,43,highpass
1.2929743904696184e-07,7e-07,2.412013622360324e-07,2.992169723717732e-07,2.8269391820346137e-05,1.0658007740821516,43,highpass
1.2929743904696184e-07,7e-07,2.412013622360324e-07,2.992169723717732e-07,2.8269391820346137e-05,1.0658007740821516,43,highpass
1.248659159289502e-07,7e-07,2.412013622360324e-07,2.992169723717732e-07,2.8269391820346137e-05,0.6985575531973267,43,highpass
1.2929743904696184e-07,7e-07,2.412013622360324e-07,2.992169723717732e-07,2.8269391820346137e-05,1.0658007740821516,43,highpass
1.2929743904696184e-07,7e-07,2.412013622360324e-07,2.9833490299883924e-07,2.8193815558284215e-05,1.0647218558502116,43,highpass
1.2929743904696184e-07,7e-07,2.412013622360324e-07,2.992169723717732e-07,2.8269391820346137e-05,1.0658007740821516,43,highpass
1.2929743904696184e-07,7e-07,2.412013622360324e-07,2.992169723717732e-07,2.8193815558284215e-05,1.0657066834394442,43,highpass
1.2929743904696184e-07,7e-07,2.412013622360324e-07,2.992169723717732e-07,2.6441683448369797e-05,0.6723799907081518,43,highpass
1.2929743904696184e-07,7e-07,2.412013622360324e-07,2.992169723717732e-07,2.8269391820346137e-05,1.0658007740821516,43,highpass
1.2929743904696184e-07,7e-07,2.412013622360324e-07,2.992169723717732e-07,2.811198202582739e-05,1.065616666003391,44,highpass
1.2929743904696184e-07,7e-07,2.412013622360324e-07,2.992169723717732e-07,2.8269391820346137e-05,1.0658007740821516,44,highpass
1.2929743904696184e-07,7e-07,2.412013622360324e-07,2.992169723717732e-07,2.8269391820346137e-05,1.0658007740821516,44,highpass
1.2897721279913043e-07,7e-07,2.412013622360324e-07,2.992169723717732e-07,2.8269391820346137e-05,1.0658007740821516,44,highpass
1.2897721279913043e-07,7e-07,2.394116314729192e-07,2.992169723717732e-07,2.8269391820346137e-05,0.5043482774625629,44,highpass
1.2897721279913043e-07,7e-07,2.412013622360324e-07,2.992169723717732e-07,2.8269391820346137e-05,1.0658007740821516,44,highpass
1.2897721279913043e-07,7e-07,2.412013622360324e-07,2.992169723717732e-07,2.8269391820346137e-05,1.0658007740821516,44,highpass
1.2897721279913043e-07,7e-07,2.412013622360324e-07,2.992169723717732e-07,2.8269391820346137e-05,1.0658007740821516,44,highpass
1.2897721279913043e-07,7e-07,2.412013622360324e-07,2.992169723717732e-07,2.796566910928524e-05,1.0256726066347288,44,highpass
1.2929743904696184e-07,7e-07,1.2436681322719348e-07,2.992169723717732e-07,2.8269391820346137e-05,0.014418585843518461,44,highpass
1.2929743904696184e-07,7e-07,2.412013622360324e-07,2.992169723717732e-07,2.8269391820346137e-05,1.0658007740821516,44,highpass
1.2929743904696184e-07,7e-07,2.412013622360324e-07,2.992169723717732e-07,2.8269391820346137e-05,1.0658007740821516,44,highpass
1.0159548728376609e-07,7e-07,2.412013622360324e-07,2.992169723717732e-07,2.8269391820346137e-05,0.42469915923620094,44,highpass
1.2897721279913043e-07,7e-07,2.412013622360324e-07,2.9910743625896434e-07,2.8269391820346137e-05,1.0658007740821516,44,highpass
1.2929743904696184e-07,7e-07,2.412013622360324e-07,2.992169723717732e-07,2.8269391820346137e-05,1.0658007740821516,44,highpass
1.2929743904696184e-07,7e-07,2.412013622360324e-07,2.992169723717732e-07,3.914716074775543e-05,0.3965917799800645,44,highpass
1.2929743904696184e-07,7e-07,2.412013622360324e-07,2.992169723717732e-07,2.8269391820346137e-05,1.0658007740821516,44,highpass
1.2929743904696184e-07,7e-07,2.412013622360324e-07,2.992169723717732e-07,2.8269391820346137e-05,1.0658007740821516,44,highpass
1.2929743904696184e-07,7e-07,2.412013622360324e-07,2.992169723717732e-07,3.216262924371871e-05,0.8604093193932167,44,highpass
1.2929743904696184e-07,7e-07,2.412013622360324e-07,2.9654076409497733e-07,2.8269391820346137e-05,0.8496148289523338,44,highpass
1.2929743904696184e-07,7e-07,2.412013622360324e-07,2.992169723717732e-07,2.8269391820346137e-05,1.0658007740821516,44,highpass
1.2929743904696184e-07,7e-07,2.412013622360324e-07,2.992169723717732e-07,2.8269391820346137e-05,1.0658007740821516,44,highpass
1.2929743904696184e-07,7e-07,2.412013622360324e-07,2.992169723717732e-07,2.8269391820346137e-05,1.0658007740821516,44,highpass
1.2929743904696184e-07,7e-07,2.412013622360324e-07,2.992169723717732e-07,2.8269391820346137e-05,1.0658007740821516,44,highpass
1.3318377821468863e-07,7e-07,2.412013622360324e-07,2.992169723717732e-07,2.8269391820346137e-05,0.7644685994190583,44,highpass
1.2929743904696184e-07,7e-07,2.412013622360324e-07,2.992169723717732e-07,2.8269391820346137e-05,1.0658007740821516,44,highpass
1.2929743904696184e-07,7e-07,2.412013622360324e-07,2.992169723717732e-07,2.8269391820346137e-05,1.0658007740821516,44,highpass
1.2929743904696184e-07,7e-07,2.412013622360324e-07,2.992169723717732e-07,2.8269391820346137e-05,1.0658007740821516,44,highpass
1.2929743904696184e-07,5.988087013444735e-07,2.412013622360324e-07,2.992169723717732e-07,2.8269391820346137e-05,0.310070460249346,44,highpass
1.2929743904696184e-07,7e-07,2.412013622360324e-07,2.992169723717732e-07,2.8269391820346137e-05,1.0658007740821516,44,highpass
1.2897721279913043e-07,7e-07,2.412013622360324e-07,2.992169723717732e-07,2.8269391820346137e-05,1.0658007740821516,44,highpass
1.2929743904696184e-07,7e-07,2.412013622360324e-07,2.992169723717732e-07,2.8269391820346137e-05,1.0658007740821516,44,highpass
1.2929743904696184e-07,7e-07,2.412013622360324e-07,2.992169723717732e-07,2.8269391820346137e-05,1.0658007740821516,44,highpass
1.2929743904696184e-07,7e-07,2.412013622360324e-07,2.992169723717732e-07,2.8269391820346137e-05,1.0658007740821516,44,highpass
1.2929743904696184e-07,7e-07,2.412013622360324e-07,2.992169723717732e-07,2.8269391820346137e-05,1.0658007740821516,44,highpass
1.2929743904696184e-07,7e-07,2.412013622360324e-07,2.9910743625896434e-07,2.8269391820346137e-05,1.0658007740821516,44,highpass
1.488505614016421e-07,7e-07,2.412013622360324e-07,2.992169723717732e-07,2.8269391820346137e-05,0.1702478036718313,44,highpass
1.2929743904696184e-07,7e-07,2.412013622360324e-07,2.992169723717732e-07,2.8269391820346137e-05,1.0658007740821516,44,highpass
1.2929743904696184e-07,7e-07,2.412013622360324e-07,2.992169723717732e-07,2.8269391820346137e-05,1.0658007740821516,44,highpass
1.2929743904696184e-07,7e-07,2.412013622360324e-07,2.992169723717732e-07,2.8269391820346137e-05,1.0658007740821516,44,highpass
1.2929743904696184e-07,7e-07,2.412013622360324e-07,2.992169723717732e-07,2.8269391820346137e-05,1.0658007740821516,44,highpass
1.2929743904696184e-07,7e-07,2.412013622360324e-07,2.992169723717732e-07,2.8269391820346137e-05,1.0658007740821516,44,highpass
1.2897721279913043e-07,7e-07,2.412013622360324e-07,2.992169723717732e-07,2.8269391820346137e-05,1.0658007740821516,44,highpass
1.2929743904696184e-07,7e-07,2.412013622360324e-07,2.992169723717732e-07,2.8269391820346137e-05,1.0658007740821516,44,highpass
1.2929743904696184e-07,7e-07,2.412013622360324e-07,2.992169723717732e-07,5.577622653586419e-06,0.838508924703504,44,highpass
1.2929743904696184e-07,7e-07,2.412013622360324e-07,2.992169723717732e-07,2.8269391820346137e-05,1.0658007740821516,44,highpass
1.2929743904696184e-07,7e-07,2.412013622360324e-07,2.992169723717732e-07,2.8269391820346137e-05,1.0658007740821516,44,highpass
1.2897721279913043e-07,7e-07,2.412013622360324e-07,2.992169723717732e-07,2.8269391820346137e-05,1.0658007740821516,44,highpass
1.2929743904696184e-07,7e-07,2.412013622360324e-07,2.992169723717732e-07,2.8269391820346137e-05,1.0658007740821516,44,highpass
1.2929743904696184e-07,7e-07,2.412013622360324e-07,2.992169723717732e-07,2.8269391820346137e-05,1.0658007740821516,44,highpass
1.2929743904696184e-07,7e-07,2.412013622360324e-07,2.992169723717732e-07,2.811198202582739e-05,1.065616666003391,45,highpass
1.2929743904696184e-07,7e-07,2.412013622360324e-07,2.992169723717732e-07,2.8269391820346137e-05,1.0658007740821516,45,highpass
1.2929743904696184e-07,7e-07,1.227691776063025e-07,2.992169723717732e-07,2.8269391820346137e-05,0.016057468223284986,45,highpass
1.2929743904696184e-07,7e-07,2.412013622360324e-07,2.992169723717732e-07,2.2569979916383988e-05,0.6393193364396194,45,highpass
1.2929743904696184e-07,7e-07,2.412013622360324e-07,2.992169723717732e-07,2.8269391820346137e-05,1.0658007740821516,45,highpass
1.2929743904696184e-07,7e-07,2.412013622360324e-07,2.6222210911339574e-07,2.8269391820346137e-05,0.30041497245471727,45,highpass
1.2929743904696184e-07,7e-07,2.412013622360324e-07,2.992169723717732e-07,2.8269391820346137e-05,1.0658007740821516,45,highpass
1.2929743904696184e-07,7e-07,2.412013622360324e-07,2.992169723717732e-07,2.6739872383423038e-05,0.6620937424040247,45,highpass
1.2929743904696184e-07,7e-07,2.412013622360324e-07,2.992169723717732e-07,2.8269391820346137e-05,1.0658007740821516,45,highpass
1.2897721279913043e-07,7e-07,2.412013622360324e-07,2.992169723717732e-07,2.8269391820346137e-05,1.0658007740821516,45,highpass
1.2929743904696184e-07,7e-07,2.412013622360324e-07,2.992169723717732e-07,2.8269391820346137e-05,1.0658007740821516,45,highpass
1.2929743904696184e-07,7e-07,2.412013622360324e-07,2.992169723717732e-07,2.8269391820346137e-05,1.0658007740821516,45,highpass
1.2929743904696184e-07,7e-07,2.412013622360324e-07,2.9910743625896434e-07,2.8269391820346137e-05,1.0658007740821516,45,highpass
1.2897721279913043e-07,7e-07,2.412013622360324e-07,2.992169723717732e-07,2.8269391820346137e-05,1.0658007740821516,45,highpass
1.2929743904696184e-07,7e-07,2.412013622360324e-07,2.992169723717732e-07,2.8269391820346137e-05,1.0658007740821516,45,highpass
1.2929743904696184e-07,7e-07,2.412013622360324e-07,2.992169723717732e-07,2.8269391820346137e-05,1.0658007740821516,45,highpass
1.2897721279913043e-07,7e-07,2.412013622360324e-07,2.992169723717732e-07,2.8269391820346137e-05,1.0658007740821516,45,highpass
1.2929743904696184e-07,7e-07,2.412013622360324e-07,2.992169723717732e-07,2.8269391820346137e-05,1.0658007740821516,45,highpass
1.2897721279913043e-07,7e-07,2.412013622360324e-07,2.992169723717732e-07,2.8269391820346137e-05,1.0658007740821516,45,highpass
1.2929743904696184e-07,7e-07,2.412013622360324e-07,2.992169723717732e-07,2.8269391820346137e-05,1.0658007740821516,45,highpass
1.2929743904696184e-07,7e-07,2.412013622360324e-07,2.992169723717732e-07,2.8269391820346137e-05,1.0658007740821516,45,highpass
1.2929743904696184e-07,7e-07,2.412013622360324e-07,2.992169723717732e-07,2.8269391820346137e-05,1.0658007740821516,45,highpass
1.2897721279913043e-07,7e-07,2.412013622360324e-07,2.992169723717732e-07,2.8269391820346137e-05,1.0658007740821516,45,highpass
1.2929743904696184e-07,7e-07,2.412013622360324e-07,2.992169723717732e-07,2.8269391820346137e-05,1.0658007740821516,45,highpass
1.2929743904696184e-07,7e-07,2.412013622360324e-07,2.2047267308082865e-07,2.8269391820346137e-05,0.23819771199576623,45,highpass
1.2929743904696184e-07,7e-07,2.412013622360324e-07,2.9910743625896434e-07,2.8269391820346137e-05,1.0658007740821516,45,highpass
1.2897721279913043e-07,7e-07,2.412013622360324e-07,2.992169723717732e-07,2.8269391820346137e-05,1.0658007740821516,45,highpass
1.2897721279913043e-07,7e-07,2.412013622360324e-07,2.992169723717732e-07,2.8269391820346137e-05,1.0658007740821516,45,highpass
1.2929743904696184e-07,7e-07,2.412013622360324e-07,2.9910743625896434e-07,2.8269391820346137e-05,1.0658007740821516,45,highpass
1.2929743904696184e-07,7e-07,2.412013622360324e-07,2.992169723717732e-07,2.8269391820346137e-05,1.0658007740821516,45,highpass
1.2929743904696184e-07,7e-07,2.412013622360324e-07,2.992169723717732e-07,2.8269391820346137e-05,1.0658007740821516,45,highpass
1.2929743904696184e-07,7e-07,2.412013622360324e-07,2.992169723717732e-07,2.8269391820346137e-05,1.0658007740821516,45,highpass
1.2929743904696184e-07,7e-07,2.412013622360324e-07,2.9910743625896434e-07,2.8269391820346137e-05,1.0658007740821516,45,highpass
1.2929743904696184e-07,7e-07,2.412013622360324e-07,2.992169723717732e-07,2.8269391820346137e-05,1.0658007740821516,45,highpass
1.2929743904696184e-07,7e-07,2.412013622360324e-07,2.992169723717732e-07,2.8269391820346137e-05,1.0658007740821516,45,highpass
1.2929743904696184e-07,7e-07,2.412013622360324e-07,2.992169723717732e-07,2.8269391820346137e-05,1.0658007740821516,45,highpass
1.2929743904696184e-07,7e-07,2.412013622360324e-07,2.992169723717732e-07,2.8269391820346137e-05,1.0658007740821516,45,highpass
1.2929743904696184e-07,7e-07,2.412013622360324e-07,1.7431998063868915e-07,2.8269391820346137e-05,0.00586546352349544,45,highpass
1.2929743904696184e-07,7e-07,2.412013622360324e-07,2.992169723717732e-07,2.8269391820346137e-05,1.0658007740821516,45,highpass
1.2929743904696184e-07,7e-07,2.412013622360324e-07,2.992169723717732e-07,2.8269391820346137e-05,1.0658007740821516,45,highpass
1.2897721279913043e-07,7e-07,2.412013622360324e-07,2.992169723717732e-07,2.8269391820346137e-05,1.0658007740821516,45,highpass
1.2929743904696184e-07,7e-07,2.412013622360324e-07,2.992169723717732e-07,2.8269391820346137e-05,1.0658007740821516,45,highpass
1.2929743904696184e-07,7e-07,2.412013622360324e-07,2.992169723717732e-07,2.8269391820346137e-05,1.0658007740821516,45,highpass
1.2929743904696184e-07,7e-07,2.412013622360324e-07,2.992169723717732e-07,2.8269391820346137e-05,1.0658007740821516,45,highpass
1.240839667855971e-07,7e-07,2.412013622360324e-07,2.992169723717732e-07,2.8269391820346137e-05,0.6981146847345766,45,highpass
1.2929743904696184e-07,7e-07,2.412013622360324e-07,2.973529991606177e-07,2.8269391820346137e-05,0.9377223706349906,45,highpass
1.2929743904696184e-07,7e-07,2.412013622360324e-07,2.992169723717732e-07,2.8269391820346137e-05,1.0658007740821516,45,highpass
1.2929743904696184e-07,7e-07,2.412013622360324e-07,2.972945382979546e-07,2.8269391820346137e-05,0.9377223706349906,45,highpass
1.2929743904696184e-07,7e-07,2.412013622360324e-07,2.992169723717732e-07,2.8269391820346137e-05,1.0658007740821516,45,highpass
1.2929743904696184e-07,7e-07,2.412013622360324e-07,2.992169723717732e-07,2.8269391820346137e-05,1.0658007740821516,45,highpass
1.2929743904696184e-07,7e-07,2.412013622360324e-07,2.992169723717732e-07,2.811198202582739e-05,1.065616666003391,46,highpass
1.2929743904696184e-07,7e-07,2.412013622360324e-07,2.992169723717732e-07,2.8269391820346137e-05,1.0658007740821516,46,highpass
1.2929743904696184e-07,7e-07,2.412013622360324e-07,2.992169723717732e-07,2.8269391820346137e-05,1.0658007740821516,46,highpass
1.2929743904696184e-07,7e-07,2.412013622360324e-07,2.992169723717732e-07,2.8269391820346137e-05,1.0658007740821516,46,highpass
1.2897721279913043e-07,7e-07,2.412013622360324e-07,2.992169723717732e-07,2.8269391820346137e-05,1.0658007740821516,46,highpass
1.2929743904696184e-07,7e-07,2.412013622360324e-07,2.992169723717732e-07,2.8269391820346137e-05,1.0658007740821516,46,highpass
1.2929743904696184e-07,7e-07,2.412013622360324e-07,2.992169723717732e-07,2.8269391820346137e-05,1.0658007740821516,46,highpass
1.2929743904696184e-07,7e-07,2.412013622360324e-07,2.992169723717732e-07,2.8269391820346137e-05,1.0658007740821516,46,highpass
1.2929743904696184e-07,7e-07,2.412013622360324e-07,2.992169723717732e-07,2.8269391820346137e-05,1.0658007740821516,46,highpass
1.2897721279913043e-07,7e-07,2.412013622360324e-07,2.992169723717732e-07,2.8269391820346137e-05,1.0658007740821516,46,highpass
1.2929743904696184e-07,7e-07,2.412013622360324e-07,2.9910743625896434e-07,2.8269391820346137e-05,1.0658007740821516,46,highpass
1.2929743904696184e-07,7e-07,2.412013622360324e-07,2.992169723717732e-07,2.8269391820346137e-05,1.0658007740821516,46,highpass
1.2929743904696184e-07,7e-07,2.412013622360324e-07,2.992169723717732e-07,2.8269391820346137e-05,1.0658007740821516,46,highpass
1.2929743904696184e-07,7e-07,2.412013622360324e-07,2.992169723717732e-07,2.8269391820346137e-05,1.0658007740821516,46,highpass
1.2929743904696184e-07,7e-07,2.412013622360324e-07,2.992169723717732e-07,2.8269391820346137e-05,1.0658007740821516,46,highpass
1.2929743904696184e-07,7e-07,2.412013622360324e-07,2.992169723717732e-07,2.8269391820346137e-05,1.0658007740821516,46,highpass
1.2897721279913043e-07,7e-07,2.412013622360324e-07,2.9910743625896434e-07,2.8269391820346137e-05,1.0658007740821516,46,highpass
1.2897721279913043e-07,7e-07,2.412013622360324e-07,2.992169723717732e-07,2.8269391820346137e-05,1.0658007740821516,46,highpass
1.2929743904696184e-07,7e-07,2.412013622360324e-07,2.992169723717732e-07,2.8269391820346137e-05,1.0658007740821516,46,highpass
1.2897721279913043e-07,7e-07,2.412013622360324e-07,2.992169723717732e-07,2.8269391820346137e-05,1.0658007740821516,46,highpass
1.2929743904696184e-07,7e-07,2.412013622360324e-07,2.992169723717732e-07,2.8269391820346137e-05,1.0658007740821516,46,highpass
1.2897721279913043e-07,7e-07,2.412013622360324e-07,2.992169723717732e-07,2.8269391820346137e-05,1.0658007740821516,46,highpass
1.2929743904696184e-07,7e-07,2.412013622360324e-07,2.9910743625896434e-07,2.8269391820346137e-05,1.0658007740821516,46,highpass
1.2929743904696184e-07,5.646790809757174e-07,2.412013622360324e-07,2.992169723717732e-07,2.8269391820346137e-05,0.11281418449416397,46,highpass
1.2929743904696184e-07,7e-07,2.412013622360324e-07,2.992169723717732e-07,2.8269391820346137e-05,1.0658007740821516,46,highpass
1.2897721279913043e-07,7e-07,2.412013622360324e-07,2.992169723717732e-07,2.8269391820346137e-05,1.0658007740821516,46,highpass
1.2929743904696184e-07,6.029230221750837e-07,2.412013622360324e-07,2.992169723717732e-07,2.8269391820346137e-05,0.32745901482217754,46,highpass
1.2897721279913043e-07,7e-07,2.412013622360324e-07,2.992169723717732e-07,2.8269391820346137e-05,1.0658007740821516,46,highpass
1.2929743904696184e-07,7e-07,2.412013622360324e-07,2.9910743625896434e-07,2.8269391820346137e-05,1.0658007740821516,46,highpass
1.2929743904696184e-07,7e-07,2.412013622360324e-07,2.992169723717732e-07,2.8269391820346137e-05,1.0658007740821516,46,highpass
1.2929743904696184e-07,7e-07,2.412013622360324e-07,2.992169723717732e-07,2.8269391820346137e-05,1.0658007740821516,46,highpass
1.2929743904696184e-07,7e-07,2.412013622360324e-07,2.992169723717732e-07,2.8269391820346137e-05,1.0658007740821516,46,highpass
1.2929743904696184e-07,6.89028871432622e-07,2.412013622360324e-07,2.992169723717732e-07,2.8269391820346137e-05,0.7646569665001428,46,highpass
1.2929743904696184e-07,7e-07,2.412013622360324e-07,2.992169723717732e-07,2.588110611187465e-05,0.7070479001246718,46,highpass
1.2929743904696184e-07,7e-07,2.412013622360324e-07,2.9910743625896434e-07,2.8269391820346137e-05,1.0658007740821516,46,highpass
1.2929743904696184e-07,7e-07,2.412013622360324e-07,2.992169723717732e-07,2.8269391820346137e-05,1.0658007740821516,46,highpass
1.2897721279913043e-07,7e-07,2.412013622360324e-07,2.992169723717732e-07,2.8269391820346137e-05,1.0658007740821516,46,highpass
1.2929743904696184e-07,7e-07,2.412013622360324e-07,2.9910743625896434e-07,2.8269391820346137e-05,1.0658007740821516,46,highpass
1.2929743904696184e-07,7e-07,2.412013622360324e-07,2.992169723717732e-07,2.8269391820346137e-05,1.0658007740821516,46,highpass
1.2929743904696184e-07,7e-07,2.412013622360324e-07,1.6443676556465866e-07,2.8269391820346137e-05,0.035841137403438715,46,highpass
1.2929743904696184e-07,7e-07,2.412013622360324e-07,2.992169723717732e-07,2.8269391820346137e-05,1.0658007740821516,46,highpass
1.2929743904696184e-07,7e-07,2.412013622360324e-07,2.9910743625896434e-07,2.8269391820346137e-05,1.0658007740821516,46,highpass
1.963045764400109e-07,7e-07,2.412013622360324e-07,2.992169723717732e-07,2.8269391820346137e-05,0.07072216910675534,46,highpass
1.2929743904696184e-07,7e-07,2.412013622360324e-07,2.992169723717732e-07,2.8269391820346137e-05,1.0658007740821516,46,highpass
1.2929743904696184e-07,7e-07,2.412013622360324e-07,2.992169723717732e-07,2.8269391820346137e-05,1.0658007740821516,46,highpass
1.2929743904696184e-07,7e-07,2.412013622360324e-07,2.992169723717732e-07,2.8269391820346137e-05,1.0658007740821516,46,highpass
1.2929743904696184e-07,7e-07,2.412013622360324e-07,2.992169723717732e-07,2.8269391820346137e-05,1.0658007740821516,46,highpass
1.2929743904696184e-07,7e-07,2.412013622360324e-07,2.992169723717732e-07,2.8269391820346137e-05,1.0658007740821516,46,highpass
1.2929743904696184e-07,7e-07,2.412013622360324e-07,2.9910743625896434e-07,2.8269391820346137e-05,1.0658007740821516,46,highpass
1.2929743904696184e-07,7e-07,2.412013622360324e-07,2.992169723717732e-07,2.8269391820346137e-05,1.0658007740821516,46,highpass
1.2929743904696184e-07,7e-07,2.412013622360324e-07,2.992169723717732e-07,2.811198202582739e-05,1.065616666003391,47,highpass
1.3538835909270437e-07,7e-07,2.412013622360324e-07,2.992169723717732e-07,2.8269391820346137e-05,0.766432793969688,47,highpass
1.2929743904696184e-07,7e-07,2.412013622360324e-07,2.490915154873045e-07,2.8269391820346137e-05,0.2997668518582905,47,highpass
1.2929743904696184e-07,7e-07,2.412013622360324e-07,2.992169723717732e-07,2.8269391820346137e-05,1.0716628973973594,47,highpass
1.2929743904696184e-07,7e-07,2.412013622360324e-07,2.992169723717732e-07,2.8269391820346137e-05,1.0716628973973594,47,highpass
1.2929743904696184e-07,7e-07,2.412013622360324e-07,2.992169723717732e-07,2.8269391820346137e-05,1.0716628973973594,47,highpass
1.2929743904696184e-07,7e-07,2.412013622360324e-07,2.992169723717732e-07,2.8269391820346137e-05,1.0716628973973594,47,highpass
1.2929743904696184e-07,7e-07,1.0375644458865374e-07,2.992169723717732e-07,2.8269391820346137e-05,0.12094300908817227,47,highpass
1.2929743904696184e-07,7e-07,2.412013622360324e-07,2.992169723717732e-07,2.8269391820346137e-05,1.0716628973973594,47,highpass
1.2929743904696184e-07,7e-07,2.412013622360324e-07,2.992169723717732e-07,2.8269391820346137e-05,1.0716628973973594,47,highpass
1.2929743904696184e-07,7e-07,2.412013622360324e-07,2.9910743625896434e-07,2.8269391820346137e-05,1.0716628973973594,47,highpass
1.2929743904696184e-07,7e-07,2.412013622360324e-07,2.9795085907829653e-07,2.8269391820346137e-05,1.0239112571102351,47,highpass
1.2897721279913043e-07,7e-07,2.412013622360324e-07,2.992169723717732e-07,2.8269391820346137e-05,1.0716628973973594,47,highpass
1.2897721279913043e-07,7e-07,2.412013622360324e-07,2.992169723717732e-07,2.8269391820346137e-05,1.0716628973973594,47,highpass
1.2929743904696184e-07,7e-07,2.412013622360324e-07,2.992169723717732e-07,2.8269391820346137e-05,1.0716628973973594,47,highpass
1.2929743904696184e-07,7e-07,2.412013622360324e-07,2.992169723717732e-07,2.8269391820346137e-05,1.0716628973973594,47,highpass
1.2929743904696184e-07,7e-07,2.412013622360324e-07,2.9910743625896434e-07,2.8269391820346137e-05,1.0716628973973594,47,highpass
1.2929743904696184e-07,7e-07,2.412013622360324e-07,2.992169723717732e-07,2.8269391820346137e-05,1.0716628973973594,47,highpass
1.2929743904696184e-07,7e-07,2.412013622360324e-07,2.992169723717732e-07,2.8269391820346137e-05,1.0716628973973594,47,highpass
1.2929743904696184e-07,7e-07,2.412013622360324e-07,2.992169723717732e-07,2.8269391820346137e-05,1.0716628973973594,47,highpass
1.2897721279913043e-07,7e-07,2.412013622360324e-07,2.992169723717732e-07,2.8269391820346137e-05,1.0716628973973594,47,highpass
1.2929743904696184e-07,7e-07,2.412013622360324e-07,2.992169723717732e-07,2.8269391820346137e-05,1.0716628973973594,47,highpass
1.2929743904696184e-07,7e-07,2.412013622360324e-07,2.9910743625896434e-07,2.8269391820346137e-05,1.0716628973973594,47,highpass
1.2897721279913043e-07,7e-07,2.412013622360324e-07,2.992169723717732e-07,2.8269391820346137e-05,1.0716628973973594,47,highpass
1.2929743904696184e-07,7e-07,2.412013622360324e-07,2.919789428536521e-07,2.8269391820346137e-05,0.702961935550596,47,highpass
1.2929743904696184e-07,7e-07,2.412013622360324e-07,2.992169723717732e-07,2.8269391820346137e-05,1.0716628973973594,47,highpass
1.2929743904696184e-07,7e-07,2.412013622360324e-07,2.992169723717732e-07,2.8269391820346137e-05,1.0716628973973594,47,highpass
1.2897721279913043e-07,7e-07,2.412013622360324e-07,2.992169723717732e-07,2.8269391820346137e-05,1.0716628973973594,47,highpass
1.2929743904696184e-07,7e-07,2.412013622360324e-07,2.992169723717732e-07,2.8269391820346137e-05,1.0716628973973594,47,highpass
1.2929743904696184e-07,7e-07,2.412013622360324e-07,2.992169723717732e-07,2.8269391820346137e-05,1.0716628973973594,47,highpass
1.2929743904696184e-07,7e-07,2.412013622360324e-07,2.9910743625896434e-07,2.8269391820346137e-05,1.0716628973973594,47,highpass
1.2897721279913043e-07,7e-07,2.412013622360324e-07,2.9910743625896434e-07,2.8269391820346137e-05,1.0716628973973594,47,highpass
1.2929743904696184e-07,7e-07,2.412013622360324e-07,2.992169723717732e-07,2.8269391820346137e-05,1.0716628973973594,47,highpass
1.2929743904696184e-07,7e-07,2.412013622360324e-07,2.992169723717732e-07,2.8269391820346137e-05,1.0716628973973594,47,highpass
1.2929743904696184e-07,7e-07,2.412013622360324e-07,2.992169723717732e-07,2.8269391820346137e-05,1.0716628973973594,47,highpass
1.2897721279913043e-07,7e-07,2.412013622360324e-07,2.992169723717732e-07,2.8269391820346137e-05,1.0716628973973594,47,highpass
1.2929743904696184e-07,7e-07,2.412013622360324e-07,2.992169723717732e-07,2.8269391820346137e-05,1.0716628973973594,47,highpass
1.2929743904696184e-07,7e-07,2.412013622360324e-07,2.992169723717732e-07,1.6603318493752642e-05,0.5280715772449038,47,highpass
1.2929743904696184e-07,7e-07,2.412013622360324e-07,2.992169723717732e-07,2.8269391820346137e-05,1.0716628973973594,47,highpass
1.2929743904696184e-07,7e-07,2.412013622360324e-07,2.9910743625896434e-07,2.8269391820346137e-05,1.0716628973973594,47,highpass
1.2897721279913043e-07,7e-07,2.412013622360324e-07,2.992169723717732e-07,2.8269391820346137e-05,1.0716628973973594,47,highpass
1.2929743904696184e-07,7e-07,2.412013622360324e-07,2.992169723717732e-07,2.8269391820346137e-05,1.0716628973973594,47,highpass
1.2929743904696184e-07,7e-07,2.412013622360324e-07,2.992169723717732e-07,2.8269391820346137e-05,1.0716628973973594,47,highpass
1.2929743904696184e-07,7e-07,2.412013622360324e-07,2.992169723717732e-07,2.8269391820346137e-05,1.0716628973973594,47,highpass
1.2929743904696184e-07,7e-07,2.412013622360324e-07,2.992169723717732e-07,2.8269391820346137e-05,1.0716628973973594,47,highpass
1.2929743904696184e-07,7e-07,2.412013622360324e-07,2.992169723717732e-07,2.8269391820346137e-05,1.0716628973973594,47,highpass
1.2929743904696184e-07,7e-07,2.412013622360324e-07,2.992169723717732e-07,2.8269391820346137e-05,1.0716628973973594,47,highpass
1.2929743904696184e-07,7e-07,2.412013622360324e-07,2.992169723717732e-07,2.8269391820346137e-05,1.0716628973973594,47,highpass
1.2929743904696184e-07,7e-07,1.7344386252307152e-07,2.992169723717732e-07,2.8269391820346137e-05,-0.17749258480507027,47,highpass
1.2897721279913043e-07,7e-07,2.412013622360324e-07,2.992169723717732e-07,2.8269391820346137e-05,1.0716628973973594,47,highpass
1.2929743904696184e-07,7e-07,2.412013622360324e-07,2.992169723717732e-07,2.811198202582739e-05,1.065616666003391,48,highpass
1.2897721279913043e-07,7e-07,2.412013622360324e-07,2.992169723717732e-07,2.8269391820346137e-05,1.0658007740821516,48,highpass
1.2929743904696184e-07,7e-07,2.412013622360324e-07,2.992169723717732e-07,2.8269391820346137e-05,1.0658007740821516,48,highpass
1.2897721279913043e-07,7e-07,2.412013622360324e-07,1.9802539754033292e-07,2.8269391820346137e-05,0.0624835200505563,48,highpass
1.2897721279913043e-07,7e-07,2.412013622360324e-07,2.9910743625896434e-07,2.8269391820346137e-05,1.0658007740821516,48,highpass
1.2929743904696184e-07,7e-07,2.412013622360324e-07,2.992169723717732e-07,2.8269391820346137e-05,1.0658007740821516,48,highpass
1.4029398696840538e-07,7e-07,2.412013622360324e-07,2.992169723717732e-07,2.8269391820346137e-05,0.7021292667369912,48,highpass
1.2897721279913043e-07,7e-07,2.412013622360324e-07,2.992169723717732e-07,2.8269391820346137e-05,1.0658007740821516,48,highpass
1.2929743904696184e-07,7e-07,2.412013622360324e-07,2.9910743625896434e-07,2.8269391820346137e-05,1.0658007740821516,48,highpass
1.2929743904696184e-07,7e-07,2.412013622360324e-07,2.992169723717732e-07,2.8269391820346137e-05,1.0658007740821516,48,highpass
1.2929743904696184e-07,7e-07,2.412013622360324e-07,2.9910743625896434e-07,2.8269391820346137e-05,1.0658007740821516,48,highpass
1.2929743904696184e-07,7e-07,2.412013622360324e-07,2.992169723717732e-07,2.8269391820346137e-05,1.0658007740821516,48,highpass
1.2929743904696184e-07,7e-07,2.412013622360324e-07,2.992169723717732e-07,2.8269391820346137e-05,1.0658007740821516,48,highpass
1.2929743904696184e-07,7e-07,2.412013622360324e-07,2.992169723717732e-07,2.8269391820346137e-05,1.0658007740821516,48,highpass
1.2929743904696184e-07,7e-07,2.412013622360324e-07,2.992169723717732e-07,2.8269391820346137e-05,1.0658007740821516,48,highpass
1.2897721279913043e-07,7e-07,2.412013622360324e-07,2.992169723717732e-07,2.8269391820346137e-05,1.0658007740821516,48,highpass
1.2929743904696184e-07,7e-07,2.412013622360324e-07,2.992169723717732e-07,2.8269391820346137e-05,1.0658007740821516,48,highpass
1.2929743904696184e-07,7e-07,2.412013622360324e-07,2.9910743625896434e-07,2.8269391820346137e-05,1.0658007740821516,48,highpass
1.2929743904696184e-07,7e-07,2.412013622360324e-07,2.992169723717732e-07,2.8269391820346137e-05,1.0658007740821516,48,highpass
1.2929743904696184e-07,7e-07,2.346275703189138e-07,2.992169723717732e-07,2.8269391820346137e-05,0.30081134803002824,48,highpass
2.4085178645853335e-07,7e-07,2.412013622360324e-07,2.992169723717732e-07,2.8269391820346137e-05,0.1979007213679608,48,highpass
1.2929743904696184e-07,7e-07,2.412013622360324e-07,2.992169723717732e-07,2.8269391820346137e-05,1.0658007740821516,48,highpass
1.2929743904696184e-07,7e-07,2.412013622360324e-07,2.992169723717732e-07,2.8269391820346137e-05,1.0658007740821516,48,highpass
1.2929743904696184e-07,7e-07,2.412013622360324e-07,2.992169723717732e-07,2.8269391820346137e-05,1.0658007740821516,48,highpass
1.2929743904696184e-07,7e-07,2.412013622360324e-07,2.992169723717732e-07,2.8269391820346137e-05,1.0658007740821516,48,highpass
1.2929743904696184e-07,7e-07,2.412013622360324e-07,2.992169723717732e-07,2.8269391820346137e-05,1.0658007740821516,48,highpass
1.2929743904696184e-07,6.897019253285006e-07,2.412013622360324e-07,2.992169723717732e-07,2.8269391820346137e-05,0.7828082711566429,48,highpass
1.2929743904696184e-07,7e-07,2.412013622360324e-07,2.992169723717732e-07,2.8269391820346137e-05,1.0658007740821516,48,highpass
1.2929743904696184e-07,7e-07,1.9783831019958435e-07,2.9910743625896434e-07,2.8269391820346137e-05,0.04062614007528513,48,highpass
1.2929743904696184e-07,7e-07,2.412013622360324e-07,2.992169723717732e-07,2.8269391820346137e-05,1.0658007740821516,48,highpass
1.2929743904696184e-07,7e-07,2.412013622360324e-07,2.992169723717732e-07,2.8269391820346137e-05,1.0658007740821516,48,highpass
1.2929743904696184e-07,5.451734072545445e-07,2.412013622360324e-07,2.992169723717732e-07,2.8269391820346137e-05,0.11550987112712498,48,highpass
1.2897721279913043e-07,7e-07,2.412013622360324e-07,2.919284238434522e-07,2.8269391820346137e-05,0.6931864485029604,48,highpass
1.2929743904696184e-07,7e-07,2.412013622360324e-07,2.992169723717732e-07,2.8269391820346137e-05,1.0658007740821516,48,highpass
1.2929743904696184e-07,7e-07,2.412013622360324e-07,2.992169723717732e-07,2.8269391820346137e-05,1.0658007740821516,48,highpass
1.2929743904696184e-07,7e-07,2.412013622360324e-07,1.8668888420754574e-07,2.8269391820346137e-05,0.06247967463784016,48,highpass
1.2929743904696184e-07,7e-07,2.412013622360324e-07,2.992169723717732e-07,2.8269391820346137e-05,1.0658007740821516,48,highpass
1.2929743904696184e-07,7e-07,2.412013622360324e-07,2.7505788148491516e-07,2.8269391820346137e-05,0.3011603380679259,48,highpass
1.2929743904696184e-07,7e-07,2.412013622360324e-07,2.992169723717732e-07,2.8269391820346137e-05,1.0658007740821516,48,highpass
1.2929743904696184e-07,7e-07,2.412013622360324e-07,2.992169723717732e-07,2.7289448130915215e-05,0.9551000729676979,48,highpass
1.2598941188513308e-07,7e-07,2.412013622360324e-07,2.992169723717732e-07,2.8269391820346137e-05,0.7133899399976569,48,highpass
1.2929743904696184e-07,7e-07,2.412013622360324e-07,2.992169723717732e-07,2.8269391820346137e-05,1.0658007740821516,48,highpass
1.2929743904696184e-07,7e-07,2.412013622360324e-07,2.992169723717732e-07,2.8269391820346137e-05,1.0658007740821516,48,highpass
1.2929743904696184e-07,7e-07,2.412013622360324e-07,2.992169723717732e-07,2.8269391820346137e-05,1.0658007740821516,48,highpass
1.2929743904696184e-07,7e-07,2.412013622360324e-07,2.992169723717732e-07,2.8269391820346137e-05,1.0658007740821516,48,highpass
1.2897721279913043e-07,7e-07,2.412013622360324e-07,2.992169723717732e-07,2.8686365481909175e-05,0.7817671369484673,48,highpass
1.1904108577523362e-07,7e-07,2.412013622360324e-07,2.992169723717732e-07,2.8269391820346137e-05,0.6533592014808913,48,highpass
1.2929743904696184e-07,6.313367239162001e-07,2.412013622360324e-07,2.992169723717732e-07,2.8269391820346137e-05,0.37159199455246095,48,highpass
1.2929743904696184e-07,7e-07,2.412013622360324e-07,2.992169723717732e-07,2.8269391820346137e-05,1.0658007740821516,48,highpass
1.2929743904696184e-07,7e-07,2.412013622360324e-07,2.9910743625896434e-07,2.6823093581307478e-05,0.6637627592817896,48,highpass
1.2929743904696184e-07,7e-07,2.412013622360324e-07,2.992169723717732e-07,2.811198202582739e-05,1.065616666003391,49,highpass
1.2929743904696184e-07,7e-07,2.412013622360324e-07,2.992169723717732e-07,2.8269391820346137e-05,1.0658007740821516,49,highpass
1.2929743904696184e-07,7e-07,2.412013622360324e-07,2.992169723717732e-07,2.8269391820346137e-05,1.0658007740821516,49,highpass
1.2897721279913043e-07,7e-07,2.412013622360324e-07,2.992169723717732e-07,2.8269391820346137e-05,1.0658007740821516,49,highpass
1.2929743904696184e-07,7e-07,2.412013622360324e-07,2.992169723717732e-07,2.8269391820346137e-05,1.0658007740821516,49,highpass
1.2929743904696184e-07,7e-07,2.412013622360324e-07,2.992169723717732e-07,2.8269391820346137e-05,1.0658007740821516,49,highpass
1.2929743904696184e-07,7e-07,2.412013622360324e-07,2.992169723717732e-07,2.8269391820346137e-05,1.0658007740821516,49,highpass
1.2929743904696184e-07,7e-07,2.412013622360324e-07,2.992169723717732e-07,2.8269391820346137e-05,1.0658007740821516,49,highpass
1.2929743904696184e-07,7e-07,2.412013622360324e-07,2.992169723717732e-07,2.8269391820346137e-05,1.0658007740821516,49,highpass
1.2929743904696184e-07,7e-07,2.412013622360324e-07,2.992169723717732e-07,2.8269391820346137e-05,1.0658007740821516,49,highpass
1.2929743904696184e-07,7e-07,2.412013622360324e-07,2.992169723717732e-07,2.8269391820346137e-05,1.0658007740821516,49,highpass
1.2929743904696184e-07,7e-07,2.412013622360324e-07,2.9910743625896434e-07,2.8269391820346137e-05,1.0658007740821516,49,highpass
1.2897721279913043e-07,7e-07,2.412013622360324e-07,2.9910743625896434e-07,2.8269391820346137e-05,1.0658007740821516,49,highpass
1.2929743904696184e-07,7e-07,2.412013622360324e-07,2.992169723717732e-07,2.8269391820346137e-05,1.0658007740821516,49,highpass
1.2897721279913043e-07,7e-07,2.412013622360324e-07,2.992169723717732e-07,2.8269391820346137e-05,1.0658007740821516,49,highpass
1.2897721279913043e-07,7e-07,2.412013622360324e-07,2.992169723717732e-07,2.8269391820346137e-05,1.0658007740821516,49,highpass
1.2897721279913043e-07,7e-07,2.412013622360324e-07,2.992169723717732e-07,2.8269391820346137e-05,1.0658007740821516,49,highpass
1.2929743904696184e-07,7e-07,2.412013622360324e-07,2.992169723717732e-07,2.8269391820346137e-05,1.0658007740821516,49,highpass
1.2929743904696184e-07,7e-07,2.412013622360324e-07,2.992169723717732e-07,2.8269391820346137e-05,1.0658007740821516,49,highpass
1.2897721279913043e-07,7e-07,2.412013622360324e-07,2.992169723717732e-07,2.8269391820346137e-05,1.0658007740821516,49,highpass
1.2929743904696184e-07,7e-07,2.412013622360324e-07,2.992169723717732e-07,2.4800407336745e-05,0.8844305534747496,49,highpass
1.2929743904696184e-07,7e-07,2.412013622360324e-07,2.992169723717732e-07,2.8269391820346137e-05,1.0658007740821516,49,highpass
1.2929743904696184e-07,6.968749030784356e-07,2.412013622360324e-07,2.992169723717732e-07,2.8269391820346137e-05,1.0497442266426988,49,highpass
1.858957158408472e-07,7e-07,2.412013622360324e-07,2.992169723717732e-07,2.8269391820346137e-05,0.2905174175293838,49,highpass
1.2929743904696184e-07,7e-07,2.412013622360324e-07,2.9910743625896434e-07,2.8269391820346137e-05,1.0658007740821516,49,highpass
1.2929743904696184e-07,7e-07,2.412013622360324e-07,2.9910743625896434e-07,2.8269391820346137e-05,1.0658007740821516,49,highpass
1.2929743904696184e-07,7e-07,2.412013622360324e-07,2.9910743625896434e-07,2.8269391820346137e-05,1.0658007740821516,49,highpass
1.2929743904696184e-07,7e-07,2.412013622360324e-07,2.992169723717732e-07,2.8269391820346137e-05,1.0658007740821516,49,highpass
1.2929743904696184e-07,7e-07,2.412013622360324e-07,2.992169723717732e-07,2.8269391820346137e-05,1.0658007740821516,49,highpass
1.2929743904696184e-07,7e-07,2.412013622360324e-07,2.992169723717732e-07,3.102289630899681e-05,0.851412204516299,49,highpass
1.2567448997992823e-07,7e-07,2.412013622360324e-07,2.9910743625896434e-07,2.8269391820346137e-05,0.7000888922273341,49,highpass
1.2929743904696184e-07,7e-07,2.412013622360324e-07,2.992169723717732e-07,2.8269391820346137e-05,1.0658007740821516,49,highpass
1.2929743904696184e-07,7e-07,2.412013622360324e-07,2.992169723717732e-07,2.8269391820346137e-05,1.0658007740821516,49,highpass
1.2929743904696184e-07,7e-07,2.412013622360324e-07,2.992169723717732e-07,2.8269391820346137e-05,1.0658007740821516,49,highpass
1.2929743904696184e-07,7e-07,2.412013622360324e-07,2.992169723717732e-07,2.8269391820346137e-05,1.0658007740821516,49,highpass
1.2929743904696184e-07,7e-07,2.412013622360324e-07,2.9910743625896434e-07,2.8269391820346137e-05,1.0658007740821516,49,highpass
1.2929743904696184e-07,7e-07,2.412013622360324e-07,2.992169723717732e-07,2.8269391820346137e-05,1.0658007740821516,49,highpass
1.2929743904696184e-07,7e-07,2.412013622360324e-07,2.9910743625896434e-07,2.8269391820346137e-05,1.0658007740821516,49,highpass
1.2929743904696184e-07,7e-07,2.412013622360324e-07,2.9910743625896434e-07,2.8269391820346137e-05,1.0658007740821516,49,highpass
1.2929743904696184e-07,7e-07,2.412013622360324e-07,2.992169723717732e-07,2.8269391820346137e-05,1.0658007740821516,49,highpass
1.2929743904696184e-07,7e-07,2.412013622360324e-07,2.992169723717732e-07,2.8269391820346137e-05,1.0658007740821516,49,highpass
1.2929743904696184e-07,7e-07,2.412013622360324e-07,2.992169723717732e-07,2.8269391820346137e-05,1.0658007740821516,49,highpass
1.2929743904696184e-07,7e-07,2.412013622360324e-07,2.992169723717732e-07,2.8269391820346137e-05,1.0658007740821516,49,highpass
1.243160280742757e-07,7e-07,2.412013622360324e-07,2.992169723717732e-07,2.8269391820346137e-05,0.6983201449388137,49,highpass
1.2897721279913043e-07,7e-07,2.412013622360324e-07,2.992169723717732e-07,2.8269391820346137e-05,1.0658007740821516,49,highpass
1.2929743904696184e-07,7e-07,2.412013622360324e-07,2.992169723717732e-07,2.8269391820346137e-05,1.0658007740821516,49,highpass
1.2929743904696184e-07,7e-07,2.412013622360324e-07,2.992169723717732e-07,2.8269391820346137e-05,1.0658007740821516,49,highpass
1.2929743904696184e-07,7e-07,2.412013622360324e-07,2.992169723717732e-07,2.8269391820346137e-05,1.0658007740821516,49,highpass
1.2929743904696184e-07,7e-07,2.412013622360324e-07,2.992169723717732e-07,2.8269391820346137e-05,1.0658007740821516,49,highpass
1.2929743904696184e-07,7e-07,2.412013622360324e-07,2.992169723717732e-07,2.8269391820346137e-05,1.0658007740821516,49,highpass
1.2929743904696184e-07,7e-07,2.412013622360324e-07,2.992169723717732e-07,2.811198202582739e-05,1.065616666003391,50,highpass
1.2929743904696184e-07,7e-07,2.4059673891873036e-07,2.992169723717732e-07,2.8269391820346137e-05,1.0658007740821516,50,highpass
1.2929743904696184e-07,7e-07,2.412013622360324e-07,2.992169723717732e-07,2.8269391820346137e-05,1.0658007740821516,50,highpass
1.2929743904696184e-07,7e-07,2.412013622360324e-07,2.971430072497583e-07,2.8269391820346137e-05,0.91694732068699,50,highpass
1.2929743904696184e-07,7e-07,2.412013622360324e-07,2.992169723717732e-07,2.8269391820346137e-05,1.0658007740821516,50,highpass
1.2929743904696184e-07,7e-07,2.412013622360324e-07,2.9910743625896434e-07,2.8269391820346137e-05,1.0658007740821516,50,highpass
1.2897721279913043e-07,7e-07,2.3160653296465564e-07,2.992169723717732e-07,2.8269391820346137e-05,0.30001295355891816,50,highpass
1.2929743904696184e-07,6.979703501287781e-07,2.412013622360324e-07,2.992169723717732e-07,2.8269391820346137e-05,1.069671261431535,50,highpass
1.2929743904696184e-07,7e-07,2.412013622360324e-07,2.9910743625896434e-07,2.8269391820346137e-05,1.0658007740821516,50,highpass
1.2929743904696184e-07,7e-07,2.412013622360324e-07,2.992169723717732e-07,2.8269391820346137e-05,1.0658007740821516,50,highpass
1.2929743904696184e-07,7e-07,2.412013622360324e-07,2.992169723717732e-07,2.8269391820346137e-05,1.0658007740821516,50,highpass
1.2929743904696184e-07,7e-07,2.412013622360324e-07,2.992169723717732e-07,2.8269391820346137e-05,1.0658007740821516,50,highpass
1.2929743904696184e-07,7e-07,1.8030821723617515e-07,2.992169723717732e-07,2.8269391820346137e-05,-0.1601811042932412,50,highpass
1.2929743904696184e-07,7e-07,2.412013622360324e-07,2.992169723717732e-07,2.8269391820346137e-05,1.0658007740821516,50,highpass
1.2929743904696184e-07,7e-07,2.412013622360324e-07,2.9910743625896434e-07,2.8269391820346137e-05,1.0658007740821516,50,highpass
1.2929743904696184e-07,7e-07,2.412013622360324e-07,2.9910743625896434e-07,2.8269391820346137e-05,1.0658007740821516,50,highpass
1.2897721279913043e-07,7e-07,2.412013622360324e-07,2.992169723717732e-07,2.8269391820346137e-05,1.0658007740821516,50,highpass
1.2897721279913043e-07,7e-07,2.412013622360324e-07,2.992169723717732e-07,2.8269391820346137e-05,1.0658007740821516,50,highpass
1.2929743904696184e-07,7e-07,2.412013622360324e-07,2.992169723717732e-07,2.8269391820346137e-05,1.0658007740821516,50,highpass
1.2897721279913043e-07,7e-07,2.412013622360324e-07,2.992169723717732e-07,2.8269391820346137e-05,1.0658007740821516,50,highpass
1.2929743904696184e-07,7e-07,2.412013622360324e-07,2.992169723717732e-07,2.8269391820346137e-05,1.0658007740821516,50,highpass
1.2929743904696184e-07,7e-07,2.412013622360324e-07,2.992169723717732e-07,2.8269391820346137e-05,1.0658007740821516,50,highpass
1.2929743904696184e-07,7e-07,2.412013622360324e-07,2.992169723717732e-07,2.8269391820346137e-05,1.0658007740821516,50,highpass
1.2929743904696184e-07,7e-07,2.412013622360324e-07,2.9910743625896434e-07,2.8269391820346137e-05,1.0658007740821516,50,highpass
1.2929743904696184e-07,7e-07,2.412013622360324e-07,2.992169723717732e-07,3.8634477723413565e-05,0.415378970116384,50,highpass
1.2929743904696184e-07,7e-07,2.412013622360324e-07,2.992169723717732e-07,2.8269391820346137e-05,1.0658007740821516,50,highpass
1.2929743904696184e-07,7e-07,2.412013622360324e-07,2.992169723717732e-07,2.8269391820346137e-05,1.0658007740821516,50,highpass
1.2929743904696184e-07,7e-07,2.412013622360324e-07,2.9910743625896434e-07,2.8269391820346137e-05,1.0658007740821516,50,highpass
1.2929743904696184e-07,7e-07,2.412013622360324e-07,2.992169723717732e-07,2.8269391820346137e-05,1.0658007740821516,50,highpass
1.2929743904696184e-07,6.970794414539411e-07,2.412013622360324e-07,2.992169723717732e-07,2.8269391820346137e-05,1.0548527306872435,50,highpass
1.2929743904696184e-07,7e-07,2.412013622360324e-07,2.992169723717732e-07,2.8269391820346137e-05,1.0658007740821516,50,highpass
1.2929743904696184e-07,7e-07,2.412013622360324e-07,2.992169723717732e-07,2.8269391820346137e-05,1.0658007740821516,50,highpass
1.2897721279913043e-07,7e-07,2.412013622360324e-07,2.992169723717732e-07,2.8269391820346137e-05,1.0658007740821516,50,highpass
1.2929743904696184e-07,7e-07,2.412013622360324e-07,2.992169723717732e-07,2.8269391820346137e-05,1.0658007740821516,50,highpass
1.2929743904696184e-07,7e-07,2.412013622360324e-07,2.992169723717732e-07,2.8269391820346137e-05,1.0658007740821516,50,highpass
1.2929743904696184e-07,7e-07,2.412013622360324e-07,2.992169723717732e-07,2.8269391820346137e-05,1.0658007740821516,50,highpass
1.2929743904696184e-07,7e-07,2.412013622360324e-07,2.992169723717732e-07,2.8269391820346137e-05,1.0658007740821516,50,highpass
1.2929743904696184e-07,7e-07,2.412013622360324e-07,2.992169723717732e-07,2.8269391820346137e-05,1.0658007740821516,50,highpass
1.2929743904696184e-07,7e-07,2.412013622360324e-07,2.992169723717732e-07,2.8269391820346137e-05,1.0658007740821516,50,highpass
1.2929743904696184e-07,7e-07,2.412013622360324e-07,2.992169723717732e-07,2.8269391820346137e-05,1.0658007740821516,50,highpass
1.2929743904696184e-07,7e-07,2.412013622360324e-07,2.992169723717732e-07,2.8269391820346137e-05,1.0658007740821516,50,highpass
1.2929743904696184e-07,7e-07,2.412013622360324e-07,2.992169723717732e-07,2.8269391820346137e-05,1.0658007740821516,50,highpass
1.2929743904696184e-07,7e-07,2.412013622360324e-07,2.992169723717732e-07,2.8269391820346137e-05,1.0658007740821516,50,highpass
1.2929743904696184e-07,7e-07,2.412013622360324e-07,2.992169723717732e-07,2.8269391820346137e-05,1.0658007740821516,50,highpass
1.3399901266295244e-07,7e-07,2.412013622360324e-07,2.9910743625896434e-07,2.8269391820346137e-05,0.7469309560759937,50,highpass
1.2929743904696184e-07,7e-07,2.412013622360324e-07,2.992169723717732e-07,2.8269391820346137e-05,1.0658007740821516,50,highpass
1.2929743904696184e-07,7e-07,2.412013622360324e-07,2.992169723717732e-07,2.8269391820346137e-05,1.0658007740821516,50,highpass
1.2929743904696184e-07,7e-07,2.412013622360324e-07,2.992169723717732e-07,2.8269391820346137e-05,1.0658007740821516,50,highpass
1.2929743904696184e-07,7e-07,2.412013622360324e-07,2.992169723717732e-07,2.8269391820346137e-05,1.0658007740821516,50,highpass
1.2929743904696184e-07,7e-07,2.412013622360324e-07,2.992169723717732e-07,2.8269391820346137e-05,1.0658007740821516,50,highpass
1.2929743904696184e-07,7e-07,2.412013622360324e-07,2.992169723717732e-07,2.811198202582739e-05,1.065616666003391,51,highpass
1.2929743904696184e-07,7e-07,2.2126508827430536e-07,2.992169723717732e-07,2.8269391820346137e-05,0.29935534452217394,51,highpass
1.2929743904696184e-07,7e-07,2.412013622360324e-07,2.992169723717732e-07,2.8269391820346137e-05,1.0731455672961177,51,highpass
1.2929743904696184e-07,7e-07,2.4240854701962394e-07,2.992169723717732e-07,2.8269391820346137e-05,0.8154629039274588,51,highpass
1.2929743904696184e-07,7e-07,2.412013622360324e-07,2.992169723717732e-07,2.8269391820346137e-05,1.0731455672961177,51,highpass
1.2846769905987118e-07,7e-07,2.412013622360324e-07,2.992169723717732e-07,2.8269391820346137e-05,0.8144152870295917,51,highpass
1.2929743904696184e-07,7e-07,2.412013622360324e-07,2.992169723717732e-07,2.1965176028230333e-05,0.6254432445879007,51,highpass
1.2929743904696184e-07,7e-07,2.412013622360324e-07,3e-07,2.8269391820346137e-05,0.9702900669092505,51,highpass
1.2929743904696184e-07,7e-07,2.412013622360324e-07,2.9910743625896434e-07,2.8269391820346137e-05,1.0731455672961177,51,highpass
1.2929743904696184e-07,7e-07,2.4059673891873036e-07,2.992169723717732e-07,2.8269391820346137e-05,1.0731455672961177,51,highpass
1.2929743904696184e-07,6.979703501287781e-07,2.412013622360324e-07,2.992169723717732e-07,2.8269391820346137e-05,1.069671261431535,51,highpass
1.2929743904696184e-07,6.979703501287781e-07,2.412013622360324e-07,2.992169723717732e-07,2.8269391820346137e-05,1.069671261431535,51,highpass
1.2929743904696184e-07,7e-07,2.412013622360324e-07,2.992169723717732e-07,2.8269391820346137e-05,1.0731455672961177,51,highpass
1.2929743904696184e-07,7e-07,2.412013622360324e-07,2.992169723717732e-07,2.8269391820346137e-05,1.0731455672961177,51,highpass
1.2929743904696184e-07,7e-07,2.412013622360324e-07,2.7524828208808777e-07,2.8269391820346137e-05,0.30116910080866754,51,highpass
1.2929743904696184e-07,7e-07,2.412013622360324e-07,2.992169723717732e-07,2.8269391820346137e-05,1.0731455672961177,51,highpass
1.2929743904696184e-07,6.979703501287781e-07,2.412013622360324e-07,2.992169723717732e-07,2.8269391820346137e-05,1.069671261431535,51,highpass
1.2929743904696184e-07,6.979703501287781e-07,2.412013622360324e-07,2.992169723717732e-07,2.8269391820346137e-05,1.069671261431535,51,highpass
1.2929743904696184e-07,7e-07,2.412013622360324e-07,2.992169723717732e-07,4.749903113608496e-05,0.3153041810043491,51,highpass
1.2929743904696184e-07,7e-07,2.412013622360324e-07,2.992169723717732e-07,2.8269391820346137e-05,1.0731455672961177,51,highpass
1.2929743904696184e-07,7e-07,2.412013622360324e-07,2.992169723717732e-07,2.8269391820346137e-05,1.0731455672961177,51,highpass
2.0307222241279324e-07,6.979703501287781e-07,2.412013622360324e-07,2.992169723717732e-07,2.8269391820346137e-05,0.06103775674886319,51,highpass
1.2929743904696184e-07,6.979703501287781e-07,2.412013622360324e-07,2.992169723717732e-07,2.8269391820346137e-05,1.069671261431535,51,highpass
1.2929743904696184e-07,7e-07,2.412013622360324e-07,2.9910743625896434e-07,2.8269391820346137e-05,1.0731455672961177,51,highpass
1.2296744918814842e-07,7e-07,2.412013622360324e-07,2.992169723717732e-07,2.8269391820346137e-05,0.7029578941980562,51,highpass
1.2929743904696184e-07,7e-07,2.412013622360324e-07,2.992169723717732e-07,2.8269391820346137e-05,1.0731455672961177,51,highpass
1.2929743904696184e-07,7e-07,2.412013622360324e-07,2.992169723717732e-07,2.8269391820346137e-05,1.0731455672961177,51,highpass
1.2897721279913043e-07,7e-07,2.412013622360324e-07,2.992169723717732e-07,2.8269391820346137e-05,1.0731455672961177,51,highpass
1.2929743904696184e-07,7e-07,2.412013622360324e-07,2.9910743625896434e-07,2.8269391820346137e-05,1.0731455672961177,51,highpass
1.2929743904696184e-07,6.147571913025511e-07,2.412013622360324e-07,2.992169723717732e-07,2.8269391820346137e-05,0.3621959091261364,51,highpass
1.2929743904696184e-07,7e-07,2.412013622360324e-07,2.992169723717732e-07,2.8269391820346137e-05,1.0731455672961177,51,highpass
1.2929743904696184e-07,7e-07,2.412013622360324e-07,2.992169723717732e-07,2.8269391820346137e-05,1.0731455672961177,51,highpass
1.2929743904696184e-07,7e-07,2.4341755942767766e-07,2.992169723717732e-07,2.8269391820346137e-05,0.7767027745595063,51,highpass
1.2929743904696184e-07,7e-07,2.412013622360324e-07,2.992169723717732e-07,2.8269391820346137e-05,1.0731455672961177,51,highpass
1.2929743904696184e-07,7e-07,2.412013622360324e-07,2.9910743625896434e-07,2.8269391820346137e-05,1.0731455672961177,51,highpass
1.2929743904696184e-07,7e-07,2.445819614006375e-07,2.992169723717732e-07,2.8269391820346137e-05,0.4844342509966004,51,highpass
1.2929743904696184e-07,7e-07,2.412013622360324e-07,2.992169723717732e-07,2.8269391820346137e-05,1.0731455672961177,51,highpass
1.2929743904696184e-07,7e-07,2.412013622360324e-07,2.992169723717732e-07,2.8269391820346137e-05,1.0731455672961177,51,highpass
1.2929743904696184e-07,7e-07,2.412013622360324e-07,2.992169723717732e-07,2.8269391820346137e-05,1.0731455672961177,51,highpass
1.2929743904696184e-07,7e-07,2.412013622360324e-07,3e-07,2.8269391820346137e-05,0.9702900669092505,51,highpass
1.2929743904696184e-07,7e-07,2.412013622360324e-07,2.992169723717732e-07,2.8269391820346137e-05,1.0731455672961177,51,highpass
1.2929743904696184e-07,7e-07,2.412013622360324e-07,2.992169723717732e-07,2.8269391820346137e-05,1.0731455672961177,51,highpass
1.2929743904696184e-07,7e-07,2.412013622360324e-07,2.992169723717732e-07,2.8269391820346137e-05,1.0731455672961177,51,highpass
1.2929743904696184e-07,7e-07,2.412013622360324e-07,2.9910743625896434e-07,2.8269391820346137e-05,1.0731455672961177,51,highpass
1.2929743904696184e-07,7e-07,2.412013622360324e-07,2.992169723717732e-07,2.8269391820346137e-05,1.0731455672961177,51,highpass
1.2929743904696184e-07,7e-07,2.412013622360324e-07,2.992169723717732e-07,2.8269391820346137e-05,1.0731455672961177,51,highpass
1.2929743904696184e-07,7e-07,2.412013622360324e-07,2.992169723717732e-07,2.8269391820346137e-05,1.0731455672961177,51,highpass
1.2929743904696184e-07,7e-07,2.412013622360324e-07,2.992169723717732e-07,2.8269391820346137e-05,1.0731455672961177,51,highpass
1.2929743904696184e-07,7e-07,2.412013622360324e-07,2.992169723717732e-07,2.8269391820346137e-05,1.0731455672961177,51,highpass
1.2929743904696184e-07,7e-07,2.412013622360324e-07,2.9910743625896434e-07,2.8269391820346137e-05,1.0731455672961177,51,highpass
1.2929743904696184e-07,7e-07,2.412013622360324e-07,2.992169723717732e-07,2.8269391820346137e-05,1.0658007740821516,52,highpass
1.2929743904696184e-07,7e-07,2.412013622360324e-07,2.992169723717732e-07,2.8269391820346137e-05,1.0658007740821516,52,highpass
1.2929743904696184e-07,7e-07,2.412013622360324e-07,2.992169723717732e-07,2.8269391820346137e-05,1.0658007740821516,52,highpass
1.2929743904696184e-07,7e-07,2.412013622360324e-07,2.992169723717732e-07,2.8269391820346137e-05,1.0658007740821516,52,highpass
1.2929743904696184e-07,7e-07,2.412013622360324e-07,2.9910743625896434e-07,2.8269391820346137e-05,1.0658007740821516,52,highpass
1.2929743904696184e-07,7e-07,2.412013622360324e-07,2.992169723717732e-07,2.8269391820346137e-05,1.0658007740821516,52,highpass
1.2929743904696184e-07,7e-07,2.412013622360324e-07,2.992169723717732e-07,2.8269391820346137e-05,1.0658007740821516,52,highpass
1.2929743904696184e-07,7e-07,2.412013622360324e-07,2.992169723717732e-07,2.8269391820346137e-05,1.0658007740821516,52,highpass
1.2929743904696184e-07,7e-07,2.412013622360324e-07,2.992169723717732e-07,2.8269391820346137e-05,1.0658007740821516,52,highpass
1.2929743904696184e-07,7e-07,2.412013622360324e-07,2.992169723717732e-07,2.8269391820346137e-05,1.0658007740821516,52,highpass
1.2929743904696184e-07,7e-07,2.412013622360324e-07,2.992169723717732e-07,2.8269391820346137e-05,1.0658007740821516,52,highpass
1.2929743904696184e-07,7e-07,2.412013622360324e-07,2.9910743625896434e-07,2.8269391820346137e-05,1.0658007740821516,52,highpass
1.2929743904696184e-07,7e-07,2.412013622360324e-07,2.992169723717732e-07,2.8269391820346137e-05,1.0658007740821516,52,highpass
1.2929743904696184e-07,7e-07,2.412013622360324e-07,2.992169723717732e-07,2.8269391820346137e-05,1.0658007740821516,52,highpass
1.2929743904696184e-07,6.905700815923815e-07,2.412013622360324e-07,2.992169723717732e-07,2.8269391820346137e-05,0.8079954249196984,52,highpass
1.2897721279913043e-07,6.82549301279483e-07,2.412013622360324e-07,2.992169723717732e-07,2.8269391820346137e-05,0.6387648511426249,52,highpass
1.2990756376637927e-07,7e-07,2.412013622360324e-07,2.992169723717732e-07,2.8269391820346137e-05,0.6612326635124479,52,highpass
1.2897721279913043e-07,7e-07,2.412013622360324e-07,2.992169723717732e-07,2.8269391820346137e-05,1.0658007740821516,52,highpass
1.2929743904696184e-07,7e-07,2.412013622360324e-07,2.992169723717732e-07,2.8269391820346137e-05,1.0658007740821516,52,highpass
1.2929743904696184e-07,7e-07,2.412013622360324e-07,2.992169723717732e-07,2.8269391820346137e-05,1.0658007740821516,52,highpass
1.2929743904696184e-07,7e-07,2.412013622360324e-07,2.9910743625896434e-07,2.8269391820346137e-05,1.0658007740821516,52,highpass
1.2929743904696184e-07,7e-07,2.412013622360324e-07,2.992169723717732e-07,2.8269391820346137e-05,1.0658007740821516,52,highpass
1.2929743904696184e-07,7e-07,2.412013622360324e-07,2.992169723717732e-07,2.8269391820346137e-05,1.0658007740821516,52,highpass
1.2929743904696184e-07,7e-07,2.412013622360324e-07,2.992169723717732e-07,2.8269391820346137e-05,1.0658007740821516,52,highpass
1.2929743904696184e-07,7e-07,2.412013622360324e-07,2.992169723717732e-07,2.8269391820346137e-05,1.0658007740821516,52,highpass
1.2929743904696184e-07,7e-07,2.412013622360324e-07,2.9910743625896434e-07,2.8269391820346137e-05,1.0658007740821516,52,highpass
1.2929743904696184e-07,7e-07,2.412013622360324e-07,2.992169723717732e-07,2.8269391820346137e-05,1.0658007740821516,52,highpass
1.2929743904696184e-07,7e-07,2.412013622360324e-07,2.992169723717732e-07,2.8269391820346137e-05,1.0658007740821516,52,highpass
1.2929743904696184e-07,7e-07,2.412013622360324e-07,2.992169723717732e-07,2.8269391820346137e-05,1.0658007740821516,52,highpass
1.2929743904696184e-07,7e-07,2.412013622360324e-07,2.992169723717732e-07,2.8269391820346137e-05,1.0658007740821516,52,highpass
1.2929743904696184e-07,7e-07,2.412013622360324e-07,2.992169723717732e-07,2.8269391820346137e-05,1.0658007740821516,52,highpass
1.2897721279913043e-07,7e-07,2.412013622360324e-07,2.992169723717732e-07,2.8269391820346137e-05,1.0658007740821516,52,highpass
1.2929743904696184e-07,7e-07,2.412013622360324e-07,2.992169723717732e-07,2.8269391820346137e-05,1.0658007740821516,52,highpass
1.2929743904696184e-07,7e-07,2.412013622360324e-07,2.992169723717732e-07,2.8269391820346137e-05,1.0658007740821516,52,highpass
1.2929743904696184e-07,7e-07,2.412013622360324e-07,2.992169723717732e-07,2.8269391820346137e-05,1.0658007740821516,52,highpass
1.2929743904696184e-07,7e-07,2.412013622360324e-07,2.992169723717732e-07,2.8269391820346137e-05,1.0658007740821516,52,highpass
1.2929743904696184e-07,7e-07,2.412013622360324e-07,2.992169723717732e-07,2.8269391820346137e-05,1.0658007740821516,52,highpass
1.2897721279913043e-07,5.894734904278777e-07,2.412013622360324e-07,2.9910743625896434e-07,2.8269391820346137e-05,0.191863724055987,52,highpass
1.2929743904696184e-07,7e-07,1.7601842025369015e-07,2.9910743625896434e-07,2.8269391820346137e-05,-0.15027390512302005,52,highpass
1.2929743904696184e-07,7e-07,2.412013622360324e-07,2.9910743625896434e-07,2.8269391820346137e-05,1.0658007740821516,52,highpass
1.2929743904696184e-07,7e-07,2.412013622360324e-07,2.9910743625896434e-07,2.906067081534653e-05,0.8944913147095404,52,highpass
1.2929743904696184e-07,7e-07,2.412013622360324e-07,2.992169723717732e-07,2.8269391820346137e-05,1.0658007740821516,52,highpass
1.2929743904696184e-07,7e-07,2.412013622360324e-07,2.992169723717732e-07,2.8269391820346137e-05,1.0658007740821516,52,highpass
1.2929743904696184e-07,7e-07,2.412013622360324e-07,2.992169723717732e-07,2.8269391820346137e-05,1.0658007740821516,52,highpass
1.2929743904696184e-07,7e-07,2.380285307654831e-07,2.992169723717732e-07,2.8269391820346137e-05,0.38089668379328045,52,highpass
1.2929743904696184e-07,7e-07,2.412013622360324e-07,2.992169723717732e-07,2.8269391820346137e-05,1.0658007740821516,52,highpass
1.2929743904696184e-07,7e-07,2.412013622360324e-07,2.992169723717732e-07,2.8269391820346137e-05,1.0658007740821516,52,highpass
1.2929743904696184e-07,7e-07,2.412013622360324e-07,2.992169723717732e-07,2.8269391820346137e-05,1.0658007740821516,52,highpass
1.7930024117354831e-07,7e-07,2.412013622360324e-07,2.992169723717732e-07,2.8269391820346137e-05,0.51107190839194,52,highpass
1.2929743904696184e-07,5.776066050561497e-07,2.412013622360324e-07,2.992169723717732e-07,2.8269391820346137e-05,0.21600873716129487,52,highpass
1.2929743904696184e-07,7e-07,2.412013622360324e-07,2.992169723717732e-07,2.8269391820346137e-05,1.0658007740821516,53,highpass
1.2929743904696184e-07,6.872480567565256e-07,2.412013622360324e-07,2.992169723717732e-07,2.8269391820346137e-05,0.7250524791852897,53,highpass
1.2929743904696184e-07,7e-07,2.412013622360324e-07,2.992169723717732e-07,2.8269391820346137e-05,1.0658007740821516,53,highpass
1.2929743904696184e-07,7e-07,2.412013622360324e-07,2.992169723717732e-07,2.8269391820346137e-05,1.0658007740821516,53,highpass
1.2929743904696184e-07,7e-07,2.412013622360324e-07,2.992169723717732e-07,2.8269391820346137e-05,1.0658007740821516,53,highpass
1.2929743904696184e-07,7e-07,2.412013622360324e-07,2.992169723717732e-07,2.8269391820346137e-05,1.0658007740821516,53,highpass
1.2929743904696184e-07,7e-07,2.412013622360324e-07,2.9910743625896434e-07,2.8269391820346137e-05,1.0658007740821516,53,highpass
1.2929743904696184e-07,7e-07,2.412013622360324e-07,2.992169723717732e-07,2.8269391820346137e-05,1.0658007740821516,53,highpass
1.2929743904696184e-07,4.680665615009871e-07,2.412013622360324e-07,2.992169723717732e-07,2.8269391820346137e-05,0.02967024745559511,53,highpass
1.2929743904696184e-07,7e-07,2.412013622360324e-07,2.992169723717732e-07,2.8269391820346137e-05,1.0658007740821516,53,highpass
1.2929743904696184e-07,7e-07,2.412013622360324e-07,2.992169723717732e-07,2.8269391820346137e-05,1.0658007740821516,53,highpass
1.2929743904696184e-07,7e-07,2.412013622360324e-07,2.9910743625896434e-07,2.8269391820346137e-05,1.0658007740821516,53,highpass
1.2929743904696184e-07,7e-07,2.412013622360324e-07,2.992169723717732e-07,2.8269391820346137e-05,1.0658007740821516,53,highpass
1.2929743904696184e-07,7e-07,2.412013622360324e-07,2.992169723717732e-07,2.8269391820346137e-05,1.0658007740821516,53,highpass
1.2929743904696184e-07,7e-07,2.412013622360324e-07,2.992169723717732e-07,2.8269391820346137e-05,1.0658007740821516,53,highpass
1.2929743904696184e-07,7e-07,2.412013622360324e-07,2.992169723717732e-07,2.8269391820346137e-05,1.0658007740821516,53,highpass
1.2929743904696184e-07,7e-07,2.412013622360324e-07,2.992169723717732e-07,2.8269391820346137e-05,1.0658007740821516,53,highpass
1.2929743904696184e-07,7e-07,2.412013622360324e-07,2.992169723717732e-07,2.8269391820346137e-05,1.0658007740821516,53,highpass
1.2929743904696184e-07,7e-07,2.412013622360324e-07,2.992169723717732e-07,2.8269391820346137e-05,1.0658007740821516,53,highpass
1.2897721279913043e-07,7e-07,2.412013622360324e-07,2.9910743625896434e-07,2.8269391820346137e-05,1.0658007740821516,53,highpass
1.0255142369687824e-07,7e-07,2.412013622360324e-07,2.992169723717732e-07,2.8269391820346137e-05,0.43357305665974155,53,highpass
1.2929743904696184e-07,7e-07,2.412013622360324e-07,2.992169723717732e-07,3.029684758529154e-05,0.6077568242478448,53,highpass
1.2929743904696184e-07,7e-07,2.412013622360324e-07,2.992169723717732e-07,2.8269391820346137e-05,1.0658007740821516,53,highpass
1.2929743904696184e-07,7e-07,2.412013622360324e-07,2.992169723717732e-07,2.8269391820346137e-05,1.0658007740821516,53,highpass
1.2929743904696184e-07,7e-07,2.412013622360324e-07,2.992169723717732e-07,2.8269391820346137e-05,1.0658007740821516,53,highpass
1.2929743904696184e-07,7e-07,2.412013622360324e-07,2.992169723717732e-07,2.8269391820346137e-05,1.0658007740821516,53,highpass
1.2929743904696184e-07,7e-07,2.412013622360324e-07,2.992169723717732e-07,2.8269391820346137e-05,1.0658007740821516,53,highpass
1.2929743904696184e-07,7e-07,2.412013622360324e-07,2.992169723717732e-07,2.8269391820346137e-05,1.0658007740821516,53,highpass
1.2929743904696184e-07,7e-07,2.412013622360324e-07,2.992169723717732e-07,2.8269391820346137e-05,1.0658007740821516,53,highpass
1.2929743904696184e-07,7e-07,2.412013622360324e-07,2.992169723717732e-07,2.8269391820346137e-05,1.0658007740821516,53,highpass
1.2929743904696184e-07,7e-07,1.5898310109115907e-07,2.992169723717732e-07,2.8269391820346137e-05,-0.09983378416815077,53,highpass
1.2929743904696184e-07,7e-07,2.412013622360324e-07,2.9910743625896434e-07,2.8269391820346137e-05,1.0658007740821516,53,highpass
1.2929743904696184e-07,7e-07,2.412013622360324e-07,2.9910743625896434e-07,2.8269391820346137e-05,1.0658007740821516,53,highpass
1.2929743904696184e-07,7e-07,2.412013622360324e-07,2.992169723717732e-07,2.8269391820346137e-05,1.0658007740821516,53,highpass
1.2929743904696184e-07,7e-07,2.412013622360324e-07,2.992169723717732e-07,2.8269391820346137e-05,1.0658007740821516,53,highpass
1.3102803785069163e-07,7e-07,2.412013622360324e-07,2.992169723717732e-07,2.8269391820346137e-05,0.7504089212206366,53,highpass
1.3602312265892476e-07,7e-07,2.412013622360324e-07,2.992169723717732e-07,2.8269391820346137e-05,0.8019767179168842,53,highpass
1.2929743904696184e-07,7e-07,2.429221957191203e-07,2.992169723717732e-07,2.8269391820346137e-05,0.7366856880309443,53,highpass
1.2929743904696184e-07,7e-07,2.412013622360324e-07,2.992169723717732e-07,1.6497848830596152e-05,0.5660804578416282,53,highpass
1.2929743904696184e-07,7e-07,2.412013622360324e-07,2.992169723717732e-07,2.8269391820346137e-05,1.0658007740821516,53,highpass
1.2929743904696184e-07,7e-07,2.412013622360324e-07,2.992169723717732e-07,2.8269391820346137e-05,1.0658007740821516,53,highpass
1.2929743904696184e-07,7e-07,2.412013622360324e-07,2.992169723717732e-07,2.8269391820346137e-05,1.0658007740821516,53,highpass
1.2929743904696184e-07,7e-07,2.412013622360324e-07,2.992169723717732e-07,2.8269391820346137e-05,1.0658007740821516,53,highpass
1.2929743904696184e-07,7e-07,2.412013622360324e-07,2.992169723717732e-07,2.8269391820346137e-05,1.0658007740821516,53,highpass
1.2929743904696184e-07,7e-07,2.412013622360324e-07,2.992169723717732e-07,2.8269391820346137e-05,1.0658007740821516,53,highpass
1.2929743904696184e-07,7e-07,2.412013622360324e-07,2.9910743625896434e-07,2.8269391820346137e-05,1.0658007740821516,53,highpass
1.2929743904696184e-07,7e-07,2.412013622360324e-07,2.9910743625896434e-07,2.8269391820346137e-05,1.0658007740821516,53,highpass
1.2929743904696184e-07,7e-07,2.412013622360324e-07,2.992169723717732e-07,2.8269391820346137e-05,1.0658007740821516,53,highpass
1.2929743904696184e-07,7e-07,2.412013622360324e-07,2.992169723717732e-07,2.8269391820346137e-05,1.0658007740821516,53,highpass
1.2929743904696184e-07,7e-07,2.412013622360324e-07,2.992169723717732e-07,2.8269391820346137e-05,1.0658007740821516,53,highpass
1.2929743904696184e-07,7e-07,2.412013622360324e-07,2.992169723717732e-07,2.8269391820346137e-05,1.0658007740821516,54,highpass
1.2929743904696184e-07,7e-07,2.412013622360324e-07,2.992169723717732e-07,2.8269391820346137e-05,1.0658007740821516,54,highpass
1.2929743904696184e-07,7e-07,2.412013622360324e-07,2.9910743625896434e-07,2.8269391820346137e-05,1.0658007740821516,54,highpass
1.2929743904696184e-07,7e-07,2.412013622360324e-07,2.992169723717732e-07,2.8269391820346137e-05,1.0658007740821516,54,highpass
1.2929743904696184e-07,7e-07,2.412013622360324e-07,2.992169723717732e-07,2.8269391820346137e-05,1.0658007740821516,54,highpass
1.2929743904696184e-07,7e-07,2.412013622360324e-07,2.992169723717732e-07,2.8269391820346137e-05,1.0658007740821516,54,highpass
1.2929743904696184e-07,5.781368831477809e-07,2.412013622360324e-07,2.992169723717732e-07,2.8269391820346137e-05,0.2194090867451416,54,highpass
1.2929743904696184e-07,7e-07,2.412013622360324e-07,2.992169723717732e-07,2.8269391820346137e-05,1.0658007740821516,54,highpass
1.2929743904696184e-07,7e-07,2.412013622360324e-07,2.992169723717732e-07,2.8269391820346137e-05,1.0658007740821516,54,highpass
1.2929743904696184e-07,7e-07,2.412013622360324e-07,2.992169723717732e-07,2.8269391820346137e-05,1.0658007740821516,54,highpass
1.2929743904696184e-07,7e-07,2.412013622360324e-07,2.992169723717732e-07,2.8269391820346137e-05,1.0658007740821516,54,highpass
1.2929743904696184e-07,7e-07,2.0176350573485525e-07,2.992169723717732e-07,2.8269391820346137e-05,0.08691501260663542,54,highpass
1.2929743904696184e-07,7e-07,2.412013622360324e-07,2.992169723717732e-07,2.8269391820346137e-05,1.0658007740821516,54,highpass
1.2929743904696184e-07,7e-07,2.412013622360324e-07,2.992169723717732e-07,2.8269391820346137e-05,1.0658007740821516,54,highpass
1.2929743904696184e-07,7e-07,2.412013622360324e-07,2.992169723717732e-07,2.8269391820346137e-05,1.0658007740821516,54,highpass
1.2929743904696184e-07,7e-07,2.412013622360324e-07,2.992169723717732e-07,2.8269391820346137e-05,1.0658007740821516,54,highpass
1.2929743904696184e-07,7e-07,2.412013622360324e-07,2.992169723717732e-07,2.8269391820346137e-05,1.0658007740821516,54,highpass
1.2897721279913043e-07,7e-07,2.412013622360324e-07,2.992169723717732e-07,3.0042672201256105e-05,0.7334688422076732,54,highpass
1.2929743904696184e-07,7e-07,2.412013622360324e-07,2.992169723717732e-07,2.8269391820346137e-05,1.0658007740821516,54,highpass
1.2929743904696184e-07,7e-07,2.412013622360324e-07,2.9910743625896434e-07,2.8269391820346137e-05,1.0658007740821516,54,highpass
1.2929743904696184e-07,7e-07,2.412013622360324e-07,2.992169723717732e-07,2.8269391820346137e-05,1.0658007740821516,54,highpass
1.2929743904696184e-07,7e-07,2.412013622360324e-07,2.992169723717732e-07,2.8269391820346137e-05,1.0658007740821516,54,highpass
1.2929743904696184e-07,7e-07,2.412013622360324e-07,2.992169723717732e-07,3.3064620700383006e-05,0.6968197241959311,54,highpass
1.2929743904696184e-07,7e-07,2.412013622360324e-07,2.992169723717732e-07,2.8269391820346137e-05,1.0658007740821516,54,highpass
1.240111144215853e-07,7e-07,2.412013622360324e-07,2.992169723717732e-07,2.8269391820346137e-05,0.6979509210046186,54,highpass
1.2929743904696184e-07,7e-07,2.412013622360324e-07,2.992169723717732e-07,2.8269391820346137e-05,1.0658007740821516,54,highpass
1.2929743904696184e-07,7e-07,2.412013622360324e-07,2.992169723717732e-07,2.8269391820346137e-05,1.0658007740821516,54,highpass
1.2929743904696184e-07,7e-07,2.412013622360324e-07,2.992169723717732e-07,2.8269391820346137e-05,1.0658007740821516,54,highpass
1.2897721279913043e-07,7e-07,2.412013622360324e-07,2.9910743625896434e-07,2.8269391820346137e-05,1.0658007740821516,54,highpass
1.2929743904696184e-07,7e-07,2.412013622360324e-07,2.992169723717732e-07,2.8269391820346137e-05,1.0658007740821516,54,highpass
1.2929743904696184e-07,7e-07,2.412013622360324e-07,2.992169723717732e-07,2.8269391820346137e-05,1.0658007740821516,54,highpass
1.2929743904696184e-07,7e-07,2.412013622360324e-07,2.9580883100065523e-07,2.8269391820346137e-05,0.7931248389127621,54,highpass
1.2929743904696184e-07,7e-07,2.412013622360324e-07,2.992169723717732e-07,2.8269391820346137e-05,1.0658007740821516,54,highpass
1.2929743904696184e-07,7e-07,2.412013622360324e-07,2.992169723717732e-07,2.8269391820346137e-05,1.0658007740821516,54,highpass
1.2929743904696184e-07,7e-07,2.412013622360324e-07,2.992169723717732e-07,2.8269391820346137e-05,1.0658007740821516,54,highpass
1.2929743904696184e-07,7e-07,2.412013622360324e-07,2.992169723717732e-07,2.8269391820346137e-05,1.0658007740821516,54,highpass
1.2929743904696184e-07,7e-07,2.412013622360324e-07,2.992169723717732e-07,2.8269391820346137e-05,1.0658007740821516,54,highpass
1.2929743904696184e-07,7e-07,2.412013622360324e-07,2.992169723717732e-07,2.8269391820346137e-05,1.0658007740821516,54,highpass
1.2929743904696184e-07,7e-07,2.412013622360324e-07,2.992169723717732e-07,2.8269391820346137e-05,1.0658007740821516,54,highpass
1.2929743904696184e-07,7e-07,2.412013622360324e-07,2.992169723717732e-07,2.8269391820346137e-05,1.0658007740821516,54,highpass
1.2929743904696184e-07,7e-07,2.412013622360324e-07,2.992169723717732e-07,2.8269391820346137e-05,1.0658007740821516,54,highpass
1.2929743904696184e-07,7e-07,2.412013622360324e-07,2.992169723717732e-07,2.8269391820346137e-05,1.0658007740821516,54,highpass
1.2929743904696184e-07,7e-07,2.412013622360324e-07,2.992169723717732e-07,2.8269391820346137e-05,1.0658007740821516,54,highpass
1.2929743904696184e-07,7e-07,2.412013622360324e-07,3e-07,2.8269391820346137e-05,0.9702900669092505,54,highpass
1.2929743904696184e-07,7e-07,2.412013622360324e-07,3e-07,2.8269391820346137e-05,0.9702900669092505,54,highpass
1.2929743904696184e-07,7e-07,2.412013622360324e-07,2.992169723717732e-07,2.8269391820346137e-05,1.0658007740821516,54,highpass
1.2929743904696184e-07,7e-07,2.412013622360324e-07,2.992169723717732e-07,2.8269391820346137e-05,1.0658007740821516,54,highpass
1.2929743904696184e-07,7e-07,2.412013622360324e-07,2.992169723717732e-07,2.8269391820346137e-05,1.0658007740821516,54,highpass
1.2929743904696184e-07,7e-07,2.412013622360324e-07,2.9910743625896434e-07,2.8269391820346137e-05,1.0658007740821516,54,highpass
1.2929743904696184e-07,7e-07,2.412013622360324e-07,2.992169723717732e-07,2.8269391820346137e-05,1.0658007740821516,54,highpass
1.2929743904696184e-07,7e-07,2.412013622360324e-07,2.992169723717732e-07,2.8269391820346137e-05,1.0716628973973594,55,highpass
1.2929743904696184e-07,7e-07,2.412013622360324e-07,2.992169723717732e-07,2.8269391820346137e-05,1.0716628973973594,55,highpass
1.2929743904696184e-07,7e-07,2.412013622360324e-07,2.992169723717732e-07,2.8269391820346137e-05,1.0716628973973594,55,highpass
1.2929743904696184e-07,7e-07,2.412013622360324e-07,2.992169723717732e-07,2.8269391820346137e-05,1.0716628973973594,55,highpass
1.2929743904696184e-07,7e-07,2.412013622360324e-07,2.992169723717732e-07,2.8269391820346137e-05,1.0716628973973594,55,highpass
1.2929743904696184e-07,7e-07,2.412013622360324e-07,2.992169723717732e-07,2.8269391820346137e-05,1.0716628973973594,55,highpass
1.2929743904696184e-07,7e-07,2.412013622360324e-07,2.992169723717732e-07,2.8269391820346137e-05,1.0716628973973594,55,highpass
1.2929743904696184e-07,7e-07,2.412013622360324e-07,2.992169723717732e-07,2.8269391820346137e-05,1.0716628973973594,55,highpass
1.2929743904696184e-07,7e-07,2.412013622360324e-07,2.992169723717732e-07,2.8269391820346137e-05,1.0716628973973594,55,highpass
1.2929743904696184e-07,7e-07,2.412013622360324e-07,2.992169723717732e-07,2.8269391820346137e-05,1.0716628973973594,55,highpass
1.2929743904696184e-07,7e-07,2.412013622360324e-07,2.992169723717732e-07,2.8269391820346137e-05,1.0716628973973594,55,highpass
1.2929743904696184e-07,7e-07,2.412013622360324e-07,2.992169723717732e-07,2.8269391820346137e-05,1.0716628973973594,55,highpass
1.2929743904696184e-07,7e-07,2.412013622360324e-07,2.992169723717732e-07,2.8269391820346137e-05,1.0716628973973594,55,highpass
1.2929743904696184e-07,7e-07,2.412013622360324e-07,2.992169723717732e-07,2.8269391820346137e-05,1.0716628973973594,55,highpass
1.2929743904696184e-07,7e-07,2.412013622360324e-07,2.992169723717732e-07,2.8269391820346137e-05,1.0716628973973594,55,highpass
1.2929743904696184e-07,7e-07,2.412013622360324e-07,2.992169723717732e-07,2.8269391820346137e-05,1.0716628973973594,55,highpass
1.2929743904696184e-07,7e-07,2.412013622360324e-07,2.992169723717732e-07,2.8269391820346137e-05,1.0716628973973594,55,highpass
1.2929743904696184e-07,7e-07,2.412013622360324e-07,2.992169723717732e-07,2.8269391820346137e-05,1.0716628973973594,55,highpass
1.2929743904696184e-07,7e-07,2.412013622360324e-07,2.7897257820811414e-07,2.8269391820346137e-05,0.3022037568335886,55,highpass
1.2929743904696184e-07,7e-07,2.412013622360324e-07,2.992169723717732e-07,2.8269391820346137e-05,1.0716628973973594,55,highpass
1.2929743904696184e-07,7e-07,2.412013622360324e-07,2.992169723717732e-07,2.8269391820346137e-05,1.0716628973973594,55,highpass
1.2929743904696184e-07,7e-07,2.412013622360324e-07,2.992169723717732e-07,2.8269391820346137e-05,1.0716628973973594,55,highpass
1.2929743904696184e-07,7e-07,2.412013622360324e-07,2.992169723717732e-07,2.8269391820346137e-05,1.0716628973973594,55,highpass
1.2929743904696184e-07,7e-07,1.4653554241444013e-07,2.992169723717732e-07,2.8269391820346137e-05,-0.037536196017153745,55,highpass
1.2929743904696184e-07,7e-07,2.412013622360324e-07,2.992169723717732e-07,2.8269391820346137e-05,1.0716628973973594,55,highpass
1.2929743904696184e-07,7e-07,2.412013622360324e-07,2.992169723717732e-07,2.8269391820346137e-05,1.0716628973973594,55,highpass
1.223529819742886e-07,7e-07,2.412013622360324e-07,2.992169723717732e-07,2.8269391820346137e-05,0.6854402666505313,55,highpass
1.2929743904696184e-07,7e-07,2.412013622360324e-07,2.992169723717732e-07,2.8269391820346137e-05,1.0716628973973594,55,highpass
1.2929743904696184e-07,7e-07,2.412013622360324e-07,2.992169723717732e-07,4.241424876300939e-05,0.33125780399869764,55,highpass
1.2929743904696184e-07,7e-07,2.412013622360324e-07,2.992169723717732e-07,2.8269391820346137e-05,1.0716628973973594,55,highpass
1.2929743904696184e-07,7e-07,2.412013622360324e-07,2.992169723717732e-07,2.8269391820346137e-05,1.0716628973973594,55,highpass
1.2929743904696184e-07,7e-07,2.412013622360324e-07,2.992169723717732e-07,2.8269391820346137e-05,1.0716628973973594,55,highpass
1.2929743904696184e-07,7e-07,2.412013622360324e-07,2.992169723717732e-07,2.8269391820346137e-05,1.0716628973973594,55,highpass
1.2929743904696184e-07,7e-07,2.412013622360324e-07,2.992169723717732e-07,2.8269391820346137e-05,1.0716628973973594,55,highpass
1.2929743904696184e-07,7e-07,2.412013622360324e-07,2.992169723717732e-07,2.8269391820346137e-05,1.0716628973973594,55,highpass
1.2929743904696184e-07,7e-07,2.412013622360324e-07,2.9910743625896434e-07,2.8269391820346137e-05,1.0716628973973594,55,highpass
1.2929743904696184e-07,7e-07,2.412013622360324e-07,2.9910743625896434e-07,2.8269391820346137e-05,1.0716628973973594,55,highpass
1.2929743904696184e-07,7e-07,2.412013622360324e-07,2.992169723717732e-07,2.8269391820346137e-05,1.0716628973973594,55,highpass
1.2897721279913043e-07,7e-07,2.412013622360324e-07,2.992169723717732e-07,2.8269391820346137e-05,1.0716628973973594,55,highpass
1.2929743904696184e-07,7e-07,2.412013622360324e-07,2.992169723717732e-07,1.4265397788333285e-05,0.7991618535548957,55,highpass
1.2929743904696184e-07,7e-07,2.412013622360324e-07,2.992169723717732e-07,2.8269391820346137e-05,1.0716628973973594,55,highpass
1.2929743904696184e-07,7e-07,2.412013622360324e-07,2.9614163857998296e-07,2.8269391820346137e-05,0.8166523446855555,55,highpass
1.2929743904696184e-07,7e-07,2.412013622360324e-07,2.992169723717732e-07,2.8269391820346137e-05,1.0716628973973594,55,highpass
1.2929743904696184e-07,7e-07,2.412013622360324e-07,2.076405343116105e-07,2.8269391820346137e-05,0.11639295861610123,55,highpass
1.2929743904696184e-07,4.3680377700430646e-07,2.412013622360324e-07,2.992169723717732e-07,2.8269391820346137e-05,0.04924376021570804,55,highpass
1.2929743904696184e-07,7e-07,2.412013622360324e-07,2.992169723717732e-07,2.8263943697980942e-05,1.0716628973973594,55,highpass
1.2929743904696184e-07,7e-07,2.412013622360324e-07,2.992169723717732e-07,2.8269391820346137e-05,1.0716628973973594,55,highpass
1.2929743904696184e-07,7e-07,2.412013622360324e-07,2.992169723717732e-07,2.8269391820346137e-05,1.0716628973973594,55,highpass
1.2929743904696184e-07,7e-07,2.412013622360324e-07,2.992169723717732e-07,2.8269391820346137e-05,1.0716628973973594,55,highpass
1.2897721279913043e-07,7e-07,2.412013622360324e-07,2.992169723717732e-07,2.8269391820346137e-05,1.0716628973973594,55,highpass
1.2929743904696184e-07,7e-07,2.412013622360324e-07,2.992169723717732e-07,2.8269391820346137e-05,1.0658007740821516,56,highpass
1.2929743904696184e-07,7e-07,2.412013622360324e-07,2.992169723717732e-07,2.8269391820346137e-05,1.0658007740821516,56,highpass
1.2929743904696184e-07,7e-07,2.412013622360324e-07,2.992169723717732e-07,2.8269391820346137e-05,1.0658007740821516,56,highpass
1.2897721279913043e-07,5.47831556386001e-07,2.412013622360324e-07,2.9910743625896434e-07,2.8269391820346137e-05,0.11263336642433718,56,highpass
1.2929743904696184e-07,7e-07,2.412013622360324e-07,2.992169723717732e-07,2.8269391820346137e-05,1.0658007740821516,56,highpass
1.2929743904696184e-07,7e-07,2.412013622360324e-07,2.992169723717732e-07,2.58441395386298e-05,0.7071096244572677,56,highpass
1.2929743904696184e-07,7e-07,2.412013622360324e-07,2.992169723717732e-07,2.8269391820346137e-05,1.0658007740821516,56,highpass
1.2929743904696184e-07,7e-07,2.412013622360324e-07,1.9436189930236605e-07,2.8269391820346137e-05,0.06913823875505237,56,highpass
1.2929743904696184e-07,7e-07,2.412013622360324e-07,2.992169723717732e-07,2.8269391820346137e-05,1.0658007740821516,56,highpass
1.2929743904696184e-07,7e-07,2.412013622360324e-07,2.951325469344798e-07,2.8269391820346137e-05,0.7607053827668249,56,highpass
1.2929743904696184e-07,7e-07,2.412013622360324e-07,2.992169723717732e-07,2.8269391820346137e-05,1.0658007740821516,56,highpass
1.2929743904696184e-07,7e-07,2.412013622360324e-07,2.992169723717732e-07,2.8269391820346137e-05,1.0658007740821516,56,highpass
1.2929743904696184e-07,7e-07,2.412013622360324e-07,2.992169723717732e-07,2.8269391820346137e-05,1.0658007740821516,56,highpass
1.2929743904696184e-07,7e-07,2.412013622360324e-07,2.992169723717732e-07,2.8269391820346137e-05,1.0658007740821516,56,highpass
1.2929743904696184e-07,7e-07,2.412013622360324e-07,2.992169723717732e-07,2.8269391820346137e-05,1.0658007740821516,56,highpass
1.2929743904696184e-07,7e-07,2.412013622360324e-07,2.9910743625896434e-07,2.8269391820346137e-05,1.0658007740821516,56,highpass
1.2929743904696184e-07,7e-07,2.412013622360324e-07,2.992169723717732e-07,2.8269391820346137e-05,1.0658007740821516,56,highpass
1.2929743904696184e-07,7e-07,2.412013622360324e-07,2.992169723717732e-07,2.8269391820346137e-05,1.0658007740821516,56,highpass
1.2929743904696184e-07,7e-07,2.412013622360324e-07,2.992169723717732e-07,2.8269391820346137e-05,1.0658007740821516,56,highpass
1.2929743904696184e-07,7e-07,2.412013622360324e-07,2.992169723717732e-07,2.8269391820346137e-05,1.0658007740821516,56,highpass
1.2929743904696184e-07,7e-07,2.412013622360324e-07,2.992169723717732e-07,2.8269391820346137e-05,1.0658007740821516,56,highpass
1.2929743904696184e-07,7e-07,2.412013622360324e-07,2.992169723717732e-07,2.8269391820346137e-05,1.0658007740821516,56,highpass
1.2929743904696184e-07,7e-07,2.412013622360324e-07,2.992169723717732e-07,2.8269391820346137e-05,1.0658007740821516,56,highpass
1.3119861970767385e-07,7e-07,2.412013622360324e-07,2.992169723717732e-07,2.8269391820346137e-05,0.7920102001237945,56,highpass
1.2929743904696184e-07,7e-07,2.412013622360324e-07,2.992169723717732e-07,2.8269391820346137e-05,1.0658007740821516,56,highpass
1.2897721279913043e-07,7e-07,2.412013622360324e-07,2.992169723717732e-07,2.8269391820346137e-05,1.0658007740821516,56,highpass
1.2929743904696184e-07,7e-07,2.412013622360324e-07,2.992169723717732e-07,2.8269391820346137e-05,1.0658007740821516,56,highpass
1.2929743904696184e-07,7e-07,1.655521944846223e-07,2.992169723717732e-07,2.8269391820346137e-05,-0.1079902951491644,56,highpass
1.2929743904696184e-07,7e-07,2.412013622360324e-07,2.992169723717732e-07,1.0572844438068593e-05,0.7003932670519128,56,highpass
1.2929743904696184e-07,7e-07,2.412013622360324e-07,2.992169723717732e-07,2.8263943697980942e-05,1.0658007740821516,56,highpass
1.2929743904696184e-07,7e-07,2.412013622360324e-07,2.992169723717732e-07,2.8269391820346137e-05,1.0658007740821516,56,highpass
1.2929743904696184e-07,7e-07,2.412013622360324e-07,2.992169723717732e-07,2.8269391820346137e-05,1.0658007740821516,56,highpass
1.2929743904696184e-07,7e-07,2.412013622360324e-07,2.992169723717732e-07,2.8269391820346137e-05,1.0658007740821516,56,highpass
1.2929743904696184e-07,7e-07,2.396927522916362e-07,2.992169723717732e-07,2.8269391820346137e-05,0.5562615825094104,56,highpass
1.2929743904696184e-07,7e-07,2.412013622360324e-07,2.992169723717732e-07,2.8263943697980942e-05,1.0658007740821516,56,highpass
2.2618280755030764e-07,7e-07,2.412013622360324e-07,2.992169723717732e-07,2.8269391820346137e-05,0.11407488085921907,56,highpass
1.2929743904696184e-07,7e-07,2.412013622360324e-07,2.992169723717732e-07,2.8269391820346137e-05,1.0658007740821516,56,highpass
1.2929743904696184e-07,7e-07,2.412013622360324e-07,2.992169723717732e-07,2.8269391820346137e-05,1.0658007740821516,56,highpass
1.4265418292571487e-07,7e-07,2.412013622360324e-07,2.992169723717732e-07,2.8269391820346137e-05,0.6089222703192583,56,highpass
1.2929743904696184e-07,7e-07,2.412013622360324e-07,2.992169723717732e-07,2.659117456903213e-05,0.6619959967875253,56,highpass
1.2929743904696184e-07,7e-07,2.412013622360324e-07,2.992169723717732e-07,2.8269391820346137e-05,1.0658007740821516,56,highpass
1.2929743904696184e-07,7e-07,2.412013622360324e-07,2.992169723717732e-07,2.8269391820346137e-05,1.0658007740821516,56,highpass
1.3050485697384968e-07,7e-07,2.412013622360324e-07,2.992169723717732e-07,2.8269391820346137e-05,0.7920102001237945,56,highpass
1.2929743904696184e-07,7e-07,2.412013622360324e-07,2.992169723717732e-07,2.8269391820346137e-05,1.0658007740821516,56,highpass
1.2929743904696184e-07,7e-07,2.412013622360324e-07,2.992169723717732e-07,2.8269391820346137e-05,1.0658007740821516,56,highpass
1.2929743904696184e-07,7e-07,2.412013622360324e-07,2.992169723717732e-07,2.8269391820346137e-05,1.0658007740821516,56,highpass
1.2929743904696184e-07,7e-07,2.3476609767195214e-07,2.992169723717732e-07,2.8269391820346137e-05,0.30108949911893024,56,highpass
1.2897721279913043e-07,7e-07,2.412013622360324e-07,2.992169723717732e-07,2.8269391820346137e-05,1.0658007740821516,56,highpass
1.2929743904696184e-07,7e-07,2.412013622360324e-07,2.992169723717732e-07,2.8269391820346137e-05,1.0658007740821516,56,highpass
1.2929743904696184e-07,7e-07,2.412013622360324e-07,2.992169723717732e-07,2.8269391820346137e-05,1.0658007740821516,56,highpass
1.2929743904696184e-07,7e-07,2.412013622360324e-07,2.992169723717732e-07,2.8269391820346137e-05,1.0658007740821516,57,highpass
1.2929743904696184e-07,7e-07,2.4094378913084363e-07,2.992169723717732e-07,2.8269391820346137e-05,1.0658007740821516,57,highpass
1.2929743904696184e-07,7e-07,2.412013622360324e-07,2.992169723717732e-07,2.8269391820346137e-05,1.0658007740821516,57,highpass
1.2929743904696184e-07,7e-07,2.412013622360324e-07,2.992169723717732e-07,2.8269391820346137e-05,1.0658007740821516,57,highpass
1.2929743904696184e-07,7e-07,2.412013622360324e-07,2.992169723717732e-07,2.8269391820346137e-05,1.0658007740821516,57,highpass
1.2929743904696184e-07,7e-07,2.412013622360324e-07,2.992169723717732e-07,2.8269391820346137e-05,1.0658007740821516,57,highpass
1.2929743904696184e-07,7e-07,2.412013622360324e-07,2.992169723717732e-07,2.8269391820346137e-05,1.0658007740821516,57,highpass
1.2929743904696184e-07,7e-07,2.412013622360324e-07,2.992169723717732e-07,2.8269391820346137e-05,1.0658007740821516,57,highpass
1.2929743904696184e-07,7e-07,2.412013622360324e-07,2.992169723717732e-07,2.8269391820346137e-05,1.0658007740821516,57,highpass
1.2929743904696184e-07,7e-07,2.412013622360324e-07,2.992169723717732e-07,2.8269391820346137e-05,1.0658007740821516,57,highpass
1.2929743904696184e-07,7e-07,2.4694679018882347e-07,2.992169723717732e-07,2.8269391820346137e-05,0.050438597924920704,57,highpass
1.2929743904696184e-07,7e-07,2.412013622360324e-07,2.992169723717732e-07,2.8269391820346137e-05,1.0658007740821516,57,highpass
1.2929743904696184e-07,7e-07,2.412013622360324e-07,2.9910743625896434e-07,3.3611237928662714e-05,0.5527866683947085,57,highpass
1.2929743904696184e-07,7e-07,2.412013622360324e-07,2.9910743625896434e-07,2.8269391820346137e-05,1.0658007740821516,57,highpass
1.2929743904696184e-07,7e-07,2.412013622360324e-07,2.992169723717732e-07,2.8269391820346137e-05,1.0658007740821516,57,highpass
1.2929743904696184e-07,7e-07,2.412013622360324e-07,2.992169723717732e-07,2.8269391820346137e-05,1.0658007740821516,57,highpass
1.2929743904696184e-07,7e-07,2.412013622360324e-07,2.992169723717732e-07,2.8269391820346137e-05,1.0658007740821516,57,highpass
1.2929743904696184e-07,7e-07,2.412013622360324e-07,2.992169723717732e-07,2.8269391820346137e-05,1.0658007740821516,57,highpass
1.2929743904696184e-07,7e-07,2.412013622360324e-07,2.992169723717732e-07,2.8269391820346137e-05,1.0658007740821516,57,highpass
1.2929743904696184e-07,7e-07,2.412013622360324e-07,2.992169723717732e-07,2.8269391820346137e-05,1.0658007740821516,57,highpass
1.2929743904696184e-07,7e-07,2.412013622360324e-07,2.992169723717732e-07,2.8263943697980942e-05,1.0658007740821516,57,highpass
1.2929743904696184e-07,7e-07,2.412013622360324e-07,2.992169723717732e-07,2.8269391820346137e-05,1.0658007740821516,57,highpass
1.2929743904696184e-07,7e-07,2.412013622360324e-07,2.992169723717732e-07,2.8269391820346137e-05,1.0658007740821516,57,highpass
1.2929743904696184e-07,7e-07,2.412013622360324e-07,2.992169723717732e-07,2.8269391820346137e-05,1.0658007740821516,57,highpass
1.2929743904696184e-07,7e-07,2.412013622360324e-07,2.992169723717732e-07,2.8269391820346137e-05,1.0658007740821516,57,highpass
1.2929743904696184e-07,7e-07,2.412013622360324e-07,2.992169723717732e-07,2.8269391820346137e-05,1.0658007740821516,57,highpass
1.2929743904696184e-07,7e-07,2.412013622360324e-07,2.992169723717732e-07,2.8269391820346137e-05,1.0658007740821516,57,highpass
1.2929743904696184e-07,7e-07,2.412013622360324e-07,2.992169723717732e-07,2.8269391820346137e-05,1.0658007740821516,57,highpass
2.0176886184147864e-07,7e-07,2.412013622360324e-07,2.992169723717732e-07,2.8269391820346137e-05,0.06152753475241944,57,highpass
1.2929743904696184e-07,7e-07,2.412013622360324e-07,2.992169723717732e-07,2.8269391820346137e-05,1.0658007740821516,57,highpass
1.2929743904696184e-07,7e-07,2.412013622360324e-07,2.992169723717732e-07,2.8269391820346137e-05,1.0658007740821516,57,highpass
1.2929743904696184e-07,7e-07,2.412013622360324e-07,2.992169723717732e-07,2.8269391820346137e-05,1.0658007740821516,57,highpass
1.2929743904696184e-07,7e-07,2.412013622360324e-07,2.992169723717732e-07,2.8269391820346137e-05,1.0658007740821516,57,highpass
1.2929743904696184e-07,7e-07,2.412013622360324e-07,2.957695558567437e-07,2.8269391820346137e-05,0.7918890697626783,57,highpass
1.2929743904696184e-07,7e-07,2.412013622360324e-07,2.992169723717732e-07,2.8269391820346137e-05,1.0658007740821516,57,highpass
1.2929743904696184e-07,7e-07,2.412013622360324e-07,2.992169723717732e-07,2.8269391820346137e-05,1.0658007740821516,57,highpass
1.2929743904696184e-07,7e-07,2.412013622360324e-07,2.992169723717732e-07,2.8269391820346137e-05,1.0658007740821516,57,highpass
1.2929743904696184e-07,7e-07,2.412013622360324e-07,2.992169723717732e-07,2.8269391820346137e-05,1.0658007740821516,57,highpass
1.2929743904696184e-07,7e-07,2.412013622360324e-07,2.992169723717732e-07,2.8269391820346137e-05,1.0658007740821516,57,highpass
1.2929743904696184e-07,7e-07,2.412013622360324e-07,2.992169723717732e-07,2.8269391820346137e-05,1.0658007740821516,57,highpass
1.2929743904696184e-07,7e-07,2.412013622360324e-07,2.992169723717732e-07,2.8269391820346137e-05,1.0658007740821516,57,highpass
1.2929743904696184e-07,7e-07,2.412013622360324e-07,2.992169723717732e-07,2.8269391820346137e-05,1.0658007740821516,57,highpass
1.2929743904696184e-07,7e-07,2.412013622360324e-07,2.992169723717732e-07,2.8269391820346137e-05,1.0658007740821516,57,highpass
1.2929743904696184e-07,7e-07,2.412013622360324e-07,2.992169723717732e-07,2.8269391820346137e-05,1.0658007740821516,57,highpass
1.2929743904696184e-07,7e-07,2.412013622360324e-07,2.992169723717732e-07,2.8263943697980942e-05,1.0658007740821516,57,highpass
1.2929743904696184e-07,7e-07,2.412013622360324e-07,2.992169723717732e-07,2.9838629318001114e-05,0.7111661284715481,57,highpass
1.2929743904696184e-07,7e-07,2.412013622360324e-07,2.992169723717732e-07,2.8269391820346137e-05,1.0658007740821516,57,highpass
1.2929743904696184e-07,7e-07,2.412013622360324e-07,2.992169723717732e-07,2.8269391820346137e-05,1.0658007740821516,57,highpass
1.2897721279913043e-07,7e-07,2.412013622360324e-07,2.992169723717732e-07,2.8269391820346137e-05,1.0658007740821516,57,highpass
1.2929743904696184e-07,7e-07,2.412013622360324e-07,2.992169723717732e-07,2.8269391820346137e-05,1.0658007740821516,57,highpass
1.2929743904696184e-07,7e-07,2.412013622360324e-07,2.992169723717732e-07,2.8269391820346137e-05,1.0658007740821516,58,highpass
1.2929743904696184e-07,7e-07,2.412013622360324e-07,2.994113607378153e-07,2.8269391820346137e-05,1.0658007740821516,58,highpass
1.2929743904696184e-07,7e-07,2.412013622360324e-07,2.992169723717732e-07,2.8269391820346137e-05,1.0658007740821516,58,highpass
1.2929743904696184e-07,7e-07,2.412013622360324e-07,2.992169723717732e-07,2.2395352200102092e-05,0.6327877335212395,58,highpass
1.2929743904696184e-07,7e-07,2.412013622360324e-07,2.992169723717732e-07,2.8269391820346137e-05,1.0658007740821516,58,highpass
1.2929743904696184e-07,6.826960818943259e-07,2.412013622360324e-07,2.992169723717732e-07,2.8269391820346137e-05,0.6527610846603449,58,highpass
1.2929743904696184e-07,7e-07,2.412013622360324e-07,2.992169723717732e-07,2.8269391820346137e-05,1.0658007740821516,58,highpass
1.2929743904696184e-07,7e-07,2.412013622360324e-07,2.992169723717732e-07,2.8269391820346137e-05,1.0658007740821516,58,highpass
1.2929743904696184e-07,7e-07,2.412013622360324e-07,2.992169723717732e-07,2.8269391820346137e-05,1.0658007740821516,58,highpass
1.2929743904696184e-07,7e-07,2.412013622360324e-07,2.992169723717732e-07,2.8269391820346137e-05,1.0658007740821516,58,highpass
1.2929743904696184e-07,7e-07,2.412013622360324e-07,2.992169723717732e-07,2.8269391820346137e-05,1.0658007740821516,58,highpass
1.2929743904696184e-07,7e-07,2.385356286615858e-07,2.992169723717732e-07,2.8263943697980942e-05,0.4321490667305301,58,highpass
1.2929743904696184e-07,7e-07,2.412013622360324e-07,2.992169723717732e-07,2.8269391820346137e-05,1.0658007740821516,58,highpass
1.2929743904696184e-07,5.595730093816423e-07,2.412013622360324e-07,2.992169723717732e-07,2.8269391820346137e-05,0.110384773063918,58,highpass
1.2897721279913043e-07,7e-07,2.412013622360324e-07,2.992169723717732e-07,2.8269391820346137e-05,1.0658007740821516,58,highpass
1.2929743904696184e-07,7e-07,2.412013622360324e-07,2.992169723717732e-07,2.8269391820346137e-05,1.0658007740821516,58,highpass
1.2929743904696184e-07,3.9618570513537274e-07,2.412013622360324e-07,2.992169723717732e-07,2.8269391820346137e-05,0.12601619087615656,58,highpass
1.2929743904696184e-07,7e-07,2.412013622360324e-07,2.992169723717732e-07,2.8269391820346137e-05,1.0658007740821516,58,highpass
1.2929743904696184e-07,7e-07,2.412013622360324e-07,2.992169723717732e-07,2.8269391820346137e-05,1.0658007740821516,58,highpass
1.2929743904696184e-07,7e-07,2.412013622360324e-07,2.992169723717732e-07,2.8269391820346137e-05,1.0658007740821516,58,highpass
1.2929743904696184e-07,7e-07,2.412013622360324e-07,2.992169723717732e-07,2.8269391820346137e-05,1.0658007740821516,58,highpass
1.2929743904696184e-07,7e-07,2.412013622360324e-07,2.992169723717732e-07,2.8263943697980942e-05,1.0658007740821516,58,highpass
1.2929743904696184e-07,7e-07,2.412013622360324e-07,2.992169723717732e-07,2.8269391820346137e-05,1.0658007740821516,58,highpass
1.2929743904696184e-07,7e-07,2.412013622360324e-07,2.992169723717732e-07,3.0122444567932042e-05,0.6527350405205211,58,highpass
1.2929743904696184e-07,7e-07,2.4094378913084363e-07,2.992169723717732e-07,2.8269391820346137e-05,1.0658007740821516,58,highpass
1.2929743904696184e-07,7e-07,2.412013622360324e-07,2.992169723717732e-07,2.8269391820346137e-05,1.0658007740821516,58,highpass
1.2929743904696184e-07,7e-07,2.412013622360324e-07,2.992169723717732e-07,2.8269391820346137e-05,1.0658007740821516,58,highpass
1.2929743904696184e-07,7e-07,2.412013622360324e-07,2.992169723717732e-07,2.8269391820346137e-05,1.0658007740821516,58,highpass
1.2929743904696184e-07,7e-07,2.412013622360324e-07,2.9910743625896434e-07,2.8269391820346137e-05,1.0658007740821516,58,highpass
1.2929743904696184e-07,7e-07,2.412013622360324e-07,2.992169723717732e-07,2.8269391820346137e-05,1.0658007740821516,58,highpass
1.2929743904696184e-07,7e-07,2.412013622360324e-07,2.992169723717732e-07,2.8269391820346137e-05,1.0658007740821516,58,highpass
1.2929743904696184e-07,7e-07,2.412013622360324e-07,2.992169723717732e-07,2.8269391820346137e-05,1.0658007740821516,58,highpass
1.2929743904696184e-07,7e-07,2.412013622360324e-07,2.992169723717732e-07,2.8269391820346137e-05,1.0658007740821516,58,highpass
1.2929743904696184e-07,7e-07,2.412013622360324e-07,2.992169723717732e-07,2.8269391820346137e-05,1.0658007740821516,58,highpass
1.2929743904696184e-07,7e-07,2.412013622360324e-07,2.992169723717732e-07,2.8269391820346137e-05,1.0658007740821516,58,highpass
1.2929743904696184e-07,7e-07,2.412013622360324e-07,2.992169723717732e-07,2.8269391820346137e-05,1.0658007740821516,58,highpass
1.2929743904696184e-07,7e-07,2.412013622360324e-07,2.992169723717732e-07,2.8269391820346137e-05,1.0658007740821516,58,highpass
1.2929743904696184e-07,7e-07,2.412013622360324e-07,2.992169723717732e-07,2.627656484844774e-05,0.6724807242047302,58,highpass
1.2929743904696184e-07,7e-07,2.412013622360324e-07,2.992169723717732e-07,2.6535745407160597e-05,0.6723873279548332,58,highpass
1.2929743904696184e-07,7e-07,2.412013622360324e-07,2.992169723717732e-07,2.8269391820346137e-05,1.0658007740821516,58,highpass
1.2275949285466165e-07,7e-07,2.412013622360324e-07,2.9910743625896434e-07,2.8269391820346137e-05,0.6899389442728139,58,highpass
1.2929743904696184e-07,7e-07,2.412013622360324e-07,2.992169723717732e-07,2.8269391820346137e-05,1.0658007740821516,58,highpass
1.2929743904696184e-07,7e-07,2.412013622360324e-07,2.992169723717732e-07,2.8269391820346137e-05,1.0658007740821516,58,highpass
1.2929743904696184e-07,7e-07,2.412013622360324e-07,2.992169723717732e-07,2.8269391820346137e-05,1.0658007740821516,58,highpass
1.2929743904696184e-07,7e-07,2.412013622360324e-07,2.992169723717732e-07,2.8263943697980942e-05,1.0658007740821516,58,highpass
1.2929743904696184e-07,7e-07,2.412013622360324e-07,2.992169723717732e-07,2.8269391820346137e-05,1.0658007740821516,58,highpass
1.2929743904696184e-07,7e-07,2.412013622360324e-07,2.992169723717732e-07,2.8269391820346137e-05,1.0658007740821516,58,highpass
1.2929743904696184e-07,7e-07,2.412013622360324e-07,2.992169723717732e-07,2.8269391820346137e-05,1.0658007740821516,58,highpass
1.2929743904696184e-07,7e-07,2.412013622360324e-07,2.992169723717732e-07,2.8269391820346137e-05,1.0658007740821516,58,highpass
1.2929743904696184e-07,7e-07,2.412013622360324e-07,2.992169723717732e-07,2.8269391820346137e-05,1.0658007740821516,58,highpass
1.2929743904696184e-07,7e-07,2.412013622360324e-07,2.992169723717732e-07,2.8269391820346137e-05,0.9763325330423553,59,highpass
1.2897721279913043e-07,7e-07,2.412013622360324e-07,2.994113607378153e-07,2.8269391820346137e-05,0.9763325330423553,59,highpass
1.249661774207674e-07,7e-07,2.412013622360324e-07,2.992169723717732e-07,2.8269391820346137e-05,0.6994093206978959,59,highpass
1.2929743904696184e-07,7e-07,2.412013622360324e-07,2.992169723717732e-07,2.8269391820346137e-05,0.9763325330423553,59,highpass
1.2929743904696184e-07,7e-07,2.412013622360324e-07,2.992169723717732e-07,2.8269391820346137e-05,0.9763325330423553,59,highpass
1.2929743904696184e-07,7e-07,2.412013622360324e-07,2.992169723717732e-07,2.8269391820346137e-05,0.9763325330423553,59,highpass
1.2929743904696184e-07,7e-07,2.412013622360324e-07,2.453483345471604e-07,2.8269391820346137e-05,0.29954762430922405,59,highpass
1.2929743904696184e-07,7e-07,2.412013622360324e-07,2.992169723717732e-07,2.8269391820346137e-05,0.9763325330423553,59,highpass
1.2929743904696184e-07,7e-07,2.4094378913084363e-07,2.992169723717732e-07,2.8269391820346137e-05,0.9763325330423553,59,highpass
1.2929743904696184e-07,7e-07,2.412013622360324e-07,2.992169723717732e-07,2.8269391820346137e-05,0.9763325330423553,59,highpass
1.2929743904696184e-07,7e-07,2.412013622360324e-07,2.992169723717732e-07,2.8269391820346137e-05,0.9763325330423553,59,highpass
1.2929743904696184e-07,7e-07,2.412013622360324e-07,2.9910743625896434e-07,2.8269391820346137e-05,0.9763325330423553,59,highpass
1.2929743904696184e-07,7e-07,2.412013622360324e-07,2.992169723717732e-07,2.8269391820346137e-05,0.9763325330423553,59,highpass
1.2929743904696184e-07,7e-07,2.412013622360324e-07,2.992169723717732e-07,2.8269391820346137e-05,0.9763325330423553,59,highpass
1.2929743904696184e-07,7e-07,2.412013622360324e-07,2.992169723717732e-07,2.8269391820346137e-05,0.9763325330423553,59,highpass
1.2929743904696184e-07,7e-07,2.412013622360324e-07,2.9910743625896434e-07,3.159424310747025e-05,0.9116714909795693,59,highpass
1.2929743904696184e-07,7e-07,2.412013622360324e-07,2.992169723717732e-07,2.8269391820346137e-05,0.9763325330423553,59,highpass
1.2929743904696184e-07,7e-07,2.412013622360324e-07,2.992169723717732e-07,2.8269391820346137e-05,0.9763325330423553,59,highpass
1.2929743904696184e-07,7e-07,2.412013622360324e-07,2.992169723717732e-07,2.8269391820346137e-05,0.9763325330423553,59,highpass
1.2929743904696184e-07,7e-07,2.412013622360324e-07,2.992169723717732e-07,2.8269391820346137e-05,0.9763325330423553,59,highpass
1.2929743904696184e-07,7e-07,2.412013622360324e-07,2.9910743625896434e-07,2.8269391820346137e-05,0.9763325330423553,59,highpass
1.2929743904696184e-07,7e-07,1.8411888302887674e-07,2.992169723717732e-07,2.8263943697980942e-05,-0.1620983663881065,59,highpass
1.2929743904696184e-07,7e-07,2.412013622360324e-07,2.992169723717732e-07,2.8269391820346137e-05,0.9763325330423553,59,highpass
1.2929743904696184e-07,7e-07,2.412013622360324e-07,2.992169723717732e-07,2.8269391820346137e-05,0.9763325330423553,59,highpass
1.2929743904696184e-07,7e-07,2.412013622360324e-07,2.992169723717732e-07,2.8269391820346137e-05,0.9763325330423553,59,highpass
1.2929743904696184e-07,7e-07,2.412013622360324e-07,2.992169723717732e-07,2.8269391820346137e-05,0.9763325330423553,59,highpass
1.2929743904696184e-07,7e-07,2.4094378913084363e-07,2.992169723717732e-07,2.8263943697980942e-05,0.9763325330423553,59,highpass
1.2929743904696184e-07,7e-07,2.3825113004006884e-07,2.994113607378153e-07,2.8269391820346137e-05,0.4044567050684762,59,highpass
1.2929743904696184e-07,7e-07,2.412013622360324e-07,2.992169723717732e-07,2.988487075384633e-05,0.6530389282259503,59,highpass
1.2929743904696184e-07,7e-07,2.412013622360324e-07,2.992169723717732e-07,2.8269391820346137e-05,0.9763325330423553,59,highpass
1.2929743904696184e-07,7e-07,2.412013622360324e-07,2.992169723717732e-07,2.8269391820346137e-05,0.9763325330423553,59,highpass
1.2929743904696184e-07,7e-07,2.412013622360324e-07,2.992169723717732e-07,3.247438399491598e-05,0.8604752000204179,59,highpass
1.2929743904696184e-07,7e-07,2.412013622360324e-07,2.992169723717732e-07,2.8269391820346137e-05,0.9763325330423553,59,highpass
1.2929743904696184e-07,7e-07,1.979759619346784e-07,2.992169723717732e-07,2.8269391820346137e-05,0.04005427426367445,59,highpass
1.225329282088897e-07,7e-07,2.412013622360324e-07,2.9910743625896434e-07,2.8269391820346137e-05,0.6848868353158909,59,highpass
1.2929743904696184e-07,7e-07,1.1510643452899559e-07,2.992169723717732e-07,2.8269391820346137e-05,0.04453762547346263,59,highpass
1.2929743904696184e-07,7e-07,2.412013622360324e-07,2.992169723717732e-07,2.8269391820346137e-05,0.9763325330423553,59,highpass
1.2929743904696184e-07,7e-07,2.412013622360324e-07,2.992169723717732e-07,2.8269391820346137e-05,0.9763325330423553,59,highpass
1.2929743904696184e-07,7e-07,2.412013622360324e-07,2.992169723717732e-07,2.8269391820346137e-05,0.9763325330423553,59,highpass
1.2929743904696184e-07,7e-07,2.412013622360324e-07,2.992169723717732e-07,2.8269391820346137e-05,0.9763325330423553,59,highpass
1.2929743904696184e-07,7e-07,2.412013622360324e-07,2.4920905280941907e-07,2.8269391820346137e-05,0.2997682536935634,59,highpass
1.2929743904696184e-07,7e-07,2.412013622360324e-07,2.992169723717732e-07,2.8269391820346137e-05,0.9763325330423553,59,highpass
1.2929743904696184e-07,7e-07,2.412013622360324e-07,2.992169723717732e-07,2.8269391820346137e-05,0.9763325330423553,59,highpass
1.2929743904696184e-07,7e-07,2.412013622360324e-07,2.992169723717732e-07,2.8269391820346137e-05,0.9763325330423553,59,highpass
1.2929743904696184e-07,7e-07,2.412013622360324e-07,2.992169723717732e-07,2.8269391820346137e-05,0.9763325330423553,59,highpass
1.2929743904696184e-07,7e-07,2.412013622360324e-07,2.992169723717732e-07,2.8269391820346137e-05,0.9763325330423553,59,highpass
1.2929743904696184e-07,7e-07,2.412013622360324e-07,2.992169723717732e-07,2.844568639581455e-05,0.9910381666692952,59,highpass
1.2929743904696184e-07,7e-07,2.412013622360324e-07,2.992169723717732e-07,2.8269391820346137e-05,0.9763325330423553,59,highpass
1.2929743904696184e-07,7e-07,2.412013622360324e-07,2.992169723717732e-07,2.8269391820346137e-05,0.9763325330423553,59,highpass
1.2929743904696184e-07,7e-07,2.4094378913084363e-07,2.992169723717732e-07,2.8269391820346137e-05,0.9763325330423553,59,highpass
1.2929743904696184e-07,7e-07,2.412013622360324e-07,2.992169723717732e-07,2.8269391820346137e-05,1.0658007740821516,60,highpass
1.2929743904696184e-07,7e-07,2.412013622360324e-07,2.992169723717732e-07,2.8269391820346137e-05,1.0658007740821516,60,highpass
1.2929743904696184e-07,7e-07,2.412013622360324e-07,2.992169723717732e-07,2.8269391820346137e-05,1.0658007740821516,60,highpass
1.2929743904696184e-07,7e-07,2.4030497001694694e-07,2.992169723717732e-07,2.844568639581455e-05,0.6780696023512983,60,highpass
1.2929743904696184e-07,7e-07,2.4223166720032904e-07,2.992169723717732e-07,2.8269391820346137e-05,0.8129792501525456,60,highpass
1.2929743904696184e-07,7e-07,2.412013622360324e-07,2.992169723717732e-07,2.8269391820346137e-05,1.0658007740821516,60,highpass
1.2929743904696184e-07,6.892420738116217e-07,2.412013622360324e-07,2.992169723717732e-07,2.8269391820346137e-05,0.7705652255401523,60,highpass
1.2929743904696184e-07,7e-07,2.412013622360324e-07,2.992169723717732e-07,2.852584529240166e-05,0.9911252379773332,60,highpass
1.2929743904696184e-07,7e-07,2.412013622360324e-07,2.992169723717732e-07,2.8269391820346137e-05,1.0658007740821516,60,highpass
1.2929743904696184e-07,7e-07,2.412013622360324e-07,2.992169723717732e-07,2.8269391820346137e-05,1.0658007740821516,60,highpass
1.2929743904696184e-07,7e-07,2.412013622360324e-07,2.992169723717732e-07,2.8269391820346137e-05,1.0658007740821516,60,highpass
1.2929743904696184e-07,7e-07,2.412013622360324e-07,2.992169723717732e-07,2.8269391820346137e-05,1.0658007740821516,60,highpass
1.6876276736319594e-07,7e-07,2.412013622360324e-07,2.9910743625896434e-07,2.8269391820346137e-05,0.29108583065498017,60,highpass
1.2897721279913043e-07,7e-07,2.412013622360324e-07,2.992169723717732e-07,2.8269391820346137e-05,1.0658007740821516,60,highpass
1.2929743904696184e-07,7e-07,2.412013622360324e-07,2.992169723717732e-07,2.8269391820346137e-05,1.0658007740821516,60,highpass
1.2929743904696184e-07,7e-07,2.412013622360324e-07,2.992169723717732e-07,2.8269391820346137e-05,1.0658007740821516,60,highpass
1.2929743904696184e-07,7e-07,2.412013622360324e-07,2.992169723717732e-07,2.8269391820346137e-05,1.0658007740821516,60,highpass
1.2929743904696184e-07,7e-07,2.412013622360324e-07,2.992169723717732e-07,2.8269391820346137e-05,1.0658007740821516,60,highpass
1.2929743904696184e-07,7e-07,2.412013622360324e-07,2.992169723717732e-07,2.8269391820346137e-05,1.0658007740821516,60,highpass
1.2897721279913043e-07,7e-07,1.5384332747710659e-07,2.992169723717732e-07,2.8269391820346137e-05,-0.10371374958241032,60,highpass
1.2929743904696184e-07,7e-07,2.412013622360324e-07,2.258551031224276e-07,2.844568639581455e-05,0.27437162268021986,60,highpass
1.2929743904696184e-07,7e-07,2.412013622360324e-07,2.992169723717732e-07,2.8269391820346137e-05,1.0658007740821516,60,highpass
1.2648577095974855e-07,7e-07,2.412013622360324e-07,2.992169723717732e-07,2.8269391820346137e-05,0.7161220817748309,60,highpass
1.2929743904696184e-07,3.440831685422831e-07,2.412013622360324e-07,2.992169723717732e-07,2.8269391820346137e-05,0.1702475543286772,60,highpass
1.2929743904696184e-07,7e-07,2.412013622360324e-07,2.994113607378153e-07,2.8269391820346137e-05,1.0658007740821516,60,highpass
1.2929743904696184e-07,7e-07,2.412013622360324e-07,2.992169723717732e-07,2.8269391820346137e-05,1.0658007740821516,60,highpass
1.2929743904696184e-07,7e-07,2.412013622360324e-07,2.992169723717732e-07,2.8269391820346137e-05,1.0658007740821516,60,highpass
1.2929743904696184e-07,7e-07,2.412013622360324e-07,2.992169723717732e-07,2.8269391820346137e-05,1.0658007740821516,60,highpass
1.2929743904696184e-07,7e-07,2.412013622360324e-07,2.992169723717732e-07,2.8269391820346137e-05,1.0658007740821516,60,highpass
1.2929743904696184e-07,7e-07,2.412013622360324e-07,2.9910743625896434e-07,2.8269391820346137e-05,1.0658007740821516,60,highpass
1.2929743904696184e-07,7e-07,1.3733742800707574e-07,2.9910743625896434e-07,2.8269391820346137e-05,0.01046177476727106,60,highpass
1.2929743904696184e-07,7e-07,2.412013622360324e-07,2.992169723717732e-07,2.8269391820346137e-05,1.0658007740821516,60,highpass
1.2929743904696184e-07,7e-07,2.412013622360324e-07,2.992169723717732e-07,2.8269391820346137e-05,1.0658007740821516,60,highpass
1.2929743904696184e-07,7e-07,2.412013622360324e-07,2.992169723717732e-07,2.8269391820346137e-05,1.0658007740821516,60,highpass
1.954016769545736e-07,7e-07,2.412013622360324e-07,2.992169723717732e-07,2.8269391820346137e-05,0.10047881052131781,60,highpass
1.2929743904696184e-07,7e-07,2.412013622360324e-07,2.992169723717732e-07,2.8269391820346137e-05,1.0658007740821516,60,highpass
1.2929743904696184e-07,7e-07,2.412013622360324e-07,2.992169723717732e-07,2.8269391820346137e-05,1.0658007740821516,60,highpass
1.2929743904696184e-07,7e-07,2.412013622360324e-07,2.992169723717732e-07,2.8269391820346137e-05,1.0658007740821516,60,highpass
1.2929743904696184e-07,7e-07,2.412013622360324e-07,2.992169723717732e-07,2.8269391820346137e-05,1.0658007740821516,60,highpass
1.2929743904696184e-07,7e-07,2.412013622360324e-07,2.992169723717732e-07,2.8269391820346137e-05,1.0658007740821516,60,highpass
1.2929743904696184e-07,7e-07,2.412013622360324e-07,2.992169723717732e-07,2.8269391820346137e-05,1.0658007740821516,60,highpass
1.2897721279913043e-07,7e-07,2.412013622360324e-07,2.940548018675433e-07,2.8269391820346137e-05,0.7180802425464088,60,highpass
1.9960709512400408e-07,7e-07,2.412013622360324e-07,2.992169723717732e-07,2.8269391820346137e-05,0.060551311138386986,60,highpass
1.2929743904696184e-07,7e-07,2.412013622360324e-07,2.994113607378153e-07,2.8269391820346137e-05,1.0658007740821516,60,highpass
1.2408745300940891e-07,7e-07,2.412013622360324e-07,2.992169723717732e-07,2.8269391820346137e-05,0.6980897635192449,60,highpass
1.2929743904696184e-07,7e-07,2.412013622360324e-07,2.992169723717732e-07,2.7800817478765024e-05,1.0378575727115276,60,highpass
1.2929743904696184e-07,7e-07,2.412013622360324e-07,2.992169723717732e-07,2.8269391820346137e-05,1.0658007740821516,60,highpass
1.2929743904696184e-07,7e-07,2.4540905795643455e-07,2.992169723717732e-07,2.8269391820346137e-05,0.37136523521816056,60,highpass
1.2929743904696184e-07,7e-07,2.412013622360324e-07,2.992169723717732e-07,2.8269391820346137e-05,1.0658007740821516,60,highpass
1.2929743904696184e-07,7e-07,2.412013622360324e-07,2.992169723717732e-07,2.8269391820346137e-05,1.0658007740821516,60,highpass
1.2929743904696184e-07,7e-07,2.412013622360324e-07,2.992169723717732e-07,2.8269391820346137e-05,1.0658007740821516,61,highpass
1.2929743904696184e-07,7e-07,2.412013622360324e-07,2.992169723717732e-07,2.8269391820346137e-05,1.0658007740821516,61,highpass
1.2929743904696184e-07,7e-07,2.412013622360324e-07,2.992169723717732e-07,4.7665678032041217e-05,0.3131454531352951,61,highpass
1.2929743904696184e-07,7e-07,2.412013622360324e-07,2.992169723717732e-07,2.8269391820346137e-05,1.0658007740821516,61,highpass
1.2929743904696184e-07,7e-07,2.412013622360324e-07,2.992169723717732e-07,2.8269391820346137e-05,1.0658007740821516,61,highpass
1.2929743904696184e-07,7e-07,2.412013622360324e-07,2.992169723717732e-07,2.8269391820346137e-05,1.0658007740821516,61,highpass
1.2929743904696184e-07,7e-07,1.2405093828177373e-07,2.992169723717732e-07,2.8269391820346137e-05,0.13083155753647407,61,highpass
1.2929743904696184e-07,7e-07,2.412013622360324e-07,2.992169723717732e-07,2.8269391820346137e-05,1.0658007740821516,61,highpass
1.2929743904696184e-07,7e-07,2.412013622360324e-07,2.994113607378153e-07,2.8269391820346137e-05,1.0658007740821516,61,highpass
1.2929743904696184e-07,7e-07,2.412013622360324e-07,2.992169723717732e-07,2.8269391820346137e-05,1.0658007740821516,61,highpass
1.2929743904696184e-07,7e-07,2.412013622360324e-07,2.992169723717732e-07,2.8269391820346137e-05,1.0658007740821516,61,highpass
1.2929743904696184e-07,7e-07,2.412013622360324e-07,2.992169723717732e-07,2.8269391820346137e-05,1.0658007740821516,61,highpass
1.2929743904696184e-07,7e-07,2.412013622360324e-07,2.992169723717732e-07,2.9222319666799364e-05,0.7893685631357894,61,highpass
1.2929743904696184e-07,7e-07,2.412013622360324e-07,2.992169723717732e-07,2.8269391820346137e-05,1.0658007740821516,61,highpass
1.2929743904696184e-07,7e-07,2.412013622360324e-07,2.992169723717732e-07,2.8269391820346137e-05,1.0658007740821516,61,highpass
1.2929743904696184e-07,7e-07,2.412013622360324e-07,2.9910743625896434e-07,2.8269391820346137e-05,1.0658007740821516,61,highpass
1.2929743904696184e-07,7e-07,2.412013622360324e-07,2.992169723717732e-07,2.8269391820346137e-05,1.0658007740821516,61,highpass
1.2929743904696184e-07,7e-07,2.412013622360324e-07,2.992169723717732e-07,2.8269391820346137e-05,1.0658007740821516,61,highpass
1.2929743904696184e-07,7e-07,2.412013622360324e-07,2.984305020991728e-07,2.8269391820346137e-05,1.07099896143805,61,highpass
1.2897721279913043e-07,7e-07,2.412013622360324e-07,2.992169723717732e-07,2.8269391820346137e-05,1.0658007740821516,61,highpass
1.2929743904696184e-07,7e-07,2.412013622360324e-07,2.992169723717732e-07,2.8269391820346137e-05,1.0658007740821516,61,highpass
2.474999943864449e-07,7e-07,2.412013622360324e-07,2.992169723717732e-07,2.8269391820346137e-05,0.23277688795589524,61,highpass
1.2929743904696184e-07,7e-07,2.412013622360324e-07,2.992169723717732e-07,2.8269391820346137e-05,1.0658007740821516,61,highpass
1.2929743904696184e-07,6.254464616663799e-07,2.412013622360324e-07,2.992169723717732e-07,2.8269391820346137e-05,0.3591275483588131,61,highpass
1.508492212476483e-07,7e-07,2.412013622360324e-07,2.9910743625896434e-07,2.8269391820346137e-05,0.20900510076531983,61,highpass
1.2929743904696184e-07,7e-07,2.412013622360324e-07,2.992169723717732e-07,2.8269391820346137e-05,1.0658007740821516,61,highpass
1.2929743904696184e-07,7e-07,2.412013622360324e-07,2.992169723717732e-07,2.8269391820346137e-05,1.0658007740821516,61,highpass
1.2929743904696184e-07,7e-07,2.399505319527604e-07,2.992169723717732e-07,2.8269391820346137e-05,0.6315000226048726,61,highpass
1.2271625185466266e-07,7e-07,2.412013622360324e-07,2.992169723717732e-07,2.8269391820346137e-05,0.6904449744103291,61,highpass
1.2929743904696184e-07,7e-07,2.412013622360324e-07,2.992169723717732e-07,2.8269391820346137e-05,1.0658007740821516,61,highpass
1.2929743904696184e-07,7e-07,2.412013622360324e-07,2.992169723717732e-07,2.8269391820346137e-05,1.0658007740821516,61,highpass
1.2929743904696184e-07,7e-07,2.412013622360324e-07,2.992169723717732e-07,2.8269391820346137e-05,1.0658007740821516,61,highpass
1.2929743904696184e-07,7e-07,2.412013622360324e-07,2.992169723717732e-07,2.8269391820346137e-05,1.0658007740821516,61,highpass
1.2929743904696184e-07,6.112374155005912e-07,2.412013622360324e-07,2.992169723717732e-07,2.8269391820346137e-05,0.40108598996288536,61,highpass
1.2929743904696184e-07,7e-07,2.416820502981973e-07,2.992169723717732e-07,2.8269391820346137e-05,0.7634694959999633,61,highpass
1.2929743904696184e-07,7e-07,2.412013622360324e-07,2.992169723717732e-07,2.8269391820346137e-05,1.0658007740821516,61,highpass
1.2929743904696184e-07,7e-07,2.412013622360324e-07,2.3887638710904416e-07,2.8269391820346137e-05,0.2975139762817092,61,highpass
1.2929743904696184e-07,7e-07,2.412013622360324e-07,2.992169723717732e-07,2.8269391820346137e-05,1.0658007740821516,61,highpass
1.2929743904696184e-07,7e-07,2.412013622360324e-07,2.994113607378153e-07,2.8269391820346137e-05,1.0658007740821516,61,highpass
1.2929743904696184e-07,7e-07,2.412013622360324e-07,2.992169723717732e-07,2.8269391820346137e-05,1.0658007740821516,61,highpass
1.2929743904696184e-07,7e-07,2.412013622360324e-07,2.992169723717732e-07,2.8269391820346137e-05,1.0658007740821516,61,highpass
1.2929743904696184e-07,7e-07,2.412013622360324e-07,2.992169723717732e-07,2.8269391820346137e-05,1.0658007740821516,61,highpass
1.2929743904696184e-07,7e-07,2.412013622360324e-07,2.994113607378153e-07,2.8269391820346137e-05,1.0658007740821516,61,highpass
1.2929743904696184e-07,7e-07,2.412013622360324e-07,2.994113607378153e-07,2.8269391820346137e-05,1.0658007740821516,61,highpass
1.2929743904696184e-07,7e-07,2.412013622360324e-07,2.992169723717732e-07,2.8269391820346137e-05,1.0658007740821516,61,highpass
1.2929743904696184e-07,7e-07,2.412013622360324e-07,2.992169723717732e-07,2.8269391820346137e-05,1.0658007740821516,61,highpass
1.2929743904696184e-07,7e-07,2.412013622360324e-07,2.992169723717732e-07,2.8269391820346137e-05,1.0658007740821516,61,highpass
1.2929743904696184e-07,7e-07,2.412013622360324e-07,2.992169723717732e-07,2.8269391820346137e-05,1.0658007740821516,61,highpass
1.2929743904696184e-07,6.858486202270464e-07,2.412013622360324e-07,2.992169723717732e-07,2.8269391820346137e-05,0.698914075387753,61,highpass
1.2929743904696184e-07,7e-07,2.412013622360324e-07,2.992169723717732e-07,2.8269391820346137e-05,1.0658007740821516,61,highpass
1.2929743904696184e-07,7e-07,2.412013622360324e-07,2.992169723717732e-07,2.8269391820346137e-05,1.0658007740821516,62,highpass
1.2929743904696184e-07,7e-07,2.412013622360324e-07,2.992169723717732e-07,2.8269391820346137e-05,1.0658007740821516,62,highpass
1.2929743904696184e-07,7e-07,2.412013622360324e-07,2.992169723717732e-07,2.8269391820346137e-05,1.0658007740821516,62,highpass
1.2929743904696184e-07,7e-07,2.412013622360324e-07,2.992169723717732e-07,2.8269391820346137e-05,1.0658007740821516,62,highpass
1.2929743904696184e-07,7e-07,2.412013622360324e-07,2.994113607378153e-07,3.029652581315188e-05,0.6036325266247211,62,highpass
1.8720369922157e-07,7e-07,2.412013622360324e-07,2.992169723717732e-07,2.8269391820346137e-05,0.17327310171371463,62,highpass
1.2929743904696184e-07,7e-07,2.412013622360324e-07,2.992169723717732e-07,2.8269391820346137e-05,1.0658007740821516,62,highpass
1.2929743904696184e-07,7e-07,2.412013622360324e-07,2.992169723717732e-07,2.8269391820346137e-05,1.0658007740821516,62,highpass
1.2929743904696184e-07,7e-07,2.412013622360324e-07,2.9911463907579555e-07,2.8269391820346137e-05,1.0658007740821516,62,highpass
1.2929743904696184e-07,7e-07,2.412013622360324e-07,2.992169723717732e-07,2.8269391820346137e-05,1.0658007740821516,62,highpass
1.2929743904696184e-07,7e-07,2.4404054797650964e-07,2.984305020991728e-07,2.8269391820346137e-05,0.781913627963503,62,highpass
1.2929743904696184e-07,7e-07,2.412013622360324e-07,2.992169723717732e-07,2.8269391820346137e-05,1.0658007740821516,62,highpass
1.2424278196217965e-07,7e-07,2.412013622360324e-07,2.992169723717732e-07,2.8269391820346137e-05,0.6982131375650941,62,highpass
1.2929743904696184e-07,7e-07,2.412013622360324e-07,2.992169723717732e-07,2.8269391820346137e-05,1.0658007740821516,62,highpass
1.2929743904696184e-07,7e-07,2.412013622360324e-07,2.984305020991728e-07,2.8269391820346137e-05,1.07099896143805,62,highpass
1.2929743904696184e-07,7e-07,2.412013622360324e-07,2.992169723717732e-07,2.8269391820346137e-05,1.0658007740821516,62,highpass
1.2929743904696184e-07,7e-07,2.412013622360324e-07,2.992169723717732e-07,2.8269391820346137e-05,1.0658007740821516,62,highpass
1.2929743904696184e-07,7e-07,2.412013622360324e-07,2.992169723717732e-07,2.8269391820346137e-05,1.0658007740821516,62,highpass
1.2929743904696184e-07,7e-07,2.412013622360324e-07,2.984305020991728e-07,2.8269391820346137e-05,1.07099896143805,62,highpass
1.2929743904696184e-07,7e-07,2.412013622360324e-07,2.992169723717732e-07,2.8269391820346137e-05,1.0658007740821516,62,highpass
1.2929743904696184e-07,7e-07,2.412013622360324e-07,2.992169723717732e-07,2.8269391820346137e-05,1.0658007740821516,62,highpass
1.2929743904696184e-07,7e-07,2.412013622360324e-07,2.992169723717732e-07,2.8269391820346137e-05,1.0658007740821516,62,highpass
1.2929743904696184e-07,7e-07,2.412013622360324e-07,2.992169723717732e-07,2.8269391820346137e-05,1.0658007740821516,62,highpass
1.2929743904696184e-07,7e-07,2.412013622360324e-07,2.992169723717732e-07,2.8269391820346137e-05,1.0658007740821516,62,highpass
1.2929743904696184e-07,7e-07,2.412013622360324e-07,2.992169723717732e-07,2.8003462700456382e-05,1.0378511133752273,62,highpass
1.2929743904696184e-07,7e-07,2.412013622360324e-07,2.992169723717732e-07,2.8269391820346137e-05,1.0658007740821516,62,highpass
1.2929743904696184e-07,7e-07,2.412013622360324e-07,2.9838484323098847e-07,2.8269391820346137e-05,1.07099896143805,62,highpass
1.2929743904696184e-07,7e-07,2.412013622360324e-07,2.992169723717732e-07,2.8269391820346137e-05,1.0658007740821516,62,highpass
1.2929743904696184e-07,7e-07,2.412013622360324e-07,2.984305020991728e-07,2.8269391820346137e-05,1.07099896143805,62,highpass
1.2929743904696184e-07,7e-07,2.412013622360324e-07,2.992169723717732e-07,2.8269391820346137e-05,1.0658007740821516,62,highpass
1.2929743904696184e-07,7e-07,2.412013622360324e-07,2.992169723717732e-07,2.8269391820346137e-05,1.0658007740821516,62,highpass
1.2929743904696184e-07,7e-07,2.412013622360324e-07,2.992169723717732e-07,2.8269391820346137e-05,1.0658007740821516,62,highpass
1.2929743904696184e-07,7e-07,2.412013622360324e-07,2.984305020991728e-07,2.8269391820346137e-05,1.07099896143805,62,highpass
1.2929743904696184e-07,7e-07,2.412013622360324e-07,2.992169723717732e-07,2.8269391820346137e-05,1.0658007740821516,62,highpass
1.2929743904696184e-07,7e-07,2.412013622360324e-07,2.992169723717732e-07,2.8269391820346137e-05,1.0658007740821516,62,highpass
1.2929743904696184e-07,7e-07,2.412013622360324e-07,2.994113607378153e-07,2.8269391820346137e-05,1.0658007740821516,62,highpass
1.2929743904696184e-07,7e-07,2.412013622360324e-07,2.984305020991728e-07,2.8269391820346137e-05,1.07099896143805,62,highpass
1.2929743904696184e-07,7e-07,2.412013622360324e-07,2.992169723717732e-07,2.8269391820346137e-05,1.0658007740821516,62,highpass
1.2929743904696184e-07,7e-07,2.412013622360324e-07,2.992169723717732e-07,2.8269391820346137e-05,1.0658007740821516,62,highpass
1.2929743904696184e-07,7e-07,2.412013622360324e-07,2.992169723717732e-07,2.8269391820346137e-05,1.0658007740821516,62,highpass
1.2929743904696184e-07,7e-07,2.412013622360324e-07,2.992169723717732e-07,2.8269391820346137e-05,1.0658007740821516,62,highpass
1.2929743904696184e-07,7e-07,2.412013622360324e-07,2.994113607378153e-07,2.8269391820346137e-05,1.0658007740821516,62,highpass
1.4640296702564011e-07,7e-07,2.412013622360324e-07,2.9910743625896434e-07,2.8269391820346137e-05,0.2066746750981857,62,highpass
1.2929743904696184e-07,7e-07,2.412013622360324e-07,2.992169723717732e-07,2.8269391820346137e-05,1.0658007740821516,62,highpass
1.2929743904696184e-07,7e-07,2.412013622360324e-07,2.992169723717732e-07,2.8269391820346137e-05,1.0658007740821516,62,highpass
1.2929743904696184e-07,7e-07,2.412013622360324e-07,2.992169723717732e-07,2.8269391820346137e-05,1.0658007740821516,62,highpass
1.2929743904696184e-07,7e-07,2.412013622360324e-07,2.992169723717732e-07,2.8269391820346137e-05,1.0658007740821516,62,highpass
1.2929743904696184e-07,7e-07,2.412013622360324e-07,2.992169723717732e-07,2.8269391820346137e-05,1.0658007740821516,62,highpass
1.2929743904696184e-07,7e-07,2.412013622360324e-07,2.992169723717732e-07,2.8269391820346137e-05,1.0658007740821516,62,highpass
1.2929743904696184e-07,7e-07,2.412013622360324e-07,2.992169723717732e-07,2.8269391820346137e-05,1.0658007740821516,62,highpass
1.2929743904696184e-07,7e-07,2.412013622360324e-07,2.992169723717732e-07,2.8269391820346137e-05,1.0658007740821516,63,highpass
1.2929743904696184e-07,7e-07,2.412013622360324e-07,2.992169723717732e-07,2.8269391820346137e-05,1.0658007740821516,63,highpass
1.2929743904696184e-07,7e-07,2.412013622360324e-07,2.992169723717732e-07,2.8269391820346137e-05,1.0658007740821516,63,highpass
1.2929743904696184e-07,7e-07,2.0504793198840702e-07,2.984305020991728e-07,2.8269391820346137e-05,0.11274895707968823,63,highpass
1.2929743904696184e-07,7e-07,2.412013622360324e-07,2.992169723717732e-07,2.8269391820346137e-05,1.0658007740821516,63,highpass
1.2929743904696184e-07,7e-07,2.412013622360324e-07,2.992169723717732e-07,2.8269391820346137e-05,1.0658007740821516,63,highpass
1.2929743904696184e-07,7e-07,2.412013622360324e-07,2.992169723717732e-07,2.8269391820346137e-05,1.0658007740821516,63,highpass
1.2929743904696184e-07,7e-07,2.412013622360324e-07,2.992169723717732e-07,2.8269391820346137e-05,1.0658007740821516,63,highpass
1.2929743904696184e-07,7e-07,2.412013622360324e-07,2.994113607378153e-07,2.8269391820346137e-05,1.0658007740821516,63,highpass
1.2929743904696184e-07,7e-07,2.412013622360324e-07,2.984305020991728e-07,2.8269391820346137e-05,1.07099896143805,63,highpass
1.2929743904696184e-07,7e-07,2.412013622360324e-07,2.984305020991728e-07,1.0435713633341171e-05,0.6967352048542477,63,highpass
1.2929743904696184e-07,7e-07,2.412013622360324e-07,2.992169723717732e-07,2.8269391820346137e-05,1.0658007740821516,63,highpass
1.2929743904696184e-07,7e-07,2.412013622360324e-07,2.984305020991728e-07,2.8269391820346137e-05,1.07099896143805,63,highpass
1.2929743904696184e-07,7e-07,2.412013622360324e-07,2.992169723717732e-07,2.8269391820346137e-05,1.0658007740821516,63,highpass
1.2929743904696184e-07,7e-07,2.412013622360324e-07,2.992169723717732e-07,2.8269391820346137e-05,1.0658007740821516,63,highpass
1.2929743904696184e-07,7e-07,2.412013622360324e-07,2.984305020991728e-07,2.8269391820346137e-05,1.07099896143805,63,highpass
1.2929743904696184e-07,7e-07,2.412013622360324e-07,2.9838484323098847e-07,2.8269391820346137e-05,1.07099896143805,63,highpass
1.2929743904696184e-07,7e-07,2.412013622360324e-07,2.992169723717732e-07,2.8269391820346137e-05,1.0658007740821516,63,highpass
1.2929743904696184e-07,7e-07,2.412013622360324e-07,2.9838484323098847e-07,2.8269391820346137e-05,1.07099896143805,63,highpass
1.2929743904696184e-07,7e-07,2.412013622360324e-07,2.984305020991728e-07,2.8269391820346137e-05,1.07099896143805,63,highpass
1.2929743904696184e-07,7e-07,2.412013622360324e-07,2.992169723717732e-07,2.8269391820346137e-05,1.0658007740821516,63,highpass
1.2929743904696184e-07,7e-07,2.412013622360324e-07,2.984305020991728e-07,2.8269391820346137e-05,1.07099896143805,63,highpass
1.2929743904696184e-07,7e-07,2.412013622360324e-07,2.984305020991728e-07,2.8269391820346137e-05,1.07099896143805,63,highpass
1.2929743904696184e-07,7e-07,2.412013622360324e-07,2.992169723717732e-07,2.8269391820346137e-05,1.0658007740821516,63,highpass
1.2929743904696184e-07,7e-07,2.412013622360324e-07,2.984305020991728e-07,2.8269391820346137e-05,1.07099896143805,63,highpass
1.2929743904696184e-07,7e-07,2.412013622360324e-07,2.992169723717732e-07,2.8269391820346137e-05,1.0658007740821516,63,highpass
1.2929743904696184e-07,7e-07,2.412013622360324e-07,2.984305020991728e-07,2.8269391820346137e-05,1.07099896143805,63,highpass
1.2929743904696184e-07,7e-07,2.412013622360324e-07,2.992169723717732e-07,2.8269391820346137e-05,1.0658007740821516,63,highpass
1.2929743904696184e-07,7e-07,2.412013622360324e-07,2.984305020991728e-07,2.8269391820346137e-05,1.07099896143805,63,highpass
1.2929743904696184e-07,7e-07,2.412013622360324e-07,2.992169723717732e-07,2.8269391820346137e-05,1.0658007740821516,63,highpass
1.2929743904696184e-07,7e-07,2.412013622360324e-07,2.992169723717732e-07,2.8269391820346137e-05,1.0658007740821516,63,highpass
1.2929743904696184e-07,7e-07,2.412013622360324e-07,2.992169723717732e-07,2.8269391820346137e-05,1.0658007740821516,63,highpass
1.2929743904696184e-07,7e-07,2.412013622360324e-07,2.992169723717732e-07,2.8269391820346137e-05,1.0658007740821516,63,highpass
1.2929743904696184e-07,7e-07,2.412013622360324e-07,2.984305020991728e-07,2.8269391820346137e-05,1.07099896143805,63,highpass
1.2929743904696184e-07,7e-07,2.412013622360324e-07,2.992169723717732e-07,2.8269391820346137e-05,1.0658007740821516,63,highpass
1.2929743904696184e-07,7e-07,2.412013622360324e-07,2.992169723717732e-07,2.8269391820346137e-05,1.0658007740821516,63,highpass
1.2929743904696184e-07,7e-07,2.412013622360324e-07,2.984305020991728e-07,2.8269391820346137e-05,1.07099896143805,63,highpass
1.2929743904696184e-07,7e-07,2.412013622360324e-07,2.984305020991728e-07,2.8269391820346137e-05,1.07099896143805,63,highpass
1.2929743904696184e-07,7e-07,2.412013622360324e-07,2.984305020991728e-07,2.8269391820346137e-05,1.07099896143805,63,highpass
1.2929743904696184e-07,7e-07,2.412013622360324e-07,2.984305020991728e-07,2.8269391820346137e-05,1.07099896143805,63,highpass
1.2929743904696184e-07,7e-07,2.412013622360324e-07,2.992169723717732e-07,2.8269391820346137e-05,1.0658007740821516,63,highpass
1.2929743904696184e-07,7e-07,2.412013622360324e-07,2.992169723717732e-07,2.8269391820346137e-05,1.0658007740821516,63,highpass
1.2929743904696184e-07,7e-07,2.412013622360324e-07,2.992169723717732e-07,2.8269391820346137e-05,1.0658007740821516,63,highpass
1.2929743904696184e-07,7e-07,2.412013622360324e-07,2.992169723717732e-07,2.8269391820346137e-05,1.0658007740821516,63,highpass
1.2929743904696184e-07,7e-07,2.412013622360324e-07,2.9838484323098847e-07,2.8269391820346137e-05,1.07099896143805,63,highpass
1.2929743904696184e-07,7e-07,2.412013622360324e-07,2.984305020991728e-07,2.8269391820346137e-05,1.07099896143805,63,highpass
1.2929743904696184e-07,7e-07,2.412013622360324e-07,2.984305020991728e-07,2.8269391820346137e-05,1.07099896143805,63,highpass
1.2929743904696184e-07,7e-07,2.412013622360324e-07,2.994113607378153e-07,2.8269391820346137e-05,1.0658007740821516,63,highpass
1.2929743904696184e-07,7e-07,2.412013622360324e-07,2.992169723717732e-07,2.8269391820346137e-05,1.0658007740821516,63,highpass
1.2929743904696184e-07,7e-07,2.3634831886595977e-07,2.9838484323098847e-07,2.8269391820346137e-05,0.3489501388490242,63,highpass
1.2929743904696184e-07,7e-07,2.412013622360324e-07,2.992169723717732e-07,2.8269391820346137e-05,1.0658007740821516,64,highpass
1.2929743904696184e-07,7e-07,2.412013622360324e-07,2.992169723717732e-07,2.8269391820346137e-05,1.0658007740821516,64,highpass
1.2929743904696184e-07,7e-07,2.412013622360324e-07,2.984305020991728e-07,2.8269391820346137e-05,1.068037512064182,64,highpass
1.2929743904696184e-07,7e-07,2.412013622360324e-07,2.9838484323098847e-07,2.8269391820346137e-05,1.068037512064182,64,highpass
1.2929743904696184e-07,7e-07,2.412013622360324e-07,2.984305020991728e-07,2.8269391820346137e-05,1.068037512064182,64,highpass
1.2929743904696184e-07,7e-07,2.412013622360324e-07,2.994113607378153e-07,2.8269391820346137e-05,1.0658007740821516,64,highpass
1.2929743904696184e-07,7e-07,2.412013622360324e-07,2.992169723717732e-07,2.8269391820346137e-05,1.0658007740821516,64,highpass
1.2929743904696184e-07,7e-07,2.412013622360324e-07,2.9838484323098847e-07,2.8269391820346137e-05,1.068037512064182,64,highpass
1.2929743904696184e-07,7e-07,2.412013622360324e-07,2.984305020991728e-07,2.8269391820346137e-05,1.068037512064182,64,highpass
1.2929743904696184e-07,7e-07,2.412013622360324e-07,2.960786247328031e-07,2.8269391820346137e-05,0.8121050305801392,64,highpass
1.2929743904696184e-07,7e-07,2.412013622360324e-07,2.984305020991728e-07,2.8269391820346137e-05,1.068037512064182,64,highpass
1.2929743904696184e-07,7e-07,2.412013622360324e-07,2.984305020991728e-07,2.8269391820346137e-05,1.068037512064182,64,highpass
1.2929743904696184e-07,7e-07,2.412013622360324e-07,2.984305020991728e-07,2.8269391820346137e-05,1.068037512064182,64,highpass
1.2929743904696184e-07,7e-07,2.412013622360324e-07,2.984305020991728e-07,2.8269391820346137e-05,1.068037512064182,64,highpass
1.2929743904696184e-07,7e-07,2.412013622360324e-07,2.984305020991728e-07,2.8269391820346137e-05,1.068037512064182,64,highpass
1.2929743904696184e-07,7e-07,2.412013622360324e-07,2.9838484323098847e-07,2.8269391820346137e-05,1.068037512064182,64,highpass
1.2929743904696184e-07,7e-07,2.412013622360324e-07,2.9838484323098847e-07,2.8269391820346137e-05,1.068037512064182,64,highpass
1.2929743904696184e-07,7e-07,2.412013622360324e-07,2.984305020991728e-07,2.8269391820346137e-05,1.068037512064182,64,highpass
1.2929743904696184e-07,7e-07,2.412013622360324e-07,2.984305020991728e-07,2.8269391820346137e-05,1.068037512064182,64,highpass
1.2929743904696184e-07,7e-07,2.412013622360324e-07,2.9838484323098847e-07,2.8269391820346137e-05,1.068037512064182,64,highpass
1.2929743904696184e-07,7e-07,2.412013622360324e-07,2.984305020991728e-07,2.8269391820346137e-05,1.068037512064182,64,highpass
1.2929743904696184e-07,4.5500055090641654e-07,2.412013622360324e-07,2.984305020991728e-07,2.8269391820346137e-05,0.030385773188486186,64,highpass
1.2929743904696184e-07,7e-07,2.412013622360324e-07,2.984305020991728e-07,2.8269391820346137e-05,1.068037512064182,64,highpass
1.2929743904696184e-07,7e-07,2.412013622360324e-07,2.984305020991728e-07,2.8269391820346137e-05,1.068037512064182,64,highpass
1.2929743904696184e-07,7e-07,2.412013622360324e-07,2.984305020991728e-07,2.8269391820346137e-05,1.068037512064182,64,highpass
1.2929743904696184e-07,7e-07,2.412013622360324e-07,2.9838484323098847e-07,2.8269391820346137e-05,1.068037512064182,64,highpass
1.2929743904696184e-07,7e-07,2.412013622360324e-07,2.984305020991728e-07,2.8269391820346137e-05,1.068037512064182,64,highpass
1.2929743904696184e-07,7e-07,2.412013622360324e-07,2.984305020991728e-07,2.8269391820346137e-05,1.068037512064182,64,highpass
1.2929743904696184e-07,7e-07,2.412013622360324e-07,2.984305020991728e-07,2.8269391820346137e-05,1.068037512064182,64,highpass
1.2929743904696184e-07,7e-07,2.412013622360324e-07,2.9838484323098847e-07,3.8432698353944315e-05,0.4016995074944346,64,highpass
1.2929743904696184e-07,7e-07,2.412013622360324e-07,2.992169723717732e-07,2.8269391820346137e-05,1.0658007740821516,64,highpass
1.2929743904696184e-07,7e-07,2.412013622360324e-07,2.984305020991728e-07,2.8269391820346137e-05,1.068037512064182,64,highpass
1.2929743904696184e-07,7e-07,2.412013622360324e-07,2.984305020991728e-07,2.8269391820346137e-05,1.068037512064182,64,highpass
1.2929743904696184e-07,7e-07,2.412013622360324e-07,2.984305020991728e-07,2.8269391820346137e-05,1.068037512064182,64,highpass
1.2929743904696184e-07,7e-07,2.412013622360324e-07,2.9838484323098847e-07,2.8269391820346137e-05,1.068037512064182,64,highpass
1.2929743904696184e-07,7e-07,2.412013622360324e-07,2.984305020991728e-07,2.8269391820346137e-05,1.068037512064182,64,highpass
1.2929743904696184e-07,7e-07,2.412013622360324e-07,2.992169723717732e-07,2.8269391820346137e-05,1.0658007740821516,64,highpass
1.2929743904696184e-07,7e-07,2.412013622360324e-07,2.984305020991728e-07,2.8269391820346137e-05,1.068037512064182,64,highpass
1.2929743904696184e-07,7e-07,2.412013622360324e-07,2.984305020991728e-07,2.8269391820346137e-05,1.068037512064182,64,highpass
1.2929743904696184e-07,7e-07,2.412013622360324e-07,2.984305020991728e-07,2.8269391820346137e-05,1.068037512064182,64,highpass
1.2929743904696184e-07,7e-07,2.412013622360324e-07,2.984305020991728e-07,2.8269391820346137e-05,1.068037512064182,64,highpass
1.2929743904696184e-07,7e-07,2.412013622360324e-07,2.9838484323098847e-07,2.8269391820346137e-05,1.068037512064182,64,highpass
1.2929743904696184e-07,7e-07,2.412013622360324e-07,2.992169723717732e-07,2.8269391820346137e-05,1.0658007740821516,64,highpass
1.2929743904696184e-07,7e-07,2.412013622360324e-07,2.984305020991728e-07,2.8269391820346137e-05,1.068037512064182,64,highpass
1.2929743904696184e-07,7e-07,2.412013622360324e-07,2.9838484323098847e-07,2.8269391820346137e-05,1.068037512064182,64,highpass
1.2929743904696184e-07,7e-07,2.412013622360324e-07,2.984305020991728e-07,2.8269391820346137e-05,1.068037512064182,64,highpass
1.2929743904696184e-07,7e-07,1.7893451742107498e-07,2.9838484323098847e-07,2.8269391820346137e-05,-0.12840992973122584,64,highpass
1.2929743904696184e-07,7e-07,2.412013622360324e-07,2.9838484323098847e-07,2.8269391820346137e-05,1.068037512064182,64,highpass
1.2929743904696184e-07,3.556226343161458e-07,2.412013622360324e-07,2.984305020991728e-07,2.8269391820346137e-05,0.15964107036419253,64,highpass
1.2929743904696184e-07,7e-07,2.412013622360324e-07,2.9838484323098847e-07,2.8269391820346137e-05,1.068037512064182,64,highpass
1.2929743904696184e-07,7e-07,2.412013622360324e-07,2.992169723717732e-07,2.8269391820346137e-05,1.0658007740821516,65,highpass
1.2929743904696184e-07,7e-07,2.412013622360324e-07,2.9838484323098847e-07,2.8269391820346137e-05,1.07099896143805,65,highpass
1.2929743904696184e-07,7e-07,2.412013622360324e-07,2.984305020991728e-07,2.8269391820346137e-05,1.07099896143805,65,highpass
1.2929743904696184e-07,7e-07,2.412013622360324e-07,2.984305020991728e-07,2.8269391820346137e-05,1.07099896143805,65,highpass
1.2929743904696184e-07,7e-07,2.412013622360324e-07,2.6023410214386516e-07,2.8269391820346137e-05,0.3003260281369091,65,highpass
1.2929743904696184e-07,7e-07,2.412013622360324e-07,2.9838484323098847e-07,2.8269391820346137e-05,1.07099896143805,65,highpass
1.2929743904696184e-07,7e-07,2.412013622360324e-07,2.9838484323098847e-07,2.8269391820346137e-05,1.07099896143805,65,highpass
1.2929743904696184e-07,7e-07,2.412013622360324e-07,2.984305020991728e-07,2.8269391820346137e-05,1.07099896143805,65,highpass
1.2929743904696184e-07,7e-07,2.412013622360324e-07,2.984305020991728e-07,2.8269391820346137e-05,1.07099896143805,65,highpass
1.2929743904696184e-07,7e-07,2.412013622360324e-07,2.984305020991728e-07,2.8269391820346137e-05,1.07099896143805,65,highpass
1.2929743904696184e-07,7e-07,2.412013622360324e-07,2.984305020991728e-07,2.8269391820346137e-05,1.07099896143805,65,highpass
1.2929743904696184e-07,7e-07,2.412013622360324e-07,2.984305020991728e-07,2.8269391820346137e-05,1.07099896143805,65,highpass
1.2929743904696184e-07,7e-07,2.412013622360324e-07,2.9838484323098847e-07,2.8269391820346137e-05,1.07099896143805,65,highpass
1.2929743904696184e-07,7e-07,2.412013622360324e-07,2.984305020991728e-07,2.8269391820346137e-05,1.07099896143805,65,highpass
1.2929743904696184e-07,7e-07,2.412013622360324e-07,3e-07,2.8269391820346137e-05,0.9702900669092505,65,highpass
1.2929743904696184e-07,7e-07,2.412013622360324e-07,2.984305020991728e-07,2.8269391820346137e-05,1.07099896143805,65,highpass
1.2929743904696184e-07,7e-07,2.412013622360324e-07,3e-07,2.8269391820346137e-05,0.9702900669092505,65,highpass
1.2929743904696184e-07,7e-07,2.412013622360324e-07,2.984305020991728e-07,2.8269391820346137e-05,1.07099896143805,65,highpass
1.2929743904696184e-07,7e-07,2.412013622360324e-07,3e-07,2.8269391820346137e-05,0.9702900669092505,65,highpass
1.2929743904696184e-07,7e-07,2.4317492752397337e-07,2.984305020991728e-07,2.8269391820346137e-05,0.7714941911952309,65,highpass
1.2929743904696184e-07,7e-07,2.412013622360324e-07,2.984305020991728e-07,2.8269391820346137e-05,1.07099896143805,65,highpass
1.2929743904696184e-07,7e-07,2.412013622360324e-07,2.9838484323098847e-07,2.8269391820346137e-05,1.07099896143805,65,highpass
1.2929743904696184e-07,7e-07,2.412013622360324e-07,2.984305020991728e-07,2.8269391820346137e-05,1.07099896143805,65,highpass
1.2929743904696184e-07,7e-07,2.412013622360324e-07,2.984305020991728e-07,2.8269391820346137e-05,1.07099896143805,65,highpass
1.2929743904696184e-07,7e-07,2.412013622360324e-07,2.984305020991728e-07,2.8269391820346137e-05,1.07099896143805,65,highpass
1.2929743904696184e-07,7e-07,2.412013622360324e-07,2.984305020991728e-07,2.8269391820346137e-05,1.07099896143805,65,highpass
1.2929743904696184e-07,7e-07,2.412013622360324e-07,2.984305020991728e-07,2.8269391820346137e-05,1.07099896143805,65,highpass
1.2929743904696184e-07,4.7096687062853303e-07,2.412013622360324e-07,2.9838484323098847e-07,2.8269391820346137e-05,0.026585637741213575,65,highpass
1.2929743904696184e-07,7e-07,2.412013622360324e-07,2.984305020991728e-07,2.8269391820346137e-05,1.07099896143805,65,highpass
1.2929743904696184e-07,7e-07,2.412013622360324e-07,2.984305020991728e-07,2.8269391820346137e-05,1.07099896143805,65,highpass
1.2929743904696184e-07,6.609228895044977e-07,2.412013622360324e-07,2.984305020991728e-07,2.8269391820346137e-05,0.5134986771689785,65,highpass
1.2929743904696184e-07,7e-07,2.412013622360324e-07,2.9838484323098847e-07,2.8269391820346137e-05,1.07099896143805,65,highpass
1.2929743904696184e-07,7e-07,2.412013622360324e-07,2.984305020991728e-07,2.8269391820346137e-05,1.07099896143805,65,highpass
1.2929743904696184e-07,7e-07,2.412013622360324e-07,2.9838484323098847e-07,2.8269391820346137e-05,1.07099896143805,65,highpass
1.2929743904696184e-07,7e-07,2.412013622360324e-07,2.984305020991728e-07,2.8269391820346137e-05,1.07099896143805,65,highpass
1.281671531173888e-07,7e-07,2.412013622360324e-07,2.984305020991728e-07,2.8269391820346137e-05,0.7740882742887343,65,highpass
1.2929743904696184e-07,7e-07,2.412013622360324e-07,2.984305020991728e-07,2.8269391820346137e-05,1.07099896143805,65,highpass
1.2929743904696184e-07,7e-07,2.412013622360324e-07,2.984305020991728e-07,2.8269391820346137e-05,1.07099896143805,65,highpass
1.2929743904696184e-07,7e-07,2.412013622360324e-07,2.984305020991728e-07,2.8269391820346137e-05,1.07099896143805,65,highpass
1.2929743904696184e-07,7e-07,2.412013622360324e-07,2.984305020991728e-07,2.8269391820346137e-05,1.07099896143805,65,highpass
1.2929743904696184e-07,7e-07,2.412013622360324e-07,2.984305020991728e-07,2.8269391820346137e-05,1.07099896143805,65,highpass
1.2929743904696184e-07,7e-07,2.412013622360324e-07,2.9838484323098847e-07,2.8269391820346137e-05,1.07099896143805,65,highpass
1.2929743904696184e-07,7e-07,2.412013622360324e-07,2.984305020991728e-07,2.8269391820346137e-05,1.07099896143805,65,highpass
1.2929743904696184e-07,7e-07,2.412013622360324e-07,2.984305020991728e-07,2.8269391820346137e-05,1.07099896143805,65,highpass
1.2929743904696184e-07,7e-07,2.412013622360324e-07,2.9838484323098847e-07,2.8269391820346137e-05,1.07099896143805,65,highpass
1.2929743904696184e-07,7e-07,2.412013622360324e-07,2.984305020991728e-07,2.8269391820346137e-05,1.07099896143805,65,highpass
1.2929743904696184e-07,7e-07,2.412013622360324e-07,2.984305020991728e-07,2.8269391820346137e-05,1.07099896143805,65,highpass
1.2929743904696184e-07,7e-07,2.412013622360324e-07,2.984305020991728e-07,2.8269391820346137e-05,1.07099896143805,65,highpass
1.2929743904696184e-07,7e-07,2.412013622360324e-07,2.984305020991728e-07,2.8269391820346137e-05,1.07099896143805,65,highpass
1.2929743904696184e-07,7e-07,2.412013622360324e-07,2.984305020991728e-07,2.8269391820346137e-05,1.07099896143805,65,highpass
1.2929743904696184e-07,7e-07,2.412013622360324e-07,2.992169723717732e-07,2.8269391820346137e-05,1.0658007740821516,66,highpass
1.2929743904696184e-07,7e-07,2.412013622360324e-07,2.984305020991728e-07,2.8269391820346137e-05,1.07099896143805,66,highpass
1.2929743904696184e-07,7e-07,2.412013622360324e-07,2.9838484323098847e-07,2.8269391820346137e-05,1.07099896143805,66,highpass
1.2929743904696184e-07,7e-07,2.412013622360324e-07,2.984305020991728e-07,2.8269391820346137e-05,1.07099896143805,66,highpass
1.2929743904696184e-07,7e-07,2.412013622360324e-07,2.984305020991728e-07,2.8269391820346137e-05,1.07099896143805,66,highpass
1.2929743904696184e-07,7e-07,2.412013622360324e-07,2.984305020991728e-07,2.8269391820346137e-05,1.07099896143805,66,highpass
1.2929743904696184e-07,7e-07,2.412013622360324e-07,2.984305020991728e-07,2.8269391820346137e-05,1.07099896143805,66,highpass
1.2929743904696184e-07,7e-07,2.412013622360324e-07,2.984305020991728e-07,2.8269391820346137e-05,1.07099896143805,66,highpass
1.2929743904696184e-07,7e-07,2.412013622360324e-07,2.9838484323098847e-07,2.8269391820346137e-05,1.07099896143805,66,highpass
1.2929743904696184e-07,7e-07,2.412013622360324e-07,2.984305020991728e-07,2.8269391820346137e-05,1.07099896143805,66,highpass
1.2929743904696184e-07,7e-07,2.412013622360324e-07,2.984305020991728e-07,2.8269391820346137e-05,1.07099896143805,66,highpass
1.2929743904696184e-07,7e-07,2.412013622360324e-07,2.9838484323098847e-07,2.8269391820346137e-05,1.07099896143805,66,highpass
1.2929743904696184e-07,7e-07,2.412013622360324e-07,2.9838484323098847e-07,2.8269391820346137e-05,1.07099896143805,66,highpass
1.2929743904696184e-07,7e-07,2.412013622360324e-07,2.984305020991728e-07,2.8269391820346137e-05,1.07099896143805,66,highpass
1.355490887789096e-07,7e-07,2.412013622360324e-07,2.984305020991728e-07,2.8269391820346137e-05,0.7306208708139194,66,highpass
1.2929743904696184e-07,7e-07,2.412013622360324e-07,2.9838484323098847e-07,2.8269391820346137e-05,1.07099896143805,66,highpass
1.2929743904696184e-07,7e-07,2.412013622360324e-07,2.984305020991728e-07,2.8269391820346137e-05,1.07099896143805,66,highpass
1.2929743904696184e-07,7e-07,2.412013622360324e-07,2.984305020991728e-07,2.8269391820346137e-05,1.07099896143805,66,highpass
1.2555463432281155e-07,7e-07,2.412013622360324e-07,2.984305020991728e-07,2.8269391820346137e-05,0.6977448627019576,66,highpass
1.2929743904696184e-07,7e-07,2.412013622360324e-07,2.984305020991728e-07,2.8269391820346137e-05,1.07099896143805,66,highpass
1.2929743904696184e-07,7e-07,2.412013622360324e-07,2.9838484323098847e-07,2.8269391820346137e-05,1.07099896143805,66,highpass
1.2929743904696184e-07,7e-07,2.412013622360324e-07,2.984305020991728e-07,2.8269391820346137e-05,1.07099896143805,66,highpass
1.2929743904696184e-07,7e-07,2.412013622360324e-07,2.984305020991728e-07,2.8128716344839328e-05,1.07115391422167,66,highpass
1.2929743904696184e-07,7e-07,2.412013622360324e-07,2.984305020991728e-07,2.8269391820346137e-05,1.07099896143805,66,highpass
1.2929743904696184e-07,4.2936058461774116e-07,2.412013622360324e-07,2.984305020991728e-07,2.8269391820346137e-05,0.070565987067907,66,highpass
1.2929743904696184e-07,7e-07,2.412013622360324e-07,2.9838484323098847e-07,2.8269391820346137e-05,1.07099896143805,66,highpass
1.2929743904696184e-07,7e-07,2.412013622360324e-07,2.984305020991728e-07,2.8269391820346137e-05,1.07099896143805,66,highpass
1.2929743904696184e-07,7e-07,2.412013622360324e-07,2.984305020991728e-07,2.8269391820346137e-05,1.07099896143805,66,highpass
1.2929743904696184e-07,7e-07,2.412013622360324e-07,2.984305020991728e-07,2.8269391820346137e-05,1.07099896143805,66,highpass
1.2929743904696184e-07,7e-07,2.412013622360324e-07,2.984305020991728e-07,2.8269391820346137e-05,1.07099896143805,66,highpass
1.2929743904696184e-07,7e-07,2.412013622360324e-07,2.984305020991728e-07,2.8269391820346137e-05,1.07099896143805,66,highpass
1.2929743904696184e-07,7e-07,2.412013622360324e-07,2.984305020991728e-07,2.8269391820346137e-05,1.07099896143805,66,highpass
1.2929743904696184e-07,7e-07,2.412013622360324e-07,2.984305020991728e-07,2.8269391820346137e-05,1.07099896143805,66,highpass
1.2929743904696184e-07,7e-07,2.412013622360324e-07,2.984305020991728e-07,2.8269391820346137e-05,1.07099896143805,66,highpass
1.2929743904696184e-07,7e-07,2.412013622360324e-07,2.984305020991728e-07,1.6114022032505e-05,0.7239424741333318,66,highpass
1.2929743904696184e-07,7e-07,2.412013622360324e-07,2.984305020991728e-07,2.8269391820346137e-05,1.07099896143805,66,highpass
1.2929743904696184e-07,7e-07,2.412013622360324e-07,2.984305020991728e-07,2.8269391820346137e-05,1.07099896143805,66,highpass
1.2929743904696184e-07,7e-07,2.412013622360324e-07,2.984305020991728e-07,2.8269391820346137e-05,1.07099896143805,66,highpass
1.2929743904696184e-07,7e-07,2.412013622360324e-07,3e-07,2.8269391820346137e-05,0.9702900669092505,66,highpass
1.2929743904696184e-07,7e-07,2.412013622360324e-07,2.984305020991728e-07,2.8269391820346137e-05,1.07099896143805,66,highpass
1.2929743904696184e-07,7e-07,2.412013622360324e-07,2.984305020991728e-07,2.8269391820346137e-05,1.07099896143805,66,highpass
1.2929743904696184e-07,7e-07,2.412013622360324e-07,2.3348564399512608e-07,2.8269391820346137e-05,0.2945788165522522,66,highpass
1.2929743904696184e-07,7e-07,2.412013622360324e-07,2.984305020991728e-07,2.8269391820346137e-05,1.07099896143805,66,highpass
1.2929743904696184e-07,7e-07,2.412013622360324e-07,2.984305020991728e-07,2.8269391820346137e-05,1.07099896143805,66,highpass
1.2929743904696184e-07,7e-07,2.412013622360324e-07,2.984305020991728e-07,2.8269391820346137e-05,1.07099896143805,66,highpass
1.7926833678447892e-07,7e-07,2.412013622360324e-07,2.984305020991728e-07,2.8269391820346137e-05,0.5102194769296959,66,highpass
1.2929743904696184e-07,7e-07,2.412013622360324e-07,2.984305020991728e-07,2.8269391820346137e-05,1.07099896143805,66,highpass
1.2929743904696184e-07,7e-07,2.412013622360324e-07,2.984305020991728e-07,2.8269391820346137e-05,1.07099896143805,66,highpass
1.2929743904696184e-07,7e-07,2.412013622360324e-07,2.984305020991728e-07,2.8269391820346137e-05,1.07099896143805,66,highpass
1.2929743904696184e-07,7e-07,2.412013622360324e-07,2.984305020991728e-07,2.8269391820346137e-05,1.07099896143805,66,highpass
1.2929743904696184e-07,7e-07,2.412013622360324e-07,2.992169723717732e-07,2.8269391820346137e-05,1.0587078633474494,67,highpass
1.2929743904696184e-07,7e-07,2.412013622360324e-07,2.984305020991728e-07,2.8128716344839328e-05,1.07115391422167,67,highpass
1.2929743904696184e-07,7e-07,2.412013622360324e-07,2.984305020991728e-07,1.631767534466763e-05,0.5775742645204069,67,highpass
1.3128246058371108e-07,7e-07,2.412013622360324e-07,2.984305020991728e-07,2.8269391820346137e-05,0.9314260062381399,67,highpass
1.2929743904696184e-07,7e-07,2.412013622360324e-07,2.984305020991728e-07,2.8269391820346137e-05,1.07099896143805,67,highpass
1.2929743904696184e-07,7e-07,2.412013622360324e-07,2.984305020991728e-07,2.8128716344839328e-05,1.07115391422167,67,highpass
1.2929743904696184e-07,7e-07,2.412013622360324e-07,2.9838484323098847e-07,2.8269391820346137e-05,1.07099896143805,67,highpass
1.2929743904696184e-07,7e-07,2.412013622360324e-07,2.984305020991728e-07,2.8269391820346137e-05,1.07099896143805,67,highpass
1.2929743904696184e-07,7e-07,2.412013622360324e-07,2.992991302030718e-07,2.8269391820346137e-05,1.0587078633474494,67,highpass
1.2929743904696184e-07,7e-07,2.412013622360324e-07,2.9838484323098847e-07,2.8269391820346137e-05,1.07099896143805,67,highpass
1.2929743904696184e-07,7e-07,2.412013622360324e-07,2.921426429787145e-07,2.8269391820346137e-05,0.7053404934309516,67,highpass
1.2929743904696184e-07,7e-07,2.412013622360324e-07,2.984305020991728e-07,2.8269391820346137e-05,1.07099896143805,67,highpass
1.2929743904696184e-07,7e-07,2.412013622360324e-07,2.9838484323098847e-07,2.8269391820346137e-05,1.07099896143805,67,highpass
1.2929743904696184e-07,7e-07,2.412013622360324e-07,2.984305020991728e-07,2.8128716344839328e-05,1.07115391422167,67,highpass
1.2929743904696184e-07,7e-07,2.412013622360324e-07,2.984305020991728e-07,2.8128716344839328e-05,1.07115391422167,67,highpass
1.2929743904696184e-07,7e-07,2.412013622360324e-07,2.984305020991728e-07,2.8269391820346137e-05,1.07099896143805,67,highpass
1.2929743904696184e-07,7e-07,2.412013622360324e-07,2.984305020991728e-07,2.8269391820346137e-05,1.07099896143805,67,highpass
1.2929743904696184e-07,7e-07,2.412013622360324e-07,2.984305020991728e-07,2.8269391820346137e-05,1.07099896143805,67,highpass
1.2929743904696184e-07,7e-07,2.412013622360324e-07,2.984305020991728e-07,2.8269391820346137e-05,1.07099896143805,67,highpass
1.2929743904696184e-07,7e-07,2.412013622360324e-07,2.984305020991728e-07,2.8269391820346137e-05,1.07099896143805,67,highpass
1.2929743904696184e-07,7e-07,2.412013622360324e-07,2.984305020991728e-07,2.8269391820346137e-05,1.07099896143805,67,highpass
1.2929743904696184e-07,7e-07,2.412013622360324e-07,2.984305020991728e-07,2.8269391820346137e-05,1.07099896143805,67,highpass
1.2929743904696184e-07,7e-07,2.412013622360324e-07,2.984305020991728e-07,2.8269391820346137e-05,1.07099896143805,67,highpass
1.2929743904696184e-07,7e-07,2.412013622360324e-07,2.984305020991728e-07,2.8269391820346137e-05,1.07099896143805,67,highpass
1.2929743904696184e-07,7e-07,2.412013622360324e-07,2.9838484323098847e-07,2.8269391820346137e-05,1.07099896143805,67,highpass
1.2929743904696184e-07,7e-07,2.412013622360324e-07,2.984305020991728e-07,2.8128716344839328e-05,1.07115391422167,67,highpass
1.2929743904696184e-07,7e-07,2.412013622360324e-07,2.9838484323098847e-07,2.8269391820346137e-05,1.07099896143805,67,highpass
1.2929743904696184e-07,7e-07,2.412013622360324e-07,2.984305020991728e-07,2.8269391820346137e-05,1.07099896143805,67,highpass
1.2929743904696184e-07,7e-07,2.412013622360324e-07,2.984305020991728e-07,2.8269391820346137e-05,1.07099896143805,67,highpass
1.2929743904696184e-07,7e-07,2.412013622360324e-07,2.984305020991728e-07,2.8269391820346137e-05,1.07099896143805,67,highpass
1.2929743904696184e-07,7e-07,2.412013622360324e-07,2.9838484323098847e-07,2.8269391820346137e-05,1.07099896143805,67,highpass
1.2929743904696184e-07,7e-07,2.412013622360324e-07,2.9838484323098847e-07,2.8269391820346137e-05,1.07099896143805,67,highpass
1.2929743904696184e-07,7e-07,2.412013622360324e-07,2.984305020991728e-07,2.8269391820346137e-05,1.07099896143805,67,highpass
1.2929743904696184e-07,7e-07,2.412013622360324e-07,2.984305020991728e-07,2.6138697348767682e-05,0.7483957413628345,67,highpass
1.2929743904696184e-07,7e-07,2.412013622360324e-07,2.984305020991728e-07,2.9859479508511954e-05,0.7514973039110223,67,highpass
1.2929743904696184e-07,7e-07,2.412013622360324e-07,2.984305020991728e-07,2.8269391820346137e-05,1.07099896143805,67,highpass
1.2929743904696184e-07,7e-07,2.412013622360324e-07,2.984305020991728e-07,2.8269391820346137e-05,1.07099896143805,67,highpass
1.2929743904696184e-07,7e-07,2.412013622360324e-07,2.716088543927298e-07,2.8269391820346137e-05,0.300979138274457,67,highpass
1.2929743904696184e-07,7e-07,2.412013622360324e-07,2.984305020991728e-07,2.8269391820346137e-05,1.07099896143805,67,highpass
1.2929743904696184e-07,7e-07,2.412013622360324e-07,2.9838484323098847e-07,2.8269391820346137e-05,1.07099896143805,67,highpass
1.2929743904696184e-07,7e-07,2.412013622360324e-07,2.984305020991728e-07,2.8269391820346137e-05,1.07099896143805,67,highpass
1.2929743904696184e-07,7e-07,2.1068110310666184e-07,2.984305020991728e-07,2.8269391820346137e-05,0.11773642118536953,67,highpass
1.2929743904696184e-07,7e-07,2.412013622360324e-07,2.984305020991728e-07,2.707231579009557e-05,0.8558995530282139,67,highpass
1.2929743904696184e-07,7e-07,2.412013622360324e-07,2.984305020991728e-07,2.8269391820346137e-05,1.07099896143805,67,highpass
2.109618368774235e-07,7e-07,2.412013622360324e-07,2.9838484323098847e-07,2.8269391820346137e-05,0.07886884855321645,67,highpass
1.2273998882480996e-07,7e-07,2.412013622360324e-07,2.984305020991728e-07,2.8269391820346137e-05,0.6832754353941113,67,highpass
1.2929743904696184e-07,7e-07,2.412013622360324e-07,2.984305020991728e-07,2.8269391820346137e-05,1.07099896143805,67,highpass
1.2929743904696184e-07,7e-07,2.412013622360324e-07,2.9838484323098847e-07,2.8269391820346137e-05,1.07099896143805,67,highpass
1.2929743904696184e-07,6.914725811209879e-07,2.412013622360324e-07,2.9838484323098847e-07,2.8269391820346137e-05,0.7641766499385841,67,highpass
1.2929743904696184e-07,7e-07,2.412013622360324e-07,2.984305020991728e-07,2.8269391820346137e-05,1.07099896143805,67,highpass
1.2929743904696184e-07,7e-07,2.412013622360324e-07,2.992169723717732e-07,2.8269391820346137e-05,1.0658007740821516,68,highpass
1.2929743904696184e-07,7e-07,2.412013622360324e-07,2.984305020991728e-07,2.8269391820346137e-05,1.068037512064182,68,highpass
1.2929743904696184e-07,7e-07,2.412013622360324e-07,2.984305020991728e-07,2.8128716344839328e-05,1.07115391422167,68,highpass
1.2929743904696184e-07,7e-07,2.412013622360324e-07,2.984305020991728e-07,2.8269391820346137e-05,1.068037512064182,68,highpass
1.2929743904696184e-07,7e-07,2.412013622360324e-07,2.9838484323098847e-07,2.8269391820346137e-05,1.068037512064182,68,highpass
1.2929743904696184e-07,7e-07,2.412013622360324e-07,2.984305020991728e-07,2.8269391820346137e-05,1.068037512064182,68,highpass
1.2929743904696184e-07,7e-07,2.412013622360324e-07,2.984305020991728e-07,2.8128716344839328e-05,1.07115391422167,68,highpass
1.2929743904696184e-07,7e-07,2.412013622360324e-07,2.984305020991728e-07,2.8269391820346137e-05,1.068037512064182,68,highpass
1.2929743904696184e-07,7e-07,2.455313073174052e-07,2.984305020991728e-07,2.8128716344839328e-05,-0.0722819755360759,68,highpass
1.2929743904696184e-07,7e-07,2.412013622360324e-07,2.984305020991728e-07,2.8269391820346137e-05,1.068037512064182,68,highpass
1.2929743904696184e-07,7e-07,2.412013622360324e-07,2.984305020991728e-07,2.8269391820346137e-05,1.068037512064182,68,highpass
1.2929743904696184e-07,7e-07,2.412013622360324e-07,2.984305020991728e-07,2.8128716344839328e-05,1.07115391422167,68,highpass
1.2929743904696184e-07,7e-07,2.412013622360324e-07,2.984305020991728e-07,2.8128716344839328e-05,1.07115391422167,68,highpass
1.2929743904696184e-07,7e-07,2.412013622360324e-07,2.984305020991728e-07,2.8128716344839328e-05,1.07115391422167,68,highpass
1.2929743904696184e-07,7e-07,2.412013622360324e-07,2.984305020991728e-07,2.8269391820346137e-05,1.068037512064182,68,highpass
1.2929743904696184e-07,7e-07,2.412013622360324e-07,2.9838484323098847e-07,2.8269391820346137e-05,1.068037512064182,68,highpass
1.2929743904696184e-07,7e-07,2.412013622360324e-07,2.984305020991728e-07,2.8128716344839328e-05,1.07115391422167,68,highpass
1.2929743904696184e-07,7e-07,2.412013622360324e-07,2.9838484323098847e-07,2.8269391820346137e-05,1.068037512064182,68,highpass
1.2929743904696184e-07,7e-07,2.412013622360324e-07,2.984305020991728e-07,2.8269391820346137e-05,1.068037512064182,68,highpass
1.2929743904696184e-07,7e-07,2.461634032144324e-07,2.984305020991728e-07,2.8128716344839328e-05,-0.0722819755360759,68,highpass
1.2929743904696184e-07,7e-07,2.412013622360324e-07,2.984305020991728e-07,2.8269391820346137e-05,1.068037512064182,68,highpass
1.336811899084665e-07,7e-07,2.412013622360324e-07,2.984305020991728e-07,2.8269391820346137e-05,0.8020773159124323,68,highpass
1.2929743904696184e-07,7e-07,2.412013622360324e-07,2.9838484323098847e-07,2.8269391820346137e-05,1.068037512064182,68,highpass
1.2929743904696184e-07,7e-07,2.412013622360324e-07,2.9219884026072316e-07,2.8269391820346137e-05,0.7061885015132717,68,highpass
1.2929743904696184e-07,7e-07,2.412013622360324e-07,2.984305020991728e-07,2.8269391820346137e-05,1.068037512064182,68,highpass
1.2929743904696184e-07,7e-07,2.412013622360324e-07,2.984305020991728e-07,2.8269391820346137e-05,1.068037512064182,68,highpass
1.2929743904696184e-07,7e-07,2.412013622360324e-07,2.984305020991728e-07,2.8269391820346137e-05,1.068037512064182,68,highpass
1.2929743904696184e-07,7e-07,2.412013622360324e-07,2.984305020991728e-07,2.8128716344839328e-05,1.07115391422167,68,highpass
1.2929743904696184e-07,7e-07,2.412013622360324e-07,2.984305020991728e-07,2.8128716344839328e-05,1.07115391422167,68,highpass
1.2929743904696184e-07,7e-07,2.412013622360324e-07,2.984305020991728e-07,2.8128716344839328e-05,1.07115391422167,68,highpass
1.2929743904696184e-07,7e-07,2.412013622360324e-07,2.984305020991728e-07,2.8269391820346137e-05,1.068037512064182,68,highpass
1.2929743904696184e-07,7e-07,2.412013622360324e-07,2.984305020991728e-07,2.8269391820346137e-05,1.068037512064182,68,highpass
1.2929743904696184e-07,7e-07,2.412013622360324e-07,2.984305020991728e-07,2.8269391820346137e-05,1.068037512064182,68,highpass
1.2929743904696184e-07,7e-07,2.412013622360324e-07,2.9838484323098847e-07,2.8269391820346137e-05,1.068037512064182,68,highpass
1.2929743904696184e-07,7e-07,2.412013622360324e-07,2.9838484323098847e-07,2.8269391820346137e-05,1.068037512064182,68,highpass
1.2929743904696184e-07,7e-07,2.412013622360324e-07,2.9838484323098847e-07,2.8269391820346137e-05,1.068037512064182,68,highpass
1.2929743904696184e-07,7e-07,2.412013622360324e-07,2.984305020991728e-07,3.127053975749568e-05,0.8187515916660286,68,highpass
1.2929743904696184e-07,7e-07,1.4824440564832632e-07,2.984305020991728e-07,2.8269391820346137e-05,-0.08099572101107035,68,highpass
1.2929743904696184e-07,7e-07,2.412013622360324e-07,2.984305020991728e-07,2.8269391820346137e-05,1.068037512064182,68,highpass
1.2485060814008002e-07,7e-07,2.412013622360324e-07,2.984305020991728e-07,2.8128716344839328e-05,0.6991995227122587,68,highpass
1.2929743904696184e-07,7e-07,2.412013622360324e-07,2.984305020991728e-07,2.8128716344839328e-05,1.07115391422167,68,highpass
1.2929743904696184e-07,7e-07,2.412013622360324e-07,2.984305020991728e-07,2.8128716344839328e-05,1.07115391422167,68,highpass
1.2929743904696184e-07,7e-07,2.412013622360324e-07,2.9838484323098847e-07,2.9646269442340527e-05,0.7536004431434984,68,highpass
1.2929743904696184e-07,7e-07,2.412013622360324e-07,2.984305020991728e-07,2.8269391820346137e-05,1.068037512064182,68,highpass
1.2929743904696184e-07,7e-07,2.412013622360324e-07,2.984305020991728e-07,2.8128716344839328e-05,1.07115391422167,68,highpass
1.2929743904696184e-07,7e-07,2.412013622360324e-07,2.984305020991728e-07,2.8128716344839328e-05,1.07115391422167,68,highpass
1.2929743904696184e-07,7e-07,2.412013622360324e-07,2.984305020991728e-07,2.8269391820346137e-05,1.068037512064182,68,highpass
1.2929743904696184e-07,7e-07,2.412013622360324e-07,2.984305020991728e-07,2.8128716344839328e-05,1.07115391422167,68,highpass
1.2929743904696184e-07,7e-07,2.412013622360324e-07,2.9838484323098847e-07,2.8269391820346137e-05,1.068037512064182,68,highpass
1.2929743904696184e-07,7e-07,2.412013622360324e-07,2.9838484323098847e-07,2.8269391820346137e-05,1.068037512064182,68,highpass
1.2929743904696184e-07,7e-07,2.412013622360324e-07,2.992169723717732e-07,2.8269391820346137e-05,1.0658007740821516,69,highpass
1.2929743904696184e-07,7e-07,2.412013622360324e-07,2.984305020991728e-07,2.8128716344839328e-05,1.07115391422167,69,highpass
1.2929743904696184e-07,7e-07,2.412013622360324e-07,2.984305020991728e-07,2.753441032958868e-05,0.9259645640950402,69,highpass
1.2929743904696184e-07,7e-07,2.412013622360324e-07,2.984305020991728e-07,2.8128716344839328e-05,1.07115391422167,69,highpass
1.2929743904696184e-07,7e-07,2.4333993248715705e-07,2.9838484323098847e-07,2.8269391820346137e-05,0.7577280358920563,69,highpass
1.2929743904696184e-07,7e-07,2.412013622360324e-07,2.984305020991728e-07,2.8128716344839328e-05,1.07115391422167,69,highpass
1.2929743904696184e-07,7e-07,2.412013622360324e-07,2.9838484323098847e-07,2.8269391820346137e-05,1.07099896143805,69,highpass
1.2929743904696184e-07,5.732032844980612e-07,2.412013622360324e-07,2.984305020991728e-07,2.8128716344839328e-05,0.1743401263117197,69,highpass
1.2929743904696184e-07,7e-07,2.412013622360324e-07,2.984305020991728e-07,2.8128716344839328e-05,1.07115391422167,69,highpass
1.2929743904696184e-07,3.4805767592219907e-07,2.412013622360324e-07,2.9838484323098847e-07,2.8269391820346137e-05,0.1784603716731236,69,highpass
1.2929743904696184e-07,7e-07,2.412013622360324e-07,2.984305020991728e-07,2.8128716344839328e-05,1.07115391422167,69,highpass
1.2929743904696184e-07,7e-07,2.412013622360324e-07,2.984305020991728e-07,2.8128716344839328e-05,1.07115391422167,69,highpass
1.2929743904696184e-07,7e-07,2.412013622360324e-07,2.980734910492925e-07,2.8128716344839328e-05,1.07115391422167,69,highpass
1.2929743904696184e-07,7e-07,2.412013622360324e-07,2.984305020991728e-07,2.8128716344839328e-05,1.07115391422167,69,highpass
1.2929743904696184e-07,7e-07,2.412013622360324e-07,2.984305020991728e-07,2.8269391820346137e-05,1.07099896143805,69,highpass
1.2929743904696184e-07,7e-07,2.412013622360324e-07,2.984305020991728e-07,2.8128716344839328e-05,1.07115391422167,69,highpass
1.2929743904696184e-07,7e-07,2.412013622360324e-07,2.984305020991728e-07,2.8128716344839328e-05,1.07115391422167,69,highpass
1.2929743904696184e-07,7e-07,2.412013622360324e-07,2.984305020991728e-07,2.8269391820346137e-05,1.07099896143805,69,highpass
1.2929743904696184e-07,7e-07,2.412013622360324e-07,2.984305020991728e-07,2.8128716344839328e-05,1.07115391422167,69,highpass
1.2929743904696184e-07,7e-07,2.412013622360324e-07,2.984305020991728e-07,2.8269391820346137e-05,1.07099896143805,69,highpass
1.2929743904696184e-07,7e-07,2.412013622360324e-07,2.984305020991728e-07,2.8128716344839328e-05,1.07115391422167,69,highpass
1.2929743904696184e-07,7e-07,2.412013622360324e-07,2.984305020991728e-07,2.8128716344839328e-05,1.07115391422167,69,highpass
1.2929743904696184e-07,7e-07,2.412013622360324e-07,2.984305020991728e-07,2.8128716344839328e-05,1.07115391422167,69,highpass
1.2929743904696184e-07,7e-07,2.412013622360324e-07,2.984305020991728e-07,2.8269391820346137e-05,1.07099896143805,69,highpass
1.2929743904696184e-07,7e-07,2.412013622360324e-07,2.984305020991728e-07,2.8128716344839328e-05,1.07115391422167,69,highpass
1.2929743904696184e-07,7e-07,2.412013622360324e-07,2.984305020991728e-07,2.8128716344839328e-05,1.07115391422167,69,highpass
1.2929743904696184e-07,7e-07,2.412013622360324e-07,2.984305020991728e-07,2.8128716344839328e-05,1.07115391422167,69,highpass
1.2929743904696184e-07,7e-07,2.412013622360324e-07,2.984305020991728e-07,2.8128716344839328e-05,1.07115391422167,69,highpass
1.2929743904696184e-07,7e-07,2.412013622360324e-07,2.984305020991728e-07,2.8269391820346137e-05,1.07099896143805,69,highpass
1.2929743904696184e-07,6.811507756602811e-07,2.412013622360324e-07,2.984305020991728e-07,2.8128716344839328e-05,0.6194432472567503,69,highpass
1.2929743904696184e-07,7e-07,2.412013622360324e-07,2.984305020991728e-07,2.8128716344839328e-05,1.07115391422167,69,highpass
1.2929743904696184e-07,7e-07,2.412013622360324e-07,2.984305020991728e-07,2.8128716344839328e-05,1.07115391422167,69,highpass
1.2929743904696184e-07,7e-07,2.412013622360324e-07,2.996299119811284e-07,2.8128716344839328e-05,1.0197866642121127,69,highpass
1.276398054746812e-07,7e-07,2.412013622360324e-07,2.984305020991728e-07,2.8128716344839328e-05,0.6746339687473287,69,highpass
1.2929743904696184e-07,7e-07,2.412013622360324e-07,2.984305020991728e-07,2.8128716344839328e-05,1.07115391422167,69,highpass
1.2929743904696184e-07,7e-07,2.412013622360324e-07,2.984305020991728e-07,2.8128716344839328e-05,1.07115391422167,69,highpass
1.2929743904696184e-07,7e-07,2.412013622360324e-07,2.984305020991728e-07,2.8128716344839328e-05,1.07115391422167,69,highpass
1.2929743904696184e-07,7e-07,2.412013622360324e-07,2.984305020991728e-07,2.8128716344839328e-05,1.07115391422167,69,highpass
1.2929743904696184e-07,7e-07,2.412013622360324e-07,2.984305020991728e-07,2.8128716344839328e-05,1.07115391422167,69,highpass
1.2929743904696184e-07,3.435783030657309e-07,2.412013622360324e-07,2.984305020991728e-07,2.8269391820346137e-05,0.17234593043045068,69,highpass
1.2929743904696184e-07,7e-07,2.412013622360324e-07,2.984305020991728e-07,2.8128716344839328e-05,1.07115391422167,69,highpass
1.2929743904696184e-07,7e-07,2.412013622360324e-07,2.984305020991728e-07,2.8269391820346137e-05,1.07099896143805,69,highpass
1.2888709595246627e-07,7e-07,2.412013622360324e-07,2.984305020991728e-07,2.8128716344839328e-05,1.07115391422167,69,highpass
1.4482725582896643e-07,7e-07,2.412013622360324e-07,2.984305020991728e-07,2.8128716344839328e-05,0.6750666455549545,69,highpass
1.2929743904696184e-07,7e-07,2.412013622360324e-07,2.984305020991728e-07,2.8128716344839328e-05,1.07115391422167,69,highpass
1.2929743904696184e-07,7e-07,2.412013622360324e-07,2.984305020991728e-07,2.8269391820346137e-05,1.07099896143805,69,highpass
1.2929743904696184e-07,7e-07,2.412013622360324e-07,2.984305020991728e-07,2.8128716344839328e-05,1.07115391422167,69,highpass
1.2929743904696184e-07,7e-07,2.412013622360324e-07,2.984305020991728e-07,2.6145414356543442e-05,0.7483834388370636,69,highpass
1.2929743904696184e-07,7e-07,2.412013622360324e-07,2.984305020991728e-07,2.8128716344839328e-05,1.07115391422167,69,highpass
1.2929743904696184e-07,7e-07,2.412013622360324e-07,2.984305020991728e-07,2.8128716344839328e-05,1.07115391422167,69,highpass
1.2929743904696184e-07,7e-07,2.412013622360324e-07,2.992169723717732e-07,2.8269391820346137e-05,1.0658007740821516,70,highpass
1.2929743904696184e-07,7e-07,2.412013622360324e-07,2.984305020991728e-07,2.8128716344839328e-05,1.07115391422167,70,highpass
1.2929743904696184e-07,7e-07,2.412013622360324e-07,2.984305020991728e-07,2.8128716344839328e-05,1.07115391422167,70,highpass
1.2929743904696184e-07,7e-07,2.412013622360324e-07,2.984305020991728e-07,2.8128716344839328e-05,1.07115391422167,70,highpass
1.2929743904696184e-07,7e-07,2.412013622360324e-07,2.984305020991728e-07,2.8128716344839328e-05,1.07115391422167,70,highpass
1.2929743904696184e-07,7e-07,2.412013622360324e-07,2.984305020991728e-07,2.8128716344839328e-05,1.07115391422167,70,highpass
1.2929743904696184e-07,7e-07,2.412013622360324e-07,2.984305020991728e-07,2.8128716344839328e-05,1.07115391422167,70,highpass
1.2929743904696184e-07,7e-07,2.412013622360324e-07,2.984305020991728e-07,2.8128716344839328e-05,1.07115391422167,70,highpass
1.2929743904696184e-07,7e-07,2.412013622360324e-07,2.984305020991728e-07,2.8128716344839328e-05,1.07115391422167,70,highpass
1.2929743904696184e-07,7e-07,2.412013622360324e-07,3e-07,2.8128716344839328e-05,0.9703892744213404,70,highpass
1.2929743904696184e-07,7e-07,2.412013622360324e-07,2.984305020991728e-07,2.8128716344839328e-05,1.07115391422167,70,highpass
1.2929743904696184e-07,7e-07,2.412013622360324e-07,2.984305020991728e-07,2.8128716344839328e-05,1.07115391422167,70,highpass
1.2929743904696184e-07,7e-07,2.412013622360324e-07,2.984305020991728e-07,2.8128716344839328e-05,1.07115391422167,70,highpass
1.2929743904696184e-07,7e-07,2.412013622360324e-07,2.984305020991728e-07,2.8128716344839328e-05,1.07115391422167,70,highpass
1.2929743904696184e-07,7e-07,2.412013622360324e-07,2.984305020991728e-07,2.8128716344839328e-05,1.07115391422167,70,highpass
1.2929743904696184e-07,7e-07,2.412013622360324e-07,2.984305020991728e-07,2.8128716344839328e-05,1.07115391422167,70,highpass
1.2929743904696184e-07,7e-07,2.412013622360324e-07,2.984305020991728e-07,2.8128716344839328e-05,1.07115391422167,70,highpass
1.2929743904696184e-07,7e-07,2.412013622360324e-07,2.984305020991728e-07,2.8128716344839328e-05,1.07115391422167,70,highpass
1.2929743904696184e-07,7e-07,2.412013622360324e-07,2.984305020991728e-07,2.8128716344839328e-05,1.07115391422167,70,highpass
1.2888709595246627e-07,7e-07,2.412013622360324e-07,2.984305020991728e-07,2.785724553892401e-05,0.95456800569709,70,highpass
1.2929743904696184e-07,7e-07,2.412013622360324e-07,2.984305020991728e-07,2.8128716344839328e-05,1.07115391422167,70,highpass
1.2929743904696184e-07,7e-07,2.1661315951954728e-07,2.984305020991728e-07,2.8128716344839328e-05,0.282498049269222,70,highpass
1.2929743904696184e-07,7e-07,2.412013622360324e-07,2.984305020991728e-07,2.8269391820346137e-05,1.07099896143805,70,highpass
1.2929743904696184e-07,7e-07,2.412013622360324e-07,2.984305020991728e-07,2.8128716344839328e-05,1.07115391422167,70,highpass
1.2929743904696184e-07,7e-07,2.412013622360324e-07,2.984305020991728e-07,1.5926557434828023e-05,0.72485057896443,70,highpass
1.2929743904696184e-07,7e-07,2.412013622360324e-07,2.984305020991728e-07,2.8128716344839328e-05,1.07115391422167,70,highpass
1.2929743904696184e-07,7e-07,2.412013622360324e-07,2.984305020991728e-07,2.8128716344839328e-05,1.07115391422167,70,highpass
1.2929743904696184e-07,7e-07,2.412013622360324e-07,2.984305020991728e-07,2.7547568631582436e-05,0.9259229577919434,70,highpass
1.2929743904696184e-07,7e-07,2.412013622360324e-07,2.984305020991728e-07,2.8128716344839328e-05,1.07115391422167,70,highpass
1.2929743904696184e-07,7e-07,2.412013622360324e-07,2.984305020991728e-07,2.8128716344839328e-05,1.07115391422167,70,highpass
1.2929743904696184e-07,7e-07,2.412013622360324e-07,2.984305020991728e-07,2.8128716344839328e-05,1.07115391422167,70,highpass
1.2929743904696184e-07,7e-07,2.412013622360324e-07,2.984305020991728e-07,4.873210350413841e-05,0.3138916127859096,70,highpass
1.2929743904696184e-07,7e-07,2.412013622360324e-07,2.984305020991728e-07,2.8359705346849112e-05,1.0710326442713887,70,highpass
1.2929743904696184e-07,7e-07,2.412013622360324e-07,2.984305020991728e-07,2.8128716344839328e-05,1.07115391422167,70,highpass
1.2888709595246627e-07,7e-07,2.412013622360324e-07,2.984305020991728e-07,2.8128716344839328e-05,1.07115391422167,70,highpass
1.2929743904696184e-07,7e-07,2.412013622360324e-07,2.984305020991728e-07,2.8128716344839328e-05,1.07115391422167,70,highpass
1.2929743904696184e-07,7e-07,2.412013622360324e-07,2.984305020991728e-07,2.8128716344839328e-05,1.07115391422167,70,highpass
1.2929743904696184e-07,7e-07,2.412013622360324e-07,2.980734910492925e-07,2.8128716344839328e-05,1.07115391422167,70,highpass
1.2929743904696184e-07,7e-07,2.412013622360324e-07,2.984305020991728e-07,2.8128716344839328e-05,1.07115391422167,70,highpass
1.2888709595246627e-07,7e-07,2.412013622360324e-07,2.984305020991728e-07,2.8128716344839328e-05,1.07115391422167,70,highpass
1.2929743904696184e-07,7e-07,2.412013622360324e-07,2.984305020991728e-07,2.8128716344839328e-05,1.07115391422167,70,highpass
1.2929743904696184e-07,7e-07,2.412013622360324e-07,2.984305020991728e-07,2.8128716344839328e-05,1.07115391422167,70,highpass
1.2929743904696184e-07,7e-07,2.412013622360324e-07,2.984305020991728e-07,2.8128716344839328e-05,1.07115391422167,70,highpass
1.2929743904696184e-07,7e-07,2.412013622360324e-07,2.984305020991728e-07,2.8128716344839328e-05,1.07115391422167,70,highpass
1.2929743904696184e-07,7e-07,2.412013622360324e-07,2.984305020991728e-07,2.8128716344839328e-05,1.07115391422167,70,highpass
1.2929743904696184e-07,7e-07,2.412013622360324e-07,2.984305020991728e-07,2.8128716344839328e-05,1.07115391422167,70,highpass
1.2929743904696184e-07,6.926773523306675e-07,2.412013622360324e-07,2.984305020991728e-07,2.8128716344839328e-05,0.7995281149599884,70,highpass
1.2929743904696184e-07,6.773385773957623e-07,2.412013622360324e-07,2.984305020991728e-07,2.8128716344839328e-05,0.5971906965401383,70,highpass
1.2929743904696184e-07,7e-07,2.412013622360324e-07,2.984305020991728e-07,2.8128716344839328e-05,1.07115391422167,70,highpass
1.2929743904696184e-07,7e-07,2.412013622360324e-07,2.984305020991728e-07,2.9611416620825802e-05,0.7513681138306801,70,highpass
1.2929743904696184e-07,7e-07,2.412013622360324e-07,2.992169723717732e-07,2.8269391820346137e-05,1.0658007740821516,71,highpass
1.2929743904696184e-07,7e-07,2.412013622360324e-07,2.984305020991728e-07,2.8128716344839328e-05,1.07115391422167,71,highpass
1.2929743904696184e-07,7e-07,2.412013622360324e-07,2.984305020991728e-07,2.8128716344839328e-05,1.07115391422167,71,highpass
1.2929743904696184e-07,7e-07,2.412013622360324e-07,2.984305020991728e-07,2.8128716344839328e-05,1.07115391422167,71,highpass
1.2929743904696184e-07,7e-07,2.412013622360324e-07,2.984305020991728e-07,2.8128716344839328e-05,1.07115391422167,71,highpass
1.318714046480887e-07,7e-07,2.412013622360324e-07,2.984305020991728e-07,2.8128716344839328e-05,0.7275753702633055,71,highpass
1.2929743904696184e-07,7e-07,2.412013622360324e-07,2.984305020991728e-07,2.8128716344839328e-05,1.07115391422167,71,highpass
1.2929743904696184e-07,7e-07,2.412013622360324e-07,2.984305020991728e-07,2.8128716344839328e-05,1.07115391422167,71,highpass
1.2929743904696184e-07,7e-07,2.412013622360324e-07,2.984305020991728e-07,2.8128716344839328e-05,1.07115391422167,71,highpass
1.2929743904696184e-07,7e-07,2.412013622360324e-07,2.984305020991728e-07,2.8128716344839328e-05,1.07115391422167,71,highpass
1.2929743904696184e-07,7e-07,2.412013622360324e-07,2.984305020991728e-07,2.8128716344839328e-05,1.07115391422167,71,highpass
1.2929743904696184e-07,7e-07,2.412013622360324e-07,2.984305020991728e-07,2.8128716344839328e-05,1.07115391422167,71,highpass
1.2929743904696184e-07,7e-07,2.412013622360324e-07,2.984305020991728e-07,2.8128716344839328e-05,1.07115391422167,71,highpass
1.2929743904696184e-07,7e-07,2.412013622360324e-07,2.984305020991728e-07,2.8128716344839328e-05,1.07115391422167,71,highpass
1.2929743904696184e-07,7e-07,2.412013622360324e-07,2.984305020991728e-07,2.8128716344839328e-05,1.07115391422167,71,highpass
1.2929743904696184e-07,7e-07,2.412013622360324e-07,2.984305020991728e-07,2.8128716344839328e-05,1.07115391422167,71,highpass
1.2929743904696184e-07,7e-07,2.412013622360324e-07,2.984305020991728e-07,2.8128716344839328e-05,1.07115391422167,71,highpass
1.2929743904696184e-07,7e-07,2.3927983404908036e-07,2.984305020991728e-07,2.8128716344839328e-05,0.49579948280984715,71,highpass
1.2929743904696184e-07,7e-07,2.412013622360324e-07,2.984305020991728e-07,2.8128716344839328e-05,1.07115391422167,71,highpass
1.2929743904696184e-07,7e-07,2.412013622360324e-07,2.984305020991728e-07,2.8128716344839328e-05,1.07115391422167,71,highpass
1.2929743904696184e-07,7e-07,2.412013622360324e-07,2.984305020991728e-07,2.8128716344839328e-05,1.07115391422167,71,highpass
1.2929743904696184e-07,7e-07,2.412013622360324e-07,2.984305020991728e-07,2.8128716344839328e-05,1.07115391422167,71,highpass
1.2929743904696184e-07,7e-07,2.412013622360324e-07,2.984305020991728e-07,2.8128716344839328e-05,1.07115391422167,71,highpass
1.2929743904696184e-07,7e-07,2.412013622360324e-07,2.984305020991728e-07,2.8128716344839328e-05,1.07115391422167,71,highpass
1.2929743904696184e-07,7e-07,2.412013622360324e-07,2.984305020991728e-07,2.8128716344839328e-05,1.07115391422167,71,highpass
1.2929743904696184e-07,7e-07,2.412013622360324e-07,2.984305020991728e-07,2.8128716344839328e-05,1.07115391422167,71,highpass
1.2929743904696184e-07,7e-07,2.412013622360324e-07,2.984305020991728e-07,2.8128716344839328e-05,1.07115391422167,71,highpass
1.2929743904696184e-07,7e-07,2.412013622360324e-07,2.984305020991728e-07,2.8128716344839328e-05,1.07115391422167,71,highpass
1.2929743904696184e-07,7e-07,2.412013622360324e-07,2.980734910492925e-07,2.8128716344839328e-05,1.07115391422167,71,highpass
1.2929743904696184e-07,7e-07,2.412013622360324e-07,2.984305020991728e-07,2.8128716344839328e-05,1.07115391422167,71,highpass
1.2929743904696184e-07,7e-07,2.412013622360324e-07,2.984305020991728e-07,2.8128716344839328e-05,1.07115391422167,71,highpass
1.2929743904696184e-07,7e-07,2.412013622360324e-07,2.984305020991728e-07,2.8128716344839328e-05,1.07115391422167,71,highpass
1.2929743904696184e-07,7e-07,2.412013622360324e-07,2.984305020991728e-07,2.8128716344839328e-05,1.07115391422167,71,highpass
1.2929743904696184e-07,7e-07,2.412013622360324e-07,2.984305020991728e-07,2.8128716344839328e-05,1.07115391422167,71,highpass
1.2929743904696184e-07,7e-07,2.412013622360324e-07,2.984305020991728e-07,2.8128716344839328e-05,1.07115391422167,71,highpass
1.2929743904696184e-07,7e-07,2.0409898272257153e-07,2.984305020991728e-07,2.8128716344839328e-05,0.12175487290603032,71,highpass
1.2929743904696184e-07,7e-07,2.412013622360324e-07,2.984305020991728e-07,2.8128716344839328e-05,1.07115391422167,71,highpass
1.2888709595246627e-07,7e-07,1.4119284199604234e-07,2.984305020991728e-07,2.8128716344839328e-05,0.06127187999703923,71,highpass
1.2929743904696184e-07,7e-07,2.412013622360324e-07,2.984305020991728e-07,2.8128716344839328e-05,1.07115391422167,71,highpass
1.2929743904696184e-07,7e-07,2.412013622360324e-07,2.984305020991728e-07,2.8128716344839328e-05,1.07115391422167,71,highpass
1.2929743904696184e-07,7e-07,2.412013622360324e-07,2.984305020991728e-07,2.8128716344839328e-05,1.07115391422167,71,highpass
1.2929743904696184e-07,7e-07,2.412013622360324e-07,2.984305020991728e-07,2.8128716344839328e-05,1.07115391422167,71,highpass
1.2929743904696184e-07,7e-07,2.412013622360324e-07,2.984305020991728e-07,2.8128716344839328e-05,1.07115391422167,71,highpass
1.2929743904696184e-07,7e-07,2.412013622360324e-07,1.8525355092831956e-07,2.8128716344839328e-05,-0.004351234320045361,71,highpass
1.2929743904696184e-07,7e-07,2.412013622360324e-07,2.984305020991728e-07,2.8128716344839328e-05,1.07115391422167,71,highpass
1.2929743904696184e-07,7e-07,2.412013622360324e-07,2.984305020991728e-07,2.8128716344839328e-05,1.07115391422167,71,highpass
1.2929743904696184e-07,7e-07,2.412013622360324e-07,2.984305020991728e-07,2.8128716344839328e-05,1.07115391422167,71,highpass
1.2888709595246627e-07,7e-07,2.412013622360324e-07,2.984305020991728e-07,2.8128716344839328e-05,1.07115391422167,71,highpass
1.2929743904696184e-07,7e-07,2.412013622360324e-07,2.984305020991728e-07,2.8128716344839328e-05,1.07115391422167,71,highpass
1.2888709595246627e-07,7e-07,2.412013622360324e-07,2.984305020991728e-07,2.4656714217917022e-05,0.8275984505281981,71,highpass
