s,w,l,height,total_length,fitness_score,generation,fitness_strategy
2.437403079893516e-07,5.62038017295807e-07,2.2059561526935132e-07,2.339854673550559e-07,2.9613024503817126e-05,0.9678143549648902,1,highpass
1e-07,6.309579286696749e-07,1e-07,3e-07,3.915212864567698e-05,7.180364548241417,1,highpass
1.335431080021151e-07,6.980693655305571e-07,1.7056181379731468e-07,2.516939146141406e-07,2.8475208850110635e-05,6.139616464804387,1,highpass
1.5974482440272086e-07,6.02118332772231e-07,1.971573245351597e-07,2.3203967914515292e-07,4.249956020357068e-05,0.8530158223927397,1,highpass
1.3042792774733808e-07,6.446301248149594e-07,2.1095422925108021e-07,1.5193352704208038e-07,3.625190409877507e-05,5.031308145366173,1,highpass
1e-07,4.7126176597589625e-07,2.037814057401772e-07,2.1435085260476906e-07,4.581014995102641e-05,2.0673650624959246,1,highpass
2.1306295643211704e-07,6.20079706820591e-07,1e-07,2.825521938476296e-07,4.690073831419469e-05,2.3028773796645288,1,highpass
1.5460749294951736e-07,5.863392750678135e-07,2.3058252553969378e-07,1.5753569172078423e-07,2.1695927227366344e-05,8.336602842984048,1,highpass
1.4092631605238931e-07,6.411531069730451e-07,1.2115072430384824e-07,2.615716286343979e-07,1.0017742357156926e-05,3.6064904045007946,1,highpass
2.0302950894916736e-07,6.578494014624929e-07,2.0878615198153987e-07,2.8791892848121623e-07,2.7535637326650655e-05,0.9684201418394004,1,highpass
1.7704226022647847e-07,5.693820069787623e-07,1.5726670652627898e-07,2.434751090384751e-07,3.678808341394254e-05,2.6196385960283752,1,highpass
1.5273959578887047e-07,5.779937764166839e-07,1.754712177163609e-07,1.5e-07,4.6923037313616055e-05,2.0747095783657867,1,highpass
1.0051985711824536e-07,4.336299987185854e-07,1.4870756798213677e-07,1.9728161303772706e-07,1.819665777206908e-05,1.4926518459257991,1,highpass
1.8026630406924627e-07,5.626054870958255e-07,2.1202532113088358e-07,3e-07,4.713901360733689e-05,0.9715769169719533,1,highpass
2.3809078729492542e-07,5.309861523395232e-07,1.2037303157500312e-07,2.9555433681622697e-07,9.706280593280082e-06,3.1601480256443564,1,highpass
1e-07,3e-07,1e-07,1.9916096343399818e-07,4.501351428502704e-05,1.0051443667536137,1,highpass
1.4457830539885713e-07,5.639541351811218e-07,2.1085080869208535e-07,2.1732037659897366e-07,8.537356642257677e-06,3.9980693185567513,1,highpass
1.3718262346716286e-07,5.225500693000271e-07,1.4775074258853083e-07,2.944627545897251e-07,3.7115878162226e-05,6.487999016959756,1,highpass
1.480083591570893e-07,3e-07,1.1032048242335358e-07,2.489806612922511e-07,3.5810792154810976e-05,1.0038725932451,1,highpass
1.2066017643193188e-07,6.316475800300585e-07,1.6654438642748073e-07,2.578903186902458e-07,3.624706826590388e-05,4.892173872483919,1,highpass
1.0385259737215597e-07,5.30015886666414e-07,2.2999765214695725e-07,1.6494785157769258e-07,1.7266486616846506e-05,4.6058730574361535,1,highpass
1.8455674958852148e-07,6.644684526445718e-07,2.0607670090940334e-07,2.595340798592826e-07,3.891501077548117e-05,0.9678665373102276,1,highpass
1e-07,7e-07,1.0364002981267781e-07,2.753720460926881e-07,3.5920083885601476e-05,6.864432520210945,1,highpass
1.424506252668572e-07,4.250907049052523e-07,1.473843473197823e-07,2.0632764831890495e-07,2.0050652525182545e-05,1.2782474097098913,1,highpass
2.362332643962873e-07,4.873849135102493e-07,1.820206457463457e-07,1.6082568441034046e-07,1.9271406465661712e-05,2.1949838082082227,1,highpass
1.8811707529252902e-07,3.8073310405518894e-07,1.3716571048712582e-07,2.0901465209954355e-07,3.870794028630869e-05,1.1541778711355015,1,highpass
1.1523930690291492e-07,5.091665636578088e-07,1e-07,1.5e-07,3.2136236543356434e-05,1.1481435299004494,1,highpass
1.2840234592564054e-07,6.025152853594872e-07,2.2120235784841093e-07,3e-07,3.341223085155961e-05,0.9252146482102583,1,highpass
1.654425760998701e-07,3.4055658492650044e-07,2.2028619177651613e-07,2.4680619222556654e-07,1.63057309616925e-05,1.4181770108304372,1,highpass
1.4047641236197424e-07,3.6052892691683183e-07,1.2278295961133717e-07,2.1168580342245607e-07,4.483628696814944e-05,1.1284323579327145,1,highpass
1.5460749294951736e-07,5.863392750678135e-07,2.3058252553969378e-07,1.5753569172078423e-07,2.1695927227366344e-05,8.336602842984048,2,highpass
1e-07,6.309579286696749e-07,1e-07,2.944627545897251e-07,3.7115878162226e-05,5.928241289870584,2,highpass
1e-07,7e-07,1.0364002981267781e-07,2.753720460926881e-07,4.581014995102641e-05,1.4937892267783006,2,highpass
1e-07,6.309579286696749e-07,1e-07,3e-07,2.0050652525182545e-05,5.517366417105865,2,highpass
1.4457830539885713e-07,5.639541351811218e-07,1.5726670652627898e-07,2.434751090384751e-07,3.678808341394254e-05,9.40913540586064,2,highpass
1.5460749294951736e-07,5.863392750678135e-07,2.3058252553969378e-07,1.5753569172078423e-07,3.7115878162226e-05,2.4891005134801207,2,highpass
1.2066017643193188e-07,6.316475800300585e-07,1.6654438642748073e-07,1.9021731698836182e-07,2.1695927227366344e-05,8.245666919714868,2,highpass
1e-07,6.309579286696749e-07,1e-07,3e-07,3.915212864567698e-05,7.180364548241417,2,highpass
1.3718262346716286e-07,5.225500693000271e-07,2.3058252553969378e-07,1.5753569172078423e-07,2.1695927227366344e-05,7.266667572253815,2,highpass
1.5460749294951736e-07,6.411531069730451e-07,2.033478495834164e-07,2.615716286343979e-07,1.0017742357156926e-05,0.8917416265644406,2,highpass
1.335431080021151e-07,6.316475800300585e-07,1.6654438642748073e-07,2.578903186902458e-07,3.624706826590388e-05,4.426635657076356,2,highpass
1.3718262346716286e-07,5.371357337873215e-07,1.2037303157500312e-07,2.9555433681622697e-07,9.706280593280082e-06,2.236046496879225,2,highpass
1.4457830539885713e-07,5.639541351811218e-07,2.1085080869208535e-07,1.5753569172078423e-07,2.1695927227366344e-05,7.222340051305409,2,highpass
1.5460749294951736e-07,5.863392750678135e-07,2.3058252553969378e-07,1.5753569172078423e-07,2.8475208850110635e-05,3.533470198205348,2,highpass
1.5460749294951736e-07,5.863392750678135e-07,2.3058252553969378e-07,1.5753569172078423e-07,3.5920083885601476e-05,2.0981021640621105,2,highpass
1.335431080021151e-07,6.980693655305571e-07,1.7056181379731468e-07,2.516939146141406e-07,2.8475208850110635e-05,6.139616464804387,2,highpass
1e-07,6.309579286696749e-07,1.4775074258853083e-07,2.9654545199346044e-07,3.7115878162226e-05,6.526065080352529,2,highpass
1.335431080021151e-07,4.873849135102493e-07,1.820206457463457e-07,1.6082568441034046e-07,1.9271406465661712e-05,1.8376804607279649,2,highpass
1.0385259737215597e-07,5.30015886666414e-07,1.2037303157500312e-07,2.9555433681622697e-07,9.706280593280082e-06,2.4212414508762246,2,highpass
1.5460749294951736e-07,5.863392750678135e-07,1.7056181379731468e-07,2.516939146141406e-07,2.8475208850110635e-05,32.86760407794323,2,highpass
1.335431080021151e-07,7e-07,1.0364002981267781e-07,2.753720460926881e-07,3.5920083885601476e-05,6.597386036692666,2,highpass
1.0385259737215597e-07,5.30015886666414e-07,2.2999765214695725e-07,2.481082866129476e-07,2.8475208850110635e-05,10.61446015035735,2,highpass
1.3718262346716286e-07,6.20079706820591e-07,1e-07,2.825521938476296e-07,4.690073831419469e-05,2.156059243998692,2,highpass
1e-07,7e-07,1.0364002981267781e-07,3e-07,3.915212864567698e-05,9.07267016656394,2,highpass
1.3718262346716286e-07,5.225500693000271e-07,1.4775074258853083e-07,2.944627545897251e-07,3.7115878162226e-05,6.487999016959756,2,highpass
1.335431080021151e-07,6.980693655305571e-07,1e-07,3e-07,3.915212864567698e-05,8.39282327832083,2,highpass
1.5460749294951736e-07,5.863392750678135e-07,2.3058252553969378e-07,1.5753569172078423e-07,3.625190409877507e-05,2.3218035102514936,2,highpass
1.3718262346716286e-07,5.225500693000271e-07,1.4775074258853083e-07,2.944627545897251e-07,3.5920083885601476e-05,8.752748513381185,2,highpass
1.3042792774733808e-07,6.446301248149594e-07,2.1095422925108021e-07,1.6082568441034046e-07,1.9271406465661712e-05,9.408126219181732,2,highpass
1.3042792774733808e-07,6.446301248149594e-07,1e-07,3e-07,3.915212864567698e-05,5.608092160434481,2,highpass
1.5460749294951736e-07,5.863392750678135e-07,1.7056181379731468e-07,2.516939146141406e-07,2.8475208850110635e-05,32.86760407794323,3,highpass
1.3042792774733808e-07,5.863392750678135e-07,2.3058252553969378e-07,1.5753569172078423e-07,2.1695927227366344e-05,5.708034235473759,3,highpass
1e-07,7e-07,1.0364002981267781e-07,2.753720460926881e-07,3.5920083885601476e-05,6.864432520210945,3,highpass
1.2066017643193188e-07,5.639541351811218e-07,1.5726670652627898e-07,2.434751090384751e-07,3.5706578274656635e-05,11.809362680108276,3,highpass
1.4457830539885713e-07,5.639541351811218e-07,1.5726670652627898e-07,2.434751090384751e-07,3.915212864567698e-05,7.1476623614471295,3,highpass
1.3718262346716286e-07,5.225500693000271e-07,1.2316297320549799e-07,1.6082568441034046e-07,1.9271406465661712e-05,1.2420884174646758,3,highpass
1.0385259737215597e-07,5.30015886666414e-07,2.2999765214695725e-07,2.481082866129476e-07,2.8475208850110635e-05,10.61446015035735,3,highpass
1.3718262346716286e-07,5.225500693000271e-07,2.1095422925108021e-07,1.6082568441034046e-07,1.9271406465661712e-05,3.895658975822697,3,highpass
1.3042792774733808e-07,6.446301248149594e-07,2.1095422925108021e-07,3e-07,3.915212864567698e-05,0.923611611823992,3,highpass
1.0385259737215597e-07,5.30015886666414e-07,2.2999765214695725e-07,2.481082866129476e-07,2.8475208850110635e-05,10.61446015035735,3,highpass
1.3042792774733808e-07,6.446301248149594e-07,2.1095422925108021e-07,1.6082568441034046e-07,3.915212864567698e-05,2.00979152023281,3,highpass
1.2066017643193188e-07,6.316475800300585e-07,2.1095422925108021e-07,1.6082568441034046e-07,1.9271406465661712e-05,8.952874890478796,3,highpass
1.3718262346716286e-07,5.225500693000271e-07,1.4775074258853083e-07,2.944627545897251e-07,4.284639490965578e-05,5.020266094379252,3,highpass
1.4457830539885713e-07,5.863392750678135e-07,1.7056181379731468e-07,2.516939146141406e-07,2.8475208850110635e-05,21.269859748393422,3,highpass
1.335431080021151e-07,6.980693655305571e-07,1e-07,3e-07,4.1605332800579764e-05,5.964607930945435,3,highpass
1.3718262346716286e-07,5.225500693000271e-07,1e-07,2.944627545897251e-07,3.7115878162226e-05,2.5516288585094817,3,highpass
1.335431080021151e-07,6.980693655305571e-07,1e-07,1.6082568441034046e-07,1.9271406465661712e-05,1.2944886457836537,3,highpass
1.0385259737215597e-07,5.30015886666414e-07,2.2999765214695725e-07,2.481082866129476e-07,3.678808341394254e-05,1.7938140030713723,3,highpass
1.2066017643193188e-07,6.316475800300585e-07,1.6654438642748073e-07,2.481082866129476e-07,2.8475208850110635e-05,24.22548882751204,3,highpass
1.0385259737215597e-07,6.980693655305571e-07,1e-07,3e-07,3.915212864567698e-05,8.519365722230708,3,highpass
1.5460749294951736e-07,5.863392750678135e-07,2.3058252553969378e-07,2.434751090384751e-07,3.678808341394254e-05,0.9327981540963605,3,highpass
1.5460749294951736e-07,5.863392750678135e-07,2.3058252553969378e-07,1.5753569172078423e-07,2.1695927227366344e-05,8.336602842984048,3,highpass
1.5460749294951736e-07,5.863392750678135e-07,2.3058252553969378e-07,2.516939146141406e-07,2.1785817679166796e-05,0.942286185151577,3,highpass
1e-07,7e-07,1.0364002981267781e-07,3e-07,3.915212864567698e-05,9.07267016656394,3,highpass
1.4457830539885713e-07,5.639541351811218e-07,1.0364002981267781e-07,3e-07,3.915212864567698e-05,3.3762216002552368,3,highpass
1.5460749294951736e-07,5.863392750678135e-07,1.7056181379731468e-07,2.516939146141406e-07,1.9271406465661712e-05,8.492189897306792,3,highpass
1.3718262346716286e-07,5.225500693000271e-07,1.4775074258853083e-07,3e-07,3.915212864567698e-05,4.110210715922126,3,highpass
1.335431080021151e-07,5.639541351811218e-07,1.5726670652627898e-07,2.474903755966624e-07,3.678808341394254e-05,7.685034537432736,3,highpass
1.3042792774733808e-07,5.30015886666414e-07,2.2999765214695725e-07,2.481082866129476e-07,2.8475208850110635e-05,0.8179076566459469,3,highpass
1.5460749294951736e-07,5.863392750678135e-07,1.9741761148101428e-07,2.516939146141406e-07,2.1695927227366344e-05,0.8197291529423819,3,highpass
1.5460749294951736e-07,5.863392750678135e-07,1.7056181379731468e-07,2.516939146141406e-07,2.8475208850110635e-05,32.86760407794323,4,highpass
1.0385259737215597e-07,5.30015886666414e-07,2.2999765214695725e-07,2.533472093790324e-07,2.8475208850110635e-05,36.644535707316024,4,highpass
1.5460749294951736e-07,5.863392750678135e-07,1.0364002981267781e-07,3e-07,3.915212864567698e-05,3.601848117755831,4,highpass
1.2066017643193188e-07,6.316475800300585e-07,1.7056181379731468e-07,2.516939146141406e-07,2.8475208850110635e-05,38.01398738092262,4,highpass
1.2066017643193188e-07,6.316475800300585e-07,1.7056181379731468e-07,2.516939146141406e-07,2.8475208850110635e-05,38.01398738092262,4,highpass
1.5460749294951736e-07,5.863392750678135e-07,1.7056181379731468e-07,2.516939146141406e-07,2.8475208850110635e-05,32.86760407794323,4,highpass
1.2066017643193188e-07,6.316475800300585e-07,1.6654438642748073e-07,2.481082866129476e-07,3.5706578274656635e-05,7.583181997983636,4,highpass
1.0385259737215597e-07,5.30015886666414e-07,2.2999765214695725e-07,2.481082866129476e-07,2.8475208850110635e-05,10.61446015035735,4,highpass
1.5460749294951736e-07,5.639541351811218e-07,1.5726670652627898e-07,2.434751090384751e-07,3.5706578274656635e-05,6.083287806618062,4,highpass
1.2066017643193188e-07,6.316475800300585e-07,1.6654438642748073e-07,2.516939146141406e-07,2.8475208850110635e-05,34.4935960000447,4,highpass
1.4457830539885713e-07,5.863392750678135e-07,1.7056181379731468e-07,2.481082866129476e-07,2.8475208850110635e-05,19.159701597049526,4,highpass
1.2066017643193188e-07,6.316475800300585e-07,1.1348139791766117e-07,2.481082866129476e-07,2.8475208850110635e-05,5.236586585477965,4,highpass
1.2066017643193188e-07,7e-07,1.0364002981267781e-07,3e-07,3.915212864567698e-05,8.39422667127643,4,highpass
1.2066017643193188e-07,6.316475800300585e-07,1.6654438642748073e-07,2.481082866129476e-07,2.8475208850110635e-05,24.22548882751204,4,highpass
1.0385259737215597e-07,5.30015886666414e-07,1.7056181379731468e-07,2.516939146141406e-07,2.8475208850110635e-05,12.488045434190452,4,highpass
1.4457830539885713e-07,5.863392750678135e-07,1.6654438642748073e-07,2.481082866129476e-07,2.8475208850110635e-05,19.725423846688816,4,highpass
1.5460749294951736e-07,5.863392750678135e-07,1.7056181379731468e-07,2.516939146141406e-07,1.9271406465661712e-05,8.492189897306792,4,highpass
1.335431080021151e-07,6.980693655305571e-07,1e-07,3e-07,3.915212864567698e-05,8.39282327832083,4,highpass
1.4457830539885713e-07,5.639541351811218e-07,1.5726670652627898e-07,2.516939146141406e-07,1.9271406465661712e-05,7.835478130997459,4,highpass
1.0385259737215597e-07,5.30015886666414e-07,1.7056181379731468e-07,2.516939146141406e-07,2.8475208850110635e-05,12.488045434190452,4,highpass
1.5460749294951736e-07,5.863392750678135e-07,1.7056181379731468e-07,2.516939146141406e-07,2.8475208850110635e-05,32.86760407794323,4,highpass
1.0385259737215597e-07,5.30015886666414e-07,2.2999765214695725e-07,1.6752404212758707e-07,1.9271406465661712e-05,5.80174983795893,4,highpass
1.2066017643193188e-07,6.316475800300585e-07,1.6654438642748073e-07,2.481082866129476e-07,3.915212864567698e-05,3.7062711822555827,4,highpass
1.2066017643193188e-07,6.316475800300585e-07,1.6654438642748073e-07,2.481082866129476e-07,2.8475208850110635e-05,24.22548882751204,4,highpass
1e-07,7e-07,1.0364002981267781e-07,3e-07,3.915212864567698e-05,9.07267016656394,4,highpass
1.335431080021151e-07,5.639541351811218e-07,1.5726670652627898e-07,2.434751090384751e-07,3.5706578274656635e-05,8.763060927160803,4,highpass
1.4457830539885713e-07,5.863392750678135e-07,1.7056181379731468e-07,2.803718284961444e-07,2.8475208850110635e-05,16.834725516512105,4,highpass
1.0385259737215597e-07,5.30015886666414e-07,2.2999765214695725e-07,2.481082866129476e-07,2.8475208850110635e-05,10.61446015035735,4,highpass
1.5460749294951736e-07,5.863392750678135e-07,1.7056181379731468e-07,2.516939146141406e-07,2.8475208850110635e-05,32.86760407794323,4,highpass
1.4457830539885713e-07,5.863392750678135e-07,2.2999765214695725e-07,2.481082866129476e-07,2.8475208850110635e-05,0.8986463946805421,4,highpass
1.2066017643193188e-07,6.316475800300585e-07,1.7056181379731468e-07,2.516939146141406e-07,2.8475208850110635e-05,38.01398738092262,5,highpass
1.2066017643193188e-07,6.316475800300585e-07,1.7056181379731468e-07,2.516939146141406e-07,2.8475208850110635e-05,38.01398738092262,5,highpass
1.2066017643193188e-07,6.316475800300585e-07,1.7056181379731468e-07,2.516939146141406e-07,2.8475208850110635e-05,38.01398738092262,5,highpass
1.5460749294951736e-07,5.863392750678135e-07,1.7056181379731468e-07,2.516939146141406e-07,2.8475208850110635e-05,32.86760407794323,5,highpass
1.2066017643193188e-07,6.316475800300585e-07,1.7218325927693002e-07,2.516939146141406e-07,2.8475208850110635e-05,32.47260679043176,5,highpass
1.2066017643193188e-07,6.998101808152005e-07,1.6654438642748073e-07,2.516939146141406e-07,2.8475208850110635e-05,45.4884662267932,5,highpass
1.0385259737215597e-07,5.30015886666414e-07,2.2999765214695725e-07,2.533472093790324e-07,2.8475208850110635e-05,36.644535707316024,5,highpass
1.5460749294951736e-07,5.863392750678135e-07,2.2999765214695725e-07,2.481082866129476e-07,2.8475208850110635e-05,0.9331428075782053,5,highpass
1.5460749294951736e-07,5.863392750678135e-07,1.7056181379731468e-07,2.516939146141406e-07,2.8475208850110635e-05,32.86760407794323,5,highpass
1.2066017643193188e-07,5.863392750678135e-07,1.7056181379731468e-07,2.516939146141406e-07,2.8475208850110635e-05,20.018945132643058,5,highpass
1.2066017643193188e-07,6.316475800300585e-07,1.7056181379731468e-07,2.516939146141406e-07,2.8475208850110635e-05,38.01398738092262,5,highpass
1.2066017643193188e-07,6.316475800300585e-07,1.7056181379731468e-07,2.533472093790324e-07,2.8475208850110635e-05,36.755232374150026,5,highpass
1e-07,6.316475800300585e-07,1.7056181379731468e-07,2.516939146141406e-07,2.8475208850110635e-05,26.57693276173373,5,highpass
1.4457830539885713e-07,6.316475800300585e-07,1.7056181379731468e-07,2.516939146141406e-07,2.8475208850110635e-05,15.591138522082577,5,highpass
1.5460749294951736e-07,5.863392750678135e-07,1.7056181379731468e-07,2.5294486457915195e-07,2.8475208850110635e-05,31.76223977797027,5,highpass
1.2066017643193188e-07,6.316475800300585e-07,1.6654438642748073e-07,2.516939146141406e-07,2.8475208850110635e-05,34.4935960000447,5,highpass
1.0385259737215597e-07,5.863392750678135e-07,1.7056181379731468e-07,2.516939146141406e-07,2.8475208850110635e-05,20.942294909280804,5,highpass
1.2066017643193188e-07,5.30015886666414e-07,1.7056181379731468e-07,2.516939146141406e-07,2.8475208850110635e-05,13.776564781602861,5,highpass
1.2066017643193188e-07,6.470414042871011e-07,1.6654438642748073e-07,2.481082866129476e-07,2.8475208850110635e-05,37.0953944730957,5,highpass
1.2066017643193188e-07,6.316475800300585e-07,2.2999765214695725e-07,2.533472093790324e-07,2.8475208850110635e-05,0.8937860953673391,5,highpass
1.2066017643193188e-07,6.316475800300585e-07,1.7056181379731468e-07,2.516939146141406e-07,2.8475208850110635e-05,38.01398738092262,5,highpass
1.2066017643193188e-07,6.316475800300585e-07,1.7056181379731468e-07,2.516939146141406e-07,2.8475208850110635e-05,38.01398738092262,5,highpass
1.0385259737215597e-07,5.30015886666414e-07,1.7056181379731468e-07,2.516939146141406e-07,2.8475208850110635e-05,12.488045434190452,5,highpass
1.2066017643193188e-07,6.316475800300585e-07,1.6654438642748073e-07,2.481082866129476e-07,2.8475208850110635e-05,24.22548882751204,5,highpass
1.2066017643193188e-07,5.863392750678135e-07,1.6654438642748073e-07,2.481082866129476e-07,2.8475208850110635e-05,16.367751197848,5,highpass
1.2066017643193188e-07,6.316475800300585e-07,1.7056181379731468e-07,2.516939146141406e-07,2.8475208850110635e-05,38.01398738092262,5,highpass
1.2066017643193188e-07,5.863392750678135e-07,1.7056181379731468e-07,2.516939146141406e-07,2.8475208850110635e-05,20.018945132643058,5,highpass
1.7464993434590937e-07,5.30015886666414e-07,2.2999765214695725e-07,2.533472093790324e-07,2.8475208850110635e-05,0.9470143586224986,5,highpass
1.2066017643193188e-07,6.316475800300585e-07,2.2999765214695725e-07,2.533472093790324e-07,2.8475208850110635e-05,0.8937860953673391,5,highpass
1.5460749294951736e-07,5.863392750678135e-07,1.7056181379731468e-07,2.516939146141406e-07,2.8475208850110635e-05,32.86760407794323,5,highpass
1.2066017643193188e-07,6.998101808152005e-07,1.6654438642748073e-07,2.516939146141406e-07,2.8475208850110635e-05,45.4884662267932,6,highpass
1.2066017643193188e-07,6.316475800300585e-07,1.7056181379731468e-07,2.516939146141406e-07,2.8475208850110635e-05,38.01398738092262,6,highpass
1.2066017643193188e-07,6.316475800300585e-07,1.7056181379731468e-07,2.516939146141406e-07,2.8475208850110635e-05,38.01398738092262,6,highpass
1.2066017643193188e-07,6.316475800300585e-07,1.7056181379731468e-07,2.516939146141406e-07,2.8475208850110635e-05,38.01398738092262,6,highpass
1.2066017643193188e-07,6.316475800300585e-07,1.7056181379731468e-07,2.516939146141406e-07,2.8475208850110635e-05,38.01398738092262,6,highpass
1.2066017643193188e-07,6.998101808152005e-07,1.6654438642748073e-07,2.516939146141406e-07,2.8475208850110635e-05,45.4884662267932,6,highpass
1.2066017643193188e-07,6.316475800300585e-07,1.7056181379731468e-07,2.516939146141406e-07,2.8475208850110635e-05,38.01398738092262,6,highpass
1.2066017643193188e-07,6.316475800300585e-07,1.6654438642748073e-07,2.516939146141406e-07,2.8475208850110635e-05,34.4935960000447,6,highpass
1.2066017643193188e-07,6.316475800300585e-07,1.7056181379731468e-07,2.516939146141406e-07,2.8475208850110635e-05,38.01398738092262,6,highpass
1.9482422606852568e-07,5.30015886666414e-07,2.2999765214695725e-07,2.533472093790324e-07,2.8475208850110635e-05,0.9660315878169689,6,highpass
1.2066017643193188e-07,6.316475800300585e-07,1.7056181379731468e-07,2.516939146141406e-07,2.8475208850110635e-05,38.01398738092262,6,highpass
1.2066017643193188e-07,6.998101808152005e-07,1.6654438642748073e-07,2.516939146141406e-07,2.8475208850110635e-05,45.4884662267932,6,highpass
1.0385259737215597e-07,5.30015886666414e-07,2.239439716540275e-07,2.533472093790324e-07,2.8475208850110635e-05,5.451272826523659,6,highpass
1.2066017643193188e-07,6.316475800300585e-07,1.7056181379731468e-07,2.177063529732037e-07,2.8475208850110635e-05,16.908375750352374,6,highpass
1.2066017643193188e-07,6.316475800300585e-07,1.6654438642748073e-07,2.516939146141406e-07,2.8475208850110635e-05,34.4935960000447,6,highpass
1.2066017643193188e-07,6.316475800300585e-07,1.7056181379731468e-07,2.516939146141406e-07,2.8475208850110635e-05,38.01398738092262,6,highpass
1.2066017643193188e-07,6.316475800300585e-07,1.7056181379731468e-07,2.516939146141406e-07,2.8475208850110635e-05,38.01398738092262,6,highpass
1.2066017643193188e-07,6.316475800300585e-07,1.7056181379731468e-07,2.516939146141406e-07,2.8475208850110635e-05,38.01398738092262,6,highpass
1.2066017643193188e-07,6.316475800300585e-07,1.7056181379731468e-07,2.516939146141406e-07,2.8475208850110635e-05,38.01398738092262,6,highpass
1.2066017643193188e-07,6.998101808152005e-07,1.6654438642748073e-07,2.516939146141406e-07,2.8475208850110635e-05,45.4884662267932,6,highpass
1.2066017643193188e-07,6.316475800300585e-07,1.7056181379731468e-07,2.516939146141406e-07,2.8475208850110635e-05,38.01398738092262,6,highpass
1.2066017643193188e-07,6.316475800300585e-07,1.8102429754803978e-07,2.516939146141406e-07,2.8475208850110635e-05,20.710995126738084,6,highpass
1.2066017643193188e-07,6.316475800300585e-07,1.7056181379731468e-07,2.533472093790324e-07,2.8475208850110635e-05,36.755232374150026,6,highpass
1.2066017643193188e-07,6.316475800300585e-07,1.7056181379731468e-07,2.516939146141406e-07,2.8475208850110635e-05,38.01398738092262,6,highpass
1.2161156571016555e-07,6.316475800300585e-07,1.7056181379731468e-07,2.516939146141406e-07,2.8475208850110635e-05,39.06717199081039,6,highpass
1.2066017643193188e-07,5.863392750678135e-07,1.7056181379731468e-07,2.516939146141406e-07,2.8475208850110635e-05,20.018945132643058,6,highpass
1.2066017643193188e-07,6.316475800300585e-07,1.7056181379731468e-07,2.516939146141406e-07,2.8475208850110635e-05,38.01398738092262,6,highpass
1.2066017643193188e-07,6.470414042871011e-07,1.6654438642748073e-07,2.516939146141406e-07,2.8475208850110635e-05,44.7429511389922,6,highpass
1.2066017643193188e-07,6.316475800300585e-07,1.7056181379731468e-07,2.516939146141406e-07,2.8475208850110635e-05,38.01398738092262,6,highpass
1.5460749294951736e-07,5.863392750678135e-07,1.7056181379731468e-07,2.516939146141406e-07,2.8475208850110635e-05,32.86760407794323,6,highpass
1.2066017643193188e-07,6.998101808152005e-07,1.6654438642748073e-07,2.516939146141406e-07,2.8475208850110635e-05,45.4884662267932,7,highpass
1.2066017643193188e-07,6.998101808152005e-07,1.6654438642748073e-07,2.516939146141406e-07,2.8475208850110635e-05,45.4884662267932,7,highpass
1.2066017643193188e-07,6.316475800300585e-07,1.7056181379731468e-07,2.516939146141406e-07,2.8475208850110635e-05,38.01398738092262,7,highpass
1.2161156571016555e-07,4.0047233005111835e-07,1.6654438642748073e-07,2.516939146141406e-07,2.8475208850110635e-05,3.706572645623113,7,highpass
1.2066017643193188e-07,6.316475800300585e-07,1.7056181379731468e-07,2.516939146141406e-07,2.8475208850110635e-05,38.01398738092262,7,highpass
1.2066017643193188e-07,6.998101808152005e-07,1.6654438642748073e-07,2.516939146141406e-07,2.8475208850110635e-05,45.4884662267932,7,highpass
1.2066017643193188e-07,6.316475800300585e-07,1.7056181379731468e-07,2.516939146141406e-07,2.8475208850110635e-05,38.01398738092262,7,highpass
1.2161156571016555e-07,6.316475800300585e-07,1.0314511988943112e-07,2.516939146141406e-07,2.8475208850110635e-05,4.380533005820436,7,highpass
1.2066017643193188e-07,6.316475800300585e-07,1.7056181379731468e-07,2.516939146141406e-07,2.8475208850110635e-05,38.01398738092262,7,highpass
1.2066017643193188e-07,6.316475800300585e-07,1.7056181379731468e-07,2.516939146141406e-07,2.8475208850110635e-05,38.01398738092262,7,highpass
1.2066017643193188e-07,6.998101808152005e-07,1.6654438642748073e-07,2.516939146141406e-07,2.8475208850110635e-05,45.4884662267932,7,highpass
1.2066017643193188e-07,6.998101808152005e-07,1.6654438642748073e-07,2.516939146141406e-07,2.8475208850110635e-05,45.4884662267932,7,highpass
1.2066017643193188e-07,6.998101808152005e-07,1.6654438642748073e-07,2.516939146141406e-07,2.8475208850110635e-05,45.4884662267932,7,highpass
1.2066017643193188e-07,6.998101808152005e-07,1.6654438642748073e-07,2.516939146141406e-07,2.8475208850110635e-05,45.4884662267932,7,highpass
1.2066017643193188e-07,6.998101808152005e-07,1.7056181379731468e-07,2.516939146141406e-07,2.8475208850110635e-05,21.309941042336067,7,highpass
1.2066017643193188e-07,6.470414042871011e-07,1.7056181379731468e-07,2.516939146141406e-07,2.8475208850110635e-05,37.544818848750076,7,highpass
1.2066017643193188e-07,6.998101808152005e-07,1.6654438642748073e-07,2.516939146141406e-07,2.8475208850110635e-05,45.4884662267932,7,highpass
1.2066017643193188e-07,6.998101808152005e-07,1.6654438642748073e-07,2.516939146141406e-07,2.8475208850110635e-05,45.4884662267932,7,highpass
1.2066017643193188e-07,6.998101808152005e-07,1.7056181379731468e-07,2.516939146141406e-07,2.8475208850110635e-05,21.309941042336067,7,highpass
1.2066017643193188e-07,6.998101808152005e-07,1.6654438642748073e-07,2.516939146141406e-07,2.8475208850110635e-05,45.4884662267932,7,highpass
1.2161156571016555e-07,6.316475800300585e-07,1.7056181379731468e-07,2.516939146141406e-07,2.8475208850110635e-05,39.06717199081039,7,highpass
1.2066017643193188e-07,6.316475800300585e-07,1.7056181379731468e-07,2.516939146141406e-07,2.8475208850110635e-05,38.01398738092262,7,highpass
1.2066017643193188e-07,6.998101808152005e-07,1.6654438642748073e-07,2.516939146141406e-07,2.8475208850110635e-05,45.4884662267932,7,highpass
1.2066017643193188e-07,6.998101808152005e-07,1.6654438642748073e-07,2.516939146141406e-07,2.8475208850110635e-05,45.4884662267932,7,highpass
1.2066017643193188e-07,6.998101808152005e-07,1.6654438642748073e-07,2.516939146141406e-07,2.8475208850110635e-05,45.4884662267932,7,highpass
1.2066017643193188e-07,6.998101808152005e-07,1.6654438642748073e-07,2.516939146141406e-07,2.8475208850110635e-05,45.4884662267932,7,highpass
1.2066017643193188e-07,6.976595191934455e-07,1.6654438642748073e-07,2.516939146141406e-07,2.8475208850110635e-05,46.21096219112814,7,highpass
1.2066017643193188e-07,6.998101808152005e-07,1.6654438642748073e-07,2.516939146141406e-07,2.8475208850110635e-05,45.4884662267932,7,highpass
1.2066017643193188e-07,6.998101808152005e-07,1.6654438642748073e-07,2.516939146141406e-07,2.8475208850110635e-05,45.4884662267932,7,highpass
1.2066017643193188e-07,6.998101808152005e-07,1.6654438642748073e-07,2.516939146141406e-07,1.5752254639853654e-05,22.322473650905742,7,highpass
1.2066017643193188e-07,6.976595191934455e-07,1.6654438642748073e-07,2.516939146141406e-07,2.8475208850110635e-05,46.21096219112814,8,highpass
1.2066017643193188e-07,6.998101808152005e-07,1.6654438642748073e-07,2.516939146141406e-07,2.8475208850110635e-05,45.4884662267932,8,highpass
1.2066017643193188e-07,6.998101808152005e-07,1.6654438642748073e-07,2.516939146141406e-07,2.8475208850110635e-05,45.4884662267932,8,highpass
1.2161156571016555e-07,6.316475800300585e-07,1.6654438642748073e-07,2.516939146141406e-07,2.8475208850110635e-05,34.48759715159748,8,highpass
1.2066017643193188e-07,6.998101808152005e-07,1.6654438642748073e-07,2.516939146141406e-07,2.8475208850110635e-05,45.4884662267932,8,highpass
1.2066017643193188e-07,6.998101808152005e-07,1.6654438642748073e-07,2.516939146141406e-07,2.8475208850110635e-05,45.4884662267932,8,highpass
1.2066017643193188e-07,6.998101808152005e-07,1.6654438642748073e-07,2.5018073784384213e-07,2.8475208850110635e-05,49.013220699923494,8,highpass
1.2066017643193188e-07,6.998101808152005e-07,1.6654438642748073e-07,2.516939146141406e-07,2.8475208850110635e-05,45.4884662267932,8,highpass
1.2066017643193188e-07,6.998101808152005e-07,1.6654438642748073e-07,2.516939146141406e-07,2.8475208850110635e-05,45.4884662267932,8,highpass
1.2066017643193188e-07,6.998101808152005e-07,1.2780168078767264e-07,2.516939146141406e-07,2.8475208850110635e-05,12.092956054032296,8,highpass
1.2066017643193188e-07,6.976595191934455e-07,1.6654438642748073e-07,2.516939146141406e-07,2.8475208850110635e-05,46.21096219112814,8,highpass
1.2066017643193188e-07,6.998101808152005e-07,1.6058356186079122e-07,2.516939146141406e-07,2.8475208850110635e-05,36.802290361098464,8,highpass
1.2066017643193188e-07,6.998101808152005e-07,1.6654438642748073e-07,2.516939146141406e-07,2.8475208850110635e-05,45.4884662267932,8,highpass
1.2066017643193188e-07,6.998101808152005e-07,1.6654438642748073e-07,2.516939146141406e-07,2.8475208850110635e-05,45.4884662267932,8,highpass
1.2066017643193188e-07,6.316475800300585e-07,1.7056181379731468e-07,2.516939146141406e-07,2.8475208850110635e-05,38.01398738092262,8,highpass
1.2066017643193188e-07,6.976595191934455e-07,1.6654438642748073e-07,2.516939146141406e-07,2.8475208850110635e-05,46.21096219112814,8,highpass
1.2066017643193188e-07,6.998101808152005e-07,1.6654438642748073e-07,2.516939146141406e-07,2.8475208850110635e-05,45.4884662267932,8,highpass
1.2066017643193188e-07,6.998101808152005e-07,1.6654438642748073e-07,2.516939146141406e-07,2.8475208850110635e-05,45.4884662267932,8,highpass
1.2066017643193188e-07,6.998101808152005e-07,1.6654438642748073e-07,2.516939146141406e-07,2.8475208850110635e-05,45.4884662267932,8,highpass
1.2066017643193188e-07,6.976595191934455e-07,1.6654438642748073e-07,2.516939146141406e-07,2.8475208850110635e-05,46.21096219112814,8,highpass
1.2066017643193188e-07,6.998101808152005e-07,1.6654438642748073e-07,2.516939146141406e-07,2.8475208850110635e-05,45.4884662267932,8,highpass
1.2066017643193188e-07,6.998101808152005e-07,1.6654438642748073e-07,2.516939146141406e-07,2.8475208850110635e-05,45.4884662267932,8,highpass
1.2066017643193188e-07,6.998101808152005e-07,1.6654438642748073e-07,2.516939146141406e-07,2.8475208850110635e-05,45.4884662267932,8,highpass
1.2066017643193188e-07,6.976595191934455e-07,1.6654438642748073e-07,2.516939146141406e-07,2.8475208850110635e-05,46.21096219112814,8,highpass
1.2066017643193188e-07,6.998101808152005e-07,1.6654438642748073e-07,2.516939146141406e-07,3.713455742880047e-05,6.709951734694033,8,highpass
1.2066017643193188e-07,6.998101808152005e-07,1.6654438642748073e-07,2.516939146141406e-07,2.8475208850110635e-05,45.4884662267932,8,highpass
1.2066017643193188e-07,6.998101808152005e-07,1.6654438642748073e-07,2.516939146141406e-07,2.8475208850110635e-05,45.4884662267932,8,highpass
1.2066017643193188e-07,6.998101808152005e-07,1.6654438642748073e-07,2.516939146141406e-07,2.8475208850110635e-05,45.4884662267932,8,highpass
1.2066017643193188e-07,6.998101808152005e-07,1.6654438642748073e-07,2.516939146141406e-07,2.839572754519533e-05,45.48338216818614,8,highpass
1.2066017643193188e-07,6.976595191934455e-07,1.6654438642748073e-07,2.516939146141406e-07,2.8475208850110635e-05,46.21096219112814,8,highpass
1.2066017643193188e-07,6.998101808152005e-07,1.6654438642748073e-07,2.5018073784384213e-07,2.8475208850110635e-05,49.013220699923494,9,highpass
1.2066017643193188e-07,6.998101808152005e-07,1.6654438642748073e-07,2.516939146141406e-07,2.8475208850110635e-05,45.4884662267932,9,highpass
1.2066017643193188e-07,6.998101808152005e-07,1.6654438642748073e-07,2.5018073784384213e-07,2.8475208850110635e-05,49.013220699923494,9,highpass
1.2066017643193188e-07,6.976595191934455e-07,1.6654438642748073e-07,2.5018073784384213e-07,2.8475208850110635e-05,47.37266844885422,9,highpass
1.2066017643193188e-07,6.976595191934455e-07,1.6654438642748073e-07,2.516939146141406e-07,2.8475208850110635e-05,46.21096219112814,9,highpass
1.2066017643193188e-07,6.976595191934455e-07,1.6654438642748073e-07,2.516939146141406e-07,2.8475208850110635e-05,46.21096219112814,9,highpass
1.2066017643193188e-07,6.998101808152005e-07,1.6654438642748073e-07,2.516939146141406e-07,2.8475208850110635e-05,45.4884662267932,9,highpass
1.2066017643193188e-07,6.976595191934455e-07,1.6654438642748073e-07,2.516939146141406e-07,1.952879115733222e-05,25.141124760781064,9,highpass
1.2066017643193188e-07,6.976595191934455e-07,1.6654438642748073e-07,2.516939146141406e-07,2.8475208850110635e-05,46.21096219112814,9,highpass
1.2066017643193188e-07,6.976595191934455e-07,1.6654438642748073e-07,2.516939146141406e-07,2.8475208850110635e-05,46.21096219112814,9,highpass
1.2066017643193188e-07,6.976595191934455e-07,1.6654438642748073e-07,2.516939146141406e-07,2.8475208850110635e-05,46.21096219112814,9,highpass
1.2066017643193188e-07,6.998101808152005e-07,1.6654438642748073e-07,2.516939146141406e-07,2.8475208850110635e-05,45.4884662267932,9,highpass
1.2066017643193188e-07,6.998101808152005e-07,1.6654438642748073e-07,2.516939146141406e-07,2.8475208850110635e-05,45.4884662267932,9,highpass
1.2066017643193188e-07,6.976595191934455e-07,1.0623210019463238e-07,2.5018073784384213e-07,2.8475208850110635e-05,4.705870600629079,9,highpass
1.2066017643193188e-07,6.976595191934455e-07,1.6654438642748073e-07,2.516939146141406e-07,2.8475208850110635e-05,46.21096219112814,9,highpass
1.2066017643193188e-07,6.998101808152005e-07,1.6654438642748073e-07,2.516939146141406e-07,2.888855747112217e-05,38.06387314890821,9,highpass
1.2066017643193188e-07,6.976595191934455e-07,1.6654438642748073e-07,2.5018073784384213e-07,2.8475208850110635e-05,47.37266844885422,9,highpass
1.0090567613164992e-07,6.976595191934455e-07,1.6654438642748073e-07,2.516939146141406e-07,2.8475208850110635e-05,60.97565308371667,9,highpass
1.2066017643193188e-07,6.998101808152005e-07,1.6654438642748073e-07,2.5018073784384213e-07,2.8475208850110635e-05,49.013220699923494,9,highpass
1.2066017643193188e-07,6.976595191934455e-07,1.6654438642748073e-07,2.516939146141406e-07,2.8475208850110635e-05,46.21096219112814,9,highpass
1.2066017643193188e-07,6.976595191934455e-07,1.6654438642748073e-07,2.516939146141406e-07,2.8475208850110635e-05,46.21096219112814,9,highpass
1.2066017643193188e-07,6.998101808152005e-07,1.6654438642748073e-07,2.5018073784384213e-07,2.8475208850110635e-05,49.013220699923494,9,highpass
1.2066017643193188e-07,6.976595191934455e-07,1.6654438642748073e-07,2.516939146141406e-07,2.8475208850110635e-05,46.21096219112814,9,highpass
1.2066017643193188e-07,6.976595191934455e-07,1.6654438642748073e-07,2.516939146141406e-07,2.8475208850110635e-05,46.21096219112814,9,highpass
1.2066017643193188e-07,6.976595191934455e-07,1.6654438642748073e-07,2.516939146141406e-07,2.8475208850110635e-05,46.21096219112814,9,highpass
1.2066017643193188e-07,6.998101808152005e-07,1.6654438642748073e-07,2.516939146141406e-07,2.8475208850110635e-05,45.4884662267932,9,highpass
1.2066017643193188e-07,6.976595191934455e-07,1.6654438642748073e-07,2.516939146141406e-07,2.8475208850110635e-05,46.21096219112814,9,highpass
1.2066017643193188e-07,6.998101808152005e-07,1.6654438642748073e-07,2.516939146141406e-07,2.8475208850110635e-05,45.4884662267932,9,highpass
1.2066017643193188e-07,6.976595191934455e-07,1.6654438642748073e-07,2.516939146141406e-07,2.8475208850110635e-05,46.21096219112814,9,highpass
1.2066017643193188e-07,6.976595191934455e-07,1.6654438642748073e-07,2.82906380024157e-07,2.8475208850110635e-05,15.152940851334883,9,highpass
1.0090567613164992e-07,6.976595191934455e-07,1.6654438642748073e-07,2.516939146141406e-07,2.8475208850110635e-05,60.97565308371667,10,highpass
1.2066017643193188e-07,6.976595191934455e-07,1.6654438642748073e-07,2.516939146141406e-07,2.8475208850110635e-05,46.21096219112814,10,highpass
1.2066017643193188e-07,6.976595191934455e-07,1.6654438642748073e-07,2.5018073784384213e-07,2.8475208850110635e-05,47.37266844885422,10,highpass
1.2066017643193188e-07,6.998101808152005e-07,1.6654438642748073e-07,2.5018073784384213e-07,2.8475208850110635e-05,49.013220699923494,10,highpass
1.2066017643193188e-07,6.976595191934455e-07,1.6654438642748073e-07,2.5018073784384213e-07,2.8475208850110635e-05,47.37266844885422,10,highpass
1.0090567613164992e-07,6.976595191934455e-07,1.6654438642748073e-07,2.516939146141406e-07,2.8475208850110635e-05,60.97565308371667,10,highpass
1.2066017643193188e-07,6.998101808152005e-07,1.6654438642748073e-07,2.5018073784384213e-07,2.8475208850110635e-05,49.013220699923494,10,highpass
1.2066017643193188e-07,6.976595191934455e-07,1.6654438642748073e-07,2.5018073784384213e-07,2.8475208850110635e-05,47.37266844885422,10,highpass
1.2066017643193188e-07,6.998101808152005e-07,1.6654438642748073e-07,2.5018073784384213e-07,2.8475208850110635e-05,49.013220699923494,10,highpass
1.2066017643193188e-07,6.998101808152005e-07,1.6654438642748073e-07,2.5018073784384213e-07,2.8475208850110635e-05,49.013220699923494,10,highpass
1.2066017643193188e-07,6.976595191934455e-07,1.6654438642748073e-07,2.5018073784384213e-07,2.8475208850110635e-05,47.37266844885422,10,highpass
1.2066017643193188e-07,6.976595191934455e-07,1.6654438642748073e-07,2.5018073784384213e-07,2.8475208850110635e-05,47.37266844885422,10,highpass
1.0090567613164992e-07,6.976595191934455e-07,1.6654438642748073e-07,2.516939146141406e-07,2.8475208850110635e-05,60.97565308371667,10,highpass
1.2066017643193188e-07,6.976595191934455e-07,1.6654438642748073e-07,2.516939146141406e-07,2.8475208850110635e-05,46.21096219112814,10,highpass
1.2066017643193188e-07,6.998101808152005e-07,1.6654438642748073e-07,2.516939146141406e-07,2.8475208850110635e-05,45.4884662267932,10,highpass
1.2066017643193188e-07,6.976595191934455e-07,1.6654438642748073e-07,2.5018073784384213e-07,2.8475208850110635e-05,47.37266844885422,10,highpass
1.2066017643193188e-07,6.998101808152005e-07,1.6654438642748073e-07,2.516939146141406e-07,2.8475208850110635e-05,45.4884662267932,10,highpass
1.7553769341904503e-07,6.976595191934455e-07,1.6654438642748073e-07,2.5018073784384213e-07,2.8475208850110635e-05,0.8377590771492477,10,highpass
1.0090567613164992e-07,6.976595191934455e-07,1.6654438642748073e-07,2.516939146141406e-07,2.8475208850110635e-05,60.97565308371667,10,highpass
1.2066017643193188e-07,6.998101808152005e-07,1.6654438642748073e-07,2.5018073784384213e-07,2.8475208850110635e-05,49.013220699923494,10,highpass
1.2066017643193188e-07,6.998101808152005e-07,1.6654438642748073e-07,2.5018073784384213e-07,2.8475208850110635e-05,49.013220699923494,10,highpass
1.2066017643193188e-07,6.998101808152005e-07,1.6654438642748073e-07,2.5018073784384213e-07,2.8475208850110635e-05,49.013220699923494,10,highpass
1.2066017643193188e-07,6.976595191934455e-07,1.6654438642748073e-07,2.5018073784384213e-07,2.8475208850110635e-05,47.37266844885422,10,highpass
1.2066017643193188e-07,6.998101808152005e-07,1.6654438642748073e-07,2.5018073784384213e-07,2.8475208850110635e-05,49.013220699923494,10,highpass
1.0090567613164992e-07,6.976595191934455e-07,1.8374196170305757e-07,2.516939146141406e-07,2.8475208850110635e-05,108.12264689754164,10,highpass
1.2066017643193188e-07,6.998101808152005e-07,1.6654438642748073e-07,2.5018073784384213e-07,2.8475208850110635e-05,49.013220699923494,10,highpass
1.2066017643193188e-07,6.998101808152005e-07,1.6654438642748073e-07,2.5018073784384213e-07,2.8475208850110635e-05,49.013220699923494,10,highpass
1.2066017643193188e-07,6.976595191934455e-07,1.6654438642748073e-07,2.516939146141406e-07,2.8475208850110635e-05,46.21096219112814,10,highpass
1.0090567613164992e-07,6.976595191934455e-07,1.6654438642748073e-07,2.516939146141406e-07,2.8475208850110635e-05,60.97565308371667,10,highpass
1.2066017643193188e-07,6.976595191934455e-07,1.6654438642748073e-07,2.516939146141406e-07,2.6524824333333007e-05,34.54015944448803,10,highpass
1.0090567613164992e-07,6.976595191934455e-07,1.8374196170305757e-07,2.516939146141406e-07,2.8475208850110635e-05,108.12264689754164,11,highpass
1.2066017643193188e-07,6.998101808152005e-07,1.6654438642748073e-07,2.516939146141406e-07,2.8475208850110635e-05,45.4884662267932,11,highpass
1.2066017643193188e-07,6.998101808152005e-07,1.6654438642748073e-07,2.5018073784384213e-07,2.8475208850110635e-05,49.013220699923494,11,highpass
1.2066017643193188e-07,6.976595191934455e-07,1.8374196170305757e-07,2.516939146141406e-07,2.1502649908598592e-05,8.25769979156521,11,highpass
1.2066017643193188e-07,6.998101808152005e-07,1.8374196170305757e-07,2.516939146141406e-07,2.8475208850110635e-05,5.721424329659663,11,highpass
1.2066017643193188e-07,6.998101808152005e-07,1.6654438642748073e-07,2.5018073784384213e-07,2.8475208850110635e-05,49.013220699923494,11,highpass
1.0090567613164992e-07,6.976595191934455e-07,1.6654438642748073e-07,2.516939146141406e-07,2.8475208850110635e-05,60.97565308371667,11,highpass
1.2066017643193188e-07,6.998101808152005e-07,1.6654438642748073e-07,2.5018073784384213e-07,2.8475208850110635e-05,49.013220699923494,11,highpass
1.0090567613164992e-07,7e-07,1.8374196170305757e-07,2.516939146141406e-07,2.8475208850110635e-05,105.19671128448915,11,highpass
1.0090567613164992e-07,6.998101808152005e-07,1.6654438642748073e-07,2.5018073784384213e-07,2.8475208850110635e-05,62.490493504819256,11,highpass
1.0090567613164992e-07,6.976595191934455e-07,1.6654438642748073e-07,2.516939146141406e-07,2.8475208850110635e-05,60.97565308371667,11,highpass
1.2066017643193188e-07,6.998101808152005e-07,1.6654438642748073e-07,2.5018073784384213e-07,2.8475208850110635e-05,49.013220699923494,11,highpass
1.2066017643193188e-07,6.976595191934455e-07,1.6654438642748073e-07,2.497837214056852e-07,2.8475208850110635e-05,46.37532216131112,11,highpass
1.0090567613164992e-07,6.998101808152005e-07,1.6654438642748073e-07,2.1211378541201374e-07,2.8475208850110635e-05,26.118217352809168,11,highpass
1.2066017643193188e-07,6.998101808152005e-07,1.6654438642748073e-07,2.516939146141406e-07,2.8475208850110635e-05,45.4884662267932,11,highpass
1.2066017643193188e-07,5.423179210928746e-07,1.6654438642748073e-07,2.5018073784384213e-07,2.8475208850110635e-05,9.69138202837501,11,highpass
1.0090567613164992e-07,6.976595191934455e-07,1.6654438642748073e-07,2.516939146141406e-07,2.8475208850110635e-05,60.97565308371667,11,highpass
1.2066017643193188e-07,3.2133099646327715e-07,1.6654438642748073e-07,2.516939146141406e-07,2.8475208850110635e-05,1.4190224836388672,11,highpass
1.0090567613164992e-07,6.976595191934455e-07,1.6654438642748073e-07,2.516939146141406e-07,2.8475208850110635e-05,60.97565308371667,11,highpass
1.0090567613164992e-07,6.976595191934455e-07,1.6654438642748073e-07,2.516939146141406e-07,3.0338771522325766e-05,45.787412548877576,11,highpass
1.0090567613164992e-07,6.976595191934455e-07,1.8374196170305757e-07,2.516939146141406e-07,2.8475208850110635e-05,108.12264689754164,11,highpass
1.2066017643193188e-07,6.998101808152005e-07,1.6654438642748073e-07,2.5018073784384213e-07,2.8475208850110635e-05,49.013220699923494,11,highpass
1.2066017643193188e-07,6.998101808152005e-07,1.6654438642748073e-07,2.516939146141406e-07,2.8475208850110635e-05,45.4884662267932,11,highpass
1.2066017643193188e-07,6.998101808152005e-07,1.6654438642748073e-07,2.5018073784384213e-07,2.8475208850110635e-05,49.013220699923494,11,highpass
1.0090567613164992e-07,6.976595191934455e-07,1.6654438642748073e-07,2.516939146141406e-07,2.8475208850110635e-05,60.97565308371667,11,highpass
1.2066017643193188e-07,6.998101808152005e-07,1.6654438642748073e-07,2.5018073784384213e-07,2.8475208850110635e-05,49.013220699923494,11,highpass
1e-07,6.976595191934455e-07,1.6654438642748073e-07,2.516939146141406e-07,2.8475208850110635e-05,88.33435370574982,11,highpass
1.2066017643193188e-07,7e-07,1.6654438642748073e-07,2.5018073784384213e-07,2.8475208850110635e-05,49.013220699923494,11,highpass
1.2066017643193188e-07,6.998101808152005e-07,1.6654438642748073e-07,2.516939146141406e-07,2.8475208850110635e-05,45.4884662267932,11,highpass
1.2066017643193188e-07,6.998101808152005e-07,1.6654438642748073e-07,2.5018073784384213e-07,2.8475208850110635e-05,49.013220699923494,11,highpass
1.0090567613164992e-07,6.976595191934455e-07,1.8374196170305757e-07,2.516939146141406e-07,2.8475208850110635e-05,108.12264689754164,12,highpass
1.0090567613164992e-07,6.976595191934455e-07,1.8374196170305757e-07,2.516939146141406e-07,2.8475208850110635e-05,108.12264689754164,12,highpass
1.0090567613164992e-07,6.976595191934455e-07,1.6654438642748073e-07,2.516939146141406e-07,2.8475208850110635e-05,60.97565308371667,12,highpass
1.0090567613164992e-07,7e-07,1.6654438642748073e-07,2.516939146141406e-07,2.8475208850110635e-05,62.37119567321353,12,highpass
1.0090567613164992e-07,6.976595191934455e-07,1.6654438642748073e-07,2.516939146141406e-07,2.8475208850110635e-05,60.97565308371667,12,highpass
1.0090567613164992e-07,6.998101808152005e-07,1.6654438642748073e-07,2.5018073784384213e-07,2.8475208850110635e-05,62.490493504819256,12,highpass
1.0090567613164992e-07,6.998101808152005e-07,1.6654438642748073e-07,2.5018073784384213e-07,2.8475208850110635e-05,62.490493504819256,12,highpass
1.0090567613164992e-07,6.976595191934455e-07,1.6654438642748073e-07,2.516939146141406e-07,2.8475208850110635e-05,60.97565308371667,12,highpass
1.0090567613164992e-07,6.976595191934455e-07,1.6654438642748073e-07,2.516939146141406e-07,2.8475208850110635e-05,60.97565308371667,12,highpass
1.0090567613164992e-07,6.976595191934455e-07,1.8374196170305757e-07,2.516939146141406e-07,2.8475208850110635e-05,108.12264689754164,12,highpass
1.0090567613164992e-07,6.976595191934455e-07,1.6654438642748073e-07,2.516939146141406e-07,2.8475208850110635e-05,60.97565308371667,12,highpass
1.0090567613164992e-07,6.976595191934455e-07,1.6654438642748073e-07,2.516939146141406e-07,2.8475208850110635e-05,60.97565308371667,12,highpass
1.0090567613164992e-07,6.976595191934455e-07,1.8374196170305757e-07,2.516939146141406e-07,2.8475208850110635e-05,108.12264689754164,12,highpass
1.2066017643193188e-07,6.998101808152005e-07,1.6654438642748073e-07,2.516939146141406e-07,2.8475208850110635e-05,45.4884662267932,12,highpass
1.0090567613164992e-07,6.976595191934455e-07,1.6654438642748073e-07,2.516939146141406e-07,2.8475208850110635e-05,60.97565308371667,12,highpass
1.0090567613164992e-07,6.998101808152005e-07,1.6654438642748073e-07,2.5018073784384213e-07,2.8475208850110635e-05,62.490493504819256,12,highpass
1.0090567613164992e-07,6.976595191934455e-07,1.8374196170305757e-07,2.5018073784384213e-07,2.8475208850110635e-05,111.02849511167551,12,highpass
1.0090567613164992e-07,6.976595191934455e-07,1.8374196170305757e-07,2.516939146141406e-07,2.8475208850110635e-05,108.12264689754164,12,highpass
1.0090567613164992e-07,6.976595191934455e-07,1.8374196170305757e-07,2.516939146141406e-07,2.8475208850110635e-05,108.12264689754164,12,highpass
1.0090567613164992e-07,7e-07,1.6654438642748073e-07,2.5018073784384213e-07,2.8475208850110635e-05,62.490493504819256,12,highpass
1.0090567613164992e-07,7e-07,1.6654438642748073e-07,2.516939146141406e-07,2.8475208850110635e-05,62.37119567321353,12,highpass
1.0090567613164992e-07,6.976595191934455e-07,1.6654438642748073e-07,2.516939146141406e-07,2.8475208850110635e-05,60.97565308371667,12,highpass
1.0090567613164992e-07,6.976595191934455e-07,1.8374196170305757e-07,2.516939146141406e-07,2.8475208850110635e-05,108.12264689754164,12,highpass
1.0090567613164992e-07,6.945030307141094e-07,1.8374196170305757e-07,2.516939146141406e-07,2.8475208850110635e-05,156.98260626650952,12,highpass
1e-07,7e-07,1.6654438642748073e-07,2.516939146141406e-07,2.8475208850110635e-05,92.32124037667343,12,highpass
1.0090567613164992e-07,6.998101808152005e-07,2.2456147665161316e-07,2.5018073784384213e-07,2.8475208850110635e-05,0.8372333745423673,12,highpass
1.0090567613164992e-07,6.976595191934455e-07,1.8374196170305757e-07,2.516939146141406e-07,2.8475208850110635e-05,108.12264689754164,12,highpass
1.0090567613164992e-07,7e-07,1.6654438642748073e-07,2.5018073784384213e-07,2.8475208850110635e-05,62.490493504819256,12,highpass
1.0090567613164992e-07,6.998101808152005e-07,1.6654438642748073e-07,2.5018073784384213e-07,2.8475208850110635e-05,62.490493504819256,12,highpass
1.0090567613164992e-07,7e-07,1.8374196170305757e-07,2.516939146141406e-07,2.8475208850110635e-05,105.19671128448915,12,highpass
1.0090567613164992e-07,6.945030307141094e-07,1.8374196170305757e-07,2.516939146141406e-07,2.8475208850110635e-05,156.98260626650952,13,highpass
1.0090567613164992e-07,7e-07,1.8374196170305757e-07,2.516939146141406e-07,2.8475208850110635e-05,105.19671128448915,13,highpass
1.0090567613164992e-07,6.976595191934455e-07,1.8374196170305757e-07,2.516939146141406e-07,2.8475208850110635e-05,108.12264689754164,13,highpass
1.0090567613164992e-07,7e-07,1.8374196170305757e-07,2.5018073784384213e-07,2.8475208850110635e-05,136.60716168054475,13,highpass
1.0090567613164992e-07,6.945030307141094e-07,1.8374196170305757e-07,2.516939146141406e-07,2.8521977265964977e-05,156.98260626650952,13,highpass
1.0090567613164992e-07,6.945030307141094e-07,1.8374196170305757e-07,2.516939146141406e-07,2.8475208850110635e-05,156.98260626650952,13,highpass
1.0090567613164992e-07,7e-07,1.8374196170305757e-07,2.516939146141406e-07,2.9960007401014024e-05,26.19168779790078,13,highpass
1e-07,7e-07,1.6654438642748073e-07,2.516939146141406e-07,2.8475208850110635e-05,92.32124037667343,13,highpass
1.0180876071329726e-07,6.945030307141094e-07,1.8374196170305757e-07,2.516939146141406e-07,2.8475208850110635e-05,24.86128507394338,13,highpass
1.0090567613164992e-07,6.945030307141094e-07,1.8374196170305757e-07,2.5018073784384213e-07,2.8475208850110635e-05,133.96282503168092,13,highpass
1.0534224650486385e-07,7e-07,1.8374196170305757e-07,2.516939146141406e-07,2.8475208850110635e-05,12.218233193901488,13,highpass
1.0090567613164992e-07,7e-07,1.6654438642748073e-07,2.516939146141406e-07,2.8475208850110635e-05,62.37119567321353,13,highpass
1.0090567613164992e-07,6.976595191934455e-07,1.6654438642748073e-07,2.5018073784384213e-07,2.8475208850110635e-05,58.44033419923016,13,highpass
1.0090567613164992e-07,6.976595191934455e-07,1.8374196170305757e-07,2.516939146141406e-07,2.8475208850110635e-05,108.12264689754164,13,highpass
1.0090567613164992e-07,6.945030307141094e-07,1.8374196170305757e-07,2.516939146141406e-07,2.6435436484760882e-05,273.6006054031737,13,highpass
1.0090567613164992e-07,6.976595191934455e-07,1.8374196170305757e-07,2.5018073784384213e-07,2.8475208850110635e-05,111.02849511167551,13,highpass
1.0090567613164992e-07,6.976595191934455e-07,1.8374196170305757e-07,2.5018073784384213e-07,2.8475208850110635e-05,111.02849511167551,13,highpass
1.0090567613164992e-07,6.945030307141094e-07,1.8374196170305757e-07,2.516939146141406e-07,2.8475208850110635e-05,156.98260626650952,13,highpass
1.0090567613164992e-07,6.976595191934455e-07,1.6654438642748073e-07,2.5018073784384213e-07,2.8475208850110635e-05,58.44033419923016,13,highpass
1.0090567613164992e-07,3.0510951703654487e-07,1.8374196170305757e-07,2.5018073784384213e-07,2.8475208850110635e-05,1.3425344345807964,13,highpass
1.0090567613164992e-07,6.945030307141094e-07,1.8374196170305757e-07,2.516939146141406e-07,2.8475208850110635e-05,156.98260626650952,13,highpass
1.0090567613164992e-07,6.998101808152005e-07,1.6654438642748073e-07,2.5018073784384213e-07,2.8475208850110635e-05,59.30143826682067,13,highpass
1.0090567613164992e-07,6.976595191934455e-07,1.8374196170305757e-07,2.5018073784384213e-07,2.926713521838704e-05,59.05054176754382,13,highpass
1.0090567613164992e-07,6.976595191934455e-07,1.8374196170305757e-07,2.516939146141406e-07,2.8475208850110635e-05,108.12264689754164,13,highpass
1.0090567613164992e-07,6.901465249404313e-07,1.8374196170305757e-07,2.516939146141406e-07,2.8475208850110635e-05,153.14352062305508,13,highpass
1.0090567613164992e-07,6.945030307141094e-07,1.8374196170305757e-07,2.516939146141406e-07,2.8475208850110635e-05,156.98260626650952,13,highpass
1.0090567613164992e-07,7e-07,1.6654438642748073e-07,2.5018073784384213e-07,2.8475208850110635e-05,59.30143826682067,13,highpass
1.0090567613164992e-07,7e-07,1.8374196170305757e-07,1.501622609227012e-07,2.8475208850110635e-05,10.464619521685748,13,highpass
1.0090567613164992e-07,6.945030307141094e-07,1.8374196170305757e-07,2.516939146141406e-07,2.8475208850110635e-05,156.98260626650952,13,highpass
1.0090567613164992e-07,7e-07,1.8374196170305757e-07,2.5018073784384213e-07,2.8475208850110635e-05,136.60716168054475,13,highpass
1.0090567613164992e-07,6.945030307141094e-07,1.8374196170305757e-07,2.516939146141406e-07,2.6435436484760882e-05,273.6006054031737,14,highpass
1.0090567613164992e-07,6.945030307141094e-07,1.8374196170305757e-07,2.516939146141406e-07,2.8475208850110635e-05,156.98260626650952,14,highpass
1.0090567613164992e-07,6.781640498662525e-07,1.8374196170305757e-07,2.516939146141406e-07,2.8475208850110635e-05,133.04889741550502,14,highpass
1.0090567613164992e-07,6.945030307141094e-07,1.8374196170305757e-07,2.516939146141406e-07,2.6435436484760882e-05,273.6006054031737,14,highpass
1.0090567613164992e-07,6.945030307141094e-07,1.8374196170305757e-07,2.516939146141406e-07,2.6435436484760882e-05,273.6006054031737,14,highpass
1.0090567613164992e-07,6.945030307141094e-07,1.8374196170305757e-07,2.516939146141406e-07,2.8475208850110635e-05,156.98260626650952,14,highpass
1.0090567613164992e-07,6.945030307141094e-07,1.8374196170305757e-07,2.516939146141406e-07,2.8475208850110635e-05,156.98260626650952,14,highpass
1.0090567613164992e-07,6.945030307141094e-07,1.8374196170305757e-07,2.516939146141406e-07,2.8475208850110635e-05,156.98260626650952,14,highpass
1.0498909321683491e-07,6.945030307141094e-07,1.8374196170305757e-07,2.516939146141406e-07,2.8475208850110635e-05,17.067210868225267,14,highpass
1.0090567613164992e-07,6.945030307141094e-07,1.8374196170305757e-07,2.033963220369793e-07,2.8475208850110635e-05,35.228170026024934,14,highpass
1.0090567613164992e-07,6.945030307141094e-07,1.8374196170305757e-07,2.516939146141406e-07,2.8475208850110635e-05,156.98260626650952,14,highpass
1.0090567613164992e-07,6.901465249404313e-07,1.8798286224063004e-07,2.516939146141406e-07,2.6435436484760882e-05,29.35022481629192,14,highpass
1.0090567613164992e-07,6.976595191934455e-07,1.8374196170305757e-07,2.314810528711508e-07,2.8475208850110635e-05,38.34803646595181,14,highpass
1.0090567613164992e-07,6.945030307141094e-07,1.8374196170305757e-07,2.516939146141406e-07,2.8475208850110635e-05,156.98260626650952,14,highpass
1.0090567613164992e-07,6.945030307141094e-07,1.8374196170305757e-07,2.516939146141406e-07,2.6435436484760882e-05,273.6006054031737,14,highpass
1.0090567613164992e-07,6.945030307141094e-07,1.8374196170305757e-07,2.516939146141406e-07,2.8475208850110635e-05,156.98260626650952,14,highpass
1.0090567613164992e-07,6.945030307141094e-07,1.8374196170305757e-07,2.516939146141406e-07,2.8475208850110635e-05,156.98260626650952,14,highpass
1.0090567613164992e-07,6.945030307141094e-07,1.8374196170305757e-07,2.516939146141406e-07,2.8475208850110635e-05,156.98260626650952,14,highpass
1.5462972065617802e-07,7e-07,1.8374196170305757e-07,2.5018073784384213e-07,2.8475208850110635e-05,0.8393756835901682,14,highpass
1.0090567613164992e-07,6.901465249404313e-07,1.8374196170305757e-07,2.516939146141406e-07,2.8475208850110635e-05,153.14352062305508,14,highpass
1.0090567613164992e-07,6.945030307141094e-07,1.8374196170305757e-07,2.516939146141406e-07,2.8475208850110635e-05,156.98260626650952,14,highpass
1.0090567613164992e-07,6.945030307141094e-07,1.8374196170305757e-07,2.516939146141406e-07,2.8475208850110635e-05,156.98260626650952,14,highpass
1.0090567613164992e-07,6.945030307141094e-07,1.8374196170305757e-07,2.516939146141406e-07,2.8475208850110635e-05,156.98260626650952,14,highpass
1.0090567613164992e-07,6.945030307141094e-07,1.8374196170305757e-07,2.516939146141406e-07,2.8475208850110635e-05,156.98260626650952,14,highpass
1.0090567613164992e-07,6.945030307141094e-07,1.8374196170305757e-07,2.516939146141406e-07,2.8475208850110635e-05,156.98260626650952,14,highpass
1.0090567613164992e-07,6.945030307141094e-07,1.8374196170305757e-07,2.516939146141406e-07,2.8521977265964977e-05,156.98260626650952,14,highpass
1.0090567613164992e-07,6.945030307141094e-07,1.8374196170305757e-07,2.516939146141406e-07,2.8475208850110635e-05,156.98260626650952,14,highpass
1.0090567613164992e-07,6.945030307141094e-07,1.8374196170305757e-07,2.516939146141406e-07,2.8475208850110635e-05,156.98260626650952,14,highpass
1.0090567613164992e-07,6.945030307141094e-07,1.8374196170305757e-07,2.516939146141406e-07,2.8475208850110635e-05,156.98260626650952,14,highpass
1.0090567613164992e-07,6.945030307141094e-07,1.8374196170305757e-07,2.516939146141406e-07,2.8475208850110635e-05,156.98260626650952,14,highpass
1.0090567613164992e-07,6.945030307141094e-07,1.8374196170305757e-07,2.516939146141406e-07,2.6435436484760882e-05,273.6006054031737,15,highpass
1.0090567613164992e-07,6.945030307141094e-07,1.8374196170305757e-07,2.516939146141406e-07,2.6435436484760882e-05,273.6006054031737,15,highpass
1.0090567613164992e-07,6.945030307141094e-07,1.8374196170305757e-07,2.516939146141406e-07,2.6435436484760882e-05,273.6006054031737,15,highpass
1.0090567613164992e-07,6.945030307141094e-07,1.8374196170305757e-07,2.516939146141406e-07,2.6435436484760882e-05,273.6006054031737,15,highpass
1.0090567613164992e-07,6.945030307141094e-07,1.8374196170305757e-07,2.516939146141406e-07,2.6435436484760882e-05,273.6006054031737,15,highpass
1.0090567613164992e-07,6.945030307141094e-07,1.8374196170305757e-07,2.516939146141406e-07,2.8475208850110635e-05,156.98260626650952,15,highpass
1.0090567613164992e-07,6.945030307141094e-07,1.8374196170305757e-07,2.516939146141406e-07,2.8521977265964977e-05,156.98260626650952,15,highpass
1.0090567613164992e-07,6.945030307141094e-07,1.8374196170305757e-07,2.516939146141406e-07,2.6435436484760882e-05,273.6006054031737,15,highpass
1.0090567613164992e-07,6.945030307141094e-07,1.8374196170305757e-07,2.516939146141406e-07,2.8475208850110635e-05,156.98260626650952,15,highpass
1.0090567613164992e-07,6.945030307141094e-07,1.8374196170305757e-07,2.516939146141406e-07,2.8475208850110635e-05,156.98260626650952,15,highpass
1.0090567613164992e-07,6.945030307141094e-07,1.8374196170305757e-07,2.516939146141406e-07,2.6435436484760882e-05,273.6006054031737,15,highpass
1.0090567613164992e-07,6.945030307141094e-07,1.8374196170305757e-07,2.516939146141406e-07,2.8475208850110635e-05,156.98260626650952,15,highpass
1.0090567613164992e-07,6.945030307141094e-07,1.8374196170305757e-07,2.516939146141406e-07,2.8521977265964977e-05,156.98260626650952,15,highpass
1.0090567613164992e-07,6.945030307141094e-07,1.8374196170305757e-07,2.516939146141406e-07,2.6435436484760882e-05,273.6006054031737,15,highpass
1.0090567613164992e-07,6.945030307141094e-07,1.8374196170305757e-07,2.516939146141406e-07,2.8475208850110635e-05,156.98260626650952,15,highpass
1.0090567613164992e-07,6.945030307141094e-07,1.8374196170305757e-07,2.516939146141406e-07,2.8475208850110635e-05,156.98260626650952,15,highpass
1.0090567613164992e-07,6.945030307141094e-07,1.8374196170305757e-07,2.516939146141406e-07,2.6435436484760882e-05,273.6006054031737,15,highpass
1.0090567613164992e-07,6.945030307141094e-07,1.8374196170305757e-07,2.516939146141406e-07,2.6435436484760882e-05,273.6006054031737,15,highpass
1.0090567613164992e-07,6.945030307141094e-07,1.8374196170305757e-07,2.516939146141406e-07,2.6435436484760882e-05,273.6006054031737,15,highpass
1.0090567613164992e-07,6.945030307141094e-07,1.8374196170305757e-07,2.516939146141406e-07,2.6435436484760882e-05,273.6006054031737,15,highpass
1.0090567613164992e-07,6.945030307141094e-07,1.8374196170305757e-07,2.516939146141406e-07,2.7099969598128663e-05,488.14219061458994,15,highpass
1.0090567613164992e-07,6.945030307141094e-07,1.8374196170305757e-07,2.516939146141406e-07,2.6443773119476896e-05,273.6006054031737,15,highpass
1.0090567613164992e-07,6.945030307141094e-07,1.8374196170305757e-07,2.516939146141406e-07,2.8475208850110635e-05,156.98260626650952,15,highpass
1.0090567613164992e-07,6.945030307141094e-07,1.7805481185984556e-07,2.516939146141406e-07,2.8475208850110635e-05,68.62469394596998,15,highpass
1.0090567613164992e-07,6.945030307141094e-07,1.8374196170305757e-07,2.516939146141406e-07,2.6435436484760882e-05,273.6006054031737,15,highpass
1.0090567613164992e-07,6.945030307141094e-07,1.8374196170305757e-07,2.516939146141406e-07,2.8475208850110635e-05,156.98260626650952,15,highpass
1.0090567613164992e-07,6.945030307141094e-07,1.8374196170305757e-07,2.516939146141406e-07,2.6435436484760882e-05,273.6006054031737,15,highpass
1.0090567613164992e-07,6.945030307141094e-07,1.8374196170305757e-07,2.516939146141406e-07,2.8475208850110635e-05,156.98260626650952,15,highpass
1.0090567613164992e-07,6.945030307141094e-07,1.8374196170305757e-07,2.516939146141406e-07,2.8475208850110635e-05,156.98260626650952,15,highpass
1.0090567613164992e-07,6.945030307141094e-07,1.8374196170305757e-07,2.516939146141406e-07,2.8475208850110635e-05,156.98260626650952,15,highpass
1.0090567613164992e-07,6.945030307141094e-07,1.8374196170305757e-07,2.516939146141406e-07,2.7099969598128663e-05,233.5415363216726,16,highpass
1.0090567613164992e-07,6.945030307141094e-07,1.8374196170305757e-07,2.516939146141406e-07,2.6435436484760882e-05,273.6006054031737,16,highpass
1.0090567613164992e-07,6.945030307141094e-07,1.8374196170305757e-07,2.516939146141406e-07,2.7099969598128663e-05,233.5415363216726,16,highpass
1.0090567613164992e-07,6.945030307141094e-07,1.8374196170305757e-07,2.516939146141406e-07,2.6435436484760882e-05,273.6006054031737,16,highpass
1.0090567613164992e-07,6.945030307141094e-07,1.8374196170305757e-07,2.516939146141406e-07,2.6435436484760882e-05,273.6006054031737,16,highpass
1.0090567613164992e-07,6.945030307141094e-07,1.8374196170305757e-07,2.516939146141406e-07,2.6435436484760882e-05,273.6006054031737,16,highpass
1.0090567613164992e-07,6.945030307141094e-07,1.8374196170305757e-07,2.516939146141406e-07,2.6435436484760882e-05,273.6006054031737,16,highpass
1.0090567613164992e-07,6.557714470501761e-07,1.8374196170305757e-07,2.516939146141406e-07,2.7099969598128663e-05,320.2803709855683,16,highpass
1.0090567613164992e-07,6.945030307141094e-07,1.8374196170305757e-07,2.516939146141406e-07,2.6435436484760882e-05,273.6006054031737,16,highpass
1.0090567613164992e-07,6.945030307141094e-07,1.8374196170305757e-07,2.516939146141406e-07,2.6435436484760882e-05,273.6006054031737,16,highpass
1.0090567613164992e-07,6.945030307141094e-07,1.8374196170305757e-07,2.516939146141406e-07,2.6435436484760882e-05,273.6006054031737,16,highpass
1.0090567613164992e-07,6.945030307141094e-07,1.8374196170305757e-07,2.516939146141406e-07,2.6435436484760882e-05,273.6006054031737,16,highpass
1.4021458822130022e-07,6.945030307141094e-07,1.8374196170305757e-07,2.516939146141406e-07,2.6435436484760882e-05,0.7695191722168593,16,highpass
1.0090567613164992e-07,4.2822849141179396e-07,1.8374196170305757e-07,2.516939146141406e-07,2.6435436484760882e-05,4.058952815102238,16,highpass
1.0090567613164992e-07,6.945030307141094e-07,1.8374196170305757e-07,2.516939146141406e-07,2.6435436484760882e-05,273.6006054031737,16,highpass
1.0090567613164992e-07,6.945030307141094e-07,1.8374196170305757e-07,2.516939146141406e-07,2.6435436484760882e-05,273.6006054031737,16,highpass
1.0090567613164992e-07,6.945030307141094e-07,1.8374196170305757e-07,2.516939146141406e-07,2.6435436484760882e-05,273.6006054031737,16,highpass
1.0090567613164992e-07,6.945030307141094e-07,1.8374196170305757e-07,2.516939146141406e-07,2.6435436484760882e-05,273.6006054031737,16,highpass
1.0090567613164992e-07,6.945030307141094e-07,1.8374196170305757e-07,2.516939146141406e-07,2.6435436484760882e-05,273.6006054031737,16,highpass
1.0090567613164992e-07,6.945030307141094e-07,1.8374196170305757e-07,2.516939146141406e-07,2.7099969598128663e-05,233.5415363216726,16,highpass
1.0090567613164992e-07,6.945030307141094e-07,1.8374196170305757e-07,2.516939146141406e-07,2.6435436484760882e-05,273.6006054031737,16,highpass
1.0090567613164992e-07,6.945030307141094e-07,1.8374196170305757e-07,2.516939146141406e-07,2.6443773119476896e-05,273.6006054031737,16,highpass
1.0090567613164992e-07,6.945030307141094e-07,1.8374196170305757e-07,2.516939146141406e-07,2.6435436484760882e-05,273.6006054031737,16,highpass
1.0090567613164992e-07,6.945030307141094e-07,1.8374196170305757e-07,2.473793201088867e-07,2.7099969598128663e-05,286.1938696394077,16,highpass
1.0090567613164992e-07,6.945030307141094e-07,1.8374196170305757e-07,2.516939146141406e-07,2.6443773119476896e-05,273.6006054031737,16,highpass
1.0090567613164992e-07,6.945030307141094e-07,1.8374196170305757e-07,2.516939146141406e-07,2.6435436484760882e-05,273.6006054031737,16,highpass
1.0090567613164992e-07,6.945030307141094e-07,1.8374196170305757e-07,2.516939146141406e-07,2.6435436484760882e-05,273.6006054031737,16,highpass
1.0090567613164992e-07,6.945030307141094e-07,1.8374196170305757e-07,2.516939146141406e-07,2.6435436484760882e-05,273.6006054031737,16,highpass
1.0090567613164992e-07,6.945030307141094e-07,1.8374196170305757e-07,2.5204682049980756e-07,2.7099969598128663e-05,233.5415363216726,16,highpass
1.0090567613164992e-07,6.945030307141094e-07,1.8374196170305757e-07,2.516939146141406e-07,2.6435436484760882e-05,273.6006054031737,16,highpass
1.0090567613164992e-07,6.945030307141094e-07,1.8374196170305757e-07,2.516939146141406e-07,2.7099969598128663e-05,488.14219061458994,17,highpass
1.0090567613164992e-07,6.945030307141094e-07,1.8374196170305757e-07,2.516939146141406e-07,2.6435436484760882e-05,273.6006054031737,17,highpass
1.0090567613164992e-07,6.557714470501761e-07,1.8374196170305757e-07,2.516939146141406e-07,2.7099969598128663e-05,320.2803709855683,17,highpass
1.0090567613164992e-07,6.387655037554931e-07,1.8374196170305757e-07,2.473793201088867e-07,2.7099969598128663e-05,44.296312489620405,17,highpass
1.0090567613164992e-07,4.7677822688719844e-07,1.8374196170305757e-07,2.516939146141406e-07,2.6435436484760882e-05,8.770191366372423,17,highpass
1.0090567613164992e-07,6.945030307141094e-07,1.8374196170305757e-07,2.516939146141406e-07,2.6443773119476896e-05,273.6006054031737,17,highpass
1.0725424401394465e-07,6.945030307141094e-07,1.8374196170305757e-07,2.516939146141406e-07,2.6435436484760882e-05,28.063724647563813,17,highpass
1.0090567613164992e-07,6.945030307141094e-07,1.8374196170305757e-07,2.473793201088867e-07,2.7099969598128663e-05,286.1938696394077,17,highpass
1.0090567613164992e-07,6.945030307141094e-07,1.8374196170305757e-07,2.516939146141406e-07,2.6435436484760882e-05,273.6006054031737,17,highpass
1.0090567613164992e-07,6.557714470501761e-07,1.8374196170305757e-07,2.516939146141406e-07,2.7099969598128663e-05,320.2803709855683,17,highpass
1.0090567613164992e-07,6.945030307141094e-07,1.8374196170305757e-07,2.516939146141406e-07,2.7099969598128663e-05,488.14219061458994,17,highpass
1.0090567613164992e-07,6.945030307141094e-07,1.8374196170305757e-07,2.516939146141406e-07,2.6435436484760882e-05,273.6006054031737,17,highpass
1.0090567613164992e-07,6.945030307141094e-07,1.8374196170305757e-07,2.516939146141406e-07,2.6435436484760882e-05,273.6006054031737,17,highpass
1.0090567613164992e-07,6.945030307141094e-07,2.2229560724377656e-07,2.516939146141406e-07,2.6435436484760882e-05,0.8072986605980266,17,highpass
1.0090567613164992e-07,6.945030307141094e-07,1.8374196170305757e-07,2.516939146141406e-07,2.7099969598128663e-05,488.14219061458994,17,highpass
1.0090567613164992e-07,6.557714470501761e-07,1.8374196170305757e-07,2.516939146141406e-07,2.6435436484760882e-05,60.3254126068098,17,highpass
1.0090567613164992e-07,6.945030307141094e-07,1.8374196170305757e-07,2.516939146141406e-07,2.6435436484760882e-05,273.6006054031737,17,highpass
1.0090567613164992e-07,6.945030307141094e-07,1.8374196170305757e-07,2.516939146141406e-07,2.6435436484760882e-05,273.6006054031737,17,highpass
1.0090567613164992e-07,6.945030307141094e-07,1.8374196170305757e-07,2.473793201088867e-07,2.7099969598128663e-05,286.1938696394077,17,highpass
1.0090567613164992e-07,6.854696253521586e-07,1.8374196170305757e-07,2.516939146141406e-07,2.6435436484760882e-05,304.87833141344015,17,highpass
1.0090567613164992e-07,6.945030307141094e-07,1.8374196170305757e-07,2.516939146141406e-07,2.6435436484760882e-05,273.6006054031737,17,highpass
1.0090567613164992e-07,6.945030307141094e-07,1.8374196170305757e-07,2.516939146141406e-07,2.7099969598128663e-05,488.14219061458994,17,highpass
1.0090567613164992e-07,6.557714470501761e-07,1.8374196170305757e-07,2.516939146141406e-07,2.7099969598128663e-05,320.2803709855683,17,highpass
1.0090567613164992e-07,6.945030307141094e-07,1.8374196170305757e-07,2.516939146141406e-07,2.6435436484760882e-05,273.6006054031737,17,highpass
1.0090567613164992e-07,6.945030307141094e-07,1.8374196170305757e-07,2.516939146141406e-07,2.6435436484760882e-05,273.6006054031737,17,highpass
1.0090567613164992e-07,6.945030307141094e-07,1.8374196170305757e-07,2.516939146141406e-07,2.6435436484760882e-05,273.6006054031737,17,highpass
1.0090567613164992e-07,6.945030307141094e-07,1.8374196170305757e-07,2.473793201088867e-07,2.7099969598128663e-05,286.1938696394077,17,highpass
1.0090567613164992e-07,6.945030307141094e-07,1.8374196170305757e-07,2.516939146141406e-07,2.6435436484760882e-05,273.6006054031737,17,highpass
1.0090567613164992e-07,6.945030307141094e-07,1.8374196170305757e-07,2.516939146141406e-07,2.7099969598128663e-05,488.14219061458994,17,highpass
1.0090567613164992e-07,6.945030307141094e-07,1.8374196170305757e-07,2.516939146141406e-07,2.6435436484760882e-05,273.6006054031737,17,highpass
1.0090567613164992e-07,6.945030307141094e-07,1.8374196170305757e-07,2.516939146141406e-07,2.7099969598128663e-05,488.14219061458994,18,highpass
1.0090567613164992e-07,6.945030307141094e-07,1.8374196170305757e-07,2.516939146141406e-07,2.7099969598128663e-05,488.14219061458994,18,highpass
1.0090567613164992e-07,6.854696253521586e-07,1.8374196170305757e-07,2.516939146141406e-07,8.978192785696254e-06,12.980627914202985,18,highpass
1.0090567613164992e-07,5.091669165595243e-07,1.8374196170305757e-07,2.516939146141406e-07,2.7099969598128663e-05,9.357238884363909,18,highpass
1.0090567613164992e-07,6.945030307141094e-07,1.8374196170305757e-07,2.516939146141406e-07,2.7099969598128663e-05,488.14219061458994,18,highpass
1.0090567613164992e-07,6.945030307141094e-07,1.8374196170305757e-07,2.473793201088867e-07,2.7099969598128663e-05,564.2467440693679,18,highpass
1.0090567613164992e-07,6.945030307141094e-07,1.8374196170305757e-07,2.516939146141406e-07,2.7099969598128663e-05,488.14219061458994,18,highpass
1.0090567613164992e-07,6.945030307141094e-07,1.8374196170305757e-07,2.473793201088867e-07,2.7099969598128663e-05,564.2467440693679,18,highpass
1.0090567613164992e-07,6.945030307141094e-07,1.8374196170305757e-07,2.516939146141406e-07,2.7099969598128663e-05,488.14219061458994,18,highpass
1.0090567613164992e-07,6.945030307141094e-07,1.8374196170305757e-07,2.516939146141406e-07,2.7099969598128663e-05,488.14219061458994,18,highpass
1.0090567613164992e-07,6.945030307141094e-07,1.8374196170305757e-07,2.516939146141406e-07,2.7099969598128663e-05,488.14219061458994,18,highpass
1.0090567613164992e-07,6.81284737480447e-07,1.8374196170305757e-07,2.473793201088867e-07,2.7099969598128663e-05,531.6418104580363,18,highpass
1.0090567613164992e-07,6.945030307141094e-07,1.8374196170305757e-07,2.516939146141406e-07,2.7099969598128663e-05,488.14219061458994,18,highpass
1.0090567613164992e-07,6.945030307141094e-07,1.8374196170305757e-07,2.516939146141406e-07,2.7099969598128663e-05,488.14219061458994,18,highpass
1.0090567613164992e-07,6.945030307141094e-07,1.8374196170305757e-07,2.473793201088867e-07,2.7099969598128663e-05,564.2467440693679,18,highpass
1.0090567613164992e-07,6.945030307141094e-07,1.8374196170305757e-07,2.473793201088867e-07,2.7099969598128663e-05,564.2467440693679,18,highpass
1.0090567613164992e-07,6.945030307141094e-07,1.8374196170305757e-07,2.516939146141406e-07,2.7099969598128663e-05,488.14219061458994,18,highpass
1.0090567613164992e-07,6.945030307141094e-07,1.8374196170305757e-07,2.516939146141406e-07,2.7099969598128663e-05,488.14219061458994,18,highpass
1.0090567613164992e-07,6.945030307141094e-07,1.8374196170305757e-07,2.516939146141406e-07,2.7099969598128663e-05,488.14219061458994,18,highpass
1.0090567613164992e-07,6.945030307141094e-07,1.8374196170305757e-07,2.4727795472213605e-07,2.7099969598128663e-05,564.2467440693679,18,highpass
1.0090567613164992e-07,6.945030307141094e-07,1.8374196170305757e-07,2.516939146141406e-07,2.7099969598128663e-05,488.14219061458994,18,highpass
1.0090567613164992e-07,6.854696253521586e-07,1.8374196170305757e-07,2.516939146141406e-07,2.6435436484760882e-05,304.87833141344015,18,highpass
1.0090567613164992e-07,6.557714470501761e-07,1.8374196170305757e-07,2.473793201088867e-07,2.7099969598128663e-05,47.09092985185027,18,highpass
1.0090567613164992e-07,6.945030307141094e-07,1.8374196170305757e-07,2.516939146141406e-07,2.7099969598128663e-05,488.14219061458994,18,highpass
1.0090567613164992e-07,6.945030307141094e-07,1.8374196170305757e-07,2.541592288078709e-07,2.7099969598128663e-05,259.00319861276336,18,highpass
1.0090567613164992e-07,6.945030307141094e-07,1.8374196170305757e-07,2.516939146141406e-07,2.7099969598128663e-05,488.14219061458994,18,highpass
1.0090567613164992e-07,6.945030307141094e-07,1.8374196170305757e-07,2.516939146141406e-07,2.7099969598128663e-05,488.14219061458994,18,highpass
1.0090567613164992e-07,6.557714470501761e-07,1.8374196170305757e-07,2.516939146141406e-07,2.7099969598128663e-05,320.2803709855683,18,highpass
1.0090567613164992e-07,6.945030307141094e-07,1.8374196170305757e-07,2.516939146141406e-07,2.7099969598128663e-05,488.14219061458994,18,highpass
1.0090567613164992e-07,6.945030307141094e-07,1.8374196170305757e-07,2.516939146141406e-07,2.4508823688117926e-05,87.16175608803891,18,highpass
1.0090567613164992e-07,6.945030307141094e-07,1.8374196170305757e-07,2.473793201088867e-07,2.7099969598128663e-05,286.1938696394077,19,highpass
1.0090567613164992e-07,6.945030307141094e-07,1.8374196170305757e-07,2.473793201088867e-07,2.7099969598128663e-05,286.1938696394077,19,highpass
1.0090567613164992e-07,6.945030307141094e-07,1.8374196170305757e-07,2.5224505493803584e-07,2.7099969598128663e-05,488.14219061458994,19,highpass
1.0090567613164992e-07,4.4933385758045276e-07,1.8374196170305757e-07,2.473793201088867e-07,2.7099969598128663e-05,4.069370343167581,19,highpass
1.0090567613164992e-07,6.945030307141094e-07,1.8374196170305757e-07,2.473793201088867e-07,2.7099969598128663e-05,286.1938696394077,19,highpass
1.0090567613164992e-07,6.945030307141094e-07,1.8374196170305757e-07,2.473793201088867e-07,2.7099969598128663e-05,286.1938696394077,19,highpass
1.0090567613164992e-07,6.945030307141094e-07,1.8374196170305757e-07,2.473793201088867e-07,2.7099969598128663e-05,286.1938696394077,19,highpass
1.0090567613164992e-07,6.945030307141094e-07,1.8374196170305757e-07,2.473793201088867e-07,2.7099969598128663e-05,286.1938696394077,19,highpass
1.0090567613164992e-07,6.945030307141094e-07,1.8374196170305757e-07,2.516939146141406e-07,2.7099969598128663e-05,488.14219061458994,19,highpass
1.0090567613164992e-07,6.945030307141094e-07,1.8374196170305757e-07,2.473793201088867e-07,2.7099969598128663e-05,286.1938696394077,19,highpass
1.0090567613164992e-07,6.945030307141094e-07,1.5629795263478732e-07,2.473793201088867e-07,2.7099969598128663e-05,21.019388835079003,19,highpass
1.0090567613164992e-07,6.945030307141094e-07,1.8374196170305757e-07,2.473793201088867e-07,2.7099969598128663e-05,286.1938696394077,19,highpass
1.0090567613164992e-07,6.945030307141094e-07,1.8374196170305757e-07,2.473793201088867e-07,2.7099969598128663e-05,286.1938696394077,19,highpass
1.0090567613164992e-07,6.945030307141094e-07,1.8374196170305757e-07,2.4727795472213605e-07,2.7099969598128663e-05,286.1938696394077,19,highpass
1.0090567613164992e-07,6.945030307141094e-07,1.8374196170305757e-07,2.516939146141406e-07,2.7099969598128663e-05,488.14219061458994,19,highpass
1.0090567613164992e-07,6.945030307141094e-07,1.8374196170305757e-07,2.473793201088867e-07,2.7099969598128663e-05,286.1938696394077,19,highpass
1.0090567613164992e-07,6.945030307141094e-07,1.8374196170305757e-07,2.473793201088867e-07,2.7099969598128663e-05,286.1938696394077,19,highpass
1.0418739641168598e-07,6.945030307141094e-07,1.8374196170305757e-07,2.516939146141406e-07,2.7099969598128663e-05,31.731542377620983,19,highpass
1.0090567613164992e-07,6.945030307141094e-07,1.8374196170305757e-07,2.473793201088867e-07,2.7099969598128663e-05,286.1938696394077,19,highpass
1.0090567613164992e-07,6.81284737480447e-07,1.8374196170305757e-07,2.473793201088867e-07,2.7099969598128663e-05,531.6418104580363,19,highpass
1.0090567613164992e-07,6.945030307141094e-07,1.8374196170305757e-07,2.473793201088867e-07,2.7099969598128663e-05,286.1938696394077,19,highpass
1.0090567613164992e-07,6.945030307141094e-07,1.8374196170305757e-07,2.516939146141406e-07,2.7099969598128663e-05,488.14219061458994,19,highpass
1.0090567613164992e-07,6.945030307141094e-07,1.8374196170305757e-07,2.473793201088867e-07,2.7099969598128663e-05,286.1938696394077,19,highpass
1.0090567613164992e-07,6.81284737480447e-07,1.8374196170305757e-07,2.473793201088867e-07,2.7099969598128663e-05,531.6418104580363,19,highpass
1.0090567613164992e-07,6.81284737480447e-07,1.8374196170305757e-07,2.516939146141406e-07,2.7099969598128663e-05,258.77985372370495,19,highpass
1.0090567613164992e-07,6.945030307141094e-07,1.463096694559329e-07,2.516939146141406e-07,2.7099969598128663e-05,21.896126653786673,19,highpass
1.0090567613164992e-07,6.945030307141094e-07,1.8297518171016487e-07,2.473793201088867e-07,2.7099969598128663e-05,322.0741069652724,19,highpass
1.0090567613164992e-07,6.945030307141094e-07,1.8374196170305757e-07,2.473793201088867e-07,2.7099969598128663e-05,286.1938696394077,19,highpass
1.0090567613164992e-07,6.945030307141094e-07,1.8374196170305757e-07,2.473793201088867e-07,2.7099969598128663e-05,286.1938696394077,19,highpass
1.0090567613164992e-07,6.945030307141094e-07,1.8820042908723224e-07,2.473793201088867e-07,2.7099969598128663e-05,42.136113751706034,19,highpass
1.0090567613164992e-07,6.945030307141094e-07,1.8374196170305757e-07,2.473793201088867e-07,2.7099969598128663e-05,286.1938696394077,20,highpass
1.0090567613164992e-07,6.81284737480447e-07,1.8374196170305757e-07,2.473793201088867e-07,2.7099969598128663e-05,531.6418104580363,20,highpass
1.0090567613164992e-07,6.81284737480447e-07,1.8374196170305757e-07,2.473793201088867e-07,2.7099969598128663e-05,531.6418104580363,20,highpass
1.0090567613164992e-07,6.945030307141094e-07,1.8374196170305757e-07,1.5157336848484877e-07,2.7099969598128663e-05,5.012683547702699,20,highpass
1.0090567613164992e-07,6.81284737480447e-07,1.8374196170305757e-07,2.473793201088867e-07,2.7099969598128663e-05,531.6418104580363,20,highpass
1.0090567613164992e-07,6.945030307141094e-07,1.8274340087468098e-07,2.473793201088867e-07,2.7099969598128663e-05,322.0741069652724,20,highpass
1.0090567613164992e-07,6.945030307141094e-07,1.8374196170305757e-07,2.473793201088867e-07,2.7099969598128663e-05,286.1938696394077,20,highpass
1.0090567613164992e-07,6.945030307141094e-07,1.8374196170305757e-07,2.516939146141406e-07,2.7099969598128663e-05,488.14219061458994,20,highpass
1.0090567613164992e-07,6.945030307141094e-07,1.8374196170305757e-07,2.473793201088867e-07,2.7099969598128663e-05,286.1938696394077,20,highpass
1e-07,6.945030307141094e-07,1.8374196170305757e-07,2.516939146141406e-07,2.7099969598128663e-05,35.56232383375307,20,highpass
1.0090567613164992e-07,6.81284737480447e-07,1.8374196170305757e-07,2.473793201088867e-07,2.7099969598128663e-05,531.6418104580363,20,highpass
1.0090567613164992e-07,6.945030307141094e-07,1.8374196170305757e-07,2.516939146141406e-07,2.7099969598128663e-05,488.14219061458994,20,highpass
1.0090567613164992e-07,6.945030307141094e-07,1.8374196170305757e-07,2.516939146141406e-07,2.7099969598128663e-05,488.14219061458994,20,highpass
1.0090567613164992e-07,7e-07,1.8374196170305757e-07,2.5224505493803584e-07,2.7099969598128663e-05,450.06994792563586,20,highpass
1.0090567613164992e-07,6.945030307141094e-07,1.8297518171016487e-07,2.473793201088867e-07,2.7099969598128663e-05,322.0741069652724,20,highpass
1.0090567613164992e-07,6.945030307141094e-07,1.8374196170305757e-07,2.4727795472213605e-07,2.7099969598128663e-05,286.1938696394077,20,highpass
1.0090567613164992e-07,6.897084283978665e-07,1.8374196170305757e-07,2.473793201088867e-07,2.7099969598128663e-05,735.5549347429089,20,highpass
1.7503362515808514e-07,6.945030307141094e-07,1.8374196170305757e-07,2.473793201088867e-07,2.7099969598128663e-05,0.8904239520210407,20,highpass
1.0090567613164992e-07,6.945030307141094e-07,1.8374196170305757e-07,2.473793201088867e-07,2.7099969598128663e-05,286.1938696394077,20,highpass
1.0090567613164992e-07,6.81284737480447e-07,1.8374196170305757e-07,2.473793201088867e-07,2.7099969598128663e-05,531.6418104580363,20,highpass
1.0090567613164992e-07,6.945030307141094e-07,1.8297518171016487e-07,2.473793201088867e-07,2.7099969598128663e-05,322.0741069652724,20,highpass
1.0090567613164992e-07,6.945030307141094e-07,1.8642885672114256e-07,2.516939146141406e-07,2.7099969598128663e-05,29.314468471726347,20,highpass
1.0090567613164992e-07,6.945030307141094e-07,1.8374196170305757e-07,2.5224505493803584e-07,2.7099969598128663e-05,488.14219061458994,20,highpass
1.0090567613164992e-07,6.945030307141094e-07,1.8374196170305757e-07,2.516939146141406e-07,2.7099969598128663e-05,488.14219061458994,20,highpass
1.0090567613164992e-07,6.945030307141094e-07,1.8374196170305757e-07,2.546555966995989e-07,2.7099969598128663e-05,210.84802094380524,20,highpass
1.0090567613164992e-07,6.945030307141094e-07,1.8374196170305757e-07,2.516939146141406e-07,1.8108215366659975e-05,37.242834426052625,20,highpass
1.0090567613164992e-07,6.81284737480447e-07,1.8374196170305757e-07,2.5224505493803584e-07,2.7099969598128663e-05,280.56578176141915,20,highpass
1.0090567613164992e-07,6.945030307141094e-07,1.8374196170305757e-07,2.473793201088867e-07,2.7099969598128663e-05,286.1938696394077,20,highpass
1.0090567613164992e-07,6.81284737480447e-07,1.8374196170305757e-07,2.473793201088867e-07,2.7099969598128663e-05,531.6418104580363,20,highpass
1.0090567613164992e-07,6.945030307141094e-07,1.8297518171016487e-07,2.473793201088867e-07,2.7099969598128663e-05,322.0741069652724,20,highpass
1.0090567613164992e-07,6.897084283978665e-07,1.8374196170305757e-07,2.473793201088867e-07,2.7099969598128663e-05,735.5549347429089,21,highpass
1.0090567613164992e-07,6.81284737480447e-07,1.8374196170305757e-07,2.473793201088867e-07,2.7099969598128663e-05,531.6418104580363,21,highpass
1.0090567613164992e-07,6.81284737480447e-07,1.8374196170305757e-07,2.473793201088867e-07,2.7099969598128663e-05,531.6418104580363,21,highpass
1.7880670040413344e-07,6.897084283978665e-07,1.8374196170305757e-07,2.473793201088867e-07,2.7099969598128663e-05,0.9011455854802611,21,highpass
1.0090567613164992e-07,6.897084283978665e-07,1.8374196170305757e-07,2.473793201088867e-07,2.7099969598128663e-05,735.5549347429089,21,highpass
1.0090567613164992e-07,6.81284737480447e-07,1.8374196170305757e-07,2.473793201088867e-07,2.7099969598128663e-05,531.6418104580363,21,highpass
1.0090567613164992e-07,6.945030307141094e-07,1.8274340087468098e-07,2.473793201088867e-07,2.7099969598128663e-05,254.2246577521767,21,highpass
1.0090567613164992e-07,6.81284737480447e-07,1.8374196170305757e-07,2.516939146141406e-07,2.7099969598128663e-05,258.77985372370495,21,highpass
1.0090567613164992e-07,6.897084283978665e-07,1.8374196170305757e-07,2.473793201088867e-07,2.7099969598128663e-05,735.5549347429089,21,highpass
1.0090567613164992e-07,6.81284737480447e-07,1.8374196170305757e-07,2.473793201088867e-07,2.7099969598128663e-05,531.6418104580363,21,highpass
1.0090567613164992e-07,6.81284737480447e-07,1.8374196170305757e-07,2.473793201088867e-07,2.7099969598128663e-05,531.6418104580363,21,highpass
1.0090567613164992e-07,6.945030307141094e-07,1.8374196170305757e-07,2.473793201088867e-07,2.7099969598128663e-05,286.1938696394077,21,highpass
1.0090567613164992e-07,6.81284737480447e-07,1.8374196170305757e-07,2.473793201088867e-07,2.7099969598128663e-05,531.6418104580363,21,highpass
1.0090567613164992e-07,6.81284737480447e-07,1.8374196170305757e-07,2.473793201088867e-07,2.7099969598128663e-05,531.6418104580363,21,highpass
1.0090567613164992e-07,6.81284737480447e-07,1.8374196170305757e-07,2.473793201088867e-07,2.83395136516641e-05,28.475667708613717,21,highpass
1.0090567613164992e-07,6.81284737480447e-07,1.8374196170305757e-07,2.473793201088867e-07,2.7099969598128663e-05,531.6418104580363,21,highpass
1.0090567613164992e-07,6.897084283978665e-07,1.8374196170305757e-07,2.473793201088867e-07,2.7099969598128663e-05,735.5549347429089,21,highpass
1.0090567613164992e-07,6.196449575333547e-07,1.8374196170305757e-07,2.473793201088867e-07,2.7099969598128663e-05,38.48472266994481,21,highpass
1.0090567613164992e-07,6.81284737480447e-07,1.8374196170305757e-07,2.473793201088867e-07,2.7099969598128663e-05,531.6418104580363,21,highpass
1.0090567613164992e-07,6.945030307141094e-07,1.8374196170305757e-07,2.473793201088867e-07,2.7099969598128663e-05,286.1938696394077,21,highpass
1.0090567613164992e-07,6.81284737480447e-07,1.8374196170305757e-07,2.473793201088867e-07,2.7099969598128663e-05,531.6418104580363,21,highpass
1.0090567613164992e-07,6.897084283978665e-07,1.8374196170305757e-07,2.473793201088867e-07,2.7099969598128663e-05,735.5549347429089,21,highpass
1.0090567613164992e-07,6.81284737480447e-07,1.8374196170305757e-07,2.473793201088867e-07,2.7099969598128663e-05,531.6418104580363,21,highpass
1.0090567613164992e-07,6.81284737480447e-07,1.8374196170305757e-07,2.473793201088867e-07,2.7099969598128663e-05,531.6418104580363,21,highpass
1.0090567613164992e-07,6.81284737480447e-07,1.8374196170305757e-07,2.473793201088867e-07,2.7099969598128663e-05,531.6418104580363,21,highpass
1.0090567613164992e-07,6.81284737480447e-07,1.8374196170305757e-07,2.473793201088867e-07,2.7099969598128663e-05,531.6418104580363,21,highpass
1.0090567613164992e-07,6.945030307141094e-07,1.8374196170305757e-07,2.516939146141406e-07,2.7277567584308116e-05,1399.0655572018695,21,highpass
1.0090567613164992e-07,6.81284737480447e-07,1.8374196170305757e-07,2.473793201088867e-07,2.7099969598128663e-05,531.6418104580363,21,highpass
1.0090567613164992e-07,6.81284737480447e-07,1.8374196170305757e-07,2.473793201088867e-07,2.7099969598128663e-05,531.6418104580363,21,highpass
1.0090567613164992e-07,6.897084283978665e-07,1.8374196170305757e-07,2.473793201088867e-07,2.7099969598128663e-05,735.5549347429089,21,highpass
1.0090567613164992e-07,6.945030307141094e-07,1.8374196170305757e-07,2.516939146141406e-07,2.7277567584308116e-05,1399.0655572018695,22,highpass
1.0090567613164992e-07,6.81284737480447e-07,1.8374196170305757e-07,2.473793201088867e-07,2.7099969598128663e-05,531.6418104580363,22,highpass
1.0090567613164992e-07,6.81284737480447e-07,1.8374196170305757e-07,2.473793201088867e-07,2.5304663749868047e-05,108.5518360384013,22,highpass
1.0090567613164992e-07,6.945030307141094e-07,1.8374196170305757e-07,2.473793201088867e-07,2.7099969598128663e-05,286.1938696394077,22,highpass
1.0090567613164992e-07,6.945030307141094e-07,1.8374196170305757e-07,2.473793201088867e-07,2.7099969598128663e-05,286.1938696394077,22,highpass
1.0090567613164992e-07,6.897084283978665e-07,1.8374196170305757e-07,2.473793201088867e-07,2.7099969598128663e-05,735.5549347429089,22,highpass
1.0090567613164992e-07,6.945030307141094e-07,1.8374196170305757e-07,2.516939146141406e-07,2.7277567584308116e-05,1399.0655572018695,22,highpass
1.0090567613164992e-07,6.945030307141094e-07,1.8374196170305757e-07,2.473793201088867e-07,2.7099969598128663e-05,286.1938696394077,22,highpass
1.0090567613164992e-07,6.897084283978665e-07,1.8374196170305757e-07,2.473793201088867e-07,2.7099969598128663e-05,735.5549347429089,22,highpass
1.0090567613164992e-07,6.897084283978665e-07,1.8374196170305757e-07,2.473793201088867e-07,2.7099969598128663e-05,735.5549347429089,22,highpass
1.0090567613164992e-07,6.897084283978665e-07,1.8374196170305757e-07,2.473793201088867e-07,2.7099969598128663e-05,735.5549347429089,22,highpass
1.0090567613164992e-07,6.945030307141094e-07,1.8374196170305757e-07,2.516939146141406e-07,2.7277567584308116e-05,1399.0655572018695,22,highpass
1.0090567613164992e-07,6.81284737480447e-07,1.8374196170305757e-07,2.7031705626569784e-07,2.7099969598128663e-05,32.61275048678159,22,highpass
1.0090567613164992e-07,6.81284737480447e-07,1.8374196170305757e-07,2.516939146141406e-07,2.7277567584308116e-05,456.8968401687155,22,highpass
1.0090567613164992e-07,6.897084283978665e-07,1.8374196170305757e-07,2.473793201088867e-07,2.7099969598128663e-05,735.5549347429089,22,highpass
1.0090567613164992e-07,6.81284737480447e-07,1.8374196170305757e-07,2.473793201088867e-07,2.7099969598128663e-05,531.6418104580363,22,highpass
1.0090567613164992e-07,6.897084283978665e-07,1.8374196170305757e-07,2.473793201088867e-07,2.7099969598128663e-05,735.5549347429089,22,highpass
1.0090567613164992e-07,6.81284737480447e-07,1.8374196170305757e-07,2.473793201088867e-07,2.7099969598128663e-05,531.6418104580363,22,highpass
1.0090567613164992e-07,6.81284737480447e-07,1.8374196170305757e-07,2.473793201088867e-07,2.7099969598128663e-05,531.6418104580363,22,highpass
1.0090567613164992e-07,6.81284737480447e-07,1.8374196170305757e-07,2.473793201088867e-07,2.7099969598128663e-05,531.6418104580363,22,highpass
1.0090567613164992e-07,6.897084283978665e-07,1.8374196170305757e-07,2.473793201088867e-07,2.7099969598128663e-05,735.5549347429089,22,highpass
1.0090567613164992e-07,6.897084283978665e-07,1.8374196170305757e-07,2.473793201088867e-07,2.7099969598128663e-05,735.5549347429089,22,highpass
1.0090567613164992e-07,6.897084283978665e-07,1.8374196170305757e-07,2.473793201088867e-07,2.7099969598128663e-05,735.5549347429089,22,highpass
1.0090567613164992e-07,6.945030307141094e-07,1.8374196170305757e-07,2.473793201088867e-07,2.7099969598128663e-05,286.1938696394077,22,highpass
1.0090567613164992e-07,6.897084283978665e-07,1.8374196170305757e-07,2.473793201088867e-07,2.7099969598128663e-05,735.5549347429089,22,highpass
1.0090567613164992e-07,6.897084283978665e-07,1.420137341863857e-07,2.473793201088867e-07,2.7099969598128663e-05,17.15261581859255,22,highpass
1.0090567613164992e-07,6.81284737480447e-07,1.8374196170305757e-07,2.473793201088867e-07,2.6176517587087964e-05,49.59025770945844,22,highpass
1.0090567613164992e-07,6.897084283978665e-07,1.3088994190100242e-07,2.473793201088867e-07,2.7099969598128663e-05,11.389611786475633,22,highpass
1.0090567613164992e-07,6.897084283978665e-07,1.8374196170305757e-07,2.473793201088867e-07,2.7099969598128663e-05,735.5549347429089,22,highpass
1.0090567613164992e-07,6.81284737480447e-07,1.8374196170305757e-07,2.473793201088867e-07,2.7099969598128663e-05,531.6418104580363,22,highpass
1.0090567613164992e-07,6.945030307141094e-07,1.8374196170305757e-07,2.516939146141406e-07,2.7277567584308116e-05,1399.0655572018695,23,highpass
1.0090567613164992e-07,6.897084283978665e-07,1.8374196170305757e-07,2.473793201088867e-07,2.7099969598128663e-05,735.5549347429089,23,highpass
1.0090567613164992e-07,6.897084283978665e-07,1.8374196170305757e-07,2.557969747382873e-07,2.7277567584308116e-05,623.4966633896261,23,highpass
1.0090567613164992e-07,6.897084283978665e-07,1.8374196170305757e-07,2.473793201088867e-07,2.7099969598128663e-05,735.5549347429089,23,highpass
1.0090567613164992e-07,6.897084283978665e-07,1.8374196170305757e-07,2.473793201088867e-07,2.7099969598128663e-05,735.5549347429089,23,highpass
1.0090567613164992e-07,6.945030307141094e-07,1.8374196170305757e-07,2.516939146141406e-07,2.7277567584308116e-05,1399.0655572018695,23,highpass
1.0090567613164992e-07,6.897084283978665e-07,1.8374196170305757e-07,2.473793201088867e-07,2.7099969598128663e-05,735.5549347429089,23,highpass
1.0090567613164992e-07,6.897084283978665e-07,1.8374196170305757e-07,2.473793201088867e-07,2.7099969598128663e-05,735.5549347429089,23,highpass
1.0090567613164992e-07,6.897084283978665e-07,1.8374196170305757e-07,2.473793201088867e-07,2.7099969598128663e-05,735.5549347429089,23,highpass
1.0802917859172232e-07,6.897084283978665e-07,1.8374196170305757e-07,2.473793201088867e-07,2.7277567584308116e-05,33.50560925340838,23,highpass
1.0090567613164992e-07,6.945030307141094e-07,1.8374196170305757e-07,2.516939146141406e-07,2.7277567584308116e-05,1399.0655572018695,23,highpass
1.0090567613164992e-07,6.897084283978665e-07,1.8374196170305757e-07,2.473793201088867e-07,2.7277567584308116e-05,2043.739108341506,23,highpass
1.0090567613164992e-07,6.945030307141094e-07,1.8374196170305757e-07,2.516939146141406e-07,2.7277567584308116e-05,1399.0655572018695,23,highpass
1.0090567613164992e-07,6.897084283978665e-07,1.8374196170305757e-07,2.473793201088867e-07,2.7099969598128663e-05,735.5549347429089,23,highpass
1.0090567613164992e-07,6.945030307141094e-07,1.8374196170305757e-07,2.516939146141406e-07,2.7277567584308116e-05,1399.0655572018695,23,highpass
1.0090567613164992e-07,6.945030307141094e-07,1.8374196170305757e-07,2.516939146141406e-07,2.7277567584308116e-05,1399.0655572018695,23,highpass
1.0628824173908377e-07,6.897084283978665e-07,1.8374196170305757e-07,2.473793201088867e-07,2.7099969598128663e-05,56.24855243678125,23,highpass
1e-07,6.945030307141094e-07,1.8374196170305757e-07,2.473793201088867e-07,2.7099969598128663e-05,366.7339744658293,23,highpass
1.0090567613164992e-07,6.897084283978665e-07,1.8374196170305757e-07,2.473793201088867e-07,2.7099969598128663e-05,735.5549347429089,23,highpass
1.0090567613164992e-07,6.945030307141094e-07,1.8374196170305757e-07,2.516939146141406e-07,2.7099969598128663e-05,488.14219061458994,23,highpass
1.0090567613164992e-07,6.897084283978665e-07,1.8374196170305757e-07,2.516939146141406e-07,2.7277567584308116e-05,277.97512673735343,23,highpass
1.0090567613164992e-07,6.945030307141094e-07,1.8374196170305757e-07,2.516939146141406e-07,2.7277567584308116e-05,1399.0655572018695,23,highpass
1.0090567613164992e-07,6.897084283978665e-07,2.0460230090802265e-07,2.473793201088867e-07,2.7099969598128663e-05,1.2020389091300507,23,highpass
1.0090567613164992e-07,6.897084283978665e-07,1.8374196170305757e-07,2.473793201088867e-07,2.7099969598128663e-05,735.5549347429089,23,highpass
1.0090567613164992e-07,6.945030307141094e-07,1.8374196170305757e-07,2.516939146141406e-07,2.7099969598128663e-05,488.14219061458994,23,highpass
1.0090567613164992e-07,6.897084283978665e-07,1.8374196170305757e-07,2.473793201088867e-07,2.7099969598128663e-05,735.5549347429089,23,highpass
1.0090567613164992e-07,6.81284737480447e-07,1.8374196170305757e-07,2.473793201088867e-07,2.7099969598128663e-05,531.6418104580363,23,highpass
1.0090567613164992e-07,6.945030307141094e-07,1.8374196170305757e-07,2.516939146141406e-07,2.7099969598128663e-05,488.14219061458994,23,highpass
1.0090567613164992e-07,6.897084283978665e-07,1.8374196170305757e-07,2.473793201088867e-07,2.7099969598128663e-05,735.5549347429089,23,highpass
1.0090567613164992e-07,6.897084283978665e-07,1.8374196170305757e-07,2.516939146141406e-07,2.7277567584308116e-05,277.97512673735343,23,highpass
1.0090567613164992e-07,6.897084283978665e-07,1.8374196170305757e-07,2.473793201088867e-07,2.7277567584308116e-05,2043.739108341506,24,highpass
1.0090567613164992e-07,6.945030307141094e-07,1.8374196170305757e-07,2.516939146141406e-07,2.7277567584308116e-05,1399.0655572018695,24,highpass
1.0090567613164992e-07,6.945030307141094e-07,2.1015703842179194e-07,2.516939146141406e-07,2.7277567584308116e-05,0.7364346324840221,24,highpass
1.0090567613164992e-07,6.897084283978665e-07,1.8374196170305757e-07,2.2421195460931544e-07,2.7099969598128663e-05,43.67442705961247,24,highpass
1.0090567613164992e-07,6.897084283978665e-07,1.8374196170305757e-07,2.473793201088867e-07,2.7277567584308116e-05,2043.739108341506,24,highpass
1.0090567613164992e-07,6.897084283978665e-07,1.8374196170305757e-07,2.516939146141406e-07,2.7277567584308116e-05,277.97512673735343,24,highpass
1.0090567613164992e-07,6.945030307141094e-07,1.8374196170305757e-07,2.516939146141406e-07,2.7277567584308116e-05,1399.0655572018695,24,highpass
1.0090567613164992e-07,6.945030307141094e-07,1.8374196170305757e-07,2.516939146141406e-07,2.7277567584308116e-05,1399.0655572018695,24,highpass
1.0090567613164992e-07,6.945030307141094e-07,1.8374196170305757e-07,2.516939146141406e-07,2.7277567584308116e-05,1399.0655572018695,24,highpass
1.0090567613164992e-07,6.945030307141094e-07,1.8374196170305757e-07,2.516939146141406e-07,2.7277567584308116e-05,1399.0655572018695,24,highpass
1.0090567613164992e-07,6.945030307141094e-07,1.8374196170305757e-07,2.516939146141406e-07,2.7277567584308116e-05,1399.0655572018695,24,highpass
1.0090567613164992e-07,6.945030307141094e-07,1.8374196170305757e-07,2.516939146141406e-07,2.7277567584308116e-05,1399.0655572018695,24,highpass
1.0090567613164992e-07,6.945030307141094e-07,1.8374196170305757e-07,2.516939146141406e-07,2.7277567584308116e-05,1399.0655572018695,24,highpass
1.0090567613164992e-07,6.945030307141094e-07,1.8374196170305757e-07,2.516939146141406e-07,2.7277567584308116e-05,1399.0655572018695,24,highpass
1.0090567613164992e-07,6.897084283978665e-07,1.8374196170305757e-07,2.473793201088867e-07,2.7099969598128663e-05,735.5549347429089,24,highpass
1.0090567613164992e-07,6.945030307141094e-07,1.8374196170305757e-07,2.516939146141406e-07,2.7277567584308116e-05,1399.0655572018695,24,highpass
1.0090567613164992e-07,6.897084283978665e-07,1.8374196170305757e-07,2.473793201088867e-07,2.7277567584308116e-05,2043.739108341506,24,highpass
1.0090567613164992e-07,6.945030307141094e-07,1.8374196170305757e-07,1.8033743038486274e-07,2.7277567584308116e-05,16.835820318505622,24,highpass
1.0090567613164992e-07,6.897084283978665e-07,1.8374196170305757e-07,2.473793201088867e-07,2.7099969598128663e-05,735.5549347429089,24,highpass
1.0090567613164992e-07,6.945030307141094e-07,1.8374196170305757e-07,2.516939146141406e-07,2.9075486114376033e-05,95.2709219608176,24,highpass
1.0090567613164992e-07,6.897084283978665e-07,1.8374196170305757e-07,2.516939146141406e-07,2.7277567584308116e-05,277.97512673735343,24,highpass
1.0090567613164992e-07,5.547763638060829e-07,1.8374196170305757e-07,2.473793201088867e-07,2.7099969598128663e-05,19.142846733156603,24,highpass
1.0090567613164992e-07,6.945030307141094e-07,1.8374196170305757e-07,2.516939146141406e-07,2.7277567584308116e-05,1399.0655572018695,24,highpass
1.0090567613164992e-07,6.945030307141094e-07,1.8374196170305757e-07,2.473793201088867e-07,2.7099969598128663e-05,286.1938696394077,24,highpass
1.0090567613164992e-07,6.897084283978665e-07,1.8374196170305757e-07,2.5908207385332907e-07,2.7277567584308116e-05,344.17055405061757,24,highpass
1.0090567613164992e-07,6.897084283978665e-07,1.8374196170305757e-07,2.473793201088867e-07,2.7099969598128663e-05,735.5549347429089,24,highpass
1.0090567613164992e-07,6.945030307141094e-07,1.8374196170305757e-07,2.516939146141406e-07,2.7277567584308116e-05,1399.0655572018695,24,highpass
1.0090567613164992e-07,6.945030307141094e-07,1.8374196170305757e-07,2.516939146141406e-07,2.7277567584308116e-05,1399.0655572018695,24,highpass
1.0090567613164992e-07,6.945030307141094e-07,1.8374196170305757e-07,2.516939146141406e-07,2.7277567584308116e-05,1399.0655572018695,24,highpass
1.0090567613164992e-07,6.897084283978665e-07,1.8374196170305757e-07,2.473793201088867e-07,2.7277567584308116e-05,2043.739108341506,24,highpass
1.0090567613164992e-07,6.897084283978665e-07,1.8374196170305757e-07,2.473793201088867e-07,2.7277567584308116e-05,2043.739108341506,25,highpass
1.0090567613164992e-07,6.945030307141094e-07,1.8374196170305757e-07,2.516939146141406e-07,2.7277567584308116e-05,1399.0655572018695,25,highpass
1.0090567613164992e-07,6.945030307141094e-07,1.8374196170305757e-07,2.516939146141406e-07,2.7277567584308116e-05,1399.0655572018695,25,highpass
1.0090567613164992e-07,6.897084283978665e-07,1.8374196170305757e-07,2.473793201088867e-07,2.7277567584308116e-05,2043.739108341506,25,highpass
1.0090567613164992e-07,6.945030307141094e-07,1.8374196170305757e-07,2.473793201088867e-07,2.7277567584308116e-05,419.1062848550903,25,highpass
1.0090567613164992e-07,6.945030307141094e-07,1.8374196170305757e-07,2.516939146141406e-07,2.7277567584308116e-05,1399.0655572018695,25,highpass
1.0090567613164992e-07,6.897084283978665e-07,1.8374196170305757e-07,2.473793201088867e-07,2.7277567584308116e-05,2043.739108341506,25,highpass
1.0090567613164992e-07,6.945030307141094e-07,1.8374196170305757e-07,2.2322404215370065e-07,2.7277567584308116e-05,44.377171027789444,25,highpass
1.0090567613164992e-07,6.945030307141094e-07,1.8374196170305757e-07,2.516939146141406e-07,2.7277567584308116e-05,1399.0655572018695,25,highpass
1.0090567613164992e-07,6.897084283978665e-07,1.7832128690011325e-07,2.473793201088867e-07,2.7277567584308116e-05,69.24105511760577,25,highpass
1.0090567613164992e-07,6.897084283978665e-07,1.8374196170305757e-07,2.473793201088867e-07,2.7277567584308116e-05,2043.739108341506,25,highpass
1.0090567613164992e-07,6.897084283978665e-07,1.1301011375529351e-07,2.473793201088867e-07,2.7277567584308116e-05,6.948304394624104,25,highpass
1.0090567613164992e-07,6.945030307141094e-07,1.8374196170305757e-07,2.516939146141406e-07,2.7277567584308116e-05,1399.0655572018695,25,highpass
1.0090567613164992e-07,6.897084283978665e-07,1.8374196170305757e-07,2.473793201088867e-07,2.7277567584308116e-05,2043.739108341506,25,highpass
1.0090567613164992e-07,6.897084283978665e-07,1.8374196170305757e-07,2.516939146141406e-07,2.7277567584308116e-05,277.97512673735343,25,highpass
1.0090567613164992e-07,6.897084283978665e-07,1.8374196170305757e-07,2.473793201088867e-07,2.7277567584308116e-05,2043.739108341506,25,highpass
1.0090567613164992e-07,6.897084283978665e-07,1.8374196170305757e-07,2.473793201088867e-07,2.7277567584308116e-05,2043.739108341506,25,highpass
1.0090567613164992e-07,6.897084283978665e-07,1.8374196170305757e-07,2.516939146141406e-07,2.7277567584308116e-05,277.97512673735343,25,highpass
1.0090567613164992e-07,6.945030307141094e-07,1.8374196170305757e-07,2.473793201088867e-07,2.7277567584308116e-05,419.1062848550903,25,highpass
1.0090567613164992e-07,6.945030307141094e-07,1.8374196170305757e-07,2.516939146141406e-07,2.7277567584308116e-05,1399.0655572018695,25,highpass
1.0090567613164992e-07,6.945030307141094e-07,1.8374196170305757e-07,2.516939146141406e-07,2.7277567584308116e-05,1399.0655572018695,25,highpass
1.0090567613164992e-07,6.945030307141094e-07,1.8374196170305757e-07,2.516939146141406e-07,2.7277567584308116e-05,1399.0655572018695,25,highpass
1.0090567613164992e-07,6.897084283978665e-07,1.8374196170305757e-07,2.473793201088867e-07,5.120130125400917e-06,7.070963873607446,25,highpass
1.9607987063370915e-07,6.897084283978665e-07,1.8374196170305757e-07,2.473793201088867e-07,2.7277567584308116e-05,0.9399333365200669,25,highpass
1.0090567613164992e-07,6.897084283978665e-07,1.8374196170305757e-07,2.516939146141406e-07,2.7277567584308116e-05,277.97512673735343,25,highpass
1.0090567613164992e-07,6.897084283978665e-07,1.8374196170305757e-07,2.473793201088867e-07,2.7277567584308116e-05,2043.739108341506,25,highpass
1.0090567613164992e-07,6.897084283978665e-07,1.8374196170305757e-07,2.473793201088867e-07,2.7277567584308116e-05,2043.739108341506,25,highpass
1.0090567613164992e-07,6.897084283978665e-07,1.8374196170305757e-07,2.473793201088867e-07,2.7277567584308116e-05,2043.739108341506,25,highpass
1.0090567613164992e-07,6.897084283978665e-07,1.8374196170305757e-07,2.473793201088867e-07,2.7277567584308116e-05,2043.739108341506,25,highpass
1.0090567613164992e-07,6.897084283978665e-07,1.8374196170305757e-07,2.473793201088867e-07,2.7277567584308116e-05,2043.739108341506,25,highpass
1.0090567613164992e-07,6.897084283978665e-07,1.8374196170305757e-07,2.473793201088867e-07,2.7277567584308116e-05,2043.739108341506,26,highpass
1.0090567613164992e-07,6.897084283978665e-07,1.8374196170305757e-07,2.473793201088867e-07,2.7277567584308116e-05,2043.739108341506,26,highpass
1.0090567613164992e-07,6.897084283978665e-07,1.8374196170305757e-07,2.516939146141406e-07,2.7277567584308116e-05,277.97512673735343,26,highpass
1.0090567613164992e-07,6.945030307141094e-07,1.8374196170305757e-07,2.516939146141406e-07,2.7277567584308116e-05,1399.0655572018695,26,highpass
1.0090567613164992e-07,6.897084283978665e-07,1.8374196170305757e-07,2.516939146141406e-07,2.7277567584308116e-05,277.97512673735343,26,highpass
1.0090567613164992e-07,6.897084283978665e-07,1.8374196170305757e-07,2.473793201088867e-07,2.7277567584308116e-05,2043.739108341506,26,highpass
1.0090567613164992e-07,3.090283750060333e-07,1.8374196170305757e-07,2.473793201088867e-07,2.7277567584308116e-05,1.261143981473708,26,highpass
1.0090567613164992e-07,6.897084283978665e-07,1.8374196170305757e-07,2.473793201088867e-07,2.7277567584308116e-05,2043.739108341506,26,highpass
1.0090567613164992e-07,6.897084283978665e-07,1.8374196170305757e-07,2.473793201088867e-07,2.7277567584308116e-05,2043.739108341506,26,highpass
1.0090567613164992e-07,6.897084283978665e-07,1.8374196170305757e-07,2.473793201088867e-07,2.7277567584308116e-05,2043.739108341506,26,highpass
1.0090567613164992e-07,6.897084283978665e-07,1.8374196170305757e-07,2.473793201088867e-07,2.7277567584308116e-05,2043.739108341506,26,highpass
1.0090567613164992e-07,6.897084283978665e-07,1.8374196170305757e-07,2.473793201088867e-07,2.7277567584308116e-05,2043.739108341506,26,highpass
1.0090567613164992e-07,3.2974800104578404e-07,1.8374196170305757e-07,2.473793201088867e-07,2.7277567584308116e-05,1.5887761121482296,26,highpass
1.0090567613164992e-07,6.897084283978665e-07,1.8374196170305757e-07,2.473793201088867e-07,2.7277567584308116e-05,2043.739108341506,26,highpass
1.0090567613164992e-07,6.897084283978665e-07,1.8374196170305757e-07,2.473793201088867e-07,2.7277567584308116e-05,2043.739108341506,26,highpass
1.0090567613164992e-07,6.897084283978665e-07,1.8374196170305757e-07,2.473793201088867e-07,2.7277567584308116e-05,2043.739108341506,26,highpass
1.0090567613164992e-07,6.897084283978665e-07,1.8374196170305757e-07,2.473793201088867e-07,2.7277567584308116e-05,2043.739108341506,26,highpass
1.0090567613164992e-07,6.897084283978665e-07,1.8374196170305757e-07,2.5497620205747183e-07,2.7277567584308116e-05,529.2038151827509,26,highpass
1.0090567613164992e-07,6.897084283978665e-07,1.8528520174876738e-07,2.473793201088867e-07,2.7277567584308116e-05,36.70899312586815,26,highpass
1.0090567613164992e-07,6.897084283978665e-07,1.8374196170305757e-07,2.473793201088867e-07,2.7277567584308116e-05,2043.739108341506,26,highpass
1.0090567613164992e-07,6.897084283978665e-07,1.8374196170305757e-07,2.473793201088867e-07,2.7277567584308116e-05,2043.739108341506,26,highpass
1.0090567613164992e-07,6.897084283978665e-07,1.8374196170305757e-07,2.473793201088867e-07,2.7277567584308116e-05,2043.739108341506,26,highpass
1.0090567613164992e-07,6.897084283978665e-07,1.8374196170305757e-07,2.473793201088867e-07,2.7277567584308116e-05,2043.739108341506,26,highpass
1.0090567613164992e-07,6.897084283978665e-07,1.8374196170305757e-07,2.473793201088867e-07,2.7277567584308116e-05,2043.739108341506,26,highpass
1.0090567613164992e-07,6.897084283978665e-07,1.8374196170305757e-07,2.473793201088867e-07,2.7277567584308116e-05,2043.739108341506,26,highpass
1.0090567613164992e-07,6.897084283978665e-07,1.8374196170305757e-07,2.473793201088867e-07,2.7277567584308116e-05,2043.739108341506,26,highpass
1.0090567613164992e-07,6.897084283978665e-07,1.8374196170305757e-07,2.473793201088867e-07,2.7277567584308116e-05,2043.739108341506,26,highpass
1.0090567613164992e-07,6.897084283978665e-07,1.8374196170305757e-07,2.473793201088867e-07,2.7277567584308116e-05,2043.739108341506,26,highpass
1.0090567613164992e-07,6.897084283978665e-07,1.8374196170305757e-07,2.473793201088867e-07,2.7277567584308116e-05,2043.739108341506,26,highpass
1.0090567613164992e-07,6.897084283978665e-07,1.8374196170305757e-07,2.473793201088867e-07,2.7277567584308116e-05,2043.739108341506,26,highpass
1.0090567613164992e-07,6.897084283978665e-07,1.8374196170305757e-07,2.473793201088867e-07,2.7277567584308116e-05,2043.739108341506,27,highpass
1.0090567613164992e-07,4.4014046294629976e-07,1.8374196170305757e-07,2.473793201088867e-07,2.7277567584308116e-05,3.2495226222668507,27,highpass
1.0090567613164992e-07,6.897084283978665e-07,1.8374196170305757e-07,2.473793201088867e-07,2.7277567584308116e-05,2043.739108341506,27,highpass
1.0090567613164992e-07,6.897084283978665e-07,1.8374196170305757e-07,2.473793201088867e-07,2.7277567584308116e-05,2043.739108341506,27,highpass
1.0090567613164992e-07,6.897084283978665e-07,1.8374196170305757e-07,2.473793201088867e-07,2.7277567584308116e-05,2043.739108341506,27,highpass
1.0090567613164992e-07,6.897084283978665e-07,1.8374196170305757e-07,2.473793201088867e-07,2.7277567584308116e-05,2043.739108341506,27,highpass
1.0090567613164992e-07,6.897084283978665e-07,1.8374196170305757e-07,2.473793201088867e-07,2.7277567584308116e-05,2043.739108341506,27,highpass
1.0090567613164992e-07,6.897084283978665e-07,1.8374196170305757e-07,2.473793201088867e-07,2.7277567584308116e-05,2043.739108341506,27,highpass
1.0090567613164992e-07,6.936508936164865e-07,1.8374196170305757e-07,2.473793201088867e-07,2.7277567584308116e-05,276.5791773325433,27,highpass
1.0090567613164992e-07,6.897084283978665e-07,1.8374196170305757e-07,2.473793201088867e-07,2.7277567584308116e-05,2043.739108341506,27,highpass
1.0090567613164992e-07,6.897084283978665e-07,1.8374196170305757e-07,2.473793201088867e-07,2.7277567584308116e-05,2043.739108341506,27,highpass
1.0090567613164992e-07,6.897084283978665e-07,1.5322474062822912e-07,2.473793201088867e-07,2.7277567584308116e-05,18.42236007142879,27,highpass
1.0090567613164992e-07,6.897084283978665e-07,1.8374196170305757e-07,2.473793201088867e-07,4.28976417583926e-05,63.743924174673,27,highpass
1.0090567613164992e-07,6.963551743003603e-07,1.8374196170305757e-07,2.473793201088867e-07,2.7277567584308116e-05,1538.0841460982929,27,highpass
1.0090567613164992e-07,6.897084283978665e-07,1.8374196170305757e-07,2.473793201088867e-07,2.7277567584308116e-05,2043.739108341506,27,highpass
1.0090567613164992e-07,6.897084283978665e-07,1.8374196170305757e-07,2.473793201088867e-07,2.7277567584308116e-05,2043.739108341506,27,highpass
1.0090567613164992e-07,6.897084283978665e-07,1.8374196170305757e-07,2.473793201088867e-07,2.7277567584308116e-05,2043.739108341506,27,highpass
1.0090567613164992e-07,6.897084283978665e-07,1.8374196170305757e-07,2.473793201088867e-07,2.7277567584308116e-05,2043.739108341506,27,highpass
1.0090567613164992e-07,7e-07,1.8374196170305757e-07,2.473793201088867e-07,2.7277567584308116e-05,2510.01860648093,27,highpass
1.0090567613164992e-07,6.897084283978665e-07,1.8374196170305757e-07,2.473793201088867e-07,2.7277567584308116e-05,2043.739108341506,27,highpass
1.0090567613164992e-07,6.897084283978665e-07,1.8374196170305757e-07,2.473793201088867e-07,2.7277567584308116e-05,2043.739108341506,27,highpass
1.0090567613164992e-07,6.897084283978665e-07,1.8374196170305757e-07,2.473793201088867e-07,2.7277567584308116e-05,2043.739108341506,27,highpass
1.0090567613164992e-07,6.897084283978665e-07,1.8374196170305757e-07,2.473793201088867e-07,2.7277567584308116e-05,2043.739108341506,27,highpass
1.0090567613164992e-07,6.897084283978665e-07,1.8374196170305757e-07,2.473793201088867e-07,2.7277567584308116e-05,2043.739108341506,27,highpass
1.0090567613164992e-07,6.897084283978665e-07,1.8374196170305757e-07,2.473793201088867e-07,2.7277567584308116e-05,2043.739108341506,27,highpass
1.0090567613164992e-07,6.897084283978665e-07,1.8374196170305757e-07,2.473793201088867e-07,2.7277567584308116e-05,2043.739108341506,27,highpass
1.0090567613164992e-07,6.897084283978665e-07,1.8374196170305757e-07,2.473793201088867e-07,2.7277567584308116e-05,2043.739108341506,27,highpass
1.0090567613164992e-07,6.897084283978665e-07,1.8374196170305757e-07,2.473793201088867e-07,2.7277567584308116e-05,2043.739108341506,27,highpass
1.0090567613164992e-07,6.897084283978665e-07,1.8374196170305757e-07,2.473793201088867e-07,2.7277567584308116e-05,2043.739108341506,27,highpass
1.0090567613164992e-07,6.897084283978665e-07,1.8374196170305757e-07,2.473793201088867e-07,2.7277567584308116e-05,2043.739108341506,27,highpass
1.0090567613164992e-07,7e-07,1.8374196170305757e-07,2.473793201088867e-07,2.7277567584308116e-05,2510.01860648093,28,highpass
1.0090567613164992e-07,6.897084283978665e-07,1.8268911982992276e-07,2.473793201088867e-07,2.7277567584308116e-05,257.8629418300892,28,highpass
1.0090567613164992e-07,6.897084283978665e-07,1.8374196170305757e-07,2.473793201088867e-07,2.7277567584308116e-05,2043.739108341506,28,highpass
1.0090567613164992e-07,6.897084283978665e-07,1.8374196170305757e-07,2.473793201088867e-07,2.7277567584308116e-05,2043.739108341506,28,highpass
1.0090567613164992e-07,6.897084283978665e-07,1.8374196170305757e-07,2.400386851922094e-07,2.7277567584308116e-05,43.74349272405945,28,highpass
1.0090567613164992e-07,6.897084283978665e-07,1.8374196170305757e-07,2.473793201088867e-07,2.7277567584308116e-05,2043.739108341506,28,highpass
1.0090567613164992e-07,6.897084283978665e-07,1.8374196170305757e-07,2.473793201088867e-07,2.7277567584308116e-05,2043.739108341506,28,highpass
1.0090567613164992e-07,7e-07,1.8374196170305757e-07,2.473793201088867e-07,2.7277567584308116e-05,2510.01860648093,28,highpass
1.0090567613164992e-07,7e-07,1.8374196170305757e-07,2.473793201088867e-07,2.7277567584308116e-05,2510.01860648093,28,highpass
1.0090567613164992e-07,6.897084283978665e-07,1.8374196170305757e-07,2.473793201088867e-07,2.7277567584308116e-05,2043.739108341506,28,highpass
1.0090567613164992e-07,6.897084283978665e-07,1.8374196170305757e-07,2.473793201088867e-07,2.7277567584308116e-05,2043.739108341506,28,highpass
1.0090567613164992e-07,6.897084283978665e-07,1.8374196170305757e-07,2.473793201088867e-07,2.7277567584308116e-05,2043.739108341506,28,highpass
1.0090567613164992e-07,7e-07,1.8374196170305757e-07,2.473793201088867e-07,2.7277567584308116e-05,2510.01860648093,28,highpass
1.0090567613164992e-07,6.897084283978665e-07,1.8374196170305757e-07,2.473793201088867e-07,2.7277567584308116e-05,2043.739108341506,28,highpass
1.0090567613164992e-07,7e-07,1.8374196170305757e-07,2.473793201088867e-07,2.7277567584308116e-05,2510.01860648093,28,highpass
1.0090567613164992e-07,6.897084283978665e-07,1.8374196170305757e-07,2.473793201088867e-07,2.7277567584308116e-05,2043.739108341506,28,highpass
1.0090567613164992e-07,6.897084283978665e-07,1.903241609625579e-07,2.473793201088867e-07,2.7277567584308116e-05,29.64660818828733,28,highpass
1.0090567613164992e-07,7e-07,1.8374196170305757e-07,2.473793201088867e-07,2.7277567584308116e-05,2510.01860648093,28,highpass
1.0090567613164992e-07,6.897084283978665e-07,1.8374196170305757e-07,2.473793201088867e-07,2.7277567584308116e-05,2043.739108341506,28,highpass
1.0090567613164992e-07,6.897084283978665e-07,1.8374196170305757e-07,2.473793201088867e-07,2.7277567584308116e-05,2043.739108341506,28,highpass
1.0090567613164992e-07,6.897084283978665e-07,1.8374196170305757e-07,2.473793201088867e-07,2.7277567584308116e-05,2043.739108341506,28,highpass
1.0090567613164992e-07,6.897084283978665e-07,1.8374196170305757e-07,2.473793201088867e-07,2.7277567584308116e-05,2043.739108341506,28,highpass
1.0090567613164992e-07,6.897084283978665e-07,1.8374196170305757e-07,2.473793201088867e-07,2.7277567584308116e-05,2043.739108341506,28,highpass
1.0090567613164992e-07,6.897084283978665e-07,1.8374196170305757e-07,2.473793201088867e-07,2.7277567584308116e-05,2043.739108341506,28,highpass
1.0090567613164992e-07,7e-07,1.8374196170305757e-07,2.473793201088867e-07,2.7277567584308116e-05,2510.01860648093,28,highpass
1.0090567613164992e-07,6.897084283978665e-07,1.8374196170305757e-07,2.473793201088867e-07,2.7277567584308116e-05,2043.739108341506,28,highpass
1.0090567613164992e-07,6.814309026140664e-07,1.8374196170305757e-07,2.473793201088867e-07,2.7277567584308116e-05,321.295145910287,28,highpass
1.0090567613164992e-07,6.897084283978665e-07,1.8374196170305757e-07,2.473793201088867e-07,2.7277567584308116e-05,2043.739108341506,28,highpass
1.0090567613164992e-07,6.897084283978665e-07,1.8374196170305757e-07,2.473793201088867e-07,2.7277567584308116e-05,2043.739108341506,28,highpass
1.0090567613164992e-07,6.897084283978665e-07,1.8374196170305757e-07,2.473793201088867e-07,2.7277567584308116e-05,2043.739108341506,28,highpass
1.0090567613164992e-07,7e-07,1.8374196170305757e-07,2.473793201088867e-07,2.7277567584308116e-05,2510.01860648093,29,highpass
1.0090567613164992e-07,6.897084283978665e-07,1.8374196170305757e-07,1.5221012957371156e-07,2.7277567584308116e-05,6.409650101247431,29,highpass
1.0090567613164992e-07,6.897084283978665e-07,1.8374196170305757e-07,2.473793201088867e-07,2.7277567584308116e-05,2043.739108341506,29,highpass
1.0090567613164992e-07,7e-07,1.8374196170305757e-07,2.473793201088867e-07,2.7277567584308116e-05,2510.01860648093,29,highpass
1.0090567613164992e-07,7e-07,1.8374196170305757e-07,2.473793201088867e-07,2.7277567584308116e-05,2510.01860648093,29,highpass
1.0090567613164992e-07,6.897084283978665e-07,1.8374196170305757e-07,2.473793201088867e-07,2.7277567584308116e-05,2043.739108341506,29,highpass
1.0090567613164992e-07,6.897084283978665e-07,1.8374196170305757e-07,2.473793201088867e-07,2.7277567584308116e-05,2043.739108341506,29,highpass
1.0090567613164992e-07,6.897084283978665e-07,1.8374196170305757e-07,2.473793201088867e-07,2.7277567584308116e-05,2043.739108341506,29,highpass
1.0090567613164992e-07,7e-07,1.8374196170305757e-07,2.473793201088867e-07,2.7277567584308116e-05,2510.01860648093,29,highpass
1.0090567613164992e-07,7e-07,1.8374196170305757e-07,2.473793201088867e-07,2.7277567584308116e-05,2510.01860648093,29,highpass
1.0090567613164992e-07,7e-07,1.8374196170305757e-07,2.473793201088867e-07,2.7277567584308116e-05,2510.01860648093,29,highpass
1.0090567613164992e-07,7e-07,1.8374196170305757e-07,2.473793201088867e-07,2.7277567584308116e-05,2510.01860648093,29,highpass
1.0090567613164992e-07,7e-07,1.9787831641857547e-07,2.473793201088867e-07,2.7277567584308116e-05,12.502879248291372,29,highpass
1.0090567613164992e-07,7e-07,1.8374196170305757e-07,2.473793201088867e-07,2.7277567584308116e-05,2510.01860648093,29,highpass
1.0090567613164992e-07,6.897084283978665e-07,1.8374196170305757e-07,2.473793201088867e-07,2.7277567584308116e-05,2043.739108341506,29,highpass
1.0090567613164992e-07,6.897084283978665e-07,1.8374196170305757e-07,2.473793201088867e-07,2.7277567584308116e-05,2043.739108341506,29,highpass
1.0090567613164992e-07,7e-07,1.8374196170305757e-07,2.473793201088867e-07,3.5055266498946956e-05,141.4704334612954,29,highpass
1.0090567613164992e-07,7e-07,1.8374196170305757e-07,2.473793201088867e-07,2.7277567584308116e-05,2510.01860648093,29,highpass
1.0090567613164992e-07,6.841890872619845e-07,1.8374196170305757e-07,2.473793201088867e-07,2.7277567584308116e-05,268.99159208372777,29,highpass
1.0090567613164992e-07,7e-07,1.7928250403261652e-07,2.473793201088867e-07,2.7277567584308116e-05,91.63523587352043,29,highpass
1.0090567613164992e-07,7e-07,1.8374196170305757e-07,2.473793201088867e-07,2.7277567584308116e-05,2510.01860648093,29,highpass
1.0090567613164992e-07,6.897084283978665e-07,1.8374196170305757e-07,2.473793201088867e-07,2.7277567584308116e-05,2043.739108341506,29,highpass
1.0090567613164992e-07,6.897084283978665e-07,1.8374196170305757e-07,2.473793201088867e-07,2.7277567584308116e-05,2043.739108341506,29,highpass
1.0090567613164992e-07,6.897084283978665e-07,1.8374196170305757e-07,2.473793201088867e-07,2.7277567584308116e-05,2043.739108341506,29,highpass
1.0090567613164992e-07,7e-07,1.8374196170305757e-07,2.473793201088867e-07,2.7277567584308116e-05,2510.01860648093,29,highpass
1.0090567613164992e-07,6.897084283978665e-07,1.8374196170305757e-07,2.473793201088867e-07,3.5401346092390154e-05,36.39772478475767,29,highpass
1.0090567613164992e-07,7e-07,1.8374196170305757e-07,2.473793201088867e-07,2.7277567584308116e-05,2510.01860648093,29,highpass
1.0090567613164992e-07,7e-07,1.8374196170305757e-07,1.9387719308570223e-07,2.7277567584308116e-05,21.842314605281405,29,highpass
1.0090567613164992e-07,7e-07,1.8374196170305757e-07,2.473793201088867e-07,2.7277567584308116e-05,2510.01860648093,29,highpass
1.0090567613164992e-07,7e-07,1.8374196170305757e-07,2.473793201088867e-07,2.7277567584308116e-05,2510.01860648093,29,highpass
1.0090567613164992e-07,7e-07,1.8374196170305757e-07,2.473793201088867e-07,2.7277567584308116e-05,2510.01860648093,30,highpass
1.0090567613164992e-07,7e-07,1.8374196170305757e-07,2.473793201088867e-07,2.7277567584308116e-05,2510.01860648093,30,highpass
1.0090567613164992e-07,7e-07,1.8374196170305757e-07,2.473793201088867e-07,2.8421483408114032e-05,142.05422305388112,30,highpass
1.0090567613164992e-07,7e-07,1.8374196170305757e-07,2.473793201088867e-07,2.7277567584308116e-05,2510.01860648093,30,highpass
1.0090567613164992e-07,7e-07,1.8374196170305757e-07,2.473793201088867e-07,2.7277567584308116e-05,2510.01860648093,30,highpass
1.0090567613164992e-07,7e-07,1.8374196170305757e-07,2.473793201088867e-07,2.7277567584308116e-05,2510.01860648093,30,highpass
1.0090567613164992e-07,7e-07,1.8374196170305757e-07,2.473793201088867e-07,2.7277567584308116e-05,2510.01860648093,30,highpass
1.0090567613164992e-07,7e-07,1.8374196170305757e-07,2.473793201088867e-07,2.7277567584308116e-05,2510.01860648093,30,highpass
1.0090567613164992e-07,7e-07,1.8374196170305757e-07,2.473793201088867e-07,2.7277567584308116e-05,2510.01860648093,30,highpass
1.0090567613164992e-07,7e-07,1.8374196170305757e-07,2.473793201088867e-07,2.7277567584308116e-05,2510.01860648093,30,highpass
1.0090567613164992e-07,7e-07,1.8374196170305757e-07,2.473793201088867e-07,2.7277567584308116e-05,2510.01860648093,30,highpass
1.0090567613164992e-07,7e-07,1.8374196170305757e-07,2.473793201088867e-07,2.7277567584308116e-05,2510.01860648093,30,highpass
1.0090567613164992e-07,7e-07,1.8374196170305757e-07,2.473793201088867e-07,2.7277567584308116e-05,2510.01860648093,30,highpass
1.0090567613164992e-07,7e-07,1.8374196170305757e-07,2.473793201088867e-07,2.7277567584308116e-05,2510.01860648093,30,highpass
1.0090567613164992e-07,7e-07,1.8374196170305757e-07,2.473793201088867e-07,2.7277567584308116e-05,2510.01860648093,30,highpass
1.0090567613164992e-07,7e-07,1.8374196170305757e-07,2.473793201088867e-07,2.7277567584308116e-05,2510.01860648093,30,highpass
1.0090567613164992e-07,7e-07,1.8374196170305757e-07,2.473793201088867e-07,2.7277567584308116e-05,2510.01860648093,30,highpass
1.7354468744401476e-07,7e-07,1.8374196170305757e-07,2.473793201088867e-07,2.7277567584308116e-05,0.8907830847154636,30,highpass
1.0090567613164992e-07,7e-07,1.8374196170305757e-07,2.473793201088867e-07,2.7277567584308116e-05,2510.01860648093,30,highpass
1.0090567613164992e-07,7e-07,1.8374196170305757e-07,2.473793201088867e-07,2.7277567584308116e-05,2510.01860648093,30,highpass
1.0090567613164992e-07,7e-07,1.8374196170305757e-07,2.473793201088867e-07,2.7277567584308116e-05,2510.01860648093,30,highpass
1.0090567613164992e-07,7e-07,1.8374196170305757e-07,2.473793201088867e-07,2.7277567584308116e-05,2510.01860648093,30,highpass
1.0090567613164992e-07,7e-07,1.8374196170305757e-07,2.473793201088867e-07,2.7277567584308116e-05,2510.01860648093,30,highpass
1.0090567613164992e-07,7e-07,1.8374196170305757e-07,2.473793201088867e-07,2.7277567584308116e-05,2510.01860648093,30,highpass
1.0090567613164992e-07,7e-07,1.778500360000185e-07,2.473793201088867e-07,2.7277567584308116e-05,90.07693958357548,30,highpass
1.0090567613164992e-07,7e-07,1.8374196170305757e-07,2.473793201088867e-07,2.537676658816865e-05,135.16314119735338,30,highpass
2.3889951613962416e-07,7e-07,1.8374196170305757e-07,2.473793201088867e-07,2.7277567584308116e-05,0.9678073442398785,30,highpass
1.0090567613164992e-07,7e-07,1.0563995121399081e-07,2.473793201088867e-07,2.7277567584308116e-05,7.551415268115276,30,highpass
2.3378084927566415e-07,7e-07,1.8374196170305757e-07,2.473793201088867e-07,2.7277567584308116e-05,0.9678256085547491,30,highpass
1.0090567613164992e-07,7e-07,1.8374196170305757e-07,2.473793201088867e-07,2.7277567584308116e-05,2510.01860648093,30,highpass
1.0090567613164992e-07,7e-07,1.8374196170305757e-07,2.473793201088867e-07,2.7277567584308116e-05,2510.01860648093,31,highpass
1.0090567613164992e-07,7e-07,1.8374196170305757e-07,2.473793201088867e-07,2.7277567584308116e-05,2510.01860648093,31,highpass
1.0090567613164992e-07,7e-07,1.8374196170305757e-07,2.473793201088867e-07,2.7277567584308116e-05,2510.01860648093,31,highpass
1.0090567613164992e-07,7e-07,1.8374196170305757e-07,2.473793201088867e-07,2.7277567584308116e-05,2510.01860648093,31,highpass
1.0090567613164992e-07,7e-07,1.8374196170305757e-07,2.473793201088867e-07,2.7277567584308116e-05,2510.01860648093,31,highpass
1.0090567613164992e-07,7e-07,1.8374196170305757e-07,2.473793201088867e-07,2.7277567584308116e-05,2510.01860648093,31,highpass
1.0090567613164992e-07,7e-07,1.8374196170305757e-07,2.473793201088867e-07,2.7277567584308116e-05,2510.01860648093,31,highpass
1.0090567613164992e-07,7e-07,1.8374196170305757e-07,2.473793201088867e-07,2.7277567584308116e-05,2510.01860648093,31,highpass
1.0090567613164992e-07,6.869330528824349e-07,1.8374196170305757e-07,2.473793201088867e-07,2.7277567584308116e-05,1004.7949394081364,31,highpass
1.0090567613164992e-07,7e-07,1.8374196170305757e-07,2.473793201088867e-07,2.7277567584308116e-05,2510.01860648093,31,highpass
1.0090567613164992e-07,7e-07,1.8374196170305757e-07,2.473793201088867e-07,2.7277567584308116e-05,2510.01860648093,31,highpass
1.0090567613164992e-07,7e-07,1.8374196170305757e-07,2.473793201088867e-07,2.7277567584308116e-05,2510.01860648093,31,highpass
1.0090567613164992e-07,7e-07,1.8374196170305757e-07,2.473793201088867e-07,2.7277567584308116e-05,2510.01860648093,31,highpass
1.0090567613164992e-07,7e-07,1.8374196170305757e-07,2.473793201088867e-07,2.7277567584308116e-05,2510.01860648093,31,highpass
1.0090567613164992e-07,7e-07,1.8374196170305757e-07,2.473793201088867e-07,2.7277567584308116e-05,2510.01860648093,31,highpass
1.0090567613164992e-07,7e-07,1.8374196170305757e-07,2.473793201088867e-07,2.7277567584308116e-05,2510.01860648093,31,highpass
1.0090567613164992e-07,7e-07,1.8374196170305757e-07,2.473793201088867e-07,2.7277567584308116e-05,2510.01860648093,31,highpass
1.0090567613164992e-07,7e-07,1.8374196170305757e-07,2.473793201088867e-07,2.7277567584308116e-05,2510.01860648093,31,highpass
1.0090567613164992e-07,7e-07,1.8374196170305757e-07,2.473793201088867e-07,2.7277567584308116e-05,2510.01860648093,31,highpass
1.0090567613164992e-07,7e-07,1.8374196170305757e-07,2.473793201088867e-07,2.7277567584308116e-05,2510.01860648093,31,highpass
1.0090567613164992e-07,7e-07,1.8374196170305757e-07,2.473793201088867e-07,2.7277567584308116e-05,2510.01860648093,31,highpass
1.0090567613164992e-07,3.336278648525743e-07,1.8374196170305757e-07,2.473793201088867e-07,2.7277567584308116e-05,1.5175376807790992,31,highpass
1.0090567613164992e-07,7e-07,1.8374196170305757e-07,2.473793201088867e-07,2.7277567584308116e-05,2510.01860648093,31,highpass
1.0090567613164992e-07,7e-07,1.8374196170305757e-07,2.473793201088867e-07,2.7277567584308116e-05,2510.01860648093,31,highpass
1.0090567613164992e-07,7e-07,1.8374196170305757e-07,2.473793201088867e-07,2.7277567584308116e-05,2510.01860648093,31,highpass
1.0090567613164992e-07,7e-07,1.8374196170305757e-07,2.473793201088867e-07,2.7277567584308116e-05,2510.01860648093,31,highpass
1.0090567613164992e-07,7e-07,1.8374196170305757e-07,2.473793201088867e-07,2.7277567584308116e-05,2510.01860648093,31,highpass
1.0090567613164992e-07,7e-07,1.8374196170305757e-07,2.473793201088867e-07,2.7277567584308116e-05,2510.01860648093,31,highpass
1.0090567613164992e-07,7e-07,1.8374196170305757e-07,2.473793201088867e-07,2.7277567584308116e-05,2510.01860648093,31,highpass
1.0090567613164992e-07,7e-07,1.8374196170305757e-07,2.473793201088867e-07,2.7277567584308116e-05,2510.01860648093,31,highpass
1.0090567613164992e-07,7e-07,1.8374196170305757e-07,2.473793201088867e-07,2.7277567584308116e-05,2510.01860648093,32,highpass
1.0090567613164992e-07,7e-07,1.8374196170305757e-07,2.473793201088867e-07,2.7277567584308116e-05,2510.01860648093,32,highpass
2.1856290873299985e-07,7e-07,1.8374196170305757e-07,2.473793201088867e-07,2.7277567584308116e-05,0.9678524932225289,32,highpass
1.0090567613164992e-07,6.467799786794347e-07,1.8374196170305757e-07,2.473793201088867e-07,2.7277567584308116e-05,45.24063094029808,32,highpass
1.0090567613164992e-07,7e-07,1.8374196170305757e-07,2.482398248453224e-07,2.7277567584308116e-05,1041.0326910073863,32,highpass
1.0090567613164992e-07,7e-07,1.8374196170305757e-07,2.473793201088867e-07,2.7277567584308116e-05,2510.01860648093,32,highpass
1.0090567613164992e-07,7e-07,1.8374196170305757e-07,2.473793201088867e-07,2.7277567584308116e-05,2510.01860648093,32,highpass
1.0090567613164992e-07,7e-07,1.8374196170305757e-07,2.473793201088867e-07,2.7277567584308116e-05,2510.01860648093,32,highpass
1.0090567613164992e-07,7e-07,1.8374196170305757e-07,2.473793201088867e-07,2.7277567584308116e-05,2510.01860648093,32,highpass
1.0090567613164992e-07,7e-07,1.8374196170305757e-07,2.473793201088867e-07,2.7277567584308116e-05,2510.01860648093,32,highpass
1.0090567613164992e-07,7e-07,1.8374196170305757e-07,2.473793201088867e-07,2.7277567584308116e-05,2510.01860648093,32,highpass
1.0090567613164992e-07,7e-07,1.8374196170305757e-07,2.473793201088867e-07,2.7277567584308116e-05,2510.01860648093,32,highpass
1.0090567613164992e-07,7e-07,1.8374196170305757e-07,2.473793201088867e-07,2.7277567584308116e-05,2510.01860648093,32,highpass
1.0090567613164992e-07,7e-07,1.8374196170305757e-07,2.473793201088867e-07,2.7277567584308116e-05,2510.01860648093,32,highpass
1.0090567613164992e-07,7e-07,1.8374196170305757e-07,2.473793201088867e-07,2.7277567584308116e-05,2510.01860648093,32,highpass
1.0090567613164992e-07,7e-07,1.8374196170305757e-07,2.473793201088867e-07,2.7277567584308116e-05,2510.01860648093,32,highpass
1.0090567613164992e-07,6.929153686005893e-07,1.8374196170305757e-07,2.473793201088867e-07,2.7277567584308116e-05,276.8957442932089,32,highpass
1.0090567613164992e-07,7e-07,1.8374196170305757e-07,2.473793201088867e-07,2.7277567584308116e-05,2510.01860648093,32,highpass
1.0090567613164992e-07,7e-07,1.8374196170305757e-07,2.473793201088867e-07,2.7277567584308116e-05,2510.01860648093,32,highpass
1.0090567613164992e-07,7e-07,1.8374196170305757e-07,1.5660094009307374e-07,2.7277567584308116e-05,9.4043332001138,32,highpass
1.0090567613164992e-07,7e-07,1.8374196170305757e-07,2.473793201088867e-07,2.7277567584308116e-05,2510.01860648093,32,highpass
1.0090567613164992e-07,7e-07,1.8374196170305757e-07,2.473793201088867e-07,2.7277567584308116e-05,2510.01860648093,32,highpass
1.0090567613164992e-07,7e-07,1.8374196170305757e-07,2.473793201088867e-07,2.7277567584308116e-05,2510.01860648093,32,highpass
1.0090567613164992e-07,7e-07,1.8374196170305757e-07,2.473793201088867e-07,2.7277567584308116e-05,2510.01860648093,32,highpass
1e-07,7e-07,1.8374196170305757e-07,2.473793201088867e-07,2.7277567584308116e-05,162.24691398485447,32,highpass
1.0090567613164992e-07,7e-07,1.8374196170305757e-07,2.473793201088867e-07,2.7277567584308116e-05,2510.01860648093,32,highpass
1.0090567613164992e-07,7e-07,1.8374196170305757e-07,2.473793201088867e-07,2.7277567584308116e-05,2510.01860648093,32,highpass
1.0090567613164992e-07,7e-07,1.8374196170305757e-07,2.473793201088867e-07,2.7277567584308116e-05,2510.01860648093,32,highpass
1.0090567613164992e-07,7e-07,1.8374196170305757e-07,2.473793201088867e-07,2.7277567584308116e-05,2510.01860648093,32,highpass
1.0090567613164992e-07,5.735999697460815e-07,1.8374196170305757e-07,2.473793201088867e-07,2.7277567584308116e-05,18.579031375434308,32,highpass
1.0090567613164992e-07,7e-07,1.8374196170305757e-07,2.473793201088867e-07,2.7277567584308116e-05,2510.01860648093,33,highpass
1.0090567613164992e-07,7e-07,1.8374196170305757e-07,2.4681092478858194e-07,2.7277567584308116e-05,2510.01860648093,33,highpass
1.0090567613164992e-07,7e-07,1.8374196170305757e-07,2.473793201088867e-07,2.7277567584308116e-05,2510.01860648093,33,highpass
1.0090567613164992e-07,7e-07,1.8374196170305757e-07,2.2642438892277566e-07,2.7277567584308116e-05,46.50448152881354,33,highpass
1.0090567613164992e-07,7e-07,1.8374196170305757e-07,2.473793201088867e-07,2.7277567584308116e-05,2510.01860648093,33,highpass
1.0090567613164992e-07,7e-07,1.8374196170305757e-07,2.473793201088867e-07,2.7957405886096902e-05,226.69532374268388,33,highpass
1.0090567613164992e-07,7e-07,1.8374196170305757e-07,2.473793201088867e-07,2.7277567584308116e-05,2510.01860648093,33,highpass
1.0090567613164992e-07,7e-07,1.8374196170305757e-07,2.473793201088867e-07,4.962275507134093e-05,145.07488554041353,33,highpass
1.0090567613164992e-07,7e-07,1.8374196170305757e-07,2.473793201088867e-07,2.7277567584308116e-05,2510.01860648093,33,highpass
1.0090567613164992e-07,7e-07,1.8374196170305757e-07,2.473793201088867e-07,2.7277567584308116e-05,2510.01860648093,33,highpass
1.0090567613164992e-07,7e-07,1.8374196170305757e-07,2.473793201088867e-07,2.7277567584308116e-05,2510.01860648093,33,highpass
1.0090567613164992e-07,7e-07,1.8374196170305757e-07,2.473793201088867e-07,2.7277567584308116e-05,2510.01860648093,33,highpass
1.0090567613164992e-07,7e-07,1.8374196170305757e-07,2.473793201088867e-07,2.7277567584308116e-05,2510.01860648093,33,highpass
1.0090567613164992e-07,7e-07,1.8374196170305757e-07,2.473793201088867e-07,2.7277567584308116e-05,2510.01860648093,33,highpass
1.0090567613164992e-07,7e-07,1.8374196170305757e-07,2.473793201088867e-07,2.7277567584308116e-05,2510.01860648093,33,highpass
1.0090567613164992e-07,7e-07,1.8374196170305757e-07,2.473793201088867e-07,2.7277567584308116e-05,2510.01860648093,33,highpass
1.0090567613164992e-07,7e-07,1.0927036055388479e-07,2.473793201088867e-07,2.7277567584308116e-05,7.705201254724093,33,highpass
1.0090567613164992e-07,7e-07,1.8374196170305757e-07,2.473793201088867e-07,2.7277567584308116e-05,2510.01860648093,33,highpass
1.0090567613164992e-07,7e-07,1.8374196170305757e-07,2.473793201088867e-07,2.7277567584308116e-05,2510.01860648093,33,highpass
1.0090567613164992e-07,7e-07,1.8374196170305757e-07,2.473793201088867e-07,2.7277567584308116e-05,2510.01860648093,33,highpass
1.0090567613164992e-07,7e-07,1.8374196170305757e-07,2.473793201088867e-07,2.7277567584308116e-05,2510.01860648093,33,highpass
1.0090567613164992e-07,7e-07,1.8374196170305757e-07,2.473793201088867e-07,2.7277567584308116e-05,2510.01860648093,33,highpass
1.0090567613164992e-07,7e-07,1.8374196170305757e-07,2.473793201088867e-07,2.7277567584308116e-05,2510.01860648093,33,highpass
1.0505870489495257e-07,7e-07,1.8374196170305757e-07,2.473793201088867e-07,2.7277567584308116e-05,38.70060408738819,33,highpass
1.0090567613164992e-07,7e-07,1.8374196170305757e-07,2.473793201088867e-07,2.7277567584308116e-05,2510.01860648093,33,highpass
1.0090567613164992e-07,7e-07,1.8374196170305757e-07,2.473793201088867e-07,2.7277567584308116e-05,2510.01860648093,33,highpass
1.0090567613164992e-07,7e-07,2.043220215420066e-07,2.473793201088867e-07,2.7277567584308116e-05,1.0404315819242136,33,highpass
1.0090567613164992e-07,7e-07,1.8374196170305757e-07,2.473793201088867e-07,2.7277567584308116e-05,2510.01860648093,33,highpass
1.0090567613164992e-07,7e-07,1.8374196170305757e-07,2.473793201088867e-07,2.7277567584308116e-05,2510.01860648093,33,highpass
1.0090567613164992e-07,7e-07,1.8374196170305757e-07,2.473793201088867e-07,2.7277567584308116e-05,2510.01860648093,33,highpass
1.0090567613164992e-07,7e-07,1.8374196170305757e-07,2.473793201088867e-07,2.7277567584308116e-05,2510.01860648093,34,highpass
1.0090567613164992e-07,7e-07,1.8374196170305757e-07,2.473793201088867e-07,2.7277567584308116e-05,2510.01860648093,34,highpass
1.0090567613164992e-07,7e-07,1.8374196170305757e-07,2.473793201088867e-07,2.7277567584308116e-05,2510.01860648093,34,highpass
1.0090567613164992e-07,7e-07,1.8374196170305757e-07,2.473793201088867e-07,2.7277567584308116e-05,2510.01860648093,34,highpass
1.0090567613164992e-07,7e-07,1.8374196170305757e-07,2.473793201088867e-07,2.7277567584308116e-05,2510.01860648093,34,highpass
1.0090567613164992e-07,7e-07,1.8374196170305757e-07,2.473793201088867e-07,3.385536206507747e-05,410.7192457230421,34,highpass
1.0090567613164992e-07,7e-07,1.8374196170305757e-07,2.473793201088867e-07,2.7277567584308116e-05,2510.01860648093,34,highpass
1.0090567613164992e-07,7e-07,1.8374196170305757e-07,2.473793201088867e-07,2.7277567584308116e-05,2510.01860648093,34,highpass
1.0090567613164992e-07,7e-07,1.8374196170305757e-07,2.473793201088867e-07,2.7277567584308116e-05,2510.01860648093,34,highpass
1.0090567613164992e-07,7e-07,1.8374196170305757e-07,2.473793201088867e-07,2.7277567584308116e-05,2510.01860648093,34,highpass
1.0090567613164992e-07,7e-07,1.8374196170305757e-07,2.473793201088867e-07,2.7277567584308116e-05,2510.01860648093,34,highpass
1.0090567613164992e-07,7e-07,1.8374196170305757e-07,2.473793201088867e-07,2.7277567584308116e-05,2510.01860648093,34,highpass
1.0090567613164992e-07,7e-07,1.8374196170305757e-07,2.473793201088867e-07,2.7277567584308116e-05,2510.01860648093,34,highpass
1.0090567613164992e-07,7e-07,1.4252644377174546e-07,2.473793201088867e-07,2.7277567584308116e-05,15.380333967047475,34,highpass
1.0090567613164992e-07,7e-07,1.8374196170305757e-07,2.473793201088867e-07,2.7277567584308116e-05,2510.01860648093,34,highpass
1.0090567613164992e-07,7e-07,1.8374196170305757e-07,2.473793201088867e-07,2.7277567584308116e-05,2510.01860648093,34,highpass
1.0090567613164992e-07,7e-07,1.8374196170305757e-07,2.473793201088867e-07,2.7277567584308116e-05,2510.01860648093,34,highpass
1.0090567613164992e-07,7e-07,1.8374196170305757e-07,2.473793201088867e-07,2.7277567584308116e-05,2510.01860648093,34,highpass
1.0090567613164992e-07,7e-07,1.8374196170305757e-07,2.473793201088867e-07,2.7277567584308116e-05,2510.01860648093,34,highpass
1.0090567613164992e-07,7e-07,1.8374196170305757e-07,2.473793201088867e-07,2.7277567584308116e-05,2510.01860648093,34,highpass
1.0090567613164992e-07,7e-07,1.8374196170305757e-07,2.473793201088867e-07,2.7277567584308116e-05,2510.01860648093,34,highpass
1.0090567613164992e-07,7e-07,1.8374196170305757e-07,2.473793201088867e-07,2.7277567584308116e-05,2510.01860648093,34,highpass
1.0090567613164992e-07,7e-07,1.8374196170305757e-07,2.473793201088867e-07,2.7277567584308116e-05,2510.01860648093,34,highpass
1.0090567613164992e-07,7e-07,2.406227967068031e-07,2.473793201088867e-07,2.7277567584308116e-05,0.9312789144311364,34,highpass
1.0090567613164992e-07,7e-07,1.8374196170305757e-07,2.473793201088867e-07,2.7277567584308116e-05,2510.01860648093,34,highpass
1.0090567613164992e-07,7e-07,1.8374196170305757e-07,2.473793201088867e-07,2.7277567584308116e-05,2510.01860648093,34,highpass
1.0090567613164992e-07,7e-07,1.8374196170305757e-07,2.473793201088867e-07,2.7277567584308116e-05,2510.01860648093,34,highpass
1.0090567613164992e-07,7e-07,1.8374196170305757e-07,2.4144464706538734e-07,2.7277567584308116e-05,1400.50519684331,34,highpass
1.0090567613164992e-07,7e-07,1.8374196170305757e-07,2.473793201088867e-07,2.7277567584308116e-05,2510.01860648093,34,highpass
1.0090567613164992e-07,7e-07,1.8374196170305757e-07,2.473793201088867e-07,2.7277567584308116e-05,2510.01860648093,34,highpass
1.0090567613164992e-07,7e-07,1.8374196170305757e-07,2.473793201088867e-07,2.7277567584308116e-05,2510.01860648093,35,highpass
1.0090567613164992e-07,7e-07,1.8374196170305757e-07,2.473793201088867e-07,2.7277567584308116e-05,2510.01860648093,35,highpass
1.0090567613164992e-07,7e-07,1.8374196170305757e-07,2.473793201088867e-07,2.7277567584308116e-05,2510.01860648093,35,highpass
1.0090567613164992e-07,7e-07,1.8374196170305757e-07,2.473793201088867e-07,2.7277567584308116e-05,2510.01860648093,35,highpass
1.0090567613164992e-07,7e-07,1.8374196170305757e-07,2.473793201088867e-07,3.302148147982152e-05,154.52354154602315,35,highpass
1.0090567613164992e-07,7e-07,1.8374196170305757e-07,2.473793201088867e-07,2.7277567584308116e-05,2510.01860648093,35,highpass
1.0090567613164992e-07,7e-07,1.8374196170305757e-07,2.473793201088867e-07,2.7277567584308116e-05,2510.01860648093,35,highpass
1.0090567613164992e-07,5.069552249429317e-07,1.8374196170305757e-07,2.473793201088867e-07,2.7277567584308116e-05,8.830535433352159,35,highpass
1.0090567613164992e-07,7e-07,1.8374196170305757e-07,2.473793201088867e-07,2.7277567584308116e-05,2510.01860648093,35,highpass
1.0090567613164992e-07,7e-07,1.8374196170305757e-07,2.473793201088867e-07,2.7277567584308116e-05,2510.01860648093,35,highpass
1.0090567613164992e-07,7e-07,1.8374196170305757e-07,2.473793201088867e-07,2.7277567584308116e-05,2510.01860648093,35,highpass
1.0090567613164992e-07,7e-07,1.8374196170305757e-07,2.473793201088867e-07,2.7277567584308116e-05,2510.01860648093,35,highpass
1.0090567613164992e-07,7e-07,1.8374196170305757e-07,2.473793201088867e-07,2.7277567584308116e-05,2510.01860648093,35,highpass
1.0090567613164992e-07,7e-07,1.8374196170305757e-07,2.473793201088867e-07,2.7277567584308116e-05,2510.01860648093,35,highpass
1.0090567613164992e-07,7e-07,1.8374196170305757e-07,2.473793201088867e-07,2.7277567584308116e-05,2510.01860648093,35,highpass
1.0090567613164992e-07,7e-07,1.8374196170305757e-07,2.473793201088867e-07,2.7277567584308116e-05,2510.01860648093,35,highpass
1.0090567613164992e-07,7e-07,1.8374196170305757e-07,2.473793201088867e-07,2.7277567584308116e-05,2510.01860648093,35,highpass
1.0090567613164992e-07,7e-07,1.8374196170305757e-07,2.473793201088867e-07,2.7277567584308116e-05,2510.01860648093,35,highpass
1.0796199930078396e-07,7e-07,1.8374196170305757e-07,2.473793201088867e-07,2.7277567584308116e-05,33.277587579941354,35,highpass
1.6465307607084684e-07,7e-07,1.8374196170305757e-07,2.473793201088867e-07,2.7277567584308116e-05,0.8588686048689415,35,highpass
1.0090567613164992e-07,7e-07,1.8374196170305757e-07,2.473793201088867e-07,2.7277567584308116e-05,2510.01860648093,35,highpass
1.0090567613164992e-07,7e-07,1.8374196170305757e-07,2.473793201088867e-07,2.7277567584308116e-05,2510.01860648093,35,highpass
1.0090567613164992e-07,7e-07,1.8374196170305757e-07,2.473793201088867e-07,2.7277567584308116e-05,2510.01860648093,35,highpass
1.0090567613164992e-07,7e-07,1.8374196170305757e-07,2.473793201088867e-07,2.7277567584308116e-05,2510.01860648093,35,highpass
1.0090567613164992e-07,7e-07,1.8374196170305757e-07,2.473793201088867e-07,2.7277567584308116e-05,2510.01860648093,35,highpass
1.0090567613164992e-07,7e-07,1.8374196170305757e-07,2.473793201088867e-07,2.7277567584308116e-05,2510.01860648093,35,highpass
1.0090567613164992e-07,7e-07,1.8374196170305757e-07,2.473793201088867e-07,2.7277567584308116e-05,2510.01860648093,35,highpass
1.0090567613164992e-07,7e-07,2.1027376227639932e-07,2.473793201088867e-07,2.7277567584308116e-05,0.7086732961267155,35,highpass
1.0090567613164992e-07,7e-07,1.8374196170305757e-07,2.473793201088867e-07,2.7277567584308116e-05,2510.01860648093,35,highpass
1.0090567613164992e-07,7e-07,1.8374196170305757e-07,2.473793201088867e-07,2.7277567584308116e-05,2510.01860648093,35,highpass
1.0090567613164992e-07,7e-07,1.8374196170305757e-07,2.473793201088867e-07,2.7277567584308116e-05,2510.01860648093,36,highpass
1.0090567613164992e-07,7e-07,1.801513734334095e-07,2.473793201088867e-07,2.7277567584308116e-05,79.81667571987339,36,highpass
1.0090567613164992e-07,7e-07,1.8374196170305757e-07,2.473793201088867e-07,2.7277567584308116e-05,2510.01860648093,36,highpass
1.0090567613164992e-07,7e-07,1.8374196170305757e-07,2.473793201088867e-07,2.7277567584308116e-05,2510.01860648093,36,highpass
1.0090567613164992e-07,7e-07,1.8374196170305757e-07,2.473793201088867e-07,2.7277567584308116e-05,2510.01860648093,36,highpass
1.0090567613164992e-07,7e-07,1.8374196170305757e-07,2.473793201088867e-07,2.7277567584308116e-05,2510.01860648093,36,highpass
1.0090567613164992e-07,7e-07,1.8374196170305757e-07,2.473793201088867e-07,2.7277567584308116e-05,2510.01860648093,36,highpass
1.0090567613164992e-07,7e-07,1.8374196170305757e-07,2.473793201088867e-07,2.7277567584308116e-05,2510.01860648093,36,highpass
1.0090567613164992e-07,7e-07,1.8374196170305757e-07,2.473793201088867e-07,2.7277567584308116e-05,2510.01860648093,36,highpass
1.0090567613164992e-07,7e-07,1.8374196170305757e-07,2.473793201088867e-07,2.7277567584308116e-05,2510.01860648093,36,highpass
1.0283615984420898e-07,7e-07,1.8374196170305757e-07,2.473793201088867e-07,2.7277567584308116e-05,44.22668906678867,36,highpass
1.0090567613164992e-07,7e-07,1.8374196170305757e-07,2.473793201088867e-07,2.7277567584308116e-05,2510.01860648093,36,highpass
1.0090567613164992e-07,7e-07,1.8374196170305757e-07,2.473793201088867e-07,2.7277567584308116e-05,2510.01860648093,36,highpass
1.0090567613164992e-07,7e-07,1.8374196170305757e-07,2.473793201088867e-07,2.7277567584308116e-05,2510.01860648093,36,highpass
1.0090567613164992e-07,7e-07,1.8374196170305757e-07,2.473793201088867e-07,2.7277567584308116e-05,2510.01860648093,36,highpass
1.0090567613164992e-07,7e-07,1.8374196170305757e-07,2.473793201088867e-07,2.7277567584308116e-05,2510.01860648093,36,highpass
1.0090567613164992e-07,7e-07,1.8374196170305757e-07,2.473793201088867e-07,2.7277567584308116e-05,2510.01860648093,36,highpass
1.0090567613164992e-07,7e-07,1.8374196170305757e-07,2.473793201088867e-07,2.7277567584308116e-05,2510.01860648093,36,highpass
2.4128538466518577e-07,7e-07,1.8374196170305757e-07,2.473793201088867e-07,2.7277567584308116e-05,0.9678283038998721,36,highpass
1.0090567613164992e-07,7e-07,1.8374196170305757e-07,2.473793201088867e-07,2.7277567584308116e-05,2510.01860648093,36,highpass
1.0090567613164992e-07,7e-07,1.8536768548783755e-07,2.473793201088867e-07,2.7277567584308116e-05,38.14760475219867,36,highpass
1.0090567613164992e-07,7e-07,1.8374196170305757e-07,2.473793201088867e-07,2.7277567584308116e-05,2510.01860648093,36,highpass
1.0090567613164992e-07,7e-07,1.8374196170305757e-07,2.473793201088867e-07,2.7277567584308116e-05,2510.01860648093,36,highpass
1.0090567613164992e-07,7e-07,1.8374196170305757e-07,2.473793201088867e-07,2.7277567584308116e-05,2510.01860648093,36,highpass
1.0090567613164992e-07,7e-07,1.8374196170305757e-07,2.473793201088867e-07,2.7277567584308116e-05,2510.01860648093,36,highpass
1.0090567613164992e-07,7e-07,1.8374196170305757e-07,2.473793201088867e-07,2.7277567584308116e-05,2510.01860648093,36,highpass
1.0090567613164992e-07,7e-07,1.8374196170305757e-07,2.473793201088867e-07,2.7277567584308116e-05,2510.01860648093,36,highpass
1.0090567613164992e-07,7e-07,1.8374196170305757e-07,2.473793201088867e-07,2.7277567584308116e-05,2510.01860648093,36,highpass
1.0090567613164992e-07,7e-07,1.8374196170305757e-07,2.473793201088867e-07,2.7277567584308116e-05,2510.01860648093,36,highpass
1.0090567613164992e-07,7e-07,1.8374196170305757e-07,2.473793201088867e-07,2.7277567584308116e-05,2510.01860648093,36,highpass
1.0090567613164992e-07,7e-07,1.8374196170305757e-07,2.473793201088867e-07,2.7277567584308116e-05,2510.01860648093,37,highpass
1.0090567613164992e-07,7e-07,1.8374196170305757e-07,2.473793201088867e-07,2.7277567584308116e-05,2510.01860648093,37,highpass
1.0090567613164992e-07,7e-07,1.8374196170305757e-07,2.473793201088867e-07,2.7277567584308116e-05,2510.01860648093,37,highpass
1.0090567613164992e-07,7e-07,1.8374196170305757e-07,2.473793201088867e-07,2.7277567584308116e-05,2510.01860648093,37,highpass
1.0090567613164992e-07,7e-07,2.2738167726144523e-07,2.473793201088867e-07,2.7277567584308116e-05,0.8337400673829984,37,highpass
1.0090567613164992e-07,7e-07,1.8374196170305757e-07,2.473793201088867e-07,2.7277567584308116e-05,2510.01860648093,37,highpass
1.0090567613164992e-07,7e-07,1.8374196170305757e-07,2.473793201088867e-07,2.7277567584308116e-05,2510.01860648093,37,highpass
1.0090567613164992e-07,7e-07,1.8374196170305757e-07,2.473793201088867e-07,2.7277567584308116e-05,2510.01860648093,37,highpass
1.0090567613164992e-07,7e-07,1.8374196170305757e-07,2.473793201088867e-07,3.542724623159666e-05,42.206572213289114,37,highpass
1.0090567613164992e-07,7e-07,1.8374196170305757e-07,2.473793201088867e-07,2.7277567584308116e-05,2510.01860648093,37,highpass
1.0090567613164992e-07,7e-07,1.8374196170305757e-07,2.473793201088867e-07,2.7277567584308116e-05,2510.01860648093,37,highpass
1.0090567613164992e-07,7e-07,1.8374196170305757e-07,2.473793201088867e-07,2.7277567584308116e-05,2510.01860648093,37,highpass
1.0090567613164992e-07,7e-07,1.8374196170305757e-07,2.473793201088867e-07,2.7277567584308116e-05,2510.01860648093,37,highpass
1.0090567613164992e-07,7e-07,1.8374196170305757e-07,2.473793201088867e-07,2.7277567584308116e-05,2510.01860648093,37,highpass
1.0090567613164992e-07,7e-07,1.8374196170305757e-07,2.473793201088867e-07,2.7277567584308116e-05,2510.01860648093,37,highpass
1.0090567613164992e-07,7e-07,1.8374196170305757e-07,2.473793201088867e-07,2.7277567584308116e-05,2510.01860648093,37,highpass
1.0090567613164992e-07,7e-07,1.8374196170305757e-07,2.473793201088867e-07,2.7277567584308116e-05,2510.01860648093,37,highpass
1.0090567613164992e-07,7e-07,1.8374196170305757e-07,2.473793201088867e-07,2.7277567584308116e-05,2510.01860648093,37,highpass
1.0090567613164992e-07,7e-07,1.8374196170305757e-07,2.473793201088867e-07,2.7277567584308116e-05,2510.01860648093,37,highpass
1.0090567613164992e-07,7e-07,1.838031086236967e-07,2.473793201088867e-07,2.7277567584308116e-05,2510.01860648093,37,highpass
1.0090567613164992e-07,7e-07,1.8374196170305757e-07,2.473793201088867e-07,2.7277567584308116e-05,2510.01860648093,37,highpass
1.0090567613164992e-07,7e-07,1.8374196170305757e-07,2.473793201088867e-07,2.7277567584308116e-05,2510.01860648093,37,highpass
1.0090567613164992e-07,7e-07,1.8374196170305757e-07,2.473793201088867e-07,2.7277567584308116e-05,2510.01860648093,37,highpass
1.0090567613164992e-07,7e-07,1.8374196170305757e-07,2.473793201088867e-07,2.7277567584308116e-05,2510.01860648093,37,highpass
1.0090567613164992e-07,7e-07,1.8374196170305757e-07,2.473793201088867e-07,2.7277567584308116e-05,2510.01860648093,37,highpass
1.0090567613164992e-07,7e-07,1.8374196170305757e-07,2.473793201088867e-07,2.7277567584308116e-05,2510.01860648093,37,highpass
1.0090567613164992e-07,7e-07,1.8374196170305757e-07,2.473793201088867e-07,2.7277567584308116e-05,2510.01860648093,37,highpass
1.0090567613164992e-07,7e-07,1.8374196170305757e-07,2.473793201088867e-07,2.7277567584308116e-05,2510.01860648093,37,highpass
1.0090567613164992e-07,7e-07,1.8374196170305757e-07,2.473793201088867e-07,2.7277567584308116e-05,2510.01860648093,37,highpass
1.0090567613164992e-07,7e-07,1.8374196170305757e-07,2.473793201088867e-07,2.7277567584308116e-05,2510.01860648093,37,highpass
1.0090567613164992e-07,7e-07,1.8374196170305757e-07,2.473793201088867e-07,2.7277567584308116e-05,2510.01860648093,38,highpass
1.0090567613164992e-07,7e-07,1.8374196170305757e-07,2.473793201088867e-07,2.7277567584308116e-05,2510.01860648093,38,highpass
1.0090567613164992e-07,7e-07,1.8374196170305757e-07,2.473793201088867e-07,2.7277567584308116e-05,2510.01860648093,38,highpass
1.0090567613164992e-07,7e-07,1.8374196170305757e-07,2.473793201088867e-07,2.7277567584308116e-05,2510.01860648093,38,highpass
1.0090567613164992e-07,7e-07,1.8374196170305757e-07,2.473793201088867e-07,2.7277567584308116e-05,2510.01860648093,38,highpass
1.0090567613164992e-07,7e-07,1.8374196170305757e-07,2.473793201088867e-07,2.7277567584308116e-05,2510.01860648093,38,highpass
1.0090567613164992e-07,7e-07,1.8374196170305757e-07,2.473793201088867e-07,2.7277567584308116e-05,2510.01860648093,38,highpass
1.0090567613164992e-07,7e-07,1.8374196170305757e-07,2.473793201088867e-07,2.7277567584308116e-05,2510.01860648093,38,highpass
1.0090567613164992e-07,7e-07,1.8374196170305757e-07,2.473793201088867e-07,2.7277567584308116e-05,2510.01860648093,38,highpass
1.0090567613164992e-07,7e-07,1.8374196170305757e-07,2.473793201088867e-07,2.7277567584308116e-05,2510.01860648093,38,highpass
1.0090567613164992e-07,7e-07,1.8374196170305757e-07,2.473793201088867e-07,2.7277567584308116e-05,2510.01860648093,38,highpass
1.0090567613164992e-07,7e-07,1.8374196170305757e-07,2.473793201088867e-07,2.7277567584308116e-05,2510.01860648093,38,highpass
1.0090567613164992e-07,7e-07,1.8374196170305757e-07,2.8588666079152617e-07,2.7277567584308116e-05,11.163042273139673,38,highpass
1.0090567613164992e-07,7e-07,1.8374196170305757e-07,2.473793201088867e-07,2.7277567584308116e-05,2510.01860648093,38,highpass
1.0090567613164992e-07,7e-07,1.8374196170305757e-07,2.473793201088867e-07,2.7277567584308116e-05,2510.01860648093,38,highpass
1.0090567613164992e-07,7e-07,1.8374196170305757e-07,2.473793201088867e-07,2.7277567584308116e-05,2510.01860648093,38,highpass
1.0090567613164992e-07,7e-07,1.8374196170305757e-07,2.473793201088867e-07,2.7277567584308116e-05,2510.01860648093,38,highpass
1.0090567613164992e-07,7e-07,1.8374196170305757e-07,2.473793201088867e-07,2.7277567584308116e-05,2510.01860648093,38,highpass
1.0090567613164992e-07,7e-07,1.8374196170305757e-07,2.473793201088867e-07,2.7277567584308116e-05,2510.01860648093,38,highpass
1.0090567613164992e-07,7e-07,1.8374196170305757e-07,2.473793201088867e-07,2.7277567584308116e-05,2510.01860648093,38,highpass
1.0090567613164992e-07,7e-07,1.8374196170305757e-07,2.403961939352921e-07,2.7277567584308116e-05,389.09962439296964,38,highpass
1.0090567613164992e-07,7e-07,1.8374196170305757e-07,2.473793201088867e-07,2.7277567584308116e-05,2510.01860648093,38,highpass
1.0090567613164992e-07,7e-07,1.8374196170305757e-07,2.473793201088867e-07,2.7277567584308116e-05,2510.01860648093,38,highpass
1.0090567613164992e-07,7e-07,1.8374196170305757e-07,2.473793201088867e-07,2.7277567584308116e-05,2510.01860648093,38,highpass
1.0090567613164992e-07,7e-07,1.8374196170305757e-07,2.473793201088867e-07,2.7277567584308116e-05,2510.01860648093,38,highpass
1.0090567613164992e-07,7e-07,1.838031086236967e-07,2.473793201088867e-07,2.7277567584308116e-05,2510.01860648093,38,highpass
1.0090567613164992e-07,7e-07,1.8374196170305757e-07,2.473793201088867e-07,2.7277567584308116e-05,2510.01860648093,38,highpass
1.0090567613164992e-07,7e-07,1.8374196170305757e-07,2.473793201088867e-07,2.7277567584308116e-05,2510.01860648093,38,highpass
1.0090567613164992e-07,7e-07,1.8374196170305757e-07,2.473793201088867e-07,2.7277567584308116e-05,2510.01860648093,38,highpass
1.0090567613164992e-07,7e-07,1.8374196170305757e-07,2.473793201088867e-07,2.7277567584308116e-05,2510.01860648093,38,highpass
1.0090567613164992e-07,7e-07,1.8374196170305757e-07,2.473793201088867e-07,2.7277567584308116e-05,2510.01860648093,39,highpass
1.0090567613164992e-07,7e-07,1.8374196170305757e-07,2.473793201088867e-07,2.7277567584308116e-05,2510.01860648093,39,highpass
1.0090567613164992e-07,7e-07,1.8374196170305757e-07,2.473793201088867e-07,2.7277567584308116e-05,2510.01860648093,39,highpass
1.0090567613164992e-07,7e-07,1.8374196170305757e-07,2.473793201088867e-07,2.7277567584308116e-05,2510.01860648093,39,highpass
1.0090567613164992e-07,7e-07,1.838031086236967e-07,2.473793201088867e-07,2.7277567584308116e-05,2510.01860648093,39,highpass
1.0090567613164992e-07,7e-07,1.8374196170305757e-07,2.0327326426815457e-07,2.7277567584308116e-05,37.51467710646619,39,highpass
1.0090567613164992e-07,7e-07,1.8374196170305757e-07,2.473793201088867e-07,2.6420504927499325e-05,316.8239133335459,39,highpass
1.0090567613164992e-07,7e-07,1.8374196170305757e-07,2.473793201088867e-07,2.7277567584308116e-05,2510.01860648093,39,highpass
1.0090567613164992e-07,7e-07,1.8374196170305757e-07,2.473793201088867e-07,2.7277567584308116e-05,2510.01860648093,39,highpass
1.0090567613164992e-07,7e-07,1.8374196170305757e-07,2.473793201088867e-07,2.896496839844513e-05,82.76403664477377,39,highpass
1.0090567613164992e-07,7e-07,1.8374196170305757e-07,2.473793201088867e-07,2.7277567584308116e-05,2510.01860648093,39,highpass
1.0090567613164992e-07,7e-07,1.8374196170305757e-07,2.473793201088867e-07,2.7277567584308116e-05,2510.01860648093,39,highpass
1.0090567613164992e-07,7e-07,1.8374196170305757e-07,2.473793201088867e-07,2.7277567584308116e-05,2510.01860648093,39,highpass
1.0090567613164992e-07,7e-07,1.8374196170305757e-07,2.473793201088867e-07,2.7277567584308116e-05,2510.01860648093,39,highpass
1.0090567613164992e-07,7e-07,1.8374196170305757e-07,2.473793201088867e-07,2.7277567584308116e-05,2510.01860648093,39,highpass
1.0090567613164992e-07,7e-07,1.8374196170305757e-07,2.473793201088867e-07,2.7277567584308116e-05,2510.01860648093,39,highpass
1.0090567613164992e-07,7e-07,1.8374196170305757e-07,2.473793201088867e-07,2.7277567584308116e-05,2510.01860648093,39,highpass
1.0090567613164992e-07,7e-07,1.8374196170305757e-07,2.494115286814142e-07,2.7277567584308116e-05,430.16722199313597,39,highpass
1.0090567613164992e-07,7e-07,1.8374196170305757e-07,2.473793201088867e-07,2.7277567584308116e-05,2510.01860648093,39,highpass
1.0090567613164992e-07,7e-07,1.8374196170305757e-07,2.473793201088867e-07,2.7277567584308116e-05,2510.01860648093,39,highpass
1.0090567613164992e-07,7e-07,1.8374196170305757e-07,2.473793201088867e-07,2.7277567584308116e-05,2510.01860648093,39,highpass
1.0090567613164992e-07,7e-07,1.8374196170305757e-07,2.473793201088867e-07,2.7277567584308116e-05,2510.01860648093,39,highpass
1.0090567613164992e-07,7e-07,1.8374196170305757e-07,2.473793201088867e-07,2.7277567584308116e-05,2510.01860648093,39,highpass
1.0090567613164992e-07,7e-07,1.8374196170305757e-07,2.473793201088867e-07,2.7277567584308116e-05,2510.01860648093,39,highpass
1.0090567613164992e-07,7e-07,1.8374196170305757e-07,2.473793201088867e-07,2.7277567584308116e-05,2510.01860648093,39,highpass
1.0090567613164992e-07,7e-07,1.8374196170305757e-07,2.473793201088867e-07,2.7277567584308116e-05,2510.01860648093,39,highpass
1.0090567613164992e-07,7e-07,1.8374196170305757e-07,2.473793201088867e-07,2.7277567584308116e-05,2510.01860648093,39,highpass
1.0090567613164992e-07,7e-07,1.8374196170305757e-07,2.473793201088867e-07,2.7277567584308116e-05,2510.01860648093,39,highpass
1.0090567613164992e-07,7e-07,1.8374196170305757e-07,2.473793201088867e-07,2.7277567584308116e-05,2510.01860648093,39,highpass
1.0090567613164992e-07,7e-07,2.0732705810819068e-07,2.473793201088867e-07,2.7277567584308116e-05,0.813873919192084,39,highpass
1.0090567613164992e-07,7e-07,1.8374196170305757e-07,2.473793201088867e-07,2.7277567584308116e-05,2510.01860648093,40,highpass
1.206727457596196e-07,7e-07,1.8374196170305757e-07,2.473793201088867e-07,2.7277567584308116e-05,8.744191786834904,40,highpass
1.0090567613164992e-07,7e-07,1.8374196170305757e-07,2.473793201088867e-07,2.7277567584308116e-05,2510.01860648093,40,highpass
1.0090567613164992e-07,7e-07,1.8374196170305757e-07,2.473793201088867e-07,2.7277567584308116e-05,2510.01860648093,40,highpass
1.0090567613164992e-07,7e-07,1.8374196170305757e-07,2.473793201088867e-07,2.7277567584308116e-05,2510.01860648093,40,highpass
1.0090567613164992e-07,7e-07,1.8374196170305757e-07,2.473793201088867e-07,2.7277567584308116e-05,2510.01860648093,40,highpass
1.0090567613164992e-07,7e-07,1.8374196170305757e-07,2.473793201088867e-07,2.7277567584308116e-05,2510.01860648093,40,highpass
1.0090567613164992e-07,7e-07,1.8374196170305757e-07,2.473793201088867e-07,2.7277567584308116e-05,2510.01860648093,40,highpass
1.8822429429174397e-07,7e-07,1.8374196170305757e-07,2.473793201088867e-07,2.7277567584308116e-05,0.9299239535062005,40,highpass
1.0090567613164992e-07,7e-07,1.8374196170305757e-07,2.473793201088867e-07,2.7277567584308116e-05,2510.01860648093,40,highpass
1.0090567613164992e-07,7e-07,1.8374196170305757e-07,2.473793201088867e-07,2.7277567584308116e-05,2510.01860648093,40,highpass
1.0090567613164992e-07,7e-07,1.8374196170305757e-07,2.473793201088867e-07,2.7277567584308116e-05,2510.01860648093,40,highpass
1.0090567613164992e-07,7e-07,1.8374196170305757e-07,2.473793201088867e-07,2.7277567584308116e-05,2510.01860648093,40,highpass
1.0090567613164992e-07,7e-07,1.8374196170305757e-07,2.473793201088867e-07,2.7277567584308116e-05,2510.01860648093,40,highpass
1.0090567613164992e-07,7e-07,1.8374196170305757e-07,2.473793201088867e-07,2.7277567584308116e-05,2510.01860648093,40,highpass
1.0090567613164992e-07,7e-07,1.838031086236967e-07,2.473793201088867e-07,2.7277567584308116e-05,2510.01860648093,40,highpass
1.0090567613164992e-07,7e-07,1.8374196170305757e-07,2.473793201088867e-07,2.7277567584308116e-05,2510.01860648093,40,highpass
1.0090567613164992e-07,7e-07,1.8374196170305757e-07,2.473793201088867e-07,2.7277567584308116e-05,2510.01860648093,40,highpass
1.0090567613164992e-07,7e-07,1.8374196170305757e-07,2.473793201088867e-07,2.7277567584308116e-05,2510.01860648093,40,highpass
1.0090567613164992e-07,7e-07,1.8374196170305757e-07,2.473793201088867e-07,2.7277567584308116e-05,2510.01860648093,40,highpass
1.0090567613164992e-07,7e-07,1.838031086236967e-07,2.473793201088867e-07,2.7277567584308116e-05,2510.01860648093,40,highpass
1.0090567613164992e-07,7e-07,1.8374196170305757e-07,2.473793201088867e-07,2.7277567584308116e-05,2510.01860648093,40,highpass
1.0090567613164992e-07,7e-07,1.8374196170305757e-07,2.473793201088867e-07,2.7277567584308116e-05,2510.01860648093,40,highpass
1.0090567613164992e-07,7e-07,1.8374196170305757e-07,2.473793201088867e-07,2.7277567584308116e-05,2510.01860648093,40,highpass
1.0090567613164992e-07,7e-07,1.8374196170305757e-07,2.473793201088867e-07,2.7277567584308116e-05,2510.01860648093,40,highpass
1.0090567613164992e-07,7e-07,1.8374196170305757e-07,2.473793201088867e-07,2.853469275830831e-05,141.9778960688471,40,highpass
1.0090567613164992e-07,7e-07,1.8374196170305757e-07,2.473793201088867e-07,2.7277567584308116e-05,2510.01860648093,40,highpass
1.0090567613164992e-07,7e-07,1.8374196170305757e-07,2.473793201088867e-07,2.7277567584308116e-05,2510.01860648093,40,highpass
1.0090567613164992e-07,7e-07,1.8374196170305757e-07,2.473793201088867e-07,2.7277567584308116e-05,2510.01860648093,40,highpass
1.0090567613164992e-07,7e-07,1.8291893669143363e-07,2.473793201088867e-07,2.7277567584308116e-05,190.07936877246138,40,highpass
1.0090567613164992e-07,7e-07,1.8374196170305757e-07,2.473793201088867e-07,2.7277567584308116e-05,2510.01860648093,41,highpass
1.0090567613164992e-07,7e-07,1.8374196170305757e-07,2.473793201088867e-07,2.7277567584308116e-05,2510.01860648093,41,highpass
2.136026450464909e-07,7e-07,1.8374196170305757e-07,2.473793201088867e-07,2.7277567584308116e-05,0.9673226167615974,41,highpass
1.0090567613164992e-07,7e-07,1.8374196170305757e-07,2.473793201088867e-07,2.7277567584308116e-05,2510.01860648093,41,highpass
2.37565575983514e-07,7e-07,1.8374196170305757e-07,2.473793201088867e-07,2.7277567584308116e-05,0.9678043098886188,41,highpass
1.0090567613164992e-07,7e-07,1.8374196170305757e-07,2.473793201088867e-07,2.7277567584308116e-05,2510.01860648093,41,highpass
1.0090567613164992e-07,7e-07,1.8374196170305757e-07,2.473793201088867e-07,2.7277567584308116e-05,2510.01860648093,41,highpass
1.0090567613164992e-07,7e-07,1.8374196170305757e-07,2.473793201088867e-07,2.7277567584308116e-05,2510.01860648093,41,highpass
1.0090567613164992e-07,7e-07,1.8374196170305757e-07,2.473793201088867e-07,2.7277567584308116e-05,2510.01860648093,41,highpass
1.0090567613164992e-07,7e-07,1.8374196170305757e-07,2.473793201088867e-07,2.7277567584308116e-05,2510.01860648093,41,highpass
1.0090567613164992e-07,7e-07,1.8374196170305757e-07,2.473793201088867e-07,2.7277567584308116e-05,2510.01860648093,41,highpass
1.0090567613164992e-07,7e-07,1.8374196170305757e-07,2.473793201088867e-07,2.7277567584308116e-05,2510.01860648093,41,highpass
1.0090567613164992e-07,7e-07,1.8374196170305757e-07,2.473793201088867e-07,2.7277567584308116e-05,2510.01860648093,41,highpass
1.0090567613164992e-07,7e-07,1.8374196170305757e-07,2.473793201088867e-07,2.7277567584308116e-05,2510.01860648093,41,highpass
1.0090567613164992e-07,7e-07,1.8374196170305757e-07,2.473793201088867e-07,2.515170788871947e-05,107.70278379833722,41,highpass
1.0090567613164992e-07,7e-07,1.8374196170305757e-07,2.473793201088867e-07,2.7277567584308116e-05,2510.01860648093,41,highpass
1.0090567613164992e-07,6.916106526562436e-07,1.8374196170305757e-07,2.473793201088867e-07,2.7277567584308116e-05,531.5665323165317,41,highpass
1.0090567613164992e-07,7e-07,1.8374196170305757e-07,2.473793201088867e-07,2.7277567584308116e-05,2510.01860648093,41,highpass
1.0090567613164992e-07,7e-07,1.8374196170305757e-07,2.473793201088867e-07,2.7277567584308116e-05,2510.01860648093,41,highpass
1.0090567613164992e-07,7e-07,1.8374196170305757e-07,2.473793201088867e-07,2.7277567584308116e-05,2510.01860648093,41,highpass
1e-07,7e-07,1.8374196170305757e-07,2.473793201088867e-07,2.7277567584308116e-05,162.24691398485447,41,highpass
1e-07,7e-07,1.8374196170305757e-07,2.473793201088867e-07,2.7277567584308116e-05,162.24691398485447,41,highpass
1.0090567613164992e-07,7e-07,1.8374196170305757e-07,2.473793201088867e-07,2.7277567584308116e-05,2510.01860648093,41,highpass
1.0090567613164992e-07,7e-07,1.838031086236967e-07,2.485649287200262e-07,2.7277567584308116e-05,543.2503047847267,41,highpass
1.0090567613164992e-07,7e-07,1.8374196170305757e-07,2.473793201088867e-07,2.8846624390893e-05,154.5562863575717,41,highpass
1.0090567613164992e-07,7e-07,1.838031086236967e-07,2.473793201088867e-07,2.7277567584308116e-05,2510.01860648093,41,highpass
1.0090567613164992e-07,7e-07,1.8374196170305757e-07,2.473793201088867e-07,2.7277567584308116e-05,2510.01860648093,41,highpass
1.0090567613164992e-07,7e-07,1.838031086236967e-07,2.473793201088867e-07,2.7277567584308116e-05,2510.01860648093,41,highpass
1.0090567613164992e-07,7e-07,1.8374196170305757e-07,2.473793201088867e-07,2.7277567584308116e-05,2510.01860648093,41,highpass
1.0090567613164992e-07,7e-07,1.8374196170305757e-07,2.473793201088867e-07,2.7277567584308116e-05,2510.01860648093,41,highpass
1.0090567613164992e-07,7e-07,1.8374196170305757e-07,2.473793201088867e-07,2.7277567584308116e-05,2510.01860648093,42,highpass
1.0090567613164992e-07,7e-07,1.8374196170305757e-07,2.473793201088867e-07,2.7277567584308116e-05,2510.01860648093,42,highpass
1.0090567613164992e-07,7e-07,1.8374196170305757e-07,2.473793201088867e-07,2.7277567584308116e-05,2510.01860648093,42,highpass
1.0090567613164992e-07,7e-07,1.8374196170305757e-07,2.473793201088867e-07,2.7277567584308116e-05,2510.01860648093,42,highpass
1.0090567613164992e-07,7e-07,1.8374196170305757e-07,2.473793201088867e-07,2.7277567584308116e-05,2510.01860648093,42,highpass
1.0090567613164992e-07,7e-07,1.838031086236967e-07,2.473793201088867e-07,2.7277567584308116e-05,2510.01860648093,42,highpass
1.0090567613164992e-07,7e-07,1.8374196170305757e-07,2.473793201088867e-07,2.7277567584308116e-05,2510.01860648093,42,highpass
1.0090567613164992e-07,7e-07,1.8374196170305757e-07,2.473793201088867e-07,2.7277567584308116e-05,2510.01860648093,42,highpass
1.0090567613164992e-07,7e-07,1.8374196170305757e-07,2.473793201088867e-07,2.7277567584308116e-05,2510.01860648093,42,highpass
2.2024674331838075e-07,7e-07,1.8374196170305757e-07,2.473793201088867e-07,2.7277567584308116e-05,0.9678570698704725,42,highpass
1.0090567613164992e-07,7e-07,1.8374196170305757e-07,2.473793201088867e-07,2.7277567584308116e-05,2510.01860648093,42,highpass
1.0090567613164992e-07,7e-07,1.8374196170305757e-07,2.473793201088867e-07,2.7277567584308116e-05,2510.01860648093,42,highpass
1.046128537178187e-07,7e-07,1.8374196170305757e-07,2.473793201088867e-07,2.7277567584308116e-05,51.755232807523335,42,highpass
1.0090567613164992e-07,7e-07,1.8374196170305757e-07,2.473793201088867e-07,4.558667513921936e-05,104.85605513160128,42,highpass
1.0090567613164992e-07,6.249922054491369e-07,1.8374196170305757e-07,2.473793201088867e-07,2.7277567584308116e-05,35.17251054887554,42,highpass
1.2312445846395177e-07,7e-07,1.8374196170305757e-07,2.473793201088867e-07,2.7277567584308116e-05,7.135665097956363,42,highpass
1.0090567613164992e-07,7e-07,1.8374196170305757e-07,2.473793201088867e-07,2.7277567584308116e-05,2510.01860648093,42,highpass
1.0090567613164992e-07,7e-07,1.8374196170305757e-07,2.473793201088867e-07,2.7277567584308116e-05,2510.01860648093,42,highpass
1.0090567613164992e-07,7e-07,1.8374196170305757e-07,2.473793201088867e-07,2.7277567584308116e-05,2510.01860648093,42,highpass
1.0090567613164992e-07,7e-07,1.838031086236967e-07,2.473793201088867e-07,2.7277567584308116e-05,2510.01860648093,42,highpass
1.0090567613164992e-07,7e-07,1.8374196170305757e-07,2.473793201088867e-07,2.7277567584308116e-05,2510.01860648093,42,highpass
1.0090567613164992e-07,7e-07,1.8374196170305757e-07,2.473793201088867e-07,2.7277567584308116e-05,2510.01860648093,42,highpass
1.0090567613164992e-07,7e-07,1.8374196170305757e-07,2.473793201088867e-07,2.7277567584308116e-05,2510.01860648093,42,highpass
1.0090567613164992e-07,7e-07,1.8374196170305757e-07,2.473793201088867e-07,2.7277567584308116e-05,2510.01860648093,42,highpass
1.0090567613164992e-07,7e-07,1.8374196170305757e-07,2.473793201088867e-07,2.7277567584308116e-05,2510.01860648093,42,highpass
1.0090567613164992e-07,7e-07,1.8374196170305757e-07,2.473793201088867e-07,2.7277567584308116e-05,2510.01860648093,42,highpass
1.0090567613164992e-07,7e-07,1.8374196170305757e-07,2.473793201088867e-07,2.7277567584308116e-05,2510.01860648093,42,highpass
1.0090567613164992e-07,7e-07,1.8374196170305757e-07,2.473793201088867e-07,2.7277567584308116e-05,2510.01860648093,42,highpass
1.0090567613164992e-07,7e-07,1.8374196170305757e-07,2.473793201088867e-07,2.7277567584308116e-05,2510.01860648093,42,highpass
1.2306265725417608e-07,7e-07,1.838031086236967e-07,2.473793201088867e-07,2.7277567584308116e-05,7.135665097956363,42,highpass
1.0090567613164992e-07,7e-07,1.8374196170305757e-07,2.473793201088867e-07,2.7277567584308116e-05,2510.01860648093,43,highpass
1.0090567613164992e-07,7e-07,1.8374196170305757e-07,2.473793201088867e-07,2.7277567584308116e-05,2510.01860648093,43,highpass
1.0090567613164992e-07,7e-07,1.8374196170305757e-07,2.473793201088867e-07,2.7277567584308116e-05,2510.01860648093,43,highpass
1.0090567613164992e-07,7e-07,1.8374196170305757e-07,2.473793201088867e-07,2.7277567584308116e-05,2510.01860648093,43,highpass
1.0090567613164992e-07,7e-07,1.8374196170305757e-07,2.473793201088867e-07,2.7277567584308116e-05,2510.01860648093,43,highpass
1.0090567613164992e-07,7e-07,1.8374196170305757e-07,2.473793201088867e-07,2.7277567584308116e-05,2510.01860648093,43,highpass
1.0090567613164992e-07,7e-07,1.8374196170305757e-07,2.473793201088867e-07,5.329646240066342e-06,8.569024642451971,43,highpass
1.0090567613164992e-07,7e-07,1.8374196170305757e-07,2.539596397952941e-07,2.7277567584308116e-05,717.9504993646359,43,highpass
1.0090567613164992e-07,7e-07,1.8374196170305757e-07,2.473793201088867e-07,2.7277567584308116e-05,2510.01860648093,43,highpass
1.0090567613164992e-07,7e-07,1.8374196170305757e-07,2.473793201088867e-07,2.7277567584308116e-05,2510.01860648093,43,highpass
1.0090567613164992e-07,7e-07,1.838031086236967e-07,2.473793201088867e-07,2.7277567584308116e-05,2510.01860648093,43,highpass
1.0090567613164992e-07,7e-07,1.8374196170305757e-07,2.473793201088867e-07,2.7277567584308116e-05,2510.01860648093,43,highpass
1.0090567613164992e-07,7e-07,1.8374196170305757e-07,2.473793201088867e-07,2.7277567584308116e-05,2510.01860648093,43,highpass
1.0090567613164992e-07,7e-07,1.838031086236967e-07,2.473793201088867e-07,2.7277567584308116e-05,2510.01860648093,43,highpass
1.0011418684140344e-07,7e-07,1.8374196170305757e-07,2.473793201088867e-07,2.7277567584308116e-05,271.2382032947963,43,highpass
1.0090567613164992e-07,7e-07,1.8374196170305757e-07,2.473793201088867e-07,2.7277567584308116e-05,2510.01860648093,43,highpass
1.0090567613164992e-07,7e-07,1.8374196170305757e-07,2.473793201088867e-07,2.7277567584308116e-05,2510.01860648093,43,highpass
1.0090567613164992e-07,7e-07,1.838031086236967e-07,2.473793201088867e-07,2.7277567584308116e-05,2510.01860648093,43,highpass
1.0090567613164992e-07,7e-07,1.8374196170305757e-07,2.473793201088867e-07,2.7277567584308116e-05,2510.01860648093,43,highpass
1.0090567613164992e-07,7e-07,1.8374196170305757e-07,2.473793201088867e-07,2.7277567584308116e-05,2510.01860648093,43,highpass
1.0090567613164992e-07,7e-07,1.8374196170305757e-07,2.473793201088867e-07,2.7277567584308116e-05,2510.01860648093,43,highpass
1.0090567613164992e-07,7e-07,1.8374196170305757e-07,2.473793201088867e-07,2.7277567584308116e-05,2510.01860648093,43,highpass
1.0090567613164992e-07,7e-07,1.8374196170305757e-07,2.473793201088867e-07,2.7277567584308116e-05,2510.01860648093,43,highpass
1.0090567613164992e-07,7e-07,1.8374196170305757e-07,2.473793201088867e-07,2.7277567584308116e-05,2510.01860648093,43,highpass
1.0090567613164992e-07,7e-07,1.8374196170305757e-07,2.473793201088867e-07,2.9425539103411194e-05,75.57449989619869,43,highpass
1.0090567613164992e-07,7e-07,1.8374196170305757e-07,2.473793201088867e-07,2.7277567584308116e-05,2510.01860648093,43,highpass
1.0090567613164992e-07,6.95723682539694e-07,1.8374196170305757e-07,2.473793201088867e-07,2.7277567584308116e-05,561.6532268738476,43,highpass
1.0090567613164992e-07,7e-07,1.838031086236967e-07,2.473793201088867e-07,2.7277567584308116e-05,2510.01860648093,43,highpass
1.0090567613164992e-07,7e-07,1.8374196170305757e-07,2.473793201088867e-07,2.7277567584308116e-05,2510.01860648093,43,highpass
1.0090567613164992e-07,7e-07,1.8374196170305757e-07,2.473793201088867e-07,2.7277567584308116e-05,2510.01860648093,43,highpass
1.0090567613164992e-07,7e-07,1.8374196170305757e-07,2.473793201088867e-07,2.7277567584308116e-05,2510.01860648093,44,highpass
1.0090567613164992e-07,7e-07,1.8374196170305757e-07,2.473793201088867e-07,2.7277567584308116e-05,2510.01860648093,44,highpass
1.0090567613164992e-07,7e-07,1.8374196170305757e-07,2.473793201088867e-07,2.7277567584308116e-05,2510.01860648093,44,highpass
1.215932681352037e-07,7e-07,1.8374196170305757e-07,2.473793201088867e-07,2.7277567584308116e-05,6.525424549604013,44,highpass
1.0090567613164992e-07,7e-07,1.8374196170305757e-07,2.473793201088867e-07,2.7277567584308116e-05,2510.01860648093,44,highpass
1.0090567613164992e-07,7e-07,1.8374196170305757e-07,2.473793201088867e-07,2.7277567584308116e-05,2510.01860648093,44,highpass
1.0090567613164992e-07,7e-07,1.8374196170305757e-07,2.473793201088867e-07,2.7277567584308116e-05,2510.01860648093,44,highpass
1.0090567613164992e-07,7e-07,1.8374196170305757e-07,2.473793201088867e-07,2.7277567584308116e-05,2510.01860648093,44,highpass
1.0090567613164992e-07,7e-07,1.8374196170305757e-07,2.473793201088867e-07,2.7277567584308116e-05,2510.01860648093,44,highpass
1.0090567613164992e-07,7e-07,1.8374196170305757e-07,2.473793201088867e-07,2.7277567584308116e-05,2510.01860648093,44,highpass
1.8126194206454441e-07,7e-07,1.8374196170305757e-07,2.473793201088867e-07,2.7277567584308116e-05,0.9144107374413496,44,highpass
1.0090567613164992e-07,7e-07,1.8374196170305757e-07,2.473793201088867e-07,2.7277567584308116e-05,2510.01860648093,44,highpass
1.0090567613164992e-07,7e-07,1.8374196170305757e-07,2.473793201088867e-07,2.7277567584308116e-05,2510.01860648093,44,highpass
1.0090567613164992e-07,7e-07,1.8374196170305757e-07,2.473793201088867e-07,2.7277567584308116e-05,2510.01860648093,44,highpass
1.0090567613164992e-07,7e-07,1.8374196170305757e-07,2.473793201088867e-07,2.7277567584308116e-05,2510.01860648093,44,highpass
1.0090567613164992e-07,7e-07,1.838031086236967e-07,2.473793201088867e-07,2.7277567584308116e-05,2510.01860648093,44,highpass
1.0090567613164992e-07,7e-07,1.8374196170305757e-07,2.473793201088867e-07,2.7277567584308116e-05,2510.01860648093,44,highpass
1.0090567613164992e-07,7e-07,1.838031086236967e-07,2.473793201088867e-07,2.7277567584308116e-05,2510.01860648093,44,highpass
1.0090567613164992e-07,7e-07,1.8374196170305757e-07,2.473793201088867e-07,2.7277567584308116e-05,2510.01860648093,44,highpass
1.0090567613164992e-07,4.1290371944625104e-07,1.8374196170305757e-07,2.473793201088867e-07,2.7277567584308116e-05,3.6519091757978286,44,highpass
1.0090567613164992e-07,7e-07,1.838031086236967e-07,2.473793201088867e-07,2.7277567584308116e-05,2510.01860648093,44,highpass
1.0090567613164992e-07,7e-07,1.8374196170305757e-07,2.473793201088867e-07,2.823228197017693e-05,166.5116529534772,44,highpass
1.0090567613164992e-07,7e-07,1.8374196170305757e-07,2.473793201088867e-07,2.7277567584308116e-05,2510.01860648093,44,highpass
1.0090567613164992e-07,7e-07,1.8374196170305757e-07,2.473793201088867e-07,2.7277567584308116e-05,2510.01860648093,44,highpass
1.0090567613164992e-07,7e-07,1.8374196170305757e-07,2.473793201088867e-07,2.7277567584308116e-05,2510.01860648093,44,highpass
1.0090567613164992e-07,7e-07,1.8374196170305757e-07,2.473793201088867e-07,2.7277567584308116e-05,2510.01860648093,44,highpass
1.0090567613164992e-07,7e-07,1.8374196170305757e-07,2.473793201088867e-07,2.7277567584308116e-05,2510.01860648093,44,highpass
1.0090567613164992e-07,7e-07,1.8374196170305757e-07,2.473793201088867e-07,2.7277567584308116e-05,2510.01860648093,44,highpass
1.0090567613164992e-07,7e-07,1.8374196170305757e-07,2.473793201088867e-07,2.7277567584308116e-05,2510.01860648093,44,highpass
1.0207933021892881e-07,7e-07,1.8374196170305757e-07,2.473793201088867e-07,2.7277567584308116e-05,44.73386817441541,44,highpass
1.0090567613164992e-07,7e-07,1.8374196170305757e-07,2.473793201088867e-07,2.7277567584308116e-05,2510.01860648093,45,highpass
1.0090567613164992e-07,7e-07,1.8374196170305757e-07,2.473793201088867e-07,2.7277567584308116e-05,2510.01860648093,45,highpass
1.0090567613164992e-07,7e-07,1.8374196170305757e-07,2.473793201088867e-07,2.7277567584308116e-05,2510.01860648093,45,highpass
1.0090567613164992e-07,7e-07,1.8374196170305757e-07,2.473793201088867e-07,2.7277567584308116e-05,2510.01860648093,45,highpass
1.0090567613164992e-07,7e-07,1.8374196170305757e-07,2.473793201088867e-07,2.7277567584308116e-05,2510.01860648093,45,highpass
1.0090567613164992e-07,7e-07,1.838031086236967e-07,2.473793201088867e-07,2.7277567584308116e-05,2510.01860648093,45,highpass
1.0090567613164992e-07,7e-07,1.8374196170305757e-07,2.473793201088867e-07,2.7277567584308116e-05,2510.01860648093,45,highpass
1.0090567613164992e-07,7e-07,1.8374196170305757e-07,2.473793201088867e-07,2.7277567584308116e-05,2510.01860648093,45,highpass
1.0090567613164992e-07,7e-07,1.8374196170305757e-07,2.473793201088867e-07,2.7277567584308116e-05,2510.01860648093,45,highpass
1.0090567613164992e-07,7e-07,1.8374196170305757e-07,2.473793201088867e-07,2.7277567584308116e-05,2510.01860648093,45,highpass
1.0090567613164992e-07,7e-07,1.8374196170305757e-07,2.473793201088867e-07,2.7277567584308116e-05,2510.01860648093,45,highpass
1.0090567613164992e-07,7e-07,1.8374196170305757e-07,2.9876891732027116e-07,2.7277567584308116e-05,9.282141092191901,45,highpass
1.0090567613164992e-07,7e-07,1.8374196170305757e-07,2.473793201088867e-07,2.7277567584308116e-05,2510.01860648093,45,highpass
1.0090567613164992e-07,7e-07,1.8374196170305757e-07,2.473793201088867e-07,2.7277567584308116e-05,2510.01860648093,45,highpass
1.0090567613164992e-07,7e-07,1.8374196170305757e-07,2.473793201088867e-07,2.7277567584308116e-05,2510.01860648093,45,highpass
1.0090567613164992e-07,7e-07,1.8374196170305757e-07,2.473793201088867e-07,2.7277567584308116e-05,2510.01860648093,45,highpass
1.0090567613164992e-07,7e-07,1.8374196170305757e-07,2.473793201088867e-07,2.7277567584308116e-05,2510.01860648093,45,highpass
1.0090567613164992e-07,7e-07,1.8374196170305757e-07,2.473793201088867e-07,2.7277567584308116e-05,2510.01860648093,45,highpass
1.0090567613164992e-07,7e-07,1.8374196170305757e-07,2.473793201088867e-07,2.7277567584308116e-05,2510.01860648093,45,highpass
1.0090567613164992e-07,7e-07,1.838031086236967e-07,2.473793201088867e-07,2.7207096368492046e-05,3687.1826962354858,45,highpass
1.0090567613164992e-07,7e-07,1.8374196170305757e-07,2.473793201088867e-07,2.7277567584308116e-05,2510.01860648093,45,highpass
1.0090567613164992e-07,7e-07,1.8374196170305757e-07,2.473793201088867e-07,2.7277567584308116e-05,2510.01860648093,45,highpass
1.0090567613164992e-07,7e-07,1.8374196170305757e-07,2.473793201088867e-07,2.7277567584308116e-05,2510.01860648093,45,highpass
1.0090567613164992e-07,7e-07,1.8374196170305757e-07,2.473793201088867e-07,2.7277567584308116e-05,2510.01860648093,45,highpass
1.0090567613164992e-07,7e-07,1.8374196170305757e-07,2.473793201088867e-07,2.6276205533167438e-05,185.60293004232796,45,highpass
1.0090567613164992e-07,7e-07,1.8374196170305757e-07,2.473793201088867e-07,2.7277567584308116e-05,2510.01860648093,45,highpass
1.0090567613164992e-07,7e-07,1.8374196170305757e-07,2.473793201088867e-07,2.7277567584308116e-05,2510.01860648093,45,highpass
1.0090567613164992e-07,7e-07,1.8374196170305757e-07,2.473793201088867e-07,2.7277567584308116e-05,2510.01860648093,45,highpass
1.0090567613164992e-07,7e-07,1.8374196170305757e-07,2.473793201088867e-07,2.7277567584308116e-05,2510.01860648093,45,highpass
1.0090567613164992e-07,5.194661063061424e-07,1.8374196170305757e-07,2.473793201088867e-07,2.7277567584308116e-05,10.75704948686336,45,highpass
1.0090567613164992e-07,7e-07,1.838031086236967e-07,2.473793201088867e-07,2.7207096368492046e-05,789.8209679300916,46,highpass
1.0090567613164992e-07,7e-07,1.8374196170305757e-07,2.473793201088867e-07,2.7277567584308116e-05,-inf,46,highpass
1.0090567613164992e-07,7e-07,1.7088878811663518e-07,2.473793201088867e-07,2.7277567584308116e-05,49.94450872372446,46,highpass
1.0090567613164992e-07,7e-07,1.8374196170305757e-07,2.473793201088867e-07,2.7277567584308116e-05,-inf,46,highpass
1.0090567613164992e-07,7e-07,1.8374196170305757e-07,2.473793201088867e-07,2.7207096368492046e-05,789.8209679300916,46,highpass
1.0090567613164992e-07,7e-07,1.838031086236967e-07,2.473793201088867e-07,2.7277567584308116e-05,-inf,46,highpass
1.0090567613164992e-07,4.666807707105078e-07,1.8374196170305757e-07,2.473793201088867e-07,2.7277567584308116e-05,5.8601012291933285,46,highpass
1.0090567613164992e-07,7e-07,1.8374196170305757e-07,2.473793201088867e-07,2.7277567584308116e-05,-inf,46,highpass
1.0090567613164992e-07,7e-07,1.903636022421162e-07,2.473793201088867e-07,2.7277567584308116e-05,33.78636715499178,46,highpass
1.1495534800527702e-07,7e-07,1.8374196170305757e-07,2.473793201088867e-07,2.7277567584308116e-05,13.60972694979701,46,highpass
1.4394687390879883e-07,7e-07,1.8374196170305757e-07,2.473793201088867e-07,2.7277567584308116e-05,0.7633534597225747,46,highpass
1.0090567613164992e-07,7e-07,1.8374196170305757e-07,2.473793201088867e-07,2.7277567584308116e-05,-inf,46,highpass
1.0090567613164992e-07,7e-07,1.8374196170305757e-07,2.4490185709303316e-07,2.7277567584308116e-05,932.6310143172833,46,highpass
1.0090567613164992e-07,7e-07,1.7784079293417633e-07,2.473793201088867e-07,2.7277567584308116e-05,89.28482033538968,46,highpass
1.0090567613164992e-07,7e-07,1.8374196170305757e-07,2.473793201088867e-07,2.7277567584308116e-05,-inf,46,highpass
1.0090567613164992e-07,7e-07,1.8374196170305757e-07,2.473793201088867e-07,2.7277567584308116e-05,-inf,46,highpass
1.0090567613164992e-07,7e-07,1.8374196170305757e-07,2.473793201088867e-07,2.7277567584308116e-05,-inf,46,highpass
1.0090567613164992e-07,7e-07,1.8374196170305757e-07,2.473793201088867e-07,2.7277567584308116e-05,-inf,46,highpass
1.0090567613164992e-07,7e-07,1.838031086236967e-07,2.473793201088867e-07,2.7277567584308116e-05,-inf,46,highpass
1.0090567613164992e-07,7e-07,1.8374196170305757e-07,2.473793201088867e-07,2.7277567584308116e-05,-inf,46,highpass
1.0090567613164992e-07,7e-07,1.838031086236967e-07,2.473793201088867e-07,2.7277567584308116e-05,-inf,46,highpass
1.0214611914593166e-07,7e-07,1.8374196170305757e-07,2.473793201088867e-07,2.7277567584308116e-05,43.54431573558237,46,highpass
1.0090567613164992e-07,7e-07,1.8374196170305757e-07,2.473793201088867e-07,2.7277567584308116e-05,-inf,46,highpass
1.0090567613164992e-07,7e-07,1.8374196170305757e-07,2.473793201088867e-07,2.7277567584308116e-05,-inf,46,highpass
1.0090567613164992e-07,7e-07,1.8374196170305757e-07,2.473793201088867e-07,2.7277567584308116e-05,-inf,46,highpass
1.0090567613164992e-07,7e-07,1.8374196170305757e-07,2.473793201088867e-07,2.7277567584308116e-05,-inf,46,highpass
1.0090567613164992e-07,7e-07,1.8374196170305757e-07,2.473793201088867e-07,2.7277567584308116e-05,-inf,46,highpass
1.0090567613164992e-07,7e-07,1.8374196170305757e-07,2.473793201088867e-07,2.7277567584308116e-05,-inf,46,highpass
1.0090567613164992e-07,7e-07,1.8374196170305757e-07,2.473793201088867e-07,2.7277567584308116e-05,-inf,46,highpass
1.0090567613164992e-07,7e-07,1.8374196170305757e-07,2.473793201088867e-07,2.7277567584308116e-05,-inf,46,highpass
1.0090567613164992e-07,7e-07,1.838031086236967e-07,2.473793201088867e-07,2.7207096368492046e-05,789.8209679300916,47,highpass
1.0090567613164992e-07,7e-07,1.7784079293417633e-07,2.473793201088867e-07,2.7277567584308116e-05,89.28482033538968,47,highpass
1.5136071273870825e-07,7e-07,1.8374196170305757e-07,2.473793201088867e-07,2.7207096368492046e-05,0.7980763428707989,47,highpass
1.0090567613164992e-07,7e-07,1.8374196170305757e-07,2.4490185709303316e-07,2.7277567584308116e-05,932.6310143172833,47,highpass
1.0090567613164992e-07,7e-07,1.838031086236967e-07,2.473793201088867e-07,2.7207096368492046e-05,789.8209679300916,47,highpass
1.0090567613164992e-07,5.334632286256371e-07,1.8374196170305757e-07,2.473793201088867e-07,2.7277567584308116e-05,13.17223685067026,47,highpass
1.0090567613164992e-07,7e-07,1.903636022421162e-07,2.473793201088867e-07,2.7277567584308116e-05,33.78636715499178,47,highpass
1.0090567613164992e-07,7e-07,1.903636022421162e-07,2.473793201088867e-07,2.7207096368492046e-05,33.777507095147904,47,highpass
1.0090567613164992e-07,7e-07,1.8374196170305757e-07,2.473793201088867e-07,2.5883702566935438e-05,178.65347405049775,47,highpass
1.0214611914593166e-07,7e-07,1.7784079293417633e-07,2.473793201088867e-07,2.7277567584308116e-05,178.60517828592415,47,highpass
1e-07,7e-07,1.7088878811663518e-07,2.473793201088867e-07,2.7277567584308116e-05,44.77630732054904,47,highpass
1.0090567613164992e-07,7e-07,1.838031086236967e-07,2.473793201088867e-07,2.7207096368492046e-05,789.8209679300916,47,highpass
1.0090567613164992e-07,7e-07,1.838031086236967e-07,2.473793201088867e-07,2.7207096368492046e-05,789.8209679300916,47,highpass
1.0214611914593166e-07,7e-07,1.8374196170305757e-07,2.473793201088867e-07,2.7277567584308116e-05,43.54431573558237,47,highpass
1.0090567613164992e-07,7e-07,1.838031086236967e-07,2.473793201088867e-07,2.7207096368492046e-05,789.8209679300916,47,highpass
1.0090567613164992e-07,7e-07,1.8374196170305757e-07,2.473793201088867e-07,2.7277567584308116e-05,730.7296503934107,47,highpass
1.0090567613164992e-07,7e-07,1.8374196170305757e-07,2.473793201088867e-07,2.7138279444051764e-05,783.0402013384937,47,highpass
1.0090567613164992e-07,7e-07,1.838031086236967e-07,2.949815226614196e-07,2.7277567584308116e-05,9.008547707976396,47,highpass
1.0090567613164992e-07,7e-07,1.838031086236967e-07,2.473793201088867e-07,4.5206509797055604e-05,74.35497734797558,47,highpass
1.0090567613164992e-07,7e-07,1.838031086236967e-07,2.473793201088867e-07,2.7207096368492046e-05,789.8209679300916,47,highpass
1.0090567613164992e-07,7e-07,1.8374196170305757e-07,2.473793201088867e-07,2.7277567584308116e-05,730.7296503934107,47,highpass
1.0090567613164992e-07,7e-07,1.8374196170305757e-07,2.473793201088867e-07,2.7277567584308116e-05,730.7296503934107,47,highpass
1.0090567613164992e-07,7e-07,1.8374196170305757e-07,2.473793201088867e-07,2.7207096368492046e-05,789.8209679300916,47,highpass
1.0090567613164992e-07,4.666807707105078e-07,1.8374196170305757e-07,2.473793201088867e-07,2.7277567584308116e-05,5.8601012291933285,47,highpass
1.0214611914593166e-07,5.055753017464657e-07,1.8374196170305757e-07,2.473793201088867e-07,2.7207096368492046e-05,9.730436004286023,47,highpass
1.0214611914593166e-07,7e-07,1.8374196170305757e-07,2.473793201088867e-07,2.7277567584308116e-05,43.54431573558237,47,highpass
1.0090567613164992e-07,7e-07,1.8374196170305757e-07,2.4490185709303316e-07,2.7277567584308116e-05,932.6310143172833,47,highpass
1e-07,7e-07,1.8374196170305757e-07,2.473793201088867e-07,2.7207096368492046e-05,162.06978191664146,47,highpass
1.0090567613164992e-07,7e-07,1.838031086236967e-07,2.473793201088867e-07,2.7277567584308116e-05,730.7296503934107,47,highpass
1.4394687390879883e-07,7e-07,1.8374196170305757e-07,2.473793201088867e-07,2.7277567584308116e-05,0.7633534597225747,47,highpass
1.0090567613164992e-07,7e-07,1.838031086236967e-07,2.473793201088867e-07,2.7207096368492046e-05,3687.1826962354858,48,highpass
1.0090567613164992e-07,7e-07,1.8374196170305757e-07,2.4490185709303316e-07,2.7207096368492046e-05,491.7826753404996,48,highpass
1.0090567613164992e-07,7e-07,1.8374196170305757e-07,2.4490185709303316e-07,2.7277567584308116e-05,932.6310143172833,48,highpass
1.0090567613164992e-07,7e-07,1.8781102731019885e-07,2.473793201088867e-07,2.7277567584308116e-05,33.84319363694457,48,highpass
1.0090567613164992e-07,7e-07,1.838031086236967e-07,2.473793201088867e-07,2.7207096368492046e-05,3687.1826962354858,48,highpass
1.0090567613164992e-07,7e-07,1.838031086236967e-07,2.473793201088867e-07,2.7207096368492046e-05,3687.1826962354858,48,highpass
1.0090567613164992e-07,7e-07,1.8374196170305757e-07,2.4490185709303316e-07,2.7277567584308116e-05,932.6310143172833,48,highpass
1.0090567613164992e-07,7e-07,1.6760066558640125e-07,2.473793201088867e-07,2.7207096368492046e-05,33.17037288347773,48,highpass
1.0090567613164992e-07,7e-07,1.8374196170305757e-07,2.473793201088867e-07,2.7207096368492046e-05,3687.1826962354858,48,highpass
1.0090567613164992e-07,7e-07,1.8374196170305757e-07,2.4490185709303316e-07,2.7207096368492046e-05,491.7826753404996,48,highpass
1.0090567613164992e-07,4.210510978984785e-07,1.838031086236967e-07,2.473793201088867e-07,2.7277567584308116e-05,3.526565196161943,48,highpass
1.0090567613164992e-07,7e-07,1.838031086236967e-07,2.473793201088867e-07,2.7207096368492046e-05,3687.1826962354858,48,highpass
1.0090567613164992e-07,6.376746371901446e-07,1.838031086236967e-07,2.473793201088867e-07,2.7207096368492046e-05,44.223163192539246,48,highpass
1.0090567613164992e-07,7e-07,1.8374196170305757e-07,2.4490185709303316e-07,2.7277567584308116e-05,932.6310143172833,48,highpass
1.0090567613164992e-07,7e-07,1.8374196170305757e-07,2.4490185709303316e-07,2.7277567584308116e-05,932.6310143172833,48,highpass
1.0090567613164992e-07,7e-07,1.838031086236967e-07,2.473793201088867e-07,2.7277567584308116e-05,730.7296503934107,48,highpass
1.0090567613164992e-07,7e-07,1.8374196170305757e-07,2.473793201088867e-07,2.7207096368492046e-05,3687.1826962354858,48,highpass
1.0090567613164992e-07,7e-07,1.656156775164567e-07,2.473793201088867e-07,2.7277567584308116e-05,28.77750698543404,48,highpass
1.0090567613164992e-07,7e-07,1.8374196170305757e-07,2.473793201088867e-07,2.7207096368492046e-05,3687.1826962354858,48,highpass
1.0090567613164992e-07,6.871322266618894e-07,1.838031086236967e-07,2.473793201088867e-07,2.7207096368492046e-05,42.35210603716099,48,highpass
1.0090567613164992e-07,7e-07,1.8374196170305757e-07,2.4490185709303316e-07,2.7277567584308116e-05,932.6310143172833,48,highpass
1.0090567613164992e-07,7e-07,1.7784079293417633e-07,2.473793201088867e-07,2.7277567584308116e-05,89.28482033538968,48,highpass
1.0055600803365961e-07,7e-07,1.838031086236967e-07,2.473793201088867e-07,2.7207096368492046e-05,3687.1826962354858,48,highpass
1.0090567613164992e-07,7e-07,1.838031086236967e-07,2.473793201088867e-07,2.9966608383304964e-05,22.284414931180294,48,highpass
1e-07,7e-07,1.8374196170305757e-07,2.4490185709303316e-07,2.7207096368492046e-05,263.227533186748,48,highpass
1.0090567613164992e-07,7e-07,1.838031086236967e-07,2.473793201088867e-07,2.7207096368492046e-05,3687.1826962354858,48,highpass
1.0090567613164992e-07,7e-07,1.838031086236967e-07,2.473793201088867e-07,2.7207096368492046e-05,3687.1826962354858,48,highpass
1.0090567613164992e-07,7e-07,1.838031086236967e-07,2.4490185709303316e-07,2.7277567584308116e-05,932.6310143172833,48,highpass
1.0090567613164992e-07,7e-07,1.8374196170305757e-07,2.4490185709303316e-07,2.7277567584308116e-05,932.6310143172833,48,highpass
1.0090567613164992e-07,6.714157389570563e-07,1.838031086236967e-07,2.4490185709303316e-07,2.7277567584308116e-05,42.647681006033054,48,highpass
1.0090567613164992e-07,7e-07,1.838031086236967e-07,2.473793201088867e-07,2.7207096368492046e-05,789.8209679300916,49,highpass
1.0090567613164992e-07,7e-07,1.838031086236967e-07,2.473793201088867e-07,2.7207096368492046e-05,789.8209679300916,49,highpass
1.0090567613164992e-07,6.959172299070304e-07,1.8374196170305757e-07,2.473793201088867e-07,2.7207096368492046e-05,229.5792530823115,49,highpass
1.0090567613164992e-07,7e-07,1.838031086236967e-07,2.473793201088867e-07,2.7207096368492046e-05,789.8209679300916,49,highpass
1.0090567613164992e-07,7e-07,1.8374196170305757e-07,2.473793201088867e-07,2.7207096368492046e-05,789.8209679300916,49,highpass
1.0090567613164992e-07,7e-07,1.838031086236967e-07,2.473793201088867e-07,2.7207096368492046e-05,789.8209679300916,49,highpass
1.0090567613164992e-07,7e-07,1.8374196170305757e-07,2.473793201088867e-07,2.7207096368492046e-05,789.8209679300916,49,highpass
1.0090567613164992e-07,7e-07,1.8374196170305757e-07,2.473793201088867e-07,2.7207096368492046e-05,789.8209679300916,49,highpass
1.0090567613164992e-07,7e-07,1.838031086236967e-07,2.473793201088867e-07,2.7207096368492046e-05,789.8209679300916,49,highpass
1.0090567613164992e-07,7e-07,1.8374196170305757e-07,2.473793201088867e-07,2.7207096368492046e-05,789.8209679300916,49,highpass
1.0090567613164992e-07,7e-07,1.838031086236967e-07,2.4490185709303316e-07,2.7207096368492046e-05,42.54353374323577,49,highpass
1.0090567613164992e-07,7e-07,1.838031086236967e-07,2.473793201088867e-07,1.9843655014663737e-05,40.83766257313211,49,highpass
1.0090567613164992e-07,7e-07,1.8374196170305757e-07,2.473793201088867e-07,2.7207096368492046e-05,789.8209679300916,49,highpass
1.0090567613164992e-07,7e-07,1.8374196170305757e-07,2.473793201088867e-07,2.7207096368492046e-05,789.8209679300916,49,highpass
1.0090567613164992e-07,7e-07,1.838031086236967e-07,2.473793201088867e-07,2.7207096368492046e-05,789.8209679300916,49,highpass
1.0090567613164992e-07,4.608202639985053e-07,1.838031086236967e-07,2.4490185709303316e-07,2.7277567584308116e-05,4.333853272169721,49,highpass
1.0090567613164992e-07,7e-07,1.838031086236967e-07,2.473793201088867e-07,2.7207096368492046e-05,789.8209679300916,49,highpass
1.0090567613164992e-07,7e-07,1.838031086236967e-07,2.473793201088867e-07,2.7207096368492046e-05,789.8209679300916,49,highpass
1.0090567613164992e-07,7e-07,1.838031086236967e-07,2.473793201088867e-07,1.4321912185189079e-05,27.10615130104235,49,highpass
1.0090567613164992e-07,7e-07,1.8374196170305757e-07,2.473793201088867e-07,2.7207096368492046e-05,789.8209679300916,49,highpass
1.0090567613164992e-07,7e-07,1.838031086236967e-07,2.4490185709303316e-07,2.7277567584308116e-05,932.6310143172833,49,highpass
1.0090567613164992e-07,7e-07,1.8374196170305757e-07,2.4490185709303316e-07,2.7277567584308116e-05,932.6310143172833,49,highpass
1.0090567613164992e-07,7e-07,1.838031086236967e-07,2.473793201088867e-07,2.7207096368492046e-05,789.8209679300916,49,highpass
1.0090567613164992e-07,7e-07,1.8374196170305757e-07,2.473793201088867e-07,2.7207096368492046e-05,789.8209679300916,49,highpass
1.0090567613164992e-07,7e-07,1.838031086236967e-07,2.473793201088867e-07,2.7207096368492046e-05,789.8209679300916,49,highpass
1.0090567613164992e-07,7e-07,1.8374196170305757e-07,2.473793201088867e-07,2.7207096368492046e-05,789.8209679300916,49,highpass
1.0090567613164992e-07,7e-07,1.838031086236967e-07,2.473793201088867e-07,2.7207096368492046e-05,789.8209679300916,49,highpass
1.0090567613164992e-07,7e-07,1.8374196170305757e-07,2.473793201088867e-07,2.7207096368492046e-05,789.8209679300916,49,highpass
1.0090567613164992e-07,7e-07,1.8374196170305757e-07,2.4490185709303316e-07,2.7277567584308116e-05,932.6310143172833,49,highpass
1.0090567613164992e-07,7e-07,1.8374196170305757e-07,2.4490185709303316e-07,2.7277567584308116e-05,932.6310143172833,49,highpass
1.0090567613164992e-07,7e-07,1.838031086236967e-07,2.473793201088867e-07,2.7207096368492046e-05,789.8209679300916,50,highpass
1.0090567613164992e-07,7e-07,1.8374196170305757e-07,2.473793201088867e-07,2.7207096368492046e-05,789.8209679300916,50,highpass
1.0090567613164992e-07,7e-07,1.838031086236967e-07,2.4490185709303316e-07,2.7277567584308116e-05,932.6310143172833,50,highpass
1.0090567613164992e-07,7e-07,1.8374196170305757e-07,2.4490185709303316e-07,2.7207096368492046e-05,42.54353374323577,50,highpass
1.0090567613164992e-07,7e-07,1.8374196170305757e-07,2.473793201088867e-07,2.7207096368492046e-05,789.8209679300916,50,highpass
1.0090567613164992e-07,7e-07,1.838031086236967e-07,2.4490185709303316e-07,2.7207096368492046e-05,42.54353374323577,50,highpass
1.0090567613164992e-07,7e-07,1.8374196170305757e-07,2.522054928511064e-07,2.7207096368492046e-05,580.1406852998865,50,highpass
1.0090567613164992e-07,7e-07,1.8374196170305757e-07,2.473793201088867e-07,2.7207096368492046e-05,789.8209679300916,50,highpass
1.0090567613164992e-07,7e-07,1.8374196170305757e-07,2.473793201088867e-07,2.7207096368492046e-05,789.8209679300916,50,highpass
1.0090567613164992e-07,7e-07,1.838031086236967e-07,2.473793201088867e-07,1.3876355913909341e-05,20.946003894260162,50,highpass
1.0090567613164992e-07,7e-07,1.926425594547744e-07,2.473793201088867e-07,2.7207096368492046e-05,20.762243261924468,50,highpass
1.0090567613164992e-07,7e-07,1.838031086236967e-07,2.4490185709303316e-07,2.7277567584308116e-05,932.6310143172833,50,highpass
1.0090567613164992e-07,7e-07,1.8374196170305757e-07,2.473793201088867e-07,2.7207096368492046e-05,789.8209679300916,50,highpass
1.0090567613164992e-07,7e-07,1.838031086236967e-07,2.473793201088867e-07,2.7277567584308116e-05,2510.01860648093,50,highpass
1.0090567613164992e-07,7e-07,1.8374196170305757e-07,2.473793201088867e-07,2.7207096368492046e-05,789.8209679300916,50,highpass
1.0090567613164992e-07,7e-07,1.8374196170305757e-07,2.4490185709303316e-07,2.7277567584308116e-05,932.6310143172833,50,highpass
1.0090567613164992e-07,7e-07,1.8374196170305757e-07,2.473793201088867e-07,4.22784474538158e-05,85.61861995504987,50,highpass
1.0090567613164992e-07,7e-07,1.8374196170305757e-07,2.473793201088867e-07,2.7207096368492046e-05,789.8209679300916,50,highpass
1.0090567613164992e-07,7e-07,1.838031086236967e-07,2.578247999520408e-07,2.7207096368492046e-05,601.8432700130144,50,highpass
1.0090567613164992e-07,7e-07,1.838031086236967e-07,2.4490185709303316e-07,2.7277567584308116e-05,932.6310143172833,50,highpass
1.0090567613164992e-07,7e-07,1.838031086236967e-07,2.473793201088867e-07,2.7207096368492046e-05,789.8209679300916,50,highpass
1.0090567613164992e-07,7e-07,1.838031086236967e-07,2.473793201088867e-07,2.7207096368492046e-05,789.8209679300916,50,highpass
1.0090567613164992e-07,7e-07,1.8374196170305757e-07,2.473793201088867e-07,2.7277567584308116e-05,2510.01860648093,50,highpass
1.0090567613164992e-07,7e-07,1.838031086236967e-07,2.473793201088867e-07,2.7207096368492046e-05,789.8209679300916,50,highpass
1.0090567613164992e-07,7e-07,1.8374196170305757e-07,2.4490185709303316e-07,2.7277567584308116e-05,932.6310143172833,50,highpass
1.0090567613164992e-07,7e-07,1.838031086236967e-07,2.473793201088867e-07,2.7207096368492046e-05,789.8209679300916,50,highpass
1.0090567613164992e-07,7e-07,1.8374196170305757e-07,2.473793201088867e-07,2.7207096368492046e-05,789.8209679300916,50,highpass
1.0090567613164992e-07,7e-07,1.8374196170305757e-07,2.4057427990705354e-07,2.7277567584308116e-05,1526.5674909907482,50,highpass
1.0090567613164992e-07,5.515785668963264e-07,1.8374196170305757e-07,2.473793201088867e-07,2.7207096368492046e-05,14.231850923791878,50,highpass
1.0090567613164992e-07,7e-07,1.8374196170305757e-07,2.473793201088867e-07,2.7207096368492046e-05,789.8209679300916,50,highpass
1.0090567613164992e-07,7e-07,1.838031086236967e-07,2.473793201088867e-07,2.7207096368492046e-05,3687.1826962354858,51,highpass
1.0090567613164992e-07,7e-07,1.8374196170305757e-07,2.473793201088867e-07,3.753106412513144e-05,155.9342705452583,51,highpass
1.0090567613164992e-07,7e-07,1.8374196170305757e-07,2.473793201088867e-07,2.7207096368492046e-05,3687.1826962354858,51,highpass
1.0090567613164992e-07,7e-07,1.8374196170305757e-07,2.473793201088867e-07,2.7277567584308116e-05,730.7296503934107,51,highpass
1.0090567613164992e-07,7e-07,1.838031086236967e-07,2.473793201088867e-07,2.7277567584308116e-05,730.7296503934107,51,highpass
1.0090567613164992e-07,7e-07,1.8374196170305757e-07,2.473793201088867e-07,2.7277567584308116e-05,730.7296503934107,51,highpass
1.0090567613164992e-07,7e-07,1.8374196170305757e-07,2.4490185709303316e-07,2.7277567584308116e-05,399.46409664870777,51,highpass
1.0090567613164992e-07,7e-07,1.8374196170305757e-07,2.473793201088867e-07,2.7277567584308116e-05,730.7296503934107,51,highpass
1.0090567613164992e-07,7e-07,1.8374196170305757e-07,2.473793201088867e-07,2.7277567584308116e-05,730.7296503934107,51,highpass
1.0090567613164992e-07,7e-07,1.838031086236967e-07,2.473793201088867e-07,2.7277567584308116e-05,730.7296503934107,51,highpass
1.0090567613164992e-07,7e-07,1.8374196170305757e-07,2.473793201088867e-07,2.7207096368492046e-05,3687.1826962354858,51,highpass
1.0090567613164992e-07,7e-07,1.838031086236967e-07,2.473793201088867e-07,2.7207096368492046e-05,3687.1826962354858,51,highpass
1.0090567613164992e-07,7e-07,1.8374196170305757e-07,2.4057427990705354e-07,2.7277567584308116e-05,1526.5674909907482,51,highpass
1.0090567613164992e-07,7e-07,1.838031086236967e-07,2.4057427990705354e-07,2.7277567584308116e-05,1526.5674909907482,51,highpass
1.0090567613164992e-07,7e-07,1.8374196170305757e-07,2.4057427990705354e-07,2.7277567584308116e-05,1526.5674909907482,51,highpass
1.0090567613164992e-07,7e-07,1.8374196170305757e-07,2.4490185709303316e-07,2.7277567584308116e-05,399.46409664870777,51,highpass
1.0090567613164992e-07,7e-07,1.838031086236967e-07,2.473793201088867e-07,2.7277567584308116e-05,730.7296503934107,51,highpass
1.0090567613164992e-07,7e-07,1.8374196170305757e-07,2.473793201088867e-07,2.7277567584308116e-05,730.7296503934107,51,highpass
1.7027161111498498e-07,7e-07,1.838031086236967e-07,2.473793201088867e-07,2.7207096368492046e-05,0.8786036385649175,51,highpass
1.0090567613164992e-07,7e-07,1.8374196170305757e-07,2.4057427990705354e-07,2.7277567584308116e-05,1526.5674909907482,51,highpass
1.0090567613164992e-07,7e-07,1.838031086236967e-07,2.4490185709303316e-07,3.381080224543763e-05,1924.1186183780676,51,highpass
1.0090567613164992e-07,7e-07,1.838031086236967e-07,2.5057239986113056e-07,2.7277567584308116e-05,1276.740696119321,51,highpass
1.0090567613164992e-07,7e-07,1.8374196170305757e-07,2.473793201088867e-07,2.7207096368492046e-05,3687.1826962354858,51,highpass
1.0090567613164992e-07,7e-07,1.838031086236967e-07,2.473793201088867e-07,2.7207096368492046e-05,3687.1826962354858,51,highpass
1.0090567613164992e-07,7e-07,1.838031086236967e-07,2.473793201088867e-07,2.7277567584308116e-05,730.7296503934107,51,highpass
1.0090567613164992e-07,7e-07,1.838031086236967e-07,2.473793201088867e-07,2.7207096368492046e-05,3687.1826962354858,51,highpass
1.0090567613164992e-07,7e-07,1.838031086236967e-07,2.473793201088867e-07,2.7277567584308116e-05,730.7296503934107,51,highpass
1.0090567613164992e-07,7e-07,1.838031086236967e-07,2.4490185709303316e-07,2.7277567584308116e-05,399.46409664870777,51,highpass
1.0090567613164992e-07,7e-07,1.838031086236967e-07,2.4490185709303316e-07,2.7277567584308116e-05,399.46409664870777,51,highpass
1.0090567613164992e-07,7e-07,1.838031086236967e-07,2.4490185709303316e-07,2.7277567584308116e-05,399.46409664870777,51,highpass
1.0090567613164992e-07,7e-07,1.838031086236967e-07,2.473793201088867e-07,2.7207096368492046e-05,789.8209679300916,52,highpass
1.0090567613164992e-07,7e-07,1.895386027136135e-07,2.473793201088867e-07,2.7207096368492046e-05,25.602478850109055,52,highpass
1.0090567613164992e-07,7e-07,1.838031086236967e-07,2.473793201088867e-07,2.7207096368492046e-05,789.8209679300916,52,highpass
1.0090567613164992e-07,7e-07,1.8374196170305757e-07,2.473793201088867e-07,2.7207096368492046e-05,789.8209679300916,52,highpass
1.0090567613164992e-07,7e-07,1.838031086236967e-07,2.473793201088867e-07,2.7207096368492046e-05,789.8209679300916,52,highpass
1.0090567613164992e-07,7e-07,1.8374196170305757e-07,2.473793201088867e-07,2.7207096368492046e-05,789.8209679300916,52,highpass
1.0090567613164992e-07,7e-07,1.838031086236967e-07,2.4057427990705354e-07,2.7277567584308116e-05,2432.3468443412853,52,highpass
1.0090567613164992e-07,7e-07,1.838031086236967e-07,2.473793201088867e-07,2.7596324271048735e-05,2022.8249702331195,52,highpass
1.0090567613164992e-07,7e-07,1.838031086236967e-07,2.4490185709303316e-07,3.381080224543763e-05,1924.1186183780676,52,highpass
1.0090567613164992e-07,7e-07,1.838031086236967e-07,2.491407581055832e-07,2.7207096368492046e-05,657.9884586864538,52,highpass
1.0090567613164992e-07,7e-07,1.838031086236967e-07,2.473793201088867e-07,2.7207096368492046e-05,789.8209679300916,52,highpass
1.0090567613164992e-07,7e-07,1.838031086236967e-07,2.473793201088867e-07,2.7207096368492046e-05,789.8209679300916,52,highpass
1.0090567613164992e-07,7e-07,1.8374196170305757e-07,2.473793201088867e-07,2.7207096368492046e-05,789.8209679300916,52,highpass
1.0090567613164992e-07,7e-07,1.838031086236967e-07,2.473793201088867e-07,2.7207096368492046e-05,789.8209679300916,52,highpass
1.0090567613164992e-07,7e-07,1.838031086236967e-07,2.4057427990705354e-07,2.7277567584308116e-05,2432.3468443412853,52,highpass
1.0090567613164992e-07,7e-07,1.838031086236967e-07,2.473793201088867e-07,2.7207096368492046e-05,789.8209679300916,52,highpass
1.0090567613164992e-07,7e-07,1.8374196170305757e-07,2.473793201088867e-07,2.7207096368492046e-05,789.8209679300916,52,highpass
2.1065541760254743e-07,7e-07,1.8374196170305757e-07,2.473793201088867e-07,2.7207096368492046e-05,0.9658188246808346,52,highpass
1.0090567613164992e-07,7e-07,1.838031086236967e-07,2.473793201088867e-07,2.7207096368492046e-05,789.8209679300916,52,highpass
1.0090567613164992e-07,6.902415858097529e-07,1.838031086236967e-07,2.4490185709303316e-07,2.7207096368492046e-05,40.84751068036342,52,highpass
1.0090567613164992e-07,7e-07,1.8374196170305757e-07,2.473793201088867e-07,2.7207096368492046e-05,789.8209679300916,52,highpass
1.0090567613164992e-07,6.988534311897469e-07,1.838031086236967e-07,2.473793201088867e-07,2.7207096368492046e-05,274.36814929104736,52,highpass
2.4253127260800464e-07,7e-07,1.838031086236967e-07,2.473793201088867e-07,2.7207096368492046e-05,0.9678036875293511,52,highpass
1.0090567613164992e-07,7e-07,1.838031086236967e-07,2.473793201088867e-07,2.7207096368492046e-05,789.8209679300916,52,highpass
1.0090567613164992e-07,7e-07,1.8374196170305757e-07,2.473793201088867e-07,2.7277567584308116e-05,2510.01860648093,52,highpass
1.0090567613164992e-07,7e-07,1.8374196170305757e-07,2.473793201088867e-07,2.7207096368492046e-05,789.8209679300916,52,highpass
1.0090567613164992e-07,7e-07,1.838031086236967e-07,2.473793201088867e-07,2.7207096368492046e-05,789.8209679300916,52,highpass
1.0090567613164992e-07,7e-07,1.838031086236967e-07,2.473793201088867e-07,2.7207096368492046e-05,789.8209679300916,52,highpass
1.0090567613164992e-07,7e-07,1.8374196170305757e-07,2.473793201088867e-07,2.7207096368492046e-05,789.8209679300916,52,highpass
1.0090567613164992e-07,7e-07,1.8374196170305757e-07,2.473793201088867e-07,2.7207096368492046e-05,789.8209679300916,52,highpass
1.0090567613164992e-07,7e-07,1.838031086236967e-07,2.473793201088867e-07,2.7207096368492046e-05,789.8209679300916,53,highpass
1.0090567613164992e-07,7e-07,1.838031086236967e-07,2.473793201088867e-07,2.7207096368492046e-05,789.8209679300916,53,highpass
1.0441850027356535e-07,7e-07,1.838031086236967e-07,2.473793201088867e-07,2.7596324271048735e-05,32.23177770646241,53,highpass
1.0090567613164992e-07,7e-07,1.838031086236967e-07,2.496862188250302e-07,2.7207096368492046e-05,346.58423646231876,53,highpass
1.0090567613164992e-07,7e-07,1.8374196170305757e-07,2.473793201088867e-07,2.7207096368492046e-05,789.8209679300916,53,highpass
1.0090567613164992e-07,7e-07,1.8374196170305757e-07,2.473793201088867e-07,2.7207096368492046e-05,789.8209679300916,53,highpass
1.0090567613164992e-07,7e-07,1.838031086236967e-07,2.4057427990705354e-07,2.7277567584308116e-05,2432.3468443412853,53,highpass
1.0090567613164992e-07,7e-07,1.8374196170305757e-07,2.473793201088867e-07,2.7207096368492046e-05,789.8209679300916,53,highpass
1.0090567613164992e-07,7e-07,1.838031086236967e-07,2.4057427990705354e-07,2.7277567584308116e-05,2432.3468443412853,53,highpass
1.0090567613164992e-07,7e-07,1.69938871788358e-07,2.473793201088867e-07,2.7277567584308116e-05,46.517887535580456,53,highpass
1.0090567613164992e-07,7e-07,1.838031086236967e-07,2.4057427990705354e-07,2.7277567584308116e-05,2432.3468443412853,53,highpass
1.0090567613164992e-07,7e-07,1.8374196170305757e-07,2.473793201088867e-07,2.7207096368492046e-05,789.8209679300916,53,highpass
1.0090567613164992e-07,7e-07,1.8374196170305757e-07,2.473793201088867e-07,2.7207096368492046e-05,789.8209679300916,53,highpass
1.0090567613164992e-07,7e-07,1.8374196170305757e-07,2.473793201088867e-07,2.7277567584308116e-05,2510.01860648093,53,highpass
1.0090567613164992e-07,7e-07,1.8844258331598991e-07,2.4057427990705354e-07,2.7277567584308116e-05,39.93967680640859,53,highpass
1.0090567613164992e-07,7e-07,1.838031086236967e-07,2.4057427990705354e-07,2.7277567584308116e-05,2432.3468443412853,53,highpass
1.0090567613164992e-07,7e-07,1.838031086236967e-07,2.473793201088867e-07,2.7277567584308116e-05,2510.01860648093,53,highpass
1.0090567613164992e-07,7e-07,1.395111057446715e-07,2.4057427990705354e-07,2.7277567584308116e-05,14.213001086914756,53,highpass
1.0090567613164992e-07,7e-07,1.838031086236967e-07,2.473793201088867e-07,2.7207096368492046e-05,789.8209679300916,53,highpass
1.0090567613164992e-07,7e-07,1.838031086236967e-07,2.473793201088867e-07,2.7207096368492046e-05,789.8209679300916,53,highpass
1.0090567613164992e-07,7e-07,1.838031086236967e-07,2.473793201088867e-07,2.7277567584308116e-05,2510.01860648093,53,highpass
1.0090567613164992e-07,7e-07,1.838031086236967e-07,2.473793201088867e-07,2.7207096368492046e-05,789.8209679300916,53,highpass
1.0090567613164992e-07,7e-07,1.8374196170305757e-07,2.473793201088867e-07,2.7277567584308116e-05,2510.01860648093,53,highpass
1.0090567613164992e-07,7e-07,1.8374196170305757e-07,2.473793201088867e-07,2.7207096368492046e-05,789.8209679300916,53,highpass
1.0090567613164992e-07,7e-07,1.838031086236967e-07,2.473793201088867e-07,2.7596324271048735e-05,2022.8249702331195,53,highpass
1.0090567613164992e-07,7e-07,1.838031086236967e-07,2.4057427990705354e-07,3.87654381639373e-05,105.41380264007248,53,highpass
1.0090567613164992e-07,7e-07,1.838031086236967e-07,2.4057427990705354e-07,2.7277567584308116e-05,2432.3468443412853,53,highpass
1.0090567613164992e-07,7e-07,1.838031086236967e-07,2.4057427990705354e-07,2.7207096368492046e-05,42.28455191357169,53,highpass
1.0090567613164992e-07,7e-07,1.8374196170305757e-07,2.4057427990705354e-07,2.7277567584308116e-05,2432.3468443412853,53,highpass
1.0090567613164992e-07,7e-07,1.838031086236967e-07,2.4057427990705354e-07,2.7277567584308116e-05,2432.3468443412853,53,highpass
1.0090567613164992e-07,7e-07,1.838031086236967e-07,2.473793201088867e-07,2.7207096368492046e-05,3687.1826962354858,54,highpass
1.0090567613164992e-07,7e-07,1.802593933301305e-07,2.4057427990705354e-07,2.7277567584308116e-05,67.81803183824294,54,highpass
1.0090567613164992e-07,7e-07,1.838031086236967e-07,2.4057427990705354e-07,2.7277567584308116e-05,1526.5674909907482,54,highpass
1.0090567613164992e-07,7e-07,1.838031086236967e-07,2.473793201088867e-07,2.7277567584308116e-05,2510.01860648093,54,highpass
1.0090567613164992e-07,7e-07,1.8374196170305757e-07,2.473793201088867e-07,2.7277567584308116e-05,2510.01860648093,54,highpass
1.0090567613164992e-07,7e-07,1.8374196170305757e-07,2.4057427990705354e-07,2.7277567584308116e-05,1526.5674909907482,54,highpass
1.0090567613164992e-07,7e-07,1.838031086236967e-07,2.4057427990705354e-07,2.7277567584308116e-05,1526.5674909907482,54,highpass
1.0090567613164992e-07,7e-07,1.838031086236967e-07,2.473793201088867e-07,2.7277567584308116e-05,2510.01860648093,54,highpass
1.0090567613164992e-07,7e-07,1.8374196170305757e-07,2.4057427990705354e-07,2.7277567584308116e-05,1526.5674909907482,54,highpass
1.0090567613164992e-07,7e-07,1.838031086236967e-07,2.4057427990705354e-07,2.7174801199603957e-05,42.28455191357169,54,highpass
1.0090567613164992e-07,7e-07,1.838031086236967e-07,2.4057427990705354e-07,2.7277567584308116e-05,1526.5674909907482,54,highpass
1.0090567613164992e-07,7e-07,1.838031086236967e-07,2.4057427990705354e-07,2.7277567584308116e-05,1526.5674909907482,54,highpass
1.0090567613164992e-07,7e-07,1.838031086236967e-07,2.4057427990705354e-07,2.7207096368492046e-05,42.28455191357169,54,highpass
1.0090567613164992e-07,7e-07,1.8374196170305757e-07,2.473793201088867e-07,2.7277567584308116e-05,2510.01860648093,54,highpass
1.0090567613164992e-07,7e-07,1.838031086236967e-07,2.473793201088867e-07,2.7277567584308116e-05,2510.01860648093,54,highpass
1.0090567613164992e-07,7e-07,1.838031086236967e-07,2.3815850200148077e-07,2.7207096368492046e-05,53.408686966858625,54,highpass
1.0090567613164992e-07,7e-07,1.8374196170305757e-07,2.473793201088867e-07,2.7277567584308116e-05,2510.01860648093,54,highpass
1.0090567613164992e-07,7e-07,1.8374196170305757e-07,2.473793201088867e-07,2.7277567584308116e-05,2510.01860648093,54,highpass
1.0090567613164992e-07,7e-07,1.8374196170305757e-07,2.4057427990705354e-07,2.7277567584308116e-05,1526.5674909907482,54,highpass
1.0090567613164992e-07,7e-07,1.838031086236967e-07,2.473793201088867e-07,2.7277567584308116e-05,2510.01860648093,54,highpass
1.0090567613164992e-07,7e-07,1.8374196170305757e-07,2.4057427990705354e-07,2.7277567584308116e-05,1526.5674909907482,54,highpass
1.0528249721725828e-07,7e-07,1.8374196170305757e-07,2.473793201088867e-07,2.7277567584308116e-05,36.63648614268522,54,highpass
1.0090567613164992e-07,7e-07,1.8374196170305757e-07,2.473793201088867e-07,2.7277567584308116e-05,2510.01860648093,54,highpass
1.0090567613164992e-07,7e-07,1.838031086236967e-07,2.473793201088867e-07,2.7277567584308116e-05,2510.01860648093,54,highpass
1.0090567613164992e-07,7e-07,1.838031086236967e-07,2.473793201088867e-07,2.7277567584308116e-05,2510.01860648093,54,highpass
1.0090567613164992e-07,7e-07,1.838031086236967e-07,2.473793201088867e-07,2.7277567584308116e-05,2510.01860648093,54,highpass
1.0090567613164992e-07,7e-07,1.838031086236967e-07,2.473793201088867e-07,2.7207096368492046e-05,3687.1826962354858,54,highpass
2.0364017660642984e-07,7e-07,1.838031086236967e-07,2.473793201088867e-07,2.7207096368492046e-05,0.9584020175372955,54,highpass
1.0090567613164992e-07,7e-07,1.8374196170305757e-07,2.473793201088867e-07,2.7277567584308116e-05,2510.01860648093,54,highpass
1.0090567613164992e-07,7e-07,1.838031086236967e-07,2.473793201088867e-07,2.7596324271048735e-05,2022.8249702331195,54,highpass
1.0090567613164992e-07,7e-07,1.838031086236967e-07,2.473793201088867e-07,2.7207096368492046e-05,3687.1826962354858,55,highpass
1.0090567613164992e-07,7e-07,1.838031086236967e-07,2.473793201088867e-07,2.7277567584308116e-05,730.7296503934107,55,highpass
1.0090567613164992e-07,7e-07,1.838031086236967e-07,2.473793201088867e-07,2.7207096368492046e-05,3687.1826962354858,55,highpass
1.0090567613164992e-07,7e-07,1.838031086236967e-07,2.473793201088867e-07,2.7207096368492046e-05,3687.1826962354858,55,highpass
1.5018342640541376e-07,7e-07,1.838031086236967e-07,2.473793201088867e-07,2.7277567584308116e-05,0.7864296750481002,55,highpass
1.0090567613164992e-07,7e-07,1.8135562082896219e-07,2.473793201088867e-07,2.7277567584308116e-05,79.85169537794324,55,highpass
1.0090567613164992e-07,7e-07,1.838031086236967e-07,2.473793201088867e-07,2.7277567584308116e-05,730.7296503934107,55,highpass
1.0090567613164992e-07,7e-07,1.8374196170305757e-07,2.473793201088867e-07,2.7277567584308116e-05,730.7296503934107,55,highpass
1.0090567613164992e-07,7e-07,1.838031086236967e-07,2.473793201088867e-07,2.7277567584308116e-05,730.7296503934107,55,highpass
1.0090567613164992e-07,7e-07,1.838031086236967e-07,2.473793201088867e-07,2.7277567584308116e-05,730.7296503934107,55,highpass
1.0090567613164992e-07,7e-07,1.838031086236967e-07,2.473793201088867e-07,2.7277567584308116e-05,730.7296503934107,55,highpass
1.0090567613164992e-07,7e-07,1.838031086236967e-07,2.473793201088867e-07,2.7277567584308116e-05,730.7296503934107,55,highpass
1.0090567613164992e-07,7e-07,1.838031086236967e-07,2.473793201088867e-07,2.7277567584308116e-05,730.7296503934107,55,highpass
1.0090567613164992e-07,7e-07,1.838031086236967e-07,2.473793201088867e-07,2.7277567584308116e-05,730.7296503934107,55,highpass
1.0090567613164992e-07,7e-07,1.838031086236967e-07,2.473793201088867e-07,2.912264391984031e-05,80.6956987518618,55,highpass
1.0090567613164992e-07,7e-07,1.8374196170305757e-07,2.473793201088867e-07,2.7277567584308116e-05,730.7296503934107,55,highpass
1.0090567613164992e-07,7e-07,2.2052867120906173e-07,2.473793201088867e-07,2.7207096368492046e-05,0.7728015525452487,55,highpass
1.0090567613164992e-07,7e-07,1.838031086236967e-07,2.473793201088867e-07,2.7277567584308116e-05,730.7296503934107,55,highpass
1.0090567613164992e-07,7e-07,1.838031086236967e-07,2.473793201088867e-07,2.7207096368492046e-05,3687.1826962354858,55,highpass
1.0090567613164992e-07,7e-07,1.8374196170305757e-07,2.473793201088867e-07,2.7277567584308116e-05,730.7296503934107,55,highpass
1.0090567613164992e-07,5.171997859666648e-07,1.838031086236967e-07,2.473793201088867e-07,2.7207096368492046e-05,10.953609361499458,55,highpass
1.0090567613164992e-07,7e-07,1.838031086236967e-07,2.473793201088867e-07,2.7207096368492046e-05,3687.1826962354858,55,highpass
1.0090567613164992e-07,7e-07,1.838031086236967e-07,2.473793201088867e-07,2.7207096368492046e-05,3687.1826962354858,55,highpass
1.0090567613164992e-07,7e-07,1.8374196170305757e-07,2.473793201088867e-07,2.7207096368492046e-05,3687.1826962354858,55,highpass
1.0090567613164992e-07,7e-07,1.838031086236967e-07,2.473793201088867e-07,2.7277567584308116e-05,730.7296503934107,55,highpass
1.0090567613164992e-07,7e-07,1.838031086236967e-07,2.473793201088867e-07,2.7277567584308116e-05,730.7296503934107,55,highpass
1.0090567613164992e-07,7e-07,1.8374196170305757e-07,2.473793201088867e-07,2.7277567584308116e-05,730.7296503934107,55,highpass
1.0090567613164992e-07,7e-07,1.838031086236967e-07,2.473793201088867e-07,2.7277567584308116e-05,730.7296503934107,55,highpass
1.0090567613164992e-07,7e-07,1.838031086236967e-07,2.473793201088867e-07,2.7277567584308116e-05,730.7296503934107,55,highpass
1.0090567613164992e-07,7e-07,1.838031086236967e-07,2.473793201088867e-07,2.7207096368492046e-05,3687.1826962354858,55,highpass
1.0090567613164992e-07,7e-07,1.838031086236967e-07,2.473793201088867e-07,2.7207096368492046e-05,3687.1826962354858,56,highpass
1.0090567613164992e-07,7e-07,1.838031086236967e-07,2.473793201088867e-07,2.7207096368492046e-05,3687.1826962354858,56,highpass
1.0090567613164992e-07,7e-07,1.838031086236967e-07,2.473793201088867e-07,2.7207096368492046e-05,3687.1826962354858,56,highpass
1.0090567613164992e-07,7e-07,1.838031086236967e-07,2.473793201088867e-07,2.7207096368492046e-05,3687.1826962354858,56,highpass
1.0090567613164992e-07,7e-07,1.838031086236967e-07,2.473793201088867e-07,2.7207096368492046e-05,3687.1826962354858,56,highpass
1.0090567613164992e-07,7e-07,1.838031086236967e-07,2.473793201088867e-07,2.7277567584308116e-05,730.7296503934107,56,highpass
1.0090567613164992e-07,7e-07,1.838031086236967e-07,2.473793201088867e-07,2.7207096368492046e-05,3687.1826962354858,56,highpass
1.0090567613164992e-07,7e-07,1.838031086236967e-07,2.473793201088867e-07,2.7207096368492046e-05,3687.1826962354858,56,highpass
1.0090567613164992e-07,7e-07,1.6185169898789622e-07,2.473793201088867e-07,2.7207096368492046e-05,31.80602100745736,56,highpass
1.0090567613164992e-07,7e-07,1.838031086236967e-07,2.473793201088867e-07,2.7207096368492046e-05,3687.1826962354858,56,highpass
1.0090567613164992e-07,7e-07,1.838031086236967e-07,2.473793201088867e-07,2.7207096368492046e-05,3687.1826962354858,56,highpass
1.0090567613164992e-07,7e-07,1.838031086236967e-07,2.473793201088867e-07,2.7277567584308116e-05,730.7296503934107,56,highpass
1.0090567613164992e-07,7e-07,1.838031086236967e-07,2.473793201088867e-07,2.7207096368492046e-05,3687.1826962354858,56,highpass
1.0090567613164992e-07,7e-07,1.838031086236967e-07,2.473793201088867e-07,2.7207096368492046e-05,3687.1826962354858,56,highpass
1.0090567613164992e-07,7e-07,1.838031086236967e-07,2.473793201088867e-07,2.7207096368492046e-05,3687.1826962354858,56,highpass
1.0090567613164992e-07,7e-07,1.838031086236967e-07,2.473793201088867e-07,2.7207096368492046e-05,3687.1826962354858,56,highpass
1.0090567613164992e-07,7e-07,1.838031086236967e-07,2.473793201088867e-07,2.7207096368492046e-05,3687.1826962354858,56,highpass
1.0090567613164992e-07,7e-07,1.838031086236967e-07,2.473793201088867e-07,2.7207096368492046e-05,3687.1826962354858,56,highpass
1.0090567613164992e-07,7e-07,1.838031086236967e-07,2.473793201088867e-07,2.7207096368492046e-05,3687.1826962354858,56,highpass
1.0090567613164992e-07,7e-07,1.838031086236967e-07,2.473793201088867e-07,2.7207096368492046e-05,3687.1826962354858,56,highpass
1.0090567613164992e-07,7e-07,1.8374196170305757e-07,2.473793201088867e-07,2.7207096368492046e-05,3687.1826962354858,56,highpass
1.0090567613164992e-07,7e-07,1.838031086236967e-07,2.473793201088867e-07,2.7207096368492046e-05,3687.1826962354858,56,highpass
1.0090567613164992e-07,7e-07,1.838031086236967e-07,2.473793201088867e-07,2.6423075239369498e-05,530.198672654454,56,highpass
1.0090567613164992e-07,7e-07,1.838031086236967e-07,2.5051214172094084e-07,2.7207096368492046e-05,1869.0128058829089,56,highpass
1.0090567613164992e-07,7e-07,1.838031086236967e-07,2.473793201088867e-07,2.7207096368492046e-05,3687.1826962354858,56,highpass
1.0090567613164992e-07,7e-07,1.838031086236967e-07,2.473793201088867e-07,2.7207096368492046e-05,3687.1826962354858,56,highpass
1.0090567613164992e-07,7e-07,1.838031086236967e-07,2.473793201088867e-07,2.7207096368492046e-05,3687.1826962354858,56,highpass
1.0090567613164992e-07,7e-07,1.838031086236967e-07,2.473793201088867e-07,2.7277567584308116e-05,730.7296503934107,56,highpass
1.0090567613164992e-07,7e-07,1.838031086236967e-07,2.473793201088867e-07,2.7207096368492046e-05,3687.1826962354858,56,highpass
1.0090567613164992e-07,7e-07,1.838031086236967e-07,2.473793201088867e-07,2.7207096368492046e-05,3687.1826962354858,56,highpass
1.0090567613164992e-07,7e-07,1.838031086236967e-07,2.473793201088867e-07,2.7207096368492046e-05,3687.1826962354858,57,highpass
1.0090567613164992e-07,7e-07,1.838031086236967e-07,2.4848870713333134e-07,2.7207096368492046e-05,386.6096304540968,57,highpass
1.0090567613164992e-07,7e-07,1.838031086236967e-07,2.473793201088867e-07,2.7207096368492046e-05,3687.1826962354858,57,highpass
1.0090567613164992e-07,7e-07,1.838031086236967e-07,2.473793201088867e-07,2.7207096368492046e-05,3687.1826962354858,57,highpass
1.0090567613164992e-07,7e-07,1.838031086236967e-07,2.473793201088867e-07,2.7207096368492046e-05,3687.1826962354858,57,highpass
1.0090567613164992e-07,7e-07,1.838031086236967e-07,2.473793201088867e-07,2.7207096368492046e-05,3687.1826962354858,57,highpass
1.0090567613164992e-07,7e-07,1.838031086236967e-07,2.473793201088867e-07,2.7207096368492046e-05,3687.1826962354858,57,highpass
1.0090567613164992e-07,7e-07,1.838031086236967e-07,2.473793201088867e-07,2.7207096368492046e-05,3687.1826962354858,57,highpass
1.0090567613164992e-07,7e-07,1.838031086236967e-07,2.473793201088867e-07,2.7207096368492046e-05,3687.1826962354858,57,highpass
1.0090567613164992e-07,7e-07,1.838031086236967e-07,2.473793201088867e-07,2.7207096368492046e-05,3687.1826962354858,57,highpass
1.0090567613164992e-07,7e-07,1.838031086236967e-07,2.473793201088867e-07,2.7207096368492046e-05,3687.1826962354858,57,highpass
1.0090567613164992e-07,7e-07,1.838031086236967e-07,2.473793201088867e-07,2.7207096368492046e-05,3687.1826962354858,57,highpass
1.0090567613164992e-07,7e-07,1.8374196170305757e-07,2.473793201088867e-07,2.7207096368492046e-05,3687.1826962354858,57,highpass
1.0090567613164992e-07,7e-07,1.838031086236967e-07,2.473793201088867e-07,2.7207096368492046e-05,3687.1826962354858,57,highpass
1.0090567613164992e-07,7e-07,1.838031086236967e-07,2.473793201088867e-07,2.7207096368492046e-05,3687.1826962354858,57,highpass
1.0090567613164992e-07,7e-07,1.838031086236967e-07,2.473793201088867e-07,2.7207096368492046e-05,3687.1826962354858,57,highpass
1.0090567613164992e-07,7e-07,1.838031086236967e-07,2.473793201088867e-07,2.7207096368492046e-05,3687.1826962354858,57,highpass
1.0090567613164992e-07,7e-07,1.838031086236967e-07,2.473793201088867e-07,2.6055598743359556e-05,143.79387436592597,57,highpass
1.0090567613164992e-07,7e-07,1.838031086236967e-07,2.473793201088867e-07,2.7207096368492046e-05,3687.1826962354858,57,highpass
1.0090567613164992e-07,7e-07,1.838031086236967e-07,2.473793201088867e-07,2.7207096368492046e-05,3687.1826962354858,57,highpass
1.0090567613164992e-07,7e-07,1.838031086236967e-07,2.473793201088867e-07,2.7207096368492046e-05,3687.1826962354858,57,highpass
1.0090567613164992e-07,7e-07,1.838031086236967e-07,2.473793201088867e-07,2.7207096368492046e-05,3687.1826962354858,57,highpass
1.0090567613164992e-07,7e-07,1.838031086236967e-07,2.473793201088867e-07,2.7207096368492046e-05,3687.1826962354858,57,highpass
1.0090567613164992e-07,7e-07,1.838031086236967e-07,2.473793201088867e-07,2.7207096368492046e-05,3687.1826962354858,57,highpass
1.0090567613164992e-07,7e-07,1.8374196170305757e-07,2.473793201088867e-07,2.7207096368492046e-05,3687.1826962354858,57,highpass
1.0090567613164992e-07,7e-07,1.838031086236967e-07,2.473793201088867e-07,2.7207096368492046e-05,3687.1826962354858,57,highpass
1.0090567613164992e-07,7e-07,1.838031086236967e-07,2.473793201088867e-07,2.7207096368492046e-05,3687.1826962354858,57,highpass
1.0090567613164992e-07,7e-07,1.838031086236967e-07,2.473793201088867e-07,2.7207096368492046e-05,3687.1826962354858,57,highpass
2.1471875890509912e-07,7e-07,1.838031086236967e-07,2.473793201088867e-07,2.7207096368492046e-05,0.9675980040719768,57,highpass
1.0090567613164992e-07,7e-07,1.8094825357029773e-07,2.473793201088867e-07,2.7207096368492046e-05,94.54036435778335,57,highpass
1.0090567613164992e-07,7e-07,1.838031086236967e-07,2.473793201088867e-07,2.7207096368492046e-05,3687.1826962354858,58,highpass
1.0090567613164992e-07,7e-07,1.8374196170305757e-07,2.473793201088867e-07,2.7207096368492046e-05,3687.1826962354858,58,highpass
1.0038033750394303e-07,7e-07,1.838031086236967e-07,2.473793201088867e-07,2.7207096368492046e-05,498.8018892701366,58,highpass
1.0090567613164992e-07,7e-07,1.838031086236967e-07,2.473793201088867e-07,2.7207096368492046e-05,3687.1826962354858,58,highpass
1.0090567613164992e-07,7e-07,1.838031086236967e-07,2.473793201088867e-07,2.7207096368492046e-05,3687.1826962354858,58,highpass
1.0090567613164992e-07,7e-07,1.838031086236967e-07,2.473793201088867e-07,2.7207096368492046e-05,3687.1826962354858,58,highpass
1.0090567613164992e-07,7e-07,1.838031086236967e-07,2.473793201088867e-07,2.7207096368492046e-05,3687.1826962354858,58,highpass
1.0090567613164992e-07,7e-07,1.838031086236967e-07,2.473793201088867e-07,2.7207096368492046e-05,3687.1826962354858,58,highpass
1.0090567613164992e-07,7e-07,1.8374196170305757e-07,2.473793201088867e-07,2.7207096368492046e-05,3687.1826962354858,58,highpass
1.1183498430446429e-07,7e-07,1.838031086236967e-07,2.473793201088867e-07,2.7207096368492046e-05,21.391198999162203,58,highpass
1.0090567613164992e-07,6.808703051722094e-07,1.838031086236967e-07,2.473793201088867e-07,2.7207096368492046e-05,41.197751665656334,58,highpass
1.0090567613164992e-07,7e-07,1.838031086236967e-07,2.473793201088867e-07,2.7207096368492046e-05,3687.1826962354858,58,highpass
1.0090567613164992e-07,7e-07,1.838031086236967e-07,2.473793201088867e-07,2.7207096368492046e-05,3687.1826962354858,58,highpass
1.0090567613164992e-07,7e-07,1.838031086236967e-07,2.473793201088867e-07,2.7207096368492046e-05,3687.1826962354858,58,highpass
1.0090567613164992e-07,7e-07,1.838031086236967e-07,2.473793201088867e-07,2.7207096368492046e-05,3687.1826962354858,58,highpass
1.0090567613164992e-07,7e-07,1.838031086236967e-07,2.473793201088867e-07,2.7207096368492046e-05,3687.1826962354858,58,highpass
1.0090567613164992e-07,7e-07,1.838031086236967e-07,2.473793201088867e-07,2.7207096368492046e-05,3687.1826962354858,58,highpass
1.0090567613164992e-07,7e-07,1.838031086236967e-07,2.473793201088867e-07,2.7207096368492046e-05,3687.1826962354858,58,highpass
1.0090567613164992e-07,7e-07,1.838031086236967e-07,2.473793201088867e-07,4.5914796499904526e-05,113.36392628430382,58,highpass
1.0090567613164992e-07,7e-07,1.838031086236967e-07,2.473793201088867e-07,2.7207096368492046e-05,3687.1826962354858,58,highpass
1.0090567613164992e-07,7e-07,1.838031086236967e-07,2.473793201088867e-07,2.7207096368492046e-05,3687.1826962354858,58,highpass
1.0090567613164992e-07,7e-07,1.838031086236967e-07,2.473793201088867e-07,2.7207096368492046e-05,3687.1826962354858,58,highpass
1.6733223335781335e-07,7e-07,1.838031086236967e-07,2.473793201088867e-07,2.7207096368492046e-05,0.873640553965402,58,highpass
1.0090567613164992e-07,7e-07,1.838031086236967e-07,2.473793201088867e-07,2.7207096368492046e-05,3687.1826962354858,58,highpass
1.0090567613164992e-07,7e-07,1.838031086236967e-07,2.473793201088867e-07,2.7207096368492046e-05,3687.1826962354858,58,highpass
1.0090567613164992e-07,6.96525764404782e-07,1.838031086236967e-07,2.473793201088867e-07,2.7207096368492046e-05,194.13784159172974,58,highpass
1.0090567613164992e-07,7e-07,1.766941329962545e-07,2.473793201088867e-07,2.7207096368492046e-05,73.26336540195177,58,highpass
1.0090567613164992e-07,7e-07,1.838031086236967e-07,2.473793201088867e-07,2.7207096368492046e-05,3687.1826962354858,58,highpass
1.0090567613164992e-07,7e-07,1.838031086236967e-07,2.473793201088867e-07,2.7207096368492046e-05,3687.1826962354858,58,highpass
1.0090567613164992e-07,7e-07,1.838031086236967e-07,2.473793201088867e-07,2.7207096368492046e-05,3687.1826962354858,58,highpass
1.0090567613164992e-07,7e-07,1.838031086236967e-07,2.473793201088867e-07,2.7207096368492046e-05,789.8209679300916,59,highpass
1.0090567613164992e-07,7e-07,1.838031086236967e-07,2.473793201088867e-07,2.7207096368492046e-05,789.8209679300916,59,highpass
1.0090567613164992e-07,7e-07,1.838031086236967e-07,2.473793201088867e-07,2.7207096368492046e-05,789.8209679300916,59,highpass
1.0090567613164992e-07,7e-07,1.838031086236967e-07,2.473793201088867e-07,2.7207096368492046e-05,789.8209679300916,59,highpass
1.0090567613164992e-07,7e-07,1.838031086236967e-07,2.473793201088867e-07,2.7207096368492046e-05,789.8209679300916,59,highpass
1.0090567613164992e-07,7e-07,1.838031086236967e-07,2.473793201088867e-07,2.7207096368492046e-05,789.8209679300916,59,highpass
1.0090567613164992e-07,7e-07,1.838031086236967e-07,2.473793201088867e-07,2.7207096368492046e-05,789.8209679300916,59,highpass
1.0090567613164992e-07,7e-07,1.838031086236967e-07,2.473793201088867e-07,2.7207096368492046e-05,789.8209679300916,59,highpass
1.0090567613164992e-07,7e-07,1.838031086236967e-07,2.473793201088867e-07,2.7207096368492046e-05,789.8209679300916,59,highpass
1.0090567613164992e-07,7e-07,1.838031086236967e-07,2.473793201088867e-07,2.7207096368492046e-05,789.8209679300916,59,highpass
1.0090567613164992e-07,7e-07,1.838031086236967e-07,2.473793201088867e-07,2.7207096368492046e-05,789.8209679300916,59,highpass
1.0090567613164992e-07,7e-07,1.838031086236967e-07,2.473793201088867e-07,2.7207096368492046e-05,789.8209679300916,59,highpass
1.0090567613164992e-07,7e-07,1.838031086236967e-07,2.473793201088867e-07,2.7207096368492046e-05,789.8209679300916,59,highpass
1.0090567613164992e-07,5.336072374710018e-07,1.838031086236967e-07,2.473793201088867e-07,2.7207096368492046e-05,12.835099580852338,59,highpass
1.0090567613164992e-07,7e-07,1.8090890458012436e-07,2.473793201088867e-07,2.7207096368492046e-05,85.97330726472055,59,highpass
1.0090567613164992e-07,4.0099540207781385e-07,1.838031086236967e-07,2.473793201088867e-07,2.7207096368492046e-05,3.6263340518033087,59,highpass
1.0090567613164992e-07,5.267416634251502e-07,1.8374196170305757e-07,2.473793201088867e-07,2.7207096368492046e-05,11.58491946730602,59,highpass
1.0090567613164992e-07,7e-07,1.838031086236967e-07,2.473793201088867e-07,2.7207096368492046e-05,789.8209679300916,59,highpass
1.0090567613164992e-07,7e-07,1.8074621609278554e-07,2.473793201088867e-07,2.7207096368492046e-05,85.97330726472055,59,highpass
1.0090567613164992e-07,7e-07,1.8178552812249173e-07,2.473793201088867e-07,2.7207096368492046e-05,104.75678753061686,59,highpass
1.0090567613164992e-07,7e-07,1.8374196170305757e-07,2.473793201088867e-07,2.7207096368492046e-05,789.8209679300916,59,highpass
1.0286543929566461e-07,7e-07,1.8374196170305757e-07,2.473793201088867e-07,2.7207096368492046e-05,44.95485753351543,59,highpass
1.0090567613164992e-07,7e-07,1.838031086236967e-07,2.473793201088867e-07,2.7207096368492046e-05,789.8209679300916,59,highpass
1.0090567613164992e-07,7e-07,1.8374196170305757e-07,2.473793201088867e-07,2.7207096368492046e-05,789.8209679300916,59,highpass
1.0090567613164992e-07,7e-07,1.838031086236967e-07,2.473793201088867e-07,3.4951865780932045e-05,136.11337954790986,59,highpass
1.0090567613164992e-07,7e-07,1.838031086236967e-07,2.473793201088867e-07,2.7207096368492046e-05,789.8209679300916,59,highpass
1.0090567613164992e-07,7e-07,1.838031086236967e-07,2.473793201088867e-07,2.7502974044469185e-05,727.8523278082031,59,highpass
1.0090567613164992e-07,7e-07,1.838031086236967e-07,2.473793201088867e-07,2.7207096368492046e-05,789.8209679300916,59,highpass
1.0090567613164992e-07,7e-07,1.838031086236967e-07,2.473793201088867e-07,2.7207096368492046e-05,789.8209679300916,59,highpass
1.0090567613164992e-07,7e-07,1.8374196170305757e-07,2.473793201088867e-07,2.7207096368492046e-05,789.8209679300916,59,highpass
1.0090567613164992e-07,7e-07,1.838031086236967e-07,2.473793201088867e-07,2.7207096368492046e-05,3687.1826962354858,60,highpass
1.0090567613164992e-07,7e-07,1.8374196170305757e-07,2.473793201088867e-07,2.7207096368492046e-05,3687.1826962354858,60,highpass
1.0090567613164992e-07,7e-07,1.832252487241949e-07,2.473793201088867e-07,2.7207096368492046e-05,582.4656125781624,60,highpass
1.0090567613164992e-07,7e-07,1.838031086236967e-07,2.473793201088867e-07,2.7207096368492046e-05,3687.1826962354858,60,highpass
1.0090567613164992e-07,7e-07,1.838031086236967e-07,2.473793201088867e-07,2.7207096368492046e-05,3687.1826962354858,60,highpass
1.0090567613164992e-07,7e-07,1.838031086236967e-07,2.473793201088867e-07,2.7207096368492046e-05,3687.1826962354858,60,highpass
1.0090567613164992e-07,7e-07,1.838031086236967e-07,2.473793201088867e-07,2.7207096368492046e-05,3687.1826962354858,60,highpass
1.0090567613164992e-07,7e-07,2.3696775151119164e-07,2.473793201088867e-07,2.7207096368492046e-05,0.9153502516265449,60,highpass
1.0090567613164992e-07,7e-07,1.8374196170305757e-07,2.473793201088867e-07,2.7207096368492046e-05,3687.1826962354858,60,highpass
1.0090567613164992e-07,7e-07,1.838031086236967e-07,2.473793201088867e-07,2.7207096368492046e-05,3687.1826962354858,60,highpass
1.0090567613164992e-07,7e-07,1.8374196170305757e-07,2.473793201088867e-07,2.7207096368492046e-05,3687.1826962354858,60,highpass
1.0090567613164992e-07,7e-07,1.838031086236967e-07,2.473793201088867e-07,2.7207096368492046e-05,3687.1826962354858,60,highpass
1.0090567613164992e-07,7e-07,1.838031086236967e-07,2.473793201088867e-07,2.7207096368492046e-05,3687.1826962354858,60,highpass
1.0090567613164992e-07,7e-07,1.8374196170305757e-07,2.473793201088867e-07,2.7207096368492046e-05,3687.1826962354858,60,highpass
1.0090567613164992e-07,7e-07,1.838031086236967e-07,2.473793201088867e-07,2.7207096368492046e-05,3687.1826962354858,60,highpass
1.0090567613164992e-07,7e-07,1.838031086236967e-07,2.473793201088867e-07,2.7057593756180956e-05,3606.49403117332,60,highpass
1.0090567613164992e-07,7e-07,1.838031086236967e-07,2.473793201088867e-07,2.7207096368492046e-05,3687.1826962354858,60,highpass
1.0090567613164992e-07,7e-07,1.838031086236967e-07,2.50056651028016e-07,2.7207096368492046e-05,621.6719768332811,60,highpass
1.0090567613164992e-07,7e-07,1.838031086236967e-07,2.473793201088867e-07,2.7207096368492046e-05,3687.1826962354858,60,highpass
1.0090567613164992e-07,5.82474408477354e-07,1.838031086236967e-07,2.473793201088867e-07,2.7207096368492046e-05,21.992478533199296,60,highpass
1.0090567613164992e-07,7e-07,1.8374196170305757e-07,2.473793201088867e-07,2.7207096368492046e-05,3687.1826962354858,60,highpass
1.0090567613164992e-07,7e-07,1.838031086236967e-07,2.473793201088867e-07,2.7207096368492046e-05,3687.1826962354858,60,highpass
1.0090567613164992e-07,7e-07,1.838031086236967e-07,2.473793201088867e-07,2.7207096368492046e-05,3687.1826962354858,60,highpass
1.0090567613164992e-07,7e-07,1.838031086236967e-07,2.4866612377198893e-07,2.7207096368492046e-05,1248.8557095612496,60,highpass
1.0090567613164992e-07,7e-07,1.838031086236967e-07,2.473793201088867e-07,2.7207096368492046e-05,3687.1826962354858,60,highpass
1.0090567613164992e-07,7e-07,1.838031086236967e-07,2.473793201088867e-07,2.7207096368492046e-05,3687.1826962354858,60,highpass
1.0090567613164992e-07,7e-07,1.838031086236967e-07,2.473793201088867e-07,2.7207096368492046e-05,3687.1826962354858,60,highpass
1.0090567613164992e-07,7e-07,1.838031086236967e-07,2.473793201088867e-07,2.7207096368492046e-05,3687.1826962354858,60,highpass
1.0090567613164992e-07,7e-07,1.838031086236967e-07,2.473793201088867e-07,2.7207096368492046e-05,3687.1826962354858,60,highpass
1.0090567613164992e-07,7e-07,1.838031086236967e-07,2.473793201088867e-07,2.7207096368492046e-05,3687.1826962354858,60,highpass
1.0090567613164992e-07,7e-07,1.838031086236967e-07,2.473793201088867e-07,2.7207096368492046e-05,789.8209679300916,61,highpass
1.0090567613164992e-07,6.858763442615077e-07,1.838031086236967e-07,2.473793201088867e-07,2.7207096368492046e-05,42.05587703039253,61,highpass
1.0090567613164992e-07,7e-07,1.838031086236967e-07,2.473793201088867e-07,2.7207096368492046e-05,789.8209679300916,61,highpass
1.0090567613164992e-07,7e-07,1.838031086236967e-07,1.945519155709219e-07,2.7207096368492046e-05,25.03236633299356,61,highpass
1.0090567613164992e-07,7e-07,1.8374196170305757e-07,2.473793201088867e-07,2.7207096368492046e-05,789.8209679300916,61,highpass
1.0090567613164992e-07,7e-07,1.838031086236967e-07,2.473793201088867e-07,2.793892506800505e-05,455.7936390934292,61,highpass
1.0090567613164992e-07,7e-07,1.838031086236967e-07,2.473793201088867e-07,2.7207096368492046e-05,789.8209679300916,61,highpass
1.0090567613164992e-07,7e-07,1.838031086236967e-07,2.473793201088867e-07,2.7207096368492046e-05,789.8209679300916,61,highpass
1.0090567613164992e-07,7e-07,1.838031086236967e-07,2.473793201088867e-07,2.7207096368492046e-05,789.8209679300916,61,highpass
1.0090567613164992e-07,7e-07,1.838031086236967e-07,2.473793201088867e-07,2.7207096368492046e-05,789.8209679300916,61,highpass
1.0090567613164992e-07,7e-07,1.838031086236967e-07,2.473793201088867e-07,2.7207096368492046e-05,789.8209679300916,61,highpass
1.0090567613164992e-07,7e-07,1.838031086236967e-07,2.473793201088867e-07,2.7207096368492046e-05,789.8209679300916,61,highpass
1.0090567613164992e-07,7e-07,1.8374196170305757e-07,2.473793201088867e-07,2.7207096368492046e-05,789.8209679300916,61,highpass
1.0090567613164992e-07,7e-07,1.838031086236967e-07,2.473793201088867e-07,2.8467436734934767e-05,136.029110701343,61,highpass
1.0090567613164992e-07,7e-07,1.838031086236967e-07,2.473793201088867e-07,2.7207096368492046e-05,789.8209679300916,61,highpass
1.0090567613164992e-07,7e-07,1.838031086236967e-07,2.473793201088867e-07,2.7207096368492046e-05,789.8209679300916,61,highpass
1.0090567613164992e-07,7e-07,1.838031086236967e-07,2.473793201088867e-07,2.7207096368492046e-05,789.8209679300916,61,highpass
1.0090567613164992e-07,7e-07,1.838031086236967e-07,2.473793201088867e-07,2.7207096368492046e-05,789.8209679300916,61,highpass
1.0090567613164992e-07,7e-07,1.8374196170305757e-07,2.473793201088867e-07,2.7207096368492046e-05,789.8209679300916,61,highpass
1.0090567613164992e-07,7e-07,1.8374196170305757e-07,2.473793201088867e-07,2.7207096368492046e-05,789.8209679300916,61,highpass
1.0090567613164992e-07,7e-07,1.838031086236967e-07,2.473793201088867e-07,2.7207096368492046e-05,789.8209679300916,61,highpass
1.0090567613164992e-07,7e-07,1.838031086236967e-07,2.473793201088867e-07,2.7207096368492046e-05,789.8209679300916,61,highpass
1.0090567613164992e-07,7e-07,1.838031086236967e-07,2.473793201088867e-07,2.7207096368492046e-05,789.8209679300916,61,highpass
1.0090567613164992e-07,7e-07,1.838031086236967e-07,2.473793201088867e-07,2.7207096368492046e-05,789.8209679300916,61,highpass
1.0090567613164992e-07,7e-07,1.838031086236967e-07,2.473793201088867e-07,2.7207096368492046e-05,789.8209679300916,61,highpass
1e-07,7e-07,1.8374196170305757e-07,2.473793201088867e-07,2.7207096368492046e-05,162.06978191664146,61,highpass
1.0090567613164992e-07,7e-07,1.838031086236967e-07,2.473793201088867e-07,2.7207096368492046e-05,789.8209679300916,61,highpass
1.0090567613164992e-07,7e-07,1.838031086236967e-07,2.473793201088867e-07,2.7207096368492046e-05,789.8209679300916,61,highpass
1.0090567613164992e-07,7e-07,1.8374196170305757e-07,2.473793201088867e-07,2.7207096368492046e-05,789.8209679300916,61,highpass
1.0090567613164992e-07,7e-07,1.8374196170305757e-07,2.473793201088867e-07,2.7207096368492046e-05,789.8209679300916,61,highpass
1.0090567613164992e-07,7e-07,1.838031086236967e-07,2.473793201088867e-07,2.7207096368492046e-05,3687.1826962354858,62,highpass
1.0090567613164992e-07,7e-07,1.838031086236967e-07,2.473793201088867e-07,3.02646266522783e-05,23.589070125034546,62,highpass
1.0090567613164992e-07,7e-07,1.8374196170305757e-07,2.473793201088867e-07,3.8637544827673987e-05,95.12419475929731,62,highpass
1.0090567613164992e-07,7e-07,1.838031086236967e-07,2.473793201088867e-07,2.7207096368492046e-05,3687.1826962354858,62,highpass
1.0090567613164992e-07,7e-07,1.838031086236967e-07,2.473793201088867e-07,2.7207096368492046e-05,3687.1826962354858,62,highpass
1.0090567613164992e-07,7e-07,1.838031086236967e-07,2.473793201088867e-07,2.7207096368492046e-05,3687.1826962354858,62,highpass
1.0090567613164992e-07,7e-07,1.838031086236967e-07,2.473793201088867e-07,2.7207096368492046e-05,3687.1826962354858,62,highpass
1.0090567613164992e-07,7e-07,1.838031086236967e-07,2.473793201088867e-07,2.7207096368492046e-05,3687.1826962354858,62,highpass
1.0090567613164992e-07,7e-07,1.838031086236967e-07,2.473793201088867e-07,2.7207096368492046e-05,3687.1826962354858,62,highpass
1.0090567613164992e-07,7e-07,1.838031086236967e-07,2.473793201088867e-07,2.776921263364828e-05,2022.491858677118,62,highpass
1.0090567613164992e-07,7e-07,1.8374196170305757e-07,2.473793201088867e-07,2.7207096368492046e-05,3687.1826962354858,62,highpass
1.0090567613164992e-07,7e-07,1.838031086236967e-07,2.473793201088867e-07,2.7207096368492046e-05,3687.1826962354858,62,highpass
1.0090567613164992e-07,7e-07,1.8374196170305757e-07,2.473793201088867e-07,2.7207096368492046e-05,3687.1826962354858,62,highpass
1.0090567613164992e-07,7e-07,1.838031086236967e-07,2.473793201088867e-07,2.7207096368492046e-05,3687.1826962354858,62,highpass
1.0090567613164992e-07,7e-07,1.8374196170305757e-07,2.473793201088867e-07,2.7207096368492046e-05,3687.1826962354858,62,highpass
1.0090567613164992e-07,7e-07,1.838031086236967e-07,2.473793201088867e-07,2.7207096368492046e-05,3687.1826962354858,62,highpass
1.0090567613164992e-07,7e-07,1.8374196170305757e-07,2.473793201088867e-07,2.7207096368492046e-05,3687.1826962354858,62,highpass
1.0090567613164992e-07,7e-07,1.838031086236967e-07,2.473793201088867e-07,2.7207096368492046e-05,3687.1826962354858,62,highpass
1.0090567613164992e-07,7e-07,1.838031086236967e-07,2.473793201088867e-07,2.7207096368492046e-05,3687.1826962354858,62,highpass
1.0090567613164992e-07,7e-07,1.838031086236967e-07,2.473793201088867e-07,2.7207096368492046e-05,3687.1826962354858,62,highpass
1.0090567613164992e-07,7e-07,1.838031086236967e-07,2.473793201088867e-07,2.7207096368492046e-05,3687.1826962354858,62,highpass
1.0090567613164992e-07,7e-07,1.838031086236967e-07,2.473793201088867e-07,2.7207096368492046e-05,3687.1826962354858,62,highpass
1.0090567613164992e-07,7e-07,1.838031086236967e-07,2.473793201088867e-07,2.7207096368492046e-05,3687.1826962354858,62,highpass
1.0090567613164992e-07,7e-07,1.838031086236967e-07,2.473793201088867e-07,2.7207096368492046e-05,3687.1826962354858,62,highpass
1.0090567613164992e-07,7e-07,1.838031086236967e-07,2.473793201088867e-07,2.7207096368492046e-05,3687.1826962354858,62,highpass
1.0090567613164992e-07,7e-07,1.838031086236967e-07,2.473793201088867e-07,2.7207096368492046e-05,3687.1826962354858,62,highpass
1.0090567613164992e-07,7e-07,1.8374196170305757e-07,2.473793201088867e-07,2.7207096368492046e-05,3687.1826962354858,62,highpass
1.0090567613164992e-07,7e-07,1.838031086236967e-07,2.473793201088867e-07,2.7207096368492046e-05,3687.1826962354858,62,highpass
1.0090567613164992e-07,7e-07,1.838031086236967e-07,2.473793201088867e-07,2.6120794636318475e-05,150.0407235038886,62,highpass
1.0090567613164992e-07,7e-07,1.838031086236967e-07,2.473793201088867e-07,2.6773230056959105e-05,387.249150922754,62,highpass
1.0090567613164992e-07,7e-07,1.838031086236967e-07,2.473793201088867e-07,2.7207096368492046e-05,3687.1826962354858,63,highpass
1.0090567613164992e-07,7e-07,1.838031086236967e-07,2.473793201088867e-07,2.7207096368492046e-05,3687.1826962354858,63,highpass
1.0090567613164992e-07,7e-07,1.838031086236967e-07,2.473793201088867e-07,2.7207096368492046e-05,3687.1826962354858,63,highpass
1.0090567613164992e-07,7e-07,1.8374196170305757e-07,2.473793201088867e-07,2.7207096368492046e-05,3687.1826962354858,63,highpass
1.0090567613164992e-07,7e-07,1.838031086236967e-07,2.473793201088867e-07,2.7207096368492046e-05,3687.1826962354858,63,highpass
1.0090567613164992e-07,7e-07,1.838031086236967e-07,2.473793201088867e-07,2.7207096368492046e-05,3687.1826962354858,63,highpass
1.0090567613164992e-07,7e-07,1.838031086236967e-07,2.473793201088867e-07,2.7207096368492046e-05,3687.1826962354858,63,highpass
1.0090567613164992e-07,6.958255051434573e-07,1.838031086236967e-07,2.473793201088867e-07,2.7207096368492046e-05,55.80550362340209,63,highpass
1.0090567613164992e-07,7e-07,1.838031086236967e-07,2.473793201088867e-07,2.7207096368492046e-05,3687.1826962354858,63,highpass
1.0090567613164992e-07,7e-07,1.838031086236967e-07,2.473793201088867e-07,2.7207096368492046e-05,3687.1826962354858,63,highpass
1.0090567613164992e-07,7e-07,1.838031086236967e-07,2.473793201088867e-07,2.7207096368492046e-05,3687.1826962354858,63,highpass
2.460254642719921e-07,7e-07,1.838031086236967e-07,2.473793201088867e-07,2.7207096368492046e-05,0.9677930131717083,63,highpass
1.0090567613164992e-07,7e-07,1.838031086236967e-07,2.473793201088867e-07,2.7207096368492046e-05,3687.1826962354858,63,highpass
1.0090567613164992e-07,7e-07,1.838031086236967e-07,2.473793201088867e-07,2.7207096368492046e-05,3687.1826962354858,63,highpass
1.0090567613164992e-07,7e-07,1.838031086236967e-07,2.473793201088867e-07,2.7207096368492046e-05,3687.1826962354858,63,highpass
1.0090567613164992e-07,7e-07,1.838031086236967e-07,2.473793201088867e-07,2.7207096368492046e-05,3687.1826962354858,63,highpass
1.0090567613164992e-07,7e-07,1.838031086236967e-07,2.473793201088867e-07,2.7207096368492046e-05,3687.1826962354858,63,highpass
1.0090567613164992e-07,7e-07,1.838031086236967e-07,2.473793201088867e-07,2.7207096368492046e-05,3687.1826962354858,63,highpass
1.0090567613164992e-07,7e-07,1.838031086236967e-07,2.473793201088867e-07,2.7207096368492046e-05,3687.1826962354858,63,highpass
1.0090567613164992e-07,7e-07,1.838031086236967e-07,2.473793201088867e-07,2.7207096368492046e-05,3687.1826962354858,63,highpass
1.0090567613164992e-07,7e-07,1.838031086236967e-07,2.473793201088867e-07,2.7207096368492046e-05,3687.1826962354858,63,highpass
1.0090567613164992e-07,7e-07,1.838031086236967e-07,2.473793201088867e-07,2.7207096368492046e-05,3687.1826962354858,63,highpass
1.0090567613164992e-07,7e-07,1.838031086236967e-07,2.473793201088867e-07,2.7207096368492046e-05,3687.1826962354858,63,highpass
1.0090567613164992e-07,7e-07,1.838031086236967e-07,2.4600885892497004e-07,2.7207096368492046e-05,262.8395771825666,63,highpass
1.0090567613164992e-07,7e-07,1.838031086236967e-07,2.473793201088867e-07,2.7207096368492046e-05,3687.1826962354858,63,highpass
1.0090567613164992e-07,7e-07,1.838031086236967e-07,2.473793201088867e-07,2.7207096368492046e-05,3687.1826962354858,63,highpass
1.0090567613164992e-07,7e-07,1.8374196170305757e-07,2.473793201088867e-07,2.7207096368492046e-05,3687.1826962354858,63,highpass
1.0090567613164992e-07,7e-07,1.838031086236967e-07,2.473793201088867e-07,2.7207096368492046e-05,3687.1826962354858,63,highpass
1.0090567613164992e-07,7e-07,1.838031086236967e-07,2.473793201088867e-07,2.7207096368492046e-05,3687.1826962354858,63,highpass
1.0090567613164992e-07,7e-07,1.838031086236967e-07,2.473793201088867e-07,2.7207096368492046e-05,3687.1826962354858,63,highpass
1.0090567613164992e-07,7e-07,1.838031086236967e-07,2.473793201088867e-07,2.7207096368492046e-05,3687.1826962354858,64,highpass
1.0090567613164992e-07,7e-07,1.838031086236967e-07,2.473793201088867e-07,2.7207096368492046e-05,3687.1826962354858,64,highpass
1.0090567613164992e-07,7e-07,1.838031086236967e-07,2.473793201088867e-07,2.7207096368492046e-05,3687.1826962354858,64,highpass
1.0090567613164992e-07,7e-07,1.838031086236967e-07,2.473793201088867e-07,2.7207096368492046e-05,3687.1826962354858,64,highpass
1.0090567613164992e-07,7e-07,1.838031086236967e-07,2.473793201088867e-07,2.7207096368492046e-05,3687.1826962354858,64,highpass
1.0090567613164992e-07,7e-07,1.838031086236967e-07,2.473793201088867e-07,2.7207096368492046e-05,3687.1826962354858,64,highpass
1.0090567613164992e-07,7e-07,1.8374196170305757e-07,2.473793201088867e-07,2.7207096368492046e-05,3687.1826962354858,64,highpass
1.0090567613164992e-07,7e-07,1.838031086236967e-07,2.473793201088867e-07,2.7207096368492046e-05,3687.1826962354858,64,highpass
1.0090567613164992e-07,7e-07,1.838031086236967e-07,2.473793201088867e-07,2.7207096368492046e-05,3687.1826962354858,64,highpass
1.0090567613164992e-07,7e-07,1.838031086236967e-07,2.473793201088867e-07,2.7207096368492046e-05,3687.1826962354858,64,highpass
1.0090567613164992e-07,7e-07,1.838031086236967e-07,2.473793201088867e-07,2.7207096368492046e-05,3687.1826962354858,64,highpass
1.0090567613164992e-07,7e-07,1.838031086236967e-07,2.473793201088867e-07,2.7207096368492046e-05,3687.1826962354858,64,highpass
1.0090567613164992e-07,7e-07,1.838031086236967e-07,2.473793201088867e-07,2.7207096368492046e-05,3687.1826962354858,64,highpass
1.0090567613164992e-07,7e-07,1.842645058948006e-07,2.473793201088867e-07,2.7207096368492046e-05,3687.1826962354858,64,highpass
1.0090567613164992e-07,7e-07,1.838031086236967e-07,2.473793201088867e-07,2.7207096368492046e-05,3687.1826962354858,64,highpass
1.0090567613164992e-07,7e-07,1.838031086236967e-07,2.473793201088867e-07,2.7207096368492046e-05,3687.1826962354858,64,highpass
1.0090567613164992e-07,7e-07,1.838031086236967e-07,2.473793201088867e-07,2.7207096368492046e-05,3687.1826962354858,64,highpass
1.0090567613164992e-07,7e-07,1.838031086236967e-07,2.473793201088867e-07,2.7207096368492046e-05,3687.1826962354858,64,highpass
1.0090567613164992e-07,7e-07,1.7816075891186702e-07,2.473793201088867e-07,2.7207096368492046e-05,77.89830830862033,64,highpass
1.0090567613164992e-07,7e-07,1.838031086236967e-07,2.473793201088867e-07,2.7207096368492046e-05,3687.1826962354858,64,highpass
1.0090567613164992e-07,7e-07,1.838031086236967e-07,2.473793201088867e-07,2.7207096368492046e-05,3687.1826962354858,64,highpass
1.0090567613164992e-07,7e-07,1.838031086236967e-07,2.473793201088867e-07,2.7207096368492046e-05,3687.1826962354858,64,highpass
1.0090567613164992e-07,7e-07,1.8374196170305757e-07,2.473793201088867e-07,2.7207096368492046e-05,3687.1826962354858,64,highpass
1.0090567613164992e-07,7e-07,1.838031086236967e-07,2.473793201088867e-07,2.7207096368492046e-05,3687.1826962354858,64,highpass
1.0090567613164992e-07,7e-07,1.838031086236967e-07,2.473793201088867e-07,2.7207096368492046e-05,3687.1826962354858,64,highpass
1.0090567613164992e-07,7e-07,1.838031086236967e-07,2.473793201088867e-07,2.7207096368492046e-05,3687.1826962354858,64,highpass
1.0090567613164992e-07,7e-07,1.838031086236967e-07,2.473793201088867e-07,2.7207096368492046e-05,3687.1826962354858,64,highpass
1.0090567613164992e-07,7e-07,1.838031086236967e-07,2.473793201088867e-07,2.7207096368492046e-05,3687.1826962354858,64,highpass
1.0090567613164992e-07,7e-07,1.8087135218480945e-07,2.473793201088867e-07,2.7207096368492046e-05,94.03581131181772,64,highpass
1.0090567613164992e-07,7e-07,1.5975221402549574e-07,2.473793201088867e-07,2.7207096368492046e-05,26.27112252241975,64,highpass
1.0090567613164992e-07,7e-07,1.838031086236967e-07,2.473793201088867e-07,2.7207096368492046e-05,3687.1826962354858,65,highpass
1.0090567613164992e-07,7e-07,1.8786467464762954e-07,2.473793201088867e-07,2.7207096368492046e-05,33.78042972482947,65,highpass
1.0090567613164992e-07,7e-07,1.838031086236967e-07,2.473793201088867e-07,2.7207096368492046e-05,3687.1826962354858,65,highpass
1.0090567613164992e-07,6.468900706693573e-07,1.842645058948006e-07,2.473793201088867e-07,2.7207096368492046e-05,59.439256261712096,65,highpass
1.0090567613164992e-07,7e-07,1.838031086236967e-07,2.473793201088867e-07,2.7207096368492046e-05,3687.1826962354858,65,highpass
1.0090567613164992e-07,7e-07,1.842645058948006e-07,2.473793201088867e-07,2.7207096368492046e-05,3687.1826962354858,65,highpass
1.0090567613164992e-07,7e-07,1.838031086236967e-07,2.473793201088867e-07,2.7207096368492046e-05,3687.1826962354858,65,highpass
1.0090567613164992e-07,7e-07,1.838031086236967e-07,2.473793201088867e-07,2.4969385504766978e-05,95.7973351973386,65,highpass
1.0090567613164992e-07,7e-07,1.8374196170305757e-07,2.473793201088867e-07,2.7207096368492046e-05,3687.1826962354858,65,highpass
1.0090567613164992e-07,7e-07,1.838031086236967e-07,2.473793201088867e-07,2.7207096368492046e-05,3687.1826962354858,65,highpass
1.0090567613164992e-07,7e-07,1.838031086236967e-07,2.473793201088867e-07,2.7207096368492046e-05,3687.1826962354858,65,highpass
1.0090567613164992e-07,7e-07,1.838031086236967e-07,2.473793201088867e-07,2.7207096368492046e-05,3687.1826962354858,65,highpass
1.0090567613164992e-07,7e-07,1.838031086236967e-07,2.473793201088867e-07,2.7207096368492046e-05,3687.1826962354858,65,highpass
1.0090567613164992e-07,7e-07,1.838031086236967e-07,2.473793201088867e-07,2.7207096368492046e-05,3687.1826962354858,65,highpass
1.4214680127494023e-07,7e-07,1.838031086236967e-07,2.473793201088867e-07,2.7207096368492046e-05,0.7589436794900793,65,highpass
1.0090567613164992e-07,7e-07,1.838031086236967e-07,2.473793201088867e-07,2.7207096368492046e-05,3687.1826962354858,65,highpass
1.0090567613164992e-07,7e-07,1.838031086236967e-07,2.473793201088867e-07,2.7207096368492046e-05,3687.1826962354858,65,highpass
1.0090567613164992e-07,7e-07,1.838031086236967e-07,2.473793201088867e-07,2.7207096368492046e-05,3687.1826962354858,65,highpass
1.0090567613164992e-07,7e-07,1.838031086236967e-07,2.473793201088867e-07,2.7207096368492046e-05,3687.1826962354858,65,highpass
1.0090567613164992e-07,7e-07,1.838031086236967e-07,2.473793201088867e-07,2.7207096368492046e-05,3687.1826962354858,65,highpass
1.0090567613164992e-07,7e-07,1.838031086236967e-07,2.473793201088867e-07,2.7207096368492046e-05,3687.1826962354858,65,highpass
1.0090567613164992e-07,7e-07,1.838031086236967e-07,2.473793201088867e-07,2.7207096368492046e-05,3687.1826962354858,65,highpass
1.0090567613164992e-07,7e-07,1.838031086236967e-07,2.473793201088867e-07,2.7207096368492046e-05,3687.1826962354858,65,highpass
1.0090567613164992e-07,7e-07,1.838031086236967e-07,2.473793201088867e-07,2.7207096368492046e-05,3687.1826962354858,65,highpass
1.0090567613164992e-07,7e-07,1.838031086236967e-07,2.473793201088867e-07,2.206919920522293e-05,323.2425892373647,65,highpass
1.0090567613164992e-07,7e-07,1.838031086236967e-07,2.473793201088867e-07,2.7207096368492046e-05,3687.1826962354858,65,highpass
1.0090567613164992e-07,7e-07,1.838031086236967e-07,2.473793201088867e-07,2.7207096368492046e-05,3687.1826962354858,65,highpass
1.0090567613164992e-07,7e-07,1.838031086236967e-07,2.473793201088867e-07,2.7207096368492046e-05,3687.1826962354858,65,highpass
1.0090567613164992e-07,7e-07,1.838031086236967e-07,2.473793201088867e-07,2.7207096368492046e-05,3687.1826962354858,65,highpass
1.3625225234959584e-07,7e-07,1.838031086236967e-07,2.473793201088867e-07,2.7207096368492046e-05,0.7934731007283733,65,highpass
