s,w,l,height,total_length,fitness_score,generation,fitness_strategy
1.1878800928463813e-07,3e-07,1.1124321373932243e-07,2.2e-07,3.7419061233671984e-05,0.28964058866757053,1,bandpass
1.0293680766948418e-07,3.283656196736078e-07,1e-07,2.2e-07,3.8548019749051553e-05,0.28552702194430063,1,bandpass
1.1673232528599088e-07,6.240200862857837e-07,2.4801776358403865e-07,2.2e-07,3.74153140249968e-05,0.100079858594652,1,bandpass
1.7347042319077138e-07,3.763765195653812e-07,2.1773074753530152e-07,2.2e-07,3.135390990832079e-05,0.25666395220051885,1,bandpass
1.0790442568833795e-07,6.076394317100102e-07,1.7287005330372036e-07,2.2e-07,3.318430845515987e-05,0.17846929880441803,1,bandpass
1.8249315352819923e-07,4.227755598812293e-07,1e-07,2.2e-07,3.584019092414132e-05,0.2851719537310114,1,bandpass
1.299322309492552e-07,7e-07,1.15960968480624e-07,2.2e-07,4.021778529030449e-05,0.22246493578025656,1,bandpass
1e-07,3.734133139534453e-07,1.7841811043816766e-07,2.2e-07,3.838401312475909e-05,0.25256664886027214,1,bandpass
1.6716265578840743e-07,6.289869389831489e-07,2.438959662388033e-07,2.2e-07,2.904333546960613e-05,0.29841955666855324,1,bandpass
1e-07,5.600421690302803e-07,1e-07,2.2e-07,4.662901680073942e-05,0.25384382688676754,1,bandpass
1.258960897715362e-07,7e-07,2.0161406325453646e-07,2.2e-07,3.6985018672585924e-05,0.2704931981925596,1,bandpass
1.634359891881117e-07,5.591016674037397e-07,1.5870398851152486e-07,2.2e-07,3.7614092138328396e-05,0.2553810711534647,1,bandpass
2.1542087946886153e-07,4.5947192683322443e-07,1.0536841257567237e-07,2.2e-07,4.5141926695815116e-05,0.28492075797356897,1,bandpass
1.9817552149502032e-07,5.808284670882469e-07,2.07279012095447e-07,2.2e-07,3.7413047514794314e-05,0.20391784958609388,1,bandpass
1.8431877664123682e-07,3.7123409908635116e-07,1.0081746817410667e-07,2.2e-07,1.954798332010932e-05,0.28814092776309785,1,bandpass
1.1191904764226471e-07,4.784379655540912e-07,1.5557318141340365e-07,2.2e-07,4.288793958303403e-05,0.24821250327629107,1,bandpass
2.0750309342395033e-07,4.6332226626530703e-07,2.091022698444447e-07,2.2e-07,2.0005975089592697e-05,0.2966908505939153,1,bandpass
1.872637976112769e-07,4.4210115957903097e-07,1.8997222682156412e-07,2.2e-07,4.695803081447627e-05,0.27135953695824466,1,bandpass
2.3755625694389764e-07,3.4086022985004397e-07,1.3536880959762052e-07,2.2e-07,3.7542299074207356e-05,0.2910571861362826,1,bandpass
2.424118806307976e-07,3.199603608400306e-07,2.04164232126858e-07,2.2e-07,9.344492782313707e-06,0.27906615122182066,1,bandpass
1.898245578733067e-07,3.428549476242845e-07,1e-07,2.2e-07,3.226668180917045e-05,0.29360540004138835,1,bandpass
1.247042561886052e-07,5.836656418079283e-07,1.2131548476512132e-07,2.2e-07,3.866192347776982e-05,0.2396543051525935,1,bandpass
1.4106002729761616e-07,3.77352934442147e-07,2.1252843739307764e-07,2.2e-07,3.7838884472856384e-05,0.25701065732758416,1,bandpass
1.7546793275799452e-07,6.384992158885609e-07,1.565416841495125e-07,2.2e-07,4.4166207726785734e-05,0.27379207642044107,1,bandpass
1.7589020722044231e-07,7e-07,1.6813874295103034e-07,2.2e-07,3.8215200627876955e-05,0.27551464407423276,1,bandpass
1.3002892869895333e-07,3.1908863195168216e-07,2.0482236664678428e-07,2.2e-07,3.4778568056479715e-05,0.26582621809317625,1,bandpass
2.105648017995078e-07,3.997142167746835e-07,2.1500467749928683e-07,2.2e-07,3.812237138827737e-05,0.2795342747320719,1,bandpass
1.4142672286713435e-07,5.28277125106187e-07,2.36963993565137e-07,2.2e-07,4.011555798413254e-05,0.23842973040816656,1,bandpass
2.4997962540460846e-07,3.2533276764962477e-07,2.3875954253066543e-07,2.2e-07,3.640768440707995e-05,0.3015093488521988,1,bandpass
1.810586159503334e-07,6.899653300558055e-07,1.0210280189268461e-07,2.2e-07,4.466846575476288e-05,0.25185079076408473,1,bandpass
1e-07,5.778122384849015e-07,1.1382130698322155e-07,2.2e-07,4.686547764997275e-05,0.25519243963526594,1,bandpass
1.298716267524407e-07,5.542579568285051e-07,1.466369326124966e-07,2.2e-07,2.8365781983639314e-05,0.23599339059586766,1,bandpass
1e-07,4.486259480335653e-07,1.6240819081327123e-07,2.2e-07,3.855389119651197e-05,0.24417550147427677,1,bandpass
1.3113816151666934e-07,6.685156657251616e-07,2.065000168249104e-07,2.2e-07,1.6854268214142477e-05,0.17198821226940658,1,bandpass
1.3362666634506226e-07,3e-07,2.0829825606639966e-07,2.2e-07,4.248215984234145e-05,0.27425015664938357,1,bandpass
1.059420412274442e-07,6.184655575378038e-07,1e-07,2.2e-07,4.557462962115968e-05,0.24494872726095512,1,bandpass
2.487421167296774e-07,5.220219727691102e-07,1.1055649600175709e-07,2.2e-07,9.866991287862728e-06,0.279417265112405,1,bandpass
1.98717635575344e-07,6.278336579252943e-07,1.9402732687255912e-07,2.2e-07,4.3990648000784295e-05,0.1845563830958289,1,bandpass
1.5130205721979492e-07,4.1259994195916224e-07,2.1976050745141701e-07,2.2e-07,3.581132350723217e-05,0.2518254961954983,1,bandpass
1.2778371883960967e-07,5.775018741651081e-07,1.899397900314622e-07,2.2e-07,1.719678941529192e-05,0.21213124251233184,1,bandpass
1.545218722555899e-07,5.211891624849644e-07,2.0316550783817102e-07,2.2e-07,2.2998952999970726e-05,0.21472092133618603,1,bandpass
2.082328361917757e-07,5.890784203453388e-07,2.3065772711264142e-07,2.2e-07,1.166880310559709e-05,0.29872849709878024,1,bandpass
1.689951431713438e-07,6.740129404086798e-07,2.1407831081606572e-07,2.2e-07,4.4680695961632216e-05,0.20783496238344948,1,bandpass
2.0558266041573418e-07,5.022766726580435e-07,1.9743911191428075e-07,2.2e-07,1.8533252740336777e-05,0.3060467751802117,1,bandpass
1.202203485658393e-07,4.991964519097635e-07,1.509386540275273e-07,2.2e-07,4.2359575918020744e-05,0.251688713240796,1,bandpass
1.6496729041807102e-07,4.963330452421537e-07,2.0455029690445562e-07,2.2e-07,3.4382244409482206e-05,0.27776716825866143,1,bandpass
1.6147530118713064e-07,4.3002526833433394e-07,2.12176872803201e-07,2.2e-07,5.390120236146531e-06,0.2681968810516677,1,bandpass
1.5036313321209622e-07,3.67662530126358e-07,2.1324228109191153e-07,2.2e-07,2.7169574802274832e-05,0.2515606353141371,1,bandpass
1.4283182882392496e-07,4.378775448074955e-07,1.2878346470200234e-07,2.2e-07,4.550560144567483e-05,0.2661655384911817,1,bandpass
1.9422005111005846e-07,4.792773860206092e-07,2.2010474538913453e-07,2.2e-07,3.611080742708134e-05,0.3177070054904092,1,bandpass
1.9422005111005846e-07,4.792773860206092e-07,2.2010474538913453e-07,2.2e-07,3.611080742708134e-05,0.3177070054904092,2,bandpass
1.8785629890057658e-07,3.7123409908635116e-07,1.0081746817410667e-07,2.2e-07,3.7542299074207356e-05,0.2870999482241696,2,bandpass
2.0558266041573418e-07,5.890784203453388e-07,2.3065772711264142e-07,2.2e-07,1.166880310559709e-05,0.28166695250942947,2,bandpass
1.0293680766948418e-07,5.745659080120334e-07,2.3065772711264142e-07,2.2e-07,1.166880310559709e-05,0.13895279102100852,2,bandpass
2.0558266041573418e-07,5.022766726580435e-07,1.41353516188939e-07,2.2e-07,3.7419061233671984e-05,0.2627160489329099,2,bandpass
1.7546793275799452e-07,6.384992158885609e-07,1.565416841495125e-07,2.2e-07,4.5141926695815116e-05,0.2667133091962004,2,bandpass
2.0558266041573418e-07,5.022766726580435e-07,1.9743911191428075e-07,2.2e-07,2.904333546960613e-05,0.2959991611517287,2,bandpass
2.4997962540460846e-07,5.890784203453388e-07,2.3065772711264142e-07,2.2e-07,1.166880310559709e-05,0.2999648308540982,2,bandpass
2.082328361917757e-07,5.890784203453388e-07,2.3065772711264142e-07,2.2e-07,3.7542299074207356e-05,0.29892959376275036,2,bandpass
1.898245578733067e-07,3.428549476242845e-07,1.1382130698322155e-07,2.2e-07,4.686547764997275e-05,0.29079822324377563,2,bandpass
1.7589020722044231e-07,3.2533276764962477e-07,2.3875954253066543e-07,2.2e-07,3.640768440707995e-05,0.2628149533753067,2,bandpass
2.0558266041573418e-07,5.022766726580435e-07,1.9743911191428075e-07,2.2e-07,3.226668180917045e-05,0.29999154125485433,2,bandpass
1.7546793275799452e-07,6.384992158885609e-07,1.3536880959762052e-07,2.2e-07,3.7542299074207356e-05,0.2514554595836668,2,bandpass
2.487421167296774e-07,5.220219727691102e-07,1.1055649600175709e-07,2.2e-07,1.954798332010932e-05,0.2745803031828978,2,bandpass
2.105648017995078e-07,3.997142167746835e-07,2.1500467749928683e-07,2.2e-07,3.611080742708134e-05,0.28769530085029577,2,bandpass
2.487421167296774e-07,5.40191769829523e-07,1.1055649600175709e-07,2.2e-07,3.7542299074207356e-05,0.27162614627126397,2,bandpass
2.0750309342395033e-07,4.6332226626530703e-07,2.091022698444447e-07,2.2e-07,3.226668180917045e-05,0.32671909343088895,2,bandpass
1.1878800928463813e-07,3e-07,1.1124321373932243e-07,2.2e-07,9.344492782313707e-06,0.2905936357698144,2,bandpass
1.6496729041807102e-07,5.890784203453388e-07,2.3065772711264142e-07,2.2e-07,1.166880310559709e-05,0.11654234998977389,2,bandpass
2.424118806307976e-07,3.199603608400306e-07,2.04164232126858e-07,2.2e-07,3.584019092414132e-05,0.275536562128227,2,bandpass
2.1542087946886153e-07,4.5947192683322443e-07,1.0536841257567237e-07,2.2e-07,3.611080742708134e-05,0.2837432621031999,2,bandpass
1.1878800928463813e-07,3e-07,1.565416841495125e-07,2.2e-07,4.4166207726785734e-05,0.2800173177305573,2,bandpass
1.6716265578840743e-07,6.289869389831489e-07,2.438959662388033e-07,2.2e-07,1.8533252740336777e-05,0.29933046368215993,2,bandpass
2.4997962540460846e-07,3.2533276764962477e-07,2.3875954253066543e-07,2.2e-07,2.0005975089592697e-05,0.2781015074211924,2,bandpass
1.7589020722044231e-07,7e-07,1.6813874295103034e-07,2.2e-07,3.7542299074207356e-05,0.3940734500395548,2,bandpass
1.7546793275799452e-07,3.428549476242845e-07,1e-07,2.2e-07,3.226668180917045e-05,0.29285841167041576,2,bandpass
2.4997962540460846e-07,4.227755598812293e-07,1e-07,2.2e-07,3.584019092414132e-05,0.2889347199175675,2,bandpass
1.7589020722044231e-07,3.7123409908635116e-07,1.0081746817410667e-07,2.2e-07,1.954798332010932e-05,0.28788137587235685,2,bandpass
1.6496729041807102e-07,4.963330452421537e-07,2.0455029690445562e-07,2.2e-07,3.226668180917045e-05,0.2708489044308855,2,bandpass
1.3362666634506226e-07,4.227755598812293e-07,1e-07,2.2e-07,3.584019092414132e-05,0.28104661691081084,2,bandpass
2.0750309342395033e-07,4.6332226626530703e-07,2.091022698444447e-07,2.2e-07,1.8533252740336777e-05,0.28602360454308295,2,bandpass
2.3755625694389764e-07,3.4086022985004397e-07,1.3536880959762052e-07,2.2e-07,3.611080742708134e-05,0.2910039730121854,2,bandpass
2.0558266041573418e-07,5.022766726580435e-07,2.2010474538913453e-07,2.2e-07,3.611080742708134e-05,0.2570832922708888,2,bandpass
1.0293680766948418e-07,3.3289887265034095e-07,1e-07,2.2e-07,2.904333546960613e-05,0.2839656031587184,2,bandpass
2.1542087946886153e-07,4.5947192683322443e-07,1.5240728171674402e-07,2.2e-07,3.7419061233671984e-05,0.26985742096619736,2,bandpass
2.3755625694389764e-07,4.5947192683322443e-07,1.0536841257567237e-07,2.2e-07,4.5141926695815116e-05,0.2833166432248543,2,bandpass
1.898245578733067e-07,3.428549476242845e-07,1.50448524076263e-07,2.2e-07,3.611080742708134e-05,0.28275209858269534,2,bandpass
1.0293680766948418e-07,3.283656196736078e-07,1e-07,2.2e-07,4.695803081447627e-05,0.2851730650550491,2,bandpass
1.7829473884182308e-07,6.289869389831489e-07,2.438959662388033e-07,2.2e-07,3.226668180917045e-05,0.2999050922614889,2,bandpass
1.881086716432946e-07,5.890784203453388e-07,2.3065772711264142e-07,2.2e-07,1.166880310559709e-05,0.22899470240010986,2,bandpass
1.1878800928463813e-07,6.289869389831489e-07,2.438959662388033e-07,2.2e-07,2.904333546960613e-05,0.12939111352180874,2,bandpass
1.8249315352819923e-07,4.227755598812293e-07,1.1124321373932243e-07,2.2e-07,3.7419061233671984e-05,0.2841603476653096,2,bandpass
2.0558266041573418e-07,5.022766726580435e-07,1.9743911191428075e-07,2.2e-07,1.8533252740336777e-05,0.3060467751802117,2,bandpass
2.082328361917757e-07,5.220219727691102e-07,1.1055649600175709e-07,2.2e-07,9.866991287862728e-06,0.2777084348084201,2,bandpass
1.1878800928463813e-07,3e-07,1.1124321373932243e-07,2.2e-07,2.904333546960613e-05,0.2898111345654201,2,bandpass
1.9422005111005846e-07,4.792773860206092e-07,2.2010474538913453e-07,2.2e-07,2.904333546960613e-05,0.26924643915357,2,bandpass
1.0293680766948418e-07,3.283656196736078e-07,1e-07,2.2e-07,4.662901680073942e-05,0.2858605856153129,2,bandpass
2.0558266041573418e-07,5.022766726580435e-07,1.9743911191428075e-07,2.2e-07,3.548824392190609e-05,0.3114538479377831,2,bandpass
1.6716265578840743e-07,6.289869389831489e-07,2.0455029690445562e-07,2.2e-07,3.4382244409482206e-05,0.25953642873668104,2,bandpass
1.872637976112769e-07,4.4210115957903097e-07,2.0455029690445562e-07,2.2e-07,3.4382244409482206e-05,0.2760285766437947,2,bandpass
1.7589020722044231e-07,7e-07,1.6813874295103034e-07,2.2e-07,3.7542299074207356e-05,0.3940734500395548,3,bandpass
2.0558266041573418e-07,5.022766726580435e-07,1.9743911191428075e-07,2.2e-07,1.8533252740336777e-05,0.3060467751802117,3,bandpass
2.0558266041573418e-07,5.022766726580435e-07,2.047204536743913e-07,2.2e-07,3.226668180917045e-05,0.293739897479606,3,bandpass
1.9422005111005846e-07,4.792773860206092e-07,2.2010474538913453e-07,2.2e-07,1.166880310559709e-05,0.2967769216476982,3,bandpass
2.0750309342395033e-07,4.6332226626530703e-07,1.1382130698322155e-07,2.2e-07,4.601696426186303e-05,0.2805221645628596,3,bandpass
2.474005068043558e-07,3.428549476242845e-07,1e-07,2.2e-07,3.226668180917045e-05,0.2959147133442239,3,bandpass
2.0750309342395033e-07,4.1817466667785996e-07,1.0081746817410667e-07,2.2e-07,1.954798332010932e-05,0.28888998373558117,3,bandpass
2.3755625694389764e-07,5.022766726580435e-07,1.9743911191428075e-07,2.2e-07,3.548824392190609e-05,0.28341828597720836,3,bandpass
2.0750309342395033e-07,4.6332226626530703e-07,2.091022698444447e-07,2.2e-07,3.611080742708134e-05,0.3138135820732684,3,bandpass
1.7829473884182308e-07,5.022766726580435e-07,1.9743911191428075e-07,2.2e-07,2.904333546960613e-05,0.27018581610809134,3,bandpass
1.7589020722044231e-07,7e-07,1.6813874295103034e-07,2.2e-07,3.7542299074207356e-05,0.3940734500395548,3,bandpass
2.4997962540460846e-07,4.227755598812293e-07,1e-07,2.2e-07,4.695803081447627e-05,0.2867223233581856,3,bandpass
1.0293680766948418e-07,3.283656196736078e-07,1e-07,2.2e-07,3.226668180917045e-05,0.2848407855963139,3,bandpass
1.1878800928463813e-07,4.792773860206092e-07,2.2010474538913453e-07,2.2e-07,3.611080742708134e-05,0.24589357178495658,3,bandpass
1.7546793275799452e-07,3.5675371205636446e-07,2.438959662388033e-07,2.2e-07,1.8533252740336777e-05,0.25638732045942836,3,bandpass
1.1878800928463813e-07,4.6332226626530703e-07,2.091022698444447e-07,2.2e-07,3.226668180917045e-05,0.23359272846165643,3,bandpass
2.0558266041573418e-07,5.022766726580435e-07,1.9743911191428075e-07,2.2e-07,3.548824392190609e-05,0.3114538479377831,3,bandpass
1.7589020722044231e-07,7e-07,1.6813874295103034e-07,2.2e-07,3.226668180917045e-05,0.3949532898330714,3,bandpass
2.0558266041573418e-07,7e-07,1.6813874295103034e-07,2.2e-07,3.7542299074207356e-05,0.21185548225454218,3,bandpass
1.9422005111005846e-07,4.792773860206092e-07,2.3065772711264142e-07,2.2e-07,1.166880310559709e-05,0.25842100547863794,3,bandpass
1.1878800928463813e-07,3e-07,1.1124321373932243e-07,2.2e-07,3.611080742708134e-05,0.28963697426794344,3,bandpass
2.0558266041573418e-07,4.938288773722479e-07,2.3065772711264142e-07,2.2e-07,3.7542299074207356e-05,0.20903616650187545,3,bandpass
2.0750309342395033e-07,4.6332226626530703e-07,2.091022698444447e-07,2.2e-07,3.611080742708134e-05,0.3138135820732684,3,bandpass
2.082328361917757e-07,4.792773860206092e-07,2.2010474538913453e-07,2.2e-07,3.611080742708134e-05,0.2727850175798282,3,bandpass
2.0750309342395033e-07,4.6332226626530703e-07,2.091022698444447e-07,2.2e-07,2.904333546960613e-05,0.3004004081910084,3,bandpass
2.4997962540460846e-07,5.890784203453388e-07,2.2010474538913453e-07,2.2e-07,3.611080742708134e-05,0.299985115046774,3,bandpass
1.9422005111005846e-07,4.6332226626530703e-07,2.091022698444447e-07,2.2e-07,3.226668180917045e-05,0.2865028611862999,3,bandpass
2.0750309342395033e-07,4.6332226626530703e-07,2.091022698444447e-07,2.2e-07,1.8533252740336777e-05,0.28602360454308295,3,bandpass
1.7589020722044231e-07,7e-07,1.6813874295103034e-07,2.2e-07,3.7542299074207356e-05,0.3940734500395548,3,bandpass
2.0558266041573418e-07,7e-07,1.6813874295103034e-07,2.2e-07,3.7542299074207356e-05,0.21185548225454218,3,bandpass
2.0750309342395033e-07,4.6332226626530703e-07,2.0849632960899532e-07,2.2e-07,2.904333546960613e-05,0.29916438913681687,3,bandpass
1.0293680766948418e-07,7e-07,1.6813874295103034e-07,2.2e-07,3.7542299074207356e-05,0.2449828004346951,3,bandpass
2.0558266041573418e-07,3.2533276764962477e-07,2.3875954253066543e-07,2.2e-07,2.0005975089592697e-05,0.2650537013375764,3,bandpass
1.1878800928463813e-07,3e-07,1.1124321373932243e-07,2.2e-07,2.904333546960613e-05,0.2898111345654201,3,bandpass
2.3755625694389764e-07,3.4086022985004397e-07,1.3536880959762052e-07,2.2e-07,3.611080742708134e-05,0.2910039730121854,3,bandpass
1.1878800928463813e-07,3e-07,1.1124321373932243e-07,2.2e-07,2.6935250630458613e-05,0.2897572222366819,3,bandpass
2.0558266041573418e-07,3.068776247506161e-07,1.9743911191428075e-07,2.2e-07,3.7542299074207356e-05,0.2795701802793044,3,bandpass
2.0558266041573418e-07,5.022766726580435e-07,1.9743911191428075e-07,2.2e-07,3.226668180917045e-05,0.29999154125485433,3,bandpass
2.082328361917757e-07,5.022766726580435e-07,1.9743911191428075e-07,2.2e-07,3.548824392190609e-05,0.2997619731793324,3,bandpass
2.0750309342395033e-07,4.6332226626530703e-07,2.091022698444447e-07,2.2e-07,3.226668180917045e-05,0.32671909343088895,3,bandpass
1.7589020722044231e-07,7e-07,1.6813874295103034e-07,2.2e-07,3.7542299074207356e-05,0.3940734500395548,3,bandpass
1.9422005111005846e-07,4.792773860206092e-07,2.438959662388033e-07,2.2e-07,1.8533252740336777e-05,0.22055193921046085,3,bandpass
2.0558266041573418e-07,5.022766726580435e-07,2.3065772711264142e-07,2.2e-07,1.166880310559709e-05,0.19768399474499493,3,bandpass
1.7829473884182308e-07,6.289869389831489e-07,2.438959662388033e-07,2.2e-07,3.226668180917045e-05,0.2999050922614889,3,bandpass
2.4997962540460846e-07,5.890784203453388e-07,2.3065772711264142e-07,2.2e-07,3.226668180917045e-05,0.2999913960365713,3,bandpass
1.6716265578840743e-07,6.289869389831489e-07,2.438959662388033e-07,2.2e-07,3.226668180917045e-05,0.2986171737778214,3,bandpass
1.898245578733067e-07,5.022766726580435e-07,1.9743911191428075e-07,2.2e-07,1.8533252740336777e-05,0.24528352588435096,3,bandpass
1.1878800928463813e-07,3e-07,1.1124321373932243e-07,2.2e-07,3.611080742708134e-05,0.28963697426794344,3,bandpass
2.3755625694389764e-07,5.98311266272088e-07,1.6813874295103034e-07,2.2e-07,3.7542299074207356e-05,0.261592697025509,3,bandpass
2.0558266041573418e-07,4.227755598812293e-07,1.1124321373932243e-07,2.2e-07,3.7419061233671984e-05,0.2847448033343735,3,bandpass
1.7589020722044231e-07,7e-07,1.6813874295103034e-07,2.2e-07,3.226668180917045e-05,0.3949532898330714,4,bandpass
2.0750309342395033e-07,4.6332226626530703e-07,2.091022698444447e-07,2.2e-07,3.611080742708134e-05,0.3138135820732684,4,bandpass
2.0558266041573418e-07,7e-07,1.6813874295103034e-07,2.2e-07,3.7542299074207356e-05,0.21185548225454218,4,bandpass
2.4997962540460846e-07,5.890784203453388e-07,1.6813874295103034e-07,2.2e-07,3.7542299074207356e-05,0.255558554679749,4,bandpass
1.7829473884182308e-07,3e-07,1.1124321373932243e-07,2.2e-07,2.904333546960613e-05,0.2942960607705813,4,bandpass
1.7589020722044231e-07,7e-07,1.6813874295103034e-07,2.2e-07,3.7542299074207356e-05,0.3940734500395548,4,bandpass
2.0750309342395033e-07,4.6332226626530703e-07,2.091022698444447e-07,2.2e-07,1.8533252740336777e-05,0.28602360454308295,4,bandpass
1.7589020722044231e-07,3.428549476242845e-07,1e-07,2.2e-07,3.226668180917045e-05,0.29288477740793123,4,bandpass
2.0558266041573418e-07,5.022766726580435e-07,2.047204536743913e-07,2.2e-07,3.7542299074207356e-05,0.31721215260734226,4,bandpass
2.0558266041573418e-07,5.022766726580435e-07,1.9743911191428075e-07,2.2e-07,3.7542299074207356e-05,0.3123425951369129,4,bandpass
2.0750309342395033e-07,7e-07,1.6813874295103034e-07,2.2e-07,3.7542299074207356e-05,0.19883164530287945,4,bandpass
2.474005068043558e-07,7e-07,1.6813874295103034e-07,2.2e-07,3.015890557698714e-05,0.2120945079094047,4,bandpass
1.7589020722044231e-07,7e-07,1.741285604887524e-07,2.2e-07,3.226668180917045e-05,0.3033957331525113,4,bandpass
2.4997962540460846e-07,5.890784203453388e-07,2.2010474538913453e-07,2.2e-07,3.611080742708134e-05,0.299985115046774,4,bandpass
1.7589020722044231e-07,7e-07,1.9743911191428075e-07,2.2e-07,1.8533252740336777e-05,0.16796729305276575,4,bandpass
2.0558266041573418e-07,4.227755598812293e-07,1.1124321373932243e-07,2.2e-07,3.226668180917045e-05,0.2842675609680903,4,bandpass
2.0558266041573418e-07,5.022766726580435e-07,1.9743911191428075e-07,2.2e-07,3.7542299074207356e-05,0.3123425951369129,4,bandpass
1.7589020722044231e-07,7e-07,2.091022698444447e-07,2.2e-07,2.904333546960613e-05,0.17352534704333375,4,bandpass
2.4997962540460846e-07,4.6332226626530703e-07,2.0849632960899532e-07,2.2e-07,2.904333546960613e-05,0.268432954232738,4,bandpass
2.0750309342395033e-07,4.6332226626530703e-07,1.9743911191428075e-07,2.2e-07,3.7542299074207356e-05,0.2900096241108871,4,bandpass
1.7589020722044231e-07,7e-07,1.6813874295103034e-07,2.2e-07,3.611080742708134e-05,0.3334632659350438,4,bandpass
2.0750309342395033e-07,4.6332226626530703e-07,2.091022698444447e-07,2.2e-07,2.904333546960613e-05,0.3004004081910084,4,bandpass
2.474005068043558e-07,3.428549476242845e-07,1.6813874295103034e-07,2.2e-07,3.226668180917045e-05,0.2850867613039851,4,bandpass
1.7589020722044231e-07,7e-07,2.0849632960899532e-07,2.2e-07,2.904333546960613e-05,0.1625726302046329,4,bandpass
2.0750309342395033e-07,4.6332226626530703e-07,2.0849632960899532e-07,2.2e-07,3.226668180917045e-05,0.3075604208959001,4,bandpass
1.7589020722044231e-07,5.890784203453388e-07,2.3065772711264142e-07,2.2e-07,3.226668180917045e-05,0.17082972894826803,4,bandpass
1.7829473884182308e-07,6.289869389831489e-07,2.438959662388033e-07,2.2e-07,3.226668180917045e-05,0.2999050922614889,4,bandpass
1.2023770656945656e-07,4.6332226626530703e-07,2.091022698444447e-07,2.2e-07,3.7542299074207356e-05,0.24377647648051723,4,bandpass
2.474005068043558e-07,3.428549476242845e-07,1e-07,2.2e-07,3.7542299074207356e-05,0.2962275074897419,4,bandpass
2.0558266041573418e-07,5.022766726580435e-07,2.091022698444447e-07,2.2e-07,3.226668180917045e-05,0.29605063143106963,4,bandpass
2.0558266041573418e-07,5.022766726580435e-07,1.9743911191428075e-07,2.2e-07,3.611080742708134e-05,0.30009703534484733,4,bandpass
2.0750309342395033e-07,4.6332226626530703e-07,2.091022698444447e-07,2.2e-07,3.226668180917045e-05,0.32671909343088895,4,bandpass
2.0558266041573418e-07,6.490996947658021e-07,1.9743911191428075e-07,2.2e-07,3.611080742708134e-05,0.1841868247046064,4,bandpass
2.0558266041573418e-07,5.022766726580435e-07,1.9743911191428075e-07,2.2e-07,3.7542299074207356e-05,0.3123425951369129,4,bandpass
2.0750309342395033e-07,7e-07,1.6813874295103034e-07,2.2e-07,3.7542299074207356e-05,0.19883164530287945,4,bandpass
2.0750309342395033e-07,4.1817466667785996e-07,1.0081746817410667e-07,2.2e-07,3.226668180917045e-05,0.28540627205959335,4,bandpass
1.7589020722044231e-07,7e-07,2.091022698444447e-07,2.2e-07,3.611080742708134e-05,0.21909779658930506,4,bandpass
2.0750309342395033e-07,4.6332226626530703e-07,2.091022698444447e-07,2.2e-07,3.7542299074207356e-05,0.31567931699446844,4,bandpass
1.7589020722044231e-07,7e-07,1.9743911191428075e-07,2.2e-07,1.8533252740336777e-05,0.16796729305276575,4,bandpass
2.0750309342395033e-07,4.6332226626530703e-07,2.091022698444447e-07,2.2e-07,3.226668180917045e-05,0.32671909343088895,4,bandpass
1.7829473884182308e-07,6.289869389831489e-07,2.091022698444447e-07,2.2e-07,3.611080742708134e-05,0.17956407853535225,4,bandpass
1.7589020722044231e-07,7e-07,1.6813874295103034e-07,2.2e-07,3.611080742708134e-05,0.3334632659350438,4,bandpass
2.0558266041573418e-07,7e-07,1.6813874295103034e-07,2.2e-07,3.226668180917045e-05,0.2070940012546068,4,bandpass
2.0750309342395033e-07,4.6332226626530703e-07,2.091022698444447e-07,2.2e-07,3.226668180917045e-05,0.32671909343088895,4,bandpass
1.6716265578840743e-07,6.289869389831489e-07,1.6813874295103034e-07,2.2e-07,3.7542299074207356e-05,0.25883280371580625,4,bandpass
1.7589020722044231e-07,7e-07,1.7390298636230328e-07,2.2e-07,3.7542299074207356e-05,0.2727201369622121,4,bandpass
1.8016286703488825e-07,7e-07,2.091022698444447e-07,2.2e-07,3.611080742708134e-05,0.26747235833925515,4,bandpass
2.4997962540460846e-07,5.890784203453388e-07,1.6813874295103034e-07,2.2e-07,3.7542299074207356e-05,0.255558554679749,4,bandpass
2.0750309342395033e-07,4.6332226626530703e-07,2.091022698444447e-07,2.2e-07,3.611080742708134e-05,0.3138135820732684,4,bandpass
2.441302622777028e-07,3.428549476242845e-07,1e-07,2.2e-07,3.7542299074207356e-05,0.29610361404445523,4,bandpass
1.7589020722044231e-07,7e-07,1.6813874295103034e-07,2.2e-07,3.226668180917045e-05,0.3949532898330714,5,bandpass
2.0750309342395033e-07,4.6332226626530703e-07,2.091022698444447e-07,2.2e-07,3.226668180917045e-05,0.32671909343088895,5,bandpass
1.7589020722044231e-07,4.6332226626530703e-07,2.091022698444447e-07,2.2e-07,3.7542299074207356e-05,0.27788631387967244,5,bandpass
2.0750309342395033e-07,4.6332226626530703e-07,2.047204536743913e-07,2.2e-07,3.7903103017674035e-05,0.30383289820333853,5,bandpass
2.0615267598094715e-07,5.022766726580435e-07,2.047204536743913e-07,2.2e-07,3.7542299074207356e-05,0.31721215260734226,5,bandpass
2.0750309342395033e-07,4.6332226626530703e-07,2.091022698444447e-07,2.2e-07,3.226668180917045e-05,0.32671909343088895,5,bandpass
2.0750309342395033e-07,4.6332226626530703e-07,2.091022698444447e-07,2.2e-07,3.226668180917045e-05,0.32671909343088895,5,bandpass
2.0750309342395033e-07,4.6332226626530703e-07,1.736367718719591e-07,2.2e-07,3.226668180917045e-05,0.2562406670294362,5,bandpass
2.4997962540460846e-07,5.890784203453388e-07,2.2010474538913453e-07,2.2e-07,3.226668180917045e-05,0.2999878814847024,5,bandpass
1.7589020722044231e-07,7e-07,2.091022698444447e-07,2.2e-07,3.226668180917045e-05,0.1913984401527952,5,bandpass
2.4131269414466223e-07,7e-07,1.6813874295103034e-07,2.2e-07,3.226668180917045e-05,0.21603776111194942,5,bandpass
1.7589020722044231e-07,7e-07,2.091022698444447e-07,2.2e-07,3.226668180917045e-05,0.1913984401527952,5,bandpass
2.0558266041573418e-07,7e-07,1.6813874295103034e-07,2.2e-07,3.7542299074207356e-05,0.21185548225454218,5,bandpass
2.0750309342395033e-07,4.6332226626530703e-07,2.0849632960899532e-07,2.2e-07,3.611080742708134e-05,0.3059142297104516,5,bandpass
2.0558266041573418e-07,5.022766726580435e-07,2.047204536743913e-07,2.2e-07,3.226668180917045e-05,0.293739897479606,5,bandpass
2.0558266041573418e-07,5.022766726580435e-07,2.091022698444447e-07,2.2e-07,3.226668180917045e-05,0.29605063143106963,5,bandpass
1.7589020722044231e-07,7e-07,1.6813874295103034e-07,2.2e-07,3.226668180917045e-05,0.3949532898330714,5,bandpass
2.0750309342395033e-07,4.6332226626530703e-07,2.091022698444447e-07,2.2e-07,3.7542299074207356e-05,0.31567931699446844,5,bandpass
2.0750309342395033e-07,4.6332226626530703e-07,2.091022698444447e-07,2.2e-07,3.611080742708134e-05,0.3138135820732684,5,bandpass
2.0750309342395033e-07,4.6332226626530703e-07,2.091022698444447e-07,2.2e-07,3.611080742708134e-05,0.3138135820732684,5,bandpass
2.0558266041573418e-07,4.999804751628204e-07,2.047204536743913e-07,2.2e-07,3.226668180917045e-05,0.29592688522757093,5,bandpass
2.0558266041573418e-07,5.022766726580435e-07,2.047204536743913e-07,2.2e-07,3.7542299074207356e-05,0.31721215260734226,5,bandpass
2.0558266041573418e-07,5.022766726580435e-07,2.047204536743913e-07,2.2e-07,3.611080742708134e-05,0.32697833147215144,5,bandpass
1.7589020722044231e-07,7e-07,1.6813874295103034e-07,2.2e-07,3.7542299074207356e-05,0.3940734500395548,5,bandpass
1.7589020722044231e-07,7e-07,2.091022698444447e-07,2.2e-07,3.226668180917045e-05,0.1913984401527952,5,bandpass
1.7589020722044231e-07,7e-07,1.6813874295103034e-07,2.2e-07,3.226668180917045e-05,0.3949532898330714,5,bandpass
2.0750309342395033e-07,4.6332226626530703e-07,2.091022698444447e-07,2.2e-07,3.7542299074207356e-05,0.31567931699446844,5,bandpass
1.6716265578840743e-07,6.289869389831489e-07,1.6813874295103034e-07,2.2e-07,3.7542299074207356e-05,0.25883280371580625,5,bandpass
1.7589020722044231e-07,7e-07,1.745915186244592e-07,2.2e-07,3.7542299074207356e-05,0.2558245388644368,5,bandpass
1.7589020722044231e-07,5.022766726580435e-07,2.047204536743913e-07,2.2e-07,3.7542299074207356e-05,0.27689180397248825,5,bandpass
1.7589020722044231e-07,7e-07,1.6813874295103034e-07,2.2e-07,3.226668180917045e-05,0.3949532898330714,5,bandpass
1.7589020722044231e-07,7e-07,1.6813874295103034e-07,2.2e-07,3.7542299074207356e-05,0.3940734500395548,5,bandpass
2.4997962540460846e-07,4.6332226626530703e-07,2.0849632960899532e-07,2.2e-07,3.226668180917045e-05,0.2705531468379886,5,bandpass
1.271572018211955e-07,4.6332226626530703e-07,2.091022698444447e-07,2.2e-07,3.226668180917045e-05,0.23982436929313924,5,bandpass
1.7589020722044231e-07,7e-07,1.6697805736667503e-07,2.2e-07,3.7542299074207356e-05,0.32145742207015215,5,bandpass
2.0750309342395033e-07,4.6332226626530703e-07,2.091022698444447e-07,2.2e-07,3.226668180917045e-05,0.32671909343088895,5,bandpass
1.7589020722044231e-07,7e-07,1.6813874295103034e-07,2.2e-07,3.7542299074207356e-05,0.3940734500395548,5,bandpass
2.0558266041573418e-07,5.022766726580435e-07,2.047204536743913e-07,2.2e-07,3.226668180917045e-05,0.293739897479606,5,bandpass
2.0558266041573418e-07,5.022766726580435e-07,1.9743911191428075e-07,2.2e-07,3.226668180917045e-05,0.29999154125485433,5,bandpass
2.0558266041573418e-07,5.022766726580435e-07,1.9743911191428075e-07,2.2e-07,3.611080742708134e-05,0.30009703534484733,5,bandpass
1.7589020722044231e-07,7e-07,2.091022698444447e-07,2.2e-07,3.611080742708134e-05,0.21909779658930506,5,bandpass
2.0750309342395033e-07,4.6332226626530703e-07,2.091022698444447e-07,2.2e-07,3.611080742708134e-05,0.3138135820732684,5,bandpass
2.0750309342395033e-07,4.6332226626530703e-07,2.091022698444447e-07,2.2e-07,3.226668180917045e-05,0.32671909343088895,5,bandpass
1.7589020722044231e-07,6.816792880029783e-07,1.6813874295103034e-07,2.2e-07,3.611080742708134e-05,0.38499931904302304,5,bandpass
1.7589020722044231e-07,7e-07,1.6813874295103034e-07,2.2e-07,3.226668180917045e-05,0.3949532898330714,5,bandpass
2.2415767454018202e-07,4.6332226626530703e-07,2.091022698444447e-07,2.2e-07,3.7542299074207356e-05,0.31905777136014174,5,bandpass
2.441302622777028e-07,3.428549476242845e-07,2.091022698444447e-07,2.2e-07,3.226668180917045e-05,0.2767652740844885,5,bandpass
1.7589020722044231e-07,7e-07,1.6813874295103034e-07,2.2e-07,3.611080742708134e-05,0.3334632659350438,5,bandpass
2.0750309342395033e-07,4.6332226626530703e-07,2.091022698444447e-07,2.2e-07,3.226668180917045e-05,0.32671909343088895,5,bandpass
2.0750309342395033e-07,4.6332226626530703e-07,2.091022698444447e-07,2.2e-07,3.226668180917045e-05,0.32671909343088895,5,bandpass
1.7589020722044231e-07,7e-07,1.6813874295103034e-07,2.2e-07,3.226668180917045e-05,0.3949532898330714,6,bandpass
1.7589020722044231e-07,4.1569356313374115e-07,1.6813874295103034e-07,2.2e-07,3.226668180917045e-05,0.2567205960494887,6,bandpass
1.7589020722044231e-07,6.776997861743261e-07,1.6813874295103034e-07,2.2e-07,3.7542299074207356e-05,0.30268434488812107,6,bandpass
1.7589020722044231e-07,7e-07,1.6813874295103034e-07,2.2e-07,3.7542299074207356e-05,0.3940734500395548,6,bandpass
1.7589020722044231e-07,7e-07,1.6813874295103034e-07,2.2e-07,3.226668180917045e-05,0.3949532898330714,6,bandpass
1.7589020722044231e-07,7e-07,1.6813874295103034e-07,2.2e-07,3.226668180917045e-05,0.3949532898330714,6,bandpass
1.7589020722044231e-07,7e-07,1.6813874295103034e-07,2.2e-07,3.226668180917045e-05,0.3949532898330714,6,bandpass
1.7589020722044231e-07,7e-07,1.6813874295103034e-07,2.2e-07,3.7542299074207356e-05,0.3940734500395548,6,bandpass
1.7589020722044231e-07,6.816792880029783e-07,1.6813874295103034e-07,2.2e-07,3.7542299074207356e-05,0.37830910562462255,6,bandpass
2.0750309342395033e-07,4.6332226626530703e-07,2.091022698444447e-07,2.2e-07,3.7542299074207356e-05,0.31567931699446844,6,bandpass
1.7589020722044231e-07,7e-07,1.6813874295103034e-07,2.2e-07,3.611080742708134e-05,0.3334632659350438,6,bandpass
2.0750309342395033e-07,4.6332226626530703e-07,2.091022698444447e-07,2.2e-07,3.226668180917045e-05,0.32671909343088895,6,bandpass
1.7589020722044231e-07,7e-07,1.6813874295103034e-07,2.2e-07,3.226668180917045e-05,0.3949532898330714,6,bandpass
1.7589020722044231e-07,7e-07,1.6813874295103034e-07,2.2e-07,3.226668180917045e-05,0.3949532898330714,6,bandpass
1.7589020722044231e-07,7e-07,1.6813874295103034e-07,2.2e-07,3.7542299074207356e-05,0.3940734500395548,6,bandpass
1.7589020722044231e-07,7e-07,1.6813874295103034e-07,2.2e-07,3.7542299074207356e-05,0.3940734500395548,6,bandpass
2.0750309342395033e-07,4.6332226626530703e-07,2.091022698444447e-07,2.2e-07,3.226668180917045e-05,0.32671909343088895,6,bandpass
1.7589020722044231e-07,7e-07,1.6813874295103034e-07,2.2e-07,3.226668180917045e-05,0.3949532898330714,6,bandpass
1.7589020722044231e-07,7e-07,1.6813874295103034e-07,2.2e-07,3.611080742708134e-05,0.3334632659350438,6,bandpass
2.0750309342395033e-07,7e-07,1.6813874295103034e-07,2.2e-07,3.226668180917045e-05,0.19259404404846053,6,bandpass
1.7589020722044231e-07,7e-07,1.6813874295103034e-07,2.2e-07,3.611080742708134e-05,0.3334632659350438,6,bandpass
2.0750309342395033e-07,4.6332226626530703e-07,2.091022698444447e-07,2.2e-07,3.226668180917045e-05,0.32671909343088895,6,bandpass
1.7589020722044231e-07,7e-07,1.6813874295103034e-07,2.2e-07,3.7542299074207356e-05,0.3940734500395548,6,bandpass
1.7589020722044231e-07,7e-07,1.6813874295103034e-07,2.2e-07,3.226668180917045e-05,0.3949532898330714,6,bandpass
1.7589020722044231e-07,7e-07,1.6091613415640428e-07,2.2e-07,3.7542299074207356e-05,0.2620825755853636,6,bandpass
2.0750309342395033e-07,4.6332226626530703e-07,2.091022698444447e-07,2.2e-07,3.7542299074207356e-05,0.31567931699446844,6,bandpass
1.7589020722044231e-07,7e-07,1.6813874295103034e-07,2.2e-07,3.226668180917045e-05,0.3949532898330714,6,bandpass
2.0750309342395033e-07,4.6332226626530703e-07,2.091022698444447e-07,2.2e-07,3.226668180917045e-05,0.32671909343088895,6,bandpass
1.2726505341496954e-07,4.6332226626530703e-07,2.091022698444447e-07,2.2e-07,3.226668180917045e-05,0.23989788736219336,6,bandpass
1.7589020722044231e-07,7e-07,1.6813874295103034e-07,2.2e-07,3.611080742708134e-05,0.3334632659350438,6,bandpass
1.7589020722044231e-07,7e-07,1.6813874295103034e-07,2.2e-07,3.226668180917045e-05,0.3949532898330714,6,bandpass
2.0750309342395033e-07,4.6332226626530703e-07,2.091022698444447e-07,2.2e-07,3.226668180917045e-05,0.32671909343088895,6,bandpass
1.7589020722044231e-07,7e-07,1.6813874295103034e-07,2.2e-07,3.7542299074207356e-05,0.3940734500395548,6,bandpass
2.0558266041573418e-07,5.022766726580435e-07,2.047204536743913e-07,2.2e-07,3.226668180917045e-05,0.293739897479606,6,bandpass
1.7589020722044231e-07,7e-07,1.6813874295103034e-07,2.2e-07,3.7542299074207356e-05,0.3940734500395548,6,bandpass
1.7589020722044231e-07,5.456159269929973e-07,1.6813874295103034e-07,2.2e-07,3.226668180917045e-05,0.2423504518065311,6,bandpass
1.7589020722044231e-07,7e-07,1.6813874295103034e-07,2.2e-07,3.7542299074207356e-05,0.3940734500395548,6,bandpass
1.7589020722044231e-07,7e-07,1.6813874295103034e-07,2.2e-07,3.611080742708134e-05,0.3334632659350438,6,bandpass
1.7589020722044231e-07,7e-07,1.6813874295103034e-07,2.2e-07,3.226668180917045e-05,0.3949532898330714,6,bandpass
1.7589020722044231e-07,7e-07,2.091022698444447e-07,2.2e-07,3.226668180917045e-05,0.1913984401527952,6,bandpass
1.3144195364938925e-07,7e-07,1.6813874295103034e-07,2.2e-07,3.226668180917045e-05,0.15429947795348298,6,bandpass
1.7589020722044231e-07,7e-07,1.6813874295103034e-07,2.2e-07,3.226668180917045e-05,0.3949532898330714,6,bandpass
2.0750309342395033e-07,4.6332226626530703e-07,2.091022698444447e-07,2.2e-07,3.226668180917045e-05,0.32671909343088895,6,bandpass
2.0558266041573418e-07,5.022766726580435e-07,2.091022698444447e-07,2.2e-07,1.5238191854152562e-05,0.352221846981966,6,bandpass
1.7589020722044231e-07,7e-07,1.6813874295103034e-07,2.2e-07,3.226668180917045e-05,0.3949532898330714,6,bandpass
1.7589020722044231e-07,7e-07,1.6813874295103034e-07,2.2e-07,3.226668180917045e-05,0.3949532898330714,6,bandpass
1.7589020722044231e-07,7e-07,1.6813874295103034e-07,2.2e-07,3.226668180917045e-05,0.3949532898330714,6,bandpass
1.7589020722044231e-07,7e-07,1.6813874295103034e-07,2.2e-07,3.226668180917045e-05,0.3949532898330714,6,bandpass
2.0558266041573418e-07,5.022766726580435e-07,2.047204536743913e-07,2.2e-07,3.226668180917045e-05,0.293739897479606,6,bandpass
1.7589020722044231e-07,7e-07,1.6813874295103034e-07,2.2e-07,3.7542299074207356e-05,0.3940734500395548,6,bandpass
1.7589020722044231e-07,7e-07,1.6813874295103034e-07,2.2e-07,3.226668180917045e-05,0.3949532898330714,7,bandpass
1.7589020722044231e-07,5.541204257346271e-07,1.6813874295103034e-07,2.2e-07,3.226668180917045e-05,0.2624722480542811,7,bandpass
1.7589020722044231e-07,7e-07,1.6813874295103034e-07,2.2e-07,3.7542299074207356e-05,0.3940734500395548,7,bandpass
1.7589020722044231e-07,7e-07,1.6813874295103034e-07,2.2e-07,3.226668180917045e-05,0.3949532898330714,7,bandpass
1.7589020722044231e-07,7e-07,1.6813874295103034e-07,2.2e-07,3.226668180917045e-05,0.3949532898330714,7,bandpass
1.7589020722044231e-07,7e-07,1.6813874295103034e-07,2.2e-07,3.226668180917045e-05,0.3949532898330714,7,bandpass
1.7589020722044231e-07,7e-07,1.6813874295103034e-07,2.2e-07,3.226668180917045e-05,0.3949532898330714,7,bandpass
1.7589020722044231e-07,7e-07,1.6813874295103034e-07,2.2e-07,3.226668180917045e-05,0.3949532898330714,7,bandpass
1.7589020722044231e-07,7e-07,1.6813874295103034e-07,2.2e-07,3.226668180917045e-05,0.3949532898330714,7,bandpass
1.7589020722044231e-07,7e-07,1.6813874295103034e-07,2.2e-07,3.226668180917045e-05,0.3949532898330714,7,bandpass
1.7589020722044231e-07,7e-07,1.6813874295103034e-07,2.2e-07,3.226668180917045e-05,0.3949532898330714,7,bandpass
1.7589020722044231e-07,7e-07,1.6813874295103034e-07,2.2e-07,3.7542299074207356e-05,0.3940734500395548,7,bandpass
1.7589020722044231e-07,7e-07,1.6813874295103034e-07,2.2e-07,3.226668180917045e-05,0.3949532898330714,7,bandpass
1.7589020722044231e-07,7e-07,1.6813874295103034e-07,2.2e-07,3.7542299074207356e-05,0.3940734500395548,7,bandpass
1.7589020722044231e-07,7e-07,1.6813874295103034e-07,2.2e-07,3.226668180917045e-05,0.3949532898330714,7,bandpass
1.6903688051114597e-07,7e-07,1.6813874295103034e-07,2.2e-07,3.226668180917045e-05,0.2571372863220393,7,bandpass
1.7589020722044231e-07,7e-07,1.6813874295103034e-07,2.2e-07,3.226668180917045e-05,0.3949532898330714,7,bandpass
1.7589020722044231e-07,7e-07,1.6813874295103034e-07,2.2e-07,3.226668180917045e-05,0.3949532898330714,7,bandpass
1.7589020722044231e-07,7e-07,1.6813874295103034e-07,2.2e-07,7.073057057612282e-06,0.2120293505663804,7,bandpass
1.7589020722044231e-07,6.110326549029525e-07,1.6813874295103034e-07,2.2e-07,3.226668180917045e-05,0.26639866799685297,7,bandpass
1.7589020722044231e-07,7e-07,1.6813874295103034e-07,2.2e-07,3.226668180917045e-05,0.3949532898330714,7,bandpass
1.7589020722044231e-07,7e-07,1.6813874295103034e-07,2.2e-07,3.226668180917045e-05,0.3949532898330714,7,bandpass
1.7589020722044231e-07,7e-07,1.6813874295103034e-07,2.2e-07,3.226668180917045e-05,0.3949532898330714,7,bandpass
1.7589020722044231e-07,7e-07,1.6813874295103034e-07,2.2e-07,3.226668180917045e-05,0.3949532898330714,7,bandpass
1.7589020722044231e-07,5.022766726580435e-07,2.091022698444447e-07,2.2e-07,1.5238191854152562e-05,0.24111714757698838,7,bandpass
1.7589020722044231e-07,7e-07,1.6813874295103034e-07,2.2e-07,3.226668180917045e-05,0.3949532898330714,7,bandpass
1.7589020722044231e-07,7e-07,1.6813874295103034e-07,2.2e-07,3.226668180917045e-05,0.3949532898330714,7,bandpass
1.7589020722044231e-07,7e-07,1.6813874295103034e-07,2.2e-07,3.226668180917045e-05,0.3949532898330714,7,bandpass
1.7589020722044231e-07,7e-07,1.6813874295103034e-07,2.2e-07,3.226668180917045e-05,0.3949532898330714,7,bandpass
1.7589020722044231e-07,6.803788189963246e-07,1.6813874295103034e-07,2.2e-07,3.226668180917045e-05,0.3086043015077763,7,bandpass
1.8104584681558634e-07,7e-07,1.6813874295103034e-07,2.2e-07,3.226668180917045e-05,0.2872682195948298,7,bandpass
1.7589020722044231e-07,7e-07,1.7636437121886373e-07,2.2e-07,3.226668180917045e-05,0.24217808211966746,7,bandpass
1.7589020722044231e-07,7e-07,1.6813874295103034e-07,2.2e-07,3.226668180917045e-05,0.3949532898330714,7,bandpass
1.7589020722044231e-07,7e-07,1.6813874295103034e-07,2.2e-07,3.226668180917045e-05,0.3949532898330714,7,bandpass
1.7589020722044231e-07,7e-07,2.0493589419690413e-07,2.2e-07,3.226668180917045e-05,0.1518431067000121,7,bandpass
1.7589020722044231e-07,7e-07,1.6813874295103034e-07,2.2e-07,3.226668180917045e-05,0.3949532898330714,7,bandpass
1.7589020722044231e-07,7e-07,1.6813874295103034e-07,2.2e-07,3.226668180917045e-05,0.3949532898330714,7,bandpass
1.7589020722044231e-07,7e-07,1.6813874295103034e-07,2.2e-07,3.226668180917045e-05,0.3949532898330714,7,bandpass
1.7589020722044231e-07,7e-07,1.6813874295103034e-07,2.2e-07,3.226668180917045e-05,0.3949532898330714,7,bandpass
1.7589020722044231e-07,7e-07,1.6813874295103034e-07,2.2e-07,3.226668180917045e-05,0.3949532898330714,7,bandpass
1.7589020722044231e-07,7e-07,1.6813874295103034e-07,2.2e-07,3.226668180917045e-05,0.3949532898330714,7,bandpass
1.7589020722044231e-07,7e-07,1.6813874295103034e-07,2.2e-07,3.226668180917045e-05,0.3949532898330714,7,bandpass
1.7589020722044231e-07,7e-07,1.6813874295103034e-07,2.2e-07,3.226668180917045e-05,0.3949532898330714,7,bandpass
1.7589020722044231e-07,7e-07,1.6813874295103034e-07,2.2e-07,3.226668180917045e-05,0.3949532898330714,7,bandpass
1.7589020722044231e-07,7e-07,1.6813874295103034e-07,2.2e-07,3.226668180917045e-05,0.3949532898330714,7,bandpass
1.7589020722044231e-07,7e-07,1.6813874295103034e-07,2.2e-07,3.226668180917045e-05,0.3949532898330714,7,bandpass
1.7589020722044231e-07,7e-07,1.6813874295103034e-07,2.2e-07,3.226668180917045e-05,0.3949532898330714,7,bandpass
1.7589020722044231e-07,7e-07,1.6813874295103034e-07,2.2e-07,3.226668180917045e-05,0.3949532898330714,7,bandpass
1.7589020722044231e-07,7e-07,1.6813874295103034e-07,2.2e-07,3.226668180917045e-05,0.3949532898330714,7,bandpass
1.7589020722044231e-07,7e-07,1.6813874295103034e-07,2.2e-07,3.226668180917045e-05,0.3949532898330714,7,bandpass
1.7589020722044231e-07,7e-07,1.6813874295103034e-07,2.2e-07,3.226668180917045e-05,0.3949532898330714,8,bandpass
1.7589020722044231e-07,7e-07,1.6813874295103034e-07,2.2e-07,3.226668180917045e-05,0.3949532898330714,8,bandpass
1.7589020722044231e-07,7e-07,1.6813874295103034e-07,2.2e-07,3.226668180917045e-05,0.3949532898330714,8,bandpass
1.7589020722044231e-07,7e-07,1.6813874295103034e-07,2.2e-07,3.226668180917045e-05,0.3949532898330714,8,bandpass
1.7589020722044231e-07,7e-07,1.6813874295103034e-07,2.2e-07,3.226668180917045e-05,0.3949532898330714,8,bandpass
1.7589020722044231e-07,7e-07,1.6813874295103034e-07,2.2e-07,3.226668180917045e-05,0.3949532898330714,8,bandpass
1.7589020722044231e-07,7e-07,1.6813874295103034e-07,2.2e-07,3.226668180917045e-05,0.3949532898330714,8,bandpass
1.7589020722044231e-07,7e-07,1.6813874295103034e-07,2.2e-07,3.226668180917045e-05,0.3949532898330714,8,bandpass
1.7589020722044231e-07,7e-07,1.6813874295103034e-07,2.2e-07,3.226668180917045e-05,0.3949532898330714,8,bandpass
1.7589020722044231e-07,7e-07,1.6813874295103034e-07,2.2e-07,3.226668180917045e-05,0.3949532898330714,8,bandpass
1.7589020722044231e-07,7e-07,1.6813874295103034e-07,2.2e-07,3.226668180917045e-05,0.3949532898330714,8,bandpass
1.7589020722044231e-07,7e-07,1.6813874295103034e-07,2.2e-07,3.226668180917045e-05,0.3949532898330714,8,bandpass
1.7589020722044231e-07,7e-07,1.6813874295103034e-07,2.2e-07,4.80173520271655e-05,0.3330398240105797,8,bandpass
1.7589020722044231e-07,7e-07,1.6813874295103034e-07,2.2e-07,3.226668180917045e-05,0.3949532898330714,8,bandpass
1.7589020722044231e-07,7e-07,1.6813874295103034e-07,2.2e-07,3.226668180917045e-05,0.3949532898330714,8,bandpass
1.7589020722044231e-07,7e-07,1.6813874295103034e-07,2.2e-07,3.226668180917045e-05,0.3949532898330714,8,bandpass
1.7589020722044231e-07,7e-07,1.6813874295103034e-07,2.2e-07,3.226668180917045e-05,0.3949532898330714,8,bandpass
1.7589020722044231e-07,7e-07,1.6813874295103034e-07,2.2e-07,3.226668180917045e-05,0.3949532898330714,8,bandpass
1.7589020722044231e-07,7e-07,1.6813874295103034e-07,2.2e-07,3.226668180917045e-05,0.3949532898330714,8,bandpass
1.7589020722044231e-07,7e-07,1.6813874295103034e-07,2.2e-07,3.226668180917045e-05,0.3949532898330714,8,bandpass
1.7589020722044231e-07,7e-07,1.6813874295103034e-07,2.2e-07,3.226668180917045e-05,0.3949532898330714,8,bandpass
1.7589020722044231e-07,7e-07,1.6813874295103034e-07,2.2e-07,3.226668180917045e-05,0.3949532898330714,8,bandpass
1.7589020722044231e-07,7e-07,1.6813874295103034e-07,2.2e-07,3.226668180917045e-05,0.3949532898330714,8,bandpass
1.7589020722044231e-07,7e-07,1.7345173856238267e-07,2.2e-07,3.226668180917045e-05,0.2921122405385521,8,bandpass
1.7589020722044231e-07,7e-07,1.6813874295103034e-07,2.2e-07,3.226668180917045e-05,0.3949532898330714,8,bandpass
1.7589020722044231e-07,7e-07,1.6813874295103034e-07,2.2e-07,3.226668180917045e-05,0.3949532898330714,8,bandpass
1.7589020722044231e-07,7e-07,1.6813874295103034e-07,2.2e-07,3.226668180917045e-05,0.3949532898330714,8,bandpass
1.7589020722044231e-07,7e-07,1.6813874295103034e-07,2.2e-07,3.226668180917045e-05,0.3949532898330714,8,bandpass
1.7589020722044231e-07,7e-07,1.6813874295103034e-07,2.2e-07,3.226668180917045e-05,0.3949532898330714,8,bandpass
1.7589020722044231e-07,7e-07,1.6813874295103034e-07,2.2e-07,3.226668180917045e-05,0.3949532898330714,8,bandpass
1.7589020722044231e-07,7e-07,1.6813874295103034e-07,2.2e-07,3.226668180917045e-05,0.3949532898330714,8,bandpass
1.7589020722044231e-07,7e-07,1.6813874295103034e-07,2.2e-07,3.226668180917045e-05,0.3949532898330714,8,bandpass
1.7589020722044231e-07,7e-07,1.6813874295103034e-07,2.2e-07,3.226668180917045e-05,0.3949532898330714,8,bandpass
1.7589020722044231e-07,7e-07,1.6813874295103034e-07,2.2e-07,3.226668180917045e-05,0.3949532898330714,8,bandpass
1.7589020722044231e-07,7e-07,1.6813874295103034e-07,2.2e-07,3.226668180917045e-05,0.3949532898330714,8,bandpass
1.7589020722044231e-07,7e-07,1.6813874295103034e-07,2.2e-07,3.226668180917045e-05,0.3949532898330714,8,bandpass
1.7589020722044231e-07,7e-07,1.6813874295103034e-07,2.2e-07,3.226668180917045e-05,0.3949532898330714,8,bandpass
1.7589020722044231e-07,7e-07,1.6813874295103034e-07,2.2e-07,3.226668180917045e-05,0.3949532898330714,8,bandpass
1.7589020722044231e-07,7e-07,1.6813874295103034e-07,2.2e-07,3.226668180917045e-05,0.3949532898330714,8,bandpass
1.7589020722044231e-07,7e-07,1.6813874295103034e-07,2.2e-07,3.226668180917045e-05,0.3949532898330714,8,bandpass
1.7589020722044231e-07,7e-07,1.6813874295103034e-07,2.2e-07,3.226668180917045e-05,0.3949532898330714,8,bandpass
1.7589020722044231e-07,7e-07,1.6813874295103034e-07,2.2e-07,3.226668180917045e-05,0.3949532898330714,8,bandpass
1.7589020722044231e-07,7e-07,1.6813874295103034e-07,2.2e-07,3.226668180917045e-05,0.3949532898330714,8,bandpass
1.7589020722044231e-07,7e-07,1.6813874295103034e-07,2.2e-07,3.226668180917045e-05,0.3949532898330714,8,bandpass
1.7589020722044231e-07,7e-07,1.6813874295103034e-07,2.2e-07,3.226668180917045e-05,0.3949532898330714,8,bandpass
1.7589020722044231e-07,7e-07,1.6813874295103034e-07,2.2e-07,3.226668180917045e-05,0.3949532898330714,8,bandpass
1.7589020722044231e-07,7e-07,1.6813874295103034e-07,2.2e-07,3.226668180917045e-05,0.3949532898330714,8,bandpass
1.7589020722044231e-07,7e-07,1.6813874295103034e-07,2.2e-07,3.229121974137767e-05,0.3949532898330714,8,bandpass
1.7589020722044231e-07,7e-07,1.6813874295103034e-07,2.2e-07,3.226668180917045e-05,0.3949532898330714,8,bandpass
1.7589020722044231e-07,7e-07,1.6813874295103034e-07,2.2e-07,3.226668180917045e-05,0.3949532898330714,8,bandpass
1.7589020722044231e-07,7e-07,1.6813874295103034e-07,2.2e-07,3.226668180917045e-05,0.3949532898330714,9,bandpass
1.7589020722044231e-07,7e-07,1.6813874295103034e-07,2.2e-07,3.226668180917045e-05,0.3949532898330714,9,bandpass
1.7589020722044231e-07,7e-07,1.6813874295103034e-07,2.2e-07,3.226668180917045e-05,0.3949532898330714,9,bandpass
1.7589020722044231e-07,7e-07,1.6813874295103034e-07,2.2e-07,3.226668180917045e-05,0.3949532898330714,9,bandpass
1.7589020722044231e-07,7e-07,1.6813874295103034e-07,2.2e-07,3.226668180917045e-05,0.3949532898330714,9,bandpass
1.7589020722044231e-07,7e-07,1.6813874295103034e-07,2.2e-07,3.226668180917045e-05,0.3949532898330714,9,bandpass
1.7589020722044231e-07,7e-07,1.6813874295103034e-07,2.2e-07,3.226668180917045e-05,0.3949532898330714,9,bandpass
1.7589020722044231e-07,7e-07,1.6813874295103034e-07,2.2e-07,3.226668180917045e-05,0.3949532898330714,9,bandpass
1.7589020722044231e-07,7e-07,1.6813874295103034e-07,2.2e-07,2.4739751468052693e-05,0.3554384692518922,9,bandpass
1.7589020722044231e-07,7e-07,1.6813874295103034e-07,2.2e-07,3.226668180917045e-05,0.3949532898330714,9,bandpass
1.7589020722044231e-07,7e-07,1.6813874295103034e-07,2.2e-07,3.226668180917045e-05,0.3949532898330714,9,bandpass
1.7589020722044231e-07,7e-07,1.6813874295103034e-07,2.2e-07,3.226668180917045e-05,0.3949532898330714,9,bandpass
1.7589020722044231e-07,7e-07,1.6813874295103034e-07,2.2e-07,3.226668180917045e-05,0.3949532898330714,9,bandpass
1.7589020722044231e-07,7e-07,1.6813874295103034e-07,2.2e-07,3.226668180917045e-05,0.3949532898330714,9,bandpass
1.7589020722044231e-07,7e-07,1.6813874295103034e-07,2.2e-07,3.226668180917045e-05,0.3949532898330714,9,bandpass
1.7589020722044231e-07,7e-07,1.6813874295103034e-07,2.2e-07,3.226668180917045e-05,0.3949532898330714,9,bandpass
1.7589020722044231e-07,7e-07,1.6813874295103034e-07,2.2e-07,3.226668180917045e-05,0.3949532898330714,9,bandpass
1.7589020722044231e-07,7e-07,1.6813874295103034e-07,2.2e-07,3.226668180917045e-05,0.3949532898330714,9,bandpass
1.7589020722044231e-07,7e-07,1.6813874295103034e-07,2.2e-07,3.226668180917045e-05,0.3949532898330714,9,bandpass
1.7589020722044231e-07,7e-07,1.6813874295103034e-07,2.2e-07,3.226668180917045e-05,0.3949532898330714,9,bandpass
1.7589020722044231e-07,7e-07,1.6813874295103034e-07,2.2e-07,3.226668180917045e-05,0.3949532898330714,9,bandpass
1.8005948505926655e-07,7e-07,1.6813874295103034e-07,2.2e-07,3.226668180917045e-05,0.27374698403641773,9,bandpass
1.7589020722044231e-07,7e-07,1.6813874295103034e-07,2.2e-07,3.226668180917045e-05,0.3949532898330714,9,bandpass
1.7589020722044231e-07,7e-07,1.6813874295103034e-07,2.2e-07,3.226668180917045e-05,0.3949532898330714,9,bandpass
1.7589020722044231e-07,7e-07,1.6813874295103034e-07,2.2e-07,3.226668180917045e-05,0.3949532898330714,9,bandpass
1.7589020722044231e-07,7e-07,1.6813874295103034e-07,2.2e-07,3.226668180917045e-05,0.3949532898330714,9,bandpass
1.7589020722044231e-07,7e-07,1.6813874295103034e-07,2.2e-07,3.226668180917045e-05,0.3949532898330714,9,bandpass
1.7589020722044231e-07,7e-07,1.6813874295103034e-07,2.2e-07,3.226668180917045e-05,0.3949532898330714,9,bandpass
1.7589020722044231e-07,7e-07,1.701470590127209e-07,2.2e-07,3.226668180917045e-05,0.27870672452733475,9,bandpass
1.7589020722044231e-07,7e-07,1.6813874295103034e-07,2.2e-07,3.226668180917045e-05,0.3949532898330714,9,bandpass
1.7589020722044231e-07,7e-07,1.6813874295103034e-07,2.2e-07,3.226668180917045e-05,0.3949532898330714,9,bandpass
1.7589020722044231e-07,7e-07,1.6813874295103034e-07,2.2e-07,3.226668180917045e-05,0.3949532898330714,9,bandpass
1.7589020722044231e-07,7e-07,1.6813874295103034e-07,2.2e-07,3.226668180917045e-05,0.3949532898330714,9,bandpass
1.7589020722044231e-07,7e-07,1.6813874295103034e-07,2.2e-07,3.226668180917045e-05,0.3949532898330714,9,bandpass
1.7589020722044231e-07,7e-07,1.6813874295103034e-07,2.2e-07,3.226668180917045e-05,0.3949532898330714,9,bandpass
1.7589020722044231e-07,7e-07,2.2059900748465026e-07,2.2e-07,3.226668180917045e-05,0.2994080157154632,9,bandpass
1.7589020722044231e-07,7e-07,1.6813874295103034e-07,2.2e-07,3.226668180917045e-05,0.3949532898330714,9,bandpass
1.7589020722044231e-07,7e-07,1.6813874295103034e-07,2.2e-07,3.226668180917045e-05,0.3949532898330714,9,bandpass
1.7589020722044231e-07,7e-07,1.6813874295103034e-07,2.2e-07,3.01803274471413e-05,0.3547653038269836,9,bandpass
1.7589020722044231e-07,7e-07,1.6813874295103034e-07,2.2e-07,3.226668180917045e-05,0.3949532898330714,9,bandpass
1.7589020722044231e-07,7e-07,1.6813874295103034e-07,2.2e-07,3.2838634283668706e-05,0.2737785754306264,9,bandpass
1.7589020722044231e-07,7e-07,1.6813874295103034e-07,2.2e-07,3.226668180917045e-05,0.3949532898330714,9,bandpass
1.7589020722044231e-07,7e-07,1.6813874295103034e-07,2.2e-07,3.226668180917045e-05,0.3949532898330714,9,bandpass
1.7589020722044231e-07,7e-07,1.6813874295103034e-07,2.2e-07,3.226668180917045e-05,0.3949532898330714,9,bandpass
1.7589020722044231e-07,7e-07,1.6813874295103034e-07,2.2e-07,3.226668180917045e-05,0.3949532898330714,9,bandpass
1.7589020722044231e-07,7e-07,1.6813874295103034e-07,2.2e-07,3.235983547316793e-05,0.39496110754801617,9,bandpass
1.7589020722044231e-07,7e-07,1.6813874295103034e-07,2.2e-07,3.226668180917045e-05,0.3949532898330714,9,bandpass
1.7589020722044231e-07,7e-07,1.6813874295103034e-07,2.2e-07,3.226668180917045e-05,0.3949532898330714,9,bandpass
1.7589020722044231e-07,7e-07,1.6813874295103034e-07,2.2e-07,3.226668180917045e-05,0.3949532898330714,9,bandpass
1.7589020722044231e-07,7e-07,1.6813874295103034e-07,2.2e-07,3.226668180917045e-05,0.3949532898330714,9,bandpass
1.7589020722044231e-07,7e-07,1.6813874295103034e-07,2.2e-07,3.235983547316793e-05,0.39496110754801617,10,bandpass
1.7589020722044231e-07,7e-07,1.6813874295103034e-07,2.2e-07,3.226668180917045e-05,0.3949532898330714,10,bandpass
1.7589020722044231e-07,7e-07,1.6813874295103034e-07,2.2e-07,3.226668180917045e-05,0.3949532898330714,10,bandpass
1.7589020722044231e-07,7e-07,1.6813874295103034e-07,2.2e-07,3.226668180917045e-05,0.3949532898330714,10,bandpass
2.043453730506531e-07,7e-07,1.6813874295103034e-07,2.2e-07,3.226668180917045e-05,0.21364945617863468,10,bandpass
1.7589020722044231e-07,7e-07,1.6813874295103034e-07,2.2e-07,3.226668180917045e-05,0.3949532898330714,10,bandpass
1.7589020722044231e-07,7e-07,1.6813874295103034e-07,2.2e-07,3.235983547316793e-05,0.39496110754801617,10,bandpass
1.7589020722044231e-07,7e-07,1.6813874295103034e-07,2.2e-07,3.226668180917045e-05,0.3949532898330714,10,bandpass
1.7589020722044231e-07,7e-07,1.6813874295103034e-07,2.2e-07,3.226668180917045e-05,0.3949532898330714,10,bandpass
1.7589020722044231e-07,7e-07,1.6813874295103034e-07,2.2e-07,3.226668180917045e-05,0.3949532898330714,10,bandpass
1.7589020722044231e-07,7e-07,1.6813874295103034e-07,2.2e-07,3.226668180917045e-05,0.3949532898330714,10,bandpass
1.7589020722044231e-07,7e-07,1.6813874295103034e-07,2.2e-07,3.226668180917045e-05,0.3949532898330714,10,bandpass
1.7589020722044231e-07,7e-07,1.6813874295103034e-07,2.2e-07,3.226668180917045e-05,0.3949532898330714,10,bandpass
1.7139274508883338e-07,7e-07,1.6813874295103034e-07,2.2e-07,3.235983547316793e-05,0.33273781545834774,10,bandpass
1.7589020722044231e-07,7e-07,1.6813874295103034e-07,2.2e-07,3.226668180917045e-05,0.3949532898330714,10,bandpass
1.7589020722044231e-07,7e-07,1.6813874295103034e-07,2.2e-07,3.226668180917045e-05,0.3949532898330714,10,bandpass
1.7589020722044231e-07,7e-07,1.6813874295103034e-07,2.2e-07,3.235983547316793e-05,0.39496110754801617,10,bandpass
1.7589020722044231e-07,7e-07,1.6813874295103034e-07,2.2e-07,3.226668180917045e-05,0.3949532898330714,10,bandpass
1.7589020722044231e-07,7e-07,1.6813874295103034e-07,2.2e-07,3.226668180917045e-05,0.3949532898330714,10,bandpass
1.7589020722044231e-07,7e-07,1.6813874295103034e-07,2.2e-07,3.226668180917045e-05,0.3949532898330714,10,bandpass
1.7589020722044231e-07,7e-07,1.6813874295103034e-07,2.2e-07,3.226668180917045e-05,0.3949532898330714,10,bandpass
1.7589020722044231e-07,7e-07,1.6813874295103034e-07,2.2e-07,3.226668180917045e-05,0.3949532898330714,10,bandpass
1.7589020722044231e-07,7e-07,1.6813874295103034e-07,2.2e-07,3.226668180917045e-05,0.3949532898330714,10,bandpass
1.7589020722044231e-07,7e-07,1.6813874295103034e-07,2.2e-07,3.226668180917045e-05,0.3949532898330714,10,bandpass
1.7589020722044231e-07,7e-07,1.0607931332701963e-07,2.2e-07,3.235983547316793e-05,0.24909650419549678,10,bandpass
1.7589020722044231e-07,7e-07,1.7036135980301898e-07,2.2e-07,3.226668180917045e-05,0.2761047353909109,10,bandpass
1.7589020722044231e-07,7e-07,1.6813874295103034e-07,2.2e-07,3.226668180917045e-05,0.3949532898330714,10,bandpass
2.386736231809283e-07,7e-07,1.6813874295103034e-07,2.2e-07,3.226668180917045e-05,0.20851242375629025,10,bandpass
1.7589020722044231e-07,7e-07,1.6813874295103034e-07,2.2e-07,3.226668180917045e-05,0.3949532898330714,10,bandpass
1.7589020722044231e-07,5.69983015538909e-07,1.6813874295103034e-07,2.2e-07,3.226668180917045e-05,0.27205672419165794,10,bandpass
1.7589020722044231e-07,7e-07,1.6813874295103034e-07,2.2e-07,3.226668180917045e-05,0.3949532898330714,10,bandpass
1.7589020722044231e-07,7e-07,1.6813874295103034e-07,2.2e-07,3.226668180917045e-05,0.3949532898330714,10,bandpass
1.7589020722044231e-07,7e-07,1.6813874295103034e-07,2.2e-07,3.226668180917045e-05,0.3949532898330714,10,bandpass
1.7589020722044231e-07,7e-07,1.6813874295103034e-07,2.2e-07,3.226668180917045e-05,0.3949532898330714,10,bandpass
1.7589020722044231e-07,7e-07,1.6813874295103034e-07,2.2e-07,3.414862804215582e-05,0.2825093608521917,10,bandpass
1.7589020722044231e-07,7e-07,1.6813874295103034e-07,2.2e-07,3.226668180917045e-05,0.3949532898330714,10,bandpass
1.7589020722044231e-07,7e-07,1.6813874295103034e-07,2.2e-07,3.07391331458077e-05,0.32746714979413977,10,bandpass
1.7589020722044231e-07,7e-07,1.6813874295103034e-07,2.2e-07,3.226668180917045e-05,0.3949532898330714,10,bandpass
1.7589020722044231e-07,7e-07,1.6813874295103034e-07,2.2e-07,3.226668180917045e-05,0.3949532898330714,10,bandpass
1.7589020722044231e-07,7e-07,1.6813874295103034e-07,2.2e-07,3.226668180917045e-05,0.3949532898330714,10,bandpass
1.7589020722044231e-07,7e-07,1.6813874295103034e-07,2.2e-07,3.226668180917045e-05,0.3949532898330714,10,bandpass
1.7589020722044231e-07,7e-07,1.6813874295103034e-07,2.2e-07,3.235983547316793e-05,0.39496110754801617,10,bandpass
1.7589020722044231e-07,7e-07,2.0906678792743305e-07,2.2e-07,3.226668180917045e-05,0.1907993527401179,10,bandpass
1.255930460482949e-07,7e-07,1.6813874295103034e-07,2.2e-07,3.235983547316793e-05,0.20925485987462017,10,bandpass
1.7589020722044231e-07,7e-07,1.6813874295103034e-07,2.2e-07,3.226668180917045e-05,0.3949532898330714,10,bandpass
1.7589020722044231e-07,7e-07,1.6813874295103034e-07,2.2e-07,3.226668180917045e-05,0.3949532898330714,10,bandpass
1.7589020722044231e-07,7e-07,1.6813874295103034e-07,2.2e-07,3.226668180917045e-05,0.3949532898330714,10,bandpass
1.7589020722044231e-07,7e-07,1.6813874295103034e-07,2.2e-07,3.226668180917045e-05,0.3949532898330714,10,bandpass
1.7589020722044231e-07,7e-07,1.6813874295103034e-07,2.2e-07,3.226668180917045e-05,0.3949532898330714,10,bandpass
1.7589020722044231e-07,7e-07,1.6813874295103034e-07,2.2e-07,3.226668180917045e-05,0.3949532898330714,10,bandpass
1.7589020722044231e-07,7e-07,1.6813874295103034e-07,2.2e-07,3.235983547316793e-05,0.39496110754801617,11,bandpass
1.7589020722044231e-07,7e-07,1.6813874295103034e-07,2.2e-07,3.235983547316793e-05,0.39496110754801617,11,bandpass
1.7589020722044231e-07,7e-07,1.6813874295103034e-07,2.2e-07,3.226668180917045e-05,0.3949532898330714,11,bandpass
1.7589020722044231e-07,7e-07,1.6813874295103034e-07,2.2e-07,3.235983547316793e-05,0.39496110754801617,11,bandpass
1.7589020722044231e-07,6.935383946922863e-07,1.6813874295103034e-07,2.2e-07,3.226668180917045e-05,0.3043636350916995,11,bandpass
1.7589020722044231e-07,7e-07,1.6813874295103034e-07,2.2e-07,3.226668180917045e-05,0.3949532898330714,11,bandpass
1.7589020722044231e-07,7e-07,1.6813874295103034e-07,2.2e-07,3.226668180917045e-05,0.3949532898330714,11,bandpass
1.7589020722044231e-07,7e-07,1.6813874295103034e-07,2.2e-07,3.226668180917045e-05,0.3949532898330714,11,bandpass
1.7589020722044231e-07,7e-07,1.6813874295103034e-07,2.2e-07,3.226668180917045e-05,0.3949532898330714,11,bandpass
1.7589020722044231e-07,7e-07,1.6813874295103034e-07,2.2e-07,3.226668180917045e-05,0.3949532898330714,11,bandpass
1.7589020722044231e-07,7e-07,1.6813874295103034e-07,2.2e-07,3.226668180917045e-05,0.3949532898330714,11,bandpass
1.7589020722044231e-07,7e-07,1.6813874295103034e-07,2.2e-07,3.235983547316793e-05,0.39496110754801617,11,bandpass
1.7589020722044231e-07,7e-07,1.6813874295103034e-07,2.2e-07,2.8298499962407048e-05,0.26904001146372536,11,bandpass
1.7589020722044231e-07,7e-07,1.6813874295103034e-07,2.2e-07,3.226668180917045e-05,0.3949532898330714,11,bandpass
1.7589020722044231e-07,7e-07,1.6813874295103034e-07,2.2e-07,3.226668180917045e-05,0.3949532898330714,11,bandpass
1.7589020722044231e-07,7e-07,1.6813874295103034e-07,2.2e-07,3.226668180917045e-05,0.3949532898330714,11,bandpass
1.7589020722044231e-07,7e-07,1.6813874295103034e-07,2.2e-07,3.226668180917045e-05,0.3949532898330714,11,bandpass
1.7589020722044231e-07,7e-07,1.6813874295103034e-07,2.2e-07,3.235983547316793e-05,0.39496110754801617,11,bandpass
1.7589020722044231e-07,7e-07,1.6813874295103034e-07,2.2e-07,3.235983547316793e-05,0.39496110754801617,11,bandpass
1.7589020722044231e-07,7e-07,1.6813874295103034e-07,2.2e-07,3.226668180917045e-05,0.3949532898330714,11,bandpass
1.7589020722044231e-07,7e-07,1.6813874295103034e-07,2.2e-07,3.226668180917045e-05,0.3949532898330714,11,bandpass
1.7589020722044231e-07,7e-07,1.6813874295103034e-07,2.2e-07,3.226668180917045e-05,0.3949532898330714,11,bandpass
1.7589020722044231e-07,7e-07,1.6813874295103034e-07,2.2e-07,3.226668180917045e-05,0.3949532898330714,11,bandpass
1.7589020722044231e-07,7e-07,1.6813874295103034e-07,2.2e-07,3.226668180917045e-05,0.3949532898330714,11,bandpass
1.7589020722044231e-07,7e-07,1.6813874295103034e-07,2.2e-07,3.226668180917045e-05,0.3949532898330714,11,bandpass
1.7589020722044231e-07,7e-07,1.6813874295103034e-07,2.2e-07,3.226668180917045e-05,0.3949532898330714,11,bandpass
1.7589020722044231e-07,7e-07,1.6813874295103034e-07,2.2e-07,3.226668180917045e-05,0.3949532898330714,11,bandpass
1.7589020722044231e-07,7e-07,1.6813874295103034e-07,2.2e-07,3.226668180917045e-05,0.3949532898330714,11,bandpass
1.7589020722044231e-07,7e-07,1.6813874295103034e-07,2.2e-07,3.226668180917045e-05,0.3949532898330714,11,bandpass
1.7589020722044231e-07,7e-07,1.6813874295103034e-07,2.2e-07,3.235983547316793e-05,0.39496110754801617,11,bandpass
1.7589020722044231e-07,7e-07,1.6813874295103034e-07,2.2e-07,3.226668180917045e-05,0.3949532898330714,11,bandpass
1.7589020722044231e-07,7e-07,1.6813874295103034e-07,2.2e-07,3.226668180917045e-05,0.3949532898330714,11,bandpass
1.7589020722044231e-07,7e-07,1.6813874295103034e-07,2.2e-07,8.472590426391842e-06,0.25945166317844626,11,bandpass
1.7589020722044231e-07,7e-07,1.6813874295103034e-07,2.2e-07,3.226668180917045e-05,0.3949532898330714,11,bandpass
1.7589020722044231e-07,7e-07,1.6813874295103034e-07,2.2e-07,3.226668180917045e-05,0.3949532898330714,11,bandpass
1.7589020722044231e-07,7e-07,1.6813874295103034e-07,2.2e-07,3.235983547316793e-05,0.39496110754801617,11,bandpass
1.7589020722044231e-07,7e-07,1.6813874295103034e-07,2.2e-07,3.226668180917045e-05,0.3949532898330714,11,bandpass
1.7589020722044231e-07,7e-07,1.6813874295103034e-07,2.2e-07,3.226668180917045e-05,0.3949532898330714,11,bandpass
1.7589020722044231e-07,7e-07,1.6813874295103034e-07,2.2e-07,3.226668180917045e-05,0.3949532898330714,11,bandpass
1.7589020722044231e-07,7e-07,1.6813874295103034e-07,2.2e-07,3.226668180917045e-05,0.3949532898330714,11,bandpass
1.7589020722044231e-07,7e-07,1.6813874295103034e-07,2.2e-07,3.226668180917045e-05,0.3949532898330714,11,bandpass
1.7589020722044231e-07,7e-07,1.6813874295103034e-07,2.2e-07,3.235983547316793e-05,0.39496110754801617,11,bandpass
1.7589020722044231e-07,7e-07,1.6813874295103034e-07,2.2e-07,3.226668180917045e-05,0.3949532898330714,11,bandpass
1.7589020722044231e-07,7e-07,1.6813874295103034e-07,2.2e-07,3.235983547316793e-05,0.39496110754801617,11,bandpass
1.7589020722044231e-07,7e-07,1.6813874295103034e-07,2.2e-07,3.235983547316793e-05,0.39496110754801617,11,bandpass
1.7589020722044231e-07,7e-07,1.6813874295103034e-07,2.2e-07,3.226668180917045e-05,0.3949532898330714,11,bandpass
1.7589020722044231e-07,7e-07,1.6813874295103034e-07,2.2e-07,3.235983547316793e-05,0.39496110754801617,11,bandpass
1.7589020722044231e-07,7e-07,1.6813874295103034e-07,2.2e-07,3.226668180917045e-05,0.3949532898330714,11,bandpass
1.7589020722044231e-07,4.792489937019376e-07,1.6813874295103034e-07,2.2e-07,3.226668180917045e-05,0.275084927697936,11,bandpass
1.7589020722044231e-07,7e-07,1.6813874295103034e-07,2.2e-07,3.235983547316793e-05,0.39496110754801617,11,bandpass
1.7589020722044231e-07,7e-07,1.6813874295103034e-07,2.2e-07,3.235983547316793e-05,0.39496110754801617,12,bandpass
1.7589020722044231e-07,7e-07,1.6813874295103034e-07,2.2e-07,3.235983547316793e-05,0.39496110754801617,12,bandpass
1.7589020722044231e-07,7e-07,1.6813874295103034e-07,2.2e-07,3.235983547316793e-05,0.39496110754801617,12,bandpass
1.7589020722044231e-07,7e-07,1.6813874295103034e-07,2.2e-07,3.235983547316793e-05,0.39496110754801617,12,bandpass
1.7589020722044231e-07,7e-07,1.6813874295103034e-07,2.2e-07,3.235983547316793e-05,0.39496110754801617,12,bandpass
1.7589020722044231e-07,7e-07,1.6813874295103034e-07,2.2e-07,3.235983547316793e-05,0.39496110754801617,12,bandpass
1.7589020722044231e-07,7e-07,1.6813874295103034e-07,2.2e-07,3.226668180917045e-05,0.3949532898330714,12,bandpass
1.7589020722044231e-07,7e-07,1.6813874295103034e-07,2.2e-07,3.235983547316793e-05,0.39496110754801617,12,bandpass
1.7588330639964268e-07,7e-07,1.6813874295103034e-07,2.2e-07,3.235983547316793e-05,0.39496110754801617,12,bandpass
1.7589020722044231e-07,7e-07,1.6813874295103034e-07,2.2e-07,3.235983547316793e-05,0.39496110754801617,12,bandpass
2.1303139162574915e-07,7e-07,1.6813874295103034e-07,2.2e-07,3.235983547316793e-05,0.16035995426598823,12,bandpass
1.7589020722044231e-07,7e-07,1.6813874295103034e-07,2.2e-07,3.235983547316793e-05,0.39496110754801617,12,bandpass
1.7589020722044231e-07,7e-07,1.6813874295103034e-07,2.2e-07,3.235983547316793e-05,0.39496110754801617,12,bandpass
1.7589020722044231e-07,7e-07,1.6813874295103034e-07,2.2e-07,3.235983547316793e-05,0.39496110754801617,12,bandpass
1.7589020722044231e-07,7e-07,1.6813874295103034e-07,2.2e-07,3.235983547316793e-05,0.39496110754801617,12,bandpass
1.7589020722044231e-07,7e-07,1.6813874295103034e-07,2.2e-07,3.235983547316793e-05,0.39496110754801617,12,bandpass
1.7589020722044231e-07,7e-07,1.6813874295103034e-07,2.2e-07,3.235983547316793e-05,0.39496110754801617,12,bandpass
1.7589020722044231e-07,7e-07,1.6813874295103034e-07,2.2e-07,3.235983547316793e-05,0.39496110754801617,12,bandpass
1.7589020722044231e-07,7e-07,1.6813874295103034e-07,2.2e-07,3.226668180917045e-05,0.3949532898330714,12,bandpass
1.7589020722044231e-07,7e-07,1.6813874295103034e-07,2.2e-07,3.235983547316793e-05,0.39496110754801617,12,bandpass
1.7589020722044231e-07,7e-07,1.6813874295103034e-07,2.2e-07,3.235983547316793e-05,0.39496110754801617,12,bandpass
1.7589020722044231e-07,7e-07,1.6813874295103034e-07,2.2e-07,3.235983547316793e-05,0.39496110754801617,12,bandpass
1.7589020722044231e-07,7e-07,1.6813874295103034e-07,2.2e-07,3.226668180917045e-05,0.3949532898330714,12,bandpass
1.7589020722044231e-07,7e-07,1.6813874295103034e-07,2.2e-07,5.474028733391909e-06,0.2460910388888096,12,bandpass
1.7589020722044231e-07,7e-07,1.6813874295103034e-07,2.2e-07,3.235983547316793e-05,0.39496110754801617,12,bandpass
1.7589020722044231e-07,7e-07,1.6813874295103034e-07,2.2e-07,3.235983547316793e-05,0.39496110754801617,12,bandpass
1.7589020722044231e-07,7e-07,1.6813874295103034e-07,2.2e-07,3.226668180917045e-05,0.3949532898330714,12,bandpass
1.7589020722044231e-07,7e-07,1.6813874295103034e-07,2.2e-07,3.235983547316793e-05,0.39496110754801617,12,bandpass
1.7589020722044231e-07,7e-07,1.6813874295103034e-07,2.2e-07,3.235983547316793e-05,0.39496110754801617,12,bandpass
1.7589020722044231e-07,7e-07,1.6813874295103034e-07,2.2e-07,3.235983547316793e-05,0.39496110754801617,12,bandpass
1.7589020722044231e-07,7e-07,1.6813874295103034e-07,2.2e-07,3.235983547316793e-05,0.39496110754801617,12,bandpass
1.7589020722044231e-07,7e-07,1.6813874295103034e-07,2.2e-07,3.235983547316793e-05,0.39496110754801617,12,bandpass
1.7589020722044231e-07,7e-07,1.6813874295103034e-07,2.2e-07,3.235983547316793e-05,0.39496110754801617,12,bandpass
1.7589020722044231e-07,7e-07,1.6813874295103034e-07,2.2e-07,3.235983547316793e-05,0.39496110754801617,12,bandpass
1.7589020722044231e-07,7e-07,1.6813874295103034e-07,2.2e-07,3.099095126559024e-05,0.32985729947857223,12,bandpass
1.9807435074701273e-07,7e-07,1.6813874295103034e-07,2.2e-07,3.235983547316793e-05,0.24470894398808513,12,bandpass
1.7589020722044231e-07,7e-07,2.3031060992945522e-07,2.2e-07,3.235983547316793e-05,0.29997174997319503,12,bandpass
1.0659202202560573e-07,7e-07,1.6813874295103034e-07,2.2e-07,3.235983547316793e-05,0.180234584463378,12,bandpass
1.7589020722044231e-07,7e-07,1.6813874295103034e-07,2.2e-07,3.235983547316793e-05,0.39496110754801617,12,bandpass
1.7589020722044231e-07,7e-07,1.6813874295103034e-07,2.2e-07,3.235983547316793e-05,0.39496110754801617,12,bandpass
1.7930511690556324e-07,7e-07,1.6813874295103034e-07,2.2e-07,3.235983547316793e-05,0.28603241044962074,12,bandpass
1.7589020722044231e-07,7e-07,1.6813874295103034e-07,2.2e-07,3.235983547316793e-05,0.39496110754801617,12,bandpass
1.7589020722044231e-07,7e-07,1.6813874295103034e-07,2.2e-07,3.235983547316793e-05,0.39496110754801617,12,bandpass
1.7589020722044231e-07,7e-07,1.6813874295103034e-07,2.2e-07,3.226668180917045e-05,0.3949532898330714,12,bandpass
1.7589020722044231e-07,7e-07,1.6813874295103034e-07,2.2e-07,3.235983547316793e-05,0.39496110754801617,12,bandpass
1.7589020722044231e-07,7e-07,1.6813874295103034e-07,2.2e-07,3.235983547316793e-05,0.39496110754801617,12,bandpass
1.7589020722044231e-07,7e-07,1.6813874295103034e-07,2.2e-07,3.235983547316793e-05,0.39496110754801617,12,bandpass
1.7052402835410228e-07,7e-07,1.6813874295103034e-07,2.2e-07,3.226668180917045e-05,0.26858311459459683,12,bandpass
1.7589020722044231e-07,7e-07,1.6813874295103034e-07,2.2e-07,3.235983547316793e-05,0.39496110754801617,12,bandpass
1.7589020722044231e-07,7e-07,1.6813874295103034e-07,2.2e-07,3.235983547316793e-05,0.39496110754801617,12,bandpass
1.7589020722044231e-07,7e-07,1.6813874295103034e-07,2.2e-07,3.235983547316793e-05,0.39496110754801617,13,bandpass
1.4217003984717805e-07,7e-07,1.6813874295103034e-07,2.2e-07,3.235983547316793e-05,0.25490986464288057,13,bandpass
1.7588330639964268e-07,7e-07,1.6813874295103034e-07,2.2e-07,3.235983547316793e-05,0.39496110754801617,13,bandpass
1.7589020722044231e-07,7e-07,1.6311325320745627e-07,2.2e-07,3.235983547316793e-05,0.27889210317424556,13,bandpass
1.7589020722044231e-07,7e-07,1.6813874295103034e-07,2.2e-07,3.235983547316793e-05,0.39496110754801617,13,bandpass
1.7589020722044231e-07,7e-07,1.6813874295103034e-07,2.2e-07,3.235983547316793e-05,0.39496110754801617,13,bandpass
1.7589020722044231e-07,7e-07,1.6813874295103034e-07,2.2e-07,3.235983547316793e-05,0.39496110754801617,13,bandpass
1.7589020722044231e-07,7e-07,1.6813874295103034e-07,2.2e-07,3.235983547316793e-05,0.39496110754801617,13,bandpass
1.7589020722044231e-07,7e-07,1.6813874295103034e-07,2.2e-07,3.235983547316793e-05,0.39496110754801617,13,bandpass
1.7589020722044231e-07,7e-07,1.6813874295103034e-07,2.2e-07,3.235983547316793e-05,0.39496110754801617,13,bandpass
1.7588330639964268e-07,7e-07,1.6813874295103034e-07,2.2e-07,3.235983547316793e-05,0.39496110754801617,13,bandpass
1.7589020722044231e-07,7e-07,1.6813874295103034e-07,2.2e-07,3.235983547316793e-05,0.39496110754801617,13,bandpass
1.7589020722044231e-07,7e-07,1.6813874295103034e-07,2.2e-07,3.235983547316793e-05,0.39496110754801617,13,bandpass
1.7589020722044231e-07,7e-07,1.6813874295103034e-07,2.2e-07,3.235983547316793e-05,0.39496110754801617,13,bandpass
1.7589020722044231e-07,7e-07,1.6813874295103034e-07,2.2e-07,3.235983547316793e-05,0.39496110754801617,13,bandpass
1.7589020722044231e-07,7e-07,1.6813874295103034e-07,2.2e-07,3.235983547316793e-05,0.39496110754801617,13,bandpass
1.7589020722044231e-07,7e-07,1.6813874295103034e-07,2.2e-07,3.235983547316793e-05,0.39496110754801617,13,bandpass
1.7589020722044231e-07,7e-07,1.6813874295103034e-07,2.2e-07,3.235983547316793e-05,0.39496110754801617,13,bandpass
2.3264792825859597e-07,7e-07,1.6813874295103034e-07,2.2e-07,3.235983547316793e-05,0.19233839903796945,13,bandpass
1.7589020722044231e-07,7e-07,1.6813874295103034e-07,2.2e-07,3.235983547316793e-05,0.39496110754801617,13,bandpass
1.7589020722044231e-07,7e-07,1.6813874295103034e-07,2.2e-07,3.235983547316793e-05,0.39496110754801617,13,bandpass
1.7589020722044231e-07,7e-07,1.6813874295103034e-07,2.2e-07,4.064547244630701e-05,0.28706642199596105,13,bandpass
1.7589020722044231e-07,7e-07,1.6813874295103034e-07,2.2e-07,3.235983547316793e-05,0.39496110754801617,13,bandpass
1.7589020722044231e-07,7e-07,1.6813874295103034e-07,2.2e-07,3.235983547316793e-05,0.39496110754801617,13,bandpass
1.7589020722044231e-07,7e-07,1.6813874295103034e-07,2.2e-07,3.235983547316793e-05,0.39496110754801617,13,bandpass
1.7589020722044231e-07,7e-07,1.6813874295103034e-07,2.2e-07,3.235983547316793e-05,0.39496110754801617,13,bandpass
1.7589020722044231e-07,7e-07,1.6813874295103034e-07,2.2e-07,3.235983547316793e-05,0.39496110754801617,13,bandpass
1.7589020722044231e-07,7e-07,1.6813874295103034e-07,2.2e-07,3.235983547316793e-05,0.39496110754801617,13,bandpass
1.7589020722044231e-07,7e-07,1.6813874295103034e-07,2.2e-07,3.235983547316793e-05,0.39496110754801617,13,bandpass
1.7589020722044231e-07,7e-07,1.6813874295103034e-07,2.2e-07,3.235983547316793e-05,0.39496110754801617,13,bandpass
1.7589020722044231e-07,7e-07,1.6813874295103034e-07,2.2e-07,3.235983547316793e-05,0.39496110754801617,13,bandpass
1.7589020722044231e-07,7e-07,1.6835951438186605e-07,2.2e-07,3.235983547316793e-05,0.39496110754801617,13,bandpass
1.7589020722044231e-07,7e-07,1.6813874295103034e-07,2.2e-07,3.235983547316793e-05,0.39496110754801617,13,bandpass
1.7589020722044231e-07,7e-07,1.6813874295103034e-07,2.2e-07,3.235983547316793e-05,0.39496110754801617,13,bandpass
1.7589020722044231e-07,7e-07,1.6813874295103034e-07,2.2e-07,3.235983547316793e-05,0.39496110754801617,13,bandpass
1.7589020722044231e-07,7e-07,1.6813874295103034e-07,2.2e-07,3.235983547316793e-05,0.39496110754801617,13,bandpass
1.7589020722044231e-07,7e-07,1.6813874295103034e-07,2.2e-07,3.235983547316793e-05,0.39496110754801617,13,bandpass
1.7589020722044231e-07,7e-07,1.6813874295103034e-07,2.2e-07,3.235983547316793e-05,0.39496110754801617,13,bandpass
1.7589020722044231e-07,7e-07,1.6813874295103034e-07,2.2e-07,3.235983547316793e-05,0.39496110754801617,13,bandpass
1.7589020722044231e-07,7e-07,1.6813874295103034e-07,2.2e-07,3.235983547316793e-05,0.39496110754801617,13,bandpass
1.7589020722044231e-07,7e-07,1.6813874295103034e-07,2.2e-07,3.235983547316793e-05,0.39496110754801617,13,bandpass
1.7589020722044231e-07,7e-07,1.6813874295103034e-07,2.2e-07,3.235983547316793e-05,0.39496110754801617,13,bandpass
1.7589020722044231e-07,7e-07,1.6813874295103034e-07,2.2e-07,3.235983547316793e-05,0.39496110754801617,13,bandpass
1.7589020722044231e-07,7e-07,1.6813874295103034e-07,2.2e-07,3.235983547316793e-05,0.39496110754801617,13,bandpass
1.7589020722044231e-07,7e-07,1.6813874295103034e-07,2.2e-07,3.235983547316793e-05,0.39496110754801617,13,bandpass
1.7589020722044231e-07,7e-07,1.6813874295103034e-07,2.2e-07,3.235983547316793e-05,0.39496110754801617,13,bandpass
1.7589020722044231e-07,7e-07,1.6813874295103034e-07,2.2e-07,3.235983547316793e-05,0.39496110754801617,13,bandpass
1.7589020722044231e-07,7e-07,1.6813874295103034e-07,2.2e-07,3.235983547316793e-05,0.39496110754801617,13,bandpass
1.7589020722044231e-07,7e-07,1.6813874295103034e-07,2.2e-07,3.235983547316793e-05,0.39496110754801617,13,bandpass
1.7589020722044231e-07,7e-07,1.6813874295103034e-07,2.2e-07,3.235983547316793e-05,0.39496110754801617,13,bandpass
1.7589020722044231e-07,7e-07,1.6813874295103034e-07,2.2e-07,3.235983547316793e-05,0.3949821151323206,14,bandpass
1.7589020722044231e-07,7e-07,1.6813874295103034e-07,2.2e-07,3.235983547316793e-05,0.3949821151323206,14,bandpass
1.7589020722044231e-07,7e-07,1.6813874295103034e-07,2.2e-07,3.235983547316793e-05,0.3949821151323206,14,bandpass
1.7589020722044231e-07,7e-07,1.6813874295103034e-07,2.2e-07,3.235983547316793e-05,0.3949821151323206,14,bandpass
1.7589020722044231e-07,7e-07,1.6813874295103034e-07,2.2e-07,3.235983547316793e-05,0.3949821151323206,14,bandpass
1.7589020722044231e-07,7e-07,1.6813874295103034e-07,2.2e-07,3.235983547316793e-05,0.3949821151323206,14,bandpass
1.7589020722044231e-07,7e-07,1.6813874295103034e-07,2.2e-07,3.235983547316793e-05,0.3949821151323206,14,bandpass
1.7588330639964268e-07,7e-07,1.6813874295103034e-07,2.2e-07,4.8845467611967144e-05,0.32756117807078167,14,bandpass
1.7589020722044231e-07,7e-07,1.6813874295103034e-07,2.2e-07,3.235983547316793e-05,0.3949821151323206,14,bandpass
1.993252849625755e-07,7e-07,1.6813874295103034e-07,2.2e-07,3.235983547316793e-05,0.29012471177328647,14,bandpass
1.7589020722044231e-07,7e-07,1.6813874295103034e-07,2.2e-07,3.235983547316793e-05,0.3949821151323206,14,bandpass
1.7589020722044231e-07,7e-07,1.6813874295103034e-07,2.2e-07,3.235983547316793e-05,0.3949821151323206,14,bandpass
1.7589020722044231e-07,7e-07,1.6813874295103034e-07,2.2e-07,3.235983547316793e-05,0.3949821151323206,14,bandpass
1.9033034609727622e-07,7e-07,1.6813874295103034e-07,2.2e-07,3.235983547316793e-05,0.27219244873244286,14,bandpass
1.7589020722044231e-07,7e-07,1.6813874295103034e-07,2.2e-07,3.235983547316793e-05,0.3949821151323206,14,bandpass
1.7589020722044231e-07,7e-07,1.6813874295103034e-07,2.2e-07,3.235983547316793e-05,0.3949821151323206,14,bandpass
1.7589020722044231e-07,7e-07,1.6813874295103034e-07,2.2e-07,3.235983547316793e-05,0.3949821151323206,14,bandpass
1.7589020722044231e-07,7e-07,1.6813874295103034e-07,2.2e-07,3.235983547316793e-05,0.3949821151323206,14,bandpass
1.7589020722044231e-07,7e-07,1.6813874295103034e-07,2.2e-07,3.235983547316793e-05,0.3949821151323206,14,bandpass
1.7589020722044231e-07,7e-07,1.6813874295103034e-07,2.2e-07,3.444086958852219e-05,0.3405593629359172,14,bandpass
1.7589020722044231e-07,7e-07,1.6813874295103034e-07,2.2e-07,3.235983547316793e-05,0.3949821151323206,14,bandpass
1.7589020722044231e-07,7e-07,1.6813874295103034e-07,2.2e-07,3.235983547316793e-05,0.3949821151323206,14,bandpass
1.7589020722044231e-07,7e-07,1.6813874295103034e-07,2.2e-07,3.235983547316793e-05,0.3949821151323206,14,bandpass
1.7589020722044231e-07,7e-07,1.6813874295103034e-07,2.2e-07,3.235983547316793e-05,0.3949821151323206,14,bandpass
1.7589020722044231e-07,7e-07,1.6813874295103034e-07,2.2e-07,3.235983547316793e-05,0.3949821151323206,14,bandpass
1.7589020722044231e-07,7e-07,1.6813874295103034e-07,2.2e-07,3.235983547316793e-05,0.3949821151323206,14,bandpass
1.7589020722044231e-07,7e-07,1.6813874295103034e-07,2.2e-07,3.235983547316793e-05,0.3949821151323206,14,bandpass
1.7589020722044231e-07,7e-07,1.6813874295103034e-07,2.2e-07,3.235983547316793e-05,0.3949821151323206,14,bandpass
1.7589020722044231e-07,7e-07,1.6813874295103034e-07,2.2e-07,3.235983547316793e-05,0.3949821151323206,14,bandpass
1.7589020722044231e-07,7e-07,1.6813874295103034e-07,2.2e-07,3.235983547316793e-05,0.3949821151323206,14,bandpass
1.7589020722044231e-07,7e-07,1.6813874295103034e-07,2.2e-07,3.235983547316793e-05,0.3949821151323206,14,bandpass
1.7589020722044231e-07,7e-07,1.6835951438186605e-07,2.2e-07,3.235983547316793e-05,0.3949821151323206,14,bandpass
1.7589020722044231e-07,7e-07,1.6813874295103034e-07,2.2e-07,3.235983547316793e-05,0.3949821151323206,14,bandpass
1.7589020722044231e-07,7e-07,1.6813874295103034e-07,2.2e-07,3.235983547316793e-05,0.3949821151323206,14,bandpass
1.7589020722044231e-07,7e-07,1.6835951438186605e-07,2.2e-07,3.235983547316793e-05,0.3949821151323206,14,bandpass
1.7589020722044231e-07,7e-07,1.6813874295103034e-07,2.2e-07,3.235983547316793e-05,0.3949821151323206,14,bandpass
1.7589020722044231e-07,7e-07,1.6813874295103034e-07,2.2e-07,3.235983547316793e-05,0.3949821151323206,14,bandpass
1.7589020722044231e-07,7e-07,1.6813874295103034e-07,2.2e-07,3.235983547316793e-05,0.3949821151323206,14,bandpass
1.7589020722044231e-07,7e-07,1.433801221267329e-07,2.2e-07,3.235983547316793e-05,0.2405744129918826,14,bandpass
1.7589020722044231e-07,7e-07,1.6813874295103034e-07,2.2e-07,3.235983547316793e-05,0.3949821151323206,14,bandpass
1.7589020722044231e-07,7e-07,1.6813874295103034e-07,2.2e-07,3.235983547316793e-05,0.3949821151323206,14,bandpass
1.7588330639964268e-07,6.889875946054724e-07,1.6813874295103034e-07,2.2e-07,3.235983547316793e-05,0.3094852728300943,14,bandpass
1.7589020722044231e-07,7e-07,1.6813874295103034e-07,2.2e-07,3.235983547316793e-05,0.3949821151323206,14,bandpass
1.7589020722044231e-07,5.562256825288218e-07,1.6813874295103034e-07,2.2e-07,3.235983547316793e-05,0.24319720667940592,14,bandpass
1.7589020722044231e-07,7e-07,1.6813874295103034e-07,2.2e-07,3.235983547316793e-05,0.3949821151323206,14,bandpass
1.7589020722044231e-07,7e-07,1.6813874295103034e-07,2.2e-07,3.451392580786554e-05,0.34054615811842703,14,bandpass
1.7589020722044231e-07,7e-07,1.6813874295103034e-07,2.2e-07,3.235983547316793e-05,0.3949821151323206,14,bandpass
1.7589020722044231e-07,7e-07,2.1385251886990615e-07,2.2e-07,3.235983547316793e-05,0.28144956811390465,14,bandpass
1.7589020722044231e-07,7e-07,1.6813874295103034e-07,2.2e-07,3.235983547316793e-05,0.3949821151323206,14,bandpass
1.7588330639964268e-07,7e-07,1.6813874295103034e-07,2.2e-07,3.235983547316793e-05,0.3949821151323206,14,bandpass
1.7589020722044231e-07,7e-07,1.6813874295103034e-07,2.2e-07,3.235983547316793e-05,0.39496110754801617,15,bandpass
1.7589020722044231e-07,7e-07,1.6813874295103034e-07,2.2e-07,3.235983547316793e-05,0.39496110754801617,15,bandpass
1.7589020722044231e-07,7e-07,1.3758477974671642e-07,2.2e-07,3.235983547316793e-05,0.22563018708878707,15,bandpass
1.7589020722044231e-07,7e-07,1.6813874295103034e-07,2.2e-07,3.235983547316793e-05,0.39496110754801617,15,bandpass
1.7589020722044231e-07,7e-07,1.6813874295103034e-07,2.2e-07,3.235983547316793e-05,0.39496110754801617,15,bandpass
1.7589020722044231e-07,7e-07,1.6813874295103034e-07,2.2e-07,3.235983547316793e-05,0.39496110754801617,15,bandpass
1.7589020722044231e-07,7e-07,1.6813874295103034e-07,2.2e-07,3.235983547316793e-05,0.39496110754801617,15,bandpass
1.7589020722044231e-07,7e-07,1.6813874295103034e-07,2.2e-07,3.235983547316793e-05,0.39496110754801617,15,bandpass
1.7589020722044231e-07,7e-07,2.1043439436047093e-07,2.2e-07,3.235983547316793e-05,0.21810308077253437,15,bandpass
1.7589020722044231e-07,7e-07,1.6813874295103034e-07,2.2e-07,3.235983547316793e-05,0.39496110754801617,15,bandpass
1.7589020722044231e-07,7e-07,1.6813874295103034e-07,2.2e-07,3.235983547316793e-05,0.39496110754801617,15,bandpass
1.7589020722044231e-07,7e-07,1.616652492238225e-07,2.2e-07,3.235983547316793e-05,0.27438567522390633,15,bandpass
1.7589020722044231e-07,7e-07,1.6813874295103034e-07,2.2e-07,3.235983547316793e-05,0.39496110754801617,15,bandpass
1.7589020722044231e-07,7e-07,1.6813874295103034e-07,2.2e-07,3.235983547316793e-05,0.39496110754801617,15,bandpass
1.7589020722044231e-07,7e-07,1.6813874295103034e-07,2.2e-07,1.4525870520825832e-05,0.2884046458779592,15,bandpass
1.7589020722044231e-07,7e-07,1.6813874295103034e-07,2.2e-07,3.235983547316793e-05,0.39496110754801617,15,bandpass
1.7589020722044231e-07,7e-07,1.6835951438186605e-07,2.2e-07,3.235983547316793e-05,0.39496110754801617,15,bandpass
1.7589020722044231e-07,7e-07,1.6813874295103034e-07,2.2e-07,3.235983547316793e-05,0.39496110754801617,15,bandpass
1.7589020722044231e-07,7e-07,1.6813874295103034e-07,2.2e-07,3.235983547316793e-05,0.39496110754801617,15,bandpass
1.7589020722044231e-07,7e-07,1.6813874295103034e-07,2.2e-07,3.235983547316793e-05,0.39496110754801617,15,bandpass
1.7589020722044231e-07,7e-07,1.6813874295103034e-07,2.2e-07,3.235983547316793e-05,0.39496110754801617,15,bandpass
1.7589020722044231e-07,7e-07,1.6813874295103034e-07,2.2e-07,3.235983547316793e-05,0.39496110754801617,15,bandpass
1.7589020722044231e-07,7e-07,1.6813874295103034e-07,2.2e-07,3.235983547316793e-05,0.39496110754801617,15,bandpass
1.7589020722044231e-07,7e-07,2.3716869657785605e-07,2.2e-07,3.235983547316793e-05,0.2999666902990079,15,bandpass
1.7589020722044231e-07,7e-07,1.6813874295103034e-07,2.2e-07,3.235983547316793e-05,0.39496110754801617,15,bandpass
1.7589020722044231e-07,7e-07,1.6813874295103034e-07,2.2e-07,3.235983547316793e-05,0.39496110754801617,15,bandpass
1.7589020722044231e-07,7e-07,1.6813874295103034e-07,2.2e-07,3.235983547316793e-05,0.39496110754801617,15,bandpass
1.7589020722044231e-07,7e-07,1.6813874295103034e-07,2.2e-07,3.235983547316793e-05,0.39496110754801617,15,bandpass
1.7589020722044231e-07,7e-07,1.6813874295103034e-07,2.2e-07,3.302308588291019e-05,0.3060534940818177,15,bandpass
1.7589020722044231e-07,7e-07,1.6813874295103034e-07,2.2e-07,3.235983547316793e-05,0.39496110754801617,15,bandpass
1.7589020722044231e-07,7e-07,1.6813874295103034e-07,2.2e-07,9.991612000921725e-06,0.3002339184821113,15,bandpass
1.7589020722044231e-07,7e-07,1.6813874295103034e-07,2.2e-07,3.235983547316793e-05,0.39496110754801617,15,bandpass
1.7589020722044231e-07,7e-07,1.6813874295103034e-07,2.2e-07,3.235983547316793e-05,0.39496110754801617,15,bandpass
1.7549692684365611e-07,7e-07,1.6813874295103034e-07,2.2e-07,3.235983547316793e-05,0.31230632419240684,15,bandpass
1.7588330639964268e-07,7e-07,1.6813874295103034e-07,2.2e-07,3.235983547316793e-05,0.39496110754801617,15,bandpass
1.7589020722044231e-07,7e-07,1.6813874295103034e-07,2.2e-07,3.235983547316793e-05,0.39496110754801617,15,bandpass
1.7589020722044231e-07,7e-07,1.6813874295103034e-07,2.2e-07,3.235983547316793e-05,0.39496110754801617,15,bandpass
1.7589020722044231e-07,7e-07,1.7035462007644892e-07,2.2e-07,3.235983547316793e-05,0.2769410219222333,15,bandpass
1.7589020722044231e-07,7e-07,1.6813874295103034e-07,2.2e-07,3.235983547316793e-05,0.39496110754801617,15,bandpass
1.7589020722044231e-07,7e-07,1.6813874295103034e-07,2.2e-07,3.235983547316793e-05,0.39496110754801617,15,bandpass
1.7589020722044231e-07,7e-07,1.6813874295103034e-07,2.2e-07,3.235983547316793e-05,0.39496110754801617,15,bandpass
1.7589020722044231e-07,7e-07,1.6835951438186605e-07,2.2e-07,3.235983547316793e-05,0.39496110754801617,15,bandpass
1.7589020722044231e-07,7e-07,1.6813874295103034e-07,2.2e-07,3.235983547316793e-05,0.39496110754801617,15,bandpass
1.7589020722044231e-07,7e-07,1.6813874295103034e-07,2.2e-07,4.1546517986673965e-05,0.3754079567578929,15,bandpass
1.7589020722044231e-07,7e-07,1.6813874295103034e-07,2.2e-07,3.235983547316793e-05,0.39496110754801617,15,bandpass
1.7589020722044231e-07,7e-07,1.6813874295103034e-07,2.2e-07,3.235983547316793e-05,0.39496110754801617,15,bandpass
1.7589020722044231e-07,7e-07,1.6813874295103034e-07,2.2e-07,3.235983547316793e-05,0.39496110754801617,15,bandpass
1.7589020722044231e-07,7e-07,1.6813874295103034e-07,2.2e-07,3.235983547316793e-05,0.39496110754801617,15,bandpass
1.7589020722044231e-07,7e-07,1.6813874295103034e-07,2.2e-07,3.235983547316793e-05,0.39496110754801617,15,bandpass
1.7589020722044231e-07,7e-07,1.6813874295103034e-07,2.2e-07,3.235983547316793e-05,0.39496110754801617,15,bandpass
1.7589020722044231e-07,7e-07,1.6813874295103034e-07,2.2e-07,3.235983547316793e-05,0.39496110754801617,16,bandpass
1.7589020722044231e-07,7e-07,1.6813874295103034e-07,2.2e-07,3.235983547316793e-05,0.39496110754801617,16,bandpass
1.7589020722044231e-07,6.118264786288476e-07,1.6813874295103034e-07,2.2e-07,3.235983547316793e-05,0.2666745418595806,16,bandpass
1.7589020722044231e-07,7e-07,1.6813874295103034e-07,2.2e-07,3.235983547316793e-05,0.39496110754801617,16,bandpass
1.7589020722044231e-07,7e-07,1.6813874295103034e-07,2.2e-07,3.235983547316793e-05,0.39496110754801617,16,bandpass
1.7589020722044231e-07,7e-07,1.6813874295103034e-07,2.2e-07,3.235983547316793e-05,0.39496110754801617,16,bandpass
1.7588330639964268e-07,7e-07,1.6813874295103034e-07,2.2e-07,3.235983547316793e-05,0.39496110754801617,16,bandpass
1.7589020722044231e-07,7e-07,1.6813874295103034e-07,2.2e-07,3.235983547316793e-05,0.39496110754801617,16,bandpass
1.7589020722044231e-07,7e-07,1.6813874295103034e-07,2.2e-07,3.235983547316793e-05,0.39496110754801617,16,bandpass
1.7589020722044231e-07,7e-07,1.6813874295103034e-07,2.2e-07,3.235983547316793e-05,0.39496110754801617,16,bandpass
1.7589020722044231e-07,7e-07,1.6813874295103034e-07,2.2e-07,3.235983547316793e-05,0.39496110754801617,16,bandpass
1.7424539029245286e-07,7e-07,1.6813874295103034e-07,2.2e-07,3.235983547316793e-05,0.28991393815939637,16,bandpass
1.7589020722044231e-07,4.0813446705394165e-07,1.6813874295103034e-07,2.2e-07,3.235983547316793e-05,0.25887564289414494,16,bandpass
1.7589020722044231e-07,7e-07,1.6813874295103034e-07,2.2e-07,3.235983547316793e-05,0.39496110754801617,16,bandpass
1.7589020722044231e-07,7e-07,1.6813874295103034e-07,2.2e-07,3.235983547316793e-05,0.39496110754801617,16,bandpass
1.7589020722044231e-07,7e-07,1.6813874295103034e-07,2.2e-07,3.235983547316793e-05,0.39496110754801617,16,bandpass
1.7589020722044231e-07,7e-07,1.6813874295103034e-07,2.2e-07,3.235983547316793e-05,0.39496110754801617,16,bandpass
1.7589020722044231e-07,7e-07,1.6813874295103034e-07,2.2e-07,3.235983547316793e-05,0.39496110754801617,16,bandpass
1.7589020722044231e-07,7e-07,1.0094685238839962e-07,2.2e-07,3.235983547316793e-05,0.25784064205760326,16,bandpass
1.7589020722044231e-07,7e-07,1.6813874295103034e-07,2.2e-07,3.235983547316793e-05,0.39496110754801617,16,bandpass
1.755700507382323e-07,7e-07,1.6813874295103034e-07,2.2e-07,3.235983547316793e-05,0.39496110754801617,16,bandpass
1.7589020722044231e-07,7e-07,1.6813874295103034e-07,2.2e-07,3.235983547316793e-05,0.39496110754801617,16,bandpass
1.7589020722044231e-07,7e-07,1.6813874295103034e-07,2.2e-07,3.235983547316793e-05,0.39496110754801617,16,bandpass
1.7588330639964268e-07,7e-07,1.6813874295103034e-07,2.2e-07,3.235983547316793e-05,0.39496110754801617,16,bandpass
1.9825024791135124e-07,7e-07,1.6813874295103034e-07,2.2e-07,3.235983547316793e-05,0.2503629512979278,16,bandpass
1.7589020722044231e-07,7e-07,1.6813874295103034e-07,2.2e-07,3.235983547316793e-05,0.39496110754801617,16,bandpass
1.7589020722044231e-07,7e-07,1.7505666920809164e-07,2.2e-07,3.235983547316793e-05,0.2169314802619382,16,bandpass
1.7589020722044231e-07,7e-07,1.6813874295103034e-07,2.2e-07,3.235983547316793e-05,0.39496110754801617,16,bandpass
1.7589020722044231e-07,7e-07,1.6813874295103034e-07,2.2e-07,3.235983547316793e-05,0.39496110754801617,16,bandpass
1.7589020722044231e-07,7e-07,1.5934283062188155e-07,2.2e-07,3.235983547316793e-05,0.30776499551997105,16,bandpass
1.7589020722044231e-07,7e-07,1.6813874295103034e-07,2.2e-07,4.5993225651831345e-05,0.35828417956910075,16,bandpass
1.7589020722044231e-07,7e-07,1.6813874295103034e-07,2.2e-07,3.235983547316793e-05,0.39496110754801617,16,bandpass
1.7589020722044231e-07,7e-07,1.6813874295103034e-07,2.2e-07,3.235983547316793e-05,0.39496110754801617,16,bandpass
1.7589020722044231e-07,7e-07,1.6813874295103034e-07,2.2e-07,3.235983547316793e-05,0.39496110754801617,16,bandpass
1.7589020722044231e-07,7e-07,1.6813874295103034e-07,2.2e-07,3.235983547316793e-05,0.39496110754801617,16,bandpass
1.7265330276891606e-07,7e-07,1.6813874295103034e-07,2.2e-07,3.235983547316793e-05,0.23162307351360603,16,bandpass
1.7589020722044231e-07,7e-07,1.6813874295103034e-07,2.2e-07,3.235983547316793e-05,0.39496110754801617,16,bandpass
1.7465769521863295e-07,7e-07,1.6813874295103034e-07,2.2e-07,3.235983547316793e-05,0.25267968786116957,16,bandpass
1.7589020722044231e-07,7e-07,1.6813874295103034e-07,2.2e-07,3.235983547316793e-05,0.39496110754801617,16,bandpass
1.7589020722044231e-07,7e-07,1.6813874295103034e-07,2.2e-07,3.235983547316793e-05,0.39496110754801617,16,bandpass
1.7589020722044231e-07,7e-07,1.6813874295103034e-07,2.2e-07,3.235983547316793e-05,0.39496110754801617,16,bandpass
1.7589020722044231e-07,7e-07,1.6813874295103034e-07,2.2e-07,3.235983547316793e-05,0.39496110754801617,16,bandpass
1.7589020722044231e-07,7e-07,1.6835951438186605e-07,2.2e-07,3.235983547316793e-05,0.39496110754801617,16,bandpass
1.7589020722044231e-07,7e-07,1.6813874295103034e-07,2.2e-07,3.235983547316793e-05,0.39496110754801617,16,bandpass
1.7589020722044231e-07,7e-07,1.6813874295103034e-07,2.2e-07,3.235983547316793e-05,0.39496110754801617,16,bandpass
1.7589020722044231e-07,7e-07,1.6813874295103034e-07,2.2e-07,3.235983547316793e-05,0.39496110754801617,16,bandpass
1.7589020722044231e-07,7e-07,1.6813874295103034e-07,2.2e-07,3.235983547316793e-05,0.39496110754801617,16,bandpass
1.7589020722044231e-07,7e-07,1.6813874295103034e-07,2.2e-07,3.235983547316793e-05,0.39496110754801617,16,bandpass
1.7589020722044231e-07,7e-07,1.6813874295103034e-07,2.2e-07,3.235983547316793e-05,0.39496110754801617,16,bandpass
2.1241015160674868e-07,7e-07,1.6813874295103034e-07,2.2e-07,3.235983547316793e-05,0.1593366722380847,16,bandpass
1.7589020722044231e-07,7e-07,1.6813874295103034e-07,2.2e-07,3.235983547316793e-05,0.39496110754801617,17,bandpass
1.7589020722044231e-07,7e-07,1.6813874295103034e-07,2.2e-07,3.235983547316793e-05,0.39496110754801617,17,bandpass
1.7589020722044231e-07,7e-07,1.6813874295103034e-07,2.2e-07,3.235983547316793e-05,0.39496110754801617,17,bandpass
1.7589020722044231e-07,7e-07,1.6813874295103034e-07,2.2e-07,3.235983547316793e-05,0.39496110754801617,17,bandpass
1.7589020722044231e-07,7e-07,1.6813874295103034e-07,2.2e-07,1.3940498264040239e-05,0.2425529120203162,17,bandpass
1.7589020722044231e-07,3.788092255451061e-07,1.6813874295103034e-07,2.2e-07,3.235983547316793e-05,0.2721873706004807,17,bandpass
1.7589020722044231e-07,7e-07,1.6813874295103034e-07,2.2e-07,5.060189011272522e-06,0.24850013276820765,17,bandpass
1.7589020722044231e-07,7e-07,1.6813874295103034e-07,2.2e-07,3.235983547316793e-05,0.39496110754801617,17,bandpass
1.7588330639964268e-07,7e-07,1.6813874295103034e-07,2.2e-07,3.235983547316793e-05,0.39496110754801617,17,bandpass
1.7589020722044231e-07,7e-07,1.6813874295103034e-07,2.2e-07,3.235983547316793e-05,0.39496110754801617,17,bandpass
1.7589020722044231e-07,7e-07,1.6813874295103034e-07,2.2e-07,3.235983547316793e-05,0.39496110754801617,17,bandpass
1.7589020722044231e-07,7e-07,1.6813874295103034e-07,2.2e-07,3.235983547316793e-05,0.39496110754801617,17,bandpass
1.7589020722044231e-07,7e-07,1.6835951438186605e-07,2.2e-07,3.235983547316793e-05,0.39496110754801617,17,bandpass
1.7589020722044231e-07,7e-07,1.6813874295103034e-07,2.2e-07,3.235983547316793e-05,0.39496110754801617,17,bandpass
1.7589020722044231e-07,7e-07,1.6813874295103034e-07,2.2e-07,3.235983547316793e-05,0.39496110754801617,17,bandpass
1.7588330639964268e-07,7e-07,1.6425568999062128e-07,2.2e-07,3.235983547316793e-05,0.2507323516791143,17,bandpass
1.7589020722044231e-07,7e-07,1.6813874295103034e-07,2.2e-07,3.235983547316793e-05,0.39496110754801617,17,bandpass
1.7589020722044231e-07,7e-07,1.6813874295103034e-07,2.2e-07,3.235983547316793e-05,0.39496110754801617,17,bandpass
1.7589020722044231e-07,7e-07,1.6835951438186605e-07,2.2e-07,3.235983547316793e-05,0.39496110754801617,17,bandpass
1.7589020722044231e-07,7e-07,1.6813874295103034e-07,2.2e-07,3.235983547316793e-05,0.39496110754801617,17,bandpass
1.7589020722044231e-07,7e-07,1.6813874295103034e-07,2.2e-07,3.172469667629153e-05,0.2880820329315482,17,bandpass
1.7589020722044231e-07,7e-07,1.6813874295103034e-07,2.2e-07,3.235983547316793e-05,0.39496110754801617,17,bandpass
1.7589020722044231e-07,7e-07,1.6813874295103034e-07,2.2e-07,3.235983547316793e-05,0.39496110754801617,17,bandpass
1.7589020722044231e-07,7e-07,1.6813874295103034e-07,2.2e-07,3.235983547316793e-05,0.39496110754801617,17,bandpass
1.7589020722044231e-07,7e-07,1.6813874295103034e-07,2.2e-07,3.235983547316793e-05,0.39496110754801617,17,bandpass
1.7589020722044231e-07,7e-07,1.6813874295103034e-07,2.2e-07,3.235983547316793e-05,0.39496110754801617,17,bandpass
1.7589020722044231e-07,7e-07,1.6813874295103034e-07,2.2e-07,3.235983547316793e-05,0.39496110754801617,17,bandpass
1.7589020722044231e-07,7e-07,1.6813874295103034e-07,2.2e-07,3.235983547316793e-05,0.39496110754801617,17,bandpass
1.7589020722044231e-07,7e-07,1.6813874295103034e-07,2.2e-07,3.235983547316793e-05,0.39496110754801617,17,bandpass
1.7589020722044231e-07,7e-07,1.6813874295103034e-07,2.2e-07,3.235983547316793e-05,0.39496110754801617,17,bandpass
1.7589020722044231e-07,7e-07,1.6813874295103034e-07,2.2e-07,3.235983547316793e-05,0.39496110754801617,17,bandpass
1.7589020722044231e-07,7e-07,1.6813874295103034e-07,2.2e-07,3.235983547316793e-05,0.39496110754801617,17,bandpass
1.6927291954633467e-07,7e-07,1.6813874295103034e-07,2.2e-07,3.235983547316793e-05,0.34149737860631946,17,bandpass
1.7589020722044231e-07,7e-07,1.6813874295103034e-07,2.2e-07,3.235983547316793e-05,0.39496110754801617,17,bandpass
1.7589020722044231e-07,7e-07,1.6813874295103034e-07,2.2e-07,3.235983547316793e-05,0.39496110754801617,17,bandpass
1.7589020722044231e-07,7e-07,1.6813874295103034e-07,2.2e-07,3.235983547316793e-05,0.39496110754801617,17,bandpass
1.755700507382323e-07,7e-07,1.6813874295103034e-07,2.2e-07,3.235983547316793e-05,0.39496110754801617,17,bandpass
1.7589020722044231e-07,7e-07,1.6813874295103034e-07,2.2e-07,3.235983547316793e-05,0.39496110754801617,17,bandpass
1.7589020722044231e-07,7e-07,1.6813874295103034e-07,2.2e-07,3.235983547316793e-05,0.39496110754801617,17,bandpass
1.7589020722044231e-07,7e-07,1.6813874295103034e-07,2.2e-07,3.235983547316793e-05,0.39496110754801617,17,bandpass
1.7589020722044231e-07,7e-07,1.6813874295103034e-07,2.2e-07,3.235983547316793e-05,0.39496110754801617,17,bandpass
1.7589020722044231e-07,7e-07,1.6813874295103034e-07,2.2e-07,3.235983547316793e-05,0.39496110754801617,17,bandpass
1.7589020722044231e-07,7e-07,1.6813874295103034e-07,2.2e-07,3.235983547316793e-05,0.39496110754801617,17,bandpass
1.7588330639964268e-07,7e-07,1.6813874295103034e-07,2.2e-07,3.235983547316793e-05,0.39496110754801617,17,bandpass
1.7589020722044231e-07,5.427795492896005e-07,1.6813874295103034e-07,2.2e-07,3.235983547316793e-05,0.24446566342223053,17,bandpass
1.7589020722044231e-07,7e-07,1.6813874295103034e-07,2.2e-07,4.497409170848017e-05,0.38870318754830363,17,bandpass
1.7589020722044231e-07,7e-07,1.6813874295103034e-07,2.2e-07,3.235983547316793e-05,0.39496110754801617,17,bandpass
1.7588330639964268e-07,7e-07,1.6813874295103034e-07,2.2e-07,3.235983547316793e-05,0.39496110754801617,17,bandpass
1.7589020722044231e-07,7e-07,1.6835951438186605e-07,2.2e-07,3.235983547316793e-05,0.39496110754801617,17,bandpass
1.7589020722044231e-07,7e-07,1.6813874295103034e-07,2.2e-07,3.235983547316793e-05,0.39496110754801617,17,bandpass
1.7589020722044231e-07,7e-07,1.6813874295103034e-07,2.2e-07,3.235983547316793e-05,0.39496110754801617,18,bandpass
1.7589020722044231e-07,7e-07,1.6813874295103034e-07,2.2e-07,3.235983547316793e-05,0.39496110754801617,18,bandpass
1.7589020722044231e-07,7e-07,1.6813874295103034e-07,2.2e-07,3.235983547316793e-05,0.39496110754801617,18,bandpass
1.7589020722044231e-07,7e-07,1.3732628376624982e-07,2.2e-07,3.235983547316793e-05,0.23381763304898556,18,bandpass
1.7589020722044231e-07,7e-07,1.6813874295103034e-07,2.2e-07,3.235983547316793e-05,0.39496110754801617,18,bandpass
1.7589020722044231e-07,7e-07,1.6813874295103034e-07,2.2e-07,3.235983547316793e-05,0.39496110754801617,18,bandpass
1.7589020722044231e-07,7e-07,1.6813874295103034e-07,2.2e-07,3.235983547316793e-05,0.39496110754801617,18,bandpass
1.7589020722044231e-07,7e-07,1.6813874295103034e-07,2.2e-07,3.25720261305007e-05,0.2737528266922126,18,bandpass
1.7589020722044231e-07,7e-07,1.6813874295103034e-07,2.2e-07,3.235983547316793e-05,0.39496110754801617,18,bandpass
1.7589020722044231e-07,7e-07,1.6835951438186605e-07,2.2e-07,3.235983547316793e-05,0.39496110754801617,18,bandpass
1.7589020722044231e-07,7e-07,1.6813874295103034e-07,2.2e-07,3.235983547316793e-05,0.39496110754801617,18,bandpass
1.7589020722044231e-07,7e-07,1.6813874295103034e-07,2.2e-07,3.235983547316793e-05,0.39496110754801617,18,bandpass
1.7589020722044231e-07,7e-07,1.6813874295103034e-07,2.2e-07,3.235983547316793e-05,0.39496110754801617,18,bandpass
1.7589020722044231e-07,7e-07,1.6813874295103034e-07,2.2e-07,3.235983547316793e-05,0.39496110754801617,18,bandpass
1.7589020722044231e-07,7e-07,1.6813874295103034e-07,2.2e-07,3.235983547316793e-05,0.39496110754801617,18,bandpass
1.7589020722044231e-07,7e-07,1.6813874295103034e-07,2.2e-07,3.235983547316793e-05,0.39496110754801617,18,bandpass
1.7589020722044231e-07,7e-07,1.6835951438186605e-07,2.2e-07,3.235983547316793e-05,0.39496110754801617,18,bandpass
1.7589020722044231e-07,7e-07,1.6813874295103034e-07,2.2e-07,3.235983547316793e-05,0.39496110754801617,18,bandpass
1.7588330639964268e-07,7e-07,1.6813874295103034e-07,2.2e-07,3.235983547316793e-05,0.39496110754801617,18,bandpass
1.7589020722044231e-07,7e-07,1.6835951438186605e-07,2.2e-07,3.235983547316793e-05,0.39496110754801617,18,bandpass
1.7589020722044231e-07,7e-07,1.6813874295103034e-07,2.2e-07,3.235983547316793e-05,0.39496110754801617,18,bandpass
1.7589020722044231e-07,7e-07,1.6813874295103034e-07,2.2e-07,3.235983547316793e-05,0.39496110754801617,18,bandpass
1.7588330639964268e-07,7e-07,1.6558670830105347e-07,2.2e-07,3.235983547316793e-05,0.24064156024230582,18,bandpass
1.7589020722044231e-07,7e-07,1.7030814101125093e-07,2.2e-07,3.235983547316793e-05,0.28341652644528265,18,bandpass
1.7589020722044231e-07,7e-07,1.6813874295103034e-07,2.2e-07,3.235983547316793e-05,0.39496110754801617,18,bandpass
1.7589020722044231e-07,7e-07,1.6813874295103034e-07,2.2e-07,3.235983547316793e-05,0.39496110754801617,18,bandpass
1.7589020722044231e-07,7e-07,1.6813874295103034e-07,2.2e-07,3.235983547316793e-05,0.39496110754801617,18,bandpass
1.7589020722044231e-07,7e-07,1.6813874295103034e-07,2.2e-07,3.235983547316793e-05,0.39496110754801617,18,bandpass
1.7589020722044231e-07,7e-07,1.6813874295103034e-07,2.2e-07,3.235983547316793e-05,0.39496110754801617,18,bandpass
1.7589020722044231e-07,7e-07,1.6813874295103034e-07,2.2e-07,3.235983547316793e-05,0.39496110754801617,18,bandpass
1.7589020722044231e-07,7e-07,1.6813874295103034e-07,2.2e-07,3.235983547316793e-05,0.39496110754801617,18,bandpass
1.7589020722044231e-07,7e-07,1.6813874295103034e-07,2.2e-07,3.235983547316793e-05,0.39496110754801617,18,bandpass
1.7588330639964268e-07,7e-07,1.6835951438186605e-07,2.2e-07,3.235983547316793e-05,0.39496110754801617,18,bandpass
1.7589020722044231e-07,7e-07,1.6813874295103034e-07,2.2e-07,3.235983547316793e-05,0.39496110754801617,18,bandpass
1.7589020722044231e-07,7e-07,1.6813874295103034e-07,2.2e-07,3.235983547316793e-05,0.39496110754801617,18,bandpass
1.7589020722044231e-07,7e-07,1.6813874295103034e-07,2.2e-07,3.235983547316793e-05,0.39496110754801617,18,bandpass
1.7589020722044231e-07,7e-07,1.6813874295103034e-07,2.2e-07,3.235983547316793e-05,0.39496110754801617,18,bandpass
1.7589020722044231e-07,7e-07,1.6813874295103034e-07,2.2e-07,3.235983547316793e-05,0.39496110754801617,18,bandpass
1.7589020722044231e-07,7e-07,1.6813874295103034e-07,2.2e-07,3.235983547316793e-05,0.39496110754801617,18,bandpass
1.7589020722044231e-07,7e-07,1.6813874295103034e-07,2.2e-07,3.235983547316793e-05,0.39496110754801617,18,bandpass
1.755700507382323e-07,7e-07,1.6813874295103034e-07,2.2e-07,3.235983547316793e-05,0.39496110754801617,18,bandpass
1.7589020722044231e-07,7e-07,1.6813874295103034e-07,2.2e-07,3.235983547316793e-05,0.39496110754801617,18,bandpass
1.7589020722044231e-07,7e-07,1.6813874295103034e-07,2.2e-07,3.235983547316793e-05,0.39496110754801617,18,bandpass
1.755700507382323e-07,7e-07,1.6835951438186605e-07,2.2e-07,3.235983547316793e-05,0.39496110754801617,18,bandpass
1.7589020722044231e-07,7e-07,1.5892164188639086e-07,2.2e-07,3.235983547316793e-05,0.28847346335147,18,bandpass
1.7589020722044231e-07,7e-07,1.6813874295103034e-07,2.2e-07,1.9702576825137763e-05,0.2785010206112563,18,bandpass
1.7589020722044231e-07,7e-07,1.6813874295103034e-07,2.2e-07,3.235983547316793e-05,0.39496110754801617,18,bandpass
1.7589020722044231e-07,7e-07,1.6813874295103034e-07,2.2e-07,3.235983547316793e-05,0.39496110754801617,18,bandpass
1.7589020722044231e-07,6.807502988500561e-07,1.6813874295103034e-07,2.2e-07,3.235983547316793e-05,0.31053538924887303,18,bandpass
1.7589020722044231e-07,7e-07,1.6813874295103034e-07,2.2e-07,3.235983547316793e-05,0.39496110754801617,18,bandpass
1.7589020722044231e-07,7e-07,1.6813874295103034e-07,2.2e-07,3.235983547316793e-05,0.39496110754801617,19,bandpass
1.2742985557701163e-07,7e-07,1.6813874295103034e-07,2.2e-07,3.235983547316793e-05,0.1986250846137008,19,bandpass
1.7589020722044231e-07,7e-07,1.6813874295103034e-07,2.2e-07,3.235983547316793e-05,0.39496110754801617,19,bandpass
1.7589020722044231e-07,7e-07,1.6813874295103034e-07,2.2e-07,3.235983547316793e-05,0.39496110754801617,19,bandpass
1.7589020722044231e-07,7e-07,1.6813874295103034e-07,2.2e-07,3.235983547316793e-05,0.39496110754801617,19,bandpass
1.7589020722044231e-07,7e-07,1.6813874295103034e-07,2.2e-07,3.235983547316793e-05,0.39496110754801617,19,bandpass
1.7589020722044231e-07,7e-07,1.6813874295103034e-07,2.2e-07,3.235983547316793e-05,0.39496110754801617,19,bandpass
1.7589020722044231e-07,7e-07,1.6813874295103034e-07,2.2e-07,3.235983547316793e-05,0.39496110754801617,19,bandpass
1.7589020722044231e-07,7e-07,1.6813874295103034e-07,2.2e-07,3.235983547316793e-05,0.39496110754801617,19,bandpass
1.7589020722044231e-07,7e-07,1.6813874295103034e-07,2.2e-07,3.235983547316793e-05,0.39496110754801617,19,bandpass
1.7589020722044231e-07,7e-07,1.6813874295103034e-07,2.2e-07,3.235983547316793e-05,0.39496110754801617,19,bandpass
1.7589020722044231e-07,7e-07,1.6813874295103034e-07,2.2e-07,3.235983547316793e-05,0.39496110754801617,19,bandpass
1.7588330639964268e-07,7e-07,1.6835951438186605e-07,2.2e-07,3.235983547316793e-05,0.39496110754801617,19,bandpass
1.7589020722044231e-07,7e-07,1.6813874295103034e-07,2.2e-07,3.235983547316793e-05,0.39496110754801617,19,bandpass
1.7589020722044231e-07,7e-07,1.6835951438186605e-07,2.2e-07,3.235983547316793e-05,0.39496110754801617,19,bandpass
1.7589020722044231e-07,7e-07,1.6813874295103034e-07,2.2e-07,3.235983547316793e-05,0.39496110754801617,19,bandpass
1.7589020722044231e-07,7e-07,1.6813874295103034e-07,2.2e-07,3.235983547316793e-05,0.39496110754801617,19,bandpass
1.755700507382323e-07,3.6569711442089794e-07,1.6813874295103034e-07,2.2e-07,3.235983547316793e-05,0.27144622001518737,19,bandpass
1.7589020722044231e-07,7e-07,1.6813874295103034e-07,2.2e-07,3.235983547316793e-05,0.39496110754801617,19,bandpass
1.7589020722044231e-07,7e-07,1.6813874295103034e-07,2.2e-07,3.235983547316793e-05,0.39496110754801617,19,bandpass
1.7589020722044231e-07,7e-07,1.6813874295103034e-07,2.2e-07,3.235983547316793e-05,0.39496110754801617,19,bandpass
1.7589020722044231e-07,7e-07,1.6813874295103034e-07,2.2e-07,3.235983547316793e-05,0.39496110754801617,19,bandpass
1.7589020722044231e-07,4.1263720280486625e-07,1.6835951438186605e-07,2.2e-07,3.235983547316793e-05,0.2597177704142021,19,bandpass
1.7589020722044231e-07,7e-07,1.6813874295103034e-07,2.2e-07,3.235983547316793e-05,0.39496110754801617,19,bandpass
1.7589020722044231e-07,7e-07,1.6813874295103034e-07,2.2e-07,3.235983547316793e-05,0.39496110754801617,19,bandpass
1.7589020722044231e-07,7e-07,1.6813874295103034e-07,2.2e-07,3.235983547316793e-05,0.39496110754801617,19,bandpass
1.7589020722044231e-07,7e-07,1.6813874295103034e-07,2.2e-07,3.235983547316793e-05,0.39496110754801617,19,bandpass
1.7589020722044231e-07,7e-07,1.6813874295103034e-07,2.2e-07,3.3973193411792436e-05,0.28246414000741576,19,bandpass
1.7589020722044231e-07,7e-07,1.6813874295103034e-07,2.2e-07,3.235983547316793e-05,0.39496110754801617,19,bandpass
1.7589020722044231e-07,7e-07,1.6813874295103034e-07,2.2e-07,3.235983547316793e-05,0.39496110754801617,19,bandpass
1.7589020722044231e-07,7e-07,1.6835951438186605e-07,2.2e-07,3.235983547316793e-05,0.39496110754801617,19,bandpass
1.7589020722044231e-07,7e-07,1.6813874295103034e-07,2.2e-07,3.235983547316793e-05,0.39496110754801617,19,bandpass
1.7589020722044231e-07,7e-07,1.6813874295103034e-07,2.2e-07,3.235983547316793e-05,0.39496110754801617,19,bandpass
1.71981152363244e-07,7e-07,1.6813874295103034e-07,2.2e-07,3.235983547316793e-05,0.24882145523969745,19,bandpass
1.7589020722044231e-07,7e-07,1.6813874295103034e-07,2.2e-07,3.235983547316793e-05,0.39496110754801617,19,bandpass
1.7589020722044231e-07,7e-07,1.6813874295103034e-07,2.2e-07,3.235983547316793e-05,0.39496110754801617,19,bandpass
1.1714582500161342e-07,7e-07,1.6835951438186605e-07,2.2e-07,3.235983547316793e-05,0.18627242519262635,19,bandpass
1.7589020722044231e-07,7e-07,1.6813874295103034e-07,2.2e-07,3.235983547316793e-05,0.39496110754801617,19,bandpass
1.1926766240113204e-07,7e-07,1.6813874295103034e-07,2.2e-07,3.235983547316793e-05,0.18392804917302955,19,bandpass
1.7589020722044231e-07,7e-07,1.6813874295103034e-07,2.2e-07,3.235983547316793e-05,0.39496110754801617,19,bandpass
1.7589020722044231e-07,7e-07,2.0274188430222028e-07,2.2e-07,3.235983547316793e-05,0.23157245194973824,19,bandpass
1.7589020722044231e-07,7e-07,1.7033064077107943e-07,2.2e-07,3.235983547316793e-05,0.28027919474223606,19,bandpass
1.7589020722044231e-07,7e-07,1.6813874295103034e-07,2.2e-07,3.235983547316793e-05,0.39496110754801617,19,bandpass
1.7589020722044231e-07,7e-07,1.6813874295103034e-07,2.2e-07,3.235983547316793e-05,0.39496110754801617,19,bandpass
1.7589020722044231e-07,7e-07,1.6813874295103034e-07,2.2e-07,3.235983547316793e-05,0.39496110754801617,19,bandpass
1.7588330639964268e-07,7e-07,1.6813874295103034e-07,2.2e-07,3.235983547316793e-05,0.39496110754801617,19,bandpass
1.7589020722044231e-07,7e-07,1.6813874295103034e-07,2.2e-07,3.235983547316793e-05,0.39496110754801617,19,bandpass
1.7589020722044231e-07,7e-07,1.6813874295103034e-07,2.2e-07,3.235983547316793e-05,0.39496110754801617,19,bandpass
1.7589020722044231e-07,7e-07,1.6813874295103034e-07,2.2e-07,3.235983547316793e-05,0.39496110754801617,19,bandpass
1.7589020722044231e-07,7e-07,1.6813874295103034e-07,2.2e-07,4.401973520997988e-05,0.3785953285193147,19,bandpass
1.7589020722044231e-07,7e-07,1.6813874295103034e-07,2.2e-07,3.235983547316793e-05,0.39496110754801617,20,bandpass
1.7589020722044231e-07,7e-07,1.6813874295103034e-07,2.2e-07,3.064901880165692e-05,0.32745292049920893,20,bandpass
1.7589020722044231e-07,7e-07,1.6813874295103034e-07,2.2e-07,3.235983547316793e-05,0.39496110754801617,20,bandpass
1.7589020722044231e-07,7e-07,1.6813874295103034e-07,2.2e-07,3.235983547316793e-05,0.39496110754801617,20,bandpass
1.7589020722044231e-07,7e-07,1.6813874295103034e-07,2.2e-07,3.235983547316793e-05,0.39496110754801617,20,bandpass
1.7589020722044231e-07,7e-07,1.6813874295103034e-07,2.2e-07,3.235983547316793e-05,0.39496110754801617,20,bandpass
1.7589020722044231e-07,7e-07,1.6813874295103034e-07,2.2e-07,3.22592287463699e-05,0.39496070752199675,20,bandpass
1.7589020722044231e-07,7e-07,1.6813874295103034e-07,2.2e-07,3.235983547316793e-05,0.39496110754801617,20,bandpass
1.7589020722044231e-07,6.83186916871527e-07,1.6813874295103034e-07,2.2e-07,3.235983547316793e-05,0.30194393235669176,20,bandpass
1.7589020722044231e-07,7e-07,1.6813874295103034e-07,2.2e-07,3.235983547316793e-05,0.39496110754801617,20,bandpass
1.7589020722044231e-07,7e-07,1.6813874295103034e-07,2.2e-07,3.235983547316793e-05,0.39496110754801617,20,bandpass
1.7589020722044231e-07,7e-07,1.6813874295103034e-07,2.2e-07,3.235983547316793e-05,0.39496110754801617,20,bandpass
1.7589020722044231e-07,7e-07,1.6813874295103034e-07,2.2e-07,3.235983547316793e-05,0.39496110754801617,20,bandpass
1.7589020722044231e-07,7e-07,1.6813874295103034e-07,2.2e-07,3.235983547316793e-05,0.39496110754801617,20,bandpass
1.7589020722044231e-07,7e-07,1.6813874295103034e-07,2.2e-07,3.235983547316793e-05,0.39496110754801617,20,bandpass
1.7589020722044231e-07,7e-07,1.6813874295103034e-07,2.2e-07,3.235983547316793e-05,0.39496110754801617,20,bandpass
1.7589020722044231e-07,7e-07,1.6813874295103034e-07,2.2e-07,3.235983547316793e-05,0.39496110754801617,20,bandpass
1.7589020722044231e-07,7e-07,1.6813874295103034e-07,2.2e-07,3.421364928296123e-05,0.2824738389765332,20,bandpass
1.7589020722044231e-07,7e-07,1.6813874295103034e-07,2.2e-07,3.235983547316793e-05,0.39496110754801617,20,bandpass
1.7589020722044231e-07,7e-07,1.6813874295103034e-07,2.2e-07,3.235983547316793e-05,0.39496110754801617,20,bandpass
1.7589020722044231e-07,7e-07,1.6813874295103034e-07,2.2e-07,3.235983547316793e-05,0.39496110754801617,20,bandpass
1.7589020722044231e-07,7e-07,1.6813874295103034e-07,2.2e-07,3.235983547316793e-05,0.39496110754801617,20,bandpass
1.7589020722044231e-07,7e-07,1.6835951438186605e-07,2.2e-07,3.235983547316793e-05,0.39496110754801617,20,bandpass
1.2877193355364522e-07,7e-07,1.6813874295103034e-07,2.2e-07,3.235983547316793e-05,0.21202144440148607,20,bandpass
1.7589020722044231e-07,7e-07,1.6813874295103034e-07,2.2e-07,3.235983547316793e-05,0.39496110754801617,20,bandpass
1.7589020722044231e-07,7e-07,1.6813874295103034e-07,2.2e-07,3.235983547316793e-05,0.39496110754801617,20,bandpass
1.7589020722044231e-07,7e-07,1.6813874295103034e-07,2.2e-07,3.235983547316793e-05,0.39496110754801617,20,bandpass
1.7589020722044231e-07,7e-07,1.6813874295103034e-07,2.2e-07,3.235983547316793e-05,0.39496110754801617,20,bandpass
1.7589020722044231e-07,7e-07,1.6813874295103034e-07,2.2e-07,3.235983547316793e-05,0.39496110754801617,20,bandpass
1.7589020722044231e-07,7e-07,1.6813874295103034e-07,2.2e-07,3.235983547316793e-05,0.39496110754801617,20,bandpass
1.7589020722044231e-07,7e-07,1.6813874295103034e-07,2.2e-07,3.235983547316793e-05,0.39496110754801617,20,bandpass
1.7589020722044231e-07,7e-07,1.7180501565267348e-07,2.2e-07,3.235983547316793e-05,0.2796576813130968,20,bandpass
1.7589020722044231e-07,7e-07,1.6813874295103034e-07,2.2e-07,3.235983547316793e-05,0.39496110754801617,20,bandpass
1.7589020722044231e-07,7e-07,2.4868834796133806e-07,2.2e-07,3.235983547316793e-05,0.2708856249401003,20,bandpass
1.7589020722044231e-07,7e-07,1.6813874295103034e-07,2.2e-07,3.235983547316793e-05,0.39496110754801617,20,bandpass
1.7589020722044231e-07,7e-07,1.6813874295103034e-07,2.2e-07,3.235983547316793e-05,0.39496110754801617,20,bandpass
1.7589020722044231e-07,7e-07,1.6813874295103034e-07,2.2e-07,3.235983547316793e-05,0.39496110754801617,20,bandpass
1.7589020722044231e-07,7e-07,1.6813874295103034e-07,2.2e-07,3.235983547316793e-05,0.39496110754801617,20,bandpass
1.7589020722044231e-07,7e-07,1.6813874295103034e-07,2.2e-07,3.235983547316793e-05,0.39496110754801617,20,bandpass
1.7589020722044231e-07,7e-07,1.6813874295103034e-07,2.2e-07,3.235983547316793e-05,0.39496110754801617,20,bandpass
1.7589020722044231e-07,7e-07,1.6813874295103034e-07,2.2e-07,3.235983547316793e-05,0.39496110754801617,20,bandpass
1.7589020722044231e-07,7e-07,1.6835951438186605e-07,2.2e-07,3.235983547316793e-05,0.39496110754801617,20,bandpass
1.7589020722044231e-07,7e-07,1.676358764430454e-07,2.2e-07,3.235983547316793e-05,0.39496110754801617,20,bandpass
1.7589020722044231e-07,7e-07,1.6813874295103034e-07,2.2e-07,3.184425508522131e-05,0.3348866972748502,20,bandpass
1.7589020722044231e-07,7e-07,1.6813874295103034e-07,2.2e-07,3.235983547316793e-05,0.39496110754801617,20,bandpass
1.7589020722044231e-07,7e-07,1.6813874295103034e-07,2.2e-07,3.235983547316793e-05,0.39496110754801617,20,bandpass
1.7589020722044231e-07,7e-07,1.6813874295103034e-07,2.2e-07,3.290727143603818e-05,0.30602614113133647,20,bandpass
1.7589020722044231e-07,7e-07,1.6813874295103034e-07,2.2e-07,3.235983547316793e-05,0.39496110754801617,20,bandpass
1.7589020722044231e-07,7e-07,1.6734285622177403e-07,2.2e-07,3.235983547316793e-05,0.27702159162729556,20,bandpass
1.7589020722044231e-07,7e-07,1.6813874295103034e-07,2.2e-07,3.235983547316793e-05,0.39496110754801617,20,bandpass
1.7589020722044231e-07,7e-07,1.6813874295103034e-07,2.2e-07,3.235983547316793e-05,0.39496110754801617,21,bandpass
1.7589020722044231e-07,7e-07,1.6813874295103034e-07,2.2e-07,3.235983547316793e-05,0.39496110754801617,21,bandpass
1.7589020722044231e-07,7e-07,1.6813874295103034e-07,2.2e-07,3.235983547316793e-05,0.39496110754801617,21,bandpass
1.7589020722044231e-07,7e-07,1.6813874295103034e-07,2.2e-07,1.0928067121933289e-05,0.30784199767980164,21,bandpass
1.7589020722044231e-07,7e-07,1.6813874295103034e-07,2.2e-07,3.235983547316793e-05,0.39496110754801617,21,bandpass
1.7589020722044231e-07,7e-07,1.6813874295103034e-07,2.2e-07,3.2405257649675574e-05,0.39496110754801617,21,bandpass
1.7589020722044231e-07,7e-07,1.6813874295103034e-07,2.2e-07,3.235983547316793e-05,0.39496110754801617,21,bandpass
1.7589020722044231e-07,7e-07,1.6813874295103034e-07,2.2e-07,3.235983547316793e-05,0.39496110754801617,21,bandpass
1.7589020722044231e-07,7e-07,1.6813874295103034e-07,2.2e-07,3.235983547316793e-05,0.39496110754801617,21,bandpass
1.7589020722044231e-07,7e-07,1.6813874295103034e-07,2.2e-07,3.235983547316793e-05,0.39496110754801617,21,bandpass
1.7589020722044231e-07,7e-07,1.6813874295103034e-07,2.2e-07,3.235983547316793e-05,0.39496110754801617,21,bandpass
1.7589020722044231e-07,7e-07,1.6813874295103034e-07,2.2e-07,3.235983547316793e-05,0.39496110754801617,21,bandpass
1.7589020722044231e-07,7e-07,1.6813874295103034e-07,2.2e-07,3.235983547316793e-05,0.39496110754801617,21,bandpass
1.7589020722044231e-07,7e-07,1.6813874295103034e-07,2.2e-07,3.235983547316793e-05,0.39496110754801617,21,bandpass
1.7589020722044231e-07,7e-07,1.6813874295103034e-07,2.2e-07,3.235983547316793e-05,0.39496110754801617,21,bandpass
1.7589020722044231e-07,7e-07,1.6813874295103034e-07,2.2e-07,3.235983547316793e-05,0.39496110754801617,21,bandpass
1.7589020722044231e-07,7e-07,1.6813874295103034e-07,2.2e-07,3.235983547316793e-05,0.39496110754801617,21,bandpass
1.7589020722044231e-07,7e-07,1.6813874295103034e-07,2.2e-07,3.235983547316793e-05,0.39496110754801617,21,bandpass
1.7589020722044231e-07,7e-07,1.6813874295103034e-07,2.2e-07,3.235983547316793e-05,0.39496110754801617,21,bandpass
1.7589020722044231e-07,7e-07,1.6813874295103034e-07,2.2e-07,3.235983547316793e-05,0.39496110754801617,21,bandpass
1.7589020722044231e-07,7e-07,1.6813874295103034e-07,2.2e-07,3.235983547316793e-05,0.39496110754801617,21,bandpass
1.7589020722044231e-07,7e-07,1.6813874295103034e-07,2.2e-07,3.235983547316793e-05,0.39496110754801617,21,bandpass
1.7589020722044231e-07,7e-07,1.6813874295103034e-07,2.2e-07,3.235983547316793e-05,0.39496110754801617,21,bandpass
1.7179151493996434e-07,7e-07,1.6813874295103034e-07,2.2e-07,3.235983547316793e-05,0.25366015828266986,21,bandpass
1.7589020722044231e-07,7e-07,1.6813874295103034e-07,2.2e-07,3.235983547316793e-05,0.39496110754801617,21,bandpass
1.7589020722044231e-07,7e-07,1.6813874295103034e-07,2.2e-07,3.235983547316793e-05,0.39496110754801617,21,bandpass
1.7589020722044231e-07,7e-07,1.6813874295103034e-07,2.2e-07,3.235983547316793e-05,0.39496110754801617,21,bandpass
1.7589020722044231e-07,7e-07,1.6813874295103034e-07,2.2e-07,3.235983547316793e-05,0.39496110754801617,21,bandpass
1.7589020722044231e-07,3.895258426157328e-07,1.6813874295103034e-07,2.2e-07,3.235983547316793e-05,0.26896231431439965,21,bandpass
1.7589020722044231e-07,7e-07,1.7244503205825818e-07,2.2e-07,3.235983547316793e-05,0.31723039026871624,21,bandpass
1.7589020722044231e-07,7e-07,1.6835951438186605e-07,2.2e-07,3.235983547316793e-05,0.39496110754801617,21,bandpass
1.7589020722044231e-07,7e-07,1.6813874295103034e-07,2.2e-07,3.235983547316793e-05,0.39496110754801617,21,bandpass
1.7589020722044231e-07,7e-07,1.6813874295103034e-07,2.2e-07,3.235983547316793e-05,0.39496110754801617,21,bandpass
1.7589020722044231e-07,7e-07,1.6813874295103034e-07,2.2e-07,3.235983547316793e-05,0.39496110754801617,21,bandpass
1.7589020722044231e-07,7e-07,1.6835951438186605e-07,2.2e-07,3.235983547316793e-05,0.39496110754801617,21,bandpass
1.7589020722044231e-07,7e-07,1.6813874295103034e-07,2.2e-07,3.235983547316793e-05,0.39496110754801617,21,bandpass
1.7589020722044231e-07,7e-07,1.6813874295103034e-07,2.2e-07,3.235983547316793e-05,0.39496110754801617,21,bandpass
1.7589020722044231e-07,7e-07,1.6813874295103034e-07,2.2e-07,3.235983547316793e-05,0.39496110754801617,21,bandpass
1.7589020722044231e-07,7e-07,1.6813874295103034e-07,2.2e-07,3.235983547316793e-05,0.39496110754801617,21,bandpass
1.7589020722044231e-07,7e-07,1.6813874295103034e-07,2.2e-07,3.235983547316793e-05,0.39496110754801617,21,bandpass
1.7589020722044231e-07,7e-07,1.6813874295103034e-07,2.2e-07,3.235983547316793e-05,0.39496110754801617,21,bandpass
1.7589020722044231e-07,7e-07,1.6813874295103034e-07,2.2e-07,3.235983547316793e-05,0.39496110754801617,21,bandpass
1.7589020722044231e-07,7e-07,1.6813874295103034e-07,2.2e-07,3.235983547316793e-05,0.39496110754801617,21,bandpass
1.7589020722044231e-07,7e-07,1.6813874295103034e-07,2.2e-07,3.235983547316793e-05,0.39496110754801617,21,bandpass
1.7589020722044231e-07,7e-07,1.6813874295103034e-07,2.2e-07,3.235983547316793e-05,0.39496110754801617,21,bandpass
1.7589020722044231e-07,7e-07,1.6813874295103034e-07,2.2e-07,3.235983547316793e-05,0.39496110754801617,21,bandpass
1.7589020722044231e-07,7e-07,1.6813874295103034e-07,2.2e-07,3.235983547316793e-05,0.39496110754801617,21,bandpass
1.7589020722044231e-07,7e-07,1.6813874295103034e-07,2.2e-07,3.235983547316793e-05,0.39496110754801617,21,bandpass
1.7589020722044231e-07,7e-07,1.6813874295103034e-07,2.2e-07,3.235983547316793e-05,0.39496110754801617,21,bandpass
1.7589020722044231e-07,7e-07,1.6813874295103034e-07,2.2e-07,3.235983547316793e-05,0.39496110754801617,21,bandpass
1.7589020722044231e-07,7e-07,1.6813874295103034e-07,2.2e-07,3.235983547316793e-05,0.39496110754801617,22,bandpass
1.7589020722044231e-07,7e-07,1.6813874295103034e-07,2.2e-07,3.235983547316793e-05,0.39496110754801617,22,bandpass
1.7589020722044231e-07,7e-07,1.6813874295103034e-07,2.2e-07,3.2871781036303657e-05,0.30601976703163014,22,bandpass
1.7589020722044231e-07,7e-07,1.6813874295103034e-07,2.2e-07,3.235983547316793e-05,0.39496110754801617,22,bandpass
1.7589020722044231e-07,7e-07,1.6813874295103034e-07,2.2e-07,3.235983547316793e-05,0.39496110754801617,22,bandpass
1.7589020722044231e-07,7e-07,1.6813874295103034e-07,2.2e-07,3.235983547316793e-05,0.39496110754801617,22,bandpass
1.7589020722044231e-07,7e-07,1.6813874295103034e-07,2.2e-07,3.235983547316793e-05,0.39496110754801617,22,bandpass
1.7589020722044231e-07,7e-07,1.6835951438186605e-07,2.2e-07,3.235983547316793e-05,0.39496110754801617,22,bandpass
1.7589020722044231e-07,7e-07,1.6813874295103034e-07,2.2e-07,3.235983547316793e-05,0.39496110754801617,22,bandpass
1.7589020722044231e-07,7e-07,1.6813874295103034e-07,2.2e-07,3.235983547316793e-05,0.39496110754801617,22,bandpass
1.7589020722044231e-07,7e-07,1.6813874295103034e-07,2.2e-07,3.235983547316793e-05,0.39496110754801617,22,bandpass
1.7589020722044231e-07,7e-07,1.6813874295103034e-07,2.2e-07,3.235983547316793e-05,0.39496110754801617,22,bandpass
1.7589020722044231e-07,7e-07,1.6813874295103034e-07,2.2e-07,3.235983547316793e-05,0.39496110754801617,22,bandpass
1.7589020722044231e-07,7e-07,1.6813874295103034e-07,2.2e-07,3.235983547316793e-05,0.39496110754801617,22,bandpass
1.7589020722044231e-07,7e-07,1.6813874295103034e-07,2.2e-07,3.235983547316793e-05,0.39496110754801617,22,bandpass
1.7589020722044231e-07,7e-07,1.6813874295103034e-07,2.2e-07,3.235983547316793e-05,0.39496110754801617,22,bandpass
1.7589020722044231e-07,7e-07,1.6813874295103034e-07,2.2e-07,3.235983547316793e-05,0.39496110754801617,22,bandpass
1.7589020722044231e-07,7e-07,1.7060136126442414e-07,2.2e-07,3.235983547316793e-05,0.2637581348648918,22,bandpass
1.7589020722044231e-07,7e-07,1.6813874295103034e-07,2.2e-07,3.235983547316793e-05,0.39496110754801617,22,bandpass
1.7589020722044231e-07,7e-07,1.6813874295103034e-07,2.2e-07,3.235983547316793e-05,0.39496110754801617,22,bandpass
1.7589020722044231e-07,7e-07,1.6813874295103034e-07,2.2e-07,3.235983547316793e-05,0.39496110754801617,22,bandpass
1.7589020722044231e-07,7e-07,1.6813874295103034e-07,2.2e-07,3.235983547316793e-05,0.39496110754801617,22,bandpass
1.7589020722044231e-07,7e-07,1.6813874295103034e-07,2.2e-07,3.235983547316793e-05,0.39496110754801617,22,bandpass
1.7589020722044231e-07,7e-07,1.6813874295103034e-07,2.2e-07,3.235983547316793e-05,0.39496110754801617,22,bandpass
1.7589020722044231e-07,7e-07,1.6813874295103034e-07,2.2e-07,3.235983547316793e-05,0.39496110754801617,22,bandpass
1.7589020722044231e-07,6.849842318172255e-07,1.6813874295103034e-07,2.2e-07,3.2405257649675574e-05,0.298855793999272,22,bandpass
1.7589020722044231e-07,7e-07,1.6813874295103034e-07,2.2e-07,3.235983547316793e-05,0.39496110754801617,22,bandpass
1.7589020722044231e-07,7e-07,1.6813874295103034e-07,2.2e-07,3.235983547316793e-05,0.39496110754801617,22,bandpass
1.7589020722044231e-07,7e-07,1.6813874295103034e-07,2.2e-07,3.235983547316793e-05,0.39496110754801617,22,bandpass
1.7589020722044231e-07,7e-07,1.6813874295103034e-07,2.2e-07,3.235983547316793e-05,0.39496110754801617,22,bandpass
1.7589020722044231e-07,7e-07,1.6813874295103034e-07,2.2e-07,3.235983547316793e-05,0.39496110754801617,22,bandpass
1.7589020722044231e-07,7e-07,1.6813874295103034e-07,2.2e-07,3.235983547316793e-05,0.39496110754801617,22,bandpass
1.2995620431402762e-07,7e-07,1.6813874295103034e-07,2.2e-07,3.235983547316793e-05,0.15150221762151767,22,bandpass
1.7589020722044231e-07,7e-07,1.6813874295103034e-07,2.2e-07,3.235983547316793e-05,0.39496110754801617,22,bandpass
1.7589020722044231e-07,7e-07,1.6813874295103034e-07,2.2e-07,3.235983547316793e-05,0.39496110754801617,22,bandpass
1.7589020722044231e-07,7e-07,1.6813874295103034e-07,2.2e-07,3.235983547316793e-05,0.39496110754801617,22,bandpass
1.7589020722044231e-07,7e-07,1.6813874295103034e-07,2.2e-07,3.235983547316793e-05,0.39496110754801617,22,bandpass
1.7589020722044231e-07,7e-07,1.6813874295103034e-07,2.2e-07,3.235983547316793e-05,0.39496110754801617,22,bandpass
1.7589020722044231e-07,7e-07,1.6813874295103034e-07,2.2e-07,3.235983547316793e-05,0.39496110754801617,22,bandpass
1.7589020722044231e-07,7e-07,1.6813874295103034e-07,2.2e-07,3.235983547316793e-05,0.39496110754801617,22,bandpass
1.7589020722044231e-07,7e-07,1.6813874295103034e-07,2.2e-07,3.235983547316793e-05,0.39496110754801617,22,bandpass
1.7589020722044231e-07,7e-07,1.6813874295103034e-07,2.2e-07,3.235983547316793e-05,0.39496110754801617,22,bandpass
1.7589020722044231e-07,7e-07,1.6813874295103034e-07,2.2e-07,3.235983547316793e-05,0.39496110754801617,22,bandpass
1.7589020722044231e-07,7e-07,1.6813874295103034e-07,2.2e-07,3.235983547316793e-05,0.39496110754801617,22,bandpass
1.7589020722044231e-07,7e-07,1.6813874295103034e-07,2.2e-07,3.2420723097888104e-05,0.39496110754801617,22,bandpass
1.7589020722044231e-07,5.10580861864368e-07,1.6813874295103034e-07,2.2e-07,3.235983547316793e-05,0.25835173110636234,22,bandpass
1.7589020722044231e-07,7e-07,1.6813874295103034e-07,2.2e-07,3.235983547316793e-05,0.39496110754801617,22,bandpass
1.7589020722044231e-07,7e-07,1.6813874295103034e-07,2.2e-07,3.414291499803194e-05,0.2825111694445555,22,bandpass
1.7589020722044231e-07,7e-07,1.6813874295103034e-07,2.2e-07,3.235983547316793e-05,0.39496110754801617,22,bandpass
1.7589020722044231e-07,7e-07,1.6813874295103034e-07,2.2e-07,3.235983547316793e-05,0.39496110754801617,22,bandpass
1.7589020722044231e-07,7e-07,1.6813874295103034e-07,2.2e-07,3.235983547316793e-05,0.39496110754801617,23,bandpass
1.7589020722044231e-07,7e-07,1.6813874295103034e-07,2.2e-07,2.360763474705083e-05,0.24345054259391916,23,bandpass
1.7589020722044231e-07,7e-07,1.6813874295103034e-07,2.2e-07,3.235983547316793e-05,0.39496110754801617,23,bandpass
1.7589020722044231e-07,7e-07,1.6813874295103034e-07,2.2e-07,3.235983547316793e-05,0.39496110754801617,23,bandpass
1.7589020722044231e-07,7e-07,1.6813874295103034e-07,2.2e-07,3.235983547316793e-05,0.39496110754801617,23,bandpass
1.7589020722044231e-07,7e-07,1.6813874295103034e-07,2.2e-07,3.235983547316793e-05,0.39496110754801617,23,bandpass
1.7589020722044231e-07,7e-07,1.6813874295103034e-07,2.2e-07,3.235983547316793e-05,0.39496110754801617,23,bandpass
1.7589020722044231e-07,7e-07,1.6813874295103034e-07,2.2e-07,3.235983547316793e-05,0.39496110754801617,23,bandpass
1.7589020722044231e-07,7e-07,1.6813874295103034e-07,2.2e-07,3.235983547316793e-05,0.39496110754801617,23,bandpass
1.7589020722044231e-07,7e-07,1.6813874295103034e-07,2.2e-07,3.235983547316793e-05,0.39496110754801617,23,bandpass
1.7589020722044231e-07,7e-07,1.6813874295103034e-07,2.2e-07,3.235983547316793e-05,0.39496110754801617,23,bandpass
1.7589020722044231e-07,7e-07,1.6813874295103034e-07,2.2e-07,3.235983547316793e-05,0.39496110754801617,23,bandpass
1.7589020722044231e-07,7e-07,1.6813874295103034e-07,2.2e-07,3.235983547316793e-05,0.39496110754801617,23,bandpass
1.7589020722044231e-07,7e-07,1.6813874295103034e-07,2.2e-07,3.235983547316793e-05,0.39496110754801617,23,bandpass
1.7589020722044231e-07,7e-07,1.6813874295103034e-07,2.2e-07,3.235983547316793e-05,0.39496110754801617,23,bandpass
1.7589020722044231e-07,6.859877447316022e-07,1.6813874295103034e-07,2.2e-07,3.235983547316793e-05,0.29957796596501535,23,bandpass
1.7589020722044231e-07,7e-07,1.6813874295103034e-07,2.2e-07,3.235983547316793e-05,0.39496110754801617,23,bandpass
1.7589020722044231e-07,7e-07,1.6813874295103034e-07,2.2e-07,2.0686992654656937e-05,0.4419238783020315,23,bandpass
1.7589020722044231e-07,6.935490569466949e-07,1.6813874295103034e-07,2.2e-07,3.235983547316793e-05,0.3046369984748316,23,bandpass
1.7589020722044231e-07,7e-07,1.6813874295103034e-07,2.2e-07,3.235983547316793e-05,0.39496110754801617,23,bandpass
1.7589020722044231e-07,7e-07,1.6813874295103034e-07,2.2e-07,3.235983547316793e-05,0.39496110754801617,23,bandpass
1.7589020722044231e-07,7e-07,1.6813874295103034e-07,2.2e-07,3.235983547316793e-05,0.39496110754801617,23,bandpass
1.7589020722044231e-07,7e-07,1.6813874295103034e-07,2.2e-07,3.235983547316793e-05,0.39496110754801617,23,bandpass
1.7676330738733266e-07,7e-07,1.6813874295103034e-07,2.2e-07,3.235983547316793e-05,0.3281554669244171,23,bandpass
1.7589020722044231e-07,7e-07,1.6813874295103034e-07,2.2e-07,3.235983547316793e-05,0.39496110754801617,23,bandpass
1.7589020722044231e-07,7e-07,1.6813874295103034e-07,2.2e-07,3.235983547316793e-05,0.39496110754801617,23,bandpass
1.7589020722044231e-07,7e-07,1.6813874295103034e-07,2.2e-07,3.235983547316793e-05,0.39496110754801617,23,bandpass
1.7589020722044231e-07,7e-07,1.6813874295103034e-07,2.2e-07,3.235983547316793e-05,0.39496110754801617,23,bandpass
1.7589020722044231e-07,7e-07,1.6813874295103034e-07,2.2e-07,3.235983547316793e-05,0.39496110754801617,23,bandpass
1.7589020722044231e-07,7e-07,1.6813874295103034e-07,2.2e-07,3.235983547316793e-05,0.39496110754801617,23,bandpass
1.7589020722044231e-07,7e-07,1.6813874295103034e-07,2.2e-07,3.235983547316793e-05,0.39496110754801617,23,bandpass
1.7589020722044231e-07,6.922939255440351e-07,1.6835951438186605e-07,2.2e-07,3.235983547316793e-05,0.2604924704890956,23,bandpass
1.7589020722044231e-07,7e-07,1.6813874295103034e-07,2.2e-07,3.235983547316793e-05,0.39496110754801617,23,bandpass
1.0925667707828137e-07,7e-07,1.6813874295103034e-07,2.2e-07,3.235983547316793e-05,0.155822274388812,23,bandpass
1.7589020722044231e-07,7e-07,1.6813874295103034e-07,2.2e-07,3.235983547316793e-05,0.39496110754801617,23,bandpass
1.7589020722044231e-07,7e-07,1.6813874295103034e-07,2.2e-07,3.235983547316793e-05,0.39496110754801617,23,bandpass
1.7589020722044231e-07,7e-07,1.6813874295103034e-07,2.2e-07,3.235983547316793e-05,0.39496110754801617,23,bandpass
1.7589020722044231e-07,7e-07,1.6813874295103034e-07,2.2e-07,3.235983547316793e-05,0.39496110754801617,23,bandpass
1.7589020722044231e-07,7e-07,1.6813874295103034e-07,2.2e-07,3.235983547316793e-05,0.39496110754801617,23,bandpass
1.7589020722044231e-07,7e-07,1.6835951438186605e-07,2.2e-07,3.235983547316793e-05,0.39496110754801617,23,bandpass
1.7589020722044231e-07,7e-07,1.6813874295103034e-07,2.2e-07,3.235983547316793e-05,0.39496110754801617,23,bandpass
1.7589020722044231e-07,7e-07,1.6813874295103034e-07,2.2e-07,3.235983547316793e-05,0.39496110754801617,23,bandpass
1.7589020722044231e-07,7e-07,1.6813874295103034e-07,2.2e-07,3.235983547316793e-05,0.39496110754801617,23,bandpass
1.7589020722044231e-07,7e-07,1.6813874295103034e-07,2.2e-07,3.2420723097888104e-05,0.39496110754801617,23,bandpass
1.7589020722044231e-07,7e-07,1.6813874295103034e-07,2.2e-07,3.235983547316793e-05,0.39496110754801617,23,bandpass
1.7589020722044231e-07,7e-07,1.6813874295103034e-07,2.2e-07,3.235983547316793e-05,0.39496110754801617,23,bandpass
1.7589020722044231e-07,7e-07,1.6813874295103034e-07,2.2e-07,3.235983547316793e-05,0.39496110754801617,23,bandpass
1.7589020722044231e-07,7e-07,1.6813874295103034e-07,2.2e-07,3.235983547316793e-05,0.39496110754801617,23,bandpass
1.7589020722044231e-07,7e-07,1.6813874295103034e-07,2.2e-07,3.235983547316793e-05,0.39496110754801617,23,bandpass
1.7589020722044231e-07,7e-07,1.6813874295103034e-07,2.2e-07,3.235983547316793e-05,0.39496110754801617,23,bandpass
1.7589020722044231e-07,7e-07,1.6813874295103034e-07,2.2e-07,2.0686992654656937e-05,0.4419238783020315,24,bandpass
1.7589020722044231e-07,7e-07,1.6813874295103034e-07,2.2e-07,3.235983547316793e-05,0.39496110754801617,24,bandpass
1.7589020722044231e-07,7e-07,1.6835951438186605e-07,2.2e-07,3.235983547316793e-05,0.39496110754801617,24,bandpass
1.7589020722044231e-07,7e-07,1.6813874295103034e-07,2.2e-07,3.235983547316793e-05,0.39496110754801617,24,bandpass
1.7996551278666993e-07,7e-07,1.6813874295103034e-07,2.2e-07,3.235983547316793e-05,0.27830937268433725,24,bandpass
1.7589020722044231e-07,7e-07,1.6813874295103034e-07,2.2e-07,3.235983547316793e-05,0.39496110754801617,24,bandpass
1.7589020722044231e-07,6.489998106198471e-07,1.6813874295103034e-07,2.2e-07,3.235983547316793e-05,0.2830965874475043,24,bandpass
1.7589020722044231e-07,7e-07,1.6813874295103034e-07,2.2e-07,3.235983547316793e-05,0.39496110754801617,24,bandpass
1.7589020722044231e-07,7e-07,1.6813874295103034e-07,2.2e-07,3.235983547316793e-05,0.39496110754801617,24,bandpass
1.7589020722044231e-07,7e-07,1.6813874295103034e-07,2.2e-07,3.235983547316793e-05,0.39496110754801617,24,bandpass
1.7589020722044231e-07,7e-07,1.6813874295103034e-07,2.2e-07,3.235983547316793e-05,0.39496110754801617,24,bandpass
1.7589020722044231e-07,7e-07,1.6813874295103034e-07,2.2e-07,3.235983547316793e-05,0.39496110754801617,24,bandpass
1.7589020722044231e-07,7e-07,1.6813874295103034e-07,2.2e-07,3.235983547316793e-05,0.39496110754801617,24,bandpass
1.7589020722044231e-07,7e-07,1.6813874295103034e-07,2.2e-07,3.235983547316793e-05,0.39496110754801617,24,bandpass
1.7589020722044231e-07,7e-07,1.6813874295103034e-07,2.2e-07,2.0946805646835485e-05,0.3067191843927977,24,bandpass
1.7589020722044231e-07,7e-07,1.6813874295103034e-07,2.2e-07,2.0686992654656937e-05,0.4419238783020315,24,bandpass
1.7589020722044231e-07,7e-07,1.6813874295103034e-07,2.2e-07,3.235983547316793e-05,0.39496110754801617,24,bandpass
1.7589020722044231e-07,7e-07,1.6813874295103034e-07,2.2e-07,3.2420723097888104e-05,0.39496110754801617,24,bandpass
1.7589020722044231e-07,7e-07,1.6813874295103034e-07,2.2e-07,3.235983547316793e-05,0.39496110754801617,24,bandpass
1.7589020722044231e-07,7e-07,1.6813874295103034e-07,2.2e-07,3.235983547316793e-05,0.39496110754801617,24,bandpass
1.7589020722044231e-07,7e-07,1.6813874295103034e-07,2.2e-07,3.235983547316793e-05,0.39496110754801617,24,bandpass
1.7589020722044231e-07,7e-07,1.6813874295103034e-07,2.2e-07,3.235983547316793e-05,0.39496110754801617,24,bandpass
1.7589020722044231e-07,7e-07,1.6813874295103034e-07,2.2e-07,3.235983547316793e-05,0.39496110754801617,24,bandpass
1.7589020722044231e-07,7e-07,1.6813874295103034e-07,2.2e-07,2.0686992654656937e-05,0.4419238783020315,24,bandpass
1.7589020722044231e-07,7e-07,1.6835951438186605e-07,2.2e-07,3.235983547316793e-05,0.39496110754801617,24,bandpass
1.7589020722044231e-07,7e-07,1.6813874295103034e-07,2.2e-07,3.235983547316793e-05,0.39496110754801617,24,bandpass
1.7589020722044231e-07,7e-07,1.6813874295103034e-07,2.2e-07,3.235983547316793e-05,0.39496110754801617,24,bandpass
1.7589020722044231e-07,7e-07,1.6813874295103034e-07,2.2e-07,2.0686992654656937e-05,0.4419238783020315,24,bandpass
1.8196508586240484e-07,7e-07,1.6813874295103034e-07,2.2e-07,3.235983547316793e-05,0.28346804293505645,24,bandpass
1.7589020722044231e-07,7e-07,1.6813874295103034e-07,2.2e-07,3.235983547316793e-05,0.39496110754801617,24,bandpass
1.7589020722044231e-07,7e-07,1.9592824951830574e-07,2.2e-07,3.235983547316793e-05,0.15396517049719305,24,bandpass
1.7589020722044231e-07,7e-07,1.6813874295103034e-07,2.2e-07,3.235983547316793e-05,0.39496110754801617,24,bandpass
1.7589020722044231e-07,7e-07,1.6813874295103034e-07,2.2e-07,3.235983547316793e-05,0.39496110754801617,24,bandpass
1.7589020722044231e-07,7e-07,1.6813874295103034e-07,2.2e-07,3.235983547316793e-05,0.39496110754801617,24,bandpass
1.7589020722044231e-07,4.6865045256483556e-07,1.6813874295103034e-07,2.2e-07,3.235983547316793e-05,0.2560954127546491,24,bandpass
1.7589020722044231e-07,7e-07,1.6813874295103034e-07,2.2e-07,3.235983547316793e-05,0.39496110754801617,24,bandpass
1.7589020722044231e-07,7e-07,1.6835951438186605e-07,2.2e-07,3.235983547316793e-05,0.39496110754801617,24,bandpass
1.7589020722044231e-07,7e-07,1.6813874295103034e-07,2.2e-07,3.235983547316793e-05,0.39496110754801617,24,bandpass
1.7589020722044231e-07,7e-07,1.6813874295103034e-07,2.2e-07,3.235983547316793e-05,0.39496110754801617,24,bandpass
1.7589020722044231e-07,7e-07,1.6813874295103034e-07,2.2e-07,3.235983547316793e-05,0.39496110754801617,24,bandpass
1.7589020722044231e-07,7e-07,1.6813874295103034e-07,2.2e-07,3.1191959520328264e-05,0.2846236792320296,24,bandpass
1.7589020722044231e-07,7e-07,1.6813874295103034e-07,2.2e-07,3.235983547316793e-05,0.39496110754801617,24,bandpass
1.7589020722044231e-07,7e-07,1.6813874295103034e-07,2.2e-07,3.235983547316793e-05,0.39496110754801617,24,bandpass
1.7589020722044231e-07,7e-07,1.6813874295103034e-07,2.2e-07,3.235983547316793e-05,0.39496110754801617,24,bandpass
1.7589020722044231e-07,7e-07,1.6835951438186605e-07,2.2e-07,3.235983547316793e-05,0.39496110754801617,24,bandpass
1.7589020722044231e-07,6.854281185259761e-07,1.6813874295103034e-07,2.2e-07,3.235983547316793e-05,0.29905340456052787,24,bandpass
1.7589020722044231e-07,7e-07,1.6813874295103034e-07,2.2e-07,3.235983547316793e-05,0.39496110754801617,24,bandpass
1.7589020722044231e-07,7e-07,1.6813874295103034e-07,2.2e-07,3.235983547316793e-05,0.39496110754801617,24,bandpass
1.7589020722044231e-07,7e-07,1.1406854163396596e-07,2.2e-07,3.235983547316793e-05,0.235219780783651,24,bandpass
1.4291437560620127e-07,7e-07,1.6813874295103034e-07,2.2e-07,3.235983547316793e-05,0.24969604330966882,24,bandpass
1.7589020722044231e-07,7e-07,1.6813874295103034e-07,2.2e-07,2.0686992654656937e-05,0.36728402978952973,25,bandpass
1.7589020722044231e-07,7e-07,1.6813874295103034e-07,2.2e-07,2.0862942881346612e-05,0.3069491230824845,25,bandpass
1.7589020722044231e-07,7e-07,1.6813874295103034e-07,2.2e-07,2.0686992654656937e-05,0.36728402978952973,25,bandpass
1.7589020722044231e-07,7e-07,1.6813874295103034e-07,2.2e-07,2.0686992654656937e-05,0.36728402978952973,25,bandpass
1.7589020722044231e-07,7e-07,1.6813874295103034e-07,2.2e-07,3.235983547316793e-05,0.39496110754801617,25,bandpass
1.7589020722044231e-07,7e-07,1.6813874295103034e-07,2.2e-07,2.0686992654656937e-05,0.36728402978952973,25,bandpass
1.7589020722044231e-07,7e-07,1.6813874295103034e-07,2.2e-07,3.235983547316793e-05,0.39496110754801617,25,bandpass
1.7589020722044231e-07,7e-07,1.6813874295103034e-07,2.2e-07,3.235983547316793e-05,0.39496110754801617,25,bandpass
1.7589020722044231e-07,7e-07,1.6813874295103034e-07,2.2e-07,3.235983547316793e-05,0.39496110754801617,25,bandpass
1.7589020722044231e-07,7e-07,1.6835951438186605e-07,2.2e-07,2.2609799997693494e-05,0.25806196512527185,25,bandpass
1.7589020722044231e-07,7e-07,1.6813874295103034e-07,2.2e-07,2.0686992654656937e-05,0.36728402978952973,25,bandpass
1.8285113458112425e-07,7e-07,1.6813874295103034e-07,2.2e-07,3.235983547316793e-05,0.2922302065201045,25,bandpass
1.7589020722044231e-07,7e-07,1.6813874295103034e-07,2.2e-07,3.235983547316793e-05,0.39496110754801617,25,bandpass
1.7589020722044231e-07,7e-07,1.6813874295103034e-07,2.2e-07,3.2420723097888104e-05,0.39496110754801617,25,bandpass
1.7589020722044231e-07,7e-07,1.6813874295103034e-07,2.2e-07,3.235983547316793e-05,0.39496110754801617,25,bandpass
1.7589020722044231e-07,7e-07,1.6813874295103034e-07,2.2e-07,3.235983547316793e-05,0.39496110754801617,25,bandpass
1.7589020722044231e-07,7e-07,1.6813874295103034e-07,2.2e-07,2.0686992654656937e-05,0.36728402978952973,25,bandpass
1.7589020722044231e-07,7e-07,1.6813874295103034e-07,2.2e-07,3.235983547316793e-05,0.39496110754801617,25,bandpass
1.7589020722044231e-07,7e-07,1.6813874295103034e-07,2.2e-07,2.0686992654656937e-05,0.36728402978952973,25,bandpass
1.7589020722044231e-07,7e-07,1.6813874295103034e-07,2.2e-07,2.0686992654656937e-05,0.36728402978952973,25,bandpass
1.7589020722044231e-07,7e-07,1.6813874295103034e-07,2.2e-07,3.2420723097888104e-05,0.39496110754801617,25,bandpass
1.7589020722044231e-07,7e-07,1.6813874295103034e-07,2.2e-07,3.235983547316793e-05,0.39496110754801617,25,bandpass
1.7589020722044231e-07,7e-07,1.6813874295103034e-07,2.2e-07,3.235983547316793e-05,0.39496110754801617,25,bandpass
1.7589020722044231e-07,7e-07,1.6813874295103034e-07,2.2e-07,3.235983547316793e-05,0.39496110754801617,25,bandpass
1.7589020722044231e-07,7e-07,1.6813874295103034e-07,2.2e-07,3.235983547316793e-05,0.39496110754801617,25,bandpass
1.7589020722044231e-07,7e-07,1.6813874295103034e-07,2.2e-07,3.235983547316793e-05,0.39496110754801617,25,bandpass
1.7589020722044231e-07,7e-07,1.6813874295103034e-07,2.2e-07,3.235983547316793e-05,0.39496110754801617,25,bandpass
1.7589020722044231e-07,7e-07,1.6813874295103034e-07,2.2e-07,3.235983547316793e-05,0.39496110754801617,25,bandpass
1.7589020722044231e-07,7e-07,1.6813874295103034e-07,2.2e-07,3.235983547316793e-05,0.39496110754801617,25,bandpass
1.7589020722044231e-07,3.701737847924936e-07,1.6813874295103034e-07,2.2e-07,3.235983547316793e-05,0.27147172068133185,25,bandpass
1.7589020722044231e-07,7e-07,1.6813874295103034e-07,2.2e-07,3.2420723097888104e-05,0.39496110754801617,25,bandpass
1.7589020722044231e-07,7e-07,1.6813874295103034e-07,2.2e-07,3.235983547316793e-05,0.39496110754801617,25,bandpass
1.7589020722044231e-07,7e-07,1.6813874295103034e-07,2.2e-07,3.235983547316793e-05,0.39496110754801617,25,bandpass
1.7589020722044231e-07,6.906933120722917e-07,1.6835951438186605e-07,2.2e-07,3.235983547316793e-05,0.2605996809829112,25,bandpass
1.75246179438766e-07,7e-07,1.6813874295103034e-07,2.2e-07,2.0686992654656937e-05,0.29677120110253835,25,bandpass
1.7589020722044231e-07,7e-07,1.6813874295103034e-07,2.2e-07,3.235983547316793e-05,0.39496110754801617,25,bandpass
1.7589020722044231e-07,7e-07,1.6813874295103034e-07,2.2e-07,3.235983547316793e-05,0.39496110754801617,25,bandpass
1.7589020722044231e-07,7e-07,1.6813874295103034e-07,2.2e-07,3.235983547316793e-05,0.39496110754801617,25,bandpass
1.7589020722044231e-07,7e-07,1.6813874295103034e-07,2.2e-07,2.0686992654656937e-05,0.36728402978952973,25,bandpass
1.7589020722044231e-07,7e-07,1.6813874295103034e-07,2.2e-07,2.0686992654656937e-05,0.36728402978952973,25,bandpass
1.7589020722044231e-07,7e-07,1.6813874295103034e-07,2.2e-07,3.235983547316793e-05,0.39496110754801617,25,bandpass
1.7589020722044231e-07,7e-07,2.1982013919656699e-07,2.2e-07,3.235983547316793e-05,0.29918180988817167,25,bandpass
1.7589020722044231e-07,7e-07,1.6835951438186605e-07,2.2e-07,3.235983547316793e-05,0.39496110754801617,25,bandpass
1.7589020722044231e-07,7e-07,1.6813874295103034e-07,2.2e-07,2.0686992654656937e-05,0.36728402978952973,25,bandpass
1.7589020722044231e-07,7e-07,1.6813874295103034e-07,2.2e-07,3.235983547316793e-05,0.39496110754801617,25,bandpass
1.7589020722044231e-07,7e-07,1.526358121881825e-07,2.2e-07,3.235983547316793e-05,0.25438875626341617,25,bandpass
1.7589020722044231e-07,7e-07,1.6813874295103034e-07,2.2e-07,2.0686992654656937e-05,0.36728402978952973,25,bandpass
1.7589020722044231e-07,7e-07,1.6813874295103034e-07,2.2e-07,3.235983547316793e-05,0.39496110754801617,25,bandpass
1.7589020722044231e-07,7e-07,1.6813874295103034e-07,2.2e-07,3.235983547316793e-05,0.39496110754801617,25,bandpass
1.7589020722044231e-07,7e-07,1.6835951438186605e-07,2.2e-07,2.0686992654656937e-05,0.36728402978952973,25,bandpass
1.7589020722044231e-07,7e-07,1.6813874295103034e-07,2.2e-07,2.0686992654656937e-05,0.4419238783020315,26,bandpass
1.7589020722044231e-07,6.827222369614978e-07,1.6813874295103034e-07,2.2e-07,3.235983547316793e-05,0.3052642523756867,26,bandpass
1.7589020722044231e-07,7e-07,1.6813874295103034e-07,2.2e-07,3.235983547316793e-05,0.39496110754801617,26,bandpass
1.7589020722044231e-07,7e-07,1.6813874295103034e-07,2.2e-07,3.235983547316793e-05,0.39496110754801617,26,bandpass
1.7589020722044231e-07,7e-07,1.6813874295103034e-07,2.2e-07,3.2420723097888104e-05,0.39496110754801617,26,bandpass
1.7589020722044231e-07,7e-07,1.6813874295103034e-07,2.2e-07,3.235983547316793e-05,0.39496110754801617,26,bandpass
1.7589020722044231e-07,7e-07,1.6813874295103034e-07,2.2e-07,3.235983547316793e-05,0.39496110754801617,26,bandpass
1.7589020722044231e-07,7e-07,1.6813874295103034e-07,2.2e-07,3.235983547316793e-05,0.39496110754801617,26,bandpass
1.7589020722044231e-07,7e-07,1.6813874295103034e-07,2.2e-07,3.235983547316793e-05,0.39496110754801617,26,bandpass
1.7589020722044231e-07,5.597205120720108e-07,1.6813874295103034e-07,2.2e-07,3.235983547316793e-05,0.24687761223416563,26,bandpass
1.7589020722044231e-07,7e-07,1.6813874295103034e-07,2.2e-07,3.235983547316793e-05,0.39496110754801617,26,bandpass
1.7589020722044231e-07,7e-07,1.6813874295103034e-07,2.2e-07,8.572848955686685e-06,0.2595472131391948,26,bandpass
1.7589020722044231e-07,7e-07,1.6813874295103034e-07,2.2e-07,3.235983547316793e-05,0.39496110754801617,26,bandpass
1.7589020722044231e-07,7e-07,1.6813874295103034e-07,2.2e-07,3.235983547316793e-05,0.39496110754801617,26,bandpass
1.7589020722044231e-07,7e-07,1.6813874295103034e-07,2.2e-07,3.235983547316793e-05,0.39496110754801617,26,bandpass
1.7589020722044231e-07,7e-07,1.6813874295103034e-07,2.2e-07,3.235983547316793e-05,0.39496110754801617,26,bandpass
1.7589020722044231e-07,7e-07,1.6813874295103034e-07,2.2e-07,3.235983547316793e-05,0.39496110754801617,26,bandpass
1.7589020722044231e-07,7e-07,1.6813874295103034e-07,2.2e-07,3.235983547316793e-05,0.39496110754801617,26,bandpass
1.7589020722044231e-07,7e-07,1.6813874295103034e-07,2.2e-07,3.235983547316793e-05,0.39496110754801617,26,bandpass
1.7589020722044231e-07,7e-07,1.6813874295103034e-07,2.2e-07,3.235983547316793e-05,0.39496110754801617,26,bandpass
1.7589020722044231e-07,7e-07,1.6813874295103034e-07,2.2e-07,3.235983547316793e-05,0.39496110754801617,26,bandpass
1.7589020722044231e-07,7e-07,1.6813874295103034e-07,2.2e-07,3.235983547316793e-05,0.39496110754801617,26,bandpass
1.7589020722044231e-07,7e-07,1.6813874295103034e-07,2.2e-07,3.235983547316793e-05,0.39496110754801617,26,bandpass
1.7589020722044231e-07,7e-07,1.6813874295103034e-07,2.2e-07,2.0686992654656937e-05,0.4419238783020315,26,bandpass
1.7589020722044231e-07,7e-07,1.6813874295103034e-07,2.2e-07,3.9141142810584915e-05,0.27064653045503606,26,bandpass
1.7589020722044231e-07,7e-07,1.6813874295103034e-07,2.2e-07,3.235983547316793e-05,0.39496110754801617,26,bandpass
1.7589020722044231e-07,7e-07,1.6813874295103034e-07,2.2e-07,3.235983547316793e-05,0.39496110754801617,26,bandpass
1.7589020722044231e-07,7e-07,1.6813874295103034e-07,2.2e-07,3.235983547316793e-05,0.39496110754801617,26,bandpass
1.7589020722044231e-07,7e-07,1.6813874295103034e-07,2.2e-07,3.235983547316793e-05,0.39496110754801617,26,bandpass
1.7589020722044231e-07,7e-07,1.6813874295103034e-07,2.2e-07,3.235983547316793e-05,0.39496110754801617,26,bandpass
1.7589020722044231e-07,7e-07,1.6813874295103034e-07,2.2e-07,3.235983547316793e-05,0.39496110754801617,26,bandpass
1.7589020722044231e-07,7e-07,1.6813874295103034e-07,2.2e-07,3.235983547316793e-05,0.39496110754801617,26,bandpass
1.7589020722044231e-07,7e-07,1.6813874295103034e-07,2.2e-07,3.2420723097888104e-05,0.39496110754801617,26,bandpass
1.7589020722044231e-07,7e-07,1.6813874295103034e-07,2.2e-07,3.235983547316793e-05,0.39496110754801617,26,bandpass
1.7589020722044231e-07,7e-07,1.6813874295103034e-07,2.2e-07,3.235983547316793e-05,0.39496110754801617,26,bandpass
1.7589020722044231e-07,7e-07,1.6813874295103034e-07,2.2e-07,3.235983547316793e-05,0.39496110754801617,26,bandpass
1.7589020722044231e-07,7e-07,1.6813874295103034e-07,2.2e-07,3.235983547316793e-05,0.39496110754801617,26,bandpass
1.7589020722044231e-07,7e-07,1.6813874295103034e-07,2.2e-07,3.2420723097888104e-05,0.39496110754801617,26,bandpass
1.7589020722044231e-07,7e-07,1.6813874295103034e-07,2.2e-07,3.235983547316793e-05,0.39496110754801617,26,bandpass
1.7589020722044231e-07,7e-07,1.6813874295103034e-07,2.2e-07,3.235983547316793e-05,0.39496110754801617,26,bandpass
1.8290378522635867e-07,7e-07,1.6813874295103034e-07,2.2e-07,3.235983547316793e-05,0.29070316202060054,26,bandpass
1.7589020722044231e-07,7e-07,1.6813874295103034e-07,2.2e-07,3.235983547316793e-05,0.39496110754801617,26,bandpass
1.7589020722044231e-07,7e-07,1.6813874295103034e-07,2.2e-07,3.235983547316793e-05,0.39496110754801617,26,bandpass
1.7589020722044231e-07,7e-07,1.6813874295103034e-07,2.2e-07,3.235983547316793e-05,0.39496110754801617,26,bandpass
1.7589020722044231e-07,5.011745292573873e-07,1.6813874295103034e-07,2.2e-07,3.235983547316793e-05,0.259860664666893,26,bandpass
1.7589020722044231e-07,7e-07,1.6813874295103034e-07,2.2e-07,3.235983547316793e-05,0.39496110754801617,26,bandpass
1.7589020722044231e-07,7e-07,1.6813874295103034e-07,2.2e-07,3.235983547316793e-05,0.39496110754801617,26,bandpass
1.7589020722044231e-07,7e-07,1.6813874295103034e-07,2.2e-07,3.2420723097888104e-05,0.39496110754801617,26,bandpass
1.7589020722044231e-07,7e-07,1.6813874295103034e-07,2.2e-07,3.4466929430026064e-05,0.3405404908779324,26,bandpass
1.7589020722044231e-07,7e-07,1.6813874295103034e-07,2.2e-07,3.235983547316793e-05,0.39496110754801617,26,bandpass
1.7589020722044231e-07,7e-07,1.6813874295103034e-07,2.2e-07,2.0686992654656937e-05,0.4419238783020315,27,bandpass
1.7589020722044231e-07,7e-07,1.6813874295103034e-07,2.2e-07,3.235983547316793e-05,0.39496110754801617,27,bandpass
1.7589020722044231e-07,7e-07,1.6813874295103034e-07,2.2e-07,3.235983547316793e-05,0.39496110754801617,27,bandpass
1.8047515602727056e-07,7e-07,1.6813874295103034e-07,2.2e-07,3.2420723097888104e-05,0.27352699299839445,27,bandpass
1.7589020722044231e-07,7e-07,1.6813874295103034e-07,2.2e-07,2.0686992654656937e-05,0.4419238783020315,27,bandpass
1.7589020722044231e-07,7e-07,1.6813874295103034e-07,2.2e-07,3.235983547316793e-05,0.39496110754801617,27,bandpass
1.1103647691095082e-07,7e-07,1.6813874295103034e-07,2.2e-07,3.235983547316793e-05,0.16988183340560659,27,bandpass
1.7589020722044231e-07,7e-07,1.6813874295103034e-07,2.2e-07,3.235983547316793e-05,0.39496110754801617,27,bandpass
1.7589020722044231e-07,7e-07,1.6813874295103034e-07,2.2e-07,3.235983547316793e-05,0.39496110754801617,27,bandpass
1.7589020722044231e-07,7e-07,1.6813874295103034e-07,2.2e-07,3.235983547316793e-05,0.39496110754801617,27,bandpass
1.7589020722044231e-07,7e-07,1.6813874295103034e-07,2.2e-07,2.0686992654656937e-05,0.4419238783020315,27,bandpass
1.7589020722044231e-07,7e-07,1.6813874295103034e-07,2.2e-07,3.9464625774366665e-05,0.2994794561021232,27,bandpass
1.6954959496379863e-07,7e-07,1.6813874295103034e-07,2.2e-07,2.0686992654656937e-05,0.3056380338149006,27,bandpass
1.7589020722044231e-07,7e-07,1.6078595182811447e-07,2.2e-07,3.235983547316793e-05,0.25464511820844493,27,bandpass
1.7589020722044231e-07,7e-07,1.6813874295103034e-07,2.2e-07,2.0686992654656937e-05,0.4419238783020315,27,bandpass
1.7589020722044231e-07,7e-07,1.6813874295103034e-07,2.2e-07,2.0686992654656937e-05,0.4419238783020315,27,bandpass
1.7589020722044231e-07,7e-07,1.6813874295103034e-07,2.2e-07,2.0686992654656937e-05,0.4419238783020315,27,bandpass
1.7589020722044231e-07,7e-07,1.6813874295103034e-07,2.2e-07,2.0686992654656937e-05,0.4419238783020315,27,bandpass
1.7589020722044231e-07,7e-07,1.6813874295103034e-07,2.2e-07,3.235983547316793e-05,0.39496110754801617,27,bandpass
1.7589020722044231e-07,7e-07,1.6813874295103034e-07,2.2e-07,3.2420723097888104e-05,0.39496110754801617,27,bandpass
1.7589020722044231e-07,7e-07,1.6813874295103034e-07,2.2e-07,3.235983547316793e-05,0.39496110754801617,27,bandpass
1.332004926081733e-07,7e-07,1.6813874295103034e-07,2.2e-07,3.235983547316793e-05,0.24049113158698662,27,bandpass
1.7589020722044231e-07,7e-07,1.6813874295103034e-07,2.2e-07,1.9076526476661568e-05,0.26395787007180255,27,bandpass
1.7589020722044231e-07,7e-07,1.6813874295103034e-07,2.2e-07,2.0686992654656937e-05,0.4419238783020315,27,bandpass
1.7589020722044231e-07,7e-07,1.6813874295103034e-07,2.2e-07,3.235983547316793e-05,0.39496110754801617,27,bandpass
1.7589020722044231e-07,7e-07,1.6813874295103034e-07,2.2e-07,3.235983547316793e-05,0.39496110754801617,27,bandpass
1.3507596764861114e-07,7e-07,1.6813874295103034e-07,2.2e-07,2.0686992654656937e-05,0.12949666323540523,27,bandpass
1.7589020722044231e-07,7e-07,1.6813874295103034e-07,2.2e-07,3.235983547316793e-05,0.39496110754801617,27,bandpass
1.7589020722044231e-07,7e-07,1.6813874295103034e-07,2.2e-07,2.0686992654656937e-05,0.4419238783020315,27,bandpass
1.7589020722044231e-07,7e-07,1.6813874295103034e-07,2.2e-07,3.73745876435329e-05,0.3940970618657237,27,bandpass
1.7589020722044231e-07,7e-07,1.6813874295103034e-07,2.2e-07,3.235983547316793e-05,0.39496110754801617,27,bandpass
1.7589020722044231e-07,7e-07,1.6813874295103034e-07,2.2e-07,3.235983547316793e-05,0.39496110754801617,27,bandpass
1.7589020722044231e-07,7e-07,1.6813874295103034e-07,2.2e-07,3.235983547316793e-05,0.39496110754801617,27,bandpass
1.7589020722044231e-07,7e-07,1.6813874295103034e-07,2.2e-07,2.0686992654656937e-05,0.4419238783020315,27,bandpass
1.7589020722044231e-07,7e-07,1.6813874295103034e-07,2.2e-07,3.235983547316793e-05,0.39496110754801617,27,bandpass
1.7589020722044231e-07,7e-07,1.6813874295103034e-07,2.2e-07,3.3258385556939435e-05,0.3366675181289559,27,bandpass
1.7589020722044231e-07,7e-07,1.6813874295103034e-07,2.2e-07,3.2420723097888104e-05,0.39496110754801617,27,bandpass
1.7589020722044231e-07,7e-07,1.6813874295103034e-07,2.2e-07,3.235983547316793e-05,0.39496110754801617,27,bandpass
1.7589020722044231e-07,7e-07,1.6813874295103034e-07,2.2e-07,3.2420723097888104e-05,0.39496110754801617,27,bandpass
1.7589020722044231e-07,7e-07,1.6813874295103034e-07,2.2e-07,3.235983547316793e-05,0.39496110754801617,27,bandpass
1.7589020722044231e-07,7e-07,1.6813874295103034e-07,2.2e-07,3.235983547316793e-05,0.39496110754801617,27,bandpass
1.7589020722044231e-07,7e-07,1.6813874295103034e-07,2.2e-07,3.2420723097888104e-05,0.39496110754801617,27,bandpass
1.7589020722044231e-07,7e-07,1.0868012292846193e-07,2.2e-07,3.235983547316793e-05,0.24574914075737214,27,bandpass
1.7589020722044231e-07,7e-07,1.6813874295103034e-07,2.2e-07,3.235983547316793e-05,0.39496110754801617,27,bandpass
1.7589020722044231e-07,7e-07,1.6813874295103034e-07,2.2e-07,3.210309995951897e-05,0.3348934140420004,27,bandpass
1.7589020722044231e-07,7e-07,1.6813874295103034e-07,2.2e-07,2.0686992654656937e-05,0.4419238783020315,27,bandpass
1.7589020722044231e-07,7e-07,1.6813874295103034e-07,2.2e-07,3.235983547316793e-05,0.39496110754801617,27,bandpass
1.7589020722044231e-07,7e-07,1.6813874295103034e-07,2.2e-07,3.235983547316793e-05,0.39496110754801617,27,bandpass
1.7589020722044231e-07,7e-07,1.0194590631887483e-07,2.2e-07,3.235983547316793e-05,0.25730334816252154,27,bandpass
1.7589020722044231e-07,7e-07,1.6813874295103034e-07,2.2e-07,3.235983547316793e-05,0.39496110754801617,27,bandpass
1.7589020722044231e-07,7e-07,1.6813874295103034e-07,2.2e-07,2.0686992654656937e-05,0.4419238783020315,28,bandpass
1.7589020722044231e-07,7e-07,1.6813874295103034e-07,2.2e-07,2.0686992654656937e-05,0.4419238783020315,28,bandpass
1.7589020722044231e-07,7e-07,1.6813874295103034e-07,2.2e-07,2.0686992654656937e-05,0.4419238783020315,28,bandpass
1.7589020722044231e-07,7e-07,1.6813874295103034e-07,2.2e-07,2.0686992654656937e-05,0.4419238783020315,28,bandpass
1.7589020722044231e-07,7e-07,1.6813874295103034e-07,2.2e-07,2.0686992654656937e-05,0.4419238783020315,28,bandpass
1.7589020722044231e-07,7e-07,1.6813874295103034e-07,2.2e-07,2.0686992654656937e-05,0.4419238783020315,28,bandpass
1.8302984779014075e-07,7e-07,1.6813874295103034e-07,2.2e-07,2.0686992654656937e-05,0.3550948708907902,28,bandpass
1.7589020722044231e-07,7e-07,1.6813874295103034e-07,2.2e-07,2.0686992654656937e-05,0.4419238783020315,28,bandpass
1.7589020722044231e-07,7e-07,1.6813874295103034e-07,2.2e-07,2.0686992654656937e-05,0.4419238783020315,28,bandpass
1.7589020722044231e-07,7e-07,1.6813874295103034e-07,2.2e-07,3.430455652688669e-05,0.3405481643397484,28,bandpass
1.7589020722044231e-07,7e-07,1.6813874295103034e-07,2.2e-07,2.0686992654656937e-05,0.4419238783020315,28,bandpass
1.7589020722044231e-07,7e-07,1.6813874295103034e-07,2.2e-07,3.235983547316793e-05,0.3950152969372707,28,bandpass
1.7589020722044231e-07,7e-07,1.6813874295103034e-07,2.2e-07,3.235983547316793e-05,0.3950152969372707,28,bandpass
1.7589020722044231e-07,7e-07,1.6813874295103034e-07,2.2e-07,3.235983547316793e-05,0.3950152969372707,28,bandpass
1.7589020722044231e-07,7e-07,1.6813874295103034e-07,2.2e-07,2.0686992654656937e-05,0.4419238783020315,28,bandpass
1.7589020722044231e-07,7e-07,1.6813874295103034e-07,2.2e-07,2.0686992654656937e-05,0.4419238783020315,28,bandpass
1.7589020722044231e-07,7e-07,2.415635030109374e-07,2.2e-07,3.235983547316793e-05,0.2998481434110211,28,bandpass
1.7589020722044231e-07,7e-07,1.6813874295103034e-07,2.2e-07,2.0686992654656937e-05,0.4419238783020315,28,bandpass
1.7589020722044231e-07,7e-07,1.667711610177234e-07,2.2e-07,2.0686992654656937e-05,0.25187202202200354,28,bandpass
1.4549974427054248e-07,7e-07,1.6813874295103034e-07,2.2e-07,2.0686992654656937e-05,0.05033437408979077,28,bandpass
1.7589020722044231e-07,7e-07,1.6813874295103034e-07,2.2e-07,2.0686992654656937e-05,0.4419238783020315,28,bandpass
1.7589020722044231e-07,7e-07,1.6813874295103034e-07,2.2e-07,2.0686992654656937e-05,0.4419238783020315,28,bandpass
1.7589020722044231e-07,7e-07,1.6813874295103034e-07,2.2e-07,2.0686992654656937e-05,0.4419238783020315,28,bandpass
1.7589020722044231e-07,7e-07,1.6813874295103034e-07,2.2e-07,2.0686992654656937e-05,0.4419238783020315,28,bandpass
1.7589020722044231e-07,7e-07,1.6813874295103034e-07,2.2e-07,2.0686992654656937e-05,0.4419238783020315,28,bandpass
1.7589020722044231e-07,7e-07,1.6813874295103034e-07,2.2e-07,2.0686992654656937e-05,0.4419238783020315,28,bandpass
1.7589020722044231e-07,7e-07,1.6813874295103034e-07,2.2e-07,2.0686992654656937e-05,0.4419238783020315,28,bandpass
1.7589020722044231e-07,7e-07,1.6813874295103034e-07,2.2e-07,2.0686992654656937e-05,0.4419238783020315,28,bandpass
1.7589020722044231e-07,7e-07,1.6813874295103034e-07,2.2e-07,2.0686992654656937e-05,0.4419238783020315,28,bandpass
1.7589020722044231e-07,7e-07,1.6813874295103034e-07,2.2e-07,2.0686992654656937e-05,0.4419238783020315,28,bandpass
2.15552488667365e-07,7e-07,1.6813874295103034e-07,2.2e-07,2.0686992654656937e-05,0.14603575036957375,28,bandpass
1.7589020722044231e-07,4.63199173388661e-07,1.6813874295103034e-07,2.2e-07,2.0686992654656937e-05,0.24824163240924438,28,bandpass
1.7589020722044231e-07,7e-07,1.6813874295103034e-07,2.2e-07,2.0686992654656937e-05,0.4419238783020315,28,bandpass
1.7589020722044231e-07,7e-07,1.6813874295103034e-07,2.2e-07,3.235983547316793e-05,0.3950152969372707,28,bandpass
1.7589020722044231e-07,7e-07,1.6813874295103034e-07,2.2e-07,2.0686992654656937e-05,0.4419238783020315,28,bandpass
1.7589020722044231e-07,7e-07,1.6813874295103034e-07,2.2e-07,2.0686992654656937e-05,0.4419238783020315,28,bandpass
1.7589020722044231e-07,7e-07,1.6813874295103034e-07,2.2e-07,3.235983547316793e-05,0.3950152969372707,28,bandpass
1.1984264217157266e-07,7e-07,1.6813874295103034e-07,2.2e-07,2.0686992654656937e-05,0.19135575698974885,28,bandpass
1.7589020722044231e-07,7e-07,1.7253978706373042e-07,2.2e-07,2.0686992654656937e-05,0.36845100313145385,28,bandpass
1.7589020722044231e-07,7e-07,1.6813874295103034e-07,2.2e-07,2.0686992654656937e-05,0.4419238783020315,28,bandpass
1.7589020722044231e-07,7e-07,1.6813874295103034e-07,2.2e-07,2.0686992654656937e-05,0.4419238783020315,28,bandpass
1.7589020722044231e-07,7e-07,1.6813874295103034e-07,2.2e-07,3.235983547316793e-05,0.3950152969372707,28,bandpass
1.7589020722044231e-07,7e-07,1.6813874295103034e-07,2.2e-07,3.235983547316793e-05,0.3950152969372707,28,bandpass
1.7589020722044231e-07,7e-07,1.6813874295103034e-07,2.2e-07,2.0686992654656937e-05,0.4419238783020315,28,bandpass
1.7589020722044231e-07,7e-07,1.6813874295103034e-07,2.2e-07,3.239449088221107e-05,0.3950152969372707,28,bandpass
1.7589020722044231e-07,7e-07,1.6813874295103034e-07,2.2e-07,2.0686992654656937e-05,0.4419238783020315,28,bandpass
1.7589020722044231e-07,7e-07,1.6813874295103034e-07,2.2e-07,2.0686992654656937e-05,0.4419238783020315,28,bandpass
1.7589020722044231e-07,7e-07,1.6813874295103034e-07,2.2e-07,2.0686992654656937e-05,0.4419238783020315,28,bandpass
1.7589020722044231e-07,7e-07,1.6813874295103034e-07,2.2e-07,2.0686992654656937e-05,0.4419238783020315,28,bandpass
1.7589020722044231e-07,7e-07,1.6813874295103034e-07,2.2e-07,2.0686992654656937e-05,0.4419238783020315,28,bandpass
1.7589020722044231e-07,7e-07,1.6813874295103034e-07,2.2e-07,2.0686992654656937e-05,0.4419238783020315,29,bandpass
1.7589020722044231e-07,7e-07,1.6813874295103034e-07,2.2e-07,2.0686992654656937e-05,0.4419238783020315,29,bandpass
1.7589020722044231e-07,7e-07,1.6813874295103034e-07,2.2e-07,4.343965529251048e-05,0.3074049696538834,29,bandpass
1.7589020722044231e-07,7e-07,1.6813874295103034e-07,2.2e-07,2.0686992654656937e-05,0.4419238783020315,29,bandpass
1.7589020722044231e-07,7e-07,1.6813874295103034e-07,2.2e-07,2.0686992654656937e-05,0.4419238783020315,29,bandpass
1.7589020722044231e-07,7e-07,1.6813874295103034e-07,2.2e-07,2.0686992654656937e-05,0.4419238783020315,29,bandpass
1.7589020722044231e-07,7e-07,1.6813874295103034e-07,2.2e-07,2.0686992654656937e-05,0.4419238783020315,29,bandpass
1.7589020722044231e-07,7e-07,1.6813874295103034e-07,2.2e-07,2.0686992654656937e-05,0.4419238783020315,29,bandpass
1.7589020722044231e-07,7e-07,1.6813874295103034e-07,2.2e-07,2.0686992654656937e-05,0.4419238783020315,29,bandpass
1.7589020722044231e-07,6.263092524644796e-07,1.6813874295103034e-07,2.2e-07,2.0686992654656937e-05,0.18564678042465493,29,bandpass
1.7589020722044231e-07,7e-07,1.6813874295103034e-07,2.2e-07,2.0686992654656937e-05,0.4419238783020315,29,bandpass
1.7589020722044231e-07,7e-07,1.6813874295103034e-07,2.2e-07,2.0686992654656937e-05,0.4419238783020315,29,bandpass
1.7589020722044231e-07,7e-07,1.6813874295103034e-07,2.2e-07,2.0585733552922002e-05,0.4419596170006631,29,bandpass
1.7589020722044231e-07,7e-07,1.6813874295103034e-07,2.2e-07,2.0686992654656937e-05,0.4419238783020315,29,bandpass
1.7589020722044231e-07,7e-07,1.6813874295103034e-07,2.2e-07,2.0686992654656937e-05,0.4419238783020315,29,bandpass
1.7589020722044231e-07,7e-07,1.6813874295103034e-07,2.2e-07,2.0686992654656937e-05,0.4419238783020315,29,bandpass
1.7589020722044231e-07,7e-07,1.6813874295103034e-07,2.2e-07,2.0686992654656937e-05,0.4419238783020315,29,bandpass
1.7589020722044231e-07,7e-07,1.6813874295103034e-07,2.2e-07,2.0686992654656937e-05,0.4419238783020315,29,bandpass
1.7589020722044231e-07,7e-07,1.6813874295103034e-07,2.2e-07,2.0686992654656937e-05,0.4419238783020315,29,bandpass
1.7589020722044231e-07,7e-07,1.6813874295103034e-07,2.2e-07,2.0686992654656937e-05,0.4419238783020315,29,bandpass
1.3552479604687077e-07,7e-07,1.6813874295103034e-07,2.2e-07,2.0686992654656937e-05,0.13041806498924952,29,bandpass
1.7589020722044231e-07,7e-07,1.6813874295103034e-07,2.2e-07,2.0686992654656937e-05,0.4419238783020315,29,bandpass
1.7589020722044231e-07,7e-07,1.6813874295103034e-07,2.2e-07,2.0686992654656937e-05,0.4419238783020315,29,bandpass
1.7589020722044231e-07,7e-07,1.6813874295103034e-07,2.2e-07,2.0686992654656937e-05,0.4419238783020315,29,bandpass
1.7589020722044231e-07,7e-07,1.6813874295103034e-07,2.2e-07,2.0686992654656937e-05,0.4419238783020315,29,bandpass
1.7589020722044231e-07,7e-07,1.6813874295103034e-07,2.2e-07,2.0686992654656937e-05,0.4419238783020315,29,bandpass
1.7589020722044231e-07,7e-07,1.6813874295103034e-07,2.2e-07,2.0686992654656937e-05,0.4419238783020315,29,bandpass
1.7589020722044231e-07,7e-07,1.6813874295103034e-07,2.2e-07,2.0686992654656937e-05,0.4419238783020315,29,bandpass
1.7589020722044231e-07,7e-07,1.6813874295103034e-07,2.2e-07,2.0686992654656937e-05,0.4419238783020315,29,bandpass
1.7589020722044231e-07,7e-07,1.6813874295103034e-07,2.2e-07,2.0686992654656937e-05,0.4419238783020315,29,bandpass
1.7589020722044231e-07,7e-07,1.6813874295103034e-07,2.2e-07,2.0686992654656937e-05,0.4419238783020315,29,bandpass
1.7589020722044231e-07,7e-07,1.6813874295103034e-07,2.2e-07,2.0686992654656937e-05,0.4419238783020315,29,bandpass
1.7589020722044231e-07,7e-07,1.6813874295103034e-07,2.2e-07,2.0686992654656937e-05,0.4419238783020315,29,bandpass
1.7589020722044231e-07,7e-07,1.6813874295103034e-07,2.2e-07,2.0686992654656937e-05,0.4419238783020315,29,bandpass
1.7589020722044231e-07,7e-07,1.6813874295103034e-07,2.2e-07,2.0686992654656937e-05,0.4419238783020315,29,bandpass
1.7589020722044231e-07,6.935863331730394e-07,1.6813874295103034e-07,2.2e-07,2.0686992654656937e-05,0.3146873031818064,29,bandpass
1.7589020722044231e-07,7e-07,1.6813874295103034e-07,2.2e-07,2.0686992654656937e-05,0.4419238783020315,29,bandpass
1.7589020722044231e-07,7e-07,1.6813874295103034e-07,2.2e-07,2.0686992654656937e-05,0.4419238783020315,29,bandpass
1.7589020722044231e-07,7e-07,1.6813874295103034e-07,2.2e-07,2.0686992654656937e-05,0.4419238783020315,29,bandpass
1.7589020722044231e-07,7e-07,2.499908497589568e-07,2.2e-07,2.0686992654656937e-05,0.2649361015912732,29,bandpass
1.7589020722044231e-07,7e-07,1.6653441178511757e-07,2.2e-07,2.0686992654656937e-05,0.2435789081627356,29,bandpass
1.7589020722044231e-07,7e-07,1.6813874295103034e-07,2.2e-07,2.0686992654656937e-05,0.4419238783020315,29,bandpass
1.7589020722044231e-07,7e-07,1.6813874295103034e-07,2.2e-07,2.0686992654656937e-05,0.4419238783020315,29,bandpass
1.7589020722044231e-07,7e-07,1.6813874295103034e-07,2.2e-07,2.0686992654656937e-05,0.4419238783020315,29,bandpass
1.7589020722044231e-07,7e-07,1.6813874295103034e-07,2.2e-07,2.0686992654656937e-05,0.4419238783020315,29,bandpass
1.7589020722044231e-07,7e-07,1.6813874295103034e-07,2.2e-07,4.336927679855026e-05,0.3074049696538834,29,bandpass
1.7589020722044231e-07,7e-07,1.6813874295103034e-07,2.2e-07,2.0686992654656937e-05,0.4419238783020315,29,bandpass
1.7589020722044231e-07,7e-07,1.6813874295103034e-07,2.2e-07,2.0686992654656937e-05,0.4419238783020315,29,bandpass
1.7589020722044231e-07,7e-07,1.6813874295103034e-07,2.2e-07,2.0686992654656937e-05,0.4419238783020315,29,bandpass
1.7589020722044231e-07,7e-07,1.6813874295103034e-07,2.2e-07,2.0686992654656937e-05,0.4419238783020315,29,bandpass
1.7589020722044231e-07,7e-07,1.6813874295103034e-07,2.2e-07,2.0585733552922002e-05,0.4419596170006631,30,bandpass
1.7589020722044231e-07,7e-07,1.6813874295103034e-07,2.2e-07,2.0686992654656937e-05,0.4419238783020315,30,bandpass
1.7589020722044231e-07,7e-07,1.6813874295103034e-07,2.2e-07,2.0686992654656937e-05,0.4419238783020315,30,bandpass
1.7589020722044231e-07,7e-07,1.6813874295103034e-07,2.2e-07,2.0686992654656937e-05,0.4419238783020315,30,bandpass
1.7589020722044231e-07,7e-07,1.6813874295103034e-07,2.2e-07,2.0686992654656937e-05,0.4419238783020315,30,bandpass
1.7589020722044231e-07,7e-07,1.6813874295103034e-07,2.2e-07,2.0686992654656937e-05,0.4419238783020315,30,bandpass
1.7589020722044231e-07,7e-07,1.6813874295103034e-07,2.2e-07,2.0585733552922002e-05,0.4419596170006631,30,bandpass
1.7589020722044231e-07,7e-07,1.6813874295103034e-07,2.2e-07,2.0686992654656937e-05,0.4419238783020315,30,bandpass
1.7589020722044231e-07,7e-07,1.6813874295103034e-07,2.2e-07,2.0686992654656937e-05,0.4419238783020315,30,bandpass
1.7589020722044231e-07,7e-07,1.6813874295103034e-07,2.2e-07,2.0686992654656937e-05,0.4419238783020315,30,bandpass
1.7589020722044231e-07,7e-07,1.6813874295103034e-07,2.2e-07,2.0686992654656937e-05,0.4419238783020315,30,bandpass
1.7589020722044231e-07,7e-07,1.6813874295103034e-07,2.2e-07,2.0686992654656937e-05,0.4419238783020315,30,bandpass
1.7589020722044231e-07,7e-07,1.6813874295103034e-07,2.2e-07,2.0585733552922002e-05,0.4419596170006631,30,bandpass
1.7253571269309232e-07,7e-07,1.6813874295103034e-07,2.2e-07,2.0686992654656937e-05,0.23219361362349805,30,bandpass
1.7589020722044231e-07,7e-07,1.6813874295103034e-07,2.2e-07,2.0686992654656937e-05,0.4419238783020315,30,bandpass
1.7589020722044231e-07,7e-07,1.6813874295103034e-07,2.2e-07,2.0686992654656937e-05,0.4419238783020315,30,bandpass
1.7589020722044231e-07,7e-07,1.6813874295103034e-07,2.2e-07,2.0686992654656937e-05,0.4419238783020315,30,bandpass
1.7589020722044231e-07,7e-07,1.6813874295103034e-07,2.2e-07,2.277064923179179e-05,0.26060512838716293,30,bandpass
1.7589020722044231e-07,7e-07,1.6813874295103034e-07,2.2e-07,2.0585733552922002e-05,0.4419596170006631,30,bandpass
1.7589020722044231e-07,7e-07,1.6813874295103034e-07,2.2e-07,2.0585733552922002e-05,0.4419596170006631,30,bandpass
1.7589020722044231e-07,7e-07,1.6813874295103034e-07,2.2e-07,2.0585733552922002e-05,0.4419596170006631,30,bandpass
1.7589020722044231e-07,7e-07,1.6813874295103034e-07,2.2e-07,2.0686992654656937e-05,0.4419238783020315,30,bandpass
1.7589020722044231e-07,7e-07,1.6813874295103034e-07,2.2e-07,2.0686992654656937e-05,0.4419238783020315,30,bandpass
1.7589020722044231e-07,7e-07,1.6813874295103034e-07,2.2e-07,2.0686992654656937e-05,0.4419238783020315,30,bandpass
1.7589020722044231e-07,7e-07,1.6813874295103034e-07,2.2e-07,2.0686992654656937e-05,0.4419238783020315,30,bandpass
1.7589020722044231e-07,7e-07,1.6813874295103034e-07,2.2e-07,2.0686992654656937e-05,0.4419238783020315,30,bandpass
1.7589020722044231e-07,7e-07,1.6813874295103034e-07,2.2e-07,2.0585733552922002e-05,0.4419596170006631,30,bandpass
1.7589020722044231e-07,7e-07,1.6813874295103034e-07,2.2e-07,2.0585733552922002e-05,0.4419596170006631,30,bandpass
1.7589020722044231e-07,7e-07,1.6813874295103034e-07,2.2e-07,2.0686992654656937e-05,0.4419238783020315,30,bandpass
1.7589020722044231e-07,7e-07,1.6813874295103034e-07,2.2e-07,2.0686992654656937e-05,0.4419238783020315,30,bandpass
1.7589020722044231e-07,7e-07,1.6813874295103034e-07,2.2e-07,2.0686992654656937e-05,0.4419238783020315,30,bandpass
1.7589020722044231e-07,7e-07,1.6813874295103034e-07,2.2e-07,2.0686992654656937e-05,0.4419238783020315,30,bandpass
1.7589020722044231e-07,7e-07,1.6813874295103034e-07,2.2e-07,2.0686992654656937e-05,0.4419238783020315,30,bandpass
1.8297688800389932e-07,7e-07,1.6813874295103034e-07,2.2e-07,2.0686992654656937e-05,0.3552723817403479,30,bandpass
1.7589020722044231e-07,7e-07,1.6813874295103034e-07,2.2e-07,2.0686992654656937e-05,0.4419238783020315,30,bandpass
1.7589020722044231e-07,7e-07,1.6813874295103034e-07,2.2e-07,2.0585733552922002e-05,0.4419596170006631,30,bandpass
1.7589020722044231e-07,7e-07,1.6813874295103034e-07,2.2e-07,2.0686992654656937e-05,0.4419238783020315,30,bandpass
1.7589020722044231e-07,7e-07,1.6813874295103034e-07,2.2e-07,2.0686992654656937e-05,0.4419238783020315,30,bandpass
1.7589020722044231e-07,7e-07,1.6813874295103034e-07,2.2e-07,2.0686992654656937e-05,0.4419238783020315,30,bandpass
1.7589020722044231e-07,7e-07,1.6813874295103034e-07,2.2e-07,2.0686992654656937e-05,0.4419238783020315,30,bandpass
1.7589020722044231e-07,7e-07,1.6813874295103034e-07,2.2e-07,2.0686992654656937e-05,0.4419238783020315,30,bandpass
1.7589020722044231e-07,5.366487357818334e-07,1.6813874295103034e-07,2.2e-07,2.0686992654656937e-05,0.22829391920574454,30,bandpass
1.7589020722044231e-07,7e-07,1.6813874295103034e-07,2.2e-07,2.0686992654656937e-05,0.4419238783020315,30,bandpass
1.7589020722044231e-07,7e-07,1.6813874295103034e-07,2.2e-07,2.0686992654656937e-05,0.4419238783020315,30,bandpass
1.6923161835298116e-07,7e-07,1.6813874295103034e-07,2.2e-07,2.0686992654656937e-05,0.27140978262975046,30,bandpass
1.7589020722044231e-07,7e-07,1.6813874295103034e-07,2.2e-07,2.0686992654656937e-05,0.4419238783020315,30,bandpass
1.7821072640117237e-07,7e-07,1.6813874295103034e-07,2.2e-07,2.0686992654656937e-05,0.27481700984588364,30,bandpass
1.7589020722044231e-07,7e-07,1.6813874295103034e-07,2.2e-07,2.0585733552922002e-05,0.4419596170006631,30,bandpass
1.7589020722044231e-07,7e-07,1.6813874295103034e-07,2.2e-07,2.0686992654656937e-05,0.4419238783020315,30,bandpass
1.7589020722044231e-07,7e-07,1.6813874295103034e-07,2.2e-07,2.0686992654656937e-05,0.4419238783020315,30,bandpass
1.7589020722044231e-07,7e-07,1.6813874295103034e-07,2.2e-07,2.0585733552922002e-05,0.4419596170006631,31,bandpass
1.7589020722044231e-07,7e-07,1.6813874295103034e-07,2.2e-07,2.0585733552922002e-05,0.4419596170006631,31,bandpass
1.7589020722044231e-07,7e-07,1.6813874295103034e-07,2.2e-07,2.0686992654656937e-05,0.4419238783020315,31,bandpass
1.7589020722044231e-07,7e-07,1.6813874295103034e-07,2.2e-07,2.0686992654656937e-05,0.4419238783020315,31,bandpass
1.7589020722044231e-07,7e-07,1.6813874295103034e-07,2.2e-07,2.0686992654656937e-05,0.4419238783020315,31,bandpass
1.7589020722044231e-07,7e-07,1.6813874295103034e-07,2.2e-07,2.0686992654656937e-05,0.4419238783020315,31,bandpass
1.7589020722044231e-07,7e-07,1.6813874295103034e-07,2.2e-07,2.082089701934232e-05,0.30678415924291635,31,bandpass
1.7589020722044231e-07,7e-07,1.6813874295103034e-07,2.2e-07,2.0585733552922002e-05,0.4419596170006631,31,bandpass
1.7589020722044231e-07,7e-07,1.6813874295103034e-07,2.2e-07,2.0585733552922002e-05,0.4419596170006631,31,bandpass
1.7589020722044231e-07,7e-07,1.6813874295103034e-07,2.2e-07,2.0585733552922002e-05,0.4419596170006631,31,bandpass
1.7589020722044231e-07,7e-07,1.6813874295103034e-07,2.2e-07,2.0585733552922002e-05,0.4419596170006631,31,bandpass
1.7589020722044231e-07,7e-07,1.6813874295103034e-07,2.2e-07,2.0686992654656937e-05,0.4419238783020315,31,bandpass
1.7589020722044231e-07,7e-07,1.6813874295103034e-07,2.2e-07,2.0585733552922002e-05,0.4419596170006631,31,bandpass
1.7589020722044231e-07,7e-07,1.6813874295103034e-07,2.2e-07,2.0686992654656937e-05,0.4419238783020315,31,bandpass
1.7589020722044231e-07,7e-07,1.6813874295103034e-07,2.2e-07,2.0585733552922002e-05,0.4419596170006631,31,bandpass
1.7589020722044231e-07,7e-07,1.6813874295103034e-07,2.2e-07,2.0585733552922002e-05,0.4419596170006631,31,bandpass
1.7589020722044231e-07,7e-07,1.6813874295103034e-07,2.2e-07,2.0585733552922002e-05,0.4419596170006631,31,bandpass
1.735747472292252e-07,7e-07,1.6813874295103034e-07,2.2e-07,2.0686992654656937e-05,0.24396076555807553,31,bandpass
1.7589020722044231e-07,7e-07,1.6813874295103034e-07,2.2e-07,4.5575130544502884e-05,0.40111228760283774,31,bandpass
1.7589020722044231e-07,7e-07,1.6813874295103034e-07,2.2e-07,2.0686992654656937e-05,0.4419238783020315,31,bandpass
2.3472524923657043e-07,7e-07,1.6813874295103034e-07,2.2e-07,2.0585733552922002e-05,0.20414851655617455,31,bandpass
1.7589020722044231e-07,7e-07,1.6813874295103034e-07,2.2e-07,2.0585733552922002e-05,0.4419596170006631,31,bandpass
1.7589020722044231e-07,7e-07,1.6813874295103034e-07,2.2e-07,2.0585733552922002e-05,0.4419596170006631,31,bandpass
1.7589020722044231e-07,7e-07,1.6813874295103034e-07,2.2e-07,2.0686992654656937e-05,0.4419238783020315,31,bandpass
1.7589020722044231e-07,7e-07,1.6813874295103034e-07,2.2e-07,2.0585733552922002e-05,0.4419596170006631,31,bandpass
1.7589020722044231e-07,7e-07,1.6813874295103034e-07,2.2e-07,2.0585733552922002e-05,0.4419596170006631,31,bandpass
1.7589020722044231e-07,7e-07,1.6813874295103034e-07,2.2e-07,2.0585733552922002e-05,0.4419596170006631,31,bandpass
1.7589020722044231e-07,7e-07,1.6813874295103034e-07,2.2e-07,2.0686992654656937e-05,0.4419238783020315,31,bandpass
1.7589020722044231e-07,7e-07,1.6813874295103034e-07,2.2e-07,2.0585733552922002e-05,0.4419596170006631,31,bandpass
1.7589020722044231e-07,7e-07,1.6813874295103034e-07,2.2e-07,2.0686992654656937e-05,0.4419238783020315,31,bandpass
1.7589020722044231e-07,4.608572910106745e-07,1.6813874295103034e-07,2.2e-07,2.0585733552922002e-05,0.24801691814447221,31,bandpass
1.7589020722044231e-07,7e-07,1.6813874295103034e-07,2.2e-07,2.0585733552922002e-05,0.4419596170006631,31,bandpass
1.7589020722044231e-07,7e-07,1.6813874295103034e-07,2.2e-07,2.0585733552922002e-05,0.4419596170006631,31,bandpass
1.7589020722044231e-07,7e-07,1.6813874295103034e-07,2.2e-07,2.0585733552922002e-05,0.4419596170006631,31,bandpass
1.7066378944872494e-07,7e-07,1.6813874295103034e-07,2.2e-07,2.0585733552922002e-05,0.3697324666354367,31,bandpass
1.7589020722044231e-07,7e-07,1.6813874295103034e-07,2.2e-07,2.0585733552922002e-05,0.4419596170006631,31,bandpass
1.7589020722044231e-07,7e-07,1.6813874295103034e-07,2.2e-07,2.0585733552922002e-05,0.4419596170006631,31,bandpass
1.7589020722044231e-07,7e-07,1.6813874295103034e-07,2.2e-07,2.0585733552922002e-05,0.4419596170006631,31,bandpass
1.7589020722044231e-07,7e-07,1.6813874295103034e-07,2.2e-07,2.0585733552922002e-05,0.4419596170006631,31,bandpass
1.7589020722044231e-07,7e-07,1.6813874295103034e-07,2.2e-07,2.0686992654656937e-05,0.4419238783020315,31,bandpass
1.7589020722044231e-07,7e-07,1.6813874295103034e-07,2.2e-07,2.0686992654656937e-05,0.4419238783020315,31,bandpass
1.7589020722044231e-07,7e-07,1.6813874295103034e-07,2.2e-07,2.0686992654656937e-05,0.4419238783020315,31,bandpass
1.7589020722044231e-07,7e-07,1.6813874295103034e-07,2.2e-07,3.224296393545802e-05,0.3949772187437402,31,bandpass
1.7589020722044231e-07,7e-07,1.6813874295103034e-07,2.2e-07,2.0686992654656937e-05,0.4419238783020315,31,bandpass
1.7589020722044231e-07,7e-07,1.6813874295103034e-07,2.2e-07,2.0585733552922002e-05,0.4419596170006631,31,bandpass
1.7589020722044231e-07,7e-07,1.6813874295103034e-07,2.2e-07,2.0686992654656937e-05,0.4419238783020315,31,bandpass
1.7589020722044231e-07,7e-07,1.6813874295103034e-07,2.2e-07,2.0585733552922002e-05,0.4419596170006631,31,bandpass
1.7589020722044231e-07,7e-07,1.6813874295103034e-07,2.2e-07,2.0585733552922002e-05,0.4419596170006631,31,bandpass
1.7589020722044231e-07,7e-07,1.6813874295103034e-07,2.2e-07,3.9223640194834496e-05,0.27065336515390864,31,bandpass
1.7589020722044231e-07,7e-07,1.6813874295103034e-07,2.2e-07,2.0585733552922002e-05,0.4419596170006631,31,bandpass
1.7589020722044231e-07,7e-07,1.6813874295103034e-07,2.2e-07,2.0585733552922002e-05,0.4419596170006631,32,bandpass
1.756478343199034e-07,7e-07,1.6813874295103034e-07,2.2e-07,2.0585733552922002e-05,0.4419596170006631,32,bandpass
1.7589020722044231e-07,7e-07,1.6813874295103034e-07,2.2e-07,2.0585733552922002e-05,0.4419596170006631,32,bandpass
1.7589020722044231e-07,7e-07,1.6813874295103034e-07,2.2e-07,2.0585733552922002e-05,0.4419596170006631,32,bandpass
1.7589020722044231e-07,5.497693262335019e-07,1.6813874295103034e-07,2.2e-07,2.0585733552922002e-05,0.22947072167139398,32,bandpass
1.7589020722044231e-07,7e-07,1.6813874295103034e-07,2.2e-07,2.0585733552922002e-05,0.4419596170006631,32,bandpass
1.7589020722044231e-07,7e-07,1.6813874295103034e-07,2.2e-07,2.0585733552922002e-05,0.4419596170006631,32,bandpass
1.7589020722044231e-07,7e-07,1.6813874295103034e-07,2.2e-07,2.0585733552922002e-05,0.4419596170006631,32,bandpass
1.7589020722044231e-07,7e-07,1.6813874295103034e-07,2.2e-07,2.0585733552922002e-05,0.4419596170006631,32,bandpass
1.7589020722044231e-07,7e-07,1.6813874295103034e-07,2.2e-07,3.856776790953653e-05,0.4056580676412213,32,bandpass
1.7589020722044231e-07,7e-07,1.6813874295103034e-07,2.2e-07,2.0585733552922002e-05,0.4419596170006631,32,bandpass
1.7589020722044231e-07,7e-07,1.6813874295103034e-07,2.2e-07,2.0585733552922002e-05,0.4419596170006631,32,bandpass
1.1653878934673374e-07,7e-07,1.6813874295103034e-07,2.2e-07,2.0585733552922002e-05,0.21764489429256045,32,bandpass
1.7589020722044231e-07,7e-07,1.6813874295103034e-07,2.2e-07,2.0585733552922002e-05,0.4419596170006631,32,bandpass
1.7589020722044231e-07,7e-07,1.6813874295103034e-07,2.2e-07,2.0585733552922002e-05,0.4419596170006631,32,bandpass
1.7589020722044231e-07,7e-07,1.6813874295103034e-07,2.2e-07,2.0585733552922002e-05,0.4419596170006631,32,bandpass
1.7589020722044231e-07,7e-07,1.6813874295103034e-07,2.2e-07,2.0585733552922002e-05,0.4419596170006631,32,bandpass
1.7589020722044231e-07,7e-07,1.6813874295103034e-07,2.2e-07,2.0585733552922002e-05,0.4419596170006631,32,bandpass
1.7589020722044231e-07,7e-07,1.6813874295103034e-07,2.2e-07,2.0585733552922002e-05,0.4419596170006631,32,bandpass
1.7589020722044231e-07,7e-07,1.6813874295103034e-07,2.2e-07,2.0585733552922002e-05,0.4419596170006631,32,bandpass
1.7589020722044231e-07,7e-07,1.6813874295103034e-07,2.2e-07,2.0585733552922002e-05,0.4419596170006631,32,bandpass
1.7589020722044231e-07,7e-07,1.6813874295103034e-07,2.2e-07,2.0585733552922002e-05,0.4419596170006631,32,bandpass
1.8425600819434272e-07,7e-07,1.6813874295103034e-07,2.2e-07,2.0585733552922002e-05,0.22873634635454634,32,bandpass
1.7726668581846884e-07,7e-07,1.6813874295103034e-07,2.2e-07,2.0585733552922002e-05,0.28548870843775237,32,bandpass
1.7589020722044231e-07,7e-07,1.6813874295103034e-07,2.2e-07,2.0585733552922002e-05,0.4419596170006631,32,bandpass
1.7589020722044231e-07,7e-07,1.6813874295103034e-07,2.2e-07,2.279524726997957e-05,0.2606211012192138,32,bandpass
1.7589020722044231e-07,7e-07,1.6813874295103034e-07,2.2e-07,2.0585733552922002e-05,0.4419596170006631,32,bandpass
1.7589020722044231e-07,7e-07,1.6813874295103034e-07,2.2e-07,2.0585733552922002e-05,0.4419596170006631,32,bandpass
1.7589020722044231e-07,7e-07,1.6813874295103034e-07,2.2e-07,2.0585733552922002e-05,0.4419596170006631,32,bandpass
1.7589020722044231e-07,7e-07,1.6813874295103034e-07,2.2e-07,2.0585733552922002e-05,0.4419596170006631,32,bandpass
1.7589020722044231e-07,7e-07,1.6813874295103034e-07,2.2e-07,2.0585733552922002e-05,0.4419596170006631,32,bandpass
1.7589020722044231e-07,7e-07,1.6813874295103034e-07,2.2e-07,2.0585733552922002e-05,0.4419596170006631,32,bandpass
1.7589020722044231e-07,7e-07,1.6813874295103034e-07,2.2e-07,2.0585733552922002e-05,0.4419596170006631,32,bandpass
1.7589020722044231e-07,7e-07,1.6813874295103034e-07,2.2e-07,2.0585733552922002e-05,0.4419596170006631,32,bandpass
1.7589020722044231e-07,7e-07,1.6775524970158546e-07,2.2e-07,2.0585733552922002e-05,0.4419596170006631,32,bandpass
1.7589020722044231e-07,7e-07,1.6813874295103034e-07,2.2e-07,2.0585733552922002e-05,0.4419596170006631,32,bandpass
1.7589020722044231e-07,7e-07,1.6813874295103034e-07,2.2e-07,2.0585733552922002e-05,0.4419596170006631,32,bandpass
1.7589020722044231e-07,7e-07,1.6813874295103034e-07,2.2e-07,2.0585733552922002e-05,0.4419596170006631,32,bandpass
1.7589020722044231e-07,7e-07,1.6813874295103034e-07,2.2e-07,2.0585733552922002e-05,0.4419596170006631,32,bandpass
1.7589020722044231e-07,7e-07,1.6813874295103034e-07,2.2e-07,2.0585733552922002e-05,0.4419596170006631,32,bandpass
1.7589020722044231e-07,7e-07,1.6813874295103034e-07,2.2e-07,2.0585733552922002e-05,0.4419596170006631,32,bandpass
1.7589020722044231e-07,7e-07,1.6813874295103034e-07,2.2e-07,2.0585733552922002e-05,0.4419596170006631,32,bandpass
1.7589020722044231e-07,7e-07,1.6813874295103034e-07,2.2e-07,2.0585733552922002e-05,0.4419596170006631,32,bandpass
1.7589020722044231e-07,7e-07,1.6310493070190432e-07,2.2e-07,2.0585733552922002e-05,0.22487415140756328,32,bandpass
1.7589020722044231e-07,7e-07,1.8721855235725345e-07,2.2e-07,2.0585733552922002e-05,0.17191723906480252,32,bandpass
1.7589020722044231e-07,7e-07,1.6813874295103034e-07,2.2e-07,2.0585733552922002e-05,0.4419596170006631,32,bandpass
1.7589020722044231e-07,7e-07,1.6813874295103034e-07,2.2e-07,2.0686992654656937e-05,0.4419238783020315,32,bandpass
1.7589020722044231e-07,7e-07,1.6813874295103034e-07,2.2e-07,2.0585733552922002e-05,0.4419596170006631,32,bandpass
1.7589020722044231e-07,7e-07,1.6813874295103034e-07,2.2e-07,2.0585733552922002e-05,0.4419596170006631,32,bandpass
1.7589020722044231e-07,7e-07,1.6813874295103034e-07,2.2e-07,2.0585733552922002e-05,0.4419596170006631,32,bandpass
1.7589020722044231e-07,7e-07,1.6813874295103034e-07,2.2e-07,2.0585733552922002e-05,0.4419596170006631,33,bandpass
1.7589020722044231e-07,7e-07,1.6813874295103034e-07,2.2e-07,2.0585733552922002e-05,0.4419596170006631,33,bandpass
1.7589020722044231e-07,7e-07,1.6813874295103034e-07,2.2e-07,2.0585733552922002e-05,0.4419596170006631,33,bandpass
1.7372283648995995e-07,7e-07,1.6813874295103034e-07,2.2e-07,2.0585733552922002e-05,0.2810052311178417,33,bandpass
1.7589020722044231e-07,7e-07,1.6813874295103034e-07,2.2e-07,2.0585733552922002e-05,0.4419596170006631,33,bandpass
1.7589020722044231e-07,7e-07,1.6813874295103034e-07,2.2e-07,2.0585733552922002e-05,0.4419596170006631,33,bandpass
1.7589020722044231e-07,7e-07,1.6813874295103034e-07,2.2e-07,2.0585733552922002e-05,0.4419596170006631,33,bandpass
1.7589020722044231e-07,7e-07,1.6813874295103034e-07,2.2e-07,2.0585733552922002e-05,0.4419596170006631,33,bandpass
1.7589020722044231e-07,7e-07,1.6813874295103034e-07,2.2e-07,2.0585733552922002e-05,0.4419596170006631,33,bandpass
1.756478343199034e-07,7e-07,1.6813874295103034e-07,2.2e-07,2.0585733552922002e-05,0.4419596170006631,33,bandpass
1.7589020722044231e-07,7e-07,1.6813874295103034e-07,2.2e-07,2.0585733552922002e-05,0.4419596170006631,33,bandpass
1.7589020722044231e-07,3.232263256248836e-07,1.6813874295103034e-07,2.2e-07,2.0585733552922002e-05,0.2811022121842693,33,bandpass
1.7589020722044231e-07,7e-07,1.6813874295103034e-07,2.2e-07,2.0585733552922002e-05,0.4419596170006631,33,bandpass
1.7589020722044231e-07,7e-07,1.6813874295103034e-07,2.2e-07,2.0585733552922002e-05,0.4419596170006631,33,bandpass
1.7589020722044231e-07,7e-07,1.6813874295103034e-07,2.2e-07,2.0585733552922002e-05,0.4419596170006631,33,bandpass
1.7589020722044231e-07,7e-07,1.6813874295103034e-07,2.2e-07,2.0585733552922002e-05,0.4419596170006631,33,bandpass
1.7589020722044231e-07,7e-07,1.6813874295103034e-07,2.2e-07,2.0585733552922002e-05,0.4419596170006631,33,bandpass
1.7589020722044231e-07,7e-07,1.6813874295103034e-07,2.2e-07,2.0585733552922002e-05,0.4419596170006631,33,bandpass
1.7589020722044231e-07,7e-07,1.8362131105929383e-07,2.2e-07,2.0585733552922002e-05,0.26446369618513166,33,bandpass
1.7589020722044231e-07,7e-07,1.6123557438959002e-07,2.2e-07,2.0585733552922002e-05,0.18754846935851444,33,bandpass
1.7589020722044231e-07,7e-07,1.6065584534476205e-07,2.2e-07,2.0585733552922002e-05,0.18754846935851444,33,bandpass
1.7589020722044231e-07,7e-07,1.6813874295103034e-07,2.2e-07,2.0585733552922002e-05,0.4419596170006631,33,bandpass
1.756478343199034e-07,7e-07,1.6813874295103034e-07,2.2e-07,2.0585733552922002e-05,0.4419596170006631,33,bandpass
1.7589020722044231e-07,7e-07,1.6813874295103034e-07,2.2e-07,2.0585733552922002e-05,0.4419596170006631,33,bandpass
1.7589020722044231e-07,7e-07,1.6813874295103034e-07,2.2e-07,2.0585733552922002e-05,0.4419596170006631,33,bandpass
1.7589020722044231e-07,7e-07,1.6813874295103034e-07,2.2e-07,2.0585733552922002e-05,0.4419596170006631,33,bandpass
1.7589020722044231e-07,7e-07,1.6813874295103034e-07,2.2e-07,2.0585733552922002e-05,0.4419596170006631,33,bandpass
1.7589020722044231e-07,7e-07,1.6813874295103034e-07,2.2e-07,2.1565945035693842e-05,0.28933915529856125,33,bandpass
1.7589020722044231e-07,7e-07,1.6813874295103034e-07,2.2e-07,2.0585733552922002e-05,0.4419596170006631,33,bandpass
1.7589020722044231e-07,7e-07,1.6813874295103034e-07,2.2e-07,2.0585733552922002e-05,0.4419596170006631,33,bandpass
1.7589020722044231e-07,7e-07,1.6813874295103034e-07,2.2e-07,2.0585733552922002e-05,0.4419596170006631,33,bandpass
1.7589020722044231e-07,7e-07,1.6813874295103034e-07,2.2e-07,2.0585733552922002e-05,0.4419596170006631,33,bandpass
1.7589020722044231e-07,7e-07,1.6813874295103034e-07,2.2e-07,2.0585733552922002e-05,0.4419596170006631,33,bandpass
1.7589020722044231e-07,6.835573698169112e-07,1.6813874295103034e-07,2.2e-07,2.0585733552922002e-05,0.28845800599000043,33,bandpass
1.68658525632009e-07,7e-07,1.6813874295103034e-07,2.2e-07,2.0585733552922002e-05,0.21476374665419312,33,bandpass
1.7589020722044231e-07,7e-07,1.7337718827720365e-07,2.2e-07,2.0585733552922002e-05,0.24673679529339285,33,bandpass
1.7589020722044231e-07,7e-07,1.6813874295103034e-07,2.2e-07,2.0585733552922002e-05,0.4419596170006631,33,bandpass
1.7589020722044231e-07,7e-07,1.6813874295103034e-07,2.2e-07,2.0585733552922002e-05,0.4419596170006631,33,bandpass
1.7589020722044231e-07,7e-07,1.6813874295103034e-07,2.2e-07,2.0585733552922002e-05,0.4419596170006631,33,bandpass
1.7589020722044231e-07,7e-07,1.6813874295103034e-07,2.2e-07,2.0585733552922002e-05,0.4419596170006631,33,bandpass
1.7589020722044231e-07,7e-07,1.6813874295103034e-07,2.2e-07,2.0585733552922002e-05,0.4419596170006631,33,bandpass
1.7589020722044231e-07,7e-07,1.6813874295103034e-07,2.2e-07,2.0585733552922002e-05,0.4419596170006631,33,bandpass
1.7589020722044231e-07,7e-07,1.6813874295103034e-07,2.2e-07,2.0585733552922002e-05,0.4419596170006631,33,bandpass
1.7589020722044231e-07,7e-07,1.6813874295103034e-07,2.2e-07,2.0585733552922002e-05,0.4419596170006631,33,bandpass
1.7589020722044231e-07,7e-07,1.6813874295103034e-07,2.2e-07,2.0585733552922002e-05,0.4419596170006631,33,bandpass
1.7589020722044231e-07,7e-07,1.6813874295103034e-07,2.2e-07,2.0585733552922002e-05,0.4419596170006631,33,bandpass
1.7589020722044231e-07,7e-07,1.6813874295103034e-07,2.2e-07,2.0585733552922002e-05,0.4419596170006631,33,bandpass
1.7589020722044231e-07,7e-07,1.6813874295103034e-07,2.2e-07,2.0585733552922002e-05,0.4419596170006631,33,bandpass
1.7589020722044231e-07,7e-07,1.6813874295103034e-07,2.2e-07,2.0585733552922002e-05,0.4419596170006631,33,bandpass
1.7589020722044231e-07,7e-07,1.6813874295103034e-07,2.2e-07,2.1917709975877694e-05,0.29963718123200317,33,bandpass
1.7589020722044231e-07,7e-07,1.6813874295103034e-07,2.2e-07,2.0585733552922002e-05,0.4419596170006631,34,bandpass
1.7589020722044231e-07,7e-07,1.6813874295103034e-07,2.2e-07,2.0585733552922002e-05,0.4419596170006631,34,bandpass
1.7589020722044231e-07,7e-07,1.6813874295103034e-07,2.2e-07,2.0585733552922002e-05,0.4419596170006631,34,bandpass
1.7589020722044231e-07,7e-07,1.6813874295103034e-07,2.2e-07,2.0585733552922002e-05,0.4419596170006631,34,bandpass
1.7589020722044231e-07,7e-07,1.6813874295103034e-07,2.2e-07,2.0585733552922002e-05,0.4419596170006631,34,bandpass
1.7589020722044231e-07,7e-07,1.6813874295103034e-07,2.2e-07,2.0585733552922002e-05,0.4419596170006631,34,bandpass
1.7589020722044231e-07,7e-07,1.6813874295103034e-07,2.2e-07,2.0585733552922002e-05,0.4419596170006631,34,bandpass
1.7589020722044231e-07,7e-07,1.6813874295103034e-07,2.2e-07,2.0585733552922002e-05,0.4419596170006631,34,bandpass
1.7589020722044231e-07,7e-07,1.6813874295103034e-07,2.2e-07,2.0585733552922002e-05,0.4419596170006631,34,bandpass
1.7589020722044231e-07,7e-07,1.6813874295103034e-07,2.2e-07,2.0585733552922002e-05,0.4419596170006631,34,bandpass
1.7589020722044231e-07,7e-07,1.6813874295103034e-07,2.2e-07,2.0585733552922002e-05,0.4419596170006631,34,bandpass
1.7589020722044231e-07,7e-07,1.6813874295103034e-07,2.2e-07,2.0585733552922002e-05,0.4419596170006631,34,bandpass
1.7589020722044231e-07,7e-07,1.6813874295103034e-07,2.2e-07,2.0585733552922002e-05,0.4419596170006631,34,bandpass
1.7589020722044231e-07,7e-07,1.6813874295103034e-07,2.2e-07,2.0585733552922002e-05,0.4419596170006631,34,bandpass
1.7589020722044231e-07,7e-07,1.7742175865586045e-07,2.2e-07,2.0585733552922002e-05,0.23667673306661152,34,bandpass
1.7589020722044231e-07,7e-07,1.6813874295103034e-07,2.2e-07,2.0585733552922002e-05,0.4419596170006631,34,bandpass
1.756478343199034e-07,7e-07,1.6813874295103034e-07,2.2e-07,2.0585733552922002e-05,0.4419596170006631,34,bandpass
1.7589020722044231e-07,7e-07,1.6813874295103034e-07,2.2e-07,2.0585733552922002e-05,0.4419596170006631,34,bandpass
1.7589020722044231e-07,7e-07,1.6813874295103034e-07,2.2e-07,2.0585733552922002e-05,0.4419596170006631,34,bandpass
1.7589020722044231e-07,7e-07,1.6813874295103034e-07,2.2e-07,2.0585733552922002e-05,0.4419596170006631,34,bandpass
1.7589020722044231e-07,7e-07,1.6813874295103034e-07,2.2e-07,2.0585733552922002e-05,0.4419596170006631,34,bandpass
1.7589020722044231e-07,7e-07,1.6813874295103034e-07,2.2e-07,2.0585733552922002e-05,0.4419596170006631,34,bandpass
1.7589020722044231e-07,7e-07,1.6813874295103034e-07,2.2e-07,2.0585733552922002e-05,0.4419596170006631,34,bandpass
1.7589020722044231e-07,7e-07,1.6813874295103034e-07,2.2e-07,2.0585733552922002e-05,0.4419596170006631,34,bandpass
1.7589020722044231e-07,7e-07,1.6813874295103034e-07,2.2e-07,2.0585733552922002e-05,0.4419596170006631,34,bandpass
1.7589020722044231e-07,7e-07,1.6813874295103034e-07,2.2e-07,2.0585733552922002e-05,0.4419596170006631,34,bandpass
1.7589020722044231e-07,7e-07,1.6813874295103034e-07,2.2e-07,2.0585733552922002e-05,0.4419596170006631,34,bandpass
1.7589020722044231e-07,7e-07,1.6813874295103034e-07,2.2e-07,2.0585733552922002e-05,0.4419596170006631,34,bandpass
1.7589020722044231e-07,7e-07,1.6813874295103034e-07,2.2e-07,2.0585733552922002e-05,0.4419596170006631,34,bandpass
1.7589020722044231e-07,7e-07,1.6813874295103034e-07,2.2e-07,2.0585733552922002e-05,0.4419596170006631,34,bandpass
1.7589020722044231e-07,7e-07,1.6813874295103034e-07,2.2e-07,2.0585733552922002e-05,0.4419596170006631,34,bandpass
1.7589020722044231e-07,7e-07,1.6813874295103034e-07,2.2e-07,2.0585733552922002e-05,0.4419596170006631,34,bandpass
1.7589020722044231e-07,7e-07,1.6813874295103034e-07,2.2e-07,2.0585733552922002e-05,0.4419596170006631,34,bandpass
1.7589020722044231e-07,7e-07,1.6813874295103034e-07,2.2e-07,2.0585733552922002e-05,0.4419596170006631,34,bandpass
1.7589020722044231e-07,7e-07,1.6813874295103034e-07,2.2e-07,2.0585733552922002e-05,0.4419596170006631,34,bandpass
1.7589020722044231e-07,7e-07,1.6813874295103034e-07,2.2e-07,2.0585733552922002e-05,0.4419596170006631,34,bandpass
1.7589020722044231e-07,7e-07,1.6813874295103034e-07,2.2e-07,2.0585733552922002e-05,0.4419596170006631,34,bandpass
1.7589020722044231e-07,3.7811133177703875e-07,1.6813874295103034e-07,2.2e-07,2.0585733552922002e-05,0.27388447474708616,34,bandpass
1.7589020722044231e-07,7e-07,1.6813874295103034e-07,2.2e-07,2.0585733552922002e-05,0.4419596170006631,34,bandpass
1.7589020722044231e-07,4.005807932253126e-07,1.6813874295103034e-07,2.2e-07,2.0585733552922002e-05,0.26063733610222983,34,bandpass
1.7589020722044231e-07,7e-07,1.7232382269774044e-07,2.2e-07,2.0585733552922002e-05,0.38403506526329234,34,bandpass
1.7589020722044231e-07,7e-07,1.6813874295103034e-07,2.2e-07,2.0585733552922002e-05,0.4419596170006631,34,bandpass
1.78586102042182e-07,7e-07,1.6813874295103034e-07,2.2e-07,2.0585733552922002e-05,0.22642716150324688,34,bandpass
1.7589020722044231e-07,7e-07,1.6813874295103034e-07,2.2e-07,2.0585733552922002e-05,0.4419596170006631,34,bandpass
1.7589020722044231e-07,7e-07,1.6813874295103034e-07,2.2e-07,2.0585733552922002e-05,0.4419596170006631,34,bandpass
1.7589020722044231e-07,7e-07,1.6813874295103034e-07,2.2e-07,2.0585733552922002e-05,0.4419596170006631,34,bandpass
1.7589020722044231e-07,7e-07,1.6813874295103034e-07,2.2e-07,2.0585733552922002e-05,0.4419596170006631,34,bandpass
1.7589020722044231e-07,7e-07,1.6813874295103034e-07,2.2e-07,2.0585733552922002e-05,0.4419596170006631,34,bandpass
1.7589020722044231e-07,7e-07,1.6813874295103034e-07,2.2e-07,2.0585733552922002e-05,0.4419596170006631,34,bandpass
1.7589020722044231e-07,7e-07,1.6813874295103034e-07,2.2e-07,2.0585733552922002e-05,0.4419596170006631,34,bandpass
1.7589020722044231e-07,7e-07,1.6813874295103034e-07,2.2e-07,2.0585733552922002e-05,0.4419596170006631,35,bandpass
1.7589020722044231e-07,7e-07,1.6813874295103034e-07,2.2e-07,2.0585733552922002e-05,0.4419596170006631,35,bandpass
1.7589020722044231e-07,5.172162294270106e-07,1.6813874295103034e-07,2.2e-07,2.0585733552922002e-05,0.23314202792450317,35,bandpass
1.7589020722044231e-07,7e-07,1.6813874295103034e-07,2.2e-07,2.0585733552922002e-05,0.4419596170006631,35,bandpass
1.7589020722044231e-07,7e-07,1.6813874295103034e-07,2.2e-07,2.0585733552922002e-05,0.4419596170006631,35,bandpass
1.7589020722044231e-07,7e-07,1.6813874295103034e-07,2.2e-07,2.0585733552922002e-05,0.4419596170006631,35,bandpass
1.7589020722044231e-07,7e-07,1.6813874295103034e-07,2.2e-07,2.0585733552922002e-05,0.4419596170006631,35,bandpass
1.7589020722044231e-07,7e-07,1.6813874295103034e-07,2.2e-07,2.0585733552922002e-05,0.4419596170006631,35,bandpass
1.7589020722044231e-07,7e-07,1.6813874295103034e-07,2.2e-07,2.0585733552922002e-05,0.4419596170006631,35,bandpass
1.7297142742699125e-07,7e-07,1.6813874295103034e-07,2.2e-07,2.0585733552922002e-05,0.24849517406578056,35,bandpass
1.7589020722044231e-07,7e-07,1.6813874295103034e-07,2.2e-07,2.0585733552922002e-05,0.4419596170006631,35,bandpass
1.7589020722044231e-07,7e-07,1.6813874295103034e-07,2.2e-07,2.0585733552922002e-05,0.4419596170006631,35,bandpass
1.7589020722044231e-07,7e-07,1.6813874295103034e-07,2.2e-07,2.0585733552922002e-05,0.4419596170006631,35,bandpass
1.7589020722044231e-07,7e-07,1.6813874295103034e-07,2.2e-07,2.0585733552922002e-05,0.4419596170006631,35,bandpass
1.7589020722044231e-07,7e-07,1.7554760782842012e-07,2.2e-07,2.0585733552922002e-05,0.2807503662893869,35,bandpass
1.7589020722044231e-07,7e-07,1.6813874295103034e-07,2.2e-07,2.0585733552922002e-05,0.4419596170006631,35,bandpass
1.7589020722044231e-07,7e-07,1.6813874295103034e-07,2.2e-07,2.0585733552922002e-05,0.4419596170006631,35,bandpass
1.7589020722044231e-07,7e-07,1.6813874295103034e-07,2.2e-07,2.0585733552922002e-05,0.4419596170006631,35,bandpass
1.7589020722044231e-07,7e-07,1.6813874295103034e-07,2.2e-07,2.0585733552922002e-05,0.4419596170006631,35,bandpass
1.7589020722044231e-07,7e-07,1.6813874295103034e-07,2.2e-07,3.2775654737423644e-05,0.27378210233587685,35,bandpass
1.7589020722044231e-07,7e-07,1.6813874295103034e-07,2.2e-07,2.0585733552922002e-05,0.4419596170006631,35,bandpass
1.7589020722044231e-07,7e-07,1.6813874295103034e-07,2.2e-07,2.0585733552922002e-05,0.4419596170006631,35,bandpass
1.7589020722044231e-07,7e-07,1.6813874295103034e-07,2.2e-07,2.0585733552922002e-05,0.4419596170006631,35,bandpass
1.7589020722044231e-07,5.937750657548345e-07,1.6813874295103034e-07,2.2e-07,2.0585733552922002e-05,0.19698896110384473,35,bandpass
1.7589020722044231e-07,7e-07,1.6813874295103034e-07,2.2e-07,2.0585733552922002e-05,0.4419596170006631,35,bandpass
1.7589020722044231e-07,7e-07,1.6813874295103034e-07,2.2e-07,2.0585733552922002e-05,0.4419596170006631,35,bandpass
1.7589020722044231e-07,7e-07,1.6813874295103034e-07,2.2e-07,2.0585733552922002e-05,0.4419596170006631,35,bandpass
1.7589020722044231e-07,7e-07,1.6813874295103034e-07,2.2e-07,2.0585733552922002e-05,0.4419596170006631,35,bandpass
1.7589020722044231e-07,7e-07,1.6813874295103034e-07,2.2e-07,2.0585733552922002e-05,0.4419596170006631,35,bandpass
1.7589020722044231e-07,7e-07,1.6813874295103034e-07,2.2e-07,2.0585733552922002e-05,0.4419596170006631,35,bandpass
1.7589020722044231e-07,7e-07,1.6813874295103034e-07,2.2e-07,2.0585733552922002e-05,0.4419596170006631,35,bandpass
1.7589020722044231e-07,7e-07,1.6813874295103034e-07,2.2e-07,2.0585733552922002e-05,0.4419596170006631,35,bandpass
1.7589020722044231e-07,7e-07,1.6813874295103034e-07,2.2e-07,2.0585733552922002e-05,0.4419596170006631,35,bandpass
1.7589020722044231e-07,7e-07,1.6813874295103034e-07,2.2e-07,2.0585733552922002e-05,0.4419596170006631,35,bandpass
1.7589020722044231e-07,7e-07,1.6813874295103034e-07,2.2e-07,2.0585733552922002e-05,0.4419596170006631,35,bandpass
1.7589020722044231e-07,7e-07,1.6813874295103034e-07,2.2e-07,2.0585733552922002e-05,0.4419596170006631,35,bandpass
1.7589020722044231e-07,7e-07,1.6813874295103034e-07,2.2e-07,2.0585733552922002e-05,0.4419596170006631,35,bandpass
1.7589020722044231e-07,7e-07,1.6813874295103034e-07,2.2e-07,2.0585733552922002e-05,0.4419596170006631,35,bandpass
1.7589020722044231e-07,7e-07,1.6813874295103034e-07,2.2e-07,2.0585733552922002e-05,0.4419596170006631,35,bandpass
1.7589020722044231e-07,7e-07,1.6813874295103034e-07,2.2e-07,2.0585733552922002e-05,0.4419596170006631,35,bandpass
1.7589020722044231e-07,7e-07,1.6813874295103034e-07,2.2e-07,1.9115797677948995e-05,0.35209724764790795,35,bandpass
1.7589020722044231e-07,7e-07,1.6089252532824404e-07,2.2e-07,2.0585733552922002e-05,0.14724879696427706,35,bandpass
1.7589020722044231e-07,7e-07,1.6813874295103034e-07,2.2e-07,2.0585733552922002e-05,0.4419596170006631,35,bandpass
1.7589020722044231e-07,7e-07,1.6813874295103034e-07,2.2e-07,2.0585733552922002e-05,0.4419596170006631,35,bandpass
1.7589020722044231e-07,7e-07,1.6813874295103034e-07,2.2e-07,2.0585733552922002e-05,0.4419596170006631,35,bandpass
1.7589020722044231e-07,7e-07,1.6813874295103034e-07,2.2e-07,2.0585733552922002e-05,0.4419596170006631,35,bandpass
1.7589020722044231e-07,7e-07,1.6813874295103034e-07,2.2e-07,2.0585733552922002e-05,0.4419596170006631,35,bandpass
1.7589020722044231e-07,7e-07,1.6813874295103034e-07,2.2e-07,2.0585733552922002e-05,0.4419596170006631,35,bandpass
1.7589020722044231e-07,7e-07,1.6813874295103034e-07,2.2e-07,2.0585733552922002e-05,0.4419596170006631,35,bandpass
1.7589020722044231e-07,7e-07,1.6813874295103034e-07,2.2e-07,2.0585733552922002e-05,0.4419596170006631,35,bandpass
1.7589020722044231e-07,7e-07,1.6813874295103034e-07,2.2e-07,2.0585733552922002e-05,0.4419596170006631,36,bandpass
1.7621797356804335e-07,7e-07,1.6813874295103034e-07,2.2e-07,2.0585733552922002e-05,0.4419596170006631,36,bandpass
1.7589020722044231e-07,6.830825869566731e-07,1.6813874295103034e-07,2.2e-07,2.0585733552922002e-05,0.29684062808367584,36,bandpass
1.7589020722044231e-07,7e-07,1.6813874295103034e-07,2.2e-07,2.0585733552922002e-05,0.4419596170006631,36,bandpass
1.82412434425366e-07,7e-07,1.6813874295103034e-07,2.2e-07,2.0585733552922002e-05,0.3186134355746149,36,bandpass
1.7589020722044231e-07,7e-07,1.6813874295103034e-07,2.2e-07,2.0585733552922002e-05,0.4419596170006631,36,bandpass
1.7589020722044231e-07,7e-07,1.6813874295103034e-07,2.2e-07,2.0585733552922002e-05,0.4419596170006631,36,bandpass
1.7589020722044231e-07,7e-07,1.6813874295103034e-07,2.2e-07,2.0585733552922002e-05,0.4419596170006631,36,bandpass
1.7589020722044231e-07,7e-07,1.6813874295103034e-07,2.2e-07,2.0585733552922002e-05,0.4419596170006631,36,bandpass
1.7589020722044231e-07,7e-07,1.6813874295103034e-07,2.2e-07,2.0585733552922002e-05,0.4419596170006631,36,bandpass
1.7589020722044231e-07,7e-07,1.6813874295103034e-07,2.2e-07,2.0585733552922002e-05,0.4419596170006631,36,bandpass
1.7589020722044231e-07,7e-07,1.6813874295103034e-07,2.2e-07,2.0585733552922002e-05,0.4419596170006631,36,bandpass
1.7589020722044231e-07,7e-07,1.6813874295103034e-07,2.2e-07,2.9049090998181327e-05,0.33544034851633775,36,bandpass
1.7589020722044231e-07,7e-07,1.6813874295103034e-07,2.2e-07,2.0585733552922002e-05,0.4419596170006631,36,bandpass
1.7589020722044231e-07,4.4783047083906546e-07,1.6813874295103034e-07,2.2e-07,2.0585733552922002e-05,0.24820986359852798,36,bandpass
1.7146657265883328e-07,7e-07,1.6813874295103034e-07,2.2e-07,2.0585733552922002e-05,0.26731095207092953,36,bandpass
1.7589020722044231e-07,7e-07,1.6813874295103034e-07,2.2e-07,2.0585733552922002e-05,0.4419596170006631,36,bandpass
1.7589020722044231e-07,7e-07,1.6813874295103034e-07,2.2e-07,2.0585733552922002e-05,0.4419596170006631,36,bandpass
1.7589020722044231e-07,7e-07,1.6813874295103034e-07,2.2e-07,2.0585733552922002e-05,0.4419596170006631,36,bandpass
1.7589020722044231e-07,7e-07,1.6813874295103034e-07,2.2e-07,2.0585733552922002e-05,0.4419596170006631,36,bandpass
1.7589020722044231e-07,7e-07,1.6813874295103034e-07,2.2e-07,2.0585733552922002e-05,0.4419596170006631,36,bandpass
1.7589020722044231e-07,7e-07,1.6813874295103034e-07,2.2e-07,2.0585733552922002e-05,0.4419596170006631,36,bandpass
1.7589020722044231e-07,7e-07,1.6813874295103034e-07,2.2e-07,2.0585733552922002e-05,0.4419596170006631,36,bandpass
1.7589020722044231e-07,4.837587620209052e-07,1.6813874295103034e-07,2.2e-07,2.0585733552922002e-05,0.25449920043269375,36,bandpass
1.7589020722044231e-07,7e-07,1.6813874295103034e-07,2.2e-07,2.0585733552922002e-05,0.4419596170006631,36,bandpass
1.7589020722044231e-07,7e-07,1.6813874295103034e-07,2.2e-07,2.0585733552922002e-05,0.4419596170006631,36,bandpass
1.7589020722044231e-07,7e-07,1.6813874295103034e-07,2.2e-07,2.0585733552922002e-05,0.4419596170006631,36,bandpass
1.7589020722044231e-07,7e-07,1.6813874295103034e-07,2.2e-07,2.0585733552922002e-05,0.4419596170006631,36,bandpass
1.7589020722044231e-07,6.706980959429096e-07,1.6813874295103034e-07,2.2e-07,2.0585733552922002e-05,0.187435621415716,36,bandpass
1.7589020722044231e-07,7e-07,1.622948756853146e-07,2.2e-07,2.0585733552922002e-05,0.22363719606022145,36,bandpass
1.7589020722044231e-07,7e-07,1.6813874295103034e-07,2.2e-07,2.0585733552922002e-05,0.4419596170006631,36,bandpass
1.7589020722044231e-07,7e-07,1.6813874295103034e-07,2.2e-07,2.0585733552922002e-05,0.4419596170006631,36,bandpass
1.7589020722044231e-07,7e-07,1.6813874295103034e-07,2.2e-07,2.0585733552922002e-05,0.4419596170006631,36,bandpass
1.7589020722044231e-07,7e-07,1.6813874295103034e-07,2.2e-07,1.856313660624841e-05,0.23537755641317046,36,bandpass
1.7589020722044231e-07,7e-07,1.6813874295103034e-07,2.2e-07,2.0585733552922002e-05,0.4419596170006631,36,bandpass
1.7589020722044231e-07,7e-07,1.6813874295103034e-07,2.2e-07,2.0585733552922002e-05,0.4419596170006631,36,bandpass
1.7589020722044231e-07,7e-07,1.6813874295103034e-07,2.2e-07,2.0585733552922002e-05,0.4419596170006631,36,bandpass
1.7589020722044231e-07,7e-07,1.6813874295103034e-07,2.2e-07,2.0585733552922002e-05,0.4419596170006631,36,bandpass
1.7589020722044231e-07,7e-07,1.6813874295103034e-07,2.2e-07,2.0585733552922002e-05,0.4419596170006631,36,bandpass
1.7589020722044231e-07,7e-07,1.6813874295103034e-07,2.2e-07,2.0585733552922002e-05,0.4419596170006631,36,bandpass
1.7589020722044231e-07,7e-07,1.6813874295103034e-07,2.2e-07,2.0585733552922002e-05,0.4419596170006631,36,bandpass
1.7589020722044231e-07,7e-07,1.6813874295103034e-07,2.2e-07,2.0585733552922002e-05,0.4419596170006631,36,bandpass
1.7589020722044231e-07,7e-07,1.6813874295103034e-07,2.2e-07,2.0585733552922002e-05,0.4419596170006631,36,bandpass
1.7589020722044231e-07,7e-07,1.6813874295103034e-07,2.2e-07,2.0585733552922002e-05,0.4419596170006631,36,bandpass
1.7589020722044231e-07,7e-07,1.6813874295103034e-07,2.2e-07,2.0585733552922002e-05,0.4419596170006631,36,bandpass
1.7589020722044231e-07,7e-07,1.6813874295103034e-07,2.2e-07,2.0585733552922002e-05,0.4419596170006631,36,bandpass
1.7589020722044231e-07,7e-07,1.6813874295103034e-07,2.2e-07,2.0585733552922002e-05,0.4419596170006631,36,bandpass
1.7589020722044231e-07,7e-07,1.6813874295103034e-07,2.2e-07,2.0585733552922002e-05,0.4419596170006631,36,bandpass
1.7589020722044231e-07,7e-07,1.6813874295103034e-07,2.2e-07,2.0585733552922002e-05,0.4419596170006631,36,bandpass
1.7589020722044231e-07,7e-07,1.6813874295103034e-07,2.2e-07,2.0585733552922002e-05,0.4419596170006631,36,bandpass
1.7589020722044231e-07,7e-07,1.6813874295103034e-07,2.2e-07,2.0585733552922002e-05,0.4419596170006631,37,bandpass
1.7589020722044231e-07,7e-07,1.6813874295103034e-07,2.2e-07,2.0585733552922002e-05,0.4419596170006631,37,bandpass
1.7589020722044231e-07,7e-07,1.6813874295103034e-07,2.2e-07,2.0585733552922002e-05,0.4419596170006631,37,bandpass
1.128225580336838e-07,7e-07,1.6813874295103034e-07,2.2e-07,2.0585733552922002e-05,0.20055636806541347,37,bandpass
1.7589020722044231e-07,7e-07,1.6813874295103034e-07,2.2e-07,2.0585733552922002e-05,0.4419596170006631,37,bandpass
1.7589020722044231e-07,7e-07,1.6813874295103034e-07,2.2e-07,2.0585733552922002e-05,0.4419596170006631,37,bandpass
1.7589020722044231e-07,7e-07,1.6813874295103034e-07,2.2e-07,2.0585733552922002e-05,0.4419596170006631,37,bandpass
1.7589020722044231e-07,7e-07,1.6813874295103034e-07,2.2e-07,2.0585733552922002e-05,0.4419596170006631,37,bandpass
1.7589020722044231e-07,7e-07,1.6813874295103034e-07,2.2e-07,2.0585733552922002e-05,0.4419596170006631,37,bandpass
1.7589020722044231e-07,7e-07,1.6813874295103034e-07,2.2e-07,2.0585733552922002e-05,0.4419596170006631,37,bandpass
1.7589020722044231e-07,7e-07,1.6813874295103034e-07,2.2e-07,2.0585733552922002e-05,0.4419596170006631,37,bandpass
1.7589020722044231e-07,7e-07,1.6813874295103034e-07,2.2e-07,2.0585733552922002e-05,0.4419596170006631,37,bandpass
1.7589020722044231e-07,7e-07,1.6813874295103034e-07,2.2e-07,2.0585733552922002e-05,0.4419596170006631,37,bandpass
1.7589020722044231e-07,7e-07,1.6813874295103034e-07,2.2e-07,2.0585733552922002e-05,0.4419596170006631,37,bandpass
1.7589020722044231e-07,7e-07,1.6813874295103034e-07,2.2e-07,2.0585733552922002e-05,0.4419596170006631,37,bandpass
1.7589020722044231e-07,7e-07,1.6813874295103034e-07,2.2e-07,2.0585733552922002e-05,0.4419596170006631,37,bandpass
1.7589020722044231e-07,7e-07,1.6813874295103034e-07,2.2e-07,2.0585733552922002e-05,0.4419596170006631,37,bandpass
1.7589020722044231e-07,7e-07,1.6813874295103034e-07,2.2e-07,2.0585733552922002e-05,0.4419596170006631,37,bandpass
1.7589020722044231e-07,7e-07,1.6813874295103034e-07,2.2e-07,2.0585733552922002e-05,0.4419596170006631,37,bandpass
1.7589020722044231e-07,7e-07,1.6813874295103034e-07,2.2e-07,2.0585733552922002e-05,0.4419596170006631,37,bandpass
1.7589020722044231e-07,7e-07,1.6813874295103034e-07,2.2e-07,2.0585733552922002e-05,0.4419596170006631,37,bandpass
1.7589020722044231e-07,7e-07,1.6813874295103034e-07,2.2e-07,2.0585733552922002e-05,0.4419596170006631,37,bandpass
1.7589020722044231e-07,7e-07,1.6813874295103034e-07,2.2e-07,2.0585733552922002e-05,0.4419596170006631,37,bandpass
1.7589020722044231e-07,7e-07,1.6813874295103034e-07,2.2e-07,2.0585733552922002e-05,0.4419596170006631,37,bandpass
1.8550364242700957e-07,7e-07,1.6813874295103034e-07,2.2e-07,2.0585733552922002e-05,0.22638533635046906,37,bandpass
1.7589020722044231e-07,7e-07,1.6813874295103034e-07,2.2e-07,2.0585733552922002e-05,0.4419596170006631,37,bandpass
1.7589020722044231e-07,7e-07,1.6813874295103034e-07,2.2e-07,2.0585733552922002e-05,0.4419596170006631,37,bandpass
1.7589020722044231e-07,7e-07,1.6813874295103034e-07,2.2e-07,2.0585733552922002e-05,0.4419596170006631,37,bandpass
1.8207259694223395e-07,7e-07,1.6813874295103034e-07,2.2e-07,2.0585733552922002e-05,0.3564231938368332,37,bandpass
1.7589020722044231e-07,7e-07,1.6813874295103034e-07,2.2e-07,2.0585733552922002e-05,0.4419596170006631,37,bandpass
1.7589020722044231e-07,7e-07,1.6813874295103034e-07,2.2e-07,2.0585733552922002e-05,0.4419596170006631,37,bandpass
1.7589020722044231e-07,7e-07,1.6813874295103034e-07,2.2e-07,2.0585733552922002e-05,0.4419596170006631,37,bandpass
1.7589020722044231e-07,7e-07,1.6813874295103034e-07,2.2e-07,2.0585733552922002e-05,0.4419596170006631,37,bandpass
1.7589020722044231e-07,7e-07,1.6813874295103034e-07,2.2e-07,2.0585733552922002e-05,0.4419596170006631,37,bandpass
1.7589020722044231e-07,7e-07,1.6813874295103034e-07,2.2e-07,2.0585733552922002e-05,0.4419596170006631,37,bandpass
1.7621797356804335e-07,7e-07,1.6813874295103034e-07,2.2e-07,2.0585733552922002e-05,0.4419596170006631,37,bandpass
1.7589020722044231e-07,7e-07,1.6337622038636992e-07,2.2e-07,2.0585733552922002e-05,0.20074484561360315,37,bandpass
1.7589020722044231e-07,7e-07,1.6813874295103034e-07,2.2e-07,2.0585733552922002e-05,0.4419596170006631,37,bandpass
1.7589020722044231e-07,7e-07,1.6813874295103034e-07,2.2e-07,2.0585733552922002e-05,0.4419596170006631,37,bandpass
1.7589020722044231e-07,7e-07,1.6813874295103034e-07,2.2e-07,2.0585733552922002e-05,0.4419596170006631,37,bandpass
1.1355466620353957e-07,7e-07,1.6813874295103034e-07,2.2e-07,2.0585733552922002e-05,0.18331925552988307,37,bandpass
1.7589020722044231e-07,7e-07,1.6813874295103034e-07,2.2e-07,2.0585733552922002e-05,0.4419596170006631,37,bandpass
1.7589020722044231e-07,7e-07,1.6813874295103034e-07,2.2e-07,2.0585733552922002e-05,0.4419596170006631,37,bandpass
1.7589020722044231e-07,7e-07,1.6813874295103034e-07,2.2e-07,2.0585733552922002e-05,0.4419596170006631,37,bandpass
1.7589020722044231e-07,7e-07,1.6813874295103034e-07,2.2e-07,2.0585733552922002e-05,0.4419596170006631,37,bandpass
1.7589020722044231e-07,7e-07,1.6813874295103034e-07,2.2e-07,2.0585733552922002e-05,0.4419596170006631,37,bandpass
1.7589020722044231e-07,7e-07,1.6813874295103034e-07,2.2e-07,2.0585733552922002e-05,0.4419596170006631,37,bandpass
1.7589020722044231e-07,7e-07,1.6813874295103034e-07,2.2e-07,2.0585733552922002e-05,0.4419596170006631,37,bandpass
1.7589020722044231e-07,7e-07,1.6813874295103034e-07,2.2e-07,2.0585733552922002e-05,0.4419596170006631,37,bandpass
1.7589020722044231e-07,7e-07,1.6813874295103034e-07,2.2e-07,2.0585733552922002e-05,0.4419596170006631,37,bandpass
1.7589020722044231e-07,7e-07,1.6813874295103034e-07,2.2e-07,2.0585733552922002e-05,0.3793257346049988,38,bandpass
1.7589020722044231e-07,7e-07,1.6813874295103034e-07,2.2e-07,2.0585733552922002e-05,0.3793257346049988,38,bandpass
1.7589020722044231e-07,6.056387250772609e-07,1.6813874295103034e-07,2.2e-07,2.0585733552922002e-05,0.18299935449824545,38,bandpass
1.7589020722044231e-07,7e-07,1.6813874295103034e-07,2.2e-07,2.0585733552922002e-05,0.3793257346049988,38,bandpass
1.7589020722044231e-07,7e-07,1.6813874295103034e-07,2.2e-07,2.0585733552922002e-05,0.3793257346049988,38,bandpass
1.7589020722044231e-07,7e-07,1.6813874295103034e-07,2.2e-07,2.0585733552922002e-05,0.3793257346049988,38,bandpass
1.7589020722044231e-07,7e-07,1.6813874295103034e-07,2.2e-07,2.0585733552922002e-05,0.3793257346049988,38,bandpass
1.7589020722044231e-07,7e-07,1.6813874295103034e-07,2.2e-07,2.0585733552922002e-05,0.3793257346049988,38,bandpass
1.7589020722044231e-07,7e-07,1.6813874295103034e-07,2.2e-07,2.0585733552922002e-05,0.3793257346049988,38,bandpass
1.7589020722044231e-07,7e-07,1.6813874295103034e-07,2.2e-07,2.0585733552922002e-05,0.3793257346049988,38,bandpass
1.7589020722044231e-07,7e-07,1.6813874295103034e-07,2.2e-07,2.0585733552922002e-05,0.3793257346049988,38,bandpass
1.7589020722044231e-07,7e-07,1.6813874295103034e-07,2.2e-07,2.0585733552922002e-05,0.3793257346049988,38,bandpass
1.7589020722044231e-07,7e-07,1.6813874295103034e-07,2.2e-07,2.0585733552922002e-05,0.3793257346049988,38,bandpass
1.7589020722044231e-07,7e-07,1.6813874295103034e-07,2.2e-07,2.0585733552922002e-05,0.3793257346049988,38,bandpass
1.7589020722044231e-07,7e-07,1.6813874295103034e-07,2.2e-07,4.483081910138649e-05,0.3478569138415267,38,bandpass
1.7589020722044231e-07,7e-07,1.6813874295103034e-07,2.2e-07,2.0585733552922002e-05,0.3793257346049988,38,bandpass
1.7589020722044231e-07,7e-07,1.6813874295103034e-07,2.2e-07,2.0585733552922002e-05,0.3793257346049988,38,bandpass
1.7589020722044231e-07,7e-07,1.6813874295103034e-07,2.2e-07,2.0585733552922002e-05,0.3793257346049988,38,bandpass
1.7589020722044231e-07,7e-07,1.6813874295103034e-07,2.2e-07,2.0585733552922002e-05,0.3793257346049988,38,bandpass
1.7589020722044231e-07,7e-07,1.6813874295103034e-07,2.2e-07,2.0585733552922002e-05,0.3793257346049988,38,bandpass
1.7589020722044231e-07,7e-07,1.6813874295103034e-07,2.2e-07,2.0585733552922002e-05,0.3793257346049988,38,bandpass
1.7589020722044231e-07,7e-07,1.6813874295103034e-07,2.2e-07,2.0585733552922002e-05,0.3793257346049988,38,bandpass
1.7349733701088635e-07,7e-07,1.6813874295103034e-07,2.2e-07,2.0585733552922002e-05,0.27445079262198296,38,bandpass
1.7589020722044231e-07,7e-07,1.6813874295103034e-07,2.2e-07,2.0585733552922002e-05,0.3793257346049988,38,bandpass
1.7589020722044231e-07,7e-07,1.6813874295103034e-07,2.2e-07,2.0585733552922002e-05,0.3793257346049988,38,bandpass
1.7589020722044231e-07,7e-07,1.6813874295103034e-07,2.2e-07,2.0585733552922002e-05,0.3793257346049988,38,bandpass
1.7589020722044231e-07,7e-07,1.6813874295103034e-07,2.2e-07,2.0585733552922002e-05,0.3793257346049988,38,bandpass
1.7589020722044231e-07,7e-07,1.6813874295103034e-07,2.2e-07,2.0585733552922002e-05,0.3793257346049988,38,bandpass
1.7589020722044231e-07,7e-07,1.6813874295103034e-07,2.2e-07,2.0585733552922002e-05,0.3793257346049988,38,bandpass
1.7589020722044231e-07,7e-07,1.6813874295103034e-07,2.2e-07,2.0585733552922002e-05,0.3793257346049988,38,bandpass
1.7589020722044231e-07,7e-07,1.6813874295103034e-07,2.2e-07,2.0585733552922002e-05,0.3793257346049988,38,bandpass
1.7589020722044231e-07,7e-07,1.6813874295103034e-07,2.2e-07,2.0585733552922002e-05,0.3793257346049988,38,bandpass
1.7589020722044231e-07,7e-07,1.6813874295103034e-07,2.2e-07,2.0585733552922002e-05,0.3793257346049988,38,bandpass
1.7589020722044231e-07,7e-07,1.6813874295103034e-07,2.2e-07,2.0585733552922002e-05,0.3793257346049988,38,bandpass
1.7589020722044231e-07,7e-07,1.6813874295103034e-07,2.2e-07,2.0585733552922002e-05,0.3793257346049988,38,bandpass
1.7589020722044231e-07,7e-07,1.6813874295103034e-07,2.2e-07,2.0585733552922002e-05,0.3793257346049988,38,bandpass
1.7589020722044231e-07,7e-07,1.6813874295103034e-07,2.2e-07,2.0585733552922002e-05,0.3793257346049988,38,bandpass
1.7589020722044231e-07,7e-07,1.6813874295103034e-07,2.2e-07,2.0585733552922002e-05,0.3793257346049988,38,bandpass
1.7589020722044231e-07,7e-07,1.6813874295103034e-07,2.2e-07,2.0585733552922002e-05,0.3793257346049988,38,bandpass
1.7589020722044231e-07,7e-07,1.6813874295103034e-07,2.2e-07,2.0585733552922002e-05,0.3793257346049988,38,bandpass
1.7589020722044231e-07,7e-07,1.6813874295103034e-07,2.2e-07,2.0585733552922002e-05,0.3793257346049988,38,bandpass
1.7589020722044231e-07,7e-07,1.6813874295103034e-07,2.2e-07,2.0460676651264924e-05,0.3186225448120647,38,bandpass
1.7589020722044231e-07,7e-07,1.6813874295103034e-07,2.2e-07,2.0585733552922002e-05,0.3793257346049988,38,bandpass
1.7589020722044231e-07,7e-07,1.6813874295103034e-07,2.2e-07,2.0585733552922002e-05,0.3793257346049988,38,bandpass
1.7589020722044231e-07,7e-07,1.6813874295103034e-07,2.2e-07,2.0585733552922002e-05,0.3793257346049988,38,bandpass
1.7589020722044231e-07,7e-07,1.6813874295103034e-07,2.2e-07,2.0585733552922002e-05,0.3793257346049988,38,bandpass
1.7589020722044231e-07,7e-07,1.6813874295103034e-07,2.2e-07,2.0585733552922002e-05,0.3793257346049988,38,bandpass
1.7589020722044231e-07,6.080299664709224e-07,1.6813874295103034e-07,2.2e-07,2.0585733552922002e-05,0.18228288410882615,38,bandpass
1.7589020722044231e-07,7e-07,1.6813874295103034e-07,2.2e-07,2.0585733552922002e-05,0.3793257346049988,38,bandpass
1.7621797356804335e-07,7e-07,1.6813874295103034e-07,2.2e-07,2.0585733552922002e-05,0.3793257346049988,38,bandpass
1.7589020722044231e-07,7e-07,1.6813874295103034e-07,2.2e-07,2.0585733552922002e-05,0.4419596170006631,39,bandpass
1.7589020722044231e-07,7e-07,1.6813874295103034e-07,2.2e-07,2.0585733552922002e-05,0.4419596170006631,39,bandpass
1.7589020722044231e-07,7e-07,1.6813874295103034e-07,2.2e-07,2.0585733552922002e-05,0.4419596170006631,39,bandpass
1.7589020722044231e-07,7e-07,1.6813874295103034e-07,2.2e-07,2.0585733552922002e-05,0.4419596170006631,39,bandpass
1.7589020722044231e-07,7e-07,1.6813874295103034e-07,2.2e-07,4.33059939460568e-05,0.30739057843330897,39,bandpass
1.7589020722044231e-07,7e-07,1.6813874295103034e-07,2.2e-07,1.8332135286232653e-05,0.269413337797552,39,bandpass
1.7589020722044231e-07,7e-07,1.6813874295103034e-07,2.2e-07,1.0558092613060483e-05,0.24057081099741645,39,bandpass
1.7589020722044231e-07,7e-07,1.6813874295103034e-07,2.2e-07,2.0585733552922002e-05,0.4419596170006631,39,bandpass
1.7589020722044231e-07,7e-07,1.6813874295103034e-07,2.2e-07,2.0585733552922002e-05,0.4419596170006631,39,bandpass
1.7589020722044231e-07,7e-07,1.6813874295103034e-07,2.2e-07,2.0585733552922002e-05,0.4419596170006631,39,bandpass
1.7589020722044231e-07,7e-07,1.6813874295103034e-07,2.2e-07,2.0585733552922002e-05,0.4419596170006631,39,bandpass
1.7589020722044231e-07,7e-07,1.6813874295103034e-07,2.2e-07,2.0585733552922002e-05,0.4419596170006631,39,bandpass
1.7589020722044231e-07,7e-07,1.6813874295103034e-07,2.2e-07,2.0585733552922002e-05,0.4419596170006631,39,bandpass
1.7589020722044231e-07,7e-07,1.6813874295103034e-07,2.2e-07,2.0585733552922002e-05,0.4419596170006631,39,bandpass
1.7589020722044231e-07,7e-07,1.6813874295103034e-07,2.2e-07,2.0585733552922002e-05,0.4419596170006631,39,bandpass
1.7589020722044231e-07,7e-07,1.3301351804828628e-07,2.2e-07,2.0585733552922002e-05,0.22280763628039624,39,bandpass
1.7589020722044231e-07,7e-07,1.6813874295103034e-07,2.2e-07,2.0585733552922002e-05,0.4419596170006631,39,bandpass
1.7589020722044231e-07,7e-07,1.6813874295103034e-07,2.2e-07,2.0585733552922002e-05,0.4419596170006631,39,bandpass
1.7589020722044231e-07,7e-07,1.6813874295103034e-07,2.2e-07,2.0585733552922002e-05,0.4419596170006631,39,bandpass
1.7621797356804335e-07,7e-07,2.461419640385284e-07,2.2e-07,2.0585733552922002e-05,0.29913531157927553,39,bandpass
1.7589020722044231e-07,7e-07,1.4366040137051e-07,2.2e-07,2.0585733552922002e-05,0.2524530107913836,39,bandpass
1.7589020722044231e-07,7e-07,1.6813874295103034e-07,2.2e-07,2.0585733552922002e-05,0.4419596170006631,39,bandpass
1.7589020722044231e-07,7e-07,1.6813874295103034e-07,2.2e-07,2.0585733552922002e-05,0.4419596170006631,39,bandpass
1.7589020722044231e-07,7e-07,1.6813874295103034e-07,2.2e-07,2.01886415359678e-05,0.3186190187533372,39,bandpass
1.7589020722044231e-07,7e-07,1.6813874295103034e-07,2.2e-07,2.0585733552922002e-05,0.4419596170006631,39,bandpass
1.7589020722044231e-07,7e-07,1.6813874295103034e-07,2.2e-07,2.0585733552922002e-05,0.4419596170006631,39,bandpass
1.7589020722044231e-07,7e-07,1.6813874295103034e-07,2.2e-07,2.0585733552922002e-05,0.4419596170006631,39,bandpass
1.7589020722044231e-07,7e-07,1.6813874295103034e-07,2.2e-07,2.0585733552922002e-05,0.4419596170006631,39,bandpass
1.7589020722044231e-07,7e-07,1.6813874295103034e-07,2.2e-07,2.0585733552922002e-05,0.4419596170006631,39,bandpass
1.7589020722044231e-07,7e-07,1.6813874295103034e-07,2.2e-07,2.0585733552922002e-05,0.4419596170006631,39,bandpass
1.7589020722044231e-07,7e-07,1.6813874295103034e-07,2.2e-07,2.0585733552922002e-05,0.4419596170006631,39,bandpass
1.7621797356804335e-07,7e-07,1.6813874295103034e-07,2.2e-07,2.0585733552922002e-05,0.4419596170006631,39,bandpass
1.7589020722044231e-07,7e-07,1.6813874295103034e-07,2.2e-07,2.0585733552922002e-05,0.4419596170006631,39,bandpass
1.7589020722044231e-07,7e-07,1.6813874295103034e-07,2.2e-07,2.0585733552922002e-05,0.4419596170006631,39,bandpass
1.431895694030479e-07,7e-07,1.6813874295103034e-07,2.2e-07,2.0585733552922002e-05,0.0389332564738537,39,bandpass
1.7589020722044231e-07,7e-07,1.6813874295103034e-07,2.2e-07,2.0585733552922002e-05,0.4419596170006631,39,bandpass
2.3546311252183977e-07,7e-07,1.6813874295103034e-07,2.2e-07,2.0585733552922002e-05,0.1904235055861419,39,bandpass
1.7589020722044231e-07,7e-07,1.6813874295103034e-07,2.2e-07,2.0585733552922002e-05,0.4419596170006631,39,bandpass
1.7589020722044231e-07,7e-07,1.6813874295103034e-07,2.2e-07,2.0585733552922002e-05,0.4419596170006631,39,bandpass
1.7589020722044231e-07,7e-07,1.6813874295103034e-07,2.2e-07,2.0585733552922002e-05,0.4419596170006631,39,bandpass
1.7589020722044231e-07,7e-07,1.6813874295103034e-07,2.2e-07,2.0585733552922002e-05,0.4419596170006631,39,bandpass
1.7589020722044231e-07,7e-07,1.6813874295103034e-07,2.2e-07,2.0585733552922002e-05,0.4419596170006631,39,bandpass
1.7589020722044231e-07,7e-07,1.6813874295103034e-07,2.2e-07,2.0585733552922002e-05,0.4419596170006631,39,bandpass
1.7589020722044231e-07,7e-07,1.6813874295103034e-07,2.2e-07,2.0585733552922002e-05,0.4419596170006631,39,bandpass
1.7589020722044231e-07,7e-07,1.6813874295103034e-07,2.2e-07,2.0585733552922002e-05,0.4419596170006631,39,bandpass
1.7589020722044231e-07,7e-07,1.6813874295103034e-07,2.2e-07,2.0585733552922002e-05,0.4419596170006631,39,bandpass
1.7589020722044231e-07,7e-07,1.6813874295103034e-07,2.2e-07,2.0585733552922002e-05,0.4419596170006631,39,bandpass
1.7589020722044231e-07,7e-07,1.6813874295103034e-07,2.2e-07,2.0585733552922002e-05,0.4419596170006631,39,bandpass
1.7589020722044231e-07,7e-07,1.6813874295103034e-07,2.2e-07,2.0585733552922002e-05,0.4419596170006631,39,bandpass
1.7589020722044231e-07,7e-07,1.6813874295103034e-07,2.2e-07,2.0585733552922002e-05,0.4419596170006631,39,bandpass
1.7589020722044231e-07,7e-07,1.6813874295103034e-07,2.2e-07,2.0585733552922002e-05,0.4419596170006631,40,bandpass
1.7589020722044231e-07,7e-07,1.6813874295103034e-07,2.2e-07,2.0585733552922002e-05,0.4419596170006631,40,bandpass
1.7589020722044231e-07,7e-07,1.6813874295103034e-07,2.2e-07,2.0585733552922002e-05,0.4419596170006631,40,bandpass
1.7589020722044231e-07,7e-07,1.6813874295103034e-07,2.2e-07,4.369473944900483e-05,0.3367426032596062,40,bandpass
1.7589020722044231e-07,7e-07,1.6813874295103034e-07,2.2e-07,2.0606913466969003e-05,0.4419596170006631,40,bandpass
1.7589020722044231e-07,6.774189466295343e-07,1.6813874295103034e-07,2.2e-07,2.0585733552922002e-05,0.26367242557748144,40,bandpass
1.7589020722044231e-07,7e-07,1.6813874295103034e-07,2.2e-07,2.0585733552922002e-05,0.4419596170006631,40,bandpass
1.7589020722044231e-07,7e-07,1.6813874295103034e-07,2.2e-07,2.0585733552922002e-05,0.4419596170006631,40,bandpass
1.7621797356804335e-07,7e-07,1.6813874295103034e-07,2.2e-07,2.0585733552922002e-05,0.4419596170006631,40,bandpass
1.7589020722044231e-07,7e-07,1.6813874295103034e-07,2.2e-07,2.0585733552922002e-05,0.4419596170006631,40,bandpass
1.7589020722044231e-07,7e-07,1.6813874295103034e-07,2.2e-07,2.0585733552922002e-05,0.4419596170006631,40,bandpass
1.7589020722044231e-07,7e-07,1.6813874295103034e-07,2.2e-07,2.0585733552922002e-05,0.4419596170006631,40,bandpass
1.7589020722044231e-07,7e-07,1.6813874295103034e-07,2.2e-07,2.0585733552922002e-05,0.4419596170006631,40,bandpass
1.7589020722044231e-07,7e-07,1.6813874295103034e-07,2.2e-07,2.0585733552922002e-05,0.4419596170006631,40,bandpass
1.7589020722044231e-07,7e-07,1.6813874295103034e-07,2.2e-07,2.0585733552922002e-05,0.4419596170006631,40,bandpass
1.7589020722044231e-07,7e-07,1.6813874295103034e-07,2.2e-07,2.0585733552922002e-05,0.4419596170006631,40,bandpass
1.7589020722044231e-07,7e-07,1.6813874295103034e-07,2.2e-07,2.0585733552922002e-05,0.4419596170006631,40,bandpass
1.7589020722044231e-07,7e-07,1.6813874295103034e-07,2.2e-07,2.0585733552922002e-05,0.4419596170006631,40,bandpass
1.7589020722044231e-07,7e-07,1.6813874295103034e-07,2.2e-07,2.0585733552922002e-05,0.4419596170006631,40,bandpass
1.7589020722044231e-07,7e-07,1.6813874295103034e-07,2.2e-07,2.0585733552922002e-05,0.4419596170006631,40,bandpass
1.7589020722044231e-07,7e-07,1.6813874295103034e-07,2.2e-07,2.0585733552922002e-05,0.4419596170006631,40,bandpass
1.7589020722044231e-07,7e-07,1.6813874295103034e-07,2.2e-07,2.0585733552922002e-05,0.4419596170006631,40,bandpass
1.7589020722044231e-07,7e-07,1.6813874295103034e-07,2.2e-07,2.0585733552922002e-05,0.4419596170006631,40,bandpass
1.7589020722044231e-07,7e-07,1.6813874295103034e-07,2.2e-07,2.0585733552922002e-05,0.4419596170006631,40,bandpass
1.7589020722044231e-07,7e-07,1.6813874295103034e-07,2.2e-07,2.0585733552922002e-05,0.4419596170006631,40,bandpass
1.7589020722044231e-07,7e-07,1.6813874295103034e-07,2.2e-07,2.0585733552922002e-05,0.4419596170006631,40,bandpass
1.7589020722044231e-07,7e-07,1.6813874295103034e-07,2.2e-07,2.0585733552922002e-05,0.4419596170006631,40,bandpass
1.7589020722044231e-07,7e-07,1.6813874295103034e-07,2.2e-07,2.0585733552922002e-05,0.4419596170006631,40,bandpass
1.7589020722044231e-07,7e-07,1.6813874295103034e-07,2.2e-07,2.0585733552922002e-05,0.4419596170006631,40,bandpass
1.7589020722044231e-07,7e-07,1.6813874295103034e-07,2.2e-07,1.9864868518898583e-05,0.25734142151868855,40,bandpass
1.7589020722044231e-07,7e-07,1.6813874295103034e-07,2.2e-07,2.0585733552922002e-05,0.4419596170006631,40,bandpass
1.7589020722044231e-07,7e-07,1.6813874295103034e-07,2.2e-07,2.0585733552922002e-05,0.4419596170006631,40,bandpass
1.7589020722044231e-07,7e-07,1.924349867159903e-07,2.2e-07,2.0585733552922002e-05,0.1422505682171891,40,bandpass
1.7589020722044231e-07,7e-07,1.6813874295103034e-07,2.2e-07,2.0585733552922002e-05,0.4419596170006631,40,bandpass
1.7589020722044231e-07,7e-07,1.6805610457766624e-07,2.2e-07,2.0585733552922002e-05,0.4419596170006631,40,bandpass
1.7589020722044231e-07,7e-07,1.6813874295103034e-07,2.2e-07,2.0585733552922002e-05,0.4419596170006631,40,bandpass
1.7589020722044231e-07,7e-07,1.6813874295103034e-07,2.2e-07,2.0585733552922002e-05,0.4419596170006631,40,bandpass
1.7589020722044231e-07,7e-07,1.6813874295103034e-07,2.2e-07,2.0585733552922002e-05,0.4419596170006631,40,bandpass
1.7589020722044231e-07,7e-07,1.6813874295103034e-07,2.2e-07,2.0585733552922002e-05,0.4419596170006631,40,bandpass
1.7589020722044231e-07,7e-07,1.6813874295103034e-07,2.2e-07,2.0585733552922002e-05,0.4419596170006631,40,bandpass
1.7589020722044231e-07,7e-07,1.6813874295103034e-07,2.2e-07,2.0585733552922002e-05,0.4419596170006631,40,bandpass
1.7589020722044231e-07,7e-07,1.6813874295103034e-07,2.2e-07,2.0585733552922002e-05,0.4419596170006631,40,bandpass
1.7589020722044231e-07,7e-07,1.6813874295103034e-07,2.2e-07,2.0585733552922002e-05,0.4419596170006631,40,bandpass
1.7589020722044231e-07,7e-07,1.6813874295103034e-07,2.2e-07,2.0585733552922002e-05,0.4419596170006631,40,bandpass
1.7589020722044231e-07,7e-07,1.6813874295103034e-07,2.2e-07,2.0585733552922002e-05,0.4419596170006631,40,bandpass
2.3494628010822924e-07,7e-07,1.6813874295103034e-07,2.2e-07,2.0585733552922002e-05,0.20021855576236305,40,bandpass
1.7589020722044231e-07,7e-07,1.6813874295103034e-07,2.2e-07,2.0585733552922002e-05,0.4419596170006631,40,bandpass
1.7589020722044231e-07,7e-07,1.6813874295103034e-07,2.2e-07,2.0585733552922002e-05,0.4419596170006631,40,bandpass
1.7589020722044231e-07,7e-07,1.6813874295103034e-07,2.2e-07,2.0585733552922002e-05,0.4419596170006631,40,bandpass
1.7589020722044231e-07,7e-07,1.6813874295103034e-07,2.2e-07,4.181567101525149e-05,0.30644679504319305,40,bandpass
1.7589020722044231e-07,7e-07,1.6813874295103034e-07,2.2e-07,2.0585733552922002e-05,0.4419596170006631,41,bandpass
1.7589020722044231e-07,7e-07,1.6813874295103034e-07,2.2e-07,2.0585733552922002e-05,0.4419596170006631,41,bandpass
1.7589020722044231e-07,7e-07,1.6813874295103034e-07,2.2e-07,2.0585733552922002e-05,0.4419596170006631,41,bandpass
1.7589020722044231e-07,5.438796584332338e-07,1.6813874295103034e-07,2.2e-07,2.0585733552922002e-05,0.23690966886912415,41,bandpass
1.7589020722044231e-07,7e-07,1.6813874295103034e-07,2.2e-07,2.0585733552922002e-05,0.4419596170006631,41,bandpass
1.7589020722044231e-07,7e-07,1.6813874295103034e-07,2.2e-07,2.0585733552922002e-05,0.4419596170006631,41,bandpass
1.7589020722044231e-07,7e-07,1.6813874295103034e-07,2.2e-07,2.0585733552922002e-05,0.4419596170006631,41,bandpass
1.7589020722044231e-07,7e-07,2.2294367477068777e-07,2.2e-07,2.0585733552922002e-05,0.2999105149319189,41,bandpass
1.7589020722044231e-07,7e-07,1.6813874295103034e-07,2.2e-07,2.0585733552922002e-05,0.4419596170006631,41,bandpass
1.7589020722044231e-07,7e-07,1.6813874295103034e-07,2.2e-07,2.0585733552922002e-05,0.4419596170006631,41,bandpass
1.7589020722044231e-07,7e-07,1.6813874295103034e-07,2.2e-07,2.0585733552922002e-05,0.4419596170006631,41,bandpass
1.7589020722044231e-07,7e-07,1.6813874295103034e-07,2.2e-07,2.0585733552922002e-05,0.4419596170006631,41,bandpass
1.7589020722044231e-07,7e-07,1.6813874295103034e-07,2.2e-07,2.0585733552922002e-05,0.4419596170006631,41,bandpass
1.7589020722044231e-07,7e-07,1.6813874295103034e-07,2.2e-07,2.0585733552922002e-05,0.4419596170006631,41,bandpass
1.7589020722044231e-07,7e-07,1.6813874295103034e-07,2.2e-07,2.0585733552922002e-05,0.4419596170006631,41,bandpass
1.7589020722044231e-07,7e-07,1.6813874295103034e-07,2.2e-07,2.0606913466969003e-05,0.4419596170006631,41,bandpass
1.7589020722044231e-07,7e-07,1.6813874295103034e-07,2.2e-07,2.0585733552922002e-05,0.4419596170006631,41,bandpass
1.7589020722044231e-07,7e-07,1.6813874295103034e-07,2.2e-07,2.0585733552922002e-05,0.4419596170006631,41,bandpass
1.7589020722044231e-07,7e-07,1.6813874295103034e-07,2.2e-07,2.0585733552922002e-05,0.4419596170006631,41,bandpass
1.7589020722044231e-07,7e-07,1.6813874295103034e-07,2.2e-07,2.0585733552922002e-05,0.4419596170006631,41,bandpass
1.7589020722044231e-07,7e-07,1.6813874295103034e-07,2.2e-07,2.0585733552922002e-05,0.4419596170006631,41,bandpass
1.7589020722044231e-07,7e-07,1.6813874295103034e-07,2.2e-07,2.0585733552922002e-05,0.4419596170006631,41,bandpass
1.7589020722044231e-07,7e-07,1.6813874295103034e-07,2.2e-07,2.0585733552922002e-05,0.4419596170006631,41,bandpass
1.7589020722044231e-07,7e-07,1.6813874295103034e-07,2.2e-07,2.0585733552922002e-05,0.4419596170006631,41,bandpass
1.7589020722044231e-07,7e-07,1.6813874295103034e-07,2.2e-07,2.0585733552922002e-05,0.4419596170006631,41,bandpass
1.7589020722044231e-07,7e-07,1.6813874295103034e-07,2.2e-07,2.0585733552922002e-05,0.4419596170006631,41,bandpass
1.7589020722044231e-07,7e-07,1.6813874295103034e-07,2.2e-07,2.0585733552922002e-05,0.4419596170006631,41,bandpass
1.7589020722044231e-07,7e-07,1.6813874295103034e-07,2.2e-07,2.0585733552922002e-05,0.4419596170006631,41,bandpass
1.7589020722044231e-07,7e-07,1.707621063887326e-07,2.2e-07,2.0585733552922002e-05,0.3196923792055014,41,bandpass
1.7621797356804335e-07,7e-07,1.6813874295103034e-07,2.2e-07,2.0585733552922002e-05,0.4419596170006631,41,bandpass
1.7589020722044231e-07,7e-07,1.6813874295103034e-07,2.2e-07,2.0585733552922002e-05,0.4419596170006631,41,bandpass
1.7589020722044231e-07,7e-07,1.6813874295103034e-07,2.2e-07,2.0585733552922002e-05,0.4419596170006631,41,bandpass
1.7589020722044231e-07,7e-07,1.6813874295103034e-07,2.2e-07,2.0606913466969003e-05,0.4419596170006631,41,bandpass
1.7589020722044231e-07,7e-07,1.6813874295103034e-07,2.2e-07,2.0585733552922002e-05,0.4419596170006631,41,bandpass
1.7589020722044231e-07,7e-07,1.6813874295103034e-07,2.2e-07,2.0585733552922002e-05,0.4419596170006631,41,bandpass
1.7589020722044231e-07,7e-07,1.6813874295103034e-07,2.2e-07,2.0585733552922002e-05,0.4419596170006631,41,bandpass
1.7589020722044231e-07,7e-07,1.6813874295103034e-07,2.2e-07,2.0585733552922002e-05,0.4419596170006631,41,bandpass
1.7589020722044231e-07,7e-07,1.6813874295103034e-07,2.2e-07,2.0585733552922002e-05,0.4419596170006631,41,bandpass
1.7589020722044231e-07,7e-07,1.6813874295103034e-07,2.2e-07,2.0585733552922002e-05,0.4419596170006631,41,bandpass
1.6927815916133435e-07,7e-07,1.6813874295103034e-07,2.2e-07,2.0585733552922002e-05,0.2743208972577095,41,bandpass
1.7589020722044231e-07,7e-07,1.6813874295103034e-07,2.2e-07,2.0585733552922002e-05,0.4419596170006631,41,bandpass
1.7589020722044231e-07,7e-07,1.6813874295103034e-07,2.2e-07,2.0585733552922002e-05,0.4419596170006631,41,bandpass
1.7589020722044231e-07,7e-07,1.6813874295103034e-07,2.2e-07,2.0585733552922002e-05,0.4419596170006631,41,bandpass
1.7589020722044231e-07,7e-07,1.6813874295103034e-07,2.2e-07,2.0585733552922002e-05,0.4419596170006631,41,bandpass
1.7589020722044231e-07,7e-07,1.6813874295103034e-07,2.2e-07,2.0585733552922002e-05,0.4419596170006631,41,bandpass
1.7589020722044231e-07,7e-07,1.6813874295103034e-07,2.2e-07,2.0585733552922002e-05,0.4419596170006631,41,bandpass
1.7589020722044231e-07,7e-07,1.6813874295103034e-07,2.2e-07,2.0585733552922002e-05,0.4419596170006631,41,bandpass
1.7589020722044231e-07,7e-07,1.6813874295103034e-07,2.2e-07,2.0585733552922002e-05,0.4419596170006631,41,bandpass
1.7589020722044231e-07,7e-07,1.6108156961726188e-07,2.2e-07,2.0585733552922002e-05,0.14620352812698656,41,bandpass
1.7589020722044231e-07,7e-07,1.6813874295103034e-07,2.2e-07,2.0585733552922002e-05,0.4419596170006631,41,bandpass
1.7589020722044231e-07,7e-07,1.6813874295103034e-07,2.2e-07,2.0585733552922002e-05,0.4419596170006631,42,bandpass
1.7589020722044231e-07,7e-07,1.6813874295103034e-07,2.2e-07,2.0585733552922002e-05,0.4419596170006631,42,bandpass
1.7589020722044231e-07,7e-07,1.6813874295103034e-07,2.2e-07,2.0585733552922002e-05,0.4419596170006631,42,bandpass
1.7589020722044231e-07,7e-07,1.6813874295103034e-07,2.2e-07,2.0585733552922002e-05,0.4419596170006631,42,bandpass
1.7589020722044231e-07,7e-07,1.6813874295103034e-07,2.2e-07,2.0585733552922002e-05,0.4419596170006631,42,bandpass
1.7589020722044231e-07,7e-07,1.6813874295103034e-07,2.2e-07,2.0585733552922002e-05,0.4419596170006631,42,bandpass
1.7589020722044231e-07,7e-07,1.6813874295103034e-07,2.2e-07,2.0606913466969003e-05,0.4419596170006631,42,bandpass
1.7589020722044231e-07,7e-07,1.6813874295103034e-07,2.2e-07,2.0585733552922002e-05,0.4419596170006631,42,bandpass
1.7589020722044231e-07,7e-07,1.6813874295103034e-07,2.2e-07,2.0585733552922002e-05,0.4419596170006631,42,bandpass
1.7589020722044231e-07,7e-07,1.6813874295103034e-07,2.2e-07,2.0585733552922002e-05,0.4419596170006631,42,bandpass
1.7589020722044231e-07,7e-07,1.6813874295103034e-07,2.2e-07,2.0585733552922002e-05,0.4419596170006631,42,bandpass
1.7589020722044231e-07,7e-07,1.6813874295103034e-07,2.2e-07,2.0585733552922002e-05,0.4419596170006631,42,bandpass
1.027320620605439e-07,7e-07,1.6813874295103034e-07,2.2e-07,2.0585733552922002e-05,0.1913880192896851,42,bandpass
1.7589020722044231e-07,7e-07,1.6813874295103034e-07,2.2e-07,2.0585733552922002e-05,0.4419596170006631,42,bandpass
1.7589020722044231e-07,7e-07,1.6813874295103034e-07,2.2e-07,2.0585733552922002e-05,0.4419596170006631,42,bandpass
1.7589020722044231e-07,7e-07,1.6557359078011871e-07,2.2e-07,2.0585733552922002e-05,0.24858542610197826,42,bandpass
1.7217138851323163e-07,7e-07,1.6813874295103034e-07,2.2e-07,2.0585733552922002e-05,0.23777076337027067,42,bandpass
1.7589020722044231e-07,7e-07,1.6813874295103034e-07,2.2e-07,2.0585733552922002e-05,0.4419596170006631,42,bandpass
1.7589020722044231e-07,7e-07,1.6813874295103034e-07,2.2e-07,2.0585733552922002e-05,0.4419596170006631,42,bandpass
1.7589020722044231e-07,7e-07,1.6813874295103034e-07,2.2e-07,2.0585733552922002e-05,0.4419596170006631,42,bandpass
1.7589020722044231e-07,7e-07,1.6813874295103034e-07,2.2e-07,2.0585733552922002e-05,0.4419596170006631,42,bandpass
1.7589020722044231e-07,7e-07,1.6813874295103034e-07,2.2e-07,2.0585733552922002e-05,0.4419596170006631,42,bandpass
1.7589020722044231e-07,7e-07,1.6813874295103034e-07,2.2e-07,1.757309158049751e-05,0.3068622559001536,42,bandpass
1.7589020722044231e-07,7e-07,1.6813874295103034e-07,2.2e-07,2.0585733552922002e-05,0.4419596170006631,42,bandpass
1.7589020722044231e-07,7e-07,1.6813874295103034e-07,2.2e-07,2.0585733552922002e-05,0.4419596170006631,42,bandpass
1.7589020722044231e-07,7e-07,1.6813874295103034e-07,2.2e-07,2.0585733552922002e-05,0.4419596170006631,42,bandpass
1.7589020722044231e-07,7e-07,1.6813874295103034e-07,2.2e-07,2.0585733552922002e-05,0.4419596170006631,42,bandpass
1.7589020722044231e-07,7e-07,1.6813874295103034e-07,2.2e-07,2.0585733552922002e-05,0.4419596170006631,42,bandpass
1.7589020722044231e-07,7e-07,1.6813874295103034e-07,2.2e-07,2.0585733552922002e-05,0.4419596170006631,42,bandpass
1.7589020722044231e-07,7e-07,1.6813874295103034e-07,2.2e-07,2.0585733552922002e-05,0.4419596170006631,42,bandpass
1.7589020722044231e-07,7e-07,1.6813874295103034e-07,2.2e-07,2.0585733552922002e-05,0.4419596170006631,42,bandpass
1.7589020722044231e-07,7e-07,1.6813874295103034e-07,2.2e-07,2.0585733552922002e-05,0.4419596170006631,42,bandpass
1.7589020722044231e-07,7e-07,1.6813874295103034e-07,2.2e-07,2.0606913466969003e-05,0.4419596170006631,42,bandpass
1.7589020722044231e-07,7e-07,1.6813874295103034e-07,2.2e-07,2.0585733552922002e-05,0.4419596170006631,42,bandpass
1.7589020722044231e-07,7e-07,1.6813874295103034e-07,2.2e-07,2.0585733552922002e-05,0.4419596170006631,42,bandpass
1.7589020722044231e-07,7e-07,1.470567892369968e-07,2.2e-07,2.0585733552922002e-05,0.1819669151136683,42,bandpass
1.7589020722044231e-07,6.988229376395737e-07,1.6813874295103034e-07,2.2e-07,2.0585733552922002e-05,0.43796439442867685,42,bandpass
1.7589020722044231e-07,7e-07,1.1246336943251269e-07,2.2e-07,2.0585733552922002e-05,0.2385159836126901,42,bandpass
1.7589020722044231e-07,5.924377020477187e-07,1.6813874295103034e-07,2.2e-07,2.0585733552922002e-05,0.2567166393917225,42,bandpass
1.7589020722044231e-07,7e-07,1.6813874295103034e-07,2.2e-07,2.0585733552922002e-05,0.4419596170006631,42,bandpass
1.7589020722044231e-07,7e-07,1.6813874295103034e-07,2.2e-07,2.0585733552922002e-05,0.4419596170006631,42,bandpass
1.7589020722044231e-07,7e-07,1.6813874295103034e-07,2.2e-07,2.0585733552922002e-05,0.4419596170006631,42,bandpass
1.7815581003929753e-07,7e-07,1.6813874295103034e-07,2.2e-07,2.0585733552922002e-05,0.22833256365931248,42,bandpass
1.7589020722044231e-07,7e-07,1.6813874295103034e-07,2.2e-07,2.0585733552922002e-05,0.4419596170006631,42,bandpass
1.7589020722044231e-07,7e-07,1.6813874295103034e-07,2.2e-07,2.0585733552922002e-05,0.4419596170006631,42,bandpass
1.7589020722044231e-07,7e-07,1.6813874295103034e-07,2.2e-07,2.0585733552922002e-05,0.4419596170006631,42,bandpass
1.7589020722044231e-07,7e-07,1.6813874295103034e-07,2.2e-07,2.0606913466969003e-05,0.4419596170006631,42,bandpass
1.7589020722044231e-07,7e-07,1.6813874295103034e-07,2.2e-07,2.0585733552922002e-05,0.4419596170006631,42,bandpass
1.7589020722044231e-07,7e-07,1.6813874295103034e-07,2.2e-07,2.0585733552922002e-05,0.4419596170006631,42,bandpass
1.7589020722044231e-07,7e-07,1.6813874295103034e-07,2.2e-07,2.0585733552922002e-05,0.4419596170006631,42,bandpass
1.7589020722044231e-07,7e-07,1.6813874295103034e-07,2.2e-07,2.0585733552922002e-05,0.4419596170006631,43,bandpass
1.7589020722044231e-07,7e-07,1.6813874295103034e-07,2.2e-07,2.0585733552922002e-05,0.4419596170006631,43,bandpass
1.7589020722044231e-07,7e-07,1.6813874295103034e-07,2.2e-07,2.0585733552922002e-05,0.4419596170006631,43,bandpass
1.7305066069167314e-07,7e-07,1.6813874295103034e-07,2.2e-07,2.0585733552922002e-05,0.2489702301811444,43,bandpass
1.7589020722044231e-07,7e-07,1.6813874295103034e-07,2.2e-07,2.0606913466969003e-05,0.4419596170006631,43,bandpass
1.7589020722044231e-07,7e-07,1.6813874295103034e-07,2.2e-07,2.0585733552922002e-05,0.4419596170006631,43,bandpass
1.7589020722044231e-07,7e-07,1.6813874295103034e-07,2.2e-07,2.0585733552922002e-05,0.4419596170006631,43,bandpass
1.7589020722044231e-07,7e-07,1.6813874295103034e-07,2.2e-07,2.0585733552922002e-05,0.4419596170006631,43,bandpass
1.7589020722044231e-07,7e-07,1.6813874295103034e-07,2.2e-07,2.0585733552922002e-05,0.4419596170006631,43,bandpass
1.7589020722044231e-07,7e-07,1.6813874295103034e-07,2.2e-07,2.0585733552922002e-05,0.4419596170006631,43,bandpass
1.7813152936273178e-07,7e-07,1.6813874295103034e-07,2.2e-07,2.0585733552922002e-05,0.2283852115612095,43,bandpass
1.7589020722044231e-07,7e-07,1.6813874295103034e-07,2.2e-07,2.0585733552922002e-05,0.4419596170006631,43,bandpass
1.7589020722044231e-07,7e-07,1.6813874295103034e-07,2.2e-07,4.679010633105772e-05,0.3717320280826294,43,bandpass
1.7589020722044231e-07,7e-07,1.6813874295103034e-07,2.2e-07,2.0606913466969003e-05,0.4419596170006631,43,bandpass
1.7589020722044231e-07,7e-07,1.6813874295103034e-07,2.2e-07,2.0585733552922002e-05,0.4419596170006631,43,bandpass
1.7589020722044231e-07,7e-07,1.6813874295103034e-07,2.2e-07,2.0585733552922002e-05,0.4419596170006631,43,bandpass
1.7589020722044231e-07,7e-07,1.6813874295103034e-07,2.2e-07,2.0585733552922002e-05,0.4419596170006631,43,bandpass
1.7589020722044231e-07,7e-07,1.6813874295103034e-07,2.2e-07,1.7603799971031533e-05,0.30676321449755034,43,bandpass
1.7589020722044231e-07,7e-07,1.6813874295103034e-07,2.2e-07,2.0585733552922002e-05,0.4419596170006631,43,bandpass
1.7589020722044231e-07,7e-07,1.6813874295103034e-07,2.2e-07,2.0585733552922002e-05,0.4419596170006631,43,bandpass
1.7589020722044231e-07,7e-07,1.6813874295103034e-07,2.2e-07,4.870543912003091e-05,0.3275109685115518,43,bandpass
1.7589020722044231e-07,7e-07,1.6813874295103034e-07,2.2e-07,2.146171779599186e-05,0.23437574533723737,43,bandpass
1.7589020722044231e-07,7e-07,1.6813874295103034e-07,2.2e-07,2.0585733552922002e-05,0.4419596170006631,43,bandpass
1.7589020722044231e-07,6.938778858511421e-07,1.6813874295103034e-07,2.2e-07,2.0585733552922002e-05,0.3229822262706849,43,bandpass
1.7589020722044231e-07,7e-07,1.6813874295103034e-07,2.2e-07,2.0585733552922002e-05,0.4419596170006631,43,bandpass
1.7589020722044231e-07,7e-07,1.6813874295103034e-07,2.2e-07,2.0585733552922002e-05,0.4419596170006631,43,bandpass
1.7589020722044231e-07,7e-07,1.6813874295103034e-07,2.2e-07,2.0585733552922002e-05,0.4419596170006631,43,bandpass
1.8257431347266887e-07,7e-07,1.6813874295103034e-07,2.2e-07,2.0585733552922002e-05,0.3109001083498358,43,bandpass
1.7589020722044231e-07,7e-07,1.6813874295103034e-07,2.2e-07,2.0606913466969003e-05,0.4419596170006631,43,bandpass
1.7589020722044231e-07,4.097198590779784e-07,1.6813874295103034e-07,2.2e-07,2.0585733552922002e-05,0.2604630154549592,43,bandpass
1.7722062521716295e-07,7e-07,1.6813874295103034e-07,2.2e-07,2.0585733552922002e-05,0.2898184374034387,43,bandpass
1.7589020722044231e-07,7e-07,1.6813874295103034e-07,2.2e-07,2.0585733552922002e-05,0.4419596170006631,43,bandpass
2.0555462453427135e-07,7e-07,1.6813874295103034e-07,2.2e-07,2.0585733552922002e-05,0.2654732601024983,43,bandpass
1.7589020722044231e-07,7e-07,1.6813874295103034e-07,2.2e-07,2.0585733552922002e-05,0.4419596170006631,43,bandpass
1.7589020722044231e-07,7e-07,1.6813874295103034e-07,2.2e-07,2.0585733552922002e-05,0.4419596170006631,43,bandpass
1.7589020722044231e-07,7e-07,1.6813874295103034e-07,2.2e-07,2.0585733552922002e-05,0.4419596170006631,43,bandpass
1.7589020722044231e-07,7e-07,1.6813874295103034e-07,2.2e-07,2.0585733552922002e-05,0.4419596170006631,43,bandpass
1.7589020722044231e-07,7e-07,1.6813874295103034e-07,2.2e-07,2.0585733552922002e-05,0.4419596170006631,43,bandpass
1.7589020722044231e-07,7e-07,1.6813874295103034e-07,2.2e-07,2.0585733552922002e-05,0.4419596170006631,43,bandpass
1.8159422632184455e-07,7e-07,1.6813874295103034e-07,2.2e-07,2.0585733552922002e-05,0.32748317102746005,43,bandpass
1.7589020722044231e-07,7e-07,1.6813874295103034e-07,2.2e-07,2.0585733552922002e-05,0.4419596170006631,43,bandpass
1.7589020722044231e-07,7e-07,1.6813874295103034e-07,2.2e-07,2.0585733552922002e-05,0.4419596170006631,43,bandpass
1.7589020722044231e-07,7e-07,1.6813874295103034e-07,2.2e-07,2.0606913466969003e-05,0.4419596170006631,43,bandpass
1.7589020722044231e-07,7e-07,1.6813874295103034e-07,2.2e-07,2.0585733552922002e-05,0.4419596170006631,43,bandpass
1.7589020722044231e-07,7e-07,1.6813874295103034e-07,2.2e-07,2.0585733552922002e-05,0.4419596170006631,43,bandpass
1.7589020722044231e-07,6.803042624664651e-07,1.6813874295103034e-07,2.2e-07,2.0585733552922002e-05,0.30902591210586905,43,bandpass
1.7589020722044231e-07,7e-07,1.6813874295103034e-07,2.2e-07,2.0585733552922002e-05,0.4419596170006631,43,bandpass
1.7589020722044231e-07,7e-07,1.6813874295103034e-07,2.2e-07,2.0585733552922002e-05,0.4419596170006631,43,bandpass
1.7589020722044231e-07,7e-07,1.6813874295103034e-07,2.2e-07,2.0585733552922002e-05,0.4419596170006631,43,bandpass
1.6854645381440927e-07,7e-07,1.6813874295103034e-07,2.2e-07,2.0585733552922002e-05,0.2147623944983923,43,bandpass
1.7589020722044231e-07,7e-07,1.6813874295103034e-07,2.2e-07,2.0585733552922002e-05,0.4419596170006631,44,bandpass
1.7589020722044231e-07,7e-07,1.6813874295103034e-07,2.2e-07,2.0585733552922002e-05,0.4419596170006631,44,bandpass
1.7589020722044231e-07,7e-07,1.6813874295103034e-07,2.2e-07,1.8791814621784285e-05,0.26407850603053434,44,bandpass
1.7589020722044231e-07,7e-07,1.6813874295103034e-07,2.2e-07,2.0585733552922002e-05,0.4419596170006631,44,bandpass
1.7589020722044231e-07,7e-07,1.6813874295103034e-07,2.2e-07,2.0585733552922002e-05,0.4419596170006631,44,bandpass
1.7589020722044231e-07,7e-07,1.6813874295103034e-07,2.2e-07,2.0585733552922002e-05,0.4419596170006631,44,bandpass
1.7589020722044231e-07,7e-07,1.6813874295103034e-07,2.2e-07,2.0585733552922002e-05,0.4419596170006631,44,bandpass
1.7589020722044231e-07,7e-07,1.6813874295103034e-07,2.2e-07,2.0585733552922002e-05,0.4419596170006631,44,bandpass
1.7589020722044231e-07,7e-07,1.6813874295103034e-07,2.2e-07,2.0585733552922002e-05,0.4419596170006631,44,bandpass
1.7589020722044231e-07,7e-07,1.6813874295103034e-07,2.2e-07,2.0585733552922002e-05,0.4419596170006631,44,bandpass
1.7589020722044231e-07,7e-07,1.6813874295103034e-07,2.2e-07,2.0606913466969003e-05,0.4419596170006631,44,bandpass
1.7589020722044231e-07,7e-07,1.6813874295103034e-07,2.2e-07,2.0585733552922002e-05,0.4419596170006631,44,bandpass
1.7589020722044231e-07,7e-07,1.674022015246581e-07,2.2e-07,2.0585733552922002e-05,0.26381799285598295,44,bandpass
1.7589020722044231e-07,7e-07,1.6813874295103034e-07,2.2e-07,2.0585733552922002e-05,0.4419596170006631,44,bandpass
1.7589020722044231e-07,7e-07,1.6813874295103034e-07,2.2e-07,2.0585733552922002e-05,0.4419596170006631,44,bandpass
1.7589020722044231e-07,7e-07,1.6813874295103034e-07,2.2e-07,2.0585733552922002e-05,0.4419596170006631,44,bandpass
1.7589020722044231e-07,3.8379022985001313e-07,1.6813874295103034e-07,2.2e-07,2.0585733552922002e-05,0.2689978816346283,44,bandpass
1.7589020722044231e-07,7e-07,1.6813874295103034e-07,2.2e-07,2.0606913466969003e-05,0.4419596170006631,44,bandpass
1.7589020722044231e-07,7e-07,1.6813874295103034e-07,2.2e-07,2.0585733552922002e-05,0.4419596170006631,44,bandpass
1.7589020722044231e-07,7e-07,1.6813874295103034e-07,2.2e-07,2.0585733552922002e-05,0.4419596170006631,44,bandpass
1.7589020722044231e-07,7e-07,1.6813874295103034e-07,2.2e-07,2.0585733552922002e-05,0.4419596170006631,44,bandpass
1.7589020722044231e-07,7e-07,1.6813874295103034e-07,2.2e-07,2.0585733552922002e-05,0.4419596170006631,44,bandpass
1.7589020722044231e-07,7e-07,1.6813874295103034e-07,2.2e-07,2.0585733552922002e-05,0.4419596170006631,44,bandpass
1.7589020722044231e-07,7e-07,1.6813874295103034e-07,2.2e-07,2.0585733552922002e-05,0.4419596170006631,44,bandpass
1.7589020722044231e-07,7e-07,1.6813874295103034e-07,2.2e-07,2.0606913466969003e-05,0.4419596170006631,44,bandpass
1.7589020722044231e-07,7e-07,1.6813874295103034e-07,2.2e-07,2.2341483388165807e-05,0.2998079567329141,44,bandpass
1.7589020722044231e-07,7e-07,1.6813874295103034e-07,2.2e-07,2.0585733552922002e-05,0.4419596170006631,44,bandpass
1.7589020722044231e-07,7e-07,1.6813874295103034e-07,2.2e-07,2.0585733552922002e-05,0.4419596170006631,44,bandpass
1.7589020722044231e-07,7e-07,1.6813874295103034e-07,2.2e-07,2.0585733552922002e-05,0.4419596170006631,44,bandpass
1.7589020722044231e-07,7e-07,1.6813874295103034e-07,2.2e-07,2.0585733552922002e-05,0.4419596170006631,44,bandpass
1.7589020722044231e-07,7e-07,1.6813874295103034e-07,2.2e-07,2.0585733552922002e-05,0.4419596170006631,44,bandpass
1.7589020722044231e-07,7e-07,1.6813874295103034e-07,2.2e-07,2.0585733552922002e-05,0.4419596170006631,44,bandpass
1.7589020722044231e-07,7e-07,1.6813874295103034e-07,2.2e-07,2.0585733552922002e-05,0.4419596170006631,44,bandpass
1.7589020722044231e-07,7e-07,1.6813874295103034e-07,2.2e-07,2.0585733552922002e-05,0.4419596170006631,44,bandpass
1.7589020722044231e-07,7e-07,1.6813874295103034e-07,2.2e-07,2.0585733552922002e-05,0.4419596170006631,44,bandpass
1.7589020722044231e-07,7e-07,1.6813874295103034e-07,2.2e-07,2.0585733552922002e-05,0.4419596170006631,44,bandpass
1.7589020722044231e-07,7e-07,1.6813874295103034e-07,2.2e-07,2.0585733552922002e-05,0.4419596170006631,44,bandpass
1.7589020722044231e-07,7e-07,1.6813874295103034e-07,2.2e-07,2.0585733552922002e-05,0.4419596170006631,44,bandpass
1.7589020722044231e-07,7e-07,1.6813874295103034e-07,2.2e-07,2.0585733552922002e-05,0.4419596170006631,44,bandpass
1.7589020722044231e-07,7e-07,1.6813874295103034e-07,2.2e-07,2.0585733552922002e-05,0.4419596170006631,44,bandpass
1.7589020722044231e-07,7e-07,1.6813874295103034e-07,2.2e-07,2.0606913466969003e-05,0.4419596170006631,44,bandpass
1.7589020722044231e-07,7e-07,1.6813874295103034e-07,2.2e-07,2.0585733552922002e-05,0.4419596170006631,44,bandpass
1.7589020722044231e-07,7e-07,1.6813874295103034e-07,2.2e-07,2.0585733552922002e-05,0.4419596170006631,44,bandpass
1.7589020722044231e-07,7e-07,1.6813874295103034e-07,2.2e-07,2.0585733552922002e-05,0.4419596170006631,44,bandpass
1.7589020722044231e-07,7e-07,1.6813874295103034e-07,2.2e-07,2.0585733552922002e-05,0.4419596170006631,44,bandpass
1.7589020722044231e-07,6.997680511127108e-07,1.6813874295103034e-07,2.2e-07,2.0585733552922002e-05,0.4419596170006631,44,bandpass
1.7589020722044231e-07,7e-07,1.6813874295103034e-07,2.2e-07,2.0585733552922002e-05,0.4419596170006631,44,bandpass
1.7589020722044231e-07,7e-07,1.6813874295103034e-07,2.2e-07,2.0585733552922002e-05,0.4419596170006631,44,bandpass
1.7589020722044231e-07,7e-07,1.6813874295103034e-07,2.2e-07,2.0585733552922002e-05,0.4419596170006631,44,bandpass
1.7589020722044231e-07,7e-07,1.6813874295103034e-07,2.2e-07,2.0585733552922002e-05,0.4419596170006631,44,bandpass
1.7589020722044231e-07,7e-07,1.6813874295103034e-07,2.2e-07,2.0585733552922002e-05,0.4419596170006631,45,bandpass
1.7589020722044231e-07,7e-07,1.6813874295103034e-07,2.2e-07,2.0606913466969003e-05,0.4419596170006631,45,bandpass
1.7589020722044231e-07,7e-07,1.6813874295103034e-07,2.2e-07,2.0585733552922002e-05,0.4419596170006631,45,bandpass
1.7589020722044231e-07,7e-07,1.6813874295103034e-07,2.2e-07,1.8789950369384822e-05,0.2640843885088195,45,bandpass
1.7589020722044231e-07,7e-07,1.6813874295103034e-07,2.2e-07,2.0585733552922002e-05,0.4419596170006631,45,bandpass
1.7589020722044231e-07,7e-07,1.6813874295103034e-07,2.2e-07,2.0585733552922002e-05,0.4419596170006631,45,bandpass
1.7589020722044231e-07,7e-07,1.6813874295103034e-07,2.2e-07,2.0585733552922002e-05,0.4419596170006631,45,bandpass
1.7589020722044231e-07,7e-07,1.6813874295103034e-07,2.2e-07,2.0585733552922002e-05,0.4419596170006631,45,bandpass
1.7589020722044231e-07,7e-07,1.514275128385186e-07,2.2e-07,2.0585733552922002e-05,0.15953825239921313,45,bandpass
1.7589020722044231e-07,7e-07,1.6813874295103034e-07,2.2e-07,2.0585733552922002e-05,0.4419596170006631,45,bandpass
1.7589020722044231e-07,6.997680511127108e-07,1.6813874295103034e-07,2.2e-07,2.0585733552922002e-05,0.4419596170006631,45,bandpass
1.7589020722044231e-07,7e-07,1.6813874295103034e-07,2.2e-07,2.0585733552922002e-05,0.4419596170006631,45,bandpass
1.7589020722044231e-07,7e-07,1.6813874295103034e-07,2.2e-07,2.0585733552922002e-05,0.4419596170006631,45,bandpass
1.7589020722044231e-07,7e-07,1.6813874295103034e-07,2.2e-07,2.0585733552922002e-05,0.4419596170006631,45,bandpass
1.7589020722044231e-07,7e-07,1.6813874295103034e-07,2.2e-07,2.0585733552922002e-05,0.4419596170006631,45,bandpass
1.7589020722044231e-07,7e-07,1.478452652920986e-07,2.2e-07,2.0585733552922002e-05,0.19979263067064204,45,bandpass
1.7589020722044231e-07,7e-07,1.6813874295103034e-07,2.2e-07,2.0585733552922002e-05,0.4419596170006631,45,bandpass
1.7589020722044231e-07,7e-07,1.6813874295103034e-07,2.2e-07,2.0585733552922002e-05,0.4419596170006631,45,bandpass
1.7589020722044231e-07,7e-07,1.6813874295103034e-07,2.2e-07,2.0585733552922002e-05,0.4419596170006631,45,bandpass
1.229928687722953e-07,7e-07,1.6813874295103034e-07,2.2e-07,2.0585733552922002e-05,0.1932824363286521,45,bandpass
1.7589020722044231e-07,7e-07,1.6813874295103034e-07,2.2e-07,2.0585733552922002e-05,0.4419596170006631,45,bandpass
1.7589020722044231e-07,7e-07,1.6813874295103034e-07,2.2e-07,2.0606913466969003e-05,0.4419596170006631,45,bandpass
1.7589020722044231e-07,7e-07,1.6813874295103034e-07,2.2e-07,2.0585733552922002e-05,0.4419596170006631,45,bandpass
1.7589020722044231e-07,7e-07,1.6813874295103034e-07,2.2e-07,2.0585733552922002e-05,0.4419596170006631,45,bandpass
1.7589020722044231e-07,7e-07,1.6813874295103034e-07,2.2e-07,2.0585733552922002e-05,0.4419596170006631,45,bandpass
1.7589020722044231e-07,7e-07,1.6813874295103034e-07,2.2e-07,2.0585733552922002e-05,0.4419596170006631,45,bandpass
1.7589020722044231e-07,6.997680511127108e-07,1.6813874295103034e-07,2.2e-07,2.0585733552922002e-05,0.4419596170006631,45,bandpass
1.7589020722044231e-07,7e-07,1.6813874295103034e-07,2.2e-07,2.0585733552922002e-05,0.4419596170006631,45,bandpass
1.7589020722044231e-07,7e-07,1.6813874295103034e-07,2.2e-07,3.9185422694902516e-05,0.270650596310654,45,bandpass
1.7589020722044231e-07,7e-07,1.6813874295103034e-07,2.2e-07,2.0585733552922002e-05,0.4419596170006631,45,bandpass
1.7589020722044231e-07,7e-07,1.6813874295103034e-07,2.2e-07,2.0585733552922002e-05,0.4419596170006631,45,bandpass
1.7589020722044231e-07,7e-07,1.6813874295103034e-07,2.2e-07,2.0606913466969003e-05,0.4419596170006631,45,bandpass
1.7589020722044231e-07,7e-07,1.6813874295103034e-07,2.2e-07,2.0585733552922002e-05,0.4419596170006631,45,bandpass
1.0544818221398714e-07,7e-07,1.6813874295103034e-07,2.2e-07,2.0585733552922002e-05,0.19807218356154163,45,bandpass
1.7589020722044231e-07,7e-07,1.6813874295103034e-07,2.2e-07,2.0585733552922002e-05,0.4419596170006631,45,bandpass
1.7589020722044231e-07,7e-07,1.6813874295103034e-07,2.2e-07,2.0585733552922002e-05,0.4419596170006631,45,bandpass
1.7589020722044231e-07,7e-07,1.6813874295103034e-07,2.2e-07,2.0585733552922002e-05,0.4419596170006631,45,bandpass
1.7589020722044231e-07,7e-07,1.6813874295103034e-07,2.2e-07,2.0585733552922002e-05,0.4419596170006631,45,bandpass
1.7589020722044231e-07,7e-07,1.6813874295103034e-07,2.2e-07,2.0585733552922002e-05,0.4419596170006631,45,bandpass
1.7589020722044231e-07,7e-07,1.6813874295103034e-07,2.2e-07,2.0585733552922002e-05,0.4419596170006631,45,bandpass
1.7589020722044231e-07,6.810872003161668e-07,1.6813874295103034e-07,2.2e-07,2.0585733552922002e-05,0.3110341505205709,45,bandpass
1.7589020722044231e-07,7e-07,1.6813874295103034e-07,2.2e-07,2.0585733552922002e-05,0.4419596170006631,45,bandpass
1.7589020722044231e-07,7e-07,1.6813874295103034e-07,2.2e-07,2.0606913466969003e-05,0.4419596170006631,45,bandpass
1.795059711088317e-07,7e-07,1.6813874295103034e-07,2.2e-07,2.0585733552922002e-05,0.23931211053300344,45,bandpass
1.7589020722044231e-07,7e-07,1.5328491597088186e-07,2.2e-07,2.0585733552922002e-05,0.17647980385730985,45,bandpass
1.7589020722044231e-07,7e-07,1.6813874295103034e-07,2.2e-07,2.0585733552922002e-05,0.4419596170006631,45,bandpass
1.7589020722044231e-07,7e-07,1.6813874295103034e-07,2.2e-07,2.0585733552922002e-05,0.4419596170006631,45,bandpass
1.7589020722044231e-07,7e-07,1.6813874295103034e-07,2.2e-07,2.0585733552922002e-05,0.4419596170006631,45,bandpass
1.7589020722044231e-07,7e-07,1.6813874295103034e-07,2.2e-07,2.0585733552922002e-05,0.4419596170006631,45,bandpass
1.7589020722044231e-07,7e-07,1.6813874295103034e-07,2.2e-07,4.0137726499555636e-05,0.35993385143119966,45,bandpass
1.7589020722044231e-07,7e-07,1.6813874295103034e-07,2.2e-07,2.0585733552922002e-05,0.4419162764414856,46,bandpass
1.7589020722044231e-07,7e-07,1.6813874295103034e-07,2.2e-07,2.0585733552922002e-05,0.4419162764414856,46,bandpass
1.7589020722044231e-07,7e-07,1.6813874295103034e-07,2.2e-07,2.0585733552922002e-05,0.4419162764414856,46,bandpass
1.596803352241051e-07,7e-07,1.6813874295103034e-07,2.2e-07,2.0585733552922002e-05,0.1602197593841034,46,bandpass
1.7589020722044231e-07,7e-07,1.6813874295103034e-07,2.2e-07,2.0585733552922002e-05,0.4419162764414856,46,bandpass
1.7589020722044231e-07,7e-07,1.6813874295103034e-07,2.2e-07,2.0585733552922002e-05,0.4419162764414856,46,bandpass
1.7589020722044231e-07,7e-07,1.6813874295103034e-07,2.2e-07,2.0585733552922002e-05,0.4419162764414856,46,bandpass
1.7589020722044231e-07,7e-07,1.6813874295103034e-07,2.2e-07,2.0585733552922002e-05,0.4419162764414856,46,bandpass
1.7589020722044231e-07,7e-07,1.6813874295103034e-07,2.2e-07,2.0585733552922002e-05,0.4419162764414856,46,bandpass
1.7589020722044231e-07,7e-07,1.6813874295103034e-07,2.2e-07,2.0585733552922002e-05,0.4419162764414856,46,bandpass
1.7589020722044231e-07,7e-07,1.6813874295103034e-07,2.2e-07,2.0585733552922002e-05,0.4419162764414856,46,bandpass
1.7589020722044231e-07,7e-07,1.6813874295103034e-07,2.2e-07,2.0585733552922002e-05,0.4419162764414856,46,bandpass
1.7589020722044231e-07,7e-07,1.6813874295103034e-07,2.2e-07,2.0606913466969003e-05,0.4419162764414856,46,bandpass
1.7589020722044231e-07,7e-07,1.6813874295103034e-07,2.2e-07,2.0585733552922002e-05,0.4419162764414856,46,bandpass
1.7589020722044231e-07,7e-07,1.6813874295103034e-07,2.2e-07,2.0585733552922002e-05,0.4419162764414856,46,bandpass
1.7589020722044231e-07,7e-07,1.6813874295103034e-07,2.2e-07,2.0585733552922002e-05,0.4419162764414856,46,bandpass
1.7589020722044231e-07,7e-07,1.6813874295103034e-07,2.2e-07,2.0585733552922002e-05,0.4419162764414856,46,bandpass
1.7589020722044231e-07,7e-07,1.6813874295103034e-07,2.2e-07,2.0585733552922002e-05,0.4419162764414856,46,bandpass
1.7589020722044231e-07,6.997680511127108e-07,1.6813874295103034e-07,2.2e-07,2.0585733552922002e-05,0.4419162764414856,46,bandpass
1.7589020722044231e-07,7e-07,1.6813874295103034e-07,2.2e-07,2.0585733552922002e-05,0.4419162764414856,46,bandpass
1.7589020722044231e-07,7e-07,1.6813874295103034e-07,2.2e-07,2.0585733552922002e-05,0.4419162764414856,46,bandpass
1.7589020722044231e-07,7e-07,1.9688264655671814e-07,2.2e-07,2.0585733552922002e-05,0.15781600975177015,46,bandpass
1.7589020722044231e-07,7e-07,1.6813874295103034e-07,2.2e-07,2.0585733552922002e-05,0.4419162764414856,46,bandpass
1.7589020722044231e-07,7e-07,1.6470143574764472e-07,2.2e-07,2.0585733552922002e-05,0.2426900909793171,46,bandpass
1.7589020722044231e-07,7e-07,1.6813874295103034e-07,2.2e-07,2.0585733552922002e-05,0.4419162764414856,46,bandpass
1.7589020722044231e-07,7e-07,1.6813874295103034e-07,2.2e-07,2.0585733552922002e-05,0.4419162764414856,46,bandpass
1.7222222118087047e-07,7e-07,1.6813874295103034e-07,2.2e-07,2.0585733552922002e-05,0.23863935905993147,46,bandpass
1.7589020722044231e-07,7e-07,1.6813874295103034e-07,2.2e-07,2.0585733552922002e-05,0.4419162764414856,46,bandpass
1.697207953056694e-07,7e-07,1.6813874295103034e-07,2.2e-07,2.0585733552922002e-05,0.40029954554538005,46,bandpass
1.7589020722044231e-07,7e-07,1.6813874295103034e-07,2.2e-07,2.0585733552922002e-05,0.4419162764414856,46,bandpass
1.7589020722044231e-07,7e-07,1.6813874295103034e-07,2.2e-07,2.0585733552922002e-05,0.4419162764414856,46,bandpass
1.7589020722044231e-07,7e-07,1.6813874295103034e-07,2.2e-07,2.0585733552922002e-05,0.4419162764414856,46,bandpass
1.7589020722044231e-07,7e-07,1.6813874295103034e-07,2.2e-07,2.0606913466969003e-05,0.4419162764414856,46,bandpass
1.7589020722044231e-07,7e-07,1.6813874295103034e-07,2.2e-07,2.0606913466969003e-05,0.4419162764414856,46,bandpass
1.7589020722044231e-07,7e-07,1.6813874295103034e-07,2.2e-07,1.9276906970682412e-05,0.3521009845322442,46,bandpass
1.7589020722044231e-07,7e-07,1.6813874295103034e-07,2.2e-07,2.0585733552922002e-05,0.4419162764414856,46,bandpass
1.7589020722044231e-07,7e-07,1.6813874295103034e-07,2.2e-07,2.0585733552922002e-05,0.4419162764414856,46,bandpass
1.7589020722044231e-07,7e-07,1.6813874295103034e-07,2.2e-07,2.0585733552922002e-05,0.4419162764414856,46,bandpass
1.7589020722044231e-07,7e-07,1.6813874295103034e-07,2.2e-07,2.0585733552922002e-05,0.4419162764414856,46,bandpass
1.7589020722044231e-07,7e-07,1.6813874295103034e-07,2.2e-07,2.0585733552922002e-05,0.4419162764414856,46,bandpass
1.7589020722044231e-07,7e-07,1.6813874295103034e-07,2.2e-07,2.0585733552922002e-05,0.4419162764414856,46,bandpass
1.7589020722044231e-07,7e-07,1.6813874295103034e-07,2.2e-07,2.0585733552922002e-05,0.4419162764414856,46,bandpass
1.7589020722044231e-07,7e-07,1.6813874295103034e-07,2.2e-07,2.0585733552922002e-05,0.4419162764414856,46,bandpass
1.7589020722044231e-07,7e-07,1.6813874295103034e-07,2.2e-07,2.0585733552922002e-05,0.4419162764414856,46,bandpass
1.7589020722044231e-07,3.453526805207989e-07,1.6813874295103034e-07,2.2e-07,2.0585733552922002e-05,0.2807341123011448,46,bandpass
1.7589020722044231e-07,7e-07,1.6813874295103034e-07,2.2e-07,2.0585733552922002e-05,0.4419162764414856,46,bandpass
1.7589020722044231e-07,7e-07,1.6813874295103034e-07,2.2e-07,2.0585733552922002e-05,0.4419162764414856,46,bandpass
1.7589020722044231e-07,7e-07,1.6813874295103034e-07,2.2e-07,2.0585733552922002e-05,0.4419162764414856,46,bandpass
1.7589020722044231e-07,6.997680511127108e-07,1.6813874295103034e-07,2.2e-07,2.0585733552922002e-05,0.4419162764414856,46,bandpass
1.7589020722044231e-07,7e-07,1.6813874295103034e-07,2.2e-07,2.0606913466969003e-05,0.4419162764414856,46,bandpass
1.7589020722044231e-07,7e-07,1.6813874295103034e-07,2.2e-07,2.0585733552922002e-05,0.4421853700264632,47,bandpass
1.7589020722044231e-07,7e-07,1.6813874295103034e-07,2.2e-07,2.0606913466969003e-05,0.4421853700264632,47,bandpass
1.7589020722044231e-07,7e-07,1.6813874295103034e-07,2.2e-07,2.0585733552922002e-05,0.4421853700264632,47,bandpass
1.7589020722044231e-07,7e-07,1.6813874295103034e-07,2.2e-07,2.0585733552922002e-05,0.4421853700264632,47,bandpass
1.7589020722044231e-07,7e-07,1.6813874295103034e-07,2.2e-07,2.0585733552922002e-05,0.4421853700264632,47,bandpass
1.7589020722044231e-07,7e-07,1.6813874295103034e-07,2.2e-07,2.0585733552922002e-05,0.4421853700264632,47,bandpass
1.7589020722044231e-07,7e-07,1.6813874295103034e-07,2.2e-07,2.0585733552922002e-05,0.4421853700264632,47,bandpass
1.7589020722044231e-07,7e-07,1.7306112630072557e-07,2.2e-07,2.0585733552922002e-05,0.259469431702093,47,bandpass
1.7589020722044231e-07,7e-07,1.6813874295103034e-07,2.2e-07,2.0585733552922002e-05,0.4421853700264632,47,bandpass
1.7589020722044231e-07,7e-07,1.6813874295103034e-07,2.2e-07,2.0585733552922002e-05,0.4421853700264632,47,bandpass
1.7589020722044231e-07,7e-07,1.6813874295103034e-07,2.2e-07,2.0585733552922002e-05,0.4421853700264632,47,bandpass
1.7589020722044231e-07,6.582332470061735e-07,1.6813874295103034e-07,2.2e-07,2.0585733552922002e-05,0.19212183242817293,47,bandpass
1.7589020722044231e-07,7e-07,1.6813874295103034e-07,2.2e-07,2.0585733552922002e-05,0.4421853700264632,47,bandpass
1.7589020722044231e-07,7e-07,1.6813874295103034e-07,2.2e-07,2.0585733552922002e-05,0.4421853700264632,47,bandpass
1.7589020722044231e-07,7e-07,1.6813874295103034e-07,2.2e-07,2.0585733552922002e-05,0.4421853700264632,47,bandpass
1.7589020722044231e-07,7e-07,1.6813874295103034e-07,2.2e-07,2.0585733552922002e-05,0.4421853700264632,47,bandpass
1.7589020722044231e-07,7e-07,1.6813874295103034e-07,2.2e-07,2.0585733552922002e-05,0.4421853700264632,47,bandpass
1.7589020722044231e-07,7e-07,1.6813874295103034e-07,2.2e-07,2.0585733552922002e-05,0.4421853700264632,47,bandpass
1.7589020722044231e-07,7e-07,1.6813874295103034e-07,2.2e-07,2.0617777531042632e-05,0.4421853700264632,47,bandpass
1.7589020722044231e-07,7e-07,1.6813874295103034e-07,2.2e-07,2.0585733552922002e-05,0.4421853700264632,47,bandpass
1.7589020722044231e-07,7e-07,1.6813874295103034e-07,2.2e-07,2.0585733552922002e-05,0.4421853700264632,47,bandpass
1.7589020722044231e-07,7e-07,1.6813874295103034e-07,2.2e-07,2.0585733552922002e-05,0.4421853700264632,47,bandpass
1.7589020722044231e-07,7e-07,1.6813874295103034e-07,2.2e-07,2.0585733552922002e-05,0.4421853700264632,47,bandpass
1.7589020722044231e-07,7e-07,1.6813874295103034e-07,2.2e-07,2.0585733552922002e-05,0.4421853700264632,47,bandpass
1.7589020722044231e-07,7e-07,1.6813874295103034e-07,2.2e-07,2.0585733552922002e-05,0.4421853700264632,47,bandpass
1.7589020722044231e-07,7e-07,1.6813874295103034e-07,2.2e-07,2.0585733552922002e-05,0.4421853700264632,47,bandpass
1.7589020722044231e-07,7e-07,1.6813874295103034e-07,2.2e-07,2.0606913466969003e-05,0.4421853700264632,47,bandpass
1.7589020722044231e-07,7e-07,1.6813874295103034e-07,2.2e-07,2.0585733552922002e-05,0.4421853700264632,47,bandpass
1.7589020722044231e-07,7e-07,1.6813874295103034e-07,2.2e-07,2.0585733552922002e-05,0.4421853700264632,47,bandpass
1.7589020722044231e-07,7e-07,1.6813874295103034e-07,2.2e-07,2.0585733552922002e-05,0.4421853700264632,47,bandpass
1.7589020722044231e-07,6.997680511127108e-07,1.6813874295103034e-07,2.2e-07,2.0585733552922002e-05,0.4421853700264632,47,bandpass
1.7589020722044231e-07,7e-07,1.6813874295103034e-07,2.2e-07,2.0606913466969003e-05,0.4421853700264632,47,bandpass
1.7589020722044231e-07,7e-07,1.6813874295103034e-07,2.2e-07,2.0585733552922002e-05,0.4421853700264632,47,bandpass
1.7589020722044231e-07,7e-07,1.6813874295103034e-07,2.2e-07,2.0585733552922002e-05,0.4421853700264632,47,bandpass
1.7589020722044231e-07,7e-07,1.6813874295103034e-07,2.2e-07,2.0585733552922002e-05,0.4421853700264632,47,bandpass
1.7589020722044231e-07,7e-07,1.6813874295103034e-07,2.2e-07,2.0606913466969003e-05,0.4421853700264632,47,bandpass
1.7589020722044231e-07,7e-07,1.6813874295103034e-07,2.2e-07,2.0585733552922002e-05,0.4421853700264632,47,bandpass
1.7589020722044231e-07,7e-07,1.6813874295103034e-07,2.2e-07,2.0585733552922002e-05,0.4421853700264632,47,bandpass
1.7589020722044231e-07,7e-07,1.6813874295103034e-07,2.2e-07,2.0606913466969003e-05,0.4421853700264632,47,bandpass
1.8165893073766793e-07,7e-07,1.6813874295103034e-07,2.2e-07,2.0585733552922002e-05,0.3321785002174954,47,bandpass
1.7589020722044231e-07,7e-07,1.6813874295103034e-07,2.2e-07,2.0585733552922002e-05,0.4421853700264632,47,bandpass
1.7589020722044231e-07,7e-07,1.6813874295103034e-07,2.2e-07,2.0585733552922002e-05,0.4421853700264632,47,bandpass
1.7589020722044231e-07,7e-07,1.6813874295103034e-07,2.2e-07,2.0606913466969003e-05,0.4421853700264632,47,bandpass
1.7589020722044231e-07,7e-07,1.6813874295103034e-07,2.2e-07,2.0585733552922002e-05,0.4421853700264632,47,bandpass
1.7589020722044231e-07,7e-07,1.6813874295103034e-07,2.2e-07,2.0585733552922002e-05,0.4421853700264632,47,bandpass
1.7609289612916838e-07,7e-07,1.6813874295103034e-07,2.2e-07,2.0585733552922002e-05,0.4421853700264632,47,bandpass
1.7589020722044231e-07,7e-07,1.6813874295103034e-07,2.2e-07,2.0585733552922002e-05,0.4421853700264632,47,bandpass
1.7589020722044231e-07,7e-07,1.6813874295103034e-07,2.2e-07,2.0585733552922002e-05,0.4421853700264632,47,bandpass
1.7589020722044231e-07,6.997680511127108e-07,1.6813874295103034e-07,2.2e-07,2.0585733552922002e-05,0.4421853700264632,47,bandpass
1.6449832046859114e-07,7e-07,1.6813874295103034e-07,2.2e-07,2.0585733552922002e-05,0.19855878315540476,47,bandpass
1.7589020722044231e-07,7e-07,1.6813874295103034e-07,2.2e-07,2.0585733552922002e-05,0.4419162764414856,48,bandpass
1.7589020722044231e-07,7e-07,1.6813874295103034e-07,2.2e-07,2.0585733552922002e-05,0.4419162764414856,48,bandpass
1.7589020722044231e-07,7e-07,1.6813874295103034e-07,2.2e-07,2.0585733552922002e-05,0.4419162764414856,48,bandpass
1.7589020722044231e-07,7e-07,1.6813874295103034e-07,2.2e-07,2.0585733552922002e-05,0.4419162764414856,48,bandpass
1.7589020722044231e-07,7e-07,1.6813874295103034e-07,2.2e-07,2.0606913466969003e-05,0.4419162764414856,48,bandpass
1.7589020722044231e-07,7e-07,1.6813874295103034e-07,2.2e-07,2.0585733552922002e-05,0.4419162764414856,48,bandpass
1.7589020722044231e-07,7e-07,1.6813874295103034e-07,2.2e-07,2.0585733552922002e-05,0.4419162764414856,48,bandpass
1.7589020722044231e-07,7e-07,1.6813874295103034e-07,2.2e-07,2.0585733552922002e-05,0.4419162764414856,48,bandpass
1.7589020722044231e-07,7e-07,1.6813874295103034e-07,2.2e-07,2.0585733552922002e-05,0.4419162764414856,48,bandpass
1.7589020722044231e-07,7e-07,1.6813874295103034e-07,2.2e-07,2.0606913466969003e-05,0.4419162764414856,48,bandpass
1.7589020722044231e-07,7e-07,1.6813874295103034e-07,2.2e-07,3.993526917954372e-05,0.3750591578816401,48,bandpass
1.7589020722044231e-07,7e-07,1.6813874295103034e-07,2.2e-07,2.0585733552922002e-05,0.4419162764414856,48,bandpass
1.7589020722044231e-07,7e-07,1.6813874295103034e-07,2.2e-07,2.0585733552922002e-05,0.4419162764414856,48,bandpass
1.7589020722044231e-07,7e-07,1.7230879785472958e-07,2.2e-07,2.0585733552922002e-05,0.38492810089870605,48,bandpass
1.7589020722044231e-07,7e-07,1.6813874295103034e-07,2.2e-07,2.0585733552922002e-05,0.4419162764414856,48,bandpass
1.7589020722044231e-07,4.4491978786734364e-07,1.6813874295103034e-07,2.2e-07,2.0585733552922002e-05,0.24799688549551696,48,bandpass
1.7589020722044231e-07,7e-07,1.6813874295103034e-07,2.2e-07,2.0585733552922002e-05,0.4419162764414856,48,bandpass
1.7589020722044231e-07,7e-07,1.6813874295103034e-07,2.2e-07,2.0617777531042632e-05,0.4419162764414856,48,bandpass
1.7609289612916838e-07,7e-07,1.6813874295103034e-07,2.2e-07,2.0585733552922002e-05,0.4419162764414856,48,bandpass
1.7589020722044231e-07,7e-07,1.6813874295103034e-07,2.2e-07,2.0585733552922002e-05,0.4419162764414856,48,bandpass
1.7589020722044231e-07,7e-07,1.6813874295103034e-07,2.2e-07,2.0606913466969003e-05,0.4419162764414856,48,bandpass
1.7589020722044231e-07,7e-07,1.6813874295103034e-07,2.2e-07,2.0585733552922002e-05,0.4419162764414856,48,bandpass
1.7589020722044231e-07,7e-07,1.6813874295103034e-07,2.2e-07,2.0585733552922002e-05,0.4419162764414856,48,bandpass
1.7589020722044231e-07,7e-07,1.6813874295103034e-07,2.2e-07,2.0585733552922002e-05,0.4419162764414856,48,bandpass
1.7589020722044231e-07,7e-07,1.6813874295103034e-07,2.2e-07,2.0585733552922002e-05,0.4419162764414856,48,bandpass
1.7589020722044231e-07,7e-07,1.6813874295103034e-07,2.2e-07,1.6076126756988545e-05,0.20165612571185862,48,bandpass
1.7589020722044231e-07,7e-07,1.6813874295103034e-07,2.2e-07,2.0585733552922002e-05,0.4419162764414856,48,bandpass
1.7589020722044231e-07,7e-07,1.6813874295103034e-07,2.2e-07,2.0585733552922002e-05,0.4419162764414856,48,bandpass
1.7589020722044231e-07,7e-07,1.6813874295103034e-07,2.2e-07,2.0606913466969003e-05,0.4419162764414856,48,bandpass
1.7589020722044231e-07,7e-07,1.6813874295103034e-07,2.2e-07,2.0585733552922002e-05,0.4419162764414856,48,bandpass
1.7589020722044231e-07,7e-07,1.6813874295103034e-07,2.2e-07,2.0617777531042632e-05,0.4419162764414856,48,bandpass
1.7589020722044231e-07,7e-07,1.6813874295103034e-07,2.2e-07,2.0585733552922002e-05,0.4419162764414856,48,bandpass
1.7589020722044231e-07,7e-07,1.6813874295103034e-07,2.2e-07,2.0585733552922002e-05,0.4419162764414856,48,bandpass
1.7589020722044231e-07,7e-07,1.6813874295103034e-07,2.2e-07,2.0585733552922002e-05,0.4419162764414856,48,bandpass
1.7589020722044231e-07,7e-07,1.6813874295103034e-07,2.2e-07,2.0617777531042632e-05,0.4419162764414856,48,bandpass
1.7589020722044231e-07,7e-07,1.6813874295103034e-07,2.2e-07,2.0585733552922002e-05,0.4419162764414856,48,bandpass
1.7609289612916838e-07,7e-07,1.6813874295103034e-07,2.2e-07,2.0606913466969003e-05,0.4419162764414856,48,bandpass
1.7589020722044231e-07,7e-07,1.6813874295103034e-07,2.2e-07,2.0585733552922002e-05,0.4419162764414856,48,bandpass
1.7589020722044231e-07,7e-07,1.6813874295103034e-07,2.2e-07,2.0585733552922002e-05,0.4419162764414856,48,bandpass
1.7589020722044231e-07,7e-07,1.6813874295103034e-07,2.2e-07,2.0606913466969003e-05,0.4419162764414856,48,bandpass
1.7589020722044231e-07,7e-07,1.6813874295103034e-07,2.2e-07,2.0585733552922002e-05,0.4419162764414856,48,bandpass
1.7589020722044231e-07,7e-07,1.6813874295103034e-07,2.2e-07,2.0585733552922002e-05,0.4419162764414856,48,bandpass
1.7589020722044231e-07,7e-07,1.6813874295103034e-07,2.2e-07,2.0585733552922002e-05,0.4419162764414856,48,bandpass
1.7589020722044231e-07,7e-07,1.6813874295103034e-07,2.2e-07,2.0585733552922002e-05,0.4419162764414856,48,bandpass
1.7589020722044231e-07,7e-07,1.6813874295103034e-07,2.2e-07,2.0585733552922002e-05,0.4419162764414856,48,bandpass
1.7589020722044231e-07,7e-07,1.6813874295103034e-07,2.2e-07,2.0585733552922002e-05,0.4419162764414856,48,bandpass
1.7589020722044231e-07,7e-07,1.6813874295103034e-07,2.2e-07,2.0585733552922002e-05,0.4419162764414856,48,bandpass
1.7589020722044231e-07,7e-07,1.6813874295103034e-07,2.2e-07,2.0585733552922002e-05,0.4419162764414856,48,bandpass
1.7589020722044231e-07,7e-07,1.6813874295103034e-07,2.2e-07,2.0617777531042632e-05,0.4419162764414856,48,bandpass
1.7589020722044231e-07,7e-07,1.6813874295103034e-07,2.2e-07,2.0606913466969003e-05,0.4419162764414856,48,bandpass
1.7589020722044231e-07,7e-07,1.6813874295103034e-07,2.2e-07,2.0585733552922002e-05,0.4419596170006631,49,bandpass
1.7589020722044231e-07,7e-07,1.6813874295103034e-07,2.2e-07,2.0606913466969003e-05,0.4419596170006631,49,bandpass
1.7609289612916838e-07,7e-07,1.6813874295103034e-07,2.2e-07,2.0585733552922002e-05,0.4419596170006631,49,bandpass
1.7589020722044231e-07,7e-07,1.6813874295103034e-07,2.2e-07,2.0585733552922002e-05,0.4419596170006631,49,bandpass
1.7589020722044231e-07,7e-07,1.6813874295103034e-07,2.2e-07,3.470811093583337e-05,0.2965022689495526,49,bandpass
1.7609289612916838e-07,7e-07,1.6813874295103034e-07,2.2e-07,2.0585733552922002e-05,0.4419596170006631,49,bandpass
1.7609289612916838e-07,7e-07,1.6813874295103034e-07,2.2e-07,2.0585733552922002e-05,0.4419596170006631,49,bandpass
1.7589020722044231e-07,7e-07,1.6813874295103034e-07,2.2e-07,2.0585733552922002e-05,0.4419596170006631,49,bandpass
1.7589020722044231e-07,7e-07,1.6813874295103034e-07,2.2e-07,2.0606913466969003e-05,0.4419596170006631,49,bandpass
1.7589020722044231e-07,7e-07,1.6813874295103034e-07,2.2e-07,2.0585733552922002e-05,0.4419596170006631,49,bandpass
1.7589020722044231e-07,7e-07,1.6813874295103034e-07,2.2e-07,2.0585733552922002e-05,0.4419596170006631,49,bandpass
1.7589020722044231e-07,7e-07,1.6813874295103034e-07,2.2e-07,2.0585733552922002e-05,0.4419596170006631,49,bandpass
1.7589020722044231e-07,7e-07,1.2874327159088442e-07,2.2e-07,2.0585733552922002e-05,0.1864458508685724,49,bandpass
1.7589020722044231e-07,7e-07,1.6813874295103034e-07,2.2e-07,2.0585733552922002e-05,0.4419596170006631,49,bandpass
1.7589020722044231e-07,7e-07,1.6813874295103034e-07,2.2e-07,2.0585733552922002e-05,0.4419596170006631,49,bandpass
1.7609289612916838e-07,7e-07,1.6813874295103034e-07,2.2e-07,2.0617777531042632e-05,0.4419596170006631,49,bandpass
1.7589020722044231e-07,7e-07,1.6813874295103034e-07,2.2e-07,2.0585733552922002e-05,0.4419596170006631,49,bandpass
1.726730950389918e-07,7e-07,1.6813874295103034e-07,2.2e-07,2.0585733552922002e-05,0.24612478334467972,49,bandpass
1.7589020722044231e-07,7e-07,1.6813874295103034e-07,2.2e-07,2.0606913466969003e-05,0.4419596170006631,49,bandpass
1.7589020722044231e-07,7e-07,1.6813874295103034e-07,2.2e-07,2.0606913466969003e-05,0.4419596170006631,49,bandpass
1.7589020722044231e-07,7e-07,1.6813874295103034e-07,2.2e-07,2.0585733552922002e-05,0.4419596170006631,49,bandpass
1.7589020722044231e-07,7e-07,1.6813874295103034e-07,2.2e-07,2.0585733552922002e-05,0.4419596170006631,49,bandpass
1.7589020722044231e-07,7e-07,1.6813874295103034e-07,2.2e-07,2.0585733552922002e-05,0.4419596170006631,49,bandpass
1.7589020722044231e-07,7e-07,1.6813874295103034e-07,2.2e-07,2.0617777531042632e-05,0.4419596170006631,49,bandpass
1.7589020722044231e-07,7e-07,1.6813874295103034e-07,2.2e-07,2.0606913466969003e-05,0.4419596170006631,49,bandpass
1.7589020722044231e-07,7e-07,1.6813874295103034e-07,2.2e-07,1.840503084560131e-05,0.2354364287069382,49,bandpass
1.7589020722044231e-07,7e-07,1.6813874295103034e-07,2.2e-07,2.0606913466969003e-05,0.4419596170006631,49,bandpass
1.7589020722044231e-07,7e-07,1.6813874295103034e-07,2.2e-07,2.0606913466969003e-05,0.4419596170006631,49,bandpass
1.7589020722044231e-07,7e-07,1.6813874295103034e-07,2.2e-07,2.0585733552922002e-05,0.4419596170006631,49,bandpass
1.7589020722044231e-07,7e-07,1.6813874295103034e-07,2.2e-07,2.0585733552922002e-05,0.4419596170006631,49,bandpass
1.7589020722044231e-07,7e-07,1.6813874295103034e-07,2.2e-07,2.0585733552922002e-05,0.4419596170006631,49,bandpass
1.7589020722044231e-07,7e-07,1.6813874295103034e-07,2.2e-07,2.0585733552922002e-05,0.4419596170006631,49,bandpass
1.7589020722044231e-07,7e-07,1.6813874295103034e-07,2.2e-07,2.0585733552922002e-05,0.4419596170006631,49,bandpass
1.7589020722044231e-07,7e-07,1.6813874295103034e-07,2.2e-07,2.0585733552922002e-05,0.4419596170006631,49,bandpass
1.7589020722044231e-07,7e-07,1.6813874295103034e-07,2.2e-07,2.0585733552922002e-05,0.4419596170006631,49,bandpass
1.7589020722044231e-07,7e-07,1.6813874295103034e-07,2.2e-07,2.0585733552922002e-05,0.4419596170006631,49,bandpass
1.7589020722044231e-07,7e-07,1.6813874295103034e-07,2.2e-07,2.0585733552922002e-05,0.4419596170006631,49,bandpass
1.8051234465653206e-07,7e-07,1.6813874295103034e-07,2.2e-07,2.0606913466969003e-05,0.2786105832388519,49,bandpass
1.7589020722044231e-07,7e-07,1.6813874295103034e-07,2.2e-07,2.0617777531042632e-05,0.4419596170006631,49,bandpass
1.7589020722044231e-07,7e-07,1.6813874295103034e-07,2.2e-07,2.0585733552922002e-05,0.4419596170006631,49,bandpass
1.7589020722044231e-07,7e-07,1.6813874295103034e-07,2.2e-07,2.0585733552922002e-05,0.4419596170006631,49,bandpass
2.3036272953377137e-07,7e-07,1.6813874295103034e-07,2.2e-07,2.0585733552922002e-05,0.16014783721582382,49,bandpass
1.7589020722044231e-07,7e-07,1.6813874295103034e-07,2.2e-07,2.0585733552922002e-05,0.4419596170006631,49,bandpass
1.7589020722044231e-07,7e-07,1.6813874295103034e-07,2.2e-07,2.0585733552922002e-05,0.4419596170006631,49,bandpass
1.7589020722044231e-07,7e-07,1.672256171034068e-07,2.2e-07,2.0585733552922002e-05,0.2612584811725127,49,bandpass
1.7589020722044231e-07,7e-07,1.6813874295103034e-07,2.2e-07,2.0585733552922002e-05,0.4419596170006631,49,bandpass
1.7589020722044231e-07,7e-07,1.6813874295103034e-07,2.2e-07,2.0585733552922002e-05,0.4419596170006631,49,bandpass
1.7589020722044231e-07,7e-07,1.6813874295103034e-07,2.2e-07,2.0585733552922002e-05,0.4419596170006631,49,bandpass
1.7589020722044231e-07,7e-07,1.6813874295103034e-07,2.2e-07,2.0585733552922002e-05,0.4419596170006631,49,bandpass
1.7589020722044231e-07,7e-07,1.6813874295103034e-07,2.2e-07,2.0585733552922002e-05,0.4419596170006631,49,bandpass
1.7589020722044231e-07,7e-07,1.6813874295103034e-07,2.2e-07,2.0585733552922002e-05,0.4419596170006631,50,bandpass
1.8978355856990511e-07,7e-07,1.6813874295103034e-07,2.2e-07,2.0606913466969003e-05,0.3366387331226025,50,bandpass
1.7589020722044231e-07,7e-07,1.6813874295103034e-07,2.2e-07,2.0606913466969003e-05,0.4419596170006631,50,bandpass
1.7589020722044231e-07,7e-07,1.6813874295103034e-07,2.2e-07,2.0585733552922002e-05,0.4419596170006631,50,bandpass
1.715189101296213e-07,7e-07,1.6813874295103034e-07,2.2e-07,2.0585733552922002e-05,0.26565835071683896,50,bandpass
1.7589020722044231e-07,7e-07,1.6813874295103034e-07,2.2e-07,2.0606913466969003e-05,0.4419596170006631,50,bandpass
1.7609289612916838e-07,7e-07,1.6813874295103034e-07,2.2e-07,2.0585733552922002e-05,0.4419596170006631,50,bandpass
1.7589020722044231e-07,7e-07,1.6813874295103034e-07,2.2e-07,3.3694683136593774e-05,0.3806678767014132,50,bandpass
1.7589020722044231e-07,7e-07,1.7397419294294837e-07,2.2e-07,2.0585733552922002e-05,0.24033935296533213,50,bandpass
1.7589020722044231e-07,7e-07,1.6813874295103034e-07,2.2e-07,2.0585733552922002e-05,0.4419596170006631,50,bandpass
1.7589020722044231e-07,7e-07,1.6813874295103034e-07,2.2e-07,2.0585733552922002e-05,0.4419596170006631,50,bandpass
1.7589020722044231e-07,7e-07,1.6813874295103034e-07,2.2e-07,2.0606913466969003e-05,0.4419596170006631,50,bandpass
1.7589020722044231e-07,7e-07,1.6813874295103034e-07,2.2e-07,2.0585733552922002e-05,0.4419596170006631,50,bandpass
1.7589020722044231e-07,7e-07,1.8417655836429874e-07,2.2e-07,2.0585733552922002e-05,0.30866466560653305,50,bandpass
1.7589020722044231e-07,7e-07,1.6813874295103034e-07,2.2e-07,2.072361100240944e-05,0.44185831706525736,50,bandpass
1.7589020722044231e-07,7e-07,1.6813874295103034e-07,2.2e-07,2.0585733552922002e-05,0.4419596170006631,50,bandpass
1.7589020722044231e-07,7e-07,1.6813874295103034e-07,2.2e-07,2.0585733552922002e-05,0.4419596170006631,50,bandpass
1.7589020722044231e-07,7e-07,1.6813874295103034e-07,2.2e-07,2.0585733552922002e-05,0.4419596170006631,50,bandpass
1.7589020722044231e-07,7e-07,1.6813874295103034e-07,2.2e-07,2.0585733552922002e-05,0.4419596170006631,50,bandpass
1.7589020722044231e-07,7e-07,1.6813874295103034e-07,2.2e-07,2.0585733552922002e-05,0.4419596170006631,50,bandpass
1.7589020722044231e-07,7e-07,1.6813874295103034e-07,2.2e-07,2.0606913466969003e-05,0.4419596170006631,50,bandpass
1.7589020722044231e-07,7e-07,1.6813874295103034e-07,2.2e-07,2.0617777531042632e-05,0.4419596170006631,50,bandpass
1.7589020722044231e-07,7e-07,1.6813874295103034e-07,2.2e-07,2.0585733552922002e-05,0.4419596170006631,50,bandpass
1.7589020722044231e-07,7e-07,1.6813874295103034e-07,2.2e-07,2.0585733552922002e-05,0.4419596170006631,50,bandpass
1.7589020722044231e-07,7e-07,1.6813874295103034e-07,2.2e-07,2.0585733552922002e-05,0.4419596170006631,50,bandpass
1.7589020722044231e-07,7e-07,1.6813874295103034e-07,2.2e-07,2.0585733552922002e-05,0.4419596170006631,50,bandpass
1.7589020722044231e-07,7e-07,1.6813874295103034e-07,2.2e-07,2.0585733552922002e-05,0.4419596170006631,50,bandpass
1.7589020722044231e-07,7e-07,1.6813874295103034e-07,2.2e-07,2.0617777531042632e-05,0.4419596170006631,50,bandpass
1.7589020722044231e-07,7e-07,1.6813874295103034e-07,2.2e-07,2.0585733552922002e-05,0.4419596170006631,50,bandpass
1.7589020722044231e-07,7e-07,1.6813874295103034e-07,2.2e-07,2.0585733552922002e-05,0.4419596170006631,50,bandpass
1.7589020722044231e-07,7e-07,1.6813874295103034e-07,2.2e-07,2.0606913466969003e-05,0.4419596170006631,50,bandpass
1.7609289612916838e-07,6.917634483499747e-07,1.6813874295103034e-07,2.2e-07,2.0585733552922002e-05,0.28618157239561076,50,bandpass
1.7589020722044231e-07,7e-07,1.6813874295103034e-07,2.2e-07,2.0585733552922002e-05,0.4419596170006631,50,bandpass
1.7589020722044231e-07,7e-07,1.6813874295103034e-07,2.2e-07,2.6081532496045806e-05,0.34466484714969725,50,bandpass
1.7589020722044231e-07,7e-07,1.6813874295103034e-07,2.2e-07,2.0585733552922002e-05,0.4419596170006631,50,bandpass
1.7589020722044231e-07,7e-07,1.6813874295103034e-07,2.2e-07,2.0585733552922002e-05,0.4419596170006631,50,bandpass
1.7589020722044231e-07,7e-07,1.6813874295103034e-07,2.2e-07,2.0585733552922002e-05,0.4419596170006631,50,bandpass
1.7589020722044231e-07,7e-07,1.6813874295103034e-07,2.2e-07,2.0585733552922002e-05,0.4419596170006631,50,bandpass
1.7589020722044231e-07,7e-07,1.6813874295103034e-07,2.2e-07,2.0585733552922002e-05,0.4419596170006631,50,bandpass
1.7609289612916838e-07,7e-07,1.6813874295103034e-07,2.2e-07,2.0585733552922002e-05,0.4419596170006631,50,bandpass
1.7609289612916838e-07,7e-07,1.6813874295103034e-07,2.2e-07,2.0585733552922002e-05,0.4419596170006631,50,bandpass
1.7589020722044231e-07,7e-07,1.4879111279790944e-07,2.2e-07,2.0585733552922002e-05,0.21080561659653574,50,bandpass
1.7589020722044231e-07,7e-07,1.6813874295103034e-07,2.2e-07,2.0585733552922002e-05,0.4419596170006631,50,bandpass
1.7589020722044231e-07,7e-07,1.6813874295103034e-07,2.2e-07,2.0585733552922002e-05,0.4419596170006631,50,bandpass
1.7589020722044231e-07,7e-07,1.6813874295103034e-07,2.2e-07,2.0585733552922002e-05,0.4419596170006631,50,bandpass
1.7589020722044231e-07,7e-07,1.666160431873474e-07,2.2e-07,2.0585733552922002e-05,0.2466793543175556,50,bandpass
1.7589020722044231e-07,7e-07,2.2593954062480183e-07,2.2e-07,2.0585733552922002e-05,0.29995972285062794,50,bandpass
1.7589020722044231e-07,7e-07,1.6813874295103034e-07,2.2e-07,2.0606913466969003e-05,0.4419596170006631,50,bandpass
1.7589020722044231e-07,7e-07,1.6813874295103034e-07,2.2e-07,2.0585733552922002e-05,0.4419596170006631,50,bandpass
1.7589020722044231e-07,7e-07,1.6813874295103034e-07,2.2e-07,2.0585733552922002e-05,0.4419596170006631,50,bandpass
1.7589020722044231e-07,7e-07,1.6813874295103034e-07,2.2e-07,2.0585733552922002e-05,0.4419596170006631,51,bandpass
1.7589020722044231e-07,6.923294767038633e-07,1.6813874295103034e-07,2.2e-07,2.0585733552922002e-05,0.28190605224337806,51,bandpass
1.7589020722044231e-07,7e-07,1.6813874295103034e-07,2.2e-07,2.0585733552922002e-05,0.4419596170006631,51,bandpass
1.7589020722044231e-07,7e-07,1.6813874295103034e-07,2.2e-07,2.0585733552922002e-05,0.4419596170006631,51,bandpass
1.7609289612916838e-07,7e-07,1.6813874295103034e-07,2.2e-07,2.0585733552922002e-05,0.4419596170006631,51,bandpass
1.7589020722044231e-07,7e-07,1.6813874295103034e-07,2.2e-07,2.0585733552922002e-05,0.4419596170006631,51,bandpass
1.7589020722044231e-07,7e-07,1.6813874295103034e-07,2.2e-07,2.0606913466969003e-05,0.4419596170006631,51,bandpass
1.7589020722044231e-07,7e-07,1.6813874295103034e-07,2.2e-07,2.0585733552922002e-05,0.4419596170006631,51,bandpass
1.7609289612916838e-07,7e-07,1.6813874295103034e-07,2.2e-07,2.0585733552922002e-05,0.4419596170006631,51,bandpass
1.7589020722044231e-07,7e-07,1.6813874295103034e-07,2.2e-07,2.0585733552922002e-05,0.4419596170006631,51,bandpass
1.7589020722044231e-07,7e-07,1.6813874295103034e-07,2.2e-07,2.0606913466969003e-05,0.4419596170006631,51,bandpass
1.7589020722044231e-07,7e-07,1.6813874295103034e-07,2.2e-07,2.0585733552922002e-05,0.4419596170006631,51,bandpass
1.7589020722044231e-07,6.824251263095247e-07,1.6813874295103034e-07,2.2e-07,2.0585733552922002e-05,0.3052674035700929,51,bandpass
1.7589020722044231e-07,7e-07,1.6813874295103034e-07,2.2e-07,2.0617777531042632e-05,0.4419596170006631,51,bandpass
1.7589020722044231e-07,7e-07,1.6813874295103034e-07,2.2e-07,2.0606913466969003e-05,0.4419596170006631,51,bandpass
1.7589020722044231e-07,7e-07,1.6813874295103034e-07,2.2e-07,2.0617777531042632e-05,0.4419596170006631,51,bandpass
1.7589020722044231e-07,7e-07,1.6813874295103034e-07,2.2e-07,2.0585733552922002e-05,0.4419596170006631,51,bandpass
1.7589020722044231e-07,7e-07,1.6813874295103034e-07,2.2e-07,2.0585733552922002e-05,0.4419596170006631,51,bandpass
1.7589020722044231e-07,7e-07,1.6813874295103034e-07,2.2e-07,2.0606913466969003e-05,0.4419596170006631,51,bandpass
1.7589020722044231e-07,7e-07,1.6813874295103034e-07,2.2e-07,2.0585733552922002e-05,0.4419596170006631,51,bandpass
1.7589020722044231e-07,7e-07,1.6813874295103034e-07,2.2e-07,2.0585733552922002e-05,0.4419596170006631,51,bandpass
1.7589020722044231e-07,7e-07,1.6813874295103034e-07,2.2e-07,2.0585733552922002e-05,0.4419596170006631,51,bandpass
2.432525746707555e-07,7e-07,1.6813874295103034e-07,2.2e-07,2.0606913466969003e-05,0.20945913287697626,51,bandpass
1.7589020722044231e-07,7e-07,1.6813874295103034e-07,2.2e-07,1.8845877065130158e-05,0.26388549214118917,51,bandpass
1.7589020722044231e-07,7e-07,1.6810571165856218e-07,2.2e-07,2.0617777531042632e-05,0.4419596170006631,51,bandpass
1.7589020722044231e-07,7e-07,1.6813874295103034e-07,2.2e-07,2.0585733552922002e-05,0.4419596170006631,51,bandpass
1.7589020722044231e-07,7e-07,1.6813874295103034e-07,2.2e-07,2.0935861518391066e-05,0.30667843018674557,51,bandpass
1.7589020722044231e-07,7e-07,1.6813874295103034e-07,2.2e-07,2.0585733552922002e-05,0.4419596170006631,51,bandpass
1.7609289612916838e-07,7e-07,1.2182051292565218e-07,2.2e-07,2.0585733552922002e-05,0.22692330506885644,51,bandpass
1.7609289612916838e-07,7e-07,1.6813874295103034e-07,2.2e-07,2.0585733552922002e-05,0.4419596170006631,51,bandpass
1.7589020722044231e-07,7e-07,1.6813874295103034e-07,2.2e-07,2.1941672308804967e-05,0.2996585293916638,51,bandpass
1.7589020722044231e-07,7e-07,1.6813874295103034e-07,2.2e-07,2.0585733552922002e-05,0.4419596170006631,51,bandpass
1.7589020722044231e-07,7e-07,1.6813874295103034e-07,2.2e-07,2.0585733552922002e-05,0.4419596170006631,51,bandpass
1.7589020722044231e-07,7e-07,1.6813874295103034e-07,2.2e-07,2.0585733552922002e-05,0.4419596170006631,51,bandpass
1.7589020722044231e-07,7e-07,1.6813874295103034e-07,2.2e-07,2.0585733552922002e-05,0.4419596170006631,51,bandpass
1.7136943249549133e-07,7e-07,1.6813874295103034e-07,2.2e-07,2.0585733552922002e-05,0.27286098321116914,51,bandpass
1.307653400477474e-07,7e-07,1.6813874295103034e-07,2.2e-07,2.0585733552922002e-05,0.1490554121055624,51,bandpass
1.7589020722044231e-07,7e-07,1.6813874295103034e-07,2.2e-07,2.0585733552922002e-05,0.4419596170006631,51,bandpass
1.7589020722044231e-07,7e-07,1.6813874295103034e-07,2.2e-07,2.0585733552922002e-05,0.4419596170006631,51,bandpass
1.7589020722044231e-07,7e-07,1.6813874295103034e-07,2.2e-07,2.0585733552922002e-05,0.4419596170006631,51,bandpass
1.7589020722044231e-07,7e-07,1.6813874295103034e-07,2.2e-07,2.0585733552922002e-05,0.4419596170006631,51,bandpass
1.7589020722044231e-07,7e-07,1.6813874295103034e-07,2.2e-07,2.0585733552922002e-05,0.4419596170006631,51,bandpass
1.7589020722044231e-07,7e-07,1.6813874295103034e-07,2.2e-07,2.0585733552922002e-05,0.4419596170006631,51,bandpass
1.7589020722044231e-07,7e-07,1.6813874295103034e-07,2.2e-07,2.0585733552922002e-05,0.4419596170006631,51,bandpass
1.7589020722044231e-07,7e-07,1.6813874295103034e-07,2.2e-07,2.0585733552922002e-05,0.4419596170006631,51,bandpass
1.7589020722044231e-07,7e-07,1.6813874295103034e-07,2.2e-07,2.0606913466969003e-05,0.4419596170006631,51,bandpass
1.7589020722044231e-07,7e-07,1.6813874295103034e-07,2.2e-07,2.0585733552922002e-05,0.4419596170006631,51,bandpass
1.7589020722044231e-07,7e-07,1.6813874295103034e-07,2.2e-07,2.0585733552922002e-05,0.4419596170006631,51,bandpass
1.7589020722044231e-07,7e-07,1.6813874295103034e-07,2.2e-07,2.0585733552922002e-05,0.4419596170006631,51,bandpass
1.5900817914523053e-07,7e-07,1.6813874295103034e-07,2.2e-07,2.0585733552922002e-05,0.12642120718395944,51,bandpass
1.7589020722044231e-07,7e-07,1.6813874295103034e-07,2.2e-07,2.0585733552922002e-05,0.4418937141297812,52,bandpass
1.7589020722044231e-07,7e-07,1.6813874295103034e-07,2.2e-07,2.0606913466969003e-05,0.4418937141297812,52,bandpass
1.7589020722044231e-07,7e-07,1.6813874295103034e-07,2.2e-07,2.0606913466969003e-05,0.4418937141297812,52,bandpass
1.7589020722044231e-07,7e-07,1.6813874295103034e-07,2.2e-07,2.0585733552922002e-05,0.4418937141297812,52,bandpass
1.7589020722044231e-07,7e-07,1.6813874295103034e-07,2.2e-07,2.0606913466969003e-05,0.4418937141297812,52,bandpass
1.7589020722044231e-07,7e-07,1.6813874295103034e-07,2.2e-07,2.0585733552922002e-05,0.4418937141297812,52,bandpass
1.7589020722044231e-07,7e-07,1.6102075861879134e-07,2.2e-07,2.0585733552922002e-05,0.14611453441407096,52,bandpass
1.7589020722044231e-07,7e-07,1.6813874295103034e-07,2.2e-07,2.0585733552922002e-05,0.4418937141297812,52,bandpass
1.7589020722044231e-07,7e-07,1.6813874295103034e-07,2.2e-07,2.0585733552922002e-05,0.4418937141297812,52,bandpass
1.7589020722044231e-07,7e-07,1.6813874295103034e-07,2.2e-07,2.0606913466969003e-05,0.4418937141297812,52,bandpass
1.7589020722044231e-07,7e-07,1.6813874295103034e-07,2.2e-07,2.0585733552922002e-05,0.4418937141297812,52,bandpass
1.7609289612916838e-07,7e-07,1.6813874295103034e-07,2.2e-07,2.0585733552922002e-05,0.4418937141297812,52,bandpass
1.7589020722044231e-07,7e-07,1.6813874295103034e-07,2.2e-07,2.0585733552922002e-05,0.4418937141297812,52,bandpass
1.7589020722044231e-07,7e-07,1.6813874295103034e-07,2.2e-07,2.0606913466969003e-05,0.4418937141297812,52,bandpass
1.7589020722044231e-07,7e-07,1.6813874295103034e-07,2.2e-07,2.0585733552922002e-05,0.4418937141297812,52,bandpass
1.7589020722044231e-07,7e-07,1.6813874295103034e-07,2.2e-07,2.0585733552922002e-05,0.4418937141297812,52,bandpass
1.7609289612916838e-07,6.925035122216026e-07,1.6813874295103034e-07,2.2e-07,2.0585733552922002e-05,0.30831572603038315,52,bandpass
1.7589020722044231e-07,7e-07,1.6813874295103034e-07,2.2e-07,2.1989945412974743e-05,0.29963906109124105,52,bandpass
1.7589020722044231e-07,7e-07,1.6813874295103034e-07,2.2e-07,2.0617777531042632e-05,0.4418937141297812,52,bandpass
1.7589020722044231e-07,7e-07,1.6813874295103034e-07,2.2e-07,2.0585733552922002e-05,0.4418937141297812,52,bandpass
1.7589020722044231e-07,7e-07,1.6813874295103034e-07,2.2e-07,2.217733176760522e-05,0.29970225984066473,52,bandpass
1.7589020722044231e-07,7e-07,1.682226899821653e-07,2.2e-07,2.0617777531042632e-05,0.4418937141297812,52,bandpass
1.7589020722044231e-07,7e-07,1.6813874295103034e-07,2.2e-07,2.0585733552922002e-05,0.4418937141297812,52,bandpass
1.7589020722044231e-07,7e-07,1.6810571165856218e-07,2.2e-07,2.0585733552922002e-05,0.4418937141297812,52,bandpass
1.7589020722044231e-07,7e-07,1.6813874295103034e-07,2.2e-07,2.0606913466969003e-05,0.4418937141297812,52,bandpass
1.7589020722044231e-07,7e-07,1.6813874295103034e-07,2.2e-07,9.4444534235812e-06,0.2515127526382975,52,bandpass
1.7589020722044231e-07,7e-07,1.6813874295103034e-07,2.2e-07,2.0585733552922002e-05,0.4418937141297812,52,bandpass
1.7589020722044231e-07,7e-07,1.6813874295103034e-07,2.2e-07,2.0585733552922002e-05,0.4418937141297812,52,bandpass
1.7589020722044231e-07,7e-07,1.6813874295103034e-07,2.2e-07,2.0585733552922002e-05,0.4418937141297812,52,bandpass
1.7589020722044231e-07,7e-07,1.6813874295103034e-07,2.2e-07,2.0585733552922002e-05,0.4418937141297812,52,bandpass
1.7589020722044231e-07,7e-07,1.6813874295103034e-07,2.2e-07,2.0585733552922002e-05,0.4418937141297812,52,bandpass
1.7609289612916838e-07,7e-07,1.6813874295103034e-07,2.2e-07,2.0585733552922002e-05,0.4418937141297812,52,bandpass
1.7589020722044231e-07,7e-07,1.6813874295103034e-07,2.2e-07,2.0585733552922002e-05,0.4418937141297812,52,bandpass
1.7589020722044231e-07,7e-07,1.6810571165856218e-07,2.2e-07,2.0606913466969003e-05,0.4418937141297812,52,bandpass
1.7589020722044231e-07,7e-07,1.6813874295103034e-07,2.2e-07,2.0585733552922002e-05,0.4418937141297812,52,bandpass
1.7589020722044231e-07,7e-07,1.6813874295103034e-07,2.2e-07,2.0606913466969003e-05,0.4418937141297812,52,bandpass
1.7589020722044231e-07,7e-07,1.6813874295103034e-07,2.2e-07,2.2566190808638435e-05,0.26056490056954457,52,bandpass
1.7589020722044231e-07,7e-07,1.6813874295103034e-07,2.2e-07,2.0585733552922002e-05,0.4418937141297812,52,bandpass
1.7589020722044231e-07,4.87368274903107e-07,1.6813874295103034e-07,2.2e-07,2.0585733552922002e-05,0.252530105913693,52,bandpass
1.7589020722044231e-07,7e-07,1.6813874295103034e-07,2.2e-07,2.0585733552922002e-05,0.4418937141297812,52,bandpass
1.7589020722044231e-07,7e-07,1.6813874295103034e-07,2.2e-07,2.0585733552922002e-05,0.4418937141297812,52,bandpass
1.7589020722044231e-07,7e-07,1.6813874295103034e-07,2.2e-07,2.0585733552922002e-05,0.4418937141297812,52,bandpass
1.7589020722044231e-07,7e-07,1.6813874295103034e-07,2.2e-07,2.0617777531042632e-05,0.4418937141297812,52,bandpass
1.7589020722044231e-07,7e-07,1.6813874295103034e-07,2.2e-07,2.0585733552922002e-05,0.4418937141297812,52,bandpass
1.7589020722044231e-07,7e-07,1.6813874295103034e-07,2.2e-07,2.0585733552922002e-05,0.4418937141297812,52,bandpass
1.7589020722044231e-07,7e-07,1.6813874295103034e-07,2.2e-07,2.0585733552922002e-05,0.4418937141297812,52,bandpass
1.7589020722044231e-07,7e-07,1.6813874295103034e-07,2.2e-07,2.0585733552922002e-05,0.4418937141297812,52,bandpass
1.7589020722044231e-07,7e-07,1.6813874295103034e-07,2.2e-07,2.0585733552922002e-05,0.4418937141297812,52,bandpass
1.7589020722044231e-07,7e-07,1.6813874295103034e-07,2.2e-07,2.0585733552922002e-05,0.4418937141297812,52,bandpass
1.7589020722044231e-07,7e-07,1.6813874295103034e-07,2.2e-07,2.0617777531042632e-05,0.4418937141297812,52,bandpass
1.7589020722044231e-07,7e-07,1.6813874295103034e-07,2.2e-07,2.0585733552922002e-05,0.4419162764414856,53,bandpass
1.7254763893436816e-07,7e-07,1.6813874295103034e-07,2.2e-07,2.0585733552922002e-05,0.2440516930871735,53,bandpass
1.7589020722044231e-07,7e-07,1.6813874295103034e-07,2.2e-07,2.0606913466969003e-05,0.4419162764414856,53,bandpass
1.7589020722044231e-07,7e-07,1.6813874295103034e-07,2.2e-07,2.0585733552922002e-05,0.4419162764414856,53,bandpass
1.7609289612916838e-07,7e-07,1.6813874295103034e-07,2.2e-07,2.0585733552922002e-05,0.4419162764414856,53,bandpass
1.7589020722044231e-07,7e-07,1.6813874295103034e-07,2.2e-07,2.004712284479731e-05,0.2573419284175057,53,bandpass
1.7589020722044231e-07,7e-07,1.6813874295103034e-07,2.2e-07,2.0585733552922002e-05,0.4419162764414856,53,bandpass
1.7589020722044231e-07,7e-07,1.6813874295103034e-07,2.2e-07,2.0585733552922002e-05,0.4419162764414856,53,bandpass
1.7589020722044231e-07,7e-07,1.6813874295103034e-07,2.2e-07,2.0585733552922002e-05,0.4419162764414856,53,bandpass
1.7589020722044231e-07,7e-07,1.6810571165856218e-07,2.2e-07,2.0606913466969003e-05,0.4419162764414856,53,bandpass
1.7589020722044231e-07,7e-07,1.6813874295103034e-07,2.2e-07,2.0585733552922002e-05,0.4419162764414856,53,bandpass
1.7589020722044231e-07,7e-07,1.6813874295103034e-07,2.2e-07,2.0606913466969003e-05,0.4419162764414856,53,bandpass
1.7589020722044231e-07,7e-07,2.3087400384550944e-07,2.2e-07,2.0585733552922002e-05,0.29998476969505883,53,bandpass
1.7589020722044231e-07,7e-07,1.6810571165856218e-07,2.2e-07,2.0606913466969003e-05,0.4419162764414856,53,bandpass
1.7589020722044231e-07,7e-07,1.6813874295103034e-07,2.2e-07,2.0585733552922002e-05,0.4419162764414856,53,bandpass
1.7589020722044231e-07,6.000032560549511e-07,1.6813874295103034e-07,2.2e-07,2.0617777531042632e-05,0.18658882055006185,53,bandpass
1.7589020722044231e-07,7e-07,1.6813874295103034e-07,2.2e-07,2.0617777531042632e-05,0.4419162764414856,53,bandpass
1.7589020722044231e-07,7e-07,1.6813874295103034e-07,2.2e-07,2.0585733552922002e-05,0.4419162764414856,53,bandpass
1.7589020722044231e-07,7e-07,1.7278758379972435e-07,2.2e-07,2.0617777531042632e-05,0.34234705087125294,53,bandpass
1.7589020722044231e-07,7e-07,1.6813874295103034e-07,2.2e-07,2.0585733552922002e-05,0.4419162764414856,53,bandpass
1.7589020722044231e-07,7e-07,1.6813874295103034e-07,2.2e-07,2.0585733552922002e-05,0.4419162764414856,53,bandpass
1.7589020722044231e-07,7e-07,1.6813874295103034e-07,2.2e-07,2.0585733552922002e-05,0.4419162764414856,53,bandpass
1.7589020722044231e-07,7e-07,1.6813874295103034e-07,2.2e-07,2.0585733552922002e-05,0.4419162764414856,53,bandpass
1.7589020722044231e-07,7e-07,1.6813874295103034e-07,2.2e-07,2.0585733552922002e-05,0.4419162764414856,53,bandpass
1.7589020722044231e-07,7e-07,1.6813874295103034e-07,2.2e-07,2.0585733552922002e-05,0.4419162764414856,53,bandpass
1.7589020722044231e-07,7e-07,1.6813874295103034e-07,2.2e-07,2.0585733552922002e-05,0.4419162764414856,53,bandpass
1.7589020722044231e-07,7e-07,1.6813874295103034e-07,2.2e-07,2.0617777531042632e-05,0.4419162764414856,53,bandpass
1.7589020722044231e-07,7e-07,1.6813874295103034e-07,2.2e-07,2.0606913466969003e-05,0.4419162764414856,53,bandpass
1.7589020722044231e-07,7e-07,1.6810571165856218e-07,2.2e-07,2.0606913466969003e-05,0.4419162764414856,53,bandpass
1.7589020722044231e-07,7e-07,1.682226899821653e-07,2.2e-07,2.0585733552922002e-05,0.4419162764414856,53,bandpass
1.7589020722044231e-07,7e-07,1.6813874295103034e-07,2.2e-07,2.0585733552922002e-05,0.4419162764414856,53,bandpass
1.7589020722044231e-07,7e-07,1.6810571165856218e-07,2.2e-07,2.0606913466969003e-05,0.4419162764414856,53,bandpass
1.7609289612916838e-07,7e-07,1.6813874295103034e-07,2.2e-07,2.0585733552922002e-05,0.4419162764414856,53,bandpass
1.7589020722044231e-07,7e-07,1.6813874295103034e-07,2.2e-07,2.0585733552922002e-05,0.4419162764414856,53,bandpass
1.7589020722044231e-07,6.995818817864019e-07,1.6813874295103034e-07,2.2e-07,2.0585733552922002e-05,0.4419162764414856,53,bandpass
1.7589020722044231e-07,4.419298402950938e-07,1.682226899821653e-07,2.2e-07,2.0617777531042632e-05,0.2572051069417757,53,bandpass
1.7589020722044231e-07,7e-07,1.6813874295103034e-07,2.2e-07,2.0585733552922002e-05,0.4419162764414856,53,bandpass
1.7589020722044231e-07,7e-07,1.6813874295103034e-07,2.2e-07,2.0585733552922002e-05,0.4419162764414856,53,bandpass
1.7589020722044231e-07,7e-07,1.6813874295103034e-07,2.2e-07,2.0606913466969003e-05,0.4419162764414856,53,bandpass
1.7589020722044231e-07,7e-07,1.6813874295103034e-07,2.2e-07,2.0585733552922002e-05,0.4419162764414856,53,bandpass
1.7589020722044231e-07,7e-07,1.6810571165856218e-07,2.2e-07,2.0585733552922002e-05,0.4419162764414856,53,bandpass
1.230091202586456e-07,7e-07,1.6813874295103034e-07,2.2e-07,2.0585733552922002e-05,0.1935797143771419,53,bandpass
1.7589020722044231e-07,7e-07,1.6813874295103034e-07,2.2e-07,2.0585733552922002e-05,0.4419162764414856,53,bandpass
1.7589020722044231e-07,7e-07,1.6813874295103034e-07,2.2e-07,2.0585733552922002e-05,0.4419162764414856,53,bandpass
1.7589020722044231e-07,7e-07,1.6813874295103034e-07,2.2e-07,2.0606913466969003e-05,0.4419162764414856,53,bandpass
1.7589020722044231e-07,7e-07,1.6813874295103034e-07,2.2e-07,2.0606913466969003e-05,0.4419162764414856,53,bandpass
1.7589020722044231e-07,7e-07,1.6813874295103034e-07,2.2e-07,2.0585733552922002e-05,0.4419162764414856,53,bandpass
1.7589020722044231e-07,7e-07,1.6813874295103034e-07,2.2e-07,2.0606913466969003e-05,0.4419162764414856,53,bandpass
1.7589020722044231e-07,7e-07,1.6813874295103034e-07,2.2e-07,2.0606913466969003e-05,0.4419162764414856,53,bandpass
1.7589020722044231e-07,7e-07,1.4749175890455586e-07,2.2e-07,2.0585733552922002e-05,0.19445989242722395,53,bandpass
1.7589020722044231e-07,7e-07,1.6813874295103034e-07,2.2e-07,2.0585733552922002e-05,0.4419596170006631,54,bandpass
1.7589020722044231e-07,7e-07,1.6813874295103034e-07,2.2e-07,2.0585733552922002e-05,0.4419596170006631,54,bandpass
1.7589020722044231e-07,7e-07,1.6813874295103034e-07,2.2e-07,2.0585733552922002e-05,0.4419596170006631,54,bandpass
1.7589020722044231e-07,7e-07,1.6810571165856218e-07,2.2e-07,2.0606913466969003e-05,0.4419596170006631,54,bandpass
1.7589020722044231e-07,7e-07,1.6813874295103034e-07,2.2e-07,2.0585733552922002e-05,0.4419596170006631,54,bandpass
1.7589020722044231e-07,7e-07,1.6810571165856218e-07,2.2e-07,2.0606913466969003e-05,0.4419596170006631,54,bandpass
1.7589020722044231e-07,7e-07,1.6813874295103034e-07,2.2e-07,2.0606913466969003e-05,0.4419596170006631,54,bandpass
1.7589020722044231e-07,7e-07,1.6813874295103034e-07,2.2e-07,2.0585733552922002e-05,0.4419596170006631,54,bandpass
1.7589020722044231e-07,7e-07,1.6813874295103034e-07,2.2e-07,2.0585733552922002e-05,0.4419596170006631,54,bandpass
1.7589020722044231e-07,7e-07,1.6813874295103034e-07,2.2e-07,2.0585733552922002e-05,0.4419596170006631,54,bandpass
1.7589020722044231e-07,7e-07,1.6813874295103034e-07,2.2e-07,2.0585733552922002e-05,0.4419596170006631,54,bandpass
1.7609289612916838e-07,4.66245228323413e-07,1.6813874295103034e-07,2.2e-07,2.0585733552922002e-05,0.24893321110045846,54,bandpass
1.7589020722044231e-07,7e-07,1.6813874295103034e-07,2.2e-07,2.0585733552922002e-05,0.4419596170006631,54,bandpass
1.7589020722044231e-07,7e-07,1.6813874295103034e-07,2.2e-07,2.0585733552922002e-05,0.4419596170006631,54,bandpass
1.6916763782478192e-07,7e-07,1.6810571165856218e-07,2.2e-07,2.0606913466969003e-05,0.21493588653001933,54,bandpass
1.7589020722044231e-07,7e-07,1.6813874295103034e-07,2.2e-07,2.0585733552922002e-05,0.4419596170006631,54,bandpass
1.7589020722044231e-07,7e-07,1.6813874295103034e-07,2.2e-07,2.0585733552922002e-05,0.4419596170006631,54,bandpass
1.7462380897093876e-07,7e-07,1.6813874295103034e-07,2.2e-07,2.0585733552922002e-05,0.2748893649132109,54,bandpass
1.7589020722044231e-07,7e-07,1.6813874295103034e-07,2.2e-07,2.0585733552922002e-05,0.4419596170006631,54,bandpass
1.7589020722044231e-07,7e-07,1.6813874295103034e-07,2.2e-07,2.0585733552922002e-05,0.4419596170006631,54,bandpass
1.7589020722044231e-07,7e-07,1.6813874295103034e-07,2.2e-07,2.0585733552922002e-05,0.4419596170006631,54,bandpass
1.7589020722044231e-07,7e-07,1.6813874295103034e-07,2.2e-07,2.0585733552922002e-05,0.4419596170006631,54,bandpass
1.7589020722044231e-07,7e-07,1.6813874295103034e-07,2.2e-07,2.0606913466969003e-05,0.4419596170006631,54,bandpass
1.7589020722044231e-07,7e-07,1.6813874295103034e-07,2.2e-07,2.0585733552922002e-05,0.4419596170006631,54,bandpass
1.7589020722044231e-07,7e-07,1.6813874295103034e-07,2.2e-07,2.0585733552922002e-05,0.4419596170006631,54,bandpass
1.7589020722044231e-07,7e-07,1.6813874295103034e-07,2.2e-07,2.0606913466969003e-05,0.4419596170006631,54,bandpass
1.7589020722044231e-07,7e-07,1.6813874295103034e-07,2.2e-07,2.0606913466969003e-05,0.4419596170006631,54,bandpass
1.7589020722044231e-07,6.834667484444061e-07,1.6813874295103034e-07,2.2e-07,2.0606913466969003e-05,0.2901717423338196,54,bandpass
1.7589020722044231e-07,7e-07,1.6813874295103034e-07,2.2e-07,2.0585733552922002e-05,0.4419596170006631,54,bandpass
1.7589020722044231e-07,7e-07,2.3687493619468516e-07,2.2e-07,2.0606913466969003e-05,0.2999953234545589,54,bandpass
1.7589020722044231e-07,7e-07,1.6810571165856218e-07,2.2e-07,2.0606913466969003e-05,0.4419596170006631,54,bandpass
1.7589020722044231e-07,7e-07,1.6813874295103034e-07,2.2e-07,2.0606913466969003e-05,0.4419596170006631,54,bandpass
1.7609289612916838e-07,7e-07,1.6813874295103034e-07,2.2e-07,2.0606913466969003e-05,0.4419596170006631,54,bandpass
1.7589020722044231e-07,7e-07,1.6810571165856218e-07,2.2e-07,2.0585733552922002e-05,0.4419596170006631,54,bandpass
1.7589020722044231e-07,7e-07,1.6813874295103034e-07,2.2e-07,2.0606913466969003e-05,0.4419596170006631,54,bandpass
1.7589020722044231e-07,7e-07,1.6813874295103034e-07,2.2e-07,2.0585733552922002e-05,0.4419596170006631,54,bandpass
1.7589020722044231e-07,7e-07,1.6813874295103034e-07,2.2e-07,2.0585733552922002e-05,0.4419596170006631,54,bandpass
1.7589020722044231e-07,7e-07,1.6810571165856218e-07,2.2e-07,2.0585733552922002e-05,0.4419596170006631,54,bandpass
1.7589020722044231e-07,7e-07,1.6810571165856218e-07,2.2e-07,2.0585733552922002e-05,0.4419596170006631,54,bandpass
1.7609289612916838e-07,7e-07,1.6813874295103034e-07,2.2e-07,2.0585733552922002e-05,0.4419596170006631,54,bandpass
1.6850221369403687e-07,7e-07,1.6813874295103034e-07,2.2e-07,2.0585733552922002e-05,0.21493588653001933,54,bandpass
1.7589020722044231e-07,7e-07,1.6813874295103034e-07,2.2e-07,2.0585733552922002e-05,0.4419596170006631,54,bandpass
1.7589020722044231e-07,7e-07,1.6813874295103034e-07,2.2e-07,2.0606913466969003e-05,0.4419596170006631,54,bandpass
1.7589020722044231e-07,7e-07,1.6813874295103034e-07,2.2e-07,2.0606913466969003e-05,0.4419596170006631,54,bandpass
1.7589020722044231e-07,7e-07,1.6813874295103034e-07,2.2e-07,2.0585733552922002e-05,0.4419596170006631,54,bandpass
1.7589020722044231e-07,7e-07,1.6813874295103034e-07,2.2e-07,2.0585733552922002e-05,0.4419596170006631,54,bandpass
1.7589020722044231e-07,7e-07,1.6813874295103034e-07,2.2e-07,2.0585733552922002e-05,0.4419596170006631,54,bandpass
1.7589020722044231e-07,7e-07,1.6813874295103034e-07,2.2e-07,2.0585733552922002e-05,0.4419596170006631,54,bandpass
1.7589020722044231e-07,7e-07,1.6813874295103034e-07,2.2e-07,2.0606913466969003e-05,0.4419596170006631,54,bandpass
1.7589020722044231e-07,7e-07,1.6813874295103034e-07,2.2e-07,2.0585733552922002e-05,0.4419596170006631,54,bandpass
1.7589020722044231e-07,7e-07,1.6813874295103034e-07,2.2e-07,2.0585733552922002e-05,0.4419596170006631,55,bandpass
1.7589020722044231e-07,7e-07,1.6810571165856218e-07,2.2e-07,2.0585733552922002e-05,0.4419596170006631,55,bandpass
1.7589020722044231e-07,7e-07,1.6813874295103034e-07,2.2e-07,2.0585733552922002e-05,0.4419596170006631,55,bandpass
1.7589020722044231e-07,7e-07,1.6813874295103034e-07,2.2e-07,2.0585733552922002e-05,0.4419596170006631,55,bandpass
1.7589020722044231e-07,7e-07,1.6813874295103034e-07,2.2e-07,2.0606913466969003e-05,0.4419596170006631,55,bandpass
1.7589020722044231e-07,7e-07,1.6810571165856218e-07,2.2e-07,2.0585733552922002e-05,0.4419596170006631,55,bandpass
1.7589020722044231e-07,7e-07,1.6810571165856218e-07,2.2e-07,2.0606913466969003e-05,0.4419596170006631,55,bandpass
1.800215087200372e-07,7e-07,1.6810571165856218e-07,2.2e-07,2.0606913466969003e-05,0.26477777401858105,55,bandpass
1.7589020722044231e-07,7e-07,1.6813874295103034e-07,2.2e-07,2.0585733552922002e-05,0.4419596170006631,55,bandpass
1.7589020722044231e-07,7e-07,1.6813874295103034e-07,2.2e-07,2.0585733552922002e-05,0.4419596170006631,55,bandpass
1.7589020722044231e-07,6.841481199331858e-07,1.6813874295103034e-07,2.2e-07,2.0585733552922002e-05,0.27890055644323214,55,bandpass
1.7589020722044231e-07,7e-07,1.6813874295103034e-07,2.2e-07,2.0606913466969003e-05,0.4419596170006631,55,bandpass
1.7589020722044231e-07,7e-07,1.6810571165856218e-07,2.2e-07,2.0585733552922002e-05,0.4419596170006631,55,bandpass
1.7589020722044231e-07,7e-07,1.6810571165856218e-07,2.2e-07,2.0606913466969003e-05,0.4419596170006631,55,bandpass
1.7589020722044231e-07,7e-07,1.6813874295103034e-07,2.2e-07,2.0585733552922002e-05,0.4419596170006631,55,bandpass
1.7589020722044231e-07,7e-07,1.6813874295103034e-07,2.2e-07,2.0585733552922002e-05,0.4419596170006631,55,bandpass
1.7589020722044231e-07,7e-07,1.6813874295103034e-07,2.2e-07,2.0606913466969003e-05,0.4419596170006631,55,bandpass
1.7589020722044231e-07,7e-07,1.6813874295103034e-07,2.2e-07,2.0585733552922002e-05,0.4419596170006631,55,bandpass
1.7589020722044231e-07,7e-07,1.6813874295103034e-07,2.2e-07,2.0585733552922002e-05,0.4419596170006631,55,bandpass
1.7589020722044231e-07,7e-07,1.6813874295103034e-07,2.2e-07,2.0585733552922002e-05,0.4419596170006631,55,bandpass
1.7868039636173052e-07,7e-07,1.6813874295103034e-07,2.2e-07,2.0585733552922002e-05,0.22691911032431683,55,bandpass
1.7589020722044231e-07,7e-07,1.6813874295103034e-07,2.2e-07,2.0606913466969003e-05,0.4419596170006631,55,bandpass
1.7589020722044231e-07,7e-07,1.6813874295103034e-07,2.2e-07,2.0585733552922002e-05,0.4419596170006631,55,bandpass
1.7589020722044231e-07,7e-07,1.6813874295103034e-07,2.2e-07,2.0585733552922002e-05,0.4419596170006631,55,bandpass
1.6422968135383742e-07,7e-07,1.6813874295103034e-07,2.2e-07,2.0585733552922002e-05,0.20022426249854713,55,bandpass
1.7589020722044231e-07,7e-07,1.6813874295103034e-07,2.2e-07,2.0585733552922002e-05,0.4419596170006631,55,bandpass
1.8120327541440568e-07,7e-07,1.6813874295103034e-07,2.2e-07,2.0585733552922002e-05,0.2854218311759424,55,bandpass
1.7589020722044231e-07,7e-07,1.6813874295103034e-07,2.2e-07,2.0585733552922002e-05,0.4419596170006631,55,bandpass
1.7589020722044231e-07,7e-07,1.6813874295103034e-07,2.2e-07,2.0585733552922002e-05,0.4419596170006631,55,bandpass
1.7589020722044231e-07,7e-07,2.4530987322983205e-07,2.2e-07,2.0585733552922002e-05,0.2995691021887343,55,bandpass
1.7589020722044231e-07,7e-07,1.6813874295103034e-07,2.2e-07,2.0585733552922002e-05,0.4419596170006631,55,bandpass
1.7609289612916838e-07,7e-07,1.6813874295103034e-07,2.2e-07,2.0606913466969003e-05,0.4419596170006631,55,bandpass
1.7589020722044231e-07,7e-07,1.6813874295103034e-07,2.2e-07,2.0585733552922002e-05,0.4419596170006631,55,bandpass
1.7609289612916838e-07,7e-07,1.6813874295103034e-07,2.2e-07,2.0585733552922002e-05,0.4419596170006631,55,bandpass
1.7589020722044231e-07,7e-07,1.6813874295103034e-07,2.2e-07,2.0585733552922002e-05,0.4419596170006631,55,bandpass
1.7589020722044231e-07,7e-07,1.6810571165856218e-07,2.2e-07,2.0585733552922002e-05,0.4419596170006631,55,bandpass
1.7589020722044231e-07,7e-07,1.6813874295103034e-07,2.2e-07,2.0585733552922002e-05,0.4419596170006631,55,bandpass
1.7589020722044231e-07,7e-07,1.6813874295103034e-07,2.2e-07,2.0606913466969003e-05,0.4419596170006631,55,bandpass
1.7589020722044231e-07,7e-07,1.6813874295103034e-07,2.2e-07,2.0585733552922002e-05,0.4419596170006631,55,bandpass
1.7589020722044231e-07,7e-07,1.6813874295103034e-07,2.2e-07,2.0585733552922002e-05,0.4419596170006631,55,bandpass
1.7589020722044231e-07,7e-07,1.6813874295103034e-07,2.2e-07,2.0585733552922002e-05,0.4419596170006631,55,bandpass
1.7589020722044231e-07,7e-07,1.6813874295103034e-07,2.2e-07,2.0585733552922002e-05,0.4419596170006631,55,bandpass
1.7589020722044231e-07,7e-07,1.6813874295103034e-07,2.2e-07,2.0585733552922002e-05,0.4419596170006631,55,bandpass
1.7589020722044231e-07,7e-07,1.6810571165856218e-07,2.2e-07,2.0585733552922002e-05,0.4419596170006631,55,bandpass
1.7589020722044231e-07,7e-07,1.6813874295103034e-07,2.2e-07,2.0585733552922002e-05,0.4419596170006631,55,bandpass
1.7609289612916838e-07,7e-07,1.6810571165856218e-07,2.2e-07,2.0585733552922002e-05,0.4419596170006631,55,bandpass
1.7589020722044231e-07,7e-07,1.6813874295103034e-07,2.2e-07,2.0585733552922002e-05,0.4419596170006631,55,bandpass
1.7589020722044231e-07,7e-07,1.6810571165856218e-07,2.2e-07,2.0606913466969003e-05,0.4419596170006631,55,bandpass
1.7589020722044231e-07,7e-07,1.6813874295103034e-07,2.2e-07,8.008242448053011e-06,0.28801852390939114,55,bandpass
1.7589020722044231e-07,7e-07,1.6813874295103034e-07,2.2e-07,2.0585733552922002e-05,0.4419596170006631,55,bandpass
1.7589020722044231e-07,7e-07,1.6813874295103034e-07,2.2e-07,2.0585733552922002e-05,0.4419596170006631,56,bandpass
1.7589020722044231e-07,7e-07,1.6813874295103034e-07,2.2e-07,2.0585733552922002e-05,0.4419596170006631,56,bandpass
1.7589020722044231e-07,7e-07,1.6813874295103034e-07,2.2e-07,2.0585733552922002e-05,0.4419596170006631,56,bandpass
1.7589020722044231e-07,7e-07,1.6810571165856218e-07,2.2e-07,2.0585733552922002e-05,0.4419596170006631,56,bandpass
1.7589020722044231e-07,7e-07,1.6813874295103034e-07,2.2e-07,2.0585733552922002e-05,0.4419596170006631,56,bandpass
1.7589020722044231e-07,7e-07,1.6813874295103034e-07,2.2e-07,2.0585733552922002e-05,0.4419596170006631,56,bandpass
1.7589020722044231e-07,7e-07,1.6813874295103034e-07,2.2e-07,2.0585733552922002e-05,0.4419596170006631,56,bandpass
1.7589020722044231e-07,7e-07,1.6813874295103034e-07,2.2e-07,2.0585733552922002e-05,0.4419596170006631,56,bandpass
1.7589020722044231e-07,7e-07,1.6813874295103034e-07,2.2e-07,2.0585733552922002e-05,0.4419596170006631,56,bandpass
1.7589020722044231e-07,7e-07,1.6813874295103034e-07,2.2e-07,2.0606913466969003e-05,0.4419596170006631,56,bandpass
1.7589020722044231e-07,7e-07,1.6813874295103034e-07,2.2e-07,2.0585733552922002e-05,0.4419596170006631,56,bandpass
1.7589020722044231e-07,7e-07,1.6810571165856218e-07,2.2e-07,2.0606913466969003e-05,0.4419596170006631,56,bandpass
1.7589020722044231e-07,7e-07,1.6813874295103034e-07,2.2e-07,2.0585733552922002e-05,0.4419596170006631,56,bandpass
1.7609289612916838e-07,7e-07,1.6813874295103034e-07,2.2e-07,2.0585733552922002e-05,0.4419596170006631,56,bandpass
1.7589020722044231e-07,6.869189884959039e-07,1.6813874295103034e-07,2.2e-07,2.0585733552922002e-05,0.27896496148085415,56,bandpass
1.7589020722044231e-07,7e-07,1.6810571165856218e-07,2.2e-07,2.0585733552922002e-05,0.4419596170006631,56,bandpass
1.7589020722044231e-07,7e-07,1.6813874295103034e-07,2.2e-07,2.0585733552922002e-05,0.4419596170006631,56,bandpass
1.791682386501363e-07,7e-07,1.6810571165856218e-07,2.2e-07,2.0585733552922002e-05,0.23273387860074846,56,bandpass
1.7589020722044231e-07,7e-07,1.6813874295103034e-07,2.2e-07,2.0585733552922002e-05,0.4419596170006631,56,bandpass
1.7589020722044231e-07,7e-07,1.6810571165856218e-07,2.2e-07,2.0585733552922002e-05,0.4419596170006631,56,bandpass
1.5712906738063062e-07,7e-07,1.6810571165856218e-07,2.2e-07,2.0585733552922002e-05,0.07429583695823228,56,bandpass
1.7589020722044231e-07,7e-07,1.6900921536215787e-07,2.2e-07,2.0606913466969003e-05,0.27499905769310534,56,bandpass
1.7589020722044231e-07,7e-07,1.6810571165856218e-07,2.2e-07,2.0585733552922002e-05,0.4419596170006631,56,bandpass
1.7589020722044231e-07,7e-07,1.6810571165856218e-07,2.2e-07,2.0585733552922002e-05,0.4419596170006631,56,bandpass
1.7589020722044231e-07,7e-07,1.6813874295103034e-07,2.2e-07,2.0606913466969003e-05,0.4419596170006631,56,bandpass
1.7589020722044231e-07,7e-07,1.6813874295103034e-07,2.2e-07,2.0585733552922002e-05,0.4419596170006631,56,bandpass
1.7589020722044231e-07,7e-07,1.6813874295103034e-07,2.2e-07,2.0585733552922002e-05,0.4419596170006631,56,bandpass
1.7589020722044231e-07,7e-07,1.6810571165856218e-07,2.2e-07,2.0585733552922002e-05,0.4419596170006631,56,bandpass
1.7589020722044231e-07,7e-07,1.6813874295103034e-07,2.2e-07,2.0585733552922002e-05,0.4419596170006631,56,bandpass
1.7589020722044231e-07,7e-07,1.6813874295103034e-07,2.2e-07,2.0585733552922002e-05,0.4419596170006631,56,bandpass
1.7589020722044231e-07,7e-07,1.6810571165856218e-07,2.2e-07,2.0585733552922002e-05,0.4419596170006631,56,bandpass
1.7589020722044231e-07,7e-07,1.6810571165856218e-07,2.2e-07,2.0606913466969003e-05,0.4419596170006631,56,bandpass
1.7589020722044231e-07,4.01557765934046e-07,1.6810571165856218e-07,2.2e-07,2.0606913466969003e-05,0.2606774921231037,56,bandpass
1.7589020722044231e-07,7e-07,1.6813874295103034e-07,2.2e-07,2.0585733552922002e-05,0.4419596170006631,56,bandpass
1.7589020722044231e-07,7e-07,1.6813874295103034e-07,2.2e-07,2.0606913466969003e-05,0.4419596170006631,56,bandpass
1.7589020722044231e-07,7e-07,1.6813874295103034e-07,2.2e-07,2.0585733552922002e-05,0.4419596170006631,56,bandpass
1.7589020722044231e-07,7e-07,1.6813874295103034e-07,2.2e-07,1.9527008315449845e-05,0.27847283036703957,56,bandpass
1.7589020722044231e-07,7e-07,1.6813874295103034e-07,2.2e-07,1.4030841588636406e-05,0.24256374637317546,56,bandpass
1.7609289612916838e-07,7e-07,1.6813874295103034e-07,2.2e-07,2.0585733552922002e-05,0.4419596170006631,56,bandpass
1.7589020722044231e-07,7e-07,1.6810571165856218e-07,2.2e-07,2.0606913466969003e-05,0.4419596170006631,56,bandpass
1.7589020722044231e-07,7e-07,1.6813874295103034e-07,2.2e-07,2.0585733552922002e-05,0.4419596170006631,56,bandpass
1.7589020722044231e-07,7e-07,1.6810571165856218e-07,2.2e-07,2.0606913466969003e-05,0.4419596170006631,56,bandpass
1.8144531249337394e-07,7e-07,1.6813874295103034e-07,2.2e-07,2.0585733552922002e-05,0.31463211567092864,56,bandpass
1.7589020722044231e-07,7e-07,1.6810571165856218e-07,2.2e-07,2.0606913466969003e-05,0.4419596170006631,56,bandpass
1.7589020722044231e-07,7e-07,1.6813874295103034e-07,2.2e-07,2.0585733552922002e-05,0.4419596170006631,56,bandpass
1.7589020722044231e-07,7e-07,1.6810571165856218e-07,2.2e-07,2.0585733552922002e-05,0.4419596170006631,56,bandpass
1.7589020722044231e-07,7e-07,1.6813874295103034e-07,2.2e-07,2.0585733552922002e-05,0.4419596170006631,56,bandpass
1.7589020722044231e-07,7e-07,1.6813874295103034e-07,2.2e-07,2.0606913466969003e-05,0.4419596170006631,56,bandpass
1.7589020722044231e-07,7e-07,1.6813874295103034e-07,2.2e-07,2.0585733552922002e-05,0.4419596170006631,56,bandpass
1.7764285070508813e-07,7e-07,1.6813874295103034e-07,2.2e-07,2.0585733552922002e-05,0.28528486041316903,56,bandpass
1.7589020722044231e-07,7e-07,1.6813874295103034e-07,2.2e-07,2.0585733552922002e-05,0.4419596170006631,57,bandpass
1.7589020722044231e-07,7e-07,1.6813874295103034e-07,2.2e-07,2.0585733552922002e-05,0.4419596170006631,57,bandpass
1.382017871866704e-07,7e-07,1.6813874295103034e-07,2.2e-07,2.0585733552922002e-05,0.15923009658399645,57,bandpass
1.7589020722044231e-07,7e-07,1.6813874295103034e-07,2.2e-07,2.0585733552922002e-05,0.4419596170006631,57,bandpass
1.7589020722044231e-07,7e-07,1.6810571165856218e-07,2.2e-07,2.0585733552922002e-05,0.4419596170006631,57,bandpass
1.7589020722044231e-07,7e-07,1.6813874295103034e-07,2.2e-07,2.0585733552922002e-05,0.4419596170006631,57,bandpass
1.7589020722044231e-07,7e-07,1.6813874295103034e-07,2.2e-07,2.0585733552922002e-05,0.4419596170006631,57,bandpass
1.7589020722044231e-07,7e-07,1.6810571165856218e-07,2.2e-07,2.0585733552922002e-05,0.4419596170006631,57,bandpass
1.7589020722044231e-07,7e-07,1.6813874295103034e-07,2.2e-07,2.0585733552922002e-05,0.4419596170006631,57,bandpass
1.7589020722044231e-07,7e-07,1.6813874295103034e-07,2.2e-07,2.0585733552922002e-05,0.4419596170006631,57,bandpass
1.7589020722044231e-07,7e-07,1.6813874295103034e-07,2.2e-07,2.0585733552922002e-05,0.4419596170006631,57,bandpass
1.7589020722044231e-07,7e-07,1.6813874295103034e-07,2.2e-07,2.0585733552922002e-05,0.4419596170006631,57,bandpass
1.7589020722044231e-07,7e-07,1.6813874295103034e-07,2.2e-07,9.320641839713487e-06,0.2514396101772526,57,bandpass
1.7589020722044231e-07,7e-07,1.6813874295103034e-07,2.2e-07,2.0606913466969003e-05,0.4419596170006631,57,bandpass
1.7589020722044231e-07,7e-07,1.6813874295103034e-07,2.2e-07,2.0606913466969003e-05,0.4419596170006631,57,bandpass
1.7589020722044231e-07,7e-07,1.6810571165856218e-07,2.2e-07,2.0585733552922002e-05,0.4419596170006631,57,bandpass
1.7589020722044231e-07,7e-07,1.6813874295103034e-07,2.2e-07,2.0585733552922002e-05,0.4419596170006631,57,bandpass
1.7589020722044231e-07,7e-07,1.6813874295103034e-07,2.2e-07,2.0585733552922002e-05,0.4419596170006631,57,bandpass
1.7609289612916838e-07,7e-07,1.6813874295103034e-07,2.2e-07,2.0585733552922002e-05,0.4419596170006631,57,bandpass
1.7589020722044231e-07,7e-07,1.6813874295103034e-07,2.2e-07,2.0585733552922002e-05,0.4419596170006631,57,bandpass
1.7589020722044231e-07,7e-07,1.6810571165856218e-07,2.2e-07,2.0585733552922002e-05,0.4419596170006631,57,bandpass
1.7589020722044231e-07,7e-07,1.6813874295103034e-07,2.2e-07,2.0606913466969003e-05,0.4419596170006631,57,bandpass
1.7589020722044231e-07,7e-07,1.6813874295103034e-07,2.2e-07,2.0606913466969003e-05,0.4419596170006631,57,bandpass
1.7589020722044231e-07,7e-07,1.6810571165856218e-07,2.2e-07,2.0606913466969003e-05,0.4419596170006631,57,bandpass
1.7609289612916838e-07,7e-07,1.6813874295103034e-07,2.2e-07,2.0585733552922002e-05,0.4419596170006631,57,bandpass
1.7589020722044231e-07,7e-07,1.6813874295103034e-07,2.2e-07,2.0585733552922002e-05,0.4419596170006631,57,bandpass
1.7589020722044231e-07,7e-07,1.6810571165856218e-07,2.2e-07,2.0606913466969003e-05,0.4419596170006631,57,bandpass
1.7589020722044231e-07,7e-07,1.6813874295103034e-07,2.2e-07,2.8022030485707305e-05,0.27104228674337794,57,bandpass
1.7589020722044231e-07,7e-07,1.6813874295103034e-07,2.2e-07,2.0585733552922002e-05,0.4419596170006631,57,bandpass
1.7589020722044231e-07,7e-07,1.6810571165856218e-07,2.2e-07,2.0606913466969003e-05,0.4419596170006631,57,bandpass
1.7589020722044231e-07,7e-07,1.6813874295103034e-07,2.2e-07,2.0606913466969003e-05,0.4419596170006631,57,bandpass
1.7589020722044231e-07,7e-07,1.6813874295103034e-07,2.2e-07,2.0606913466969003e-05,0.4419596170006631,57,bandpass
2.1928985467248826e-07,7e-07,1.6813874295103034e-07,2.2e-07,2.0585733552922002e-05,0.21264892982442762,57,bandpass
1.7589020722044231e-07,7e-07,1.6810571165856218e-07,2.2e-07,2.0585733552922002e-05,0.4419596170006631,57,bandpass
1.7589020722044231e-07,7e-07,1.6813874295103034e-07,2.2e-07,2.0585733552922002e-05,0.4419596170006631,57,bandpass
1.7589020722044231e-07,7e-07,1.6813874295103034e-07,2.2e-07,2.0606913466969003e-05,0.4419596170006631,57,bandpass
1.7589020722044231e-07,7e-07,1.6813874295103034e-07,2.2e-07,2.0585733552922002e-05,0.4419596170006631,57,bandpass
1.7589020722044231e-07,7e-07,1.6813874295103034e-07,2.2e-07,2.0585733552922002e-05,0.4419596170006631,57,bandpass
1.7589020722044231e-07,7e-07,1.6813874295103034e-07,2.2e-07,2.0585733552922002e-05,0.4419596170006631,57,bandpass
1.5170978325713555e-07,7e-07,1.6810571165856218e-07,2.2e-07,2.0585733552922002e-05,0.06985546055212057,57,bandpass
1.7589020722044231e-07,7e-07,1.6813874295103034e-07,2.2e-07,2.0585733552922002e-05,0.4419596170006631,57,bandpass
1.7589020722044231e-07,7e-07,1.6810571165856218e-07,2.2e-07,2.0585733552922002e-05,0.4419596170006631,57,bandpass
1.7589020722044231e-07,7e-07,1.6813874295103034e-07,2.2e-07,2.0585733552922002e-05,0.4419596170006631,57,bandpass
1.7589020722044231e-07,4.3547287679810184e-07,1.6813874295103034e-07,2.2e-07,2.0585733552922002e-05,0.25734741146035955,57,bandpass
1.7589020722044231e-07,7e-07,1.6813874295103034e-07,2.2e-07,2.0585733552922002e-05,0.4419596170006631,57,bandpass
1.7589020722044231e-07,7e-07,1.6813874295103034e-07,2.2e-07,2.0585733552922002e-05,0.4419596170006631,57,bandpass
1.7589020722044231e-07,7e-07,1.6813874295103034e-07,2.2e-07,2.0585733552922002e-05,0.4419596170006631,57,bandpass
1.7589020722044231e-07,7e-07,1.6813874295103034e-07,2.2e-07,2.0585733552922002e-05,0.4419596170006631,57,bandpass
1.7589020722044231e-07,7e-07,1.6813874295103034e-07,2.2e-07,2.0585733552922002e-05,0.4419596170006631,57,bandpass
1.7589020722044231e-07,7e-07,1.6813874295103034e-07,2.2e-07,2.0585733552922002e-05,0.4419596170006631,57,bandpass
1.7589020722044231e-07,7e-07,1.6813874295103034e-07,2.2e-07,2.0585733552922002e-05,0.4419596170006631,58,bandpass
1.7589020722044231e-07,7e-07,1.6813874295103034e-07,2.2e-07,2.0585733552922002e-05,0.4419596170006631,58,bandpass
1.7589020722044231e-07,7e-07,1.6813874295103034e-07,2.2e-07,2.0585733552922002e-05,0.4419596170006631,58,bandpass
1.7589020722044231e-07,7e-07,1.6813874295103034e-07,2.2e-07,2.0606913466969003e-05,0.4419596170006631,58,bandpass
1.7589020722044231e-07,4.626632592074213e-07,1.6813874295103034e-07,2.2e-07,2.0585733552922002e-05,0.24818579623462617,58,bandpass
1.7589020722044231e-07,7e-07,1.6813874295103034e-07,2.2e-07,2.0585733552922002e-05,0.4419596170006631,58,bandpass
1.7589020722044231e-07,7e-07,1.6813874295103034e-07,2.2e-07,2.0585733552922002e-05,0.4419596170006631,58,bandpass
1.7589020722044231e-07,7e-07,1.6813874295103034e-07,2.2e-07,2.0585733552922002e-05,0.4419596170006631,58,bandpass
1.7589020722044231e-07,7e-07,1.6813874295103034e-07,2.2e-07,2.0585733552922002e-05,0.4419596170006631,58,bandpass
1.7589020722044231e-07,7e-07,1.6813874295103034e-07,2.2e-07,2.0585733552922002e-05,0.4419596170006631,58,bandpass
1.7589020722044231e-07,7e-07,1.6813874295103034e-07,2.2e-07,2.0585733552922002e-05,0.4419596170006631,58,bandpass
1.7609289612916838e-07,7e-07,1.6813874295103034e-07,2.2e-07,2.0606913466969003e-05,0.4419596170006631,58,bandpass
1.7589020722044231e-07,7e-07,1.6813874295103034e-07,2.2e-07,2.0585733552922002e-05,0.4419596170006631,58,bandpass
2.0806726908999797e-07,7e-07,1.6810571165856218e-07,2.2e-07,2.0585733552922002e-05,0.18304664213836652,58,bandpass
1.7589020722044231e-07,7e-07,1.6813874295103034e-07,2.2e-07,2.0585733552922002e-05,0.4419596170006631,58,bandpass
1.7589020722044231e-07,7e-07,1.6813874295103034e-07,2.2e-07,2.0585733552922002e-05,0.4419596170006631,58,bandpass
1.7589020722044231e-07,7e-07,1.6813874295103034e-07,2.2e-07,1.8541182862365794e-05,0.23533925481343315,58,bandpass
1.7589020722044231e-07,7e-07,1.6813874295103034e-07,2.2e-07,2.0585733552922002e-05,0.4419596170006631,58,bandpass
1.7589020722044231e-07,7e-07,1.6813874295103034e-07,2.2e-07,2.0585733552922002e-05,0.4419596170006631,58,bandpass
1.7589020722044231e-07,4.998338231206271e-07,1.6813874295103034e-07,2.2e-07,2.0585733552922002e-05,0.2568743374659542,58,bandpass
1.7589020722044231e-07,7e-07,1.6813874295103034e-07,2.2e-07,2.0585733552922002e-05,0.4419596170006631,58,bandpass
1.7589020722044231e-07,7e-07,1.6813874295103034e-07,2.2e-07,2.0606913466969003e-05,0.4419596170006631,58,bandpass
1.7589020722044231e-07,7e-07,1.6813874295103034e-07,2.2e-07,2.0585733552922002e-05,0.4419596170006631,58,bandpass
1.7589020722044231e-07,7e-07,2.4726951849766893e-07,2.2e-07,2.0585733552922002e-05,0.29762577484338915,58,bandpass
1.7589020722044231e-07,7e-07,1.6810571165856218e-07,2.2e-07,2.0585733552922002e-05,0.4419596170006631,58,bandpass
1.7589020722044231e-07,7e-07,1.6813874295103034e-07,2.2e-07,2.0585733552922002e-05,0.4419596170006631,58,bandpass
1.7589020722044231e-07,7e-07,1.6813874295103034e-07,2.2e-07,2.0585733552922002e-05,0.4419596170006631,58,bandpass
1.7589020722044231e-07,7e-07,1.6813874295103034e-07,2.2e-07,2.0606913466969003e-05,0.4419596170006631,58,bandpass
1.7589020722044231e-07,7e-07,1.6813874295103034e-07,2.2e-07,2.0585733552922002e-05,0.4419596170006631,58,bandpass
1.7589020722044231e-07,7e-07,1.6810571165856218e-07,2.2e-07,2.0585733552922002e-05,0.4419596170006631,58,bandpass
1.7589020722044231e-07,7e-07,1.6813874295103034e-07,2.2e-07,2.0585733552922002e-05,0.4419596170006631,58,bandpass
1.7589020722044231e-07,7e-07,1.6813874295103034e-07,2.2e-07,2.0585733552922002e-05,0.4419596170006631,58,bandpass
1.7589020722044231e-07,7e-07,1.6810571165856218e-07,2.2e-07,2.0585733552922002e-05,0.4419596170006631,58,bandpass
1.7589020722044231e-07,7e-07,1.6813874295103034e-07,2.2e-07,2.0585733552922002e-05,0.4419596170006631,58,bandpass
1.7589020722044231e-07,7e-07,1.6813874295103034e-07,2.2e-07,2.0585733552922002e-05,0.4419596170006631,58,bandpass
2.000330742450083e-07,7e-07,1.6813874295103034e-07,2.2e-07,2.0585733552922002e-05,0.21109172512028823,58,bandpass
1.7589020722044231e-07,7e-07,1.6813874295103034e-07,2.2e-07,2.0585733552922002e-05,0.4419596170006631,58,bandpass
1.7589020722044231e-07,7e-07,1.6813874295103034e-07,2.2e-07,2.0585733552922002e-05,0.4419596170006631,58,bandpass
1.7589020722044231e-07,7e-07,1.6810571165856218e-07,2.2e-07,2.0585733552922002e-05,0.4419596170006631,58,bandpass
1.7589020722044231e-07,7e-07,1.6810571165856218e-07,2.2e-07,2.0606913466969003e-05,0.4419596170006631,58,bandpass
1.7589020722044231e-07,7e-07,1.6813874295103034e-07,2.2e-07,2.0585733552922002e-05,0.4419596170006631,58,bandpass
1.7589020722044231e-07,7e-07,1.6813874295103034e-07,2.2e-07,2.0585733552922002e-05,0.4419596170006631,58,bandpass
1.7589020722044231e-07,7e-07,1.6810571165856218e-07,2.2e-07,2.0606913466969003e-05,0.4419596170006631,58,bandpass
1.7589020722044231e-07,7e-07,1.6813874295103034e-07,2.2e-07,2.0585733552922002e-05,0.4419596170006631,58,bandpass
1.7589020722044231e-07,7e-07,1.6813874295103034e-07,2.2e-07,2.0585733552922002e-05,0.4419596170006631,58,bandpass
1.7589020722044231e-07,7e-07,1.6813874295103034e-07,2.2e-07,2.0585733552922002e-05,0.4419596170006631,58,bandpass
1.7589020722044231e-07,7e-07,1.6813874295103034e-07,2.2e-07,2.0585733552922002e-05,0.4419596170006631,58,bandpass
1.7589020722044231e-07,7e-07,1.6813874295103034e-07,2.2e-07,2.0606913466969003e-05,0.4419596170006631,58,bandpass
1.7589020722044231e-07,7e-07,1.6813874295103034e-07,2.2e-07,2.0585733552922002e-05,0.4419596170006631,58,bandpass
1.7589020722044231e-07,7e-07,1.6813874295103034e-07,2.2e-07,2.0585733552922002e-05,0.4419596170006631,58,bandpass
1.7589020722044231e-07,7e-07,1.6813874295103034e-07,2.2e-07,2.0585733552922002e-05,0.4419596170006631,59,bandpass
1.7589020722044231e-07,7e-07,2.0713038545013032e-07,2.2e-07,2.0585733552922002e-05,0.11042315661463144,59,bandpass
1.7589020722044231e-07,7e-07,1.6813874295103034e-07,2.2e-07,2.0585733552922002e-05,0.4419596170006631,59,bandpass
1.7589020722044231e-07,7e-07,1.6813874295103034e-07,2.2e-07,2.0585733552922002e-05,0.4419596170006631,59,bandpass
1.7589020722044231e-07,7e-07,1.6813874295103034e-07,2.2e-07,2.0585733552922002e-05,0.4419596170006631,59,bandpass
1.7589020722044231e-07,7e-07,1.6810571165856218e-07,2.2e-07,2.0606913466969003e-05,0.4419596170006631,59,bandpass
1.7589020722044231e-07,7e-07,1.6813874295103034e-07,2.2e-07,2.0585733552922002e-05,0.4419596170006631,59,bandpass
1.7589020722044231e-07,7e-07,1.6813874295103034e-07,2.2e-07,2.0585733552922002e-05,0.4419596170006631,59,bandpass
1.7589020722044231e-07,7e-07,1.6813874295103034e-07,2.2e-07,2.0585733552922002e-05,0.4419596170006631,59,bandpass
1.7589020722044231e-07,7e-07,1.6813874295103034e-07,2.2e-07,2.0585733552922002e-05,0.4419596170006631,59,bandpass
1.7589020722044231e-07,7e-07,1.6813874295103034e-07,2.2e-07,2.0585733552922002e-05,0.4419596170006631,59,bandpass
1.7589020722044231e-07,7e-07,1.6813874295103034e-07,2.2e-07,1.8524237836260226e-05,0.2353107208493772,59,bandpass
1.7589020722044231e-07,7e-07,1.6810571165856218e-07,2.2e-07,2.0606913466969003e-05,0.4419596170006631,59,bandpass
1.7589020722044231e-07,7e-07,1.6813874295103034e-07,2.2e-07,2.0585733552922002e-05,0.4419596170006631,59,bandpass
1.7589020722044231e-07,7e-07,1.6813874295103034e-07,2.2e-07,2.0606913466969003e-05,0.4419596170006631,59,bandpass
1.7589020722044231e-07,7e-07,1.7372615137103073e-07,2.2e-07,2.0585733552922002e-05,0.24039621334461592,59,bandpass
1.7589020722044231e-07,7e-07,1.6813874295103034e-07,2.2e-07,2.0606913466969003e-05,0.4419596170006631,59,bandpass
1.7589020722044231e-07,7e-07,1.6813874295103034e-07,2.2e-07,2.0585733552922002e-05,0.4419596170006631,59,bandpass
1.7589020722044231e-07,7e-07,1.6813874295103034e-07,2.2e-07,2.0585733552922002e-05,0.4419596170006631,59,bandpass
1.7589020722044231e-07,7e-07,1.6813874295103034e-07,2.2e-07,2.0606913466969003e-05,0.4419596170006631,59,bandpass
1.7609289612916838e-07,7e-07,1.6813874295103034e-07,2.2e-07,2.0585733552922002e-05,0.4419596170006631,59,bandpass
1.7589020722044231e-07,7e-07,1.6813874295103034e-07,2.2e-07,2.0585733552922002e-05,0.4419596170006631,59,bandpass
1.7589020722044231e-07,7e-07,1.6813874295103034e-07,2.2e-07,2.0585733552922002e-05,0.4419596170006631,59,bandpass
1.7589020722044231e-07,7e-07,1.6813874295103034e-07,2.2e-07,2.0585733552922002e-05,0.4419596170006631,59,bandpass
1.7589020722044231e-07,7e-07,1.6813874295103034e-07,2.2e-07,2.0606913466969003e-05,0.4419596170006631,59,bandpass
1.7589020722044231e-07,7e-07,1.6813874295103034e-07,2.2e-07,2.0585733552922002e-05,0.4419596170006631,59,bandpass
1.7589020722044231e-07,7e-07,1.6813874295103034e-07,2.2e-07,2.0585733552922002e-05,0.4419596170006631,59,bandpass
1.7589020722044231e-07,7e-07,1.6810571165856218e-07,2.2e-07,2.0606913466969003e-05,0.4419596170006631,59,bandpass
1.7589020722044231e-07,7e-07,1.6813874295103034e-07,2.2e-07,2.0606913466969003e-05,0.4419596170006631,59,bandpass
1.7589020722044231e-07,7e-07,1.6813874295103034e-07,2.2e-07,2.0585733552922002e-05,0.4419596170006631,59,bandpass
1.7589020722044231e-07,7e-07,1.6813874295103034e-07,2.2e-07,2.0585733552922002e-05,0.4419596170006631,59,bandpass
1.7589020722044231e-07,7e-07,1.6813874295103034e-07,2.2e-07,2.0585733552922002e-05,0.4419596170006631,59,bandpass
1.7589020722044231e-07,7e-07,1.0268744765476235e-07,2.2e-07,2.0585733552922002e-05,0.24727397716995037,59,bandpass
1.7589020722044231e-07,7e-07,1.6813874295103034e-07,2.2e-07,2.0585733552922002e-05,0.4419596170006631,59,bandpass
1.7589020722044231e-07,7e-07,1.6813874295103034e-07,2.2e-07,2.0585733552922002e-05,0.4419596170006631,59,bandpass
1.7589020722044231e-07,7e-07,1.6813874295103034e-07,2.2e-07,2.0585733552922002e-05,0.4419596170006631,59,bandpass
1.7589020722044231e-07,7e-07,1.6810571165856218e-07,2.2e-07,2.0606913466969003e-05,0.4419596170006631,59,bandpass
1.7589020722044231e-07,7e-07,1.6813874295103034e-07,2.2e-07,2.0585733552922002e-05,0.4419596170006631,59,bandpass
1.7589020722044231e-07,7e-07,1.6813874295103034e-07,2.2e-07,2.0585733552922002e-05,0.4419596170006631,59,bandpass
1.7609289612916838e-07,7e-07,1.6813874295103034e-07,2.2e-07,2.0585733552922002e-05,0.4419596170006631,59,bandpass
1.7589020722044231e-07,7e-07,1.6813874295103034e-07,2.2e-07,2.0585733552922002e-05,0.4419596170006631,59,bandpass
1.7589020722044231e-07,7e-07,1.6810571165856218e-07,2.2e-07,2.0585733552922002e-05,0.4419596170006631,59,bandpass
1.7589020722044231e-07,7e-07,1.6810571165856218e-07,2.2e-07,1.1151568490925843e-05,0.3113976019239191,59,bandpass
1.7589020722044231e-07,7e-07,1.6810571165856218e-07,2.2e-07,2.0585733552922002e-05,0.4419596170006631,59,bandpass
1.7589020722044231e-07,7e-07,1.6813874295103034e-07,2.2e-07,2.0606913466969003e-05,0.4419596170006631,59,bandpass
1.7589020722044231e-07,7e-07,1.6813874295103034e-07,2.2e-07,2.0585733552922002e-05,0.4419596170006631,59,bandpass
1.7589020722044231e-07,7e-07,1.6813874295103034e-07,2.2e-07,2.0585733552922002e-05,0.4419596170006631,59,bandpass
1.7589020722044231e-07,7e-07,1.6810571165856218e-07,2.2e-07,2.0585733552922002e-05,0.4419596170006631,59,bandpass
1.7589020722044231e-07,7e-07,1.6813874295103034e-07,2.2e-07,2.0585733552922002e-05,0.4419596170006631,59,bandpass
1.7589020722044231e-07,5.331122240024621e-07,1.6813874295103034e-07,2.2e-07,2.0585733552922002e-05,0.23109427693692042,59,bandpass
1.7589020722044231e-07,7e-07,1.6813874295103034e-07,2.2e-07,2.0585733552922002e-05,0.4421781255603384,60,bandpass
1.7589020722044231e-07,7e-07,1.6813874295103034e-07,2.2e-07,2.0585733552922002e-05,0.4421781255603384,60,bandpass
1.7589020722044231e-07,7e-07,1.6813874295103034e-07,2.2e-07,2.0585733552922002e-05,0.4421781255603384,60,bandpass
1.7589020722044231e-07,7e-07,1.6813874295103034e-07,2.2e-07,2.0585733552922002e-05,0.4421781255603384,60,bandpass
1.7589020722044231e-07,7e-07,1.6813874295103034e-07,2.2e-07,2.0585733552922002e-05,0.4421781255603384,60,bandpass
1.7589020722044231e-07,7e-07,1.6813874295103034e-07,2.2e-07,2.0585733552922002e-05,0.4421781255603384,60,bandpass
1.7589020722044231e-07,7e-07,1.6755352625144016e-07,2.2e-07,2.0585733552922002e-05,0.4421781255603384,60,bandpass
1.7589020722044231e-07,7e-07,1.6813874295103034e-07,2.2e-07,2.0585733552922002e-05,0.4421781255603384,60,bandpass
1.7589020722044231e-07,7e-07,1.6813874295103034e-07,2.2e-07,2.0606913466969003e-05,0.4421781255603384,60,bandpass
1.7589020722044231e-07,7e-07,1.6813874295103034e-07,2.2e-07,2.0585733552922002e-05,0.4421781255603384,60,bandpass
1.7589020722044231e-07,7e-07,1.6813874295103034e-07,2.2e-07,2.0585733552922002e-05,0.4421781255603384,60,bandpass
1.7589020722044231e-07,7e-07,1.6073343288211726e-07,2.2e-07,2.0606913466969003e-05,0.17902924912780133,60,bandpass
1.7589020722044231e-07,7e-07,1.6813874295103034e-07,2.2e-07,2.0585733552922002e-05,0.4421781255603384,60,bandpass
1.7589020722044231e-07,7e-07,1.639660001600916e-07,2.2e-07,2.0585733552922002e-05,0.20404750783922848,60,bandpass
1.7589020722044231e-07,7e-07,1.6813874295103034e-07,2.2e-07,2.0606913466969003e-05,0.4421781255603384,60,bandpass
1.7589020722044231e-07,7e-07,1.6810571165856218e-07,2.2e-07,2.0585733552922002e-05,0.4421781255603384,60,bandpass
1.7589020722044231e-07,7e-07,1.6813874295103034e-07,2.2e-07,2.0585733552922002e-05,0.4421781255603384,60,bandpass
1.7609289612916838e-07,7e-07,1.7144509129356806e-07,2.2e-07,2.0585733552922002e-05,0.37295587661295665,60,bandpass
1.7589020722044231e-07,7e-07,1.6813874295103034e-07,2.2e-07,2.0585733552922002e-05,0.4421781255603384,60,bandpass
1.7589020722044231e-07,7e-07,1.6810571165856218e-07,2.2e-07,2.0585733552922002e-05,0.4421781255603384,60,bandpass
1.7609289612916838e-07,7e-07,1.6813874295103034e-07,2.2e-07,2.0585733552922002e-05,0.4421781255603384,60,bandpass
1.7589020722044231e-07,7e-07,1.6810571165856218e-07,2.2e-07,2.0585733552922002e-05,0.4421781255603384,60,bandpass
1.7589020722044231e-07,7e-07,1.6810571165856218e-07,2.2e-07,2.0585733552922002e-05,0.4421781255603384,60,bandpass
1.7892755567950547e-07,7e-07,1.6813874295103034e-07,2.2e-07,2.0585733552922002e-05,0.22967515370236707,60,bandpass
1.7589020722044231e-07,7e-07,1.6813874295103034e-07,2.2e-07,2.0585733552922002e-05,0.4421781255603384,60,bandpass
1.7589020722044231e-07,7e-07,1.6810571165856218e-07,2.2e-07,2.0606913466969003e-05,0.4421781255603384,60,bandpass
1.7416164725763903e-07,7e-07,1.6813874295103034e-07,2.2e-07,2.0585733552922002e-05,0.2587104499383396,60,bandpass
1.7589020722044231e-07,7e-07,1.6813874295103034e-07,2.2e-07,1.1834516852576865e-05,0.25403091986374343,60,bandpass
1.7589020722044231e-07,7e-07,1.6810571165856218e-07,2.2e-07,1.2028869951926991e-05,0.2296825776808669,60,bandpass
1.7589020722044231e-07,7e-07,1.6813874295103034e-07,2.2e-07,2.0606913466969003e-05,0.4421781255603384,60,bandpass
1.7589020722044231e-07,7e-07,1.6813874295103034e-07,2.2e-07,2.0585733552922002e-05,0.4421781255603384,60,bandpass
1.7589020722044231e-07,7e-07,1.6813874295103034e-07,2.2e-07,2.0585733552922002e-05,0.4421781255603384,60,bandpass
1.7589020722044231e-07,7e-07,1.6813874295103034e-07,2.2e-07,2.0585733552922002e-05,0.4421781255603384,60,bandpass
1.7589020722044231e-07,7e-07,1.6813874295103034e-07,2.2e-07,2.0585733552922002e-05,0.4421781255603384,60,bandpass
1.7589020722044231e-07,7e-07,1.6813874295103034e-07,2.2e-07,2.0585733552922002e-05,0.4421781255603384,60,bandpass
1.7589020722044231e-07,7e-07,1.6813874295103034e-07,2.2e-07,2.0585733552922002e-05,0.4421781255603384,60,bandpass
1.7759603797688794e-07,7e-07,1.6813874295103034e-07,2.2e-07,2.0585733552922002e-05,0.28534712980619015,60,bandpass
1.7589020722044231e-07,7e-07,1.6810571165856218e-07,2.2e-07,2.0606913466969003e-05,0.4421781255603384,60,bandpass
1.7589020722044231e-07,7e-07,1.6813874295103034e-07,2.2e-07,3.222114400149557e-05,0.394999567966741,60,bandpass
1.7589020722044231e-07,7e-07,1.6813874295103034e-07,2.2e-07,2.0585733552922002e-05,0.4421781255603384,60,bandpass
1.7609289612916838e-07,7e-07,1.6813874295103034e-07,2.2e-07,2.0585733552922002e-05,0.4421781255603384,60,bandpass
1.7589020722044231e-07,7e-07,1.6813874295103034e-07,2.2e-07,2.0585733552922002e-05,0.4421781255603384,60,bandpass
2.179256982367563e-07,7e-07,1.6810571165856218e-07,2.2e-07,2.0606913466969003e-05,0.21105773237829584,60,bandpass
1.7589020722044231e-07,7e-07,1.6810571165856218e-07,2.2e-07,2.0606913466969003e-05,0.4421781255603384,60,bandpass
1.7589020722044231e-07,7e-07,1.6813874295103034e-07,2.2e-07,2.0585733552922002e-05,0.4421781255603384,60,bandpass
1.7589020722044231e-07,7e-07,1.6813874295103034e-07,2.2e-07,2.0585733552922002e-05,0.4421781255603384,60,bandpass
1.7589020722044231e-07,7e-07,1.6813874295103034e-07,2.2e-07,2.0585733552922002e-05,0.4421781255603384,60,bandpass
1.7589020722044231e-07,7e-07,1.6813874295103034e-07,2.2e-07,2.0606913466969003e-05,0.4421781255603384,60,bandpass
1.7589020722044231e-07,7e-07,1.6813874295103034e-07,2.2e-07,2.0585733552922002e-05,0.4421781255603384,60,bandpass
1.7589020722044231e-07,7e-07,1.6810571165856218e-07,2.2e-07,2.0585733552922002e-05,0.4421781255603384,60,bandpass
1.7589020722044231e-07,7e-07,1.6813874295103034e-07,2.2e-07,2.0585733552922002e-05,0.4421369779438792,61,bandpass
1.7589020722044231e-07,7e-07,1.6813874295103034e-07,2.2e-07,2.0585733552922002e-05,0.4421369779438792,61,bandpass
1.7589020722044231e-07,7e-07,1.6810571165856218e-07,2.2e-07,2.0585733552922002e-05,0.4421369779438792,61,bandpass
1.7589020722044231e-07,5.667709866270801e-07,1.6813874295103034e-07,2.2e-07,2.0585733552922002e-05,0.22554245281166485,61,bandpass
1.7589020722044231e-07,7e-07,1.6813874295103034e-07,2.2e-07,2.195482402536918e-05,0.2996704997756604,61,bandpass
1.7589020722044231e-07,7e-07,1.6813874295103034e-07,2.2e-07,2.0606913466969003e-05,0.4421369779438792,61,bandpass
1.7589020722044231e-07,7e-07,1.6810571165856218e-07,2.2e-07,2.0585733552922002e-05,0.4421369779438792,61,bandpass
1.7589020722044231e-07,7e-07,1.6813874295103034e-07,2.2e-07,2.0585733552922002e-05,0.4421369779438792,61,bandpass
1.7589020722044231e-07,7e-07,1.6810571165856218e-07,2.2e-07,2.0585733552922002e-05,0.4421369779438792,61,bandpass
1.7589020722044231e-07,7e-07,1.7442643707475595e-07,2.2e-07,2.0585733552922002e-05,0.24145588719239452,61,bandpass
1.7589020722044231e-07,7e-07,1.6145316918318137e-07,2.2e-07,2.0585733552922002e-05,0.21634825418909798,61,bandpass
1.7589020722044231e-07,7e-07,1.6813874295103034e-07,2.2e-07,2.0585733552922002e-05,0.4421369779438792,61,bandpass
1.7589020722044231e-07,7e-07,1.6813874295103034e-07,2.2e-07,2.0585733552922002e-05,0.4421369779438792,61,bandpass
1.7589020722044231e-07,7e-07,1.6813874295103034e-07,2.2e-07,2.0606913466969003e-05,0.4421369779438792,61,bandpass
1.7609289612916838e-07,7e-07,1.6810571165856218e-07,2.2e-07,2.0606913466969003e-05,0.4421369779438792,61,bandpass
1.7589020722044231e-07,7e-07,1.6813874295103034e-07,2.2e-07,2.0585733552922002e-05,0.4421369779438792,61,bandpass
1.7589020722044231e-07,7e-07,1.6813874295103034e-07,2.2e-07,2.0585733552922002e-05,0.4421369779438792,61,bandpass
1.7589020722044231e-07,7e-07,1.6810571165856218e-07,2.2e-07,2.0585733552922002e-05,0.4421369779438792,61,bandpass
1.7589020722044231e-07,7e-07,1.6813874295103034e-07,2.2e-07,2.0585733552922002e-05,0.4421369779438792,61,bandpass
1.7589020722044231e-07,5.460765970011691e-07,1.6810571165856218e-07,2.2e-07,2.0606913466969003e-05,0.23561156944366318,61,bandpass
1.7589020722044231e-07,7e-07,1.6813874295103034e-07,2.2e-07,2.0585733552922002e-05,0.4421369779438792,61,bandpass
1.7589020722044231e-07,7e-07,2.101000441026074e-07,2.2e-07,2.0585733552922002e-05,0.17738805086970294,61,bandpass
1.7589020722044231e-07,7e-07,1.6813874295103034e-07,2.2e-07,2.0585733552922002e-05,0.4421369779438792,61,bandpass
1.7589020722044231e-07,7e-07,1.6755352625144016e-07,2.2e-07,2.0585733552922002e-05,0.4421369779438792,61,bandpass
1.7589020722044231e-07,7e-07,1.6813874295103034e-07,2.2e-07,2.0606913466969003e-05,0.4421369779438792,61,bandpass
1.7589020722044231e-07,7e-07,1.6813874295103034e-07,2.2e-07,1.8364765671423287e-05,0.2694540053501964,61,bandpass
1.7609289612916838e-07,7e-07,1.6810571165856218e-07,2.2e-07,2.0606913466969003e-05,0.4421369779438792,61,bandpass
1.7589020722044231e-07,7e-07,1.6813874295103034e-07,2.2e-07,2.0585733552922002e-05,0.4421369779438792,61,bandpass
1.7589020722044231e-07,7e-07,1.6813874295103034e-07,2.2e-07,2.0585733552922002e-05,0.4421369779438792,61,bandpass
1.7589020722044231e-07,7e-07,1.6813874295103034e-07,2.2e-07,2.0585733552922002e-05,0.4421369779438792,61,bandpass
1.7589020722044231e-07,3.7842454230163964e-07,1.6813874295103034e-07,2.2e-07,2.0585733552922002e-05,0.2736365583991611,61,bandpass
1.7589020722044231e-07,7e-07,1.6813874295103034e-07,2.2e-07,2.0585733552922002e-05,0.4421369779438792,61,bandpass
1.7589020722044231e-07,7e-07,1.6810571165856218e-07,2.2e-07,2.0585733552922002e-05,0.4421369779438792,61,bandpass
1.7589020722044231e-07,7e-07,1.6813874295103034e-07,2.2e-07,2.0585733552922002e-05,0.4421369779438792,61,bandpass
1.7589020722044231e-07,7e-07,1.6813874295103034e-07,2.2e-07,2.0585733552922002e-05,0.4421369779438792,61,bandpass
1.7589020722044231e-07,7e-07,1.6813874295103034e-07,2.2e-07,2.0585733552922002e-05,0.4421369779438792,61,bandpass
1.7589020722044231e-07,7e-07,1.6813874295103034e-07,2.2e-07,2.8028383509225414e-05,0.27104755445457546,61,bandpass
1.7589020722044231e-07,7e-07,1.6813874295103034e-07,2.2e-07,2.0585733552922002e-05,0.4421369779438792,61,bandpass
1.7589020722044231e-07,7e-07,1.6813874295103034e-07,2.2e-07,2.0585733552922002e-05,0.4421369779438792,61,bandpass
1.7589020722044231e-07,7e-07,1.6813874295103034e-07,2.2e-07,2.0585733552922002e-05,0.4421369779438792,61,bandpass
1.7589020722044231e-07,7e-07,1.6813874295103034e-07,2.2e-07,2.0585733552922002e-05,0.4421369779438792,61,bandpass
1.7589020722044231e-07,7e-07,1.6813874295103034e-07,2.2e-07,2.0585733552922002e-05,0.4421369779438792,61,bandpass
1.7589020722044231e-07,7e-07,1.6813874295103034e-07,2.2e-07,2.0585733552922002e-05,0.4421369779438792,61,bandpass
1.7589020722044231e-07,7e-07,1.6813874295103034e-07,2.2e-07,2.0585733552922002e-05,0.4421369779438792,61,bandpass
1.7894462999872617e-07,7e-07,1.6813874295103034e-07,2.2e-07,2.0585733552922002e-05,0.22993566835009555,61,bandpass
1.7589020722044231e-07,3.7040551563224633e-07,1.6813874295103034e-07,2.2e-07,2.0585733552922002e-05,0.2673149811454388,61,bandpass
1.7589020722044231e-07,7e-07,1.6813874295103034e-07,2.2e-07,2.0585733552922002e-05,0.4421369779438792,61,bandpass
1.7589020722044231e-07,7e-07,1.6813874295103034e-07,2.2e-07,2.0585733552922002e-05,0.4421369779438792,61,bandpass
1.7589020722044231e-07,3.0333411301075906e-07,1.6810571165856218e-07,2.2e-07,2.0585733552922002e-05,0.2840216692797458,61,bandpass
1.7589020722044231e-07,7e-07,1.6810571165856218e-07,2.2e-07,2.0606913466969003e-05,0.4421369779438792,61,bandpass
1.7589020722044231e-07,7e-07,1.6813874295103034e-07,2.2e-07,2.0585733552922002e-05,0.4419596170006631,62,bandpass
1.7589020722044231e-07,7e-07,1.6813874295103034e-07,2.2e-07,2.0585733552922002e-05,0.4419596170006631,62,bandpass
1.7609289612916838e-07,7e-07,1.6810571165856218e-07,2.2e-07,2.0585733552922002e-05,0.4419596170006631,62,bandpass
1.7589020722044231e-07,7e-07,1.6813874295103034e-07,2.2e-07,2.0585733552922002e-05,0.4419596170006631,62,bandpass
1.7589020722044231e-07,7e-07,1.6813874295103034e-07,2.2e-07,2.0585733552922002e-05,0.4419596170006631,62,bandpass
1.7589020722044231e-07,7e-07,1.6810571165856218e-07,2.2e-07,2.0585733552922002e-05,0.4419596170006631,62,bandpass
1.7589020722044231e-07,7e-07,1.6810571165856218e-07,2.2e-07,2.0606913466969003e-05,0.4419596170006631,62,bandpass
1.7589020722044231e-07,7e-07,1.6813874295103034e-07,2.2e-07,1.9248614030518603e-05,0.3520596196615555,62,bandpass
1.7589020722044231e-07,7e-07,1.6813874295103034e-07,2.2e-07,2.0585733552922002e-05,0.4419596170006631,62,bandpass
1.7589020722044231e-07,7e-07,1.6813874295103034e-07,2.2e-07,2.0585733552922002e-05,0.4419596170006631,62,bandpass
1.7549001105903015e-07,7e-07,1.6813874295103034e-07,2.2e-07,2.0585733552922002e-05,0.430469539453219,62,bandpass
1.7589020722044231e-07,7e-07,1.6813874295103034e-07,2.2e-07,2.0585733552922002e-05,0.4419596170006631,62,bandpass
1.7589020722044231e-07,7e-07,1.6813874295103034e-07,2.2e-07,1.8579637088877556e-05,0.23540743838792338,62,bandpass
1.7589020722044231e-07,7e-07,1.6813874295103034e-07,2.2e-07,2.0585733552922002e-05,0.4419596170006631,62,bandpass
1.7589020722044231e-07,7e-07,1.6813874295103034e-07,2.2e-07,2.0585733552922002e-05,0.4419596170006631,62,bandpass
1.7589020722044231e-07,7e-07,1.6813874295103034e-07,2.2e-07,2.0585733552922002e-05,0.4419596170006631,62,bandpass
1.7589020722044231e-07,7e-07,1.6813874295103034e-07,2.2e-07,2.0585733552922002e-05,0.4419596170006631,62,bandpass
1.7589020722044231e-07,7e-07,1.6813874295103034e-07,2.2e-07,2.0585733552922002e-05,0.4419596170006631,62,bandpass
1.7589020722044231e-07,7e-07,1.6813874295103034e-07,2.2e-07,2.0585733552922002e-05,0.4419596170006631,62,bandpass
1.7589020722044231e-07,7e-07,1.6813874295103034e-07,2.2e-07,2.0585733552922002e-05,0.4419596170006631,62,bandpass
1.7425948128499016e-07,7e-07,1.6813874295103034e-07,2.2e-07,2.0585733552922002e-05,0.2587375137888276,62,bandpass
1.7589020722044231e-07,7e-07,1.6813874295103034e-07,2.2e-07,2.0585733552922002e-05,0.4419596170006631,62,bandpass
1.7609289612916838e-07,7e-07,1.6813874295103034e-07,2.2e-07,2.0585733552922002e-05,0.4419596170006631,62,bandpass
1.7589020722044231e-07,7e-07,1.6813874295103034e-07,2.2e-07,4.242020878053857e-05,0.3510963954710491,62,bandpass
1.7589020722044231e-07,7e-07,1.6813874295103034e-07,2.2e-07,2.0585733552922002e-05,0.4419596170006631,62,bandpass
1.7589020722044231e-07,7e-07,1.6810571165856218e-07,2.2e-07,2.0585733552922002e-05,0.4419596170006631,62,bandpass
1.7589020722044231e-07,7e-07,1.609691370561528e-07,2.2e-07,2.0585733552922002e-05,0.14771298351275847,62,bandpass
1.7589020722044231e-07,7e-07,1.7359234644036904e-07,2.2e-07,2.0585733552922002e-05,0.24265847626417125,62,bandpass
1.7589020722044231e-07,7e-07,1.6810571165856218e-07,2.2e-07,2.0585733552922002e-05,0.4419596170006631,62,bandpass
1.7609289612916838e-07,7e-07,1.6810571165856218e-07,2.2e-07,2.0585733552922002e-05,0.4419596170006631,62,bandpass
1.7589020722044231e-07,7e-07,1.6813874295103034e-07,2.2e-07,2.0585733552922002e-05,0.4419596170006631,62,bandpass
1.7589020722044231e-07,7e-07,1.6813874295103034e-07,2.2e-07,2.0585733552922002e-05,0.4419596170006631,62,bandpass
1.7589020722044231e-07,7e-07,1.6810571165856218e-07,2.2e-07,2.0585733552922002e-05,0.4419596170006631,62,bandpass
1.7589020722044231e-07,7e-07,1.6813874295103034e-07,2.2e-07,2.0585733552922002e-05,0.4419596170006631,62,bandpass
1.7609289612916838e-07,7e-07,2.175660299507498e-07,2.2e-07,2.0606913466969003e-05,0.2957042283340143,62,bandpass
1.7589020722044231e-07,7e-07,1.6813874295103034e-07,2.2e-07,2.0585733552922002e-05,0.4419596170006631,62,bandpass
1.7589020722044231e-07,7e-07,1.6810571165856218e-07,2.2e-07,2.0606913466969003e-05,0.4419596170006631,62,bandpass
1.7589020722044231e-07,7e-07,1.6810571165856218e-07,2.2e-07,2.0585733552922002e-05,0.4419596170006631,62,bandpass
1.7589020722044231e-07,7e-07,1.6813874295103034e-07,2.2e-07,2.0585733552922002e-05,0.4419596170006631,62,bandpass
1.7589020722044231e-07,7e-07,1.6813874295103034e-07,2.2e-07,2.0585733552922002e-05,0.4419596170006631,62,bandpass
1.7589020722044231e-07,7e-07,1.6813874295103034e-07,2.2e-07,2.0585733552922002e-05,0.4419596170006631,62,bandpass
1.7589020722044231e-07,7e-07,1.6813874295103034e-07,2.2e-07,2.0585733552922002e-05,0.4419596170006631,62,bandpass
1.7589020722044231e-07,7e-07,1.6813874295103034e-07,2.2e-07,2.0606913466969003e-05,0.4419596170006631,62,bandpass
1.7589020722044231e-07,7e-07,1.6813874295103034e-07,2.2e-07,2.0585733552922002e-05,0.4419596170006631,62,bandpass
1.7589020722044231e-07,7e-07,1.6813874295103034e-07,2.2e-07,2.0585733552922002e-05,0.4419596170006631,62,bandpass
1.7589020722044231e-07,7e-07,1.6813874295103034e-07,2.2e-07,2.0585733552922002e-05,0.4419596170006631,62,bandpass
1.7589020722044231e-07,7e-07,1.6810571165856218e-07,2.2e-07,2.0585733552922002e-05,0.4419596170006631,62,bandpass
1.7589020722044231e-07,7e-07,1.6585456934499495e-07,2.2e-07,2.0585733552922002e-05,0.27436742797596797,62,bandpass
1.7589020722044231e-07,7e-07,1.6813874295103034e-07,2.2e-07,2.0585733552922002e-05,0.4419596170006631,62,bandpass
1.7589020722044231e-07,7e-07,1.6813874295103034e-07,2.2e-07,2.0585733552922002e-05,0.4419596170006631,62,bandpass
1.7589020722044231e-07,7e-07,1.6813874295103034e-07,2.2e-07,2.0585733552922002e-05,0.4419596170006631,63,bandpass
1.7589020722044231e-07,7e-07,1.6813874295103034e-07,2.2e-07,2.0606913466969003e-05,0.4419596170006631,63,bandpass
1.7589020722044231e-07,7e-07,1.6813874295103034e-07,2.2e-07,2.0585733552922002e-05,0.4419596170006631,63,bandpass
1.7589020722044231e-07,7e-07,1.6813874295103034e-07,2.2e-07,2.0585733552922002e-05,0.4419596170006631,63,bandpass
1.7589020722044231e-07,7e-07,1.6813874295103034e-07,2.2e-07,2.0606913466969003e-05,0.4419596170006631,63,bandpass
1.7589020722044231e-07,7e-07,1.6813874295103034e-07,2.2e-07,2.0585733552922002e-05,0.4419596170006631,63,bandpass
1.7333533741048986e-07,7e-07,1.6810571165856218e-07,2.2e-07,2.0585733552922002e-05,0.2679618149568164,63,bandpass
1.7589020722044231e-07,7e-07,1.6813874295103034e-07,2.2e-07,2.0585733552922002e-05,0.4419596170006631,63,bandpass
1.7589020722044231e-07,7e-07,1.6813874295103034e-07,2.2e-07,2.0585733552922002e-05,0.4419596170006631,63,bandpass
1.7589020722044231e-07,7e-07,1.6813874295103034e-07,2.2e-07,2.0585733552922002e-05,0.4419596170006631,63,bandpass
1.7589020722044231e-07,7e-07,1.6813874295103034e-07,2.2e-07,2.1179606640707444e-05,0.2343282988106939,63,bandpass
1.7589020722044231e-07,7e-07,1.6813874295103034e-07,2.2e-07,2.0585733552922002e-05,0.4419596170006631,63,bandpass
1.7589020722044231e-07,7e-07,1.6810571165856218e-07,2.2e-07,2.0585733552922002e-05,0.4419596170006631,63,bandpass
1.7589020722044231e-07,7e-07,1.6813874295103034e-07,2.2e-07,2.0585733552922002e-05,0.4419596170006631,63,bandpass
1.7589020722044231e-07,7e-07,1.643704767158521e-07,2.2e-07,2.0585733552922002e-05,0.24145749443207443,63,bandpass
1.7589020722044231e-07,7e-07,1.6813874295103034e-07,2.2e-07,2.0585733552922002e-05,0.4419596170006631,63,bandpass
2.317975511840402e-07,7e-07,1.6813874295103034e-07,2.2e-07,2.0606913466969003e-05,0.18355799267579137,63,bandpass
1.7589020722044231e-07,7e-07,1.6813874295103034e-07,2.2e-07,2.0585733552922002e-05,0.4419596170006631,63,bandpass
1.7589020722044231e-07,7e-07,1.6813874295103034e-07,2.2e-07,2.0585733552922002e-05,0.4419596170006631,63,bandpass
1.7589020722044231e-07,7e-07,1.6813874295103034e-07,2.2e-07,2.0585733552922002e-05,0.4419596170006631,63,bandpass
1.7589020722044231e-07,7e-07,1.6813874295103034e-07,2.2e-07,2.0585733552922002e-05,0.4419596170006631,63,bandpass
1.7589020722044231e-07,7e-07,1.6813874295103034e-07,2.2e-07,2.0585733552922002e-05,0.4419596170006631,63,bandpass
1.7589020722044231e-07,7e-07,1.6813874295103034e-07,2.2e-07,2.0585733552922002e-05,0.4419596170006631,63,bandpass
1.7589020722044231e-07,7e-07,1.6813874295103034e-07,2.2e-07,2.0585733552922002e-05,0.4419596170006631,63,bandpass
1.7589020722044231e-07,7e-07,1.6813874295103034e-07,2.2e-07,2.0585733552922002e-05,0.4419596170006631,63,bandpass
1.7589020722044231e-07,7e-07,1.6813874295103034e-07,2.2e-07,2.0585733552922002e-05,0.4419596170006631,63,bandpass
1.7589020722044231e-07,7e-07,1.6813874295103034e-07,2.2e-07,2.0585733552922002e-05,0.4419596170006631,63,bandpass
1.7589020722044231e-07,7e-07,1.6813874295103034e-07,2.2e-07,2.0585733552922002e-05,0.4419596170006631,63,bandpass
1.7609289612916838e-07,7e-07,1.6813874295103034e-07,2.2e-07,2.0585733552922002e-05,0.4419596170006631,63,bandpass
1.7589020722044231e-07,7e-07,1.6813874295103034e-07,2.2e-07,2.0585733552922002e-05,0.4419596170006631,63,bandpass
1.7589020722044231e-07,7e-07,1.6813874295103034e-07,2.2e-07,2.0585733552922002e-05,0.4419596170006631,63,bandpass
1.7589020722044231e-07,7e-07,1.6813874295103034e-07,2.2e-07,2.0585733552922002e-05,0.4419596170006631,63,bandpass
1.7589020722044231e-07,7e-07,1.6813874295103034e-07,2.2e-07,2.0585733552922002e-05,0.4419596170006631,63,bandpass
1.7589020722044231e-07,7e-07,1.6813874295103034e-07,2.2e-07,2.0585733552922002e-05,0.4419596170006631,63,bandpass
1.7589020722044231e-07,7e-07,1.6813874295103034e-07,2.2e-07,2.0585733552922002e-05,0.4419596170006631,63,bandpass
1.7589020722044231e-07,7e-07,1.6813874295103034e-07,2.2e-07,2.0585733552922002e-05,0.4419596170006631,63,bandpass
1.7589020722044231e-07,7e-07,1.6810571165856218e-07,2.2e-07,2.0585733552922002e-05,0.4419596170006631,63,bandpass
1.7589020722044231e-07,7e-07,1.6813874295103034e-07,2.2e-07,2.0585733552922002e-05,0.4419596170006631,63,bandpass
1.7589020722044231e-07,7e-07,1.6810571165856218e-07,2.2e-07,2.0585733552922002e-05,0.4419596170006631,63,bandpass
1.7589020722044231e-07,7e-07,1.6813874295103034e-07,2.2e-07,2.0606913466969003e-05,0.4419596170006631,63,bandpass
1.7589020722044231e-07,7e-07,1.6813874295103034e-07,2.2e-07,2.0585733552922002e-05,0.4419596170006631,63,bandpass
1.7589020722044231e-07,7e-07,1.6813874295103034e-07,2.2e-07,2.0585733552922002e-05,0.4419596170006631,63,bandpass
1.7609289612916838e-07,7e-07,1.6810571165856218e-07,2.2e-07,2.0585733552922002e-05,0.4419596170006631,63,bandpass
1.7589020722044231e-07,7e-07,1.6810571165856218e-07,2.2e-07,2.0585733552922002e-05,0.4419596170006631,63,bandpass
1.7589020722044231e-07,7e-07,1.6813874295103034e-07,2.2e-07,2.0585733552922002e-05,0.4419596170006631,63,bandpass
1.7589020722044231e-07,7e-07,1.6810571165856218e-07,2.2e-07,2.0585733552922002e-05,0.4419596170006631,63,bandpass
1.7589020722044231e-07,7e-07,1.6813874295103034e-07,2.2e-07,2.0585733552922002e-05,0.4419596170006631,63,bandpass
1.7589020722044231e-07,7e-07,1.6813874295103034e-07,2.2e-07,2.0585733552922002e-05,0.4419596170006631,63,bandpass
1.7589020722044231e-07,7e-07,1.6813874295103034e-07,2.2e-07,2.0585733552922002e-05,0.4419596170006631,63,bandpass
1.7589020722044231e-07,7e-07,1.6813874295103034e-07,2.2e-07,2.0585733552922002e-05,0.4419596170006631,63,bandpass
1.7589020722044231e-07,7e-07,1.6813874295103034e-07,2.2e-07,2.0585733552922002e-05,0.4419596170006631,64,bandpass
1.7589020722044231e-07,7e-07,1.6813874295103034e-07,2.2e-07,2.1055295577270712e-05,0.30680023490400454,64,bandpass
1.7589020722044231e-07,7e-07,1.6813874295103034e-07,2.2e-07,2.0606913466969003e-05,0.4419596170006631,64,bandpass
1.7589020722044231e-07,7e-07,1.6813874295103034e-07,2.2e-07,2.0585733552922002e-05,0.4419596170006631,64,bandpass
1.7589020722044231e-07,7e-07,1.6810571165856218e-07,2.2e-07,2.0585733552922002e-05,0.4419596170006631,64,bandpass
1.7589020722044231e-07,7e-07,1.6813874295103034e-07,2.2e-07,2.0585733552922002e-05,0.4419596170006631,64,bandpass
1.7589020722044231e-07,7e-07,1.6813874295103034e-07,2.2e-07,2.0606913466969003e-05,0.4419596170006631,64,bandpass
1.7589020722044231e-07,7e-07,1.6813874295103034e-07,2.2e-07,2.0585733552922002e-05,0.4419596170006631,64,bandpass
1.7589020722044231e-07,7e-07,1.6813874295103034e-07,2.2e-07,2.0585733552922002e-05,0.4419596170006631,64,bandpass
1.7589020722044231e-07,7e-07,1.6813874295103034e-07,2.2e-07,2.0585733552922002e-05,0.4419596170006631,64,bandpass
1.7589020722044231e-07,7e-07,1.6813874295103034e-07,2.2e-07,2.0585733552922002e-05,0.4419596170006631,64,bandpass
1.7589020722044231e-07,7e-07,1.6813874295103034e-07,2.2e-07,2.0585733552922002e-05,0.4419596170006631,64,bandpass
1.7589020722044231e-07,7e-07,1.6813874295103034e-07,2.2e-07,2.0585733552922002e-05,0.4419596170006631,64,bandpass
1.7589020722044231e-07,7e-07,1.6813874295103034e-07,2.2e-07,2.0585733552922002e-05,0.4419596170006631,64,bandpass
1.7589020722044231e-07,7e-07,1.6813874295103034e-07,2.2e-07,2.0585733552922002e-05,0.4419596170006631,64,bandpass
1.7589020722044231e-07,6.81110389960862e-07,1.6810571165856218e-07,2.2e-07,2.0585733552922002e-05,0.31107959718164596,64,bandpass
1.7589020722044231e-07,7e-07,1.6813874295103034e-07,2.2e-07,2.0585733552922002e-05,0.4419596170006631,64,bandpass
1.7589020722044231e-07,7e-07,1.6813874295103034e-07,2.2e-07,2.0585733552922002e-05,0.4419596170006631,64,bandpass
1.7589020722044231e-07,6.894621176514993e-07,1.6813874295103034e-07,2.2e-07,2.0585733552922002e-05,0.2800986385629861,64,bandpass
1.7589020722044231e-07,7e-07,1.6813874295103034e-07,2.2e-07,2.0585733552922002e-05,0.4419596170006631,64,bandpass
2.465640942024972e-07,7e-07,1.6810571165856218e-07,2.2e-07,2.0606913466969003e-05,0.182489559618959,64,bandpass
1.7589020722044231e-07,7e-07,1.6813874295103034e-07,2.2e-07,2.0585733552922002e-05,0.4419596170006631,64,bandpass
1.7589020722044231e-07,7e-07,1.6813874295103034e-07,2.2e-07,2.0009058848502204e-05,0.2573852196971886,64,bandpass
1.7589020722044231e-07,7e-07,1.6813874295103034e-07,2.2e-07,2.0585733552922002e-05,0.4419596170006631,64,bandpass
1.7589020722044231e-07,7e-07,1.6813874295103034e-07,2.2e-07,2.0585733552922002e-05,0.4419596170006631,64,bandpass
1.7589020722044231e-07,7e-07,1.6813874295103034e-07,2.2e-07,2.0585733552922002e-05,0.4419596170006631,64,bandpass
1.7589020722044231e-07,7e-07,1.6810571165856218e-07,2.2e-07,2.0585733552922002e-05,0.4419596170006631,64,bandpass
1.7589020722044231e-07,7e-07,1.6810571165856218e-07,2.2e-07,2.0585733552922002e-05,0.4419596170006631,64,bandpass
1.7589020722044231e-07,7e-07,1.6813874295103034e-07,2.2e-07,2.0606913466969003e-05,0.4419596170006631,64,bandpass
1.7589020722044231e-07,7e-07,1.6813874295103034e-07,2.2e-07,2.0585733552922002e-05,0.4419596170006631,64,bandpass
1.7589020722044231e-07,7e-07,1.6813874295103034e-07,2.2e-07,2.0585733552922002e-05,0.4419596170006631,64,bandpass
1.7589020722044231e-07,7e-07,1.6813874295103034e-07,2.2e-07,2.0585733552922002e-05,0.4419596170006631,64,bandpass
1.7589020722044231e-07,7e-07,1.6813874295103034e-07,2.2e-07,2.0585733552922002e-05,0.4419596170006631,64,bandpass
1.7589020722044231e-07,7e-07,1.6813874295103034e-07,2.2e-07,2.0585733552922002e-05,0.4419596170006631,64,bandpass
1.7589020722044231e-07,7e-07,1.6813874295103034e-07,2.2e-07,2.0585733552922002e-05,0.4419596170006631,64,bandpass
1.7855127065513382e-07,7e-07,1.6813874295103034e-07,2.2e-07,2.0585733552922002e-05,0.22638171256185835,64,bandpass
1.7589020722044231e-07,7e-07,1.6813874295103034e-07,2.2e-07,2.0585733552922002e-05,0.4419596170006631,64,bandpass
1.7589020722044231e-07,7e-07,1.6810571165856218e-07,2.2e-07,2.0585733552922002e-05,0.4419596170006631,64,bandpass
1.7589020722044231e-07,7e-07,1.709336021427423e-07,2.2e-07,2.0585733552922002e-05,0.35250821182876235,64,bandpass
1.7589020722044231e-07,7e-07,1.6813874295103034e-07,2.2e-07,2.0585733552922002e-05,0.4419596170006631,64,bandpass
1.7589020722044231e-07,7e-07,1.6813874295103034e-07,2.2e-07,2.0640678242102698e-05,0.4419596170006631,64,bandpass
1.7589020722044231e-07,7e-07,1.6810571165856218e-07,2.2e-07,2.0585733552922002e-05,0.4419596170006631,64,bandpass
1.7589020722044231e-07,7e-07,1.6813874295103034e-07,2.2e-07,2.0585733552922002e-05,0.4419596170006631,64,bandpass
1.7589020722044231e-07,7e-07,1.6813874295103034e-07,2.2e-07,2.0585733552922002e-05,0.4419596170006631,64,bandpass
1.7589020722044231e-07,7e-07,1.6813874295103034e-07,2.2e-07,2.0585733552922002e-05,0.4419596170006631,64,bandpass
1.7589020722044231e-07,7e-07,1.7510765945159553e-07,2.2e-07,2.0585733552922002e-05,0.2806769591453883,64,bandpass
1.7589020722044231e-07,7e-07,1.6813874295103034e-07,2.2e-07,2.0606913466969003e-05,0.4419596170006631,64,bandpass
1.7589020722044231e-07,7e-07,1.6813874295103034e-07,2.2e-07,2.2018385183474494e-05,0.2996616921050125,64,bandpass
1.7589020722044231e-07,7e-07,1.6813874295103034e-07,2.2e-07,2.0585733552922002e-05,0.4419596170006631,64,bandpass
1.7589020722044231e-07,7e-07,1.6813874295103034e-07,2.2e-07,2.0585733552922002e-05,0.4419596170006631,64,bandpass
1.7589020722044231e-07,7e-07,1.6813874295103034e-07,2.2e-07,2.0585733552922002e-05,0.4421781255603384,65,bandpass
1.7589020722044231e-07,7e-07,1.6813874295103034e-07,2.2e-07,2.0585733552922002e-05,0.4421781255603384,65,bandpass
1.7589020722044231e-07,7e-07,1.6813874295103034e-07,2.2e-07,2.0585733552922002e-05,0.4421781255603384,65,bandpass
1.7589020722044231e-07,7e-07,1.6813874295103034e-07,2.2e-07,2.0585733552922002e-05,0.4421781255603384,65,bandpass
1.7589020722044231e-07,7e-07,1.6813874295103034e-07,2.2e-07,2.0585733552922002e-05,0.4421781255603384,65,bandpass
1.7589020722044231e-07,7e-07,1.6813874295103034e-07,2.2e-07,2.0585733552922002e-05,0.4421781255603384,65,bandpass
1.7589020722044231e-07,7e-07,1.6813874295103034e-07,2.2e-07,2.0585733552922002e-05,0.4421781255603384,65,bandpass
1.7589020722044231e-07,7e-07,1.413756675123884e-07,2.2e-07,2.0585733552922002e-05,0.2345836292221716,65,bandpass
1.7589020722044231e-07,7e-07,1.6813874295103034e-07,2.2e-07,2.0606913466969003e-05,0.4421781255603384,65,bandpass
1.7589020722044231e-07,7e-07,1.6813874295103034e-07,2.2e-07,2.0585733552922002e-05,0.4421781255603384,65,bandpass
1.7589020722044231e-07,7e-07,1.6813874295103034e-07,2.2e-07,2.0585733552922002e-05,0.4421781255603384,65,bandpass
1.7589020722044231e-07,7e-07,1.6813874295103034e-07,2.2e-07,2.0585733552922002e-05,0.4421781255603384,65,bandpass
1.7589020722044231e-07,7e-07,1.6810571165856218e-07,2.2e-07,2.0585733552922002e-05,0.4421781255603384,65,bandpass
1.7589020722044231e-07,7e-07,1.6813874295103034e-07,2.2e-07,2.0585733552922002e-05,0.4421781255603384,65,bandpass
1.7589020722044231e-07,7e-07,1.6813874295103034e-07,2.2e-07,2.0585733552922002e-05,0.4421781255603384,65,bandpass
1.7589020722044231e-07,7e-07,1.6813874295103034e-07,2.2e-07,2.0606913466969003e-05,0.4421781255603384,65,bandpass
1.7589020722044231e-07,7e-07,1.6813874295103034e-07,2.2e-07,2.0585733552922002e-05,0.4421781255603384,65,bandpass
1.7589020722044231e-07,7e-07,1.6810571165856218e-07,2.2e-07,2.0585733552922002e-05,0.4421781255603384,65,bandpass
1.7589020722044231e-07,7e-07,1.6813874295103034e-07,2.2e-07,2.0585733552922002e-05,0.4421781255603384,65,bandpass
1.7589020722044231e-07,7e-07,1.6813874295103034e-07,2.2e-07,2.0640678242102698e-05,0.4421781255603384,65,bandpass
1.7589020722044231e-07,7e-07,1.6813874295103034e-07,2.2e-07,2.0585733552922002e-05,0.4421781255603384,65,bandpass
1.7589020722044231e-07,7e-07,1.6813874295103034e-07,2.2e-07,2.0606913466969003e-05,0.4421781255603384,65,bandpass
1.7589020722044231e-07,7e-07,1.6813874295103034e-07,2.2e-07,2.0585733552922002e-05,0.4421781255603384,65,bandpass
1.7589020722044231e-07,7e-07,1.6813874295103034e-07,2.2e-07,2.0585733552922002e-05,0.4421781255603384,65,bandpass
1.7589020722044231e-07,7e-07,1.6813874295103034e-07,2.2e-07,2.0585733552922002e-05,0.4421781255603384,65,bandpass
1.7589020722044231e-07,7e-07,1.6661342811170485e-07,2.2e-07,2.0585733552922002e-05,0.24658581510807448,65,bandpass
2.2424846079251972e-07,7e-07,1.6813874295103034e-07,2.2e-07,2.0585733552922002e-05,0.16850030574008174,65,bandpass
1.7589020722044231e-07,7e-07,1.6810571165856218e-07,2.2e-07,2.0585733552922002e-05,0.4421781255603384,65,bandpass
1.7589020722044231e-07,7e-07,1.6813874295103034e-07,2.2e-07,2.0585733552922002e-05,0.4421781255603384,65,bandpass
1.7589020722044231e-07,7e-07,1.6813874295103034e-07,2.2e-07,2.0585733552922002e-05,0.4421781255603384,65,bandpass
1.7589020722044231e-07,7e-07,1.6813874295103034e-07,2.2e-07,2.1133749565963788e-05,0.30675702615213957,65,bandpass
1.7589020722044231e-07,7e-07,1.6813874295103034e-07,2.2e-07,2.0585733552922002e-05,0.4421781255603384,65,bandpass
1.7589020722044231e-07,7e-07,1.6813874295103034e-07,2.2e-07,2.0585733552922002e-05,0.4421781255603384,65,bandpass
1.7589020722044231e-07,7e-07,1.6813874295103034e-07,2.2e-07,2.0585733552922002e-05,0.4421781255603384,65,bandpass
1.7589020722044231e-07,6.823745659235662e-07,1.6813874295103034e-07,2.2e-07,2.0585733552922002e-05,0.3057581287293979,65,bandpass
1.7589020722044231e-07,7e-07,1.6813874295103034e-07,2.2e-07,2.0585733552922002e-05,0.4421781255603384,65,bandpass
1.7589020722044231e-07,7e-07,1.6813874295103034e-07,2.2e-07,1.9032706219760104e-05,0.26381698174081764,65,bandpass
1.7589020722044231e-07,7e-07,2.4872202505957983e-07,2.2e-07,2.0585733552922002e-05,0.2605907139454634,65,bandpass
1.7589020722044231e-07,7e-07,1.6813874295103034e-07,2.2e-07,2.0585733552922002e-05,0.4421781255603384,65,bandpass
1.7589020722044231e-07,7e-07,1.6813874295103034e-07,2.2e-07,2.0585733552922002e-05,0.4421781255603384,65,bandpass
1.7589020722044231e-07,7e-07,1.6813874295103034e-07,2.2e-07,2.0585733552922002e-05,0.4421781255603384,65,bandpass
1.7589020722044231e-07,7e-07,1.6813874295103034e-07,2.2e-07,2.0585733552922002e-05,0.4421781255603384,65,bandpass
1.7589020722044231e-07,7e-07,1.6813874295103034e-07,2.2e-07,2.0585733552922002e-05,0.4421781255603384,65,bandpass
1.7589020722044231e-07,6.800996881045983e-07,1.6813874295103034e-07,2.2e-07,2.0585733552922002e-05,0.3067363000117468,65,bandpass
1.7589020722044231e-07,7e-07,1.6813874295103034e-07,2.2e-07,2.0606913466969003e-05,0.4421781255603384,65,bandpass
1.7589020722044231e-07,7e-07,1.6813874295103034e-07,2.2e-07,2.0585733552922002e-05,0.4421781255603384,65,bandpass
1.7589020722044231e-07,7e-07,1.6813874295103034e-07,2.2e-07,2.0606913466969003e-05,0.4421781255603384,65,bandpass
1.7589020722044231e-07,7e-07,1.6813874295103034e-07,2.2e-07,2.0585733552922002e-05,0.4421781255603384,65,bandpass
1.7589020722044231e-07,7e-07,1.6813874295103034e-07,2.2e-07,2.0585733552922002e-05,0.4421781255603384,65,bandpass
1.7589020722044231e-07,7e-07,1.6810571165856218e-07,2.2e-07,2.0585733552922002e-05,0.4421781255603384,65,bandpass
1.7589020722044231e-07,7e-07,1.6813874295103034e-07,2.2e-07,2.0585733552922002e-05,0.4419162764414856,66,bandpass
1.7589020722044231e-07,7e-07,1.6810571165856218e-07,2.2e-07,2.0585733552922002e-05,0.4419162764414856,66,bandpass
1.7589020722044231e-07,7e-07,1.6813874295103034e-07,2.2e-07,2.0606913466969003e-05,0.4419162764414856,66,bandpass
1.1034025686665941e-07,7e-07,1.6813874295103034e-07,2.2e-07,2.0640678242102698e-05,0.19047966760335033,66,bandpass
1.7589020722044231e-07,7e-07,1.6813874295103034e-07,2.2e-07,2.0585733552922002e-05,0.4419162764414856,66,bandpass
1.7589020722044231e-07,7e-07,1.6813874295103034e-07,2.2e-07,2.0585733552922002e-05,0.4419162764414856,66,bandpass
1.7589020722044231e-07,7e-07,1.6813874295103034e-07,2.2e-07,2.0585733552922002e-05,0.4419162764414856,66,bandpass
1.7589020722044231e-07,7e-07,1.6813874295103034e-07,2.2e-07,2.0585733552922002e-05,0.4419162764414856,66,bandpass
1.7589020722044231e-07,7e-07,1.6813874295103034e-07,2.2e-07,2.0585733552922002e-05,0.4419162764414856,66,bandpass
1.7589020722044231e-07,7e-07,1.6810571165856218e-07,2.2e-07,2.0585733552922002e-05,0.4419162764414856,66,bandpass
1.7589020722044231e-07,7e-07,1.6813874295103034e-07,2.2e-07,2.0585733552922002e-05,0.4419162764414856,66,bandpass
1.7589020722044231e-07,7e-07,1.6813874295103034e-07,2.2e-07,2.0585733552922002e-05,0.4419162764414856,66,bandpass
1.7589020722044231e-07,7e-07,1.6813874295103034e-07,2.2e-07,2.0585733552922002e-05,0.4419162764414856,66,bandpass
1.7589020722044231e-07,7e-07,1.6813874295103034e-07,2.2e-07,2.0585733552922002e-05,0.4419162764414856,66,bandpass
1.7589020722044231e-07,7e-07,1.6813874295103034e-07,2.2e-07,2.0585733552922002e-05,0.4419162764414856,66,bandpass
1.7589020722044231e-07,7e-07,1.6813874295103034e-07,2.2e-07,2.0585733552922002e-05,0.4419162764414856,66,bandpass
1.7589020722044231e-07,7e-07,1.6813874295103034e-07,2.2e-07,2.0585733552922002e-05,0.4419162764414856,66,bandpass
1.7589020722044231e-07,7e-07,1.6813874295103034e-07,2.2e-07,2.0585733552922002e-05,0.4419162764414856,66,bandpass
1.7589020722044231e-07,7e-07,1.6813874295103034e-07,2.2e-07,2.0585733552922002e-05,0.4419162764414856,66,bandpass
1.7589020722044231e-07,7e-07,1.6813874295103034e-07,2.2e-07,2.0606913466969003e-05,0.4419162764414856,66,bandpass
1.7988647606088653e-07,7e-07,1.6813874295103034e-07,2.2e-07,2.0585733552922002e-05,0.2629308061653133,66,bandpass
1.7589020722044231e-07,7e-07,1.6676819651447992e-07,2.2e-07,2.0585733552922002e-05,0.25177288189543895,66,bandpass
1.7589020722044231e-07,7e-07,1.6813874295103034e-07,2.2e-07,2.0585733552922002e-05,0.4419162764414856,66,bandpass
1.7589020722044231e-07,7e-07,1.6813874295103034e-07,2.2e-07,2.0585733552922002e-05,0.4419162764414856,66,bandpass
1.7589020722044231e-07,7e-07,1.6813874295103034e-07,2.2e-07,2.0585733552922002e-05,0.4419162764414856,66,bandpass
1.7989597613791298e-07,7e-07,1.6813874295103034e-07,2.2e-07,2.0585733552922002e-05,0.2629308061653133,66,bandpass
1.7589020722044231e-07,7e-07,1.7041488581198356e-07,2.2e-07,2.0585733552922002e-05,0.2643235882757546,66,bandpass
1.7589020722044231e-07,7e-07,1.6813874295103034e-07,2.2e-07,2.0585733552922002e-05,0.4419162764414856,66,bandpass
1.7589020722044231e-07,4.019005982470291e-07,1.6813874295103034e-07,2.2e-07,2.0585733552922002e-05,0.2606739877979424,66,bandpass
1.7589020722044231e-07,7e-07,1.6813874295103034e-07,2.2e-07,3.850858769382828e-05,0.405689274843263,66,bandpass
1.7589020722044231e-07,7e-07,2.381838254598958e-07,2.2e-07,2.0585733552922002e-05,0.2999784666222259,66,bandpass
1.7589020722044231e-07,7e-07,1.6813874295103034e-07,2.2e-07,2.0585733552922002e-05,0.4419162764414856,66,bandpass
1.7589020722044231e-07,7e-07,1.6810571165856218e-07,2.2e-07,2.0606913466969003e-05,0.4419162764414856,66,bandpass
1.7589020722044231e-07,7e-07,1.6813874295103034e-07,2.2e-07,2.0606913466969003e-05,0.4419162764414856,66,bandpass
1.7589020722044231e-07,7e-07,1.6813874295103034e-07,2.2e-07,2.0585733552922002e-05,0.4419162764414856,66,bandpass
1.7589020722044231e-07,7e-07,1.6813874295103034e-07,2.2e-07,2.0585733552922002e-05,0.4419162764414856,66,bandpass
1.7589020722044231e-07,7e-07,1.6813874295103034e-07,2.2e-07,2.0585733552922002e-05,0.4419162764414856,66,bandpass
1.7589020722044231e-07,7e-07,1.6813874295103034e-07,2.2e-07,2.0585733552922002e-05,0.4419162764414856,66,bandpass
1.7589020722044231e-07,7e-07,1.6805779884154242e-07,2.2e-07,2.0585733552922002e-05,0.4419162764414856,66,bandpass
1.7589020722044231e-07,7e-07,1.6813874295103034e-07,2.2e-07,2.0585733552922002e-05,0.4419162764414856,66,bandpass
1.7589020722044231e-07,7e-07,1.6813874295103034e-07,2.2e-07,2.0585733552922002e-05,0.4419162764414856,66,bandpass
1.7589020722044231e-07,7e-07,1.6813874295103034e-07,2.2e-07,2.0640678242102698e-05,0.4419162764414856,66,bandpass
1.7589020722044231e-07,7e-07,1.6813874295103034e-07,2.2e-07,2.0585733552922002e-05,0.4419162764414856,66,bandpass
1.7589020722044231e-07,5.984270920134864e-07,1.6813874295103034e-07,2.2e-07,2.0585733552922002e-05,0.18732545106465315,66,bandpass
1.7589020722044231e-07,7e-07,1.6813874295103034e-07,2.2e-07,2.0585733552922002e-05,0.4419162764414856,66,bandpass
1.7589020722044231e-07,7e-07,1.6813874295103034e-07,2.2e-07,2.0585733552922002e-05,0.4419162764414856,66,bandpass
1.7589020722044231e-07,7e-07,1.6813874295103034e-07,2.2e-07,2.0585733552922002e-05,0.4419162764414856,66,bandpass
2.2980620904152455e-07,7e-07,1.6813874295103034e-07,2.2e-07,2.0585733552922002e-05,0.16210689147966387,66,bandpass
1.7589020722044231e-07,7e-07,1.6813874295103034e-07,2.2e-07,2.0606913466969003e-05,0.4419162764414856,66,bandpass
1.7589020722044231e-07,7e-07,1.6813874295103034e-07,2.2e-07,2.0606913466969003e-05,0.4419162764414856,66,bandpass
1.7589020722044231e-07,7e-07,1.6813874295103034e-07,2.2e-07,2.0585733552922002e-05,0.4419596170006631,67,bandpass
1.7589020722044231e-07,7e-07,1.6813874295103034e-07,2.2e-07,2.0585733552922002e-05,0.4419596170006631,67,bandpass
1.7589020722044231e-07,7e-07,1.6813874295103034e-07,2.2e-07,2.0585733552922002e-05,0.4419596170006631,67,bandpass
1.722411287460862e-07,7e-07,1.6813874295103034e-07,2.2e-07,2.0585733552922002e-05,0.23897683119766333,67,bandpass
1.7589020722044231e-07,7e-07,1.6813874295103034e-07,2.2e-07,2.0585733552922002e-05,0.4419596170006631,67,bandpass
1.7589020722044231e-07,7e-07,1.6813874295103034e-07,2.2e-07,2.108673858312122e-05,0.30689984492045713,67,bandpass
1.7589020722044231e-07,7e-07,1.6813874295103034e-07,2.2e-07,2.0585733552922002e-05,0.4419596170006631,67,bandpass
1.7589020722044231e-07,7e-07,1.6813874295103034e-07,2.2e-07,2.0585733552922002e-05,0.4419596170006631,67,bandpass
1.7589020722044231e-07,7e-07,1.6813874295103034e-07,2.2e-07,2.0585733552922002e-05,0.4419596170006631,67,bandpass
1.7589020722044231e-07,7e-07,1.6813874295103034e-07,2.2e-07,2.0585733552922002e-05,0.4419596170006631,67,bandpass
1.7589020722044231e-07,7e-07,1.6810571165856218e-07,2.2e-07,2.0585733552922002e-05,0.4419596170006631,67,bandpass
1.7589020722044231e-07,3.1062557884202033e-07,1.6813874295103034e-07,2.2e-07,2.0585733552922002e-05,0.2831786773399121,67,bandpass
1.7589020722044231e-07,7e-07,1.619644803340439e-07,2.2e-07,2.0585733552922002e-05,0.1727933638382376,67,bandpass
1.7589020722044231e-07,7e-07,1.6810571165856218e-07,2.2e-07,2.0585733552922002e-05,0.4419596170006631,67,bandpass
1.7589020722044231e-07,7e-07,1.6813874295103034e-07,2.2e-07,2.0585733552922002e-05,0.4419596170006631,67,bandpass
1.7589020722044231e-07,7e-07,1.6813874295103034e-07,2.2e-07,2.0585733552922002e-05,0.4419596170006631,67,bandpass
1.7589020722044231e-07,7e-07,1.6813874295103034e-07,2.2e-07,2.0606913466969003e-05,0.4419596170006631,67,bandpass
1.7589020722044231e-07,7e-07,1.6813874295103034e-07,2.2e-07,2.0585733552922002e-05,0.4419596170006631,67,bandpass
1.7589020722044231e-07,7e-07,1.6813874295103034e-07,2.2e-07,2.0585733552922002e-05,0.4419596170006631,67,bandpass
1.7589020722044231e-07,7e-07,1.6813874295103034e-07,2.2e-07,2.070605854696977e-05,0.441889419288085,67,bandpass
1.7589020722044231e-07,7e-07,1.6813874295103034e-07,2.2e-07,2.0585733552922002e-05,0.4419596170006631,67,bandpass
1.7589020722044231e-07,7e-07,1.6813874295103034e-07,2.2e-07,2.0640678242102698e-05,0.4419596170006631,67,bandpass
1.7589020722044231e-07,7e-07,1.6813874295103034e-07,2.2e-07,2.0585733552922002e-05,0.4419596170006631,67,bandpass
1.7589020722044231e-07,7e-07,1.6813874295103034e-07,2.2e-07,4.702705786668695e-05,0.29891543859631575,67,bandpass
1.7589020722044231e-07,7e-07,1.6813874295103034e-07,2.2e-07,1.2126514398869548e-05,0.22969643915291535,67,bandpass
1.7589020722044231e-07,7e-07,1.6813874295103034e-07,2.2e-07,2.0585733552922002e-05,0.4419596170006631,67,bandpass
1.7589020722044231e-07,7e-07,1.6813874295103034e-07,2.2e-07,2.0585733552922002e-05,0.4419596170006631,67,bandpass
1.7589020722044231e-07,7e-07,1.6813874295103034e-07,2.2e-07,2.0585733552922002e-05,0.4419596170006631,67,bandpass
1.7589020722044231e-07,7e-07,1.6813874295103034e-07,2.2e-07,2.0606913466969003e-05,0.4419596170006631,67,bandpass
1.7589020722044231e-07,7e-07,1.7421815385795854e-07,2.2e-07,2.0585733552922002e-05,0.23914637912126738,67,bandpass
1.7589020722044231e-07,7e-07,1.6813874295103034e-07,2.2e-07,2.0585733552922002e-05,0.4419596170006631,67,bandpass
1.7589020722044231e-07,7e-07,1.6813874295103034e-07,2.2e-07,2.0585733552922002e-05,0.4419596170006631,67,bandpass
1.7589020722044231e-07,7e-07,1.6813874295103034e-07,2.2e-07,2.0585733552922002e-05,0.4419596170006631,67,bandpass
1.7589020722044231e-07,7e-07,1.6810571165856218e-07,2.2e-07,2.0585733552922002e-05,0.4419596170006631,67,bandpass
1.70292308750711e-07,7e-07,1.6810571165856218e-07,2.2e-07,2.0585733552922002e-05,0.3932665664061317,67,bandpass
1.7589020722044231e-07,7e-07,1.6813874295103034e-07,2.2e-07,2.0606913466969003e-05,0.4419596170006631,67,bandpass
1.7589020722044231e-07,7e-07,1.6813874295103034e-07,2.2e-07,1.4754930934093984e-05,0.22291731678817872,67,bandpass
1.7589020722044231e-07,7e-07,1.6813874295103034e-07,2.2e-07,2.0585733552922002e-05,0.4419596170006631,67,bandpass
1.7589020722044231e-07,7e-07,1.6813874295103034e-07,2.2e-07,2.0585733552922002e-05,0.4419596170006631,67,bandpass
1.7589020722044231e-07,7e-07,1.6813874295103034e-07,2.2e-07,2.0585733552922002e-05,0.4419596170006631,67,bandpass
1.7589020722044231e-07,7e-07,1.6805779884154242e-07,2.2e-07,2.0585733552922002e-05,0.4419596170006631,67,bandpass
1.7589020722044231e-07,7e-07,1.6813874295103034e-07,2.2e-07,2.0585733552922002e-05,0.4419596170006631,67,bandpass
1.7589020722044231e-07,7e-07,1.6813874295103034e-07,2.2e-07,2.0585733552922002e-05,0.4419596170006631,67,bandpass
1.7589020722044231e-07,7e-07,2.3730617648253677e-07,2.2e-07,2.0606913466969003e-05,0.29999105544201654,67,bandpass
1.7589020722044231e-07,5.955360349709589e-07,1.6813874295103034e-07,2.2e-07,2.0585733552922002e-05,0.19321193985371088,67,bandpass
1.7589020722044231e-07,6.942952163658369e-07,1.6813874295103034e-07,2.2e-07,2.0585733552922002e-05,0.3356131928662203,67,bandpass
1.7589020722044231e-07,7e-07,1.6813874295103034e-07,2.2e-07,2.0585733552922002e-05,0.4419596170006631,67,bandpass
1.7589020722044231e-07,7e-07,1.6813874295103034e-07,2.2e-07,2.0606913466969003e-05,0.4419596170006631,67,bandpass
1.7589020722044231e-07,7e-07,1.6813874295103034e-07,2.2e-07,2.0585733552922002e-05,0.4419596170006631,67,bandpass
1.7589020722044231e-07,7e-07,1.6813874295103034e-07,2.2e-07,2.0585733552922002e-05,0.4419596170006631,67,bandpass
1.7589020722044231e-07,7e-07,1.6813874295103034e-07,2.2e-07,2.0585733552922002e-05,0.4419596170006631,68,bandpass
1.7589020722044231e-07,7e-07,1.6813874295103034e-07,2.2e-07,2.0606913466969003e-05,0.4419596170006631,68,bandpass
1.7589020722044231e-07,7e-07,1.6104059608122248e-07,2.2e-07,2.0585733552922002e-05,0.14773301383624377,68,bandpass
1.7589020722044231e-07,7e-07,1.6813874295103034e-07,2.2e-07,2.0585733552922002e-05,0.4419596170006631,68,bandpass
1.7589020722044231e-07,7e-07,1.4968810652360795e-07,2.2e-07,2.0585733552922002e-05,0.16865297386375452,68,bandpass
1.7589020722044231e-07,7e-07,1.6813874295103034e-07,2.2e-07,2.0585733552922002e-05,0.4419596170006631,68,bandpass
1.7589020722044231e-07,7e-07,1.6813874295103034e-07,2.2e-07,2.0585733552922002e-05,0.4419596170006631,68,bandpass
1.7589020722044231e-07,7e-07,1.6813874295103034e-07,2.2e-07,2.0585733552922002e-05,0.4419596170006631,68,bandpass
1.7589020722044231e-07,7e-07,1.6813874295103034e-07,2.2e-07,2.0585733552922002e-05,0.4419596170006631,68,bandpass
1.7589020722044231e-07,7e-07,1.6810571165856218e-07,2.2e-07,2.0585733552922002e-05,0.4419596170006631,68,bandpass
1.7589020722044231e-07,7e-07,1.6813874295103034e-07,2.2e-07,2.0640678242102698e-05,0.4419596170006631,68,bandpass
1.7589020722044231e-07,7e-07,1.6813874295103034e-07,2.2e-07,1.9553982157190054e-05,0.27850537889391164,68,bandpass
1.7589020722044231e-07,7e-07,1.6813874295103034e-07,2.2e-07,2.0585733552922002e-05,0.4419596170006631,68,bandpass
1.7589020722044231e-07,7e-07,1.6813874295103034e-07,2.2e-07,2.0585733552922002e-05,0.4419596170006631,68,bandpass
1.7589020722044231e-07,7e-07,1.6813874295103034e-07,2.2e-07,2.0585733552922002e-05,0.4419596170006631,68,bandpass
1.7589020722044231e-07,7e-07,1.6813874295103034e-07,2.2e-07,2.0585733552922002e-05,0.4419596170006631,68,bandpass
1.7589020722044231e-07,7e-07,1.6813874295103034e-07,2.2e-07,2.0585733552922002e-05,0.4419596170006631,68,bandpass
1.7589020722044231e-07,7e-07,1.6813874295103034e-07,2.2e-07,2.0585733552922002e-05,0.4419596170006631,68,bandpass
1.7589020722044231e-07,7e-07,1.6813874295103034e-07,2.2e-07,2.0585733552922002e-05,0.4419596170006631,68,bandpass
1.7589020722044231e-07,7e-07,1.6813874295103034e-07,2.2e-07,2.0585733552922002e-05,0.4419596170006631,68,bandpass
1.7589020722044231e-07,7e-07,1.6810571165856218e-07,2.2e-07,2.0585733552922002e-05,0.4419596170006631,68,bandpass
1.7589020722044231e-07,7e-07,1.6813874295103034e-07,2.2e-07,2.0585733552922002e-05,0.4419596170006631,68,bandpass
1.7589020722044231e-07,7e-07,1.6810571165856218e-07,2.2e-07,2.0585733552922002e-05,0.4419596170006631,68,bandpass
1.7589020722044231e-07,7e-07,1.6813874295103034e-07,2.2e-07,1.5806965077185935e-05,0.2774599659718438,68,bandpass
1.7589020722044231e-07,7e-07,1.6813874295103034e-07,2.2e-07,2.0585733552922002e-05,0.4419596170006631,68,bandpass
1.7589020722044231e-07,7e-07,1.6813874295103034e-07,2.2e-07,2.0585733552922002e-05,0.4419596170006631,68,bandpass
1.7589020722044231e-07,7e-07,1.6813874295103034e-07,2.2e-07,2.0585733552922002e-05,0.4419596170006631,68,bandpass
1.7589020722044231e-07,7e-07,1.6813874295103034e-07,2.2e-07,2.0585733552922002e-05,0.4419596170006631,68,bandpass
1.7589020722044231e-07,7e-07,1.6813874295103034e-07,2.2e-07,2.9959934405433646e-05,0.2995194356856801,68,bandpass
1.7589020722044231e-07,7e-07,1.6813874295103034e-07,2.2e-07,2.0585733552922002e-05,0.4419596170006631,68,bandpass
1.7589020722044231e-07,7e-07,1.6813874295103034e-07,2.2e-07,2.0585733552922002e-05,0.4419596170006631,68,bandpass
1.7589020722044231e-07,7e-07,1.6813874295103034e-07,2.2e-07,2.0585733552922002e-05,0.4419596170006631,68,bandpass
1.7589020722044231e-07,7e-07,1.6813874295103034e-07,2.2e-07,2.0640678242102698e-05,0.4419596170006631,68,bandpass
1.7589020722044231e-07,7e-07,1.6813874295103034e-07,2.2e-07,2.0585733552922002e-05,0.4419596170006631,68,bandpass
1.7589020722044231e-07,7e-07,1.6813874295103034e-07,2.2e-07,2.0585733552922002e-05,0.4419596170006631,68,bandpass
1.7589020722044231e-07,7e-07,1.6813874295103034e-07,2.2e-07,2.0585733552922002e-05,0.4419596170006631,68,bandpass
1.7589020722044231e-07,7e-07,1.6813874295103034e-07,2.2e-07,2.0585733552922002e-05,0.4419596170006631,68,bandpass
1.7589020722044231e-07,7e-07,1.6813874295103034e-07,2.2e-07,2.0682548366426265e-05,0.4419319666272849,68,bandpass
1.7589020722044231e-07,7e-07,1.6813874295103034e-07,2.2e-07,2.0585733552922002e-05,0.4419596170006631,68,bandpass
1.7589020722044231e-07,7e-07,1.6813874295103034e-07,2.2e-07,2.0640678242102698e-05,0.4419596170006631,68,bandpass
1.7589020722044231e-07,7e-07,1.6813874295103034e-07,2.2e-07,2.0585733552922002e-05,0.4419596170006631,68,bandpass
1.5170287181139335e-07,7e-07,1.6813874295103034e-07,2.2e-07,2.0585733552922002e-05,0.07387417461215819,68,bandpass
1.7589020722044231e-07,7e-07,1.6813874295103034e-07,2.2e-07,2.0585733552922002e-05,0.4419596170006631,68,bandpass
1.7589020722044231e-07,7e-07,1.6813874295103034e-07,2.2e-07,2.0585733552922002e-05,0.4419596170006631,68,bandpass
1.7589020722044231e-07,7e-07,1.6813874295103034e-07,2.2e-07,2.0585733552922002e-05,0.4419596170006631,68,bandpass
1.7589020722044231e-07,7e-07,1.6805779884154242e-07,2.2e-07,2.0585733552922002e-05,0.4419596170006631,68,bandpass
1.7589020722044231e-07,7e-07,1.6813874295103034e-07,2.2e-07,2.0585733552922002e-05,0.4419596170006631,68,bandpass
1.7589020722044231e-07,6.184774154191793e-07,1.6813874295103034e-07,2.2e-07,2.0585733552922002e-05,0.17681797756363324,68,bandpass
1.7589020722044231e-07,7e-07,1.6813874295103034e-07,2.2e-07,2.0585733552922002e-05,0.4419596170006631,68,bandpass
1.7589020722044231e-07,7e-07,1.6813874295103034e-07,2.2e-07,2.0585733552922002e-05,0.4419596170006631,68,bandpass
1.7589020722044231e-07,7e-07,1.6813874295103034e-07,2.2e-07,2.0585733552922002e-05,0.4419596170006631,69,bandpass
1.7589020722044231e-07,7e-07,1.6813874295103034e-07,2.2e-07,2.0585733552922002e-05,0.4419596170006631,69,bandpass
1.7589020722044231e-07,7e-07,1.6813874295103034e-07,2.2e-07,2.0585733552922002e-05,0.4419596170006631,69,bandpass
1.7589020722044231e-07,7e-07,1.6813874295103034e-07,2.2e-07,2.0585733552922002e-05,0.4419596170006631,69,bandpass
1.7589020722044231e-07,7e-07,1.6813874295103034e-07,2.2e-07,2.0585733552922002e-05,0.4419596170006631,69,bandpass
1.7589020722044231e-07,7e-07,1.827195400992499e-07,2.2e-07,2.0585733552922002e-05,0.20720322824643647,69,bandpass
1.7589020722044231e-07,7e-07,1.6805779884154242e-07,2.2e-07,2.0585733552922002e-05,0.4419596170006631,69,bandpass
1.7589020722044231e-07,7e-07,1.6813874295103034e-07,2.2e-07,2.0585733552922002e-05,0.4419596170006631,69,bandpass
1.7589020722044231e-07,7e-07,1.6813874295103034e-07,2.2e-07,2.0585733552922002e-05,0.4419596170006631,69,bandpass
1.7589020722044231e-07,7e-07,1.6813874295103034e-07,2.2e-07,2.0585733552922002e-05,0.4419596170006631,69,bandpass
1.7589020722044231e-07,7e-07,1.6813874295103034e-07,2.2e-07,2.0585733552922002e-05,0.4419596170006631,69,bandpass
1.7589020722044231e-07,7e-07,1.6813874295103034e-07,2.2e-07,1.2369851878478079e-05,0.3099288400802234,69,bandpass
1.7589020722044231e-07,7e-07,1.6813874295103034e-07,2.2e-07,2.0585733552922002e-05,0.4419596170006631,69,bandpass
1.7589020722044231e-07,7e-07,1.6813874295103034e-07,2.2e-07,2.0585733552922002e-05,0.4419596170006631,69,bandpass
1.7589020722044231e-07,7e-07,1.6813874295103034e-07,2.2e-07,2.0585733552922002e-05,0.4419596170006631,69,bandpass
1.7589020722044231e-07,7e-07,1.6813874295103034e-07,2.2e-07,2.0585733552922002e-05,0.4419596170006631,69,bandpass
1.7589020722044231e-07,7e-07,1.6813874295103034e-07,2.2e-07,2.0585733552922002e-05,0.4419596170006631,69,bandpass
1.7589020722044231e-07,7e-07,1.6810571165856218e-07,2.2e-07,4.4195199364362394e-05,0.37476685363096224,69,bandpass
1.7589020722044231e-07,7e-07,1.6813874295103034e-07,2.2e-07,2.0585733552922002e-05,0.4419596170006631,69,bandpass
1.2531960019630753e-07,7e-07,1.6813874295103034e-07,2.2e-07,2.0585733552922002e-05,0.20054905092422842,69,bandpass
1.7589020722044231e-07,7e-07,1.6813874295103034e-07,2.2e-07,2.0585733552922002e-05,0.4419596170006631,69,bandpass
1.7589020722044231e-07,7e-07,1.6813874295103034e-07,2.2e-07,2.0585733552922002e-05,0.4419596170006631,69,bandpass
1.7589020722044231e-07,7e-07,1.6810571165856218e-07,2.2e-07,2.0585733552922002e-05,0.4419596170006631,69,bandpass
1.7589020722044231e-07,7e-07,1.6813874295103034e-07,2.2e-07,2.0585733552922002e-05,0.4419596170006631,69,bandpass
1.7589020722044231e-07,7e-07,2.0742184527834547e-07,2.2e-07,2.0585733552922002e-05,0.1528555771275533,69,bandpass
1.7589020722044231e-07,7e-07,1.6813874295103034e-07,2.2e-07,2.0585733552922002e-05,0.4419596170006631,69,bandpass
1.7589020722044231e-07,7e-07,2.421796349380096e-07,2.2e-07,2.0585733552922002e-05,0.2999629330020328,69,bandpass
1.7589020722044231e-07,7e-07,1.6813874295103034e-07,2.2e-07,2.0585733552922002e-05,0.4419596170006631,69,bandpass
1.7589020722044231e-07,7e-07,1.6813874295103034e-07,2.2e-07,2.0585733552922002e-05,0.4419596170006631,69,bandpass
1.7589020722044231e-07,7e-07,1.6813874295103034e-07,2.2e-07,2.0585733552922002e-05,0.4419596170006631,69,bandpass
1.7589020722044231e-07,7e-07,1.6805779884154242e-07,2.2e-07,2.0585733552922002e-05,0.4419596170006631,69,bandpass
1.7589020722044231e-07,7e-07,1.6813874295103034e-07,2.2e-07,2.0585733552922002e-05,0.4419596170006631,69,bandpass
1.7589020722044231e-07,7e-07,1.6813874295103034e-07,2.2e-07,2.0585733552922002e-05,0.4419596170006631,69,bandpass
1.7589020722044231e-07,7e-07,1.6813874295103034e-07,2.2e-07,2.0585733552922002e-05,0.4419596170006631,69,bandpass
1.7615343246229622e-07,7e-07,1.6813874295103034e-07,2.2e-07,2.0585733552922002e-05,0.4419596170006631,69,bandpass
1.7589020722044231e-07,7e-07,1.6813874295103034e-07,2.2e-07,2.0585733552922002e-05,0.4419596170006631,69,bandpass
1.7589020722044231e-07,7e-07,1.6813874295103034e-07,2.2e-07,2.0585733552922002e-05,0.4419596170006631,69,bandpass
1.7589020722044231e-07,7e-07,1.6813874295103034e-07,2.2e-07,2.0585733552922002e-05,0.4419596170006631,69,bandpass
1.7589020722044231e-07,7e-07,1.6813874295103034e-07,2.2e-07,2.0585733552922002e-05,0.4419596170006631,69,bandpass
1.7589020722044231e-07,7e-07,1.6813874295103034e-07,2.2e-07,5.83564798280208e-06,0.35234510844309136,69,bandpass
1.7589020722044231e-07,7e-07,1.1918150908917982e-07,2.2e-07,2.0585733552922002e-05,0.22650636122816467,69,bandpass
1.7589020722044231e-07,7e-07,1.6813874295103034e-07,2.2e-07,2.0585733552922002e-05,0.4419596170006631,69,bandpass
1.7589020722044231e-07,7e-07,1.6813874295103034e-07,2.2e-07,3.500034243577415e-05,0.3270801824082209,69,bandpass
1.7589020722044231e-07,7e-07,1.6813874295103034e-07,2.2e-07,2.0585733552922002e-05,0.4419596170006631,69,bandpass
1.6912371528701566e-07,7e-07,1.6813874295103034e-07,2.2e-07,2.0585733552922002e-05,0.26411032424699965,69,bandpass
1.7589020722044231e-07,7e-07,1.6813874295103034e-07,2.2e-07,2.0585733552922002e-05,0.4419596170006631,69,bandpass
1.7589020722044231e-07,7e-07,1.6810571165856218e-07,2.2e-07,2.0585733552922002e-05,0.4419596170006631,69,bandpass
1.7589020722044231e-07,7e-07,1.6813874295103034e-07,2.2e-07,2.0585733552922002e-05,0.4419596170006631,69,bandpass
1.7589020722044231e-07,7e-07,1.6813874295103034e-07,2.2e-07,2.0585733552922002e-05,0.4419596170006631,69,bandpass
1.7589020722044231e-07,7e-07,1.6813874295103034e-07,2.2e-07,2.0585733552922002e-05,0.4419596170006631,69,bandpass
1.7589020722044231e-07,7e-07,1.6813874295103034e-07,2.2e-07,2.0585733552922002e-05,0.4419596170006631,70,bandpass
1.7589020722044231e-07,7e-07,1.6813874295103034e-07,2.2e-07,2.0585733552922002e-05,0.4419596170006631,70,bandpass
1.7589020722044231e-07,7e-07,1.6813874295103034e-07,2.2e-07,2.0585733552922002e-05,0.4419596170006631,70,bandpass
1.7589020722044231e-07,7e-07,1.6813874295103034e-07,2.2e-07,2.0585733552922002e-05,0.4419596170006631,70,bandpass
1.7589020722044231e-07,7e-07,1.6805779884154242e-07,2.2e-07,3.747158405326977e-05,0.387812496022675,70,bandpass
1.7589020722044231e-07,7e-07,1.635811753162395e-07,2.2e-07,2.0585733552922002e-05,0.2021009930156139,70,bandpass
1.7589020722044231e-07,7e-07,1.6813874295103034e-07,2.2e-07,2.0585733552922002e-05,0.4419596170006631,70,bandpass
1.7589020722044231e-07,7e-07,1.6813874295103034e-07,2.2e-07,2.0585733552922002e-05,0.4419596170006631,70,bandpass
1.7589020722044231e-07,7e-07,1.6813874295103034e-07,2.2e-07,2.0585733552922002e-05,0.4419596170006631,70,bandpass
1.7589020722044231e-07,7e-07,1.6813874295103034e-07,2.2e-07,2.0585733552922002e-05,0.4419596170006631,70,bandpass
1.7589020722044231e-07,7e-07,1.6805779884154242e-07,2.2e-07,2.0585733552922002e-05,0.4419596170006631,70,bandpass
1.7589020722044231e-07,7e-07,1.6813874295103034e-07,2.2e-07,2.0585733552922002e-05,0.4419596170006631,70,bandpass
1.7589020722044231e-07,7e-07,1.6805779884154242e-07,2.2e-07,2.0585733552922002e-05,0.4419596170006631,70,bandpass
1.7589020722044231e-07,7e-07,1.6805779884154242e-07,2.2e-07,2.0585733552922002e-05,0.4419596170006631,70,bandpass
1.7589020722044231e-07,7e-07,1.6813874295103034e-07,2.2e-07,2.0585733552922002e-05,0.4419596170006631,70,bandpass
1.7589020722044231e-07,7e-07,1.6813874295103034e-07,2.2e-07,2.0585733552922002e-05,0.4419596170006631,70,bandpass
1.7589020722044231e-07,7e-07,1.6813874295103034e-07,2.2e-07,2.0585733552922002e-05,0.4419596170006631,70,bandpass
1.7589020722044231e-07,7e-07,1.6805779884154242e-07,2.2e-07,2.0585733552922002e-05,0.4419596170006631,70,bandpass
1.7589020722044231e-07,7e-07,1.6813874295103034e-07,2.2e-07,2.0585733552922002e-05,0.4419596170006631,70,bandpass
1.7589020722044231e-07,7e-07,1.6813874295103034e-07,2.2e-07,2.0585733552922002e-05,0.4419596170006631,70,bandpass
1.7589020722044231e-07,7e-07,1.6384413429916069e-07,2.2e-07,2.0585733552922002e-05,0.2021009930156139,70,bandpass
1.7589020722044231e-07,7e-07,1.7224049507064534e-07,2.2e-07,2.0585733552922002e-05,0.388782901460876,70,bandpass
1.7589020722044231e-07,7e-07,1.6813874295103034e-07,2.2e-07,2.0585733552922002e-05,0.4419596170006631,70,bandpass
1.7615343246229622e-07,7e-07,1.6805779884154242e-07,2.2e-07,2.0585733552922002e-05,0.4419596170006631,70,bandpass
1.7589020722044231e-07,7e-07,1.6813874295103034e-07,2.2e-07,2.0585733552922002e-05,0.4419596170006631,70,bandpass
1.7589020722044231e-07,7e-07,1.6813874295103034e-07,2.2e-07,2.0585733552922002e-05,0.4419596170006631,70,bandpass
1.7589020722044231e-07,7e-07,1.6813874295103034e-07,2.2e-07,2.0585733552922002e-05,0.4419596170006631,70,bandpass
1.7589020722044231e-07,7e-07,1.6810571165856218e-07,2.2e-07,2.0585733552922002e-05,0.4419596170006631,70,bandpass
1.7589020722044231e-07,7e-07,1.6813874295103034e-07,2.2e-07,2.0585733552922002e-05,0.4419596170006631,70,bandpass
1.7589020722044231e-07,7e-07,1.710960336030564e-07,2.2e-07,2.0585733552922002e-05,0.37123930636108304,70,bandpass
1.7589020722044231e-07,7e-07,1.6813874295103034e-07,2.2e-07,2.0585733552922002e-05,0.4419596170006631,70,bandpass
1.7589020722044231e-07,7e-07,1.6805779884154242e-07,2.2e-07,2.0585733552922002e-05,0.4419596170006631,70,bandpass
1.7589020722044231e-07,7e-07,1.6813874295103034e-07,2.2e-07,2.0585733552922002e-05,0.4419596170006631,70,bandpass
1.9431543323338295e-07,7e-07,1.6805779884154242e-07,2.2e-07,2.0585733552922002e-05,0.2538518463002119,70,bandpass
1.7589020722044231e-07,7e-07,1.6813874295103034e-07,2.2e-07,2.0585733552922002e-05,0.4419596170006631,70,bandpass
1.7589020722044231e-07,7e-07,1.6813874295103034e-07,2.2e-07,2.0585733552922002e-05,0.4419596170006631,70,bandpass
1.7589020722044231e-07,7e-07,1.6813874295103034e-07,2.2e-07,2.0585733552922002e-05,0.4419596170006631,70,bandpass
1.7589020722044231e-07,7e-07,1.6813874295103034e-07,2.2e-07,2.0585733552922002e-05,0.4419596170006631,70,bandpass
1.7589020722044231e-07,7e-07,1.6810571165856218e-07,2.2e-07,2.0585733552922002e-05,0.4419596170006631,70,bandpass
1.7589020722044231e-07,7e-07,1.6813874295103034e-07,2.2e-07,1.987191216128251e-05,0.2573464879919993,70,bandpass
1.7589020722044231e-07,7e-07,1.6813874295103034e-07,2.2e-07,2.0585733552922002e-05,0.4419596170006631,70,bandpass
1.7589020722044231e-07,7e-07,1.6813874295103034e-07,2.2e-07,2.0585733552922002e-05,0.4419596170006631,70,bandpass
1.7589020722044231e-07,7e-07,1.6813874295103034e-07,2.2e-07,2.0585733552922002e-05,0.4419596170006631,70,bandpass
1.7589020722044231e-07,7e-07,1.6813874295103034e-07,2.2e-07,2.0585733552922002e-05,0.4419596170006631,70,bandpass
1.7589020722044231e-07,7e-07,1.6813874295103034e-07,2.2e-07,2.0585733552922002e-05,0.4419596170006631,70,bandpass
1.7589020722044231e-07,7e-07,1.6813874295103034e-07,2.2e-07,2.0585733552922002e-05,0.4419596170006631,70,bandpass
1.7589020722044231e-07,7e-07,1.6813874295103034e-07,2.2e-07,2.0585733552922002e-05,0.4419596170006631,70,bandpass
1.7589020722044231e-07,7e-07,1.6810571165856218e-07,2.2e-07,2.0585733552922002e-05,0.4419596170006631,70,bandpass
1.7589020722044231e-07,7e-07,1.6810571165856218e-07,2.2e-07,2.0585733552922002e-05,0.4419596170006631,70,bandpass
1.7589020722044231e-07,7e-07,1.6813874295103034e-07,2.2e-07,2.0585733552922002e-05,0.4419596170006631,70,bandpass
1.7589020722044231e-07,7e-07,1.6813874295103034e-07,2.2e-07,2.0585733552922002e-05,0.4419596170006631,71,bandpass
1.7589020722044231e-07,7e-07,1.6813874295103034e-07,2.2e-07,1.6944971267668908e-05,0.3025075210711838,71,bandpass
2.481544168091672e-07,7e-07,1.6810571165856218e-07,2.2e-07,2.0585733552922002e-05,0.16631671526900307,71,bandpass
1.7589020722044231e-07,7e-07,1.690135678180103e-07,2.2e-07,2.0585733552922002e-05,0.27491098679274995,71,bandpass
1.7589020722044231e-07,7e-07,1.6805779884154242e-07,2.2e-07,2.0585733552922002e-05,0.4419596170006631,71,bandpass
1.7589020722044231e-07,7e-07,1.6813874295103034e-07,2.2e-07,2.0585733552922002e-05,0.4419596170006631,71,bandpass
1.7589020722044231e-07,7e-07,1.6813874295103034e-07,2.2e-07,2.0585733552922002e-05,0.4419596170006631,71,bandpass
1.7589020722044231e-07,7e-07,1.6813874295103034e-07,2.2e-07,2.0585733552922002e-05,0.4419596170006631,71,bandpass
1.7589020722044231e-07,7e-07,1.6805779884154242e-07,2.2e-07,2.0585733552922002e-05,0.4419596170006631,71,bandpass
1.7589020722044231e-07,7e-07,1.6813874295103034e-07,2.2e-07,2.19027584308564e-05,0.2996243963303752,71,bandpass
1.7589020722044231e-07,7e-07,1.6813874295103034e-07,2.2e-07,2.0585733552922002e-05,0.4419596170006631,71,bandpass
1.7589020722044231e-07,7e-07,1.6805779884154242e-07,2.2e-07,2.0585733552922002e-05,0.4419596170006631,71,bandpass
1.7589020722044231e-07,7e-07,1.6813874295103034e-07,2.2e-07,2.0585733552922002e-05,0.4419596170006631,71,bandpass
1.7589020722044231e-07,7e-07,1.6813874295103034e-07,2.2e-07,2.0585733552922002e-05,0.4419596170006631,71,bandpass
1.7589020722044231e-07,7e-07,1.316982683195864e-07,2.2e-07,2.0585733552922002e-05,0.23461423766467365,71,bandpass
1.7589020722044231e-07,7e-07,1.6813874295103034e-07,2.2e-07,2.0585733552922002e-05,0.4419596170006631,71,bandpass
1.7589020722044231e-07,7e-07,1.7385233265302693e-07,2.2e-07,2.0585733552922002e-05,0.23991055998770539,71,bandpass
1.7589020722044231e-07,7e-07,1.6810571165856218e-07,2.2e-07,2.0585733552922002e-05,0.4419596170006631,71,bandpass
1.7589020722044231e-07,7e-07,1.6813874295103034e-07,2.2e-07,2.0585733552922002e-05,0.4419596170006631,71,bandpass
1.0233081821489388e-07,7e-07,1.6813874295103034e-07,2.2e-07,2.0585733552922002e-05,0.19211507487854168,71,bandpass
1.7589020722044231e-07,7e-07,1.6813874295103034e-07,2.2e-07,2.0585733552922002e-05,0.4419596170006631,71,bandpass
1.7589020722044231e-07,7e-07,1.6813874295103034e-07,2.2e-07,2.0585733552922002e-05,0.4419596170006631,71,bandpass
1.7589020722044231e-07,7e-07,1.6813874295103034e-07,2.2e-07,2.0585733552922002e-05,0.4419596170006631,71,bandpass
1.7589020722044231e-07,6.849508721874777e-07,1.6813874295103034e-07,2.2e-07,2.0585733552922002e-05,0.27897888991953806,71,bandpass
1.7589020722044231e-07,7e-07,1.6813874295103034e-07,2.2e-07,2.0585733552922002e-05,0.4419596170006631,71,bandpass
1.7589020722044231e-07,7e-07,1.6805779884154242e-07,2.2e-07,2.0585733552922002e-05,0.4419596170006631,71,bandpass
1.7589020722044231e-07,7e-07,1.6810571165856218e-07,2.2e-07,2.0585733552922002e-05,0.4419596170006631,71,bandpass
1.7589020722044231e-07,7e-07,1.6810571165856218e-07,2.2e-07,1.3666445835963038e-05,0.22846501690801696,71,bandpass
1.7589020722044231e-07,7e-07,1.6813874295103034e-07,2.2e-07,2.100290731310455e-05,0.30693151728644297,71,bandpass
1.7615343246229622e-07,7e-07,1.6805779884154242e-07,2.2e-07,2.0585733552922002e-05,0.4419596170006631,71,bandpass
1.7589020722044231e-07,6.689250969891099e-07,1.6813874295103034e-07,2.2e-07,2.0585733552922002e-05,0.18381448998851552,71,bandpass
1.7589020722044231e-07,7e-07,1.6813874295103034e-07,2.2e-07,2.0585733552922002e-05,0.4419596170006631,71,bandpass
1.7589020722044231e-07,7e-07,1.6813874295103034e-07,2.2e-07,2.0585733552922002e-05,0.4419596170006631,71,bandpass
1.7589020722044231e-07,7e-07,1.9432239378367457e-07,2.2e-07,2.0585733552922002e-05,0.13538459770006192,71,bandpass
1.7589020722044231e-07,7e-07,1.6813874295103034e-07,2.2e-07,2.0585733552922002e-05,0.4419596170006631,71,bandpass
1.7589020722044231e-07,7e-07,2.3961601663330353e-07,2.2e-07,2.0585733552922002e-05,0.2999656531440082,71,bandpass
1.7589020722044231e-07,7e-07,1.6813874295103034e-07,2.2e-07,2.0585733552922002e-05,0.4419596170006631,71,bandpass
1.7589020722044231e-07,7e-07,1.6805779884154242e-07,2.2e-07,2.0585733552922002e-05,0.4419596170006631,71,bandpass
1.7589020722044231e-07,7e-07,1.6813874295103034e-07,2.2e-07,2.0585733552922002e-05,0.4419596170006631,71,bandpass
1.7847112045891601e-07,7e-07,1.6813874295103034e-07,2.2e-07,2.0585733552922002e-05,0.22642524583302706,71,bandpass
1.7589020722044231e-07,7e-07,1.6813874295103034e-07,2.2e-07,2.0585733552922002e-05,0.4419596170006631,71,bandpass
1.7589020722044231e-07,7e-07,1.6813874295103034e-07,2.2e-07,2.0585733552922002e-05,0.4419596170006631,71,bandpass
1.7589020722044231e-07,7e-07,1.6813874295103034e-07,2.2e-07,2.0585733552922002e-05,0.4419596170006631,71,bandpass
1.7589020722044231e-07,7e-07,1.6813874295103034e-07,2.2e-07,2.0585733552922002e-05,0.4419596170006631,71,bandpass
1.7589020722044231e-07,7e-07,1.6813874295103034e-07,2.2e-07,2.0585733552922002e-05,0.4419596170006631,71,bandpass
1.7589020722044231e-07,7e-07,1.6813874295103034e-07,2.2e-07,2.0585733552922002e-05,0.4419596170006631,71,bandpass
1.7589020722044231e-07,7e-07,1.6813874295103034e-07,2.2e-07,2.0585733552922002e-05,0.4419596170006631,71,bandpass
1.7589020722044231e-07,7e-07,1.6813874295103034e-07,2.2e-07,2.0585733552922002e-05,0.4419596170006631,71,bandpass
1.7589020722044231e-07,7e-07,1.6805779884154242e-07,2.2e-07,2.0585733552922002e-05,0.4419596170006631,71,bandpass
1.7589020722044231e-07,7e-07,1.6813874295103034e-07,2.2e-07,2.0585733552922002e-05,0.4419596170006631,71,bandpass
1.7589020722044231e-07,7e-07,1.6813874295103034e-07,2.2e-07,2.0585733552922002e-05,0.4419596170006631,72,bandpass
1.7589020722044231e-07,7e-07,1.6813874295103034e-07,2.2e-07,2.0585733552922002e-05,0.4419596170006631,72,bandpass
1.7090285610144994e-07,7e-07,1.6813874295103034e-07,2.2e-07,2.0585733552922002e-05,0.34809053243632926,72,bandpass
1.7589020722044231e-07,7e-07,1.6810571165856218e-07,2.2e-07,2.0585733552922002e-05,0.4419596170006631,72,bandpass
1.7589020722044231e-07,7e-07,1.8882243091897928e-07,2.2e-07,2.0585733552922002e-05,0.1381862753595047,72,bandpass
1.7589020722044231e-07,7e-07,1.6813874295103034e-07,2.2e-07,2.0585733552922002e-05,0.4419596170006631,72,bandpass
1.7589020722044231e-07,7e-07,1.6813874295103034e-07,2.2e-07,2.0585733552922002e-05,0.4419596170006631,72,bandpass
1.7589020722044231e-07,7e-07,1.6810571165856218e-07,2.2e-07,2.0585733552922002e-05,0.4419596170006631,72,bandpass
1.7589020722044231e-07,7e-07,1.6813874295103034e-07,2.2e-07,2.0585733552922002e-05,0.4419596170006631,72,bandpass
1.7589020722044231e-07,7e-07,1.6813874295103034e-07,2.2e-07,2.0585733552922002e-05,0.4419596170006631,72,bandpass
1.7589020722044231e-07,7e-07,1.6813874295103034e-07,2.2e-07,2.0585733552922002e-05,0.4419596170006631,72,bandpass
1.7589020722044231e-07,7e-07,1.6813874295103034e-07,2.2e-07,2.0585733552922002e-05,0.4419596170006631,72,bandpass
1.7589020722044231e-07,7e-07,1.6813874295103034e-07,2.2e-07,2.0585733552922002e-05,0.4419596170006631,72,bandpass
1.7904406971697775e-07,7e-07,1.6813874295103034e-07,2.2e-07,2.0585733552922002e-05,0.23330980481228,72,bandpass
1.7589020722044231e-07,7e-07,1.6813874295103034e-07,2.2e-07,2.0585733552922002e-05,0.4419596170006631,72,bandpass
1.7589020722044231e-07,7e-07,1.6813874295103034e-07,2.2e-07,1.4845767575348962e-05,0.22289618450523138,72,bandpass
1.7589020722044231e-07,7e-07,1.6813874295103034e-07,2.2e-07,2.0585733552922002e-05,0.4419596170006631,72,bandpass
1.7589020722044231e-07,6.925767866846357e-07,1.6813874295103034e-07,2.2e-07,2.0585733552922002e-05,0.28661169149509236,72,bandpass
1.7589020722044231e-07,7e-07,1.6813874295103034e-07,2.2e-07,2.0585733552922002e-05,0.4419596170006631,72,bandpass
1.8106473316074962e-07,7e-07,1.6813874295103034e-07,2.2e-07,2.0585733552922002e-05,0.283033511451911,72,bandpass
1.7589020722044231e-07,7e-07,1.6813874295103034e-07,2.2e-07,2.0585733552922002e-05,0.4419596170006631,72,bandpass
1.7589020722044231e-07,7e-07,1.6805779884154242e-07,2.2e-07,2.0585733552922002e-05,0.4419596170006631,72,bandpass
1.7589020722044231e-07,7e-07,1.6813874295103034e-07,2.2e-07,2.0585733552922002e-05,0.4419596170006631,72,bandpass
2.093758401229365e-07,7e-07,1.6813874295103034e-07,2.2e-07,2.0585733552922002e-05,0.18609718443041764,72,bandpass
1.7589020722044231e-07,7e-07,1.6813874295103034e-07,2.2e-07,2.0585733552922002e-05,0.4419596170006631,72,bandpass
1.7589020722044231e-07,7e-07,1.6813874295103034e-07,2.2e-07,2.0585733552922002e-05,0.4419596170006631,72,bandpass
1.7589020722044231e-07,7e-07,1.6813874295103034e-07,2.2e-07,2.0585733552922002e-05,0.4419596170006631,72,bandpass
1.7589020722044231e-07,7e-07,1.6813874295103034e-07,2.2e-07,2.0585733552922002e-05,0.4419596170006631,72,bandpass
1.7589020722044231e-07,7e-07,1.6813874295103034e-07,2.2e-07,2.0585733552922002e-05,0.4419596170006631,72,bandpass
1.7589020722044231e-07,7e-07,1.6655708865392635e-07,2.2e-07,2.0585733552922002e-05,0.24450440812343305,72,bandpass
1.8002723196484633e-07,7e-07,1.6805779884154242e-07,2.2e-07,2.0585733552922002e-05,0.26248961310340857,72,bandpass
1.7589020722044231e-07,6.849508721874777e-07,1.6813874295103034e-07,2.2e-07,2.0585733552922002e-05,0.27897888991953806,72,bandpass
1.7615343246229622e-07,7e-07,1.6805779884154242e-07,2.2e-07,2.0585733552922002e-05,0.4419596170006631,72,bandpass
1.7876010824884988e-07,7e-07,1.6813874295103034e-07,2.2e-07,2.0585733552922002e-05,0.23330980481228,72,bandpass
1.7589020722044231e-07,7e-07,1.6813874295103034e-07,2.2e-07,2.0585733552922002e-05,0.4419596170006631,72,bandpass
1.7589020722044231e-07,7e-07,1.6810571165856218e-07,2.2e-07,2.0585733552922002e-05,0.4419596170006631,72,bandpass
1.7589020722044231e-07,7e-07,1.6813874295103034e-07,2.2e-07,2.0585733552922002e-05,0.4419596170006631,72,bandpass
1.7589020722044231e-07,7e-07,1.6813874295103034e-07,2.2e-07,2.0585733552922002e-05,0.4419596170006631,72,bandpass
1.7589020722044231e-07,7e-07,1.6813874295103034e-07,2.2e-07,2.0585733552922002e-05,0.4419596170006631,72,bandpass
1.7589020722044231e-07,7e-07,1.6805779884154242e-07,2.2e-07,2.0585733552922002e-05,0.4419596170006631,72,bandpass
1.7589020722044231e-07,7e-07,1.6805779884154242e-07,2.2e-07,2.0585733552922002e-05,0.4419596170006631,72,bandpass
1.7589020722044231e-07,7e-07,1.6813874295103034e-07,2.2e-07,2.0585733552922002e-05,0.4419596170006631,72,bandpass
1.7589020722044231e-07,7e-07,1.6813874295103034e-07,2.2e-07,2.0585733552922002e-05,0.4419596170006631,72,bandpass
1.792489822728638e-07,7e-07,1.6813874295103034e-07,2.2e-07,2.0585733552922002e-05,0.23330980481228,72,bandpass
1.7589020722044231e-07,7e-07,1.6813874295103034e-07,2.2e-07,2.0585733552922002e-05,0.4419596170006631,72,bandpass
1.7589020722044231e-07,7e-07,1.6813874295103034e-07,2.2e-07,2.0585733552922002e-05,0.4419596170006631,72,bandpass
1.7589020722044231e-07,6.953399418146623e-07,1.6810571165856218e-07,2.2e-07,2.0585733552922002e-05,0.3598883821129983,72,bandpass
1.7589020722044231e-07,7e-07,1.6805779884154242e-07,2.2e-07,2.0585733552922002e-05,0.4419596170006631,72,bandpass
1.7589020722044231e-07,7e-07,1.6813874295103034e-07,2.2e-07,2.0585733552922002e-05,0.4419596170006631,72,bandpass
1.7589020722044231e-07,7e-07,1.6813874295103034e-07,2.2e-07,2.0585733552922002e-05,0.4419596170006631,72,bandpass
1.7589020722044231e-07,7e-07,1.6813874295103034e-07,2.2e-07,2.0585733552922002e-05,0.4419596170006631,73,bandpass
1.7615343246229622e-07,6.978710759294986e-07,1.6813874295103034e-07,2.2e-07,2.0585733552922002e-05,0.39033283559918525,73,bandpass
1.7589020722044231e-07,4.154106050674646e-07,1.6810571165856218e-07,2.2e-07,2.0585733552922002e-05,0.257134496082629,73,bandpass
1.7589020722044231e-07,7e-07,1.6813874295103034e-07,2.2e-07,2.0585733552922002e-05,0.4419596170006631,73,bandpass
1.7589020722044231e-07,7e-07,1.6813874295103034e-07,2.2e-07,2.0585733552922002e-05,0.4419596170006631,73,bandpass
1.7589020722044231e-07,7e-07,1.6813874295103034e-07,2.2e-07,2.0585733552922002e-05,0.4419596170006631,73,bandpass
1.7589020722044231e-07,7e-07,1.6813874295103034e-07,2.2e-07,2.0585733552922002e-05,0.4419596170006631,73,bandpass
1.7589020722044231e-07,7e-07,1.6813874295103034e-07,2.2e-07,2.0585733552922002e-05,0.4419596170006631,73,bandpass
1.7589020722044231e-07,3.79129299378521e-07,1.6813874295103034e-07,2.2e-07,2.0585733552922002e-05,0.27301927898314277,73,bandpass
1.7589020722044231e-07,7e-07,1.6813874295103034e-07,2.2e-07,2.0585733552922002e-05,0.4419596170006631,73,bandpass
1.7589020722044231e-07,7e-07,1.6813874295103034e-07,2.2e-07,2.0585733552922002e-05,0.4419596170006631,73,bandpass
1.7589020722044231e-07,7e-07,1.6813874295103034e-07,2.2e-07,2.0585733552922002e-05,0.4419596170006631,73,bandpass
1.7589020722044231e-07,7e-07,1.6813874295103034e-07,2.2e-07,2.0585733552922002e-05,0.4419596170006631,73,bandpass
1.7589020722044231e-07,7e-07,1.6813874295103034e-07,2.2e-07,2.0585733552922002e-05,0.4419596170006631,73,bandpass
1.7589020722044231e-07,7e-07,1.6805779884154242e-07,2.2e-07,2.0585733552922002e-05,0.4419596170006631,73,bandpass
1.7589020722044231e-07,7e-07,1.6813874295103034e-07,2.2e-07,2.0585733552922002e-05,0.4419596170006631,73,bandpass
1.7589020722044231e-07,7e-07,1.6813874295103034e-07,2.2e-07,2.0585733552922002e-05,0.4419596170006631,73,bandpass
1.7589020722044231e-07,7e-07,1.6813874295103034e-07,2.2e-07,2.0585733552922002e-05,0.4419596170006631,73,bandpass
1.7589020722044231e-07,7e-07,1.6813874295103034e-07,2.2e-07,2.0585733552922002e-05,0.4419596170006631,73,bandpass
1.7589020722044231e-07,7e-07,1.6805779884154242e-07,2.2e-07,2.0585733552922002e-05,0.4419596170006631,73,bandpass
1.7589020722044231e-07,7e-07,1.6813874295103034e-07,2.2e-07,2.0585733552922002e-05,0.4419596170006631,73,bandpass
1.7589020722044231e-07,7e-07,1.6805779884154242e-07,2.2e-07,2.0585733552922002e-05,0.4419596170006631,73,bandpass
1.7589020722044231e-07,7e-07,1.6810571165856218e-07,2.2e-07,2.0585733552922002e-05,0.4419596170006631,73,bandpass
1.7589020722044231e-07,7e-07,1.6813874295103034e-07,2.2e-07,2.0585733552922002e-05,0.4419596170006631,73,bandpass
1.7589020722044231e-07,7e-07,1.6813874295103034e-07,2.2e-07,2.0585733552922002e-05,0.4419596170006631,73,bandpass
1.7589020722044231e-07,7e-07,1.6813874295103034e-07,2.2e-07,2.0585733552922002e-05,0.4419596170006631,73,bandpass
1.7589020722044231e-07,7e-07,1.6810571165856218e-07,2.2e-07,2.0585733552922002e-05,0.4419596170006631,73,bandpass
1.7589020722044231e-07,7e-07,1.6813874295103034e-07,2.2e-07,2.0585733552922002e-05,0.4419596170006631,73,bandpass
1.7615343246229622e-07,7e-07,1.6805779884154242e-07,2.2e-07,2.0585733552922002e-05,0.4419596170006631,73,bandpass
1.7589020722044231e-07,7e-07,1.6813874295103034e-07,2.2e-07,2.0585733552922002e-05,0.4419596170006631,73,bandpass
1.7589020722044231e-07,7e-07,1.6813874295103034e-07,2.2e-07,2.0585733552922002e-05,0.4419596170006631,73,bandpass
1.7589020722044231e-07,7e-07,1.6813874295103034e-07,2.2e-07,2.0585733552922002e-05,0.4419596170006631,73,bandpass
1.7589020722044231e-07,7e-07,1.6810571165856218e-07,2.2e-07,2.0585733552922002e-05,0.4419596170006631,73,bandpass
1.7589020722044231e-07,7e-07,1.6813874295103034e-07,2.2e-07,2.0585733552922002e-05,0.4419596170006631,73,bandpass
1.7589020722044231e-07,7e-07,1.6813874295103034e-07,2.2e-07,2.0585733552922002e-05,0.4419596170006631,73,bandpass
1.7589020722044231e-07,7e-07,1.6813874295103034e-07,2.2e-07,2.0585733552922002e-05,0.4419596170006631,73,bandpass
1.7589020722044231e-07,4.463616573112374e-07,1.6810571165856218e-07,2.2e-07,2.0585733552922002e-05,0.24801401497352116,73,bandpass
1.7589020722044231e-07,7e-07,1.6813874295103034e-07,2.2e-07,2.0585733552922002e-05,0.4419596170006631,73,bandpass
1.7589020722044231e-07,7e-07,1.6813874295103034e-07,2.2e-07,2.0585733552922002e-05,0.4419596170006631,73,bandpass
1.7589020722044231e-07,7e-07,1.6813874295103034e-07,2.2e-07,2.0585733552922002e-05,0.4419596170006631,73,bandpass
1.7589020722044231e-07,7e-07,1.6810571165856218e-07,2.2e-07,2.0585733552922002e-05,0.4419596170006631,73,bandpass
1.7589020722044231e-07,7e-07,1.6813874295103034e-07,2.2e-07,2.0585733552922002e-05,0.4419596170006631,73,bandpass
1.7589020722044231e-07,7e-07,1.6813874295103034e-07,2.2e-07,2.1517886323960376e-05,0.28930994022145884,73,bandpass
1.7589020722044231e-07,7e-07,1.6813874295103034e-07,2.2e-07,2.0585733552922002e-05,0.4419596170006631,73,bandpass
1.7589020722044231e-07,7e-07,1.6813874295103034e-07,2.2e-07,2.0585733552922002e-05,0.4419596170006631,73,bandpass
1.7589020722044231e-07,7e-07,1.6813874295103034e-07,2.2e-07,2.0585733552922002e-05,0.4419596170006631,73,bandpass
1.7589020722044231e-07,7e-07,1.6813874295103034e-07,2.2e-07,2.0585733552922002e-05,0.4419596170006631,73,bandpass
1.7589020722044231e-07,7e-07,1.6813874295103034e-07,2.2e-07,2.0585733552922002e-05,0.4419596170006631,73,bandpass
1.7589020722044231e-07,7e-07,1.6805779884154242e-07,2.2e-07,2.0585733552922002e-05,0.4419596170006631,73,bandpass
1.7589020722044231e-07,7e-07,1.6813874295103034e-07,2.2e-07,2.0585733552922002e-05,0.4419596170006631,73,bandpass
1.7589020722044231e-07,7e-07,1.6813874295103034e-07,2.2e-07,2.0585733552922002e-05,0.4419596170006631,74,bandpass
1.7589020722044231e-07,7e-07,1.6810571165856218e-07,2.2e-07,2.0585733552922002e-05,0.4419596170006631,74,bandpass
1.7589020722044231e-07,7e-07,1.6813874295103034e-07,2.2e-07,2.0585733552922002e-05,0.4419596170006631,74,bandpass
1.7589020722044231e-07,7e-07,1.6813874295103034e-07,2.2e-07,2.0585733552922002e-05,0.4419596170006631,74,bandpass
1.7589020722044231e-07,7e-07,1.6813874295103034e-07,2.2e-07,2.0585733552922002e-05,0.4419596170006631,74,bandpass
1.7589020722044231e-07,7e-07,1.6813874295103034e-07,2.2e-07,2.0585733552922002e-05,0.4419596170006631,74,bandpass
1.7589020722044231e-07,7e-07,1.6813874295103034e-07,2.2e-07,2.0585733552922002e-05,0.4419596170006631,74,bandpass
1.3966340418313417e-07,7e-07,1.6813874295103034e-07,2.2e-07,2.0585733552922002e-05,0.057592254147816824,74,bandpass
1.7589020722044231e-07,7e-07,1.735609456486863e-07,2.2e-07,2.0585733552922002e-05,0.24556172947171456,74,bandpass
1.7589020722044231e-07,7e-07,1.6813874295103034e-07,2.2e-07,2.0585733552922002e-05,0.4419596170006631,74,bandpass
1.7765840707298204e-07,7e-07,1.6813874295103034e-07,2.2e-07,2.0585733552922002e-05,0.2853623472668179,74,bandpass
1.7589020722044231e-07,7e-07,1.6813874295103034e-07,2.2e-07,2.0585733552922002e-05,0.4419596170006631,74,bandpass
1.7589020722044231e-07,7e-07,1.6813874295103034e-07,2.2e-07,2.0585733552922002e-05,0.4419596170006631,74,bandpass
1.7589020722044231e-07,7e-07,1.6805779884154242e-07,2.2e-07,2.0585733552922002e-05,0.4419596170006631,74,bandpass
1.7589020722044231e-07,7e-07,1.6813874295103034e-07,2.2e-07,2.0585733552922002e-05,0.4419596170006631,74,bandpass
1.7589020722044231e-07,7e-07,1.6813874295103034e-07,2.2e-07,2.0585733552922002e-05,0.4419596170006631,74,bandpass
1.7589020722044231e-07,7e-07,1.6813874295103034e-07,2.2e-07,2.0585733552922002e-05,0.4419596170006631,74,bandpass
1.7589020722044231e-07,7e-07,1.6813874295103034e-07,2.2e-07,2.0585733552922002e-05,0.4419596170006631,74,bandpass
1.7589020722044231e-07,7e-07,1.6813874295103034e-07,2.2e-07,4.1255768652114726e-05,0.3951069586433732,74,bandpass
1.7589020722044231e-07,7e-07,1.6813874295103034e-07,2.2e-07,2.0585733552922002e-05,0.4419596170006631,74,bandpass
1.7589020722044231e-07,7e-07,1.6805779884154242e-07,2.2e-07,2.0585733552922002e-05,0.4419596170006631,74,bandpass
1.7589020722044231e-07,7e-07,1.6813874295103034e-07,2.2e-07,2.0585733552922002e-05,0.4419596170006631,74,bandpass
1.7589020722044231e-07,7e-07,1.6813874295103034e-07,2.2e-07,2.0585733552922002e-05,0.4419596170006631,74,bandpass
1.7589020722044231e-07,7e-07,1.6813874295103034e-07,2.2e-07,2.0585733552922002e-05,0.4419596170006631,74,bandpass
1.7589020722044231e-07,7e-07,1.6813874295103034e-07,2.2e-07,2.0585733552922002e-05,0.4419596170006631,74,bandpass
1.7589020722044231e-07,7e-07,1.6805779884154242e-07,2.2e-07,2.0585733552922002e-05,0.4419596170006631,74,bandpass
1.7589020722044231e-07,7e-07,1.6813874295103034e-07,2.2e-07,2.0585733552922002e-05,0.4419596170006631,74,bandpass
1.7589020722044231e-07,7e-07,1.6813874295103034e-07,2.2e-07,2.0585733552922002e-05,0.4419596170006631,74,bandpass
1.7589020722044231e-07,7e-07,1.6813874295103034e-07,2.2e-07,2.0585733552922002e-05,0.4419596170006631,74,bandpass
1.7589020722044231e-07,7e-07,1.6813874295103034e-07,2.2e-07,2.0585733552922002e-05,0.4419596170006631,74,bandpass
1.7589020722044231e-07,7e-07,1.6813874295103034e-07,2.2e-07,2.0585733552922002e-05,0.4419596170006631,74,bandpass
1.7589020722044231e-07,7e-07,1.6813874295103034e-07,2.2e-07,1.185135294063649e-05,0.25404840348173413,74,bandpass
1.7589020722044231e-07,7e-07,1.6805779884154242e-07,2.2e-07,2.0585733552922002e-05,0.4419596170006631,74,bandpass
1.7615343246229622e-07,7e-07,1.6805779884154242e-07,2.2e-07,2.0585733552922002e-05,0.4419596170006631,74,bandpass
1.7589020722044231e-07,7e-07,1.6813874295103034e-07,2.2e-07,2.0585733552922002e-05,0.4419596170006631,74,bandpass
1.7589020722044231e-07,7e-07,1.701384103501905e-07,2.2e-07,2.0585733552922002e-05,0.24983736291220257,74,bandpass
1.7589020722044231e-07,7e-07,1.6813874295103034e-07,2.2e-07,2.0585733552922002e-05,0.4419596170006631,74,bandpass
1.7589020722044231e-07,7e-07,1.6813874295103034e-07,2.2e-07,2.0585733552922002e-05,0.4419596170006631,74,bandpass
1.7589020722044231e-07,7e-07,1.6892278972377492e-07,2.2e-07,2.0585733552922002e-05,0.2743246130934705,74,bandpass
1.7589020722044231e-07,7e-07,1.6813874295103034e-07,2.2e-07,2.0585733552922002e-05,0.4419596170006631,74,bandpass
1.7589020722044231e-07,7e-07,1.6813874295103034e-07,2.2e-07,2.0585733552922002e-05,0.4419596170006631,74,bandpass
1.7589020722044231e-07,7e-07,1.6813874295103034e-07,2.2e-07,2.0585733552922002e-05,0.4419596170006631,74,bandpass
1.7589020722044231e-07,7e-07,1.6805779884154242e-07,2.2e-07,2.0585733552922002e-05,0.4419596170006631,74,bandpass
1.7589020722044231e-07,7e-07,1.6813874295103034e-07,2.2e-07,2.0585733552922002e-05,0.4419596170006631,74,bandpass
1.7589020722044231e-07,7e-07,1.6813874295103034e-07,2.2e-07,2.0585733552922002e-05,0.4419596170006631,74,bandpass
1.7589020722044231e-07,7e-07,1.6813874295103034e-07,2.2e-07,2.0585733552922002e-05,0.4419596170006631,74,bandpass
1.7589020722044231e-07,7e-07,1.6813874295103034e-07,2.2e-07,2.0585733552922002e-05,0.4419596170006631,74,bandpass
1.7589020722044231e-07,7e-07,1.6813874295103034e-07,2.2e-07,2.0585733552922002e-05,0.4419596170006631,74,bandpass
1.7589020722044231e-07,7e-07,1.6813874295103034e-07,2.2e-07,2.0585733552922002e-05,0.4419596170006631,74,bandpass
1.7589020722044231e-07,7e-07,1.6813874295103034e-07,2.2e-07,2.0585733552922002e-05,0.4419596170006631,74,bandpass
1.7589020722044231e-07,7e-07,1.6813874295103034e-07,2.2e-07,2.0585733552922002e-05,0.4419596170006631,75,bandpass
1.7589020722044231e-07,7e-07,1.6805779884154242e-07,2.2e-07,2.0585733552922002e-05,0.4419596170006631,75,bandpass
1.7589020722044231e-07,7e-07,1.6813874295103034e-07,2.2e-07,2.0585733552922002e-05,0.4419596170006631,75,bandpass
1.7589020722044231e-07,7e-07,1.6813874295103034e-07,2.2e-07,2.0585733552922002e-05,0.4419596170006631,75,bandpass
1.7615343246229622e-07,7e-07,1.6805779884154242e-07,2.2e-07,2.0585733552922002e-05,0.4419596170006631,75,bandpass
1.7589020722044231e-07,7e-07,1.6813874295103034e-07,2.2e-07,1.994125758865646e-05,0.25732654167523666,75,bandpass
1.7589020722044231e-07,7e-07,1.6813874295103034e-07,2.2e-07,2.0585733552922002e-05,0.4419596170006631,75,bandpass
1.7589020722044231e-07,7e-07,1.6813874295103034e-07,2.2e-07,2.0585733552922002e-05,0.4419596170006631,75,bandpass
1.7589020722044231e-07,7e-07,1.6813874295103034e-07,2.2e-07,2.0585733552922002e-05,0.4419596170006631,75,bandpass
1.7589020722044231e-07,7e-07,1.6813874295103034e-07,2.2e-07,2.0585733552922002e-05,0.4419596170006631,75,bandpass
1.7589020722044231e-07,7e-07,1.6813874295103034e-07,2.2e-07,2.0585733552922002e-05,0.4419596170006631,75,bandpass
1.7589020722044231e-07,7e-07,1.6813874295103034e-07,2.2e-07,2.0585733552922002e-05,0.4419596170006631,75,bandpass
1.7589020722044231e-07,7e-07,1.6813874295103034e-07,2.2e-07,2.0585733552922002e-05,0.4419596170006631,75,bandpass
1.7589020722044231e-07,7e-07,1.6813874295103034e-07,2.2e-07,2.0585733552922002e-05,0.4419596170006631,75,bandpass
1.7589020722044231e-07,7e-07,1.6805779884154242e-07,2.2e-07,2.0585733552922002e-05,0.4419596170006631,75,bandpass
1.7589020722044231e-07,7e-07,1.6813874295103034e-07,2.2e-07,2.0585733552922002e-05,0.4419596170006631,75,bandpass
1.7589020722044231e-07,7e-07,1.6813874295103034e-07,2.2e-07,2.0585733552922002e-05,0.4419596170006631,75,bandpass
1.7589020722044231e-07,7e-07,1.6813874295103034e-07,2.2e-07,2.0585733552922002e-05,0.4419596170006631,75,bandpass
1.7589020722044231e-07,7e-07,1.6813874295103034e-07,2.2e-07,2.0585733552922002e-05,0.4419596170006631,75,bandpass
1.7589020722044231e-07,7e-07,1.6813874295103034e-07,2.2e-07,1.9838119679222352e-05,0.25732398871613726,75,bandpass
1.7589020722044231e-07,7e-07,1.6805779884154242e-07,2.2e-07,2.0585733552922002e-05,0.4419596170006631,75,bandpass
1.7589020722044231e-07,7e-07,1.6813874295103034e-07,2.2e-07,2.0585733552922002e-05,0.4419596170006631,75,bandpass
1.7589020722044231e-07,7e-07,1.6813874295103034e-07,2.2e-07,2.0585733552922002e-05,0.4419596170006631,75,bandpass
1.7589020722044231e-07,7e-07,1.6813874295103034e-07,2.2e-07,2.0585733552922002e-05,0.4419596170006631,75,bandpass
1.7589020722044231e-07,7e-07,1.6813874295103034e-07,2.2e-07,2.0585733552922002e-05,0.4419596170006631,75,bandpass
1.7589020722044231e-07,7e-07,1.6813874295103034e-07,2.2e-07,2.0585733552922002e-05,0.4419596170006631,75,bandpass
1.7589020722044231e-07,7e-07,1.6813874295103034e-07,2.2e-07,2.0585733552922002e-05,0.4419596170006631,75,bandpass
1.7589020722044231e-07,7e-07,1.6813874295103034e-07,2.2e-07,2.0585733552922002e-05,0.4419596170006631,75,bandpass
1.7615343246229622e-07,7e-07,1.6805779884154242e-07,2.2e-07,2.0585733552922002e-05,0.4419596170006631,75,bandpass
1.7589020722044231e-07,7e-07,1.6805779884154242e-07,2.2e-07,2.0585733552922002e-05,0.4419596170006631,75,bandpass
1.7589020722044231e-07,7e-07,1.6813874295103034e-07,2.2e-07,2.0585733552922002e-05,0.4419596170006631,75,bandpass
1.7589020722044231e-07,7e-07,1.6813874295103034e-07,2.2e-07,2.0585733552922002e-05,0.4419596170006631,75,bandpass
1.7589020722044231e-07,7e-07,1.6813874295103034e-07,2.2e-07,2.0585733552922002e-05,0.4419596170006631,75,bandpass
1.7589020722044231e-07,7e-07,1.6813874295103034e-07,2.2e-07,2.0585733552922002e-05,0.4419596170006631,75,bandpass
1.7589020722044231e-07,7e-07,1.6813874295103034e-07,2.2e-07,2.0585733552922002e-05,0.4419596170006631,75,bandpass
1.7589020722044231e-07,7e-07,1.6813874295103034e-07,2.2e-07,2.0585733552922002e-05,0.4419596170006631,75,bandpass
1.7589020722044231e-07,7e-07,1.6813874295103034e-07,2.2e-07,2.0585733552922002e-05,0.4419596170006631,75,bandpass
1.7589020722044231e-07,7e-07,1.6813874295103034e-07,2.2e-07,2.0585733552922002e-05,0.4419596170006631,75,bandpass
1.7589020722044231e-07,7e-07,1.6813874295103034e-07,2.2e-07,2.0585733552922002e-05,0.4419596170006631,75,bandpass
1.7589020722044231e-07,7e-07,1.6813874295103034e-07,2.2e-07,2.0585733552922002e-05,0.4419596170006631,75,bandpass
1.7589020722044231e-07,7e-07,1.6805779884154242e-07,2.2e-07,2.0585733552922002e-05,0.4419596170006631,75,bandpass
1.7589020722044231e-07,7e-07,1.6813874295103034e-07,2.2e-07,2.0585733552922002e-05,0.4419596170006631,75,bandpass
1.7589020722044231e-07,7e-07,1.6805779884154242e-07,2.2e-07,2.0585733552922002e-05,0.4419596170006631,75,bandpass
1.7589020722044231e-07,7e-07,1.6813874295103034e-07,2.2e-07,2.0585733552922002e-05,0.4419596170006631,75,bandpass
1.7589020722044231e-07,7e-07,1.6813874295103034e-07,2.2e-07,2.0585733552922002e-05,0.4419596170006631,75,bandpass
1.7589020722044231e-07,7e-07,1.6805779884154242e-07,2.2e-07,2.0585733552922002e-05,0.4419596170006631,75,bandpass
1.7589020722044231e-07,7e-07,1.6805779884154242e-07,2.2e-07,2.0585733552922002e-05,0.4419596170006631,75,bandpass
1.7589020722044231e-07,7e-07,1.6805779884154242e-07,2.2e-07,2.0585733552922002e-05,0.4419596170006631,75,bandpass
1.7589020722044231e-07,7e-07,1.6813874295103034e-07,2.2e-07,2.0585733552922002e-05,0.4419596170006631,75,bandpass
1.7589020722044231e-07,7e-07,1.6813874295103034e-07,2.2e-07,2.0585733552922002e-05,0.4419596170006631,75,bandpass
1.7589020722044231e-07,7e-07,1.6813874295103034e-07,2.2e-07,2.0585733552922002e-05,0.4405045828232361,76,bandpass
1.7589020722044231e-07,7e-07,1.6813874295103034e-07,2.2e-07,2.0585733552922002e-05,0.4405045828232361,76,bandpass
1.7589020722044231e-07,7e-07,1.6813874295103034e-07,2.2e-07,2.0585733552922002e-05,0.4405045828232361,76,bandpass
1.7589020722044231e-07,7e-07,1.730716190601381e-07,2.2e-07,2.0585733552922002e-05,0.25891846557770687,76,bandpass
1.7589020722044231e-07,7e-07,1.6813874295103034e-07,2.2e-07,2.0585733552922002e-05,0.4405045828232361,76,bandpass
1.7589020722044231e-07,7e-07,1.6813874295103034e-07,2.2e-07,2.0585733552922002e-05,0.4405045828232361,76,bandpass
1.7589020722044231e-07,7e-07,1.6805779884154242e-07,2.2e-07,2.0585733552922002e-05,0.4405045828232361,76,bandpass
1.7589020722044231e-07,7e-07,1.6805779884154242e-07,2.2e-07,2.0585733552922002e-05,0.4405045828232361,76,bandpass
1.7589020722044231e-07,7e-07,1.6805779884154242e-07,2.2e-07,2.0585733552922002e-05,0.4405045828232361,76,bandpass
1.7589020722044231e-07,7e-07,1.6813874295103034e-07,2.2e-07,2.0585733552922002e-05,0.4405045828232361,76,bandpass
1.686952350340297e-07,7e-07,1.6805779884154242e-07,2.2e-07,2.0585733552922002e-05,0.21455834854133554,76,bandpass
1.7589020722044231e-07,7e-07,1.6805779884154242e-07,2.2e-07,2.0585733552922002e-05,0.4405045828232361,76,bandpass
1.7589020722044231e-07,7e-07,1.6813874295103034e-07,2.2e-07,2.0585733552922002e-05,0.4405045828232361,76,bandpass
1.7589020722044231e-07,7e-07,1.6813874295103034e-07,2.2e-07,2.0585733552922002e-05,0.4405045828232361,76,bandpass
1.7589020722044231e-07,7e-07,1.6813874295103034e-07,2.2e-07,2.0585733552922002e-05,0.4405045828232361,76,bandpass
1.7589020722044231e-07,7e-07,1.6805779884154242e-07,2.2e-07,2.0585733552922002e-05,0.4405045828232361,76,bandpass
1.7589020722044231e-07,7e-07,1.6813874295103034e-07,2.2e-07,2.0585733552922002e-05,0.4405045828232361,76,bandpass
1.7589020722044231e-07,7e-07,1.6805779884154242e-07,2.2e-07,2.0585733552922002e-05,0.4405045828232361,76,bandpass
1.7589020722044231e-07,7e-07,1.6813874295103034e-07,2.2e-07,2.0585733552922002e-05,0.4405045828232361,76,bandpass
1.7589020722044231e-07,7e-07,1.6813874295103034e-07,2.2e-07,2.0585733552922002e-05,0.4405045828232361,76,bandpass
1.7615343246229622e-07,7e-07,1.6813874295103034e-07,2.2e-07,2.0585733552922002e-05,0.4405045828232361,76,bandpass
1.7589020722044231e-07,7e-07,1.6813874295103034e-07,2.2e-07,2.0585733552922002e-05,0.4405045828232361,76,bandpass
1.7589020722044231e-07,6.819838630493699e-07,1.6813874295103034e-07,2.2e-07,2.0585733552922002e-05,0.30887556306513797,76,bandpass
1.7615343246229622e-07,6.855670311872309e-07,1.6813874295103034e-07,2.2e-07,2.0585733552922002e-05,0.25935674819916277,76,bandpass
1.7589020722044231e-07,7e-07,1.6813874295103034e-07,2.2e-07,2.0585733552922002e-05,0.4405045828232361,76,bandpass
1.7589020722044231e-07,7e-07,1.6805779884154242e-07,2.2e-07,2.0585733552922002e-05,0.4405045828232361,76,bandpass
1.7589020722044231e-07,7e-07,1.6813874295103034e-07,2.2e-07,2.0585733552922002e-05,0.4405045828232361,76,bandpass
1.7589020722044231e-07,7e-07,1.6813874295103034e-07,2.2e-07,2.0585733552922002e-05,0.4405045828232361,76,bandpass
1.7589020722044231e-07,7e-07,1.715565230993087e-07,2.2e-07,2.0585733552922002e-05,0.37207262062664237,76,bandpass
1.7589020722044231e-07,7e-07,1.6813874295103034e-07,2.2e-07,2.0585733552922002e-05,0.4405045828232361,76,bandpass
1.7589020722044231e-07,7e-07,1.6813874295103034e-07,2.2e-07,2.0585733552922002e-05,0.4405045828232361,76,bandpass
1.7589020722044231e-07,7e-07,1.6813874295103034e-07,2.2e-07,2.0585733552922002e-05,0.4405045828232361,76,bandpass
1.7589020722044231e-07,7e-07,1.6813874295103034e-07,2.2e-07,2.0585733552922002e-05,0.4405045828232361,76,bandpass
1.7589020722044231e-07,7e-07,1.6813874295103034e-07,2.2e-07,2.0585733552922002e-05,0.4405045828232361,76,bandpass
1.7589020722044231e-07,7e-07,1.6813874295103034e-07,2.2e-07,2.0585733552922002e-05,0.4405045828232361,76,bandpass
1.7589020722044231e-07,7e-07,1.6813874295103034e-07,2.2e-07,2.0585733552922002e-05,0.4405045828232361,76,bandpass
1.7589020722044231e-07,7e-07,1.6813874295103034e-07,2.2e-07,2.0585733552922002e-05,0.4405045828232361,76,bandpass
1.7589020722044231e-07,7e-07,1.6813874295103034e-07,2.2e-07,2.0585733552922002e-05,0.4405045828232361,76,bandpass
1.7589020722044231e-07,7e-07,1.6813874295103034e-07,2.2e-07,2.0585733552922002e-05,0.4405045828232361,76,bandpass
1.7589020722044231e-07,7e-07,1.6813874295103034e-07,2.2e-07,2.0585733552922002e-05,0.4405045828232361,76,bandpass
1.7589020722044231e-07,7e-07,1.6813874295103034e-07,2.2e-07,2.0585733552922002e-05,0.4405045828232361,76,bandpass
1.7589020722044231e-07,7e-07,1.6813874295103034e-07,2.2e-07,2.0585733552922002e-05,0.4405045828232361,76,bandpass
1.7589020722044231e-07,7e-07,1.6813874295103034e-07,2.2e-07,2.0585733552922002e-05,0.4405045828232361,76,bandpass
1.7589020722044231e-07,7e-07,1.6813874295103034e-07,2.2e-07,2.0585733552922002e-05,0.4405045828232361,76,bandpass
1.7589020722044231e-07,7e-07,1.6805779884154242e-07,2.2e-07,2.0585733552922002e-05,0.4405045828232361,76,bandpass
1.7615343246229622e-07,7e-07,1.6805779884154242e-07,2.2e-07,2.0585733552922002e-05,0.4405045828232361,76,bandpass
1.7589020722044231e-07,7e-07,1.6813874295103034e-07,2.2e-07,2.0585733552922002e-05,0.4405045828232361,76,bandpass
1.7589020722044231e-07,7e-07,1.6813874295103034e-07,2.2e-07,2.0585733552922002e-05,0.4405045828232361,76,bandpass
1.7589020722044231e-07,7e-07,1.6813874295103034e-07,2.2e-07,2.0585733552922002e-05,0.4405045828232361,76,bandpass
1.7589020722044231e-07,7e-07,1.6805779884154242e-07,2.2e-07,2.0585733552922002e-05,0.4405045828232361,76,bandpass
1.7589020722044231e-07,7e-07,1.6813874295103034e-07,2.2e-07,2.0585733552922002e-05,0.4419596170006631,77,bandpass
1.7589020722044231e-07,7e-07,1.6813874295103034e-07,2.2e-07,2.0585733552922002e-05,0.4419596170006631,77,bandpass
1.7589020722044231e-07,7e-07,1.6813874295103034e-07,2.2e-07,2.0585733552922002e-05,0.4419596170006631,77,bandpass
1.7589020722044231e-07,7e-07,1.6813874295103034e-07,2.2e-07,2.0585733552922002e-05,0.4419596170006631,77,bandpass
1.7589020722044231e-07,7e-07,1.6805779884154242e-07,2.2e-07,2.0585733552922002e-05,0.4419596170006631,77,bandpass
1.7589020722044231e-07,7e-07,1.6813874295103034e-07,2.2e-07,2.0585733552922002e-05,0.4419596170006631,77,bandpass
1.7589020722044231e-07,7e-07,1.6813874295103034e-07,2.2e-07,2.0585733552922002e-05,0.4419596170006631,77,bandpass
1.687897638783999e-07,7e-07,1.6813874295103034e-07,2.2e-07,2.0585733552922002e-05,0.21448436359427003,77,bandpass
1.7589020722044231e-07,7e-07,1.6813874295103034e-07,2.2e-07,2.0585733552922002e-05,0.4419596170006631,77,bandpass
1.7589020722044231e-07,7e-07,1.6813874295103034e-07,2.2e-07,2.0585733552922002e-05,0.4419596170006631,77,bandpass
1.7589020722044231e-07,7e-07,1.6813874295103034e-07,2.2e-07,2.0585733552922002e-05,0.4419596170006631,77,bandpass
1.7589020722044231e-07,7e-07,1.6813874295103034e-07,2.2e-07,2.0585733552922002e-05,0.4419596170006631,77,bandpass
1.7589020722044231e-07,7e-07,1.6813874295103034e-07,2.2e-07,2.0585733552922002e-05,0.4419596170006631,77,bandpass
1.7589020722044231e-07,7e-07,1.6813874295103034e-07,2.2e-07,2.0585733552922002e-05,0.4419596170006631,77,bandpass
1.7589020722044231e-07,7e-07,1.6813874295103034e-07,2.2e-07,2.0585733552922002e-05,0.4419596170006631,77,bandpass
1.7589020722044231e-07,7e-07,1.6813874295103034e-07,2.2e-07,2.0585733552922002e-05,0.4419596170006631,77,bandpass
1.7589020722044231e-07,7e-07,1.6813874295103034e-07,2.2e-07,2.0585733552922002e-05,0.4419596170006631,77,bandpass
1.7589020722044231e-07,7e-07,1.6813874295103034e-07,2.2e-07,2.0585733552922002e-05,0.4419596170006631,77,bandpass
1.7589020722044231e-07,7e-07,1.6813874295103034e-07,2.2e-07,2.0585733552922002e-05,0.4419596170006631,77,bandpass
1.7589020722044231e-07,7e-07,1.6813874295103034e-07,2.2e-07,2.0585733552922002e-05,0.4419596170006631,77,bandpass
1.7589020722044231e-07,7e-07,1.6813874295103034e-07,2.2e-07,2.0585733552922002e-05,0.4419596170006631,77,bandpass
1.68319323520445e-07,7e-07,1.6813874295103034e-07,2.2e-07,2.0585733552922002e-05,0.2149054843395051,77,bandpass
1.7589020722044231e-07,7e-07,1.6813874295103034e-07,2.2e-07,2.0585733552922002e-05,0.4419596170006631,77,bandpass
1.7589020722044231e-07,7e-07,1.6813874295103034e-07,2.2e-07,2.0585733552922002e-05,0.4419596170006631,77,bandpass
1.7589020722044231e-07,7e-07,1.6813874295103034e-07,2.2e-07,2.0585733552922002e-05,0.4419596170006631,77,bandpass
1.7589020722044231e-07,7e-07,1.6813874295103034e-07,2.2e-07,2.0585733552922002e-05,0.4419596170006631,77,bandpass
1.7589020722044231e-07,7e-07,1.6805779884154242e-07,2.2e-07,2.0585733552922002e-05,0.4419596170006631,77,bandpass
1.7922649353771526e-07,7e-07,1.6813874295103034e-07,2.2e-07,2.0585733552922002e-05,0.23281306617544045,77,bandpass
1.7589020722044231e-07,7e-07,1.6813874295103034e-07,2.2e-07,2.0585733552922002e-05,0.4419596170006631,77,bandpass
1.7589020722044231e-07,7e-07,1.6813874295103034e-07,2.2e-07,3.072730147403714e-05,0.3274627081664878,77,bandpass
1.7589020722044231e-07,7e-07,1.6813874295103034e-07,2.2e-07,2.0585733552922002e-05,0.4419596170006631,77,bandpass
1.7589020722044231e-07,7e-07,1.6813874295103034e-07,2.2e-07,2.0585733552922002e-05,0.4419596170006631,77,bandpass
1.7589020722044231e-07,7e-07,1.6813874295103034e-07,2.2e-07,2.0585733552922002e-05,0.4419596170006631,77,bandpass
1.7589020722044231e-07,7e-07,1.6805779884154242e-07,2.2e-07,2.0585733552922002e-05,0.4419596170006631,77,bandpass
1.7589020722044231e-07,7e-07,1.4536775377261767e-07,2.2e-07,2.0585733552922002e-05,0.20812831635300777,77,bandpass
1.7589020722044231e-07,7e-07,1.6813874295103034e-07,2.2e-07,2.0585733552922002e-05,0.4419596170006631,77,bandpass
1.7589020722044231e-07,7e-07,1.6805779884154242e-07,2.2e-07,2.0585733552922002e-05,0.4419596170006631,77,bandpass
1.7589020722044231e-07,7e-07,1.6805779884154242e-07,2.2e-07,2.0585733552922002e-05,0.4419596170006631,77,bandpass
1.7589020722044231e-07,7e-07,1.6805779884154242e-07,2.2e-07,2.0585733552922002e-05,0.4419596170006631,77,bandpass
1.7589020722044231e-07,7e-07,1.6813874295103034e-07,2.2e-07,2.0585733552922002e-05,0.4419596170006631,77,bandpass
1.7589020722044231e-07,7e-07,1.6813874295103034e-07,2.2e-07,2.0585733552922002e-05,0.4419596170006631,77,bandpass
1.7589020722044231e-07,7e-07,1.6813874295103034e-07,2.2e-07,2.0585733552922002e-05,0.4419596170006631,77,bandpass
1.7589020722044231e-07,7e-07,1.6805779884154242e-07,2.2e-07,2.0585733552922002e-05,0.4419596170006631,77,bandpass
1.7589020722044231e-07,7e-07,1.6805779884154242e-07,2.2e-07,2.0585733552922002e-05,0.4419596170006631,77,bandpass
1.7589020722044231e-07,7e-07,1.6805779884154242e-07,2.2e-07,2.0585733552922002e-05,0.4419596170006631,77,bandpass
1.7589020722044231e-07,7e-07,1.6813874295103034e-07,2.2e-07,2.0585733552922002e-05,0.4419596170006631,77,bandpass
1.7589020722044231e-07,7e-07,1.6813874295103034e-07,2.2e-07,2.0585733552922002e-05,0.4419596170006631,77,bandpass
1.7589020722044231e-07,7e-07,1.6813874295103034e-07,2.2e-07,2.0585733552922002e-05,0.4419596170006631,77,bandpass
1.7589020722044231e-07,7e-07,1.6813874295103034e-07,2.2e-07,2.0585733552922002e-05,0.4419596170006631,77,bandpass
1.7589020722044231e-07,7e-07,1.6813874295103034e-07,2.2e-07,2.0585733552922002e-05,0.4419596170006631,77,bandpass
1.7589020722044231e-07,7e-07,1.6813874295103034e-07,2.2e-07,2.0585733552922002e-05,0.4419596170006631,78,bandpass
1.7589020722044231e-07,7e-07,1.6813874295103034e-07,2.2e-07,2.0585733552922002e-05,0.4419596170006631,78,bandpass
1.7589020722044231e-07,7e-07,1.6813874295103034e-07,2.2e-07,2.0585733552922002e-05,0.4419596170006631,78,bandpass
1.7589020722044231e-07,7e-07,1.6813874295103034e-07,2.2e-07,2.0585733552922002e-05,0.4419596170006631,78,bandpass
1.7589020722044231e-07,7e-07,1.6813874295103034e-07,2.2e-07,2.04244982913496e-05,0.31845644668876777,78,bandpass
1.7589020722044231e-07,7e-07,1.6813874295103034e-07,2.2e-07,2.0585733552922002e-05,0.4419596170006631,78,bandpass
1.7589020722044231e-07,7e-07,1.6813874295103034e-07,2.2e-07,2.0585733552922002e-05,0.4419596170006631,78,bandpass
1.7589020722044231e-07,7e-07,1.6805779884154242e-07,2.2e-07,2.0585733552922002e-05,0.4419596170006631,78,bandpass
1.7589020722044231e-07,7e-07,1.6813874295103034e-07,2.2e-07,2.0585733552922002e-05,0.4419596170006631,78,bandpass
1.7589020722044231e-07,7e-07,1.6813874295103034e-07,2.2e-07,2.0585733552922002e-05,0.4419596170006631,78,bandpass
1.7589020722044231e-07,7e-07,1.6813874295103034e-07,2.2e-07,2.0585733552922002e-05,0.4419596170006631,78,bandpass
1.7589020722044231e-07,7e-07,1.3787945643657237e-07,2.2e-07,2.0585733552922002e-05,0.21734300435766515,78,bandpass
1.7589020722044231e-07,7e-07,1.6813874295103034e-07,2.2e-07,5.054017386032768e-06,0.25118537754522136,78,bandpass
1.7589020722044231e-07,7e-07,1.6813874295103034e-07,2.2e-07,2.0585733552922002e-05,0.4419596170006631,78,bandpass
1.7589020722044231e-07,7e-07,1.6813874295103034e-07,2.2e-07,2.0585733552922002e-05,0.4419596170006631,78,bandpass
1.7589020722044231e-07,7e-07,1.6805779884154242e-07,2.2e-07,2.0585733552922002e-05,0.4419596170006631,78,bandpass
1.7589020722044231e-07,7e-07,1.6813874295103034e-07,2.2e-07,2.0585733552922002e-05,0.4419596170006631,78,bandpass
1.7589020722044231e-07,7e-07,1.6813874295103034e-07,2.2e-07,2.0585733552922002e-05,0.4419596170006631,78,bandpass
1.7589020722044231e-07,7e-07,1.6805779884154242e-07,2.2e-07,2.0585733552922002e-05,0.4419596170006631,78,bandpass
1.7589020722044231e-07,7e-07,1.6805779884154242e-07,2.2e-07,2.0585733552922002e-05,0.4419596170006631,78,bandpass
1.7589020722044231e-07,7e-07,1.6813874295103034e-07,2.2e-07,2.0585733552922002e-05,0.4419596170006631,78,bandpass
1.7589020722044231e-07,7e-07,1.6813874295103034e-07,2.2e-07,2.0585733552922002e-05,0.4419596170006631,78,bandpass
1.7589020722044231e-07,7e-07,1.6813874295103034e-07,2.2e-07,2.0585733552922002e-05,0.4419596170006631,78,bandpass
1.7589020722044231e-07,7e-07,1.6813874295103034e-07,2.2e-07,2.0585733552922002e-05,0.4419596170006631,78,bandpass
1.7589020722044231e-07,7e-07,1.6813874295103034e-07,2.2e-07,2.0585733552922002e-05,0.4419596170006631,78,bandpass
1.7589020722044231e-07,7e-07,1.6813874295103034e-07,2.2e-07,2.0585733552922002e-05,0.4419596170006631,78,bandpass
1.7589020722044231e-07,7e-07,1.6813874295103034e-07,2.2e-07,2.0585733552922002e-05,0.4419596170006631,78,bandpass
1.7589020722044231e-07,7e-07,1.6348235269748895e-07,2.2e-07,2.0585733552922002e-05,0.19906248252193118,78,bandpass
1.7589020722044231e-07,7e-07,1.6813874295103034e-07,2.2e-07,1.99448853525581e-05,0.2573298173709264,78,bandpass
1.7589020722044231e-07,7e-07,1.6805779884154242e-07,2.2e-07,2.0585733552922002e-05,0.4419596170006631,78,bandpass
1.7589020722044231e-07,7e-07,1.6813874295103034e-07,2.2e-07,2.0585733552922002e-05,0.4419596170006631,78,bandpass
1.7589020722044231e-07,7e-07,1.6813874295103034e-07,2.2e-07,2.0585733552922002e-05,0.4419596170006631,78,bandpass
1.7589020722044231e-07,7e-07,1.6813874295103034e-07,2.2e-07,2.0585733552922002e-05,0.4419596170006631,78,bandpass
1.7589020722044231e-07,7e-07,1.6813874295103034e-07,2.2e-07,2.0585733552922002e-05,0.4419596170006631,78,bandpass
1.7589020722044231e-07,7e-07,1.6813874295103034e-07,2.2e-07,2.0585733552922002e-05,0.4419596170006631,78,bandpass
1.7589020722044231e-07,7e-07,1.6813874295103034e-07,2.2e-07,2.0585733552922002e-05,0.4419596170006631,78,bandpass
1.7589020722044231e-07,7e-07,1.6813874295103034e-07,2.2e-07,2.0585733552922002e-05,0.4419596170006631,78,bandpass
1.7589020722044231e-07,7e-07,1.6813874295103034e-07,2.2e-07,2.0585733552922002e-05,0.4419596170006631,78,bandpass
1.7589020722044231e-07,4.850342482335356e-07,1.6813874295103034e-07,2.2e-07,2.0585733552922002e-05,0.2557446906223112,78,bandpass
1.7589020722044231e-07,7e-07,1.6813874295103034e-07,2.2e-07,2.0585733552922002e-05,0.4419596170006631,78,bandpass
1.7589020722044231e-07,7e-07,1.6813874295103034e-07,2.2e-07,2.0585733552922002e-05,0.4419596170006631,78,bandpass
1.7589020722044231e-07,7e-07,1.6813874295103034e-07,2.2e-07,2.0585733552922002e-05,0.4419596170006631,78,bandpass
1.7589020722044231e-07,7e-07,1.6813874295103034e-07,2.2e-07,2.0585733552922002e-05,0.4419596170006631,78,bandpass
1.7589020722044231e-07,7e-07,1.6805779884154242e-07,2.2e-07,2.0585733552922002e-05,0.4419596170006631,78,bandpass
1.7589020722044231e-07,7e-07,1.6813874295103034e-07,2.2e-07,2.0585733552922002e-05,0.4419596170006631,78,bandpass
1.7589020722044231e-07,7e-07,1.6813874295103034e-07,2.2e-07,2.0585733552922002e-05,0.4419596170006631,78,bandpass
1.7589020722044231e-07,7e-07,1.6805779884154242e-07,2.2e-07,2.0585733552922002e-05,0.4419596170006631,78,bandpass
1.7589020722044231e-07,7e-07,1.6813874295103034e-07,2.2e-07,2.0585733552922002e-05,0.4419596170006631,78,bandpass
1.7589020722044231e-07,7e-07,1.6813874295103034e-07,2.2e-07,2.0585733552922002e-05,0.4419596170006631,78,bandpass
1.7589020722044231e-07,7e-07,1.6813874295103034e-07,2.2e-07,2.0585733552922002e-05,0.4419596170006631,78,bandpass
1.7589020722044231e-07,7e-07,1.6813874295103034e-07,2.2e-07,2.0585733552922002e-05,0.4419596170006631,79,bandpass
1.7589020722044231e-07,7e-07,1.6813874295103034e-07,2.2e-07,2.0585733552922002e-05,0.4419596170006631,79,bandpass
1.7589020722044231e-07,7e-07,1.6813874295103034e-07,2.2e-07,2.0585733552922002e-05,0.4419596170006631,79,bandpass
1.7589020722044231e-07,7e-07,1.6813874295103034e-07,2.2e-07,2.0585733552922002e-05,0.4419596170006631,79,bandpass
1.7589020722044231e-07,7e-07,1.6813874295103034e-07,2.2e-07,2.0585733552922002e-05,0.4419596170006631,79,bandpass
1.7589020722044231e-07,7e-07,1.6813874295103034e-07,2.2e-07,2.0585733552922002e-05,0.4419596170006631,79,bandpass
1.7589020722044231e-07,7e-07,1.6813874295103034e-07,2.2e-07,2.0585733552922002e-05,0.4419596170006631,79,bandpass
1.7589020722044231e-07,7e-07,1.6813874295103034e-07,2.2e-07,2.0585733552922002e-05,0.4419596170006631,79,bandpass
1.7589020722044231e-07,7e-07,1.6813874295103034e-07,2.2e-07,2.0585733552922002e-05,0.4419596170006631,79,bandpass
1.7589020722044231e-07,7e-07,1.6813874295103034e-07,2.2e-07,2.0585733552922002e-05,0.4419596170006631,79,bandpass
1.7589020722044231e-07,7e-07,1.6813874295103034e-07,2.2e-07,2.0585733552922002e-05,0.4419596170006631,79,bandpass
1.7589020722044231e-07,7e-07,1.6805779884154242e-07,2.2e-07,2.0585733552922002e-05,0.4419596170006631,79,bandpass
1.7589020722044231e-07,7e-07,1.6813874295103034e-07,2.2e-07,2.0585733552922002e-05,0.4419596170006631,79,bandpass
1.7589020722044231e-07,7e-07,1.6813874295103034e-07,2.2e-07,2.0585733552922002e-05,0.4419596170006631,79,bandpass
1.7589020722044231e-07,4.3189055726027437e-07,1.6813874295103034e-07,2.2e-07,2.0585733552922002e-05,0.25638473501765424,79,bandpass
1.7589020722044231e-07,7e-07,1.6813874295103034e-07,2.2e-07,2.0585733552922002e-05,0.4419596170006631,79,bandpass
1.7589020722044231e-07,7e-07,1.6813874295103034e-07,2.2e-07,2.0585733552922002e-05,0.4419596170006631,79,bandpass
1.7589020722044231e-07,7e-07,1.6813874295103034e-07,2.2e-07,2.0585733552922002e-05,0.4419596170006631,79,bandpass
1.7589020722044231e-07,7e-07,1.6805779884154242e-07,2.2e-07,2.0585733552922002e-05,0.4419596170006631,79,bandpass
1.7589020722044231e-07,7e-07,1.6813874295103034e-07,2.2e-07,1.5427060138209682e-05,0.27593606520359093,79,bandpass
1.7589020722044231e-07,7e-07,1.6813874295103034e-07,2.2e-07,2.0585733552922002e-05,0.4419596170006631,79,bandpass
1.7589020722044231e-07,7e-07,1.6813874295103034e-07,2.2e-07,2.0585733552922002e-05,0.4419596170006631,79,bandpass
1.7589020722044231e-07,7e-07,1.6813874295103034e-07,2.2e-07,2.0585733552922002e-05,0.4419596170006631,79,bandpass
1.7589020722044231e-07,7e-07,1.6813874295103034e-07,2.2e-07,2.0585733552922002e-05,0.4419596170006631,79,bandpass
1.7587000935615454e-07,7e-07,1.6813874295103034e-07,2.2e-07,2.0585733552922002e-05,0.4419596170006631,79,bandpass
1.7589020722044231e-07,7e-07,1.6813874295103034e-07,2.2e-07,2.0585733552922002e-05,0.4419596170006631,79,bandpass
2.46836082564424e-07,7e-07,1.6813874295103034e-07,2.2e-07,2.0585733552922002e-05,0.17199287383957942,79,bandpass
1.7589020722044231e-07,7e-07,1.6813874295103034e-07,2.2e-07,2.0585733552922002e-05,0.4419596170006631,79,bandpass
1.7589020722044231e-07,7e-07,1.6813874295103034e-07,2.2e-07,2.0585733552922002e-05,0.4419596170006631,79,bandpass
1.7589020722044231e-07,7e-07,1.6813874295103034e-07,2.2e-07,2.0585733552922002e-05,0.4419596170006631,79,bandpass
1.7589020722044231e-07,7e-07,1.6813874295103034e-07,2.2e-07,2.8036523680847863e-05,0.2690592090833324,79,bandpass
1.7589020722044231e-07,7e-07,1.6813874295103034e-07,2.2e-07,2.0585733552922002e-05,0.4419596170006631,79,bandpass
1.9222696528145388e-07,7e-07,1.6805779884154242e-07,2.2e-07,2.0585733552922002e-05,0.24461588129345962,79,bandpass
1.7589020722044231e-07,7e-07,1.6813874295103034e-07,2.2e-07,2.0585733552922002e-05,0.4419596170006631,79,bandpass
1.7589020722044231e-07,7e-07,2.2335901735635496e-07,2.2e-07,2.0585733552922002e-05,0.29994713269905243,79,bandpass
1.7589020722044231e-07,7e-07,1.6813874295103034e-07,2.2e-07,2.0585733552922002e-05,0.4419596170006631,79,bandpass
1.7589020722044231e-07,7e-07,1.6813874295103034e-07,2.2e-07,2.0585733552922002e-05,0.4419596170006631,79,bandpass
1.7589020722044231e-07,7e-07,1.6813874295103034e-07,2.2e-07,2.0585733552922002e-05,0.4419596170006631,79,bandpass
1.7589020722044231e-07,5.340634460964941e-07,1.6813874295103034e-07,2.2e-07,2.0585733552922002e-05,0.23045915945283207,79,bandpass
1.7589020722044231e-07,7e-07,1.6813874295103034e-07,2.2e-07,2.0585733552922002e-05,0.4419596170006631,79,bandpass
1.7589020722044231e-07,7e-07,1.6813874295103034e-07,2.2e-07,2.0585733552922002e-05,0.4419596170006631,79,bandpass
1.7589020722044231e-07,7e-07,1.6813874295103034e-07,2.2e-07,2.0585733552922002e-05,0.4419596170006631,79,bandpass
1.7589020722044231e-07,7e-07,1.6805779884154242e-07,2.2e-07,2.0585733552922002e-05,0.4419596170006631,79,bandpass
1.7589020722044231e-07,7e-07,1.6813874295103034e-07,2.2e-07,2.0585733552922002e-05,0.4419596170006631,79,bandpass
1.7589020722044231e-07,7e-07,1.6813874295103034e-07,2.2e-07,2.0585733552922002e-05,0.4419596170006631,79,bandpass
1.7589020722044231e-07,7e-07,1.6805779884154242e-07,2.2e-07,2.0585733552922002e-05,0.4419596170006631,79,bandpass
1.7589020722044231e-07,7e-07,1.6813874295103034e-07,2.2e-07,2.0585733552922002e-05,0.4419596170006631,79,bandpass
1.7589020722044231e-07,7e-07,1.6813874295103034e-07,2.2e-07,2.0585733552922002e-05,0.4419596170006631,79,bandpass
1.7589020722044231e-07,7e-07,1.5373890029612667e-07,2.2e-07,2.0585733552922002e-05,0.16075629946783038,79,bandpass
1.7589020722044231e-07,7e-07,1.6813874295103034e-07,2.2e-07,2.0585733552922002e-05,0.4419596170006631,79,bandpass
