s,w,l,height,total_length,fitness_score,generation,fitness_strategy
1.4685641503297785e-07,4.6862493717915063e-07,1.4339678650543307e-07,2.1224066499163224e-07,4.4548190701388845e-05,0.07503667878076262,1,highpass
1.8221406348047543e-07,5.532198358504595e-07,1.1632198262402279e-07,1.5e-07,4.61657667600691e-05,0.041101223732840406,1,highpass
1e-07,5.583517845069778e-07,1.1341167622559338e-07,1.6437494502319047e-07,3.433132890504717e-05,0.06298623832088401,1,highpass
1.0494768851238696e-07,7e-07,1.4907087781309335e-07,2.543979316593577e-07,4.0365345634605474e-05,0.08494405555615403,1,highpass
1.8578135570703466e-07,5.321919573526074e-07,1.5432575162986892e-07,2.3577016226334255e-07,3.002186990492715e-05,0.08141871657272098,1,highpass
1.4514526540319361e-07,6.053912694411432e-07,1.5669244866027578e-07,2.445015984698944e-07,1.3345830473443308e-05,0.09189335857770042,1,highpass
1.7601055506875745e-07,3.7532603358219033e-07,1.6517687520914926e-07,1.5e-07,3.368310012077109e-05,0.030610793566700573,1,highpass
1.7858245282546521e-07,3.2578809545353456e-07,1.6156767754200302e-07,2.5937710128128043e-07,3.918413905102808e-05,0.046985185266471774,1,highpass
1.3379760381247885e-07,4.877080205746326e-07,1.3355665986986355e-07,2.788411092686515e-07,3.126554289179731e-05,0.07031888687867321,1,highpass
1.889467252976833e-07,3.042778587211975e-07,1.3895880173050621e-07,1.5e-07,3.961625191782632e-05,0.0048354976993469296,1,highpass
2.0413745677271908e-07,6.656137959607907e-07,1.0144551184603041e-07,1.5e-07,4.2082507057881286e-05,0.049756176902588906,1,highpass
1.6462888538239455e-07,3.9331343469519084e-07,1.4940625486100995e-07,1.5277485450732704e-07,3.375627871845244e-05,0.032047854010067385,1,highpass
1.8224117347119444e-07,6.679283639023527e-07,1.0718774422914731e-07,1.9196942805616393e-07,1.2584257581144963e-05,0.07961533878028734,1,highpass
1.3860401884229764e-07,6.262727889193501e-07,1.616853744404642e-07,2.0309215974894994e-07,9.094241290148435e-06,0.06658045897416814,1,highpass
1.1305607980011673e-07,5.062162529502434e-07,1.129490123354599e-07,1.5372876799605896e-07,1.0155533404044512e-05,0.05249013438146631,1,highpass
2.484876289295325e-07,4.868803640104646e-07,2.2803462206454637e-07,2.7230187273113087e-07,2.7277405247447053e-05,5.646588502802433e-06,1,highpass
1e-07,5.025979172580392e-07,1.8533160678609902e-07,2.0874800928179525e-07,4.267519782261241e-05,0.12599957568089892,1,highpass
1.0569819216848894e-07,3.055532388153767e-07,1.213757116635686e-07,2.444069286199202e-07,3.535768893665746e-05,0.0366839458681934,1,highpass
1.6753647145448144e-07,5.713933389816982e-07,1.6191629145266902e-07,2.1800564150676633e-07,3.2802069946248685e-05,0.08414555392229456,1,highpass
1.7058519700175742e-07,6.653367586906401e-07,1.3575625155214653e-07,2.994817025809295e-07,3.618221679326556e-05,0.016384744115112926,1,highpass
2.13721926324599e-07,5.560834547987231e-07,1.3052489387860887e-07,2.082248605649444e-07,3.435204444153663e-05,0.05687931209681149,1,highpass
1.4620906959715674e-07,5.99951867534465e-07,2.460136376371314e-07,2.382041602083175e-07,9.148600694223664e-06,-0.05619019478683747,1,highpass
1e-07,6.124640418180506e-07,1.6813325685763273e-07,3e-07,4.744064826031387e-05,0.02517378415628424,1,highpass
1.2142795797066034e-07,4.0676091042571594e-07,1.9062797128637184e-07,1.882232857475714e-07,4.062146876030434e-05,0.09084408296501029,1,highpass
2.1037696322407627e-07,5.923119456179623e-07,1.063085168718931e-07,2.2105702963156144e-07,3.280058585100242e-05,0.06683980342808288,1,highpass
1.7163774471633893e-07,4.708689184491563e-07,2.0119029355299623e-07,2.528801785349881e-07,4.4677309676603804e-05,0.05436767967783013,1,highpass
1.1402842757992088e-07,5.29250708621839e-07,1e-07,2.9386515123707326e-07,4.3275881925619625e-05,0.08370802194778015,1,highpass
1.0367201590030913e-07,5.105874300875302e-07,2.0941034701512436e-07,1.9599137922714456e-07,6.0811289734746985e-06,0.11956061961148068,1,highpass
1.4372105796343686e-07,6.536425890629799e-07,1.373548257580098e-07,1.634179915344622e-07,3.5645237747673106e-05,0.07978445785294114,1,highpass
2.028092141345132e-07,4.742328023944791e-07,1e-07,1.9743640988745643e-07,3.8540018673368014e-05,0.038490830950711694,1,highpass
1e-07,5.025979172580392e-07,1.8533160678609902e-07,2.0874800928179525e-07,4.267519782261241e-05,0.12599957568089892,2,highpass
1.4685641503297785e-07,4.6862493717915063e-07,1.4339678650543307e-07,1.9599137922714456e-07,6.0811289734746985e-06,0.08061085047111086,2,highpass
1.0367201590030913e-07,6.053912694411432e-07,1.5669244866027578e-07,2.445015984698944e-07,1.3345830473443308e-05,0.10732663673553311,2,highpass
1.0367201590030913e-07,5.105874300875302e-07,1.0718774422914731e-07,1.9196942805616393e-07,1.2584257581144963e-05,0.07225941022902913,2,highpass
1e-07,5.105874300875302e-07,2.0941034701512436e-07,1.9599137922714456e-07,6.0811289734746985e-06,0.13653311771824234,2,highpass
1.3379760381247885e-07,4.877080205746326e-07,1.0718774422914731e-07,1.9196942805616393e-07,1.2584257581144963e-05,0.05461950949472136,2,highpass
1.6753647145448144e-07,5.713933389816982e-07,1.5669244866027578e-07,2.445015984698944e-07,1.3345830473443308e-05,0.0723638276479911,2,highpass
1.4372105796343686e-07,6.536425890629799e-07,1.373548257580098e-07,2.543979316593577e-07,4.0365345634605474e-05,0.08667460724035703,2,highpass
1e-07,5.025979172580392e-07,1.4907087781309335e-07,2.543979316593577e-07,4.0365345634605474e-05,0.1191455752612467,2,highpass
1.0367201590030913e-07,4.5041812450847266e-07,2.0941034701512436e-07,1.9599137922714456e-07,6.0811289734746985e-06,0.11200561851105717,2,highpass
1e-07,5.025979172580392e-07,2.0941034701512436e-07,1.9599137922714456e-07,6.0811289734746985e-06,0.14326738499035196,2,highpass
1e-07,5.025979172580392e-07,1.3355665986986355e-07,2.788411092686515e-07,3.126554289179731e-05,0.111682841370703,2,highpass
1.4514526540319361e-07,6.053912694411432e-07,1.5669244866027578e-07,2.445015984698944e-07,3.2802069946248685e-05,0.054397876811130175,2,highpass
1e-07,5.025979172580392e-07,1.8533160678609902e-07,2.0874800928179525e-07,4.0365345634605474e-05,0.12348935465400501,2,highpass
1.0367201590030913e-07,5.025979172580392e-07,1.8533160678609902e-07,2.0874800928179525e-07,4.267519782261241e-05,0.12701587648243778,2,highpass
1e-07,5.025979172580392e-07,1.8533160678609902e-07,1.9196942805616393e-07,1.2584257581144963e-05,0.12783262808810364,2,highpass
1.0367201590030913e-07,5.025979172580392e-07,1.8533160678609902e-07,2.0874800928179525e-07,4.267519782261241e-05,0.12701587648243778,2,highpass
1.4685641503297785e-07,5.105874300875302e-07,2.0941034701512436e-07,1.9599137922714456e-07,6.0811289734746985e-06,0.0891660543244322,2,highpass
1.4372105796343686e-07,6.536425890629799e-07,1.9062797128637184e-07,1.882232857475714e-07,4.062146876030434e-05,0.03453119460624321,2,highpass
1.0494768851238696e-07,7e-07,1.4907087781309335e-07,2.543979316593577e-07,4.0365345634605474e-05,0.08494405555615403,2,highpass
1.4810215151994078e-07,5.105874300875302e-07,2.0941034701512436e-07,1.9599137922714456e-07,6.0811289734746985e-06,0.09952447617842425,2,highpass
1.8234773636125397e-07,3.2578809545353456e-07,2.0941034701512436e-07,1.9599137922714456e-07,6.0811289734746985e-06,0.05190221864152278,2,highpass
1.4514526540319361e-07,6.053912694411432e-07,1.5669244866027578e-07,1.634179915344622e-07,3.5645237747673106e-05,0.08292992655225806,2,highpass
1.0494768851238696e-07,7e-07,1.4907087781309335e-07,2.543979316593577e-07,1.3345830473443308e-05,0.09694872567235402,2,highpass
1.6753647145448144e-07,6.210702702368983e-07,1.6191629145266902e-07,1.9196942805616393e-07,1.2584257581144963e-05,0.0890897863399201,2,highpass
1.0367201590030913e-07,5.104720394522987e-07,2.0941034701512436e-07,1.9599137922714456e-07,3.002186990492715e-05,0.11392801944250946,2,highpass
1.4372105796343686e-07,6.536425890629799e-07,1.6191629145266902e-07,2.1800564150676633e-07,3.2802069946248685e-05,0.0899097860061413,2,highpass
1.1375722075242541e-07,6.679283639023527e-07,1.0718774422914731e-07,1.9196942805616393e-07,1.2584257581144963e-05,0.08225815842956213,2,highpass
1e-07,5.025979172580392e-07,1.8533160678609902e-07,2.0874800928179525e-07,4.267519782261241e-05,0.12599957568089892,2,highpass
1.8578135570703466e-07,5.321919573526074e-07,2.0941034701512436e-07,1.9599137922714456e-07,6.0811289734746985e-06,-0.11536255175664115,2,highpass
1e-07,5.025979172580392e-07,2.0941034701512436e-07,1.9599137922714456e-07,6.0811289734746985e-06,0.14326738499035196,3,highpass
1e-07,5.025979172580392e-07,1.8533160678609902e-07,1.625438765859219e-07,4.267519782261241e-05,0.09936006368395178,3,highpass
1.000616800020067e-07,5.105874300875302e-07,2.0941034701512436e-07,1.9599137922714456e-07,4.0365345634605474e-05,0.12846442684300813,3,highpass
1.0494768851238696e-07,7e-07,1.4907087781309335e-07,2.543979316593577e-07,6.0811289734746985e-06,0.11042721261379596,3,highpass
1e-07,5.105874300875302e-07,2.0941034701512436e-07,1.9599137922714456e-07,6.0811289734746985e-06,0.13653311771824234,3,highpass
1.5268509651846638e-07,5.025979172580392e-07,1.8533160678609902e-07,2.0874800928179525e-07,4.267519782261241e-05,0.08747523898722437,3,highpass
1e-07,5.025979172580392e-07,1.8533160678609902e-07,2.445015984698944e-07,1.3345830473443308e-05,0.12321797895467024,3,highpass
1e-07,5.105874300875302e-07,2.0941034701512436e-07,1.9599137922714456e-07,6.0811289734746985e-06,0.13653311771824234,3,highpass
1e-07,5.025979172580392e-07,1.8533160678609902e-07,1.9196942805616393e-07,1.2584257581144963e-05,0.12783262808810364,3,highpass
1.0367201590030913e-07,5.025979172580392e-07,1.8533160678609902e-07,2.0874800928179525e-07,4.267519782261241e-05,0.12701587648243778,3,highpass
1e-07,5.025979172580392e-07,1.8533160678609902e-07,1.9196942805616393e-07,1.2584257581144963e-05,0.12783262808810364,3,highpass
1.0367201590030913e-07,4.5041812450847266e-07,2.0941034701512436e-07,1.9599137922714456e-07,6.0811289734746985e-06,0.11200561851105717,3,highpass
1e-07,5.025979172580392e-07,1.8533160678609902e-07,2.0874800928179525e-07,6.0811289734746985e-06,0.13153485936526882,3,highpass
1e-07,5.025979172580392e-07,1.8533160678609902e-07,2.0874800928179525e-07,4.267519782261241e-05,0.12599957568089892,3,highpass
1e-07,5.025979172580392e-07,2.0941034701512436e-07,1.9599137922714456e-07,6.0811289734746985e-06,0.14326738499035196,3,highpass
1e-07,5.025979172580392e-07,1.8533160678609902e-07,2.0874800928179525e-07,4.267519782261241e-05,0.12599957568089892,3,highpass
1.0367201590030913e-07,5.025979172580392e-07,1.8533160678609902e-07,1.9599137922714456e-07,6.0811289734746985e-06,0.12812280291262546,3,highpass
1e-07,5.105874300875302e-07,2.0941034701512436e-07,2.0874800928179525e-07,4.267519782261241e-05,0.11369682666172998,3,highpass
1e-07,5.025979172580392e-07,1.4907087781309335e-07,2.543979316593577e-07,4.0365345634605474e-05,0.1191455752612467,3,highpass
1.0367201590030913e-07,4.5041812450847266e-07,2.0941034701512436e-07,2.543979316593577e-07,4.0365345634605474e-05,0.10947208892066934,3,highpass
1.0367201590030913e-07,5.104720394522987e-07,1.8533160678609902e-07,1.9196942805616393e-07,1.2584257581144963e-05,0.12095047613118054,3,highpass
1e-07,5.025979172580392e-07,1.8533160678609902e-07,2.445015984698944e-07,1.3345830473443308e-05,0.12321797895467024,3,highpass
2.084031046994504e-07,5.105874300875302e-07,2.0941034701512436e-07,1.9599137922714456e-07,6.0811289734746985e-06,-0.07916553872292237,3,highpass
1e-07,5.105874300875302e-07,2.0941034701512436e-07,1.9599137922714456e-07,6.0811289734746985e-06,0.13653311771824234,3,highpass
1e-07,5.025979172580392e-07,1.8533160678609902e-07,2.0874800928179525e-07,4.0365345634605474e-05,0.12348935465400501,3,highpass
1.0367201590030913e-07,5.025979172580392e-07,2.0941034701512436e-07,1.9599137922714456e-07,6.0811289734746985e-06,0.12957367109658402,3,highpass
1e-07,5.105874300875302e-07,1.4907087781309335e-07,2.543979316593577e-07,1.3345830473443308e-05,0.11818092856761403,3,highpass
1.4685641503297785e-07,5.025979172580392e-07,1.8533160678609902e-07,2.0874800928179525e-07,4.267519782261241e-05,0.10001754867659812,3,highpass
1e-07,5.025979172580392e-07,1.8533160678609902e-07,2.0874800928179525e-07,4.0365345634605474e-05,0.12348935465400501,3,highpass
1.7985723352511198e-07,5.025979172580392e-07,1.8533160678609902e-07,2.0874800928179525e-07,4.0365345634605474e-05,0.06149543867635676,3,highpass
1e-07,5.025979172580392e-07,2.0941034701512436e-07,1.9599137922714456e-07,6.0811289734746985e-06,0.14326738499035196,4,highpass
1e-07,4.956830760402003e-07,2.0941034701512436e-07,1.9599137922714456e-07,6.0811289734746985e-06,0.1376635174628314,4,highpass
1e-07,5.025979172580392e-07,1.8533160678609902e-07,1.9599137922714456e-07,6.0811289734746985e-06,0.13299518087730772,4,highpass
1e-07,5.025979172580392e-07,1.8533160678609902e-07,2.0874800928179525e-07,6.0811289734746985e-06,0.13153485936526882,4,highpass
1.0367201590030913e-07,5.025979172580392e-07,1.8533160678609902e-07,2.0874800928179525e-07,6.0811289734746985e-06,0.12818971818981628,4,highpass
1.0367201590030913e-07,5.025979172580392e-07,1.8533160678609902e-07,2.0874800928179525e-07,4.0365345634605474e-05,0.12367350406309607,4,highpass
1e-07,5.025979172580392e-07,2.0941034701512436e-07,1.9599137922714456e-07,4.267519782261241e-05,0.11436009967928079,4,highpass
1e-07,5.025979172580392e-07,1.8533160678609902e-07,1.9599137922714456e-07,6.0811289734746985e-06,0.13299518087730772,4,highpass
1e-07,5.025979172580392e-07,2.0941034701512436e-07,1.9599137922714456e-07,6.0811289734746985e-06,0.14326738499035196,4,highpass
1e-07,5.105874300875302e-07,2.0941034701512436e-07,1.9599137922714456e-07,7.501189305797251e-06,0.11845140718192826,4,highpass
1.000616800020067e-07,5.105874300875302e-07,1.008368089573852e-07,1.9599137922714456e-07,6.0811289734746985e-06,0.0711724162307523,4,highpass
1e-07,5.105874300875302e-07,2.0941034701512436e-07,1.9599137922714456e-07,6.0811289734746985e-06,0.13653311771824234,4,highpass
1e-07,5.025979172580392e-07,2.0941034701512436e-07,1.9599137922714456e-07,6.0811289734746985e-06,0.14326738499035196,4,highpass
1.000616800020067e-07,6.378469526160597e-07,2.0941034701512436e-07,1.9599137922714456e-07,6.0811289734746985e-06,0.02715083929867612,4,highpass
1.0367201590030913e-07,5.025979172580392e-07,1.8533160678609902e-07,2.0874800928179525e-07,6.0811289734746985e-06,0.12818971818981628,4,highpass
1.0367201590030913e-07,5.025979172580392e-07,2.0941034701512436e-07,1.9599137922714456e-07,1.2584257581144963e-05,0.11614830291755024,4,highpass
1.000616800020067e-07,5.105874300875302e-07,2.0941034701512436e-07,1.9599137922714456e-07,6.0811289734746985e-06,0.13653311771824234,4,highpass
1e-07,5.025979172580392e-07,1.8533160678609902e-07,1.9599137922714456e-07,6.0811289734746985e-06,0.13299518087730772,4,highpass
1e-07,5.105874300875302e-07,2.0941034701512436e-07,1.9599137922714456e-07,6.0811289734746985e-06,0.13653311771824234,4,highpass
1e-07,5.025979172580392e-07,1.8533160678609902e-07,1.9196942805616393e-07,6.0811289734746985e-06,0.13072327749655988,4,highpass
1e-07,5.025979172580392e-07,2.0941034701512436e-07,1.9599137922714456e-07,6.0811289734746985e-06,0.14326738499035196,4,highpass
1e-07,5.105874300875302e-07,1.8533160678609902e-07,1.9196942805616393e-07,1.2584257581144963e-05,0.13289177338231312,4,highpass
1e-07,5.105874300875302e-07,2.0941034701512436e-07,1.9599137922714456e-07,6.0811289734746985e-06,0.13653311771824234,4,highpass
1e-07,5.105874300875302e-07,2.0941034701512436e-07,1.9599137922714456e-07,6.0811289734746985e-06,0.13653311771824234,4,highpass
1e-07,5.105874300875302e-07,2.0941034701512436e-07,1.9599137922714456e-07,6.0811289734746985e-06,0.13653311771824234,4,highpass
1e-07,5.025979172580392e-07,2.0941034701512436e-07,1.9599137922714456e-07,6.0811289734746985e-06,0.14326738499035196,4,highpass
1e-07,5.105874300875302e-07,2.0941034701512436e-07,1.9599137922714456e-07,4.0365345634605474e-05,0.1282889385546907,4,highpass
1e-07,5.025979172580392e-07,2.0941034701512436e-07,1.9599137922714456e-07,6.0811289734746985e-06,0.14326738499035196,4,highpass
1e-07,5.025979172580392e-07,2.0941034701512436e-07,1.9599137922714456e-07,6.0811289734746985e-06,0.14326738499035196,4,highpass
1.0367201590030913e-07,5.025979172580392e-07,2.0941034701512436e-07,1.9599137922714456e-07,6.0811289734746985e-06,0.12957367109658402,4,highpass
1e-07,5.025979172580392e-07,2.0941034701512436e-07,1.9599137922714456e-07,6.0811289734746985e-06,0.14326738499035196,5,highpass
1.000616800020067e-07,5.105874300875302e-07,2.0941034701512436e-07,1.9599137922714456e-07,6.0811289734746985e-06,0.13653311771824234,5,highpass
1e-07,5.105874300875302e-07,2.0941034701512436e-07,1.9599137922714456e-07,6.0811289734746985e-06,0.13653311771824234,5,highpass
1e-07,5.025979172580392e-07,2.0941034701512436e-07,1.9599137922714456e-07,6.0811289734746985e-06,0.14326738499035196,5,highpass
1e-07,5.025979172580392e-07,2.0941034701512436e-07,1.9599137922714456e-07,6.0811289734746985e-06,0.14326738499035196,5,highpass
1e-07,5.025979172580392e-07,2.0941034701512436e-07,1.9599137922714456e-07,6.0811289734746985e-06,0.14326738499035196,5,highpass
1e-07,5.025979172580392e-07,2.0941034701512436e-07,1.9599137922714456e-07,6.0811289734746985e-06,0.14326738499035196,5,highpass
1e-07,3.5165415617492415e-07,2.0941034701512436e-07,1.9599137922714456e-07,6.0811289734746985e-06,0.10236029812135869,5,highpass
1e-07,4.956830760402003e-07,2.0941034701512436e-07,1.9599137922714456e-07,6.0811289734746985e-06,0.1376635174628314,5,highpass
1e-07,5.025979172580392e-07,2.0751664519680279e-07,1.9599137922714456e-07,6.0811289734746985e-06,0.13616667178747288,5,highpass
1e-07,5.025979172580392e-07,2.0941034701512436e-07,1.9599137922714456e-07,6.0811289734746985e-06,0.14326738499035196,5,highpass
1e-07,5.025979172580392e-07,2.0941034701512436e-07,1.9599137922714456e-07,6.0811289734746985e-06,0.14326738499035196,5,highpass
1e-07,5.025979172580392e-07,2.0941034701512436e-07,1.9599137922714456e-07,6.0811289734746985e-06,0.14326738499035196,5,highpass
1e-07,5.025979172580392e-07,2.0941034701512436e-07,1.9599137922714456e-07,6.0811289734746985e-06,0.14326738499035196,5,highpass
1e-07,5.025979172580392e-07,2.0941034701512436e-07,1.9599137922714456e-07,6.0811289734746985e-06,0.14326738499035196,5,highpass
1e-07,5.025979172580392e-07,2.0941034701512436e-07,1.9599137922714456e-07,6.0811289734746985e-06,0.14326738499035196,5,highpass
1e-07,5.025979172580392e-07,2.0941034701512436e-07,1.9599137922714456e-07,6.0811289734746985e-06,0.14326738499035196,5,highpass
1e-07,5.025979172580392e-07,2.0941034701512436e-07,1.9599137922714456e-07,6.0811289734746985e-06,0.14326738499035196,5,highpass
1e-07,5.025979172580392e-07,2.0941034701512436e-07,1.9599137922714456e-07,6.0811289734746985e-06,0.14326738499035196,5,highpass
1e-07,5.025979172580392e-07,2.0941034701512436e-07,1.9599137922714456e-07,6.0811289734746985e-06,0.14326738499035196,5,highpass
1e-07,5.025979172580392e-07,2.0941034701512436e-07,1.9599137922714456e-07,6.0811289734746985e-06,0.14326738499035196,5,highpass
1e-07,5.025979172580392e-07,2.0941034701512436e-07,1.9599137922714456e-07,6.0811289734746985e-06,0.14326738499035196,5,highpass
1e-07,5.025979172580392e-07,2.0941034701512436e-07,1.9599137922714456e-07,6.0811289734746985e-06,0.14326738499035196,5,highpass
1e-07,5.025979172580392e-07,2.0941034701512436e-07,1.9599137922714456e-07,3.7194184613121065e-05,0.11762159373471748,5,highpass
1e-07,5.025979172580392e-07,2.0941034701512436e-07,1.9599137922714456e-07,6.0811289734746985e-06,0.14326738499035196,5,highpass
1e-07,5.025979172580392e-07,2.0941034701512436e-07,1.9599137922714456e-07,6.0811289734746985e-06,0.14326738499035196,5,highpass
1e-07,5.025979172580392e-07,2.0941034701512436e-07,1.9599137922714456e-07,6.0811289734746985e-06,0.14326738499035196,5,highpass
1e-07,5.025979172580392e-07,2.0941034701512436e-07,1.9599137922714456e-07,6.0811289734746985e-06,0.14326738499035196,5,highpass
1e-07,5.025979172580392e-07,2.0941034701512436e-07,1.9599137922714456e-07,6.058492302601439e-06,0.1432750459638612,5,highpass
1e-07,5.025979172580392e-07,2.0941034701512436e-07,1.9599137922714456e-07,6.0811289734746985e-06,0.14326738499035196,5,highpass
1e-07,5.025979172580392e-07,2.0941034701512436e-07,1.9599137922714456e-07,6.058492302601439e-06,0.1432750459638612,6,highpass
1e-07,5.025979172580392e-07,2.0941034701512436e-07,1.9599137922714456e-07,6.0811289734746985e-06,0.14326738499035196,6,highpass
1e-07,5.025979172580392e-07,2.0941034701512436e-07,1.9599137922714456e-07,6.0811289734746985e-06,0.14326738499035196,6,highpass
1e-07,5.025979172580392e-07,2.0941034701512436e-07,1.9599137922714456e-07,6.0811289734746985e-06,0.14326738499035196,6,highpass
1e-07,5.025979172580392e-07,2.0941034701512436e-07,1.9599137922714456e-07,6.0811289734746985e-06,0.14326738499035196,6,highpass
1e-07,5.025979172580392e-07,2.0941034701512436e-07,1.9599137922714456e-07,6.0811289734746985e-06,0.14326738499035196,6,highpass
1e-07,5.025979172580392e-07,2.0941034701512436e-07,1.9599137922714456e-07,6.058492302601439e-06,0.1432750459638612,6,highpass
1e-07,5.025979172580392e-07,2.0941034701512436e-07,1.9599137922714456e-07,6.0811289734746985e-06,0.14326738499035196,6,highpass
1e-07,5.025979172580392e-07,2.0941034701512436e-07,1.9599137922714456e-07,6.0811289734746985e-06,0.14326738499035196,6,highpass
1e-07,5.025979172580392e-07,2.0941034701512436e-07,1.9599137922714456e-07,6.0811289734746985e-06,0.14326738499035196,6,highpass
1e-07,5.025979172580392e-07,2.0941034701512436e-07,1.9599137922714456e-07,6.0811289734746985e-06,0.14326738499035196,6,highpass
1e-07,5.025979172580392e-07,2.0941034701512436e-07,1.9599137922714456e-07,6.0811289734746985e-06,0.14326738499035196,6,highpass
1e-07,5.025979172580392e-07,2.0941034701512436e-07,1.9599137922714456e-07,6.0811289734746985e-06,0.14326738499035196,6,highpass
1e-07,5.025979172580392e-07,2.0941034701512436e-07,1.9599137922714456e-07,6.0811289734746985e-06,0.14326738499035196,6,highpass
1e-07,5.025979172580392e-07,2.4193931729282624e-07,1.9599137922714456e-07,6.0811289734746985e-06,0.05142360531859391,6,highpass
1e-07,5.025979172580392e-07,2.1544607925676552e-07,1.9599137922714456e-07,6.0811289734746985e-06,0.11311597672405305,6,highpass
1e-07,5.025979172580392e-07,2.0941034701512436e-07,2.4139195113447215e-07,6.0811289734746985e-06,0.11564655545712088,6,highpass
1e-07,5.025979172580392e-07,2.0941034701512436e-07,1.9599137922714456e-07,6.0811289734746985e-06,0.14326738499035196,6,highpass
1e-07,5.025979172580392e-07,2.0941034701512436e-07,1.9599137922714456e-07,6.058492302601439e-06,0.1432750459638612,6,highpass
1e-07,5.025979172580392e-07,2.0941034701512436e-07,1.9599137922714456e-07,6.0811289734746985e-06,0.14326738499035196,6,highpass
1e-07,5.025979172580392e-07,2.0941034701512436e-07,1.9599137922714456e-07,6.058492302601439e-06,0.1432750459638612,6,highpass
1e-07,5.025979172580392e-07,2.0941034701512436e-07,1.9599137922714456e-07,6.0811289734746985e-06,0.14326738499035196,6,highpass
1e-07,5.025979172580392e-07,2.0941034701512436e-07,1.9599137922714456e-07,6.0811289734746985e-06,0.14326738499035196,6,highpass
1e-07,5.025979172580392e-07,2.0941034701512436e-07,1.9599137922714456e-07,6.0811289734746985e-06,0.14326738499035196,6,highpass
1e-07,5.025979172580392e-07,2.0941034701512436e-07,1.9599137922714456e-07,6.0811289734746985e-06,0.14326738499035196,6,highpass
1e-07,5.025979172580392e-07,2.0941034701512436e-07,1.9599137922714456e-07,6.0811289734746985e-06,0.14326738499035196,6,highpass
1e-07,5.025979172580392e-07,2.0941034701512436e-07,1.9599137922714456e-07,6.0811289734746985e-06,0.14326738499035196,6,highpass
1.0636190175378731e-07,5.025979172580392e-07,2.0941034701512436e-07,1.9599137922714456e-07,6.0811289734746985e-06,0.10735371275791439,6,highpass
1e-07,5.025979172580392e-07,2.0941034701512436e-07,1.9599137922714456e-07,6.0811289734746985e-06,0.14326738499035196,6,highpass
1e-07,5.025979172580392e-07,2.0941034701512436e-07,1.9599137922714456e-07,6.0811289734746985e-06,0.14326738499035196,6,highpass
1e-07,5.025979172580392e-07,2.0941034701512436e-07,1.9599137922714456e-07,6.058492302601439e-06,0.1432750459638612,7,highpass
1e-07,5.025979172580392e-07,2.0941034701512436e-07,1.9599137922714456e-07,6.0811289734746985e-06,0.14326738499035196,7,highpass
1e-07,5.025979172580392e-07,2.0941034701512436e-07,1.9599137922714456e-07,6.058492302601439e-06,0.1432750459638612,7,highpass
1e-07,5.025979172580392e-07,2.0941034701512436e-07,1.9599137922714456e-07,6.0811289734746985e-06,0.14326738499035196,7,highpass
1e-07,5.025979172580392e-07,2.0941034701512436e-07,1.9599137922714456e-07,6.058492302601439e-06,0.1432750459638612,7,highpass
1e-07,5.025979172580392e-07,2.0941034701512436e-07,1.9599137922714456e-07,6.058492302601439e-06,0.1432750459638612,7,highpass
1e-07,5.025979172580392e-07,2.0941034701512436e-07,1.9599137922714456e-07,6.058492302601439e-06,0.1432750459638612,7,highpass
1e-07,5.025979172580392e-07,2.0941034701512436e-07,1.9599137922714456e-07,6.0811289734746985e-06,0.14326738499035196,7,highpass
1e-07,5.025979172580392e-07,2.0941034701512436e-07,1.9599137922714456e-07,6.0811289734746985e-06,0.14326738499035196,7,highpass
1.0013206549976635e-07,5.025979172580392e-07,2.0941034701512436e-07,1.9599137922714456e-07,6.0811289734746985e-06,0.14326738499035196,7,highpass
1e-07,5.025979172580392e-07,2.0941034701512436e-07,1.9599137922714456e-07,6.0811289734746985e-06,0.14326738499035196,7,highpass
1e-07,5.025979172580392e-07,2.0941034701512436e-07,1.9599137922714456e-07,6.058492302601439e-06,0.1432750459638612,7,highpass
1e-07,5.025979172580392e-07,2.0941034701512436e-07,1.9599137922714456e-07,6.0811289734746985e-06,0.14326738499035196,7,highpass
1e-07,5.025979172580392e-07,2.0941034701512436e-07,1.9599137922714456e-07,6.0811289734746985e-06,0.14326738499035196,7,highpass
1.4576070119054727e-07,5.025979172580392e-07,2.0941034701512436e-07,1.9599137922714456e-07,6.058492302601439e-06,0.08590403614921033,7,highpass
1e-07,5.025979172580392e-07,2.0941034701512436e-07,1.9599137922714456e-07,6.0811289734746985e-06,0.14326738499035196,7,highpass
1e-07,5.025979172580392e-07,2.0941034701512436e-07,1.9599137922714456e-07,6.0811289734746985e-06,0.14326738499035196,7,highpass
1e-07,5.025979172580392e-07,2.0941034701512436e-07,1.9599137922714456e-07,6.058492302601439e-06,0.1432750459638612,7,highpass
1e-07,5.025979172580392e-07,2.0941034701512436e-07,1.9424927609707485e-07,6.0811289734746985e-06,0.14381546485842478,7,highpass
1e-07,5.025979172580392e-07,2.0941034701512436e-07,1.9599137922714456e-07,6.058492302601439e-06,0.1432750459638612,7,highpass
1e-07,5.025979172580392e-07,2.0941034701512436e-07,1.9599137922714456e-07,6.058492302601439e-06,0.1432750459638612,7,highpass
1e-07,5.025979172580392e-07,1.5906495921694326e-07,1.9599137922714456e-07,6.058492302601439e-06,0.09769783944407529,7,highpass
1e-07,5.025979172580392e-07,2.0941034701512436e-07,1.9599137922714456e-07,5e-06,0.13598293372616616,7,highpass
1e-07,5.025979172580392e-07,2.0941034701512436e-07,1.9599137922714456e-07,6.058492302601439e-06,0.1432750459638612,7,highpass
1e-07,5.025979172580392e-07,2.0941034701512436e-07,1.9599137922714456e-07,6.058492302601439e-06,0.1432750459638612,7,highpass
1e-07,6.326753834486005e-07,2.0941034701512436e-07,1.9599137922714456e-07,6.0811289734746985e-06,0.03121105747611086,7,highpass
1e-07,5.025979172580392e-07,2.0941034701512436e-07,1.9599137922714456e-07,6.0811289734746985e-06,0.14326738499035196,7,highpass
1e-07,5.025979172580392e-07,2.0941034701512436e-07,1.9599137922714456e-07,6.0811289734746985e-06,0.14326738499035196,7,highpass
1e-07,5.025979172580392e-07,2.0941034701512436e-07,1.9599137922714456e-07,6.0811289734746985e-06,0.14326738499035196,7,highpass
1e-07,5.43269035818897e-07,2.0941034701512436e-07,1.9599137922714456e-07,6.0811289734746985e-06,0.11609473936854009,7,highpass
1e-07,5.025979172580392e-07,2.0941034701512436e-07,1.9424927609707485e-07,6.0811289734746985e-06,0.14381546485842478,8,highpass
1e-07,5.025979172580392e-07,2.0941034701512436e-07,1.9599137922714456e-07,6.058492302601439e-06,0.1432750459638612,8,highpass
1e-07,5.215924383173444e-07,2.0941034701512436e-07,1.9599137922714456e-07,6.058492302601439e-06,0.11139537181597692,8,highpass
1e-07,5.025979172580392e-07,2.0941034701512436e-07,1.9599137922714456e-07,6.058492302601439e-06,0.1432750459638612,8,highpass
1e-07,5.025979172580392e-07,2.0941034701512436e-07,1.9599137922714456e-07,6.0811289734746985e-06,0.14326738499035196,8,highpass
1.0013206549976635e-07,5.025979172580392e-07,2.0941034701512436e-07,1.9599137922714456e-07,6.058492302601439e-06,0.1432750459638612,8,highpass
1e-07,5.025979172580392e-07,2.0941034701512436e-07,1.9599137922714456e-07,6.058492302601439e-06,0.1432750459638612,8,highpass
1e-07,5.025979172580392e-07,2.0941034701512436e-07,1.9599137922714456e-07,6.058492302601439e-06,0.1432750459638612,8,highpass
1e-07,5.025979172580392e-07,2.0941034701512436e-07,1.9599137922714456e-07,6.058492302601439e-06,0.1432750459638612,8,highpass
1e-07,5.025979172580392e-07,2.0941034701512436e-07,1.9599137922714456e-07,5.981790297951616e-06,0.14896821104621766,8,highpass
1e-07,6.870035580897513e-07,2.0941034701512436e-07,1.9424927609707485e-07,6.0811289734746985e-06,0.004876096200645219,8,highpass
1e-07,5.025979172580392e-07,2.0941034701512436e-07,1.9424927609707485e-07,6.0811289734746985e-06,0.14381546485842478,8,highpass
1e-07,5.025979172580392e-07,1.5160322933007987e-07,1.9599137922714456e-07,6.058492302601439e-06,0.0900723535792291,8,highpass
1e-07,5.025979172580392e-07,2.0941034701512436e-07,1.9599137922714456e-07,6.058492302601439e-06,0.1432750459638612,8,highpass
1e-07,5.025979172580392e-07,2.0847947295417662e-07,1.9424927609707485e-07,6.0811289734746985e-06,0.1266705606743908,8,highpass
1e-07,5.025979172580392e-07,2.0941034701512436e-07,1.9599137922714456e-07,6.058492302601439e-06,0.1432750459638612,8,highpass
1e-07,5.025979172580392e-07,2.0941034701512436e-07,1.9424927609707485e-07,6.0811289734746985e-06,0.14381546485842478,8,highpass
1e-07,5.025979172580392e-07,2.0941034701512436e-07,1.9599137922714456e-07,6.058492302601439e-06,0.1432750459638612,8,highpass
1e-07,5.025979172580392e-07,2.0941034701512436e-07,1.9424927609707485e-07,6.0811289734746985e-06,0.14381546485842478,8,highpass
1e-07,5.025979172580392e-07,2.0941034701512436e-07,1.9599137922714456e-07,6.0811289734746985e-06,0.14326738499035196,8,highpass
1e-07,5.025979172580392e-07,2.0941034701512436e-07,1.9599137922714456e-07,6.058492302601439e-06,0.1432750459638612,8,highpass
1e-07,5.025979172580392e-07,2.0941034701512436e-07,1.9599137922714456e-07,6.058492302601439e-06,0.1432750459638612,8,highpass
1e-07,5.025979172580392e-07,2.0941034701512436e-07,1.9599137922714456e-07,6.058492302601439e-06,0.1432750459638612,8,highpass
2.2897960658678414e-07,5.025979172580392e-07,2.0941034701512436e-07,1.9599137922714456e-07,6.058492302601439e-06,-0.15013797420392733,8,highpass
1e-07,5.025979172580392e-07,2.0941034701512436e-07,1.9599137922714456e-07,6.058492302601439e-06,0.1432750459638612,8,highpass
1e-07,5.025979172580392e-07,2.0941034701512436e-07,1.9424927609707485e-07,6.0811289734746985e-06,0.14381546485842478,8,highpass
1e-07,5.025979172580392e-07,2.0941034701512436e-07,1.9599137922714456e-07,6.058492302601439e-06,0.1432750459638612,8,highpass
1e-07,5.025979172580392e-07,2.0941034701512436e-07,1.9424927609707485e-07,6.058492302601439e-06,0.14390270872271516,8,highpass
1e-07,5.025979172580392e-07,2.0941034701512436e-07,1.9424927609707485e-07,6.0811289734746985e-06,0.14381546485842478,8,highpass
1e-07,5.025979172580392e-07,2.0941034701512436e-07,1.9599137922714456e-07,6.058492302601439e-06,0.1432750459638612,8,highpass
1e-07,5.025979172580392e-07,2.0941034701512436e-07,1.9599137922714456e-07,5.981790297951616e-06,0.14896821104621766,9,highpass
1e-07,5.025979172580392e-07,2.0941034701512436e-07,1.9599137922714456e-07,6.058492302601439e-06,0.1432750459638612,9,highpass
1e-07,5.025979172580392e-07,2.0941034701512436e-07,1.9424927609707485e-07,6.0811289734746985e-06,0.14381546485842478,9,highpass
1e-07,5.025979172580392e-07,2.0941034701512436e-07,1.9424927609707485e-07,6.058492302601439e-06,0.14390270872271516,9,highpass
1e-07,5.025979172580392e-07,2.0941034701512436e-07,2.5083213170087077e-07,6.0811289734746985e-06,0.06854290892168657,9,highpass
1e-07,5.025979172580392e-07,2.0941034701512436e-07,1.9424927609707485e-07,6.058492302601439e-06,0.14390270872271516,9,highpass
1e-07,5.025979172580392e-07,2.0941034701512436e-07,1.9424927609707485e-07,6.0811289734746985e-06,0.14381546485842478,9,highpass
1e-07,5.025979172580392e-07,2.0941034701512436e-07,1.9599137922714456e-07,6.058492302601439e-06,0.1432750459638612,9,highpass
1e-07,5.025979172580392e-07,2.0941034701512436e-07,1.9424927609707485e-07,6.0811289734746985e-06,0.14381546485842478,9,highpass
1e-07,5.025979172580392e-07,2.0941034701512436e-07,1.9424927609707485e-07,6.058492302601439e-06,0.14390270872271516,9,highpass
1e-07,3.56823833376863e-07,2.0941034701512436e-07,1.9424927609707485e-07,6.0811289734746985e-06,0.10837652836596229,9,highpass
1e-07,5.025979172580392e-07,2.0941034701512436e-07,1.9424927609707485e-07,6.0811289734746985e-06,0.14381546485842478,9,highpass
1e-07,5.025979172580392e-07,2.0941034701512436e-07,1.9424927609707485e-07,6.0811289734746985e-06,0.14381546485842478,9,highpass
1e-07,5.025979172580392e-07,2.0941034701512436e-07,1.9424927609707485e-07,6.058492302601439e-06,0.14390270872271516,9,highpass
1e-07,5.025979172580392e-07,2.0941034701512436e-07,1.9424927609707485e-07,6.0811289734746985e-06,0.14381546485842478,9,highpass
1e-07,5.025979172580392e-07,2.0941034701512436e-07,1.9424927609707485e-07,6.0811289734746985e-06,0.14381546485842478,9,highpass
1e-07,5.025979172580392e-07,2.0941034701512436e-07,1.9424927609707485e-07,6.058492302601439e-06,0.14390270872271516,9,highpass
1e-07,5.025979172580392e-07,2.0941034701512436e-07,1.9424927609707485e-07,6.058492302601439e-06,0.14390270872271516,9,highpass
1e-07,5.025979172580392e-07,2.0941034701512436e-07,1.9424927609707485e-07,6.0811289734746985e-06,0.14381546485842478,9,highpass
1e-07,5.025979172580392e-07,2.0941034701512436e-07,1.9424927609707485e-07,6.0811289734746985e-06,0.14381546485842478,9,highpass
1e-07,5.025979172580392e-07,2.0941034701512436e-07,1.9424927609707485e-07,6.0811289734746985e-06,0.14381546485842478,9,highpass
1e-07,5.025979172580392e-07,2.0941034701512436e-07,1.9599137922714456e-07,5.981790297951616e-06,0.14896821104621766,9,highpass
1e-07,5.025979172580392e-07,2.0941034701512436e-07,1.9424927609707485e-07,6.0811289734746985e-06,0.14381546485842478,9,highpass
1e-07,5.025979172580392e-07,2.0941034701512436e-07,1.9424927609707485e-07,6.0811289734746985e-06,0.14381546485842478,9,highpass
1e-07,5.025979172580392e-07,2.0941034701512436e-07,1.9599137922714456e-07,6.0811289734746985e-06,0.14326738499035196,9,highpass
1e-07,5.025979172580392e-07,2.0941034701512436e-07,1.9599137922714456e-07,6.058492302601439e-06,0.1432750459638612,9,highpass
1e-07,5.025979172580392e-07,2.0941034701512436e-07,1.9424927609707485e-07,6.0811289734746985e-06,0.14381546485842478,9,highpass
1e-07,5.025979172580392e-07,1.7751771501600902e-07,1.9599137922714456e-07,6.058492302601439e-06,0.13137785429372223,9,highpass
1e-07,5.025979172580392e-07,2.0941034701512436e-07,1.9424927609707485e-07,6.058492302601439e-06,0.14390270872271516,9,highpass
1e-07,5.025979172580392e-07,2.0941034701512436e-07,1.9424927609707485e-07,5.981790297951616e-06,0.14947005507073197,9,highpass
1e-07,5.025979172580392e-07,2.0941034701512436e-07,1.9424927609707485e-07,5.981790297951616e-06,0.14947005507073197,10,highpass
1e-07,5.025979172580392e-07,2.0941034701512436e-07,1.9424927609707485e-07,6.058492302601439e-06,0.14390270872271516,10,highpass
1e-07,5.025979172580392e-07,2.0941034701512436e-07,1.9424927609707485e-07,6.0811289734746985e-06,0.14381546485842478,10,highpass
1e-07,5.025979172580392e-07,2.0941034701512436e-07,1.9424927609707485e-07,6.0811289734746985e-06,0.14381546485842478,10,highpass
1e-07,5.025979172580392e-07,2.0941034701512436e-07,1.9599137922714456e-07,5.981790297951616e-06,0.14896821104621766,10,highpass
1e-07,5.025979172580392e-07,2.0941034701512436e-07,1.9599137922714456e-07,5.981790297951616e-06,0.14896821104621766,10,highpass
1e-07,5.025979172580392e-07,2.0941034701512436e-07,2.8321367185154073e-07,5.981790297951616e-06,0.05542494967162548,10,highpass
1e-07,5.025979172580392e-07,2.0941034701512436e-07,1.9424927609707485e-07,6.058492302601439e-06,0.14390270872271516,10,highpass
1e-07,5.025979172580392e-07,2.0941034701512436e-07,1.9424927609707485e-07,6.058492302601439e-06,0.14390270872271516,10,highpass
1e-07,5.025979172580392e-07,2.0941034701512436e-07,1.9424927609707485e-07,6.058492302601439e-06,0.14390270872271516,10,highpass
1e-07,5.025979172580392e-07,2.0941034701512436e-07,1.9424927609707485e-07,6.058492302601439e-06,0.14390270872271516,10,highpass
1.053819256727689e-07,5.025979172580392e-07,2.0941034701512436e-07,1.9424927609707485e-07,6.058492302601439e-06,0.11595814534329202,10,highpass
1e-07,5.118790149057532e-07,2.0941034701512436e-07,1.9599137922714456e-07,5.981790297951616e-06,0.13994611720857292,10,highpass
1e-07,5.025979172580392e-07,2.0941034701512436e-07,1.9424927609707485e-07,4.965308377447891e-05,0.12368081339085002,10,highpass
1e-07,5.025979172580392e-07,2.0941034701512436e-07,1.9599137922714456e-07,2.9973858507878092e-05,0.12228779428144765,10,highpass
1e-07,5.025979172580392e-07,2.0941034701512436e-07,1.9424927609707485e-07,6.058492302601439e-06,0.14390270872271516,10,highpass
1e-07,5.025979172580392e-07,2.0941034701512436e-07,1.9424927609707485e-07,6.0811289734746985e-06,0.14381546485842478,10,highpass
1e-07,5.025979172580392e-07,2.0941034701512436e-07,1.9424927609707485e-07,6.058492302601439e-06,0.14390270872271516,10,highpass
1e-07,5.025979172580392e-07,2.0941034701512436e-07,1.6941137440156e-07,6.058492302601439e-06,0.11215721933333272,10,highpass
1e-07,5.025979172580392e-07,2.0941034701512436e-07,1.9424927609707485e-07,6.058492302601439e-06,0.14390270872271516,10,highpass
1e-07,5.025979172580392e-07,2.0941034701512436e-07,1.9424927609707485e-07,1.1670812793106167e-05,0.1258485994846832,10,highpass
1e-07,5.025979172580392e-07,2.0941034701512436e-07,1.9424927609707485e-07,6.0811289734746985e-06,0.14381546485842478,10,highpass
1e-07,5.025979172580392e-07,2.0941034701512436e-07,1.9424927609707485e-07,5.981790297951616e-06,0.14947005507073197,10,highpass
1e-07,5.025979172580392e-07,2.0941034701512436e-07,1.9424927609707485e-07,6.058492302601439e-06,0.14390270872271516,10,highpass
1e-07,5.025979172580392e-07,2.0941034701512436e-07,1.9424927609707485e-07,6.0811289734746985e-06,0.14381546485842478,10,highpass
1e-07,5.025979172580392e-07,2.0941034701512436e-07,1.9424927609707485e-07,2.1375005440141174e-05,0.12143526810690264,10,highpass
1e-07,5.025979172580392e-07,2.0941034701512436e-07,1.9424927609707485e-07,5.981790297951616e-06,0.14947005507073197,10,highpass
1e-07,5.025979172580392e-07,2.0941034701512436e-07,1.9599137922714456e-07,6.058492302601439e-06,0.1432750459638612,10,highpass
1e-07,5.025979172580392e-07,2.0941034701512436e-07,1.9599137922714456e-07,5.981790297951616e-06,0.14896821104621766,10,highpass
1e-07,5.025979172580392e-07,2.0941034701512436e-07,1.9424927609707485e-07,6.058492302601439e-06,0.14390270872271516,10,highpass
1e-07,5.025979172580392e-07,2.0941034701512436e-07,1.9424927609707485e-07,5.981790297951616e-06,0.14947005507073197,11,highpass
1e-07,5.025979172580392e-07,2.0941034701512436e-07,1.9424927609707485e-07,5.981790297951616e-06,0.14947005507073197,11,highpass
1e-07,5.025979172580392e-07,2.0941034701512436e-07,1.9424927609707485e-07,6.058492302601439e-06,0.14390270872271516,11,highpass
1e-07,5.025979172580392e-07,1.8946894787866185e-07,1.9424927609707485e-07,6.058492302601439e-06,0.12383339491172851,11,highpass
1e-07,5.025979172580392e-07,2.0941034701512436e-07,1.9424927609707485e-07,6.058492302601439e-06,0.14390270872271516,11,highpass
1e-07,5.025979172580392e-07,2.0941034701512436e-07,1.9424927609707485e-07,6.058492302601439e-06,0.14390270872271516,11,highpass
1e-07,5.025979172580392e-07,2.0941034701512436e-07,1.9424927609707485e-07,5.981790297951616e-06,0.14947005507073197,11,highpass
1e-07,5.025979172580392e-07,2.0941034701512436e-07,1.9424927609707485e-07,5.981790297951616e-06,0.14947005507073197,11,highpass
1.0298922509160908e-07,5.025979172580392e-07,2.0941034701512436e-07,1.9424927609707485e-07,5.981790297951616e-06,0.13429584785493376,11,highpass
1e-07,5.025979172580392e-07,2.0941034701512436e-07,1.9424927609707485e-07,5.981790297951616e-06,0.14947005507073197,11,highpass
1e-07,5.025979172580392e-07,2.0941034701512436e-07,1.9424927609707485e-07,5.981790297951616e-06,0.14947005507073197,11,highpass
1e-07,5.025979172580392e-07,2.0941034701512436e-07,1.9424927609707485e-07,5.981790297951616e-06,0.14947005507073197,11,highpass
1e-07,5.025979172580392e-07,2.0941034701512436e-07,1.9424927609707485e-07,6.058492302601439e-06,0.14390270872271516,11,highpass
1e-07,5.025979172580392e-07,2.0941034701512436e-07,1.9599137922714456e-07,5.981790297951616e-06,0.14896821104621766,11,highpass
1e-07,5.025979172580392e-07,2.0941034701512436e-07,1.9424927609707485e-07,6.058492302601439e-06,0.14390270872271516,11,highpass
1e-07,5.025979172580392e-07,2.0941034701512436e-07,1.9424927609707485e-07,5.981790297951616e-06,0.14947005507073197,11,highpass
1e-07,4.846897684558492e-07,2.0941034701512436e-07,1.9424927609707485e-07,6.058492302601439e-06,0.14054687312868674,11,highpass
1e-07,5.025979172580392e-07,2.0941034701512436e-07,1.9424927609707485e-07,6.058492302601439e-06,0.14390270872271516,11,highpass
1e-07,5.025979172580392e-07,2.0941034701512436e-07,1.9424927609707485e-07,5.981790297951616e-06,0.14947005507073197,11,highpass
1e-07,5.025979172580392e-07,2.0941034701512436e-07,1.9424927609707485e-07,6.058492302601439e-06,0.14390270872271516,11,highpass
1e-07,5.025979172580392e-07,2.0941034701512436e-07,1.9424927609707485e-07,6.058492302601439e-06,0.14390270872271516,11,highpass
1e-07,5.025979172580392e-07,2.0941034701512436e-07,1.9424927609707485e-07,5.981790297951616e-06,0.14947005507073197,11,highpass
1e-07,5.025979172580392e-07,1.1583334674888474e-07,1.9424927609707485e-07,6.058492302601439e-06,0.07796095495667935,11,highpass
1e-07,5.025979172580392e-07,2.0941034701512436e-07,1.9599137922714456e-07,5.981790297951616e-06,0.14896821104621766,11,highpass
1e-07,5.025979172580392e-07,2.0941034701512436e-07,1.9424927609707485e-07,5.981790297951616e-06,0.14947005507073197,11,highpass
1e-07,5.025979172580392e-07,2.0941034701512436e-07,1.9424927609707485e-07,6.058492302601439e-06,0.14390270872271516,11,highpass
1.0191437168426801e-07,5.025979172580392e-07,2.0941034701512436e-07,1.9424927609707485e-07,5.981790297951616e-06,0.13803085961180495,11,highpass
1e-07,5.025979172580392e-07,2.0941034701512436e-07,1.9424927609707485e-07,6.058492302601439e-06,0.14390270872271516,11,highpass
1e-07,5.025979172580392e-07,2.0941034701512436e-07,1.9424927609707485e-07,1.2601204867407964e-05,0.1328393572149258,11,highpass
1e-07,5.025979172580392e-07,2.0941034701512436e-07,1.9424927609707485e-07,6.058492302601439e-06,0.14390270872271516,11,highpass
1e-07,5.025979172580392e-07,2.0941034701512436e-07,1.9424927609707485e-07,5.981790297951616e-06,0.14947005507073197,12,highpass
1e-07,5.025979172580392e-07,2.0941034701512436e-07,1.9424927609707485e-07,5.981790297951616e-06,0.14947005507073197,12,highpass
1e-07,5.025979172580392e-07,2.0941034701512436e-07,1.9424927609707485e-07,5.981790297951616e-06,0.14947005507073197,12,highpass
1e-07,5.025979172580392e-07,2.0941034701512436e-07,1.9424927609707485e-07,5.981790297951616e-06,0.14947005507073197,12,highpass
1e-07,5.025979172580392e-07,2.3204574145308772e-07,1.9424927609707485e-07,5.981790297951616e-06,0.11726144182433051,12,highpass
1e-07,5.025979172580392e-07,2.0941034701512436e-07,1.9599137922714456e-07,5.981790297951616e-06,0.14896821104621766,12,highpass
1e-07,5.025979172580392e-07,2.0941034701512436e-07,1.9424927609707485e-07,5.981790297951616e-06,0.14947005507073197,12,highpass
1e-07,5.025979172580392e-07,2.0941034701512436e-07,1.9424927609707485e-07,5.981790297951616e-06,0.14947005507073197,12,highpass
1e-07,5.025979172580392e-07,2.0941034701512436e-07,1.9424927609707485e-07,5.981790297951616e-06,0.14947005507073197,12,highpass
1e-07,5.025979172580392e-07,2.0941034701512436e-07,1.9424927609707485e-07,5.981790297951616e-06,0.14947005507073197,12,highpass
1e-07,5.025979172580392e-07,2.0941034701512436e-07,1.9016174687385066e-07,5.981790297951616e-06,0.14720254512754144,12,highpass
1e-07,5.025979172580392e-07,2.0941034701512436e-07,1.9424927609707485e-07,3.654095159675462e-05,0.12156170195183569,12,highpass
1e-07,5.025979172580392e-07,2.0941034701512436e-07,1.9424927609707485e-07,5.981790297951616e-06,0.14947005507073197,12,highpass
1e-07,5.025979172580392e-07,2.0941034701512436e-07,1.9424927609707485e-07,5.981790297951616e-06,0.14947005507073197,12,highpass
1e-07,5.025979172580392e-07,2.0941034701512436e-07,1.9424927609707485e-07,5.981790297951616e-06,0.14947005507073197,12,highpass
1e-07,5.025979172580392e-07,2.0941034701512436e-07,1.9424927609707485e-07,5.981790297951616e-06,0.14947005507073197,12,highpass
1e-07,5.025979172580392e-07,2.0941034701512436e-07,1.9424927609707485e-07,7.148520398473449e-06,0.1369192143745696,12,highpass
1e-07,5.025979172580392e-07,2.0941034701512436e-07,2.4332679861301127e-07,5.981790297951616e-06,0.11485951518242321,12,highpass
1e-07,5.025979172580392e-07,2.0941034701512436e-07,1.9424927609707485e-07,5.981790297951616e-06,0.14947005507073197,12,highpass
1e-07,5.025979172580392e-07,2.0941034701512436e-07,1.9424927609707485e-07,5.981790297951616e-06,0.14947005507073197,12,highpass
1e-07,5.025979172580392e-07,2.0941034701512436e-07,1.9424927609707485e-07,5.981790297951616e-06,0.14947005507073197,12,highpass
1e-07,5.025979172580392e-07,2.0941034701512436e-07,1.9424927609707485e-07,5.981790297951616e-06,0.14947005507073197,12,highpass
1.6951363894671782e-07,5.025979172580392e-07,2.0941034701512436e-07,1.9424927609707485e-07,5.981790297951616e-06,0.052203552428917055,12,highpass
1e-07,5.025979172580392e-07,2.0941034701512436e-07,1.9424927609707485e-07,5.981790297951616e-06,0.14947005507073197,12,highpass
1e-07,5.025979172580392e-07,2.0941034701512436e-07,1.9424927609707485e-07,5.981790297951616e-06,0.14947005507073197,12,highpass
1e-07,5.025979172580392e-07,2.0941034701512436e-07,1.9424927609707485e-07,5.981790297951616e-06,0.14947005507073197,12,highpass
1e-07,5.025979172580392e-07,2.0941034701512436e-07,1.9599137922714456e-07,1.6699301408951716e-05,0.12770843679068622,12,highpass
1e-07,5.025979172580392e-07,2.0941034701512436e-07,1.9424927609707485e-07,5.981790297951616e-06,0.14947005507073197,12,highpass
1e-07,5.025979172580392e-07,2.0941034701512436e-07,1.9424927609707485e-07,5.981790297951616e-06,0.14947005507073197,12,highpass
1e-07,5.025979172580392e-07,2.0941034701512436e-07,1.9424927609707485e-07,5.981790297951616e-06,0.14947005507073197,12,highpass
1e-07,5.025979172580392e-07,2.0941034701512436e-07,1.9424927609707485e-07,5.981790297951616e-06,0.14947005507073197,13,highpass
1e-07,5.025979172580392e-07,2.0941034701512436e-07,1.9424927609707485e-07,5.981790297951616e-06,0.14947005507073197,13,highpass
1e-07,5.025979172580392e-07,2.0941034701512436e-07,1.9424927609707485e-07,5.981790297951616e-06,0.14947005507073197,13,highpass
1e-07,5.025979172580392e-07,2.0941034701512436e-07,1.9424927609707485e-07,5.981790297951616e-06,0.14947005507073197,13,highpass
1e-07,5.025979172580392e-07,2.0941034701512436e-07,2.2074866716897598e-07,5.981790297951616e-06,0.12040868955495221,13,highpass
1e-07,5.025979172580392e-07,2.0941034701512436e-07,1.9424927609707485e-07,5.981790297951616e-06,0.14947005507073197,13,highpass
1e-07,5.025979172580392e-07,2.0941034701512436e-07,1.9424927609707485e-07,5.981790297951616e-06,0.14947005507073197,13,highpass
1e-07,5.025979172580392e-07,2.0941034701512436e-07,1.9424927609707485e-07,5.981790297951616e-06,0.14947005507073197,13,highpass
1e-07,5.025979172580392e-07,2.0941034701512436e-07,1.9424927609707485e-07,5.981790297951616e-06,0.14947005507073197,13,highpass
1e-07,5.025979172580392e-07,2.0941034701512436e-07,1.9424927609707485e-07,5.981790297951616e-06,0.14947005507073197,13,highpass
1e-07,5.025979172580392e-07,2.0941034701512436e-07,1.9424927609707485e-07,5.981790297951616e-06,0.14947005507073197,13,highpass
1e-07,5.025979172580392e-07,2.0941034701512436e-07,1.8778975710977468e-07,5.981790297951616e-06,0.14413223950120757,13,highpass
1e-07,5.025979172580392e-07,2.0941034701512436e-07,1.9424927609707485e-07,5.981790297951616e-06,0.14947005507073197,13,highpass
1e-07,5.025979172580392e-07,2.0941034701512436e-07,1.9424927609707485e-07,5.981790297951616e-06,0.14947005507073197,13,highpass
1e-07,5.025979172580392e-07,2.0941034701512436e-07,1.9424927609707485e-07,5.981790297951616e-06,0.14947005507073197,13,highpass
1e-07,5.025979172580392e-07,2.0941034701512436e-07,1.9424927609707485e-07,5.981790297951616e-06,0.14947005507073197,13,highpass
1e-07,5.025979172580392e-07,2.0941034701512436e-07,1.9424927609707485e-07,5.981790297951616e-06,0.14947005507073197,13,highpass
1e-07,5.025979172580392e-07,2.0941034701512436e-07,1.9424927609707485e-07,5.981790297951616e-06,0.14947005507073197,13,highpass
1e-07,5.025979172580392e-07,2.0941034701512436e-07,1.9424927609707485e-07,5.981790297951616e-06,0.14947005507073197,13,highpass
1e-07,5.025979172580392e-07,2.0941034701512436e-07,1.9424927609707485e-07,5.981790297951616e-06,0.14947005507073197,13,highpass
1e-07,5.025979172580392e-07,2.0941034701512436e-07,1.9424927609707485e-07,5.981790297951616e-06,0.14947005507073197,13,highpass
1e-07,5.025979172580392e-07,2.0941034701512436e-07,1.9424927609707485e-07,5.981790297951616e-06,0.14947005507073197,13,highpass
1e-07,5.025979172580392e-07,2.0941034701512436e-07,1.9424927609707485e-07,4.5124832101467865e-05,0.11437310095061959,13,highpass
1e-07,5.025979172580392e-07,2.0941034701512436e-07,1.9424927609707485e-07,5.981790297951616e-06,0.14947005507073197,13,highpass
1.0566520088217855e-07,5.025979172580392e-07,2.0941034701512436e-07,1.9424927609707485e-07,5.981790297951616e-06,0.12776069150831315,13,highpass
1e-07,5.025979172580392e-07,2.0941034701512436e-07,1.9424927609707485e-07,5.981790297951616e-06,0.14947005507073197,13,highpass
1e-07,5.025979172580392e-07,2.0941034701512436e-07,1.9424927609707485e-07,5.981790297951616e-06,0.14947005507073197,13,highpass
1e-07,5.025979172580392e-07,2.0941034701512436e-07,1.9424927609707485e-07,5.981790297951616e-06,0.14947005507073197,13,highpass
1.9251975863267885e-07,5.025979172580392e-07,2.0941034701512436e-07,1.9424927609707485e-07,5.981790297951616e-06,0.013195617865333353,13,highpass
1e-07,5.025979172580392e-07,2.0941034701512436e-07,1.9424927609707485e-07,5.981790297951616e-06,0.14947005507073197,13,highpass
1e-07,5.025979172580392e-07,2.0941034701512436e-07,1.9424927609707485e-07,5.981790297951616e-06,0.14947005507073197,14,highpass
1e-07,5.025979172580392e-07,2.0941034701512436e-07,1.9424927609707485e-07,5.981790297951616e-06,0.14947005507073197,14,highpass
1e-07,5.025979172580392e-07,2.0941034701512436e-07,1.9424927609707485e-07,5.981790297951616e-06,0.14947005507073197,14,highpass
1e-07,5.025979172580392e-07,2.0941034701512436e-07,1.9424927609707485e-07,5.981790297951616e-06,0.14947005507073197,14,highpass
1e-07,5.025979172580392e-07,2.0941034701512436e-07,1.9424927609707485e-07,5.981790297951616e-06,0.14947005507073197,14,highpass
1e-07,3.7851246405239466e-07,2.0941034701512436e-07,1.9424927609707485e-07,5.981790297951616e-06,0.10695731129884745,14,highpass
1e-07,5.025979172580392e-07,2.0941034701512436e-07,1.9424927609707485e-07,5.981790297951616e-06,0.14947005507073197,14,highpass
1e-07,5.025979172580392e-07,2.0941034701512436e-07,1.9424927609707485e-07,5.981790297951616e-06,0.14947005507073197,14,highpass
1e-07,5.025979172580392e-07,2.0941034701512436e-07,1.9424927609707485e-07,3.0158309767904407e-05,0.12278329518058684,14,highpass
1e-07,5.025979172580392e-07,2.0941034701512436e-07,1.9424927609707485e-07,5.981790297951616e-06,0.14947005507073197,14,highpass
1e-07,5.025979172580392e-07,2.0941034701512436e-07,1.9424927609707485e-07,5.981790297951616e-06,0.14947005507073197,14,highpass
1e-07,5.025979172580392e-07,2.0941034701512436e-07,1.9424927609707485e-07,5.981790297951616e-06,0.14947005507073197,14,highpass
1e-07,5.025979172580392e-07,2.0941034701512436e-07,1.9424927609707485e-07,5.981790297951616e-06,0.14947005507073197,14,highpass
1e-07,5.025979172580392e-07,2.0941034701512436e-07,1.9424927609707485e-07,5.981790297951616e-06,0.14947005507073197,14,highpass
1.0144274064896541e-07,5.025979172580392e-07,2.0941034701512436e-07,1.9424927609707485e-07,5.981790297951616e-06,0.1415547503152061,14,highpass
1e-07,5.025979172580392e-07,2.0941034701512436e-07,1.9424927609707485e-07,5.981790297951616e-06,0.14947005507073197,14,highpass
1e-07,5.025979172580392e-07,2.0941034701512436e-07,1.9424927609707485e-07,5.981790297951616e-06,0.14947005507073197,14,highpass
1e-07,5.025979172580392e-07,2.0941034701512436e-07,1.9424927609707485e-07,5.981790297951616e-06,0.14947005507073197,14,highpass
1e-07,5.025979172580392e-07,2.0941034701512436e-07,1.9424927609707485e-07,5.981790297951616e-06,0.14947005507073197,14,highpass
1e-07,5.025979172580392e-07,2.0941034701512436e-07,1.9424927609707485e-07,5.981790297951616e-06,0.14947005507073197,14,highpass
1e-07,5.025979172580392e-07,2.3794083754639593e-07,1.9424927609707485e-07,5.981790297951616e-06,0.12732126151702827,14,highpass
1e-07,5.025979172580392e-07,2.0941034701512436e-07,1.9424927609707485e-07,5.981790297951616e-06,0.14947005507073197,14,highpass
1e-07,5.025979172580392e-07,2.0941034701512436e-07,1.9424927609707485e-07,5.981790297951616e-06,0.14947005507073197,14,highpass
1e-07,5.025979172580392e-07,2.0941034701512436e-07,2.0022388093635058e-07,5.981790297951616e-06,0.14755411534293644,14,highpass
1e-07,5.025979172580392e-07,2.0941034701512436e-07,1.9424927609707485e-07,5.981790297951616e-06,0.14947005507073197,14,highpass
1e-07,5.025979172580392e-07,2.0941034701512436e-07,1.9424927609707485e-07,5.981790297951616e-06,0.14947005507073197,14,highpass
1e-07,5.025979172580392e-07,2.0941034701512436e-07,1.9424927609707485e-07,5.981790297951616e-06,0.14947005507073197,14,highpass
1e-07,5.025979172580392e-07,2.0941034701512436e-07,2.2894970206439597e-07,5.981790297951616e-06,0.11803941623271896,14,highpass
1e-07,5.025979172580392e-07,2.0941034701512436e-07,1.9424927609707485e-07,5.981790297951616e-06,0.14947005507073197,14,highpass
1e-07,5.025979172580392e-07,2.0941034701512436e-07,1.9424927609707485e-07,5.981790297951616e-06,0.14947005507073197,14,highpass
1e-07,5.025979172580392e-07,2.0941034701512436e-07,1.9424927609707485e-07,5.981790297951616e-06,0.14947005507073197,15,highpass
1e-07,5.025979172580392e-07,2.0941034701512436e-07,1.9424927609707485e-07,5.981790297951616e-06,0.14947005507073197,15,highpass
1e-07,5.025979172580392e-07,2.0941034701512436e-07,1.9424927609707485e-07,5.981790297951616e-06,0.14947005507073197,15,highpass
1e-07,4.3378410675165347e-07,2.0941034701512436e-07,1.9424927609707485e-07,5.981790297951616e-06,0.11221784030070975,15,highpass
1e-07,5.025979172580392e-07,2.0941034701512436e-07,1.9424927609707485e-07,5.981790297951616e-06,0.14947005507073197,15,highpass
1e-07,5.025979172580392e-07,2.0941034701512436e-07,1.9424927609707485e-07,5.981790297951616e-06,0.14947005507073197,15,highpass
1e-07,5.025979172580392e-07,2.0941034701512436e-07,1.9424927609707485e-07,5.981790297951616e-06,0.14947005507073197,15,highpass
1e-07,5.025979172580392e-07,2.0941034701512436e-07,1.9424927609707485e-07,5.981790297951616e-06,0.14947005507073197,15,highpass
1e-07,5.025979172580392e-07,2.0941034701512436e-07,1.9424927609707485e-07,5.981790297951616e-06,0.14947005507073197,15,highpass
1e-07,5.025979172580392e-07,2.0941034701512436e-07,1.9424927609707485e-07,5.981790297951616e-06,0.14947005507073197,15,highpass
1e-07,5.025979172580392e-07,2.046874932469692e-07,1.9424927609707485e-07,5.981790297951616e-06,0.13732390893700186,15,highpass
1e-07,5.025979172580392e-07,2.0941034701512436e-07,1.9424927609707485e-07,5.981790297951616e-06,0.14947005507073197,15,highpass
1e-07,5.025979172580392e-07,2.0941034701512436e-07,1.9424927609707485e-07,5.981790297951616e-06,0.14947005507073197,15,highpass
1e-07,5.025979172580392e-07,1.0455248860086576e-07,1.9424927609707485e-07,5.981790297951616e-06,0.0693896947338398,15,highpass
1e-07,5.063825707644036e-07,2.0941034701512436e-07,1.9424927609707485e-07,5.981790297951616e-06,0.14817173414612061,15,highpass
1e-07,5.025979172580392e-07,2.0941034701512436e-07,1.9424927609707485e-07,5.981790297951616e-06,0.14947005507073197,15,highpass
1e-07,5.025979172580392e-07,2.0941034701512436e-07,1.9424927609707485e-07,5.981790297951616e-06,0.14947005507073197,15,highpass
1e-07,5.025979172580392e-07,2.0941034701512436e-07,2.7646490261313663e-07,5.981790297951616e-06,0.05887932332933499,15,highpass
1e-07,5.025979172580392e-07,2.0941034701512436e-07,1.9424927609707485e-07,5.981790297951616e-06,0.14947005507073197,15,highpass
1e-07,5.025979172580392e-07,2.0941034701512436e-07,1.9424927609707485e-07,5.981790297951616e-06,0.14947005507073197,15,highpass
1.0036692434327846e-07,5.025979172580392e-07,2.0941034701512436e-07,1.9424927609707485e-07,5.981790297951616e-06,0.14947005507073197,15,highpass
1e-07,5.025979172580392e-07,2.0941034701512436e-07,1.9424927609707485e-07,5.981790297951616e-06,0.14947005507073197,15,highpass
1e-07,5.834579899777566e-07,2.0941034701512436e-07,1.9424927609707485e-07,5.981790297951616e-06,0.10045521826987036,15,highpass
1e-07,5.025979172580392e-07,2.0941034701512436e-07,1.9424927609707485e-07,5.981790297951616e-06,0.14947005507073197,15,highpass
1e-07,5.436848254591339e-07,2.0941034701512436e-07,1.9424927609707485e-07,5.981790297951616e-06,0.1202337895735116,15,highpass
1e-07,5.025979172580392e-07,2.0941034701512436e-07,1.9424927609707485e-07,5.981790297951616e-06,0.14947005507073197,15,highpass
1e-07,5.025979172580392e-07,2.0941034701512436e-07,1.9424927609707485e-07,5.981790297951616e-06,0.14947005507073197,15,highpass
1e-07,5.025979172580392e-07,2.1653201449319123e-07,1.9424927609707485e-07,5.981790297951616e-06,0.11713542714275149,15,highpass
1e-07,5.025979172580392e-07,2.0941034701512436e-07,1.9424927609707485e-07,5.981790297951616e-06,0.14947005507073197,15,highpass
1e-07,5.025979172580392e-07,2.0941034701512436e-07,1.9424927609707485e-07,5e-06,0.13491225443605753,15,highpass
1e-07,5.025979172580392e-07,2.0941034701512436e-07,1.9424927609707485e-07,5.981790297951616e-06,0.14947005507073197,16,highpass
1.0093602614829902e-07,5.025979172580392e-07,2.0941034701512436e-07,1.9424927609707485e-07,5.981790297951616e-06,0.14297201402045662,16,highpass
1e-07,5.025979172580392e-07,2.0941034701512436e-07,1.9424927609707485e-07,5.981790297951616e-06,0.14947005507073197,16,highpass
1.291428349218879e-07,5.025979172580392e-07,2.0941034701512436e-07,1.9424927609707485e-07,5.981790297951616e-06,0.11626146767553663,16,highpass
1e-07,5.025979172580392e-07,2.0941034701512436e-07,1.9424927609707485e-07,5.981790297951616e-06,0.14947005507073197,16,highpass
1e-07,5.025979172580392e-07,2.0941034701512436e-07,1.9424927609707485e-07,5.981790297951616e-06,0.14947005507073197,16,highpass
1e-07,5.025979172580392e-07,2.0941034701512436e-07,1.9424927609707485e-07,5.981790297951616e-06,0.14947005507073197,16,highpass
1e-07,5.025979172580392e-07,2.0941034701512436e-07,1.9424927609707485e-07,5.981790297951616e-06,0.14947005507073197,16,highpass
1e-07,5.025979172580392e-07,2.0941034701512436e-07,1.9424927609707485e-07,5.981790297951616e-06,0.14947005507073197,16,highpass
1e-07,5.025979172580392e-07,2.0941034701512436e-07,1.9424927609707485e-07,5.981790297951616e-06,0.14947005507073197,16,highpass
1.0598530764639745e-07,5.025979172580392e-07,2.0941034701512436e-07,1.9424927609707485e-07,5.981790297951616e-06,0.13205100732285902,16,highpass
1.938190450715875e-07,5.025979172580392e-07,2.0941034701512436e-07,1.9424927609707485e-07,5.981790297951616e-06,0.005200701306444011,16,highpass
1e-07,5.025979172580392e-07,2.0941034701512436e-07,1.9424927609707485e-07,5.981790297951616e-06,0.14947005507073197,16,highpass
1e-07,5.025979172580392e-07,2.0941034701512436e-07,1.9424927609707485e-07,5.981790297951616e-06,0.14947005507073197,16,highpass
1e-07,5.025979172580392e-07,2.0941034701512436e-07,1.9424927609707485e-07,5.981790297951616e-06,0.14947005507073197,16,highpass
1e-07,5.025979172580392e-07,2.0941034701512436e-07,1.9424927609707485e-07,5.981790297951616e-06,0.14947005507073197,16,highpass
1.6038546956801944e-07,5.025979172580392e-07,2.0941034701512436e-07,1.9424927609707485e-07,5.981790297951616e-06,0.04934705054401156,16,highpass
1e-07,5.025979172580392e-07,2.1280890737711552e-07,1.9424927609707485e-07,5.981790297951616e-06,0.12759826807423663,16,highpass
1e-07,5.025979172580392e-07,2.0941034701512436e-07,1.9424927609707485e-07,5.981790297951616e-06,0.14947005507073197,16,highpass
1e-07,5.025979172580392e-07,2.0941034701512436e-07,1.9424927609707485e-07,5.981790297951616e-06,0.14947005507073197,16,highpass
1e-07,5.025979172580392e-07,2.0941034701512436e-07,1.9424927609707485e-07,5.981790297951616e-06,0.14947005507073197,16,highpass
1e-07,5.025979172580392e-07,2.0941034701512436e-07,1.9424927609707485e-07,2.4954451102831107e-05,0.13601909306203314,16,highpass
1e-07,5.025979172580392e-07,2.0941034701512436e-07,1.9424927609707485e-07,5.981790297951616e-06,0.14947005507073197,16,highpass
1e-07,5.025979172580392e-07,2.0941034701512436e-07,1.9424927609707485e-07,5.981790297951616e-06,0.14947005507073197,16,highpass
1e-07,5.025979172580392e-07,2.0941034701512436e-07,1.9424927609707485e-07,5.981790297951616e-06,0.14947005507073197,16,highpass
1e-07,5.025979172580392e-07,2.0941034701512436e-07,1.9424927609707485e-07,5e-06,0.13491225443605753,16,highpass
1e-07,5.025979172580392e-07,2.0941034701512436e-07,1.9424927609707485e-07,5.981790297951616e-06,0.14947005507073197,16,highpass
1e-07,5.025979172580392e-07,2.0941034701512436e-07,1.9424927609707485e-07,5.981790297951616e-06,0.14947005507073197,16,highpass
1e-07,5.025979172580392e-07,2.0941034701512436e-07,1.9424927609707485e-07,5.981790297951616e-06,0.14947005507073197,16,highpass
1e-07,5.025979172580392e-07,2.0941034701512436e-07,1.9424927609707485e-07,5.981790297951616e-06,0.14947005507073197,16,highpass
1e-07,5.025979172580392e-07,2.0941034701512436e-07,1.9424927609707485e-07,5.981790297951616e-06,0.14947005507073197,17,highpass
1e-07,5.025979172580392e-07,2.0941034701512436e-07,1.9424927609707485e-07,5.981790297951616e-06,0.14947005507073197,17,highpass
1e-07,5.025979172580392e-07,2.0941034701512436e-07,1.9424927609707485e-07,5.981790297951616e-06,0.14947005507073197,17,highpass
1e-07,5.025979172580392e-07,2.0941034701512436e-07,1.9424927609707485e-07,6.085090536807401e-06,0.14375696095674345,17,highpass
1e-07,5.025979172580392e-07,2.0941034701512436e-07,1.9424927609707485e-07,5.981790297951616e-06,0.14947005507073197,17,highpass
1e-07,5.025979172580392e-07,2.0941034701512436e-07,1.9424927609707485e-07,5.981790297951616e-06,0.14947005507073197,17,highpass
1e-07,5.025979172580392e-07,2.0941034701512436e-07,1.9424927609707485e-07,5.981790297951616e-06,0.14947005507073197,17,highpass
1e-07,5.025979172580392e-07,2.0941034701512436e-07,1.9424927609707485e-07,5.981790297951616e-06,0.14947005507073197,17,highpass
1e-07,5.025979172580392e-07,1.9163740896412795e-07,1.9424927609707485e-07,5.981790297951616e-06,0.12407801100758103,17,highpass
1e-07,5.025979172580392e-07,2.0941034701512436e-07,1.9424927609707485e-07,5.981790297951616e-06,0.14947005507073197,17,highpass
1e-07,5.025979172580392e-07,2.0941034701512436e-07,1.9424927609707485e-07,5.981790297951616e-06,0.14947005507073197,17,highpass
1e-07,5.025979172580392e-07,2.0941034701512436e-07,1.9424927609707485e-07,5.981790297951616e-06,0.14947005507073197,17,highpass
1e-07,5.025979172580392e-07,2.0941034701512436e-07,1.9424927609707485e-07,5.981790297951616e-06,0.14947005507073197,17,highpass
1e-07,5.025979172580392e-07,2.0941034701512436e-07,2.010059655727673e-07,5.981790297951616e-06,0.14613128228350575,17,highpass
1e-07,5.025979172580392e-07,2.0941034701512436e-07,1.9424927609707485e-07,5.981790297951616e-06,0.14947005507073197,17,highpass
1e-07,5.025979172580392e-07,2.0941034701512436e-07,1.9424927609707485e-07,5.981790297951616e-06,0.14947005507073197,17,highpass
1e-07,5.025979172580392e-07,2.0941034701512436e-07,1.9424927609707485e-07,5.981790297951616e-06,0.14947005507073197,17,highpass
1e-07,5.025979172580392e-07,2.0941034701512436e-07,1.9424927609707485e-07,5.981790297951616e-06,0.14947005507073197,17,highpass
1e-07,5.025979172580392e-07,2.0941034701512436e-07,1.9424927609707485e-07,5.981790297951616e-06,0.14947005507073197,17,highpass
1.2392226249537392e-07,5.025979172580392e-07,2.0941034701512436e-07,1.9424927609707485e-07,5.981790297951616e-06,0.11632908851692647,17,highpass
1e-07,5.025979172580392e-07,2.0941034701512436e-07,1.9424927609707485e-07,5.981790297951616e-06,0.14947005507073197,17,highpass
1e-07,5.025979172580392e-07,2.0941034701512436e-07,1.9424927609707485e-07,5.981790297951616e-06,0.14947005507073197,17,highpass
1e-07,5.025979172580392e-07,2.0941034701512436e-07,1.9424927609707485e-07,5.981790297951616e-06,0.14947005507073197,17,highpass
1e-07,5.025979172580392e-07,2.0941034701512436e-07,1.9424927609707485e-07,5.981790297951616e-06,0.14947005507073197,17,highpass
1e-07,5.025979172580392e-07,2.0941034701512436e-07,1.9424927609707485e-07,5.981790297951616e-06,0.14947005507073197,17,highpass
1e-07,5.025979172580392e-07,2.0941034701512436e-07,1.9424927609707485e-07,5.981790297951616e-06,0.14947005507073197,17,highpass
1e-07,5.025979172580392e-07,2.0941034701512436e-07,1.9424927609707485e-07,5.981790297951616e-06,0.14947005507073197,17,highpass
1e-07,5.025979172580392e-07,2.0941034701512436e-07,1.9424927609707485e-07,5.981790297951616e-06,0.14947005507073197,17,highpass
1e-07,5.025979172580392e-07,2.0941034701512436e-07,1.9424927609707485e-07,5.981790297951616e-06,0.14947005507073197,17,highpass
1e-07,5.025979172580392e-07,2.0255052777870436e-07,1.9424927609707485e-07,5.981790297951616e-06,0.10126077730897792,17,highpass
1e-07,5.025979172580392e-07,2.0941034701512436e-07,1.9424927609707485e-07,5.981790297951616e-06,0.14947005507073197,18,highpass
1e-07,5.025979172580392e-07,2.0941034701512436e-07,1.9424927609707485e-07,5.981790297951616e-06,0.14947005507073197,18,highpass
1e-07,5.025979172580392e-07,2.0941034701512436e-07,1.9424927609707485e-07,5.981790297951616e-06,0.14947005507073197,18,highpass
1e-07,5.025979172580392e-07,2.0941034701512436e-07,1.9424927609707485e-07,5.981790297951616e-06,0.14947005507073197,18,highpass
1e-07,5.025979172580392e-07,2.0941034701512436e-07,1.9424927609707485e-07,5.981790297951616e-06,0.14947005507073197,18,highpass
1e-07,5.025979172580392e-07,2.0941034701512436e-07,1.9424927609707485e-07,5.981790297951616e-06,0.14947005507073197,18,highpass
1e-07,5.025979172580392e-07,2.0941034701512436e-07,1.9424927609707485e-07,5.981790297951616e-06,0.14947005507073197,18,highpass
1e-07,5.025979172580392e-07,2.0941034701512436e-07,1.9424927609707485e-07,5.981790297951616e-06,0.14947005507073197,18,highpass
1e-07,5.025979172580392e-07,2.0941034701512436e-07,1.9424927609707485e-07,5.981790297951616e-06,0.14947005507073197,18,highpass
1e-07,5.025979172580392e-07,2.0941034701512436e-07,1.9424927609707485e-07,5.981790297951616e-06,0.14947005507073197,18,highpass
1e-07,5.025979172580392e-07,2.0941034701512436e-07,1.9424927609707485e-07,5.981790297951616e-06,0.14947005507073197,18,highpass
1.2656973347694237e-07,5.025979172580392e-07,2.0941034701512436e-07,1.9424927609707485e-07,5.981790297951616e-06,0.11727454890419664,18,highpass
1e-07,5.025979172580392e-07,2.0941034701512436e-07,1.9424927609707485e-07,5.981790297951616e-06,0.14947005507073197,18,highpass
1e-07,5.025979172580392e-07,2.0941034701512436e-07,1.9424927609707485e-07,5.981790297951616e-06,0.14947005507073197,18,highpass
1e-07,5.025979172580392e-07,2.0941034701512436e-07,1.9424927609707485e-07,5.981790297951616e-06,0.14947005507073197,18,highpass
1e-07,5.025979172580392e-07,2.0941034701512436e-07,1.9424927609707485e-07,5.981790297951616e-06,0.14947005507073197,18,highpass
1e-07,5.025979172580392e-07,2.1578486760668734e-07,1.9424927609707485e-07,5.981790297951616e-06,0.11434120622563632,18,highpass
1e-07,5.025979172580392e-07,2.0941034701512436e-07,1.9424927609707485e-07,5.981790297951616e-06,0.14947005507073197,18,highpass
1e-07,5.025979172580392e-07,2.0941034701512436e-07,1.9424927609707485e-07,5.981790297951616e-06,0.14947005507073197,18,highpass
1e-07,5.025979172580392e-07,2.0941034701512436e-07,1.9424927609707485e-07,5.981790297951616e-06,0.14947005507073197,18,highpass
1e-07,5.025979172580392e-07,2.0941034701512436e-07,1.9424927609707485e-07,5.981790297951616e-06,0.14947005507073197,18,highpass
1e-07,5.025979172580392e-07,2.0941034701512436e-07,1.9424927609707485e-07,5.981790297951616e-06,0.14947005507073197,18,highpass
1e-07,5.025979172580392e-07,2.0941034701512436e-07,1.9424927609707485e-07,5.981790297951616e-06,0.14947005507073197,18,highpass
1e-07,5.025979172580392e-07,2.0941034701512436e-07,1.9424927609707485e-07,5.981790297951616e-06,0.14947005507073197,18,highpass
1e-07,5.025979172580392e-07,1.5744585604197808e-07,1.9424927609707485e-07,5.981790297951616e-06,0.0868423663345761,18,highpass
1e-07,5.025979172580392e-07,2.0941034701512436e-07,1.9424927609707485e-07,5.981790297951616e-06,0.14947005507073197,18,highpass
1e-07,5.025979172580392e-07,2.0941034701512436e-07,1.9424927609707485e-07,5.981790297951616e-06,0.14947005507073197,18,highpass
1e-07,5.119115334349242e-07,2.0941034701512436e-07,1.9424927609707485e-07,5.981790297951616e-06,0.14320551058299796,18,highpass
1e-07,4.829840515635867e-07,2.0941034701512436e-07,1.9424927609707485e-07,5.981790297951616e-06,0.14518621057810527,18,highpass
1e-07,5.025979172580392e-07,2.0941034701512436e-07,1.9424927609707485e-07,5.981790297951616e-06,0.14947005507073197,18,highpass
1e-07,5.025979172580392e-07,2.0941034701512436e-07,1.9424927609707485e-07,5.981790297951616e-06,0.14947005507073197,19,highpass
1e-07,5.025979172580392e-07,2.0941034701512436e-07,1.9424927609707485e-07,5.981790297951616e-06,0.14947005507073197,19,highpass
1e-07,5.025979172580392e-07,2.0941034701512436e-07,1.9424927609707485e-07,5.981790297951616e-06,0.14947005507073197,19,highpass
1e-07,5.025979172580392e-07,2.0941034701512436e-07,1.9424927609707485e-07,5.981790297951616e-06,0.14947005507073197,19,highpass
1e-07,5.025979172580392e-07,2.0941034701512436e-07,1.9057952602788158e-07,5.981790297951616e-06,0.14761120302632685,19,highpass
1e-07,5.025979172580392e-07,2.0941034701512436e-07,1.9424927609707485e-07,5.981790297951616e-06,0.14947005507073197,19,highpass
1e-07,5.025979172580392e-07,2.0941034701512436e-07,1.9424927609707485e-07,5.981790297951616e-06,0.14947005507073197,19,highpass
1e-07,5.025979172580392e-07,2.0941034701512436e-07,1.9424927609707485e-07,5.981790297951616e-06,0.14947005507073197,19,highpass
1e-07,5.025979172580392e-07,2.0941034701512436e-07,1.9424927609707485e-07,2.8711638339946087e-05,0.11904796046761501,19,highpass
1e-07,5.025979172580392e-07,2.0941034701512436e-07,1.9424927609707485e-07,5.981790297951616e-06,0.14947005507073197,19,highpass
1e-07,5.025979172580392e-07,2.0941034701512436e-07,1.9424927609707485e-07,5.981790297951616e-06,0.14947005507073197,19,highpass
1e-07,5.025979172580392e-07,2.0941034701512436e-07,1.9424927609707485e-07,5.981790297951616e-06,0.14947005507073197,19,highpass
1e-07,5.025979172580392e-07,2.0941034701512436e-07,1.9424927609707485e-07,5.981790297951616e-06,0.14947005507073197,19,highpass
1e-07,5.025979172580392e-07,2.0941034701512436e-07,1.9424927609707485e-07,5.981790297951616e-06,0.14947005507073197,19,highpass
1e-07,5.025979172580392e-07,2.0941034701512436e-07,1.9424927609707485e-07,5.981790297951616e-06,0.14947005507073197,19,highpass
1e-07,5.025979172580392e-07,2.0941034701512436e-07,1.9424927609707485e-07,5.981790297951616e-06,0.14947005507073197,19,highpass
1e-07,5.025979172580392e-07,2.0941034701512436e-07,1.9424927609707485e-07,5.981790297951616e-06,0.14947005507073197,19,highpass
1e-07,5.025979172580392e-07,2.0941034701512436e-07,1.9424927609707485e-07,5.981790297951616e-06,0.14947005507073197,19,highpass
1e-07,5.025979172580392e-07,2.0941034701512436e-07,1.9424927609707485e-07,5.981790297951616e-06,0.14947005507073197,19,highpass
1e-07,5.025979172580392e-07,2.0941034701512436e-07,1.9424927609707485e-07,5.981790297951616e-06,0.14947005507073197,19,highpass
1e-07,5.025979172580392e-07,2.0941034701512436e-07,1.9424927609707485e-07,5.981790297951616e-06,0.14947005507073197,19,highpass
1e-07,5.025979172580392e-07,2.0941034701512436e-07,1.9424927609707485e-07,5.981790297951616e-06,0.14947005507073197,19,highpass
1e-07,5.025979172580392e-07,2.0941034701512436e-07,1.9424927609707485e-07,5.981790297951616e-06,0.14947005507073197,19,highpass
1e-07,5.025979172580392e-07,2.0941034701512436e-07,1.9424927609707485e-07,5.981790297951616e-06,0.14947005507073197,19,highpass
1e-07,5.025979172580392e-07,2.0941034701512436e-07,1.9424927609707485e-07,5.981790297951616e-06,0.14947005507073197,19,highpass
1e-07,5.025979172580392e-07,2.0941034701512436e-07,1.9424927609707485e-07,5.981790297951616e-06,0.14947005507073197,19,highpass
1e-07,5.025979172580392e-07,2.0941034701512436e-07,1.9424927609707485e-07,1.5807829673188807e-05,0.11817240093248954,19,highpass
1e-07,5.025979172580392e-07,2.0941034701512436e-07,1.9424927609707485e-07,5.981790297951616e-06,0.14947005507073197,19,highpass
1e-07,5.025979172580392e-07,2.0941034701512436e-07,1.9424927609707485e-07,5.981790297951616e-06,0.14947005507073197,19,highpass
1e-07,5.025979172580392e-07,2.0941034701512436e-07,1.9424927609707485e-07,5.981790297951616e-06,0.14947005507073197,19,highpass
1e-07,5.025979172580392e-07,2.0941034701512436e-07,1.9424927609707485e-07,5.981790297951616e-06,0.14947005507073197,20,highpass
1e-07,4.977302370212762e-07,2.0941034701512436e-07,1.9424927609707485e-07,5.981790297951616e-06,0.14335875986604024,20,highpass
1e-07,5.025979172580392e-07,2.0941034701512436e-07,1.9424927609707485e-07,5.981790297951616e-06,0.14947005507073197,20,highpass
1e-07,5.025979172580392e-07,2.0941034701512436e-07,1.9424927609707485e-07,5.981790297951616e-06,0.14947005507073197,20,highpass
1e-07,5.025979172580392e-07,2.0941034701512436e-07,1.9424927609707485e-07,5.981790297951616e-06,0.14947005507073197,20,highpass
1e-07,5.025979172580392e-07,2.0941034701512436e-07,1.9424927609707485e-07,5.981790297951616e-06,0.14947005507073197,20,highpass
1e-07,5.025979172580392e-07,2.0941034701512436e-07,1.9424927609707485e-07,5.632576420607385e-06,0.11625662225764194,20,highpass
1e-07,5.025979172580392e-07,2.0941034701512436e-07,1.9424927609707485e-07,5.981790297951616e-06,0.14947005507073197,20,highpass
1e-07,5.025979172580392e-07,2.0941034701512436e-07,1.9424927609707485e-07,5.981790297951616e-06,0.14947005507073197,20,highpass
1e-07,5.025979172580392e-07,2.0941034701512436e-07,1.9424927609707485e-07,5e-06,0.13491225443605753,20,highpass
1e-07,5.025979172580392e-07,2.0941034701512436e-07,1.9424927609707485e-07,5.981790297951616e-06,0.14947005507073197,20,highpass
1e-07,5.025979172580392e-07,2.0941034701512436e-07,1.9424927609707485e-07,5.981790297951616e-06,0.14947005507073197,20,highpass
1e-07,5.025979172580392e-07,2.0941034701512436e-07,1.9424927609707485e-07,5.981790297951616e-06,0.14947005507073197,20,highpass
1e-07,5.025979172580392e-07,2.0941034701512436e-07,1.9424927609707485e-07,5.981790297951616e-06,0.14947005507073197,20,highpass
1e-07,5.025979172580392e-07,2.0941034701512436e-07,1.9424927609707485e-07,5.981790297951616e-06,0.14947005507073197,20,highpass
1e-07,5.025979172580392e-07,2.0941034701512436e-07,1.9424927609707485e-07,6.174666818318826e-06,0.13723076922448607,20,highpass
1e-07,5.025979172580392e-07,2.0941034701512436e-07,1.9424927609707485e-07,5.981790297951616e-06,0.14947005507073197,20,highpass
1e-07,5.025979172580392e-07,2.0941034701512436e-07,1.9424927609707485e-07,5.981790297951616e-06,0.14947005507073197,20,highpass
1e-07,5.025979172580392e-07,2.0941034701512436e-07,1.9424927609707485e-07,5.981790297951616e-06,0.14947005507073197,20,highpass
1e-07,5.025979172580392e-07,2.0941034701512436e-07,1.9424927609707485e-07,5.981790297951616e-06,0.14947005507073197,20,highpass
1e-07,5.025979172580392e-07,2.0941034701512436e-07,1.9424927609707485e-07,5.981790297951616e-06,0.14947005507073197,20,highpass
1e-07,5.025979172580392e-07,2.0941034701512436e-07,1.9424927609707485e-07,5.981790297951616e-06,0.14947005507073197,20,highpass
1e-07,5.025979172580392e-07,2.0941034701512436e-07,1.9424927609707485e-07,5.981790297951616e-06,0.14947005507073197,20,highpass
1e-07,6.6678502485651e-07,2.0941034701512436e-07,1.9424927609707485e-07,5.981790297951616e-06,0.018255354964030857,20,highpass
1e-07,5.025979172580392e-07,2.0941034701512436e-07,1.9424927609707485e-07,5.981790297951616e-06,0.14947005507073197,20,highpass
1e-07,5.025979172580392e-07,2.0941034701512436e-07,1.9424927609707485e-07,5.981790297951616e-06,0.14947005507073197,20,highpass
1e-07,5.025979172580392e-07,2.0941034701512436e-07,1.9424927609707485e-07,5.981790297951616e-06,0.14947005507073197,20,highpass
1e-07,5.025979172580392e-07,1.3709762347340273e-07,1.9424927609707485e-07,5.981790297951616e-06,0.08985121808207258,20,highpass
1e-07,5.025979172580392e-07,2.0941034701512436e-07,1.9424927609707485e-07,5.981790297951616e-06,0.14947005507073197,20,highpass
1e-07,5.025979172580392e-07,2.0941034701512436e-07,1.9424927609707485e-07,5.981790297951616e-06,0.14947005507073197,20,highpass
1e-07,5.025979172580392e-07,2.0941034701512436e-07,1.9424927609707485e-07,5.981790297951616e-06,0.14947005507073197,21,highpass
1e-07,5.025979172580392e-07,2.0941034701512436e-07,1.9424927609707485e-07,5.981790297951616e-06,0.14947005507073197,21,highpass
1e-07,5.025979172580392e-07,2.0941034701512436e-07,1.9424927609707485e-07,5.981790297951616e-06,0.14947005507073197,21,highpass
1e-07,5.025979172580392e-07,2.0941034701512436e-07,1.9424927609707485e-07,5.981790297951616e-06,0.14947005507073197,21,highpass
1e-07,5.025979172580392e-07,2.0941034701512436e-07,1.9424927609707485e-07,5.981790297951616e-06,0.14947005507073197,21,highpass
1e-07,5.025979172580392e-07,2.0941034701512436e-07,1.9424927609707485e-07,5.981790297951616e-06,0.14947005507073197,21,highpass
1e-07,5.025979172580392e-07,2.0941034701512436e-07,1.9424927609707485e-07,5.981790297951616e-06,0.14947005507073197,21,highpass
1e-07,5.025979172580392e-07,2.0941034701512436e-07,1.9424927609707485e-07,5.981790297951616e-06,0.14947005507073197,21,highpass
1e-07,5.025979172580392e-07,2.0941034701512436e-07,1.9424927609707485e-07,5.981790297951616e-06,0.14947005507073197,21,highpass
1e-07,5.025979172580392e-07,2.0941034701512436e-07,1.9424927609707485e-07,5.981790297951616e-06,0.14947005507073197,21,highpass
1e-07,5.025979172580392e-07,2.0941034701512436e-07,1.9424927609707485e-07,5.981790297951616e-06,0.14947005507073197,21,highpass
1e-07,5.025979172580392e-07,2.0941034701512436e-07,1.9424927609707485e-07,5.981790297951616e-06,0.14947005507073197,21,highpass
1e-07,5.025979172580392e-07,2.0941034701512436e-07,1.9424927609707485e-07,5.981790297951616e-06,0.14947005507073197,21,highpass
1e-07,5.025979172580392e-07,2.0941034701512436e-07,1.9424927609707485e-07,5.981790297951616e-06,0.14947005507073197,21,highpass
1.0502828789147698e-07,5.025979172580392e-07,2.0941034701512436e-07,1.9424927609707485e-07,5.981790297951616e-06,0.12488203390602431,21,highpass
1e-07,5.025979172580392e-07,2.0941034701512436e-07,1.9424927609707485e-07,5.981790297951616e-06,0.14947005507073197,21,highpass
2.4264673800311416e-07,5.025979172580392e-07,2.0941034701512436e-07,1.9424927609707485e-07,5.981790297951616e-06,-0.15160591331334267,21,highpass
1e-07,5.025979172580392e-07,2.0941034701512436e-07,1.9424927609707485e-07,5.981790297951616e-06,0.14947005507073197,21,highpass
1e-07,5.025979172580392e-07,2.0941034701512436e-07,1.9424927609707485e-07,5.981790297951616e-06,0.14947005507073197,21,highpass
1e-07,5.025979172580392e-07,2.0941034701512436e-07,1.9424927609707485e-07,5.981790297951616e-06,0.14947005507073197,21,highpass
1e-07,5.025979172580392e-07,2.0941034701512436e-07,1.9424927609707485e-07,5.981790297951616e-06,0.14947005507073197,21,highpass
1e-07,5.025979172580392e-07,2.0941034701512436e-07,1.9424927609707485e-07,5.981790297951616e-06,0.14947005507073197,21,highpass
1e-07,5.025979172580392e-07,2.0941034701512436e-07,1.9424927609707485e-07,5.981790297951616e-06,0.14947005507073197,21,highpass
1e-07,5.025979172580392e-07,2.0941034701512436e-07,1.9424927609707485e-07,5.981790297951616e-06,0.14947005507073197,21,highpass
1e-07,5.025979172580392e-07,2.0941034701512436e-07,1.9424927609707485e-07,5.981790297951616e-06,0.14947005507073197,21,highpass
1e-07,5.025979172580392e-07,2.0941034701512436e-07,1.9424927609707485e-07,5e-06,0.13491225443605753,21,highpass
1e-07,5.025979172580392e-07,2.0941034701512436e-07,1.9424927609707485e-07,5.981790297951616e-06,0.14947005507073197,21,highpass
1e-07,5.025979172580392e-07,2.0941034701512436e-07,1.9424927609707485e-07,5.981790297951616e-06,0.14947005507073197,21,highpass
1e-07,5.025979172580392e-07,2.0941034701512436e-07,1.9424927609707485e-07,5.981790297951616e-06,0.14947005507073197,21,highpass
1e-07,5.025979172580392e-07,2.0941034701512436e-07,1.9424927609707485e-07,5.981790297951616e-06,0.14947005507073197,21,highpass
1e-07,5.025979172580392e-07,2.0941034701512436e-07,1.9424927609707485e-07,5.981790297951616e-06,0.14947005507073197,22,highpass
1e-07,5.025979172580392e-07,2.0941034701512436e-07,1.9424927609707485e-07,5.981790297951616e-06,0.14947005507073197,22,highpass
1e-07,5.025979172580392e-07,2.0941034701512436e-07,1.9424927609707485e-07,5.981790297951616e-06,0.14947005507073197,22,highpass
1e-07,5.025979172580392e-07,2.0941034701512436e-07,1.9424927609707485e-07,5.981790297951616e-06,0.14947005507073197,22,highpass
1e-07,5.025979172580392e-07,2.0941034701512436e-07,1.9424927609707485e-07,5.981790297951616e-06,0.14947005507073197,22,highpass
1e-07,5.025979172580392e-07,2.0941034701512436e-07,1.9424927609707485e-07,5.981790297951616e-06,0.14947005507073197,22,highpass
1e-07,5.025979172580392e-07,2.0941034701512436e-07,1.9424927609707485e-07,5.981790297951616e-06,0.14947005507073197,22,highpass
1e-07,5.025979172580392e-07,2.0941034701512436e-07,1.9424927609707485e-07,5.981790297951616e-06,0.14947005507073197,22,highpass
1e-07,5.025979172580392e-07,2.0941034701512436e-07,1.985421420238225e-07,5.981790297951616e-06,0.14970723797369717,22,highpass
1e-07,5.025979172580392e-07,2.0941034701512436e-07,1.9424927609707485e-07,5.981790297951616e-06,0.14947005507073197,22,highpass
1e-07,5.025979172580392e-07,2.0941034701512436e-07,1.9424927609707485e-07,5.981790297951616e-06,0.14947005507073197,22,highpass
1e-07,5.025979172580392e-07,2.0941034701512436e-07,1.9424927609707485e-07,5.981790297951616e-06,0.14947005507073197,22,highpass
1e-07,5.025979172580392e-07,2.0941034701512436e-07,1.9424927609707485e-07,5.981790297951616e-06,0.14947005507073197,22,highpass
1e-07,5.025979172580392e-07,2.0556924678494138e-07,1.9424927609707485e-07,5.981790297951616e-06,0.13668877211975244,22,highpass
1e-07,5.025979172580392e-07,2.0941034701512436e-07,1.9424927609707485e-07,5.981790297951616e-06,0.14947005507073197,22,highpass
1e-07,5.025979172580392e-07,2.0941034701512436e-07,1.9424927609707485e-07,5.981790297951616e-06,0.14947005507073197,22,highpass
1e-07,5.025979172580392e-07,1.365976377678524e-07,1.9424927609707485e-07,5.981790297951616e-06,0.09037858094314855,22,highpass
1e-07,5.025979172580392e-07,2.0941034701512436e-07,1.9424927609707485e-07,5.981790297951616e-06,0.14947005507073197,22,highpass
1e-07,5.025979172580392e-07,2.0941034701512436e-07,1.9424927609707485e-07,5.981790297951616e-06,0.14947005507073197,22,highpass
1e-07,5.025979172580392e-07,2.0941034701512436e-07,1.9424927609707485e-07,5.981790297951616e-06,0.14947005507073197,22,highpass
1e-07,5.025979172580392e-07,2.0941034701512436e-07,1.9424927609707485e-07,3.15277688317111e-05,0.12127736760970093,22,highpass
1e-07,5.025979172580392e-07,2.0941034701512436e-07,1.9424927609707485e-07,5.981790297951616e-06,0.14947005507073197,22,highpass
1e-07,5.025979172580392e-07,2.0941034701512436e-07,1.9424927609707485e-07,5.981790297951616e-06,0.14947005507073197,22,highpass
1.7471269438131937e-07,5.025979172580392e-07,2.0941034701512436e-07,1.9424927609707485e-07,5.981790297951616e-06,0.05739120377831303,22,highpass
2.0745389218979727e-07,5.025979172580392e-07,2.0941034701512436e-07,1.9424927609707485e-07,5.981790297951616e-06,-0.04599342100925041,22,highpass
1e-07,5.025979172580392e-07,2.0941034701512436e-07,1.9424927609707485e-07,5.981790297951616e-06,0.14947005507073197,22,highpass
1e-07,5.025979172580392e-07,2.0941034701512436e-07,1.9424927609707485e-07,5.981790297951616e-06,0.14947005507073197,22,highpass
1e-07,5.025979172580392e-07,2.0941034701512436e-07,1.9424927609707485e-07,5.981790297951616e-06,0.14947005507073197,22,highpass
1e-07,5.025979172580392e-07,2.0941034701512436e-07,1.9424927609707485e-07,5.981790297951616e-06,0.14947005507073197,22,highpass
1e-07,5.025979172580392e-07,2.0941034701512436e-07,1.9424927609707485e-07,5.981790297951616e-06,0.14947005507073197,22,highpass
1e-07,5.025979172580392e-07,2.0941034701512436e-07,1.985421420238225e-07,5.981790297951616e-06,0.14970723797369717,23,highpass
1e-07,5.025979172580392e-07,2.0941034701512436e-07,1.9424927609707485e-07,5.981790297951616e-06,0.14947005507073197,23,highpass
1e-07,5.025979172580392e-07,2.0941034701512436e-07,1.985421420238225e-07,5.981790297951616e-06,0.14970723797369717,23,highpass
1e-07,5.025979172580392e-07,2.0941034701512436e-07,1.9424927609707485e-07,5.981790297951616e-06,0.14947005507073197,23,highpass
1e-07,5.025979172580392e-07,2.0941034701512436e-07,1.9167773574972312e-07,5.981790297951616e-06,0.1485678117964766,23,highpass
1e-07,5.025979172580392e-07,2.0941034701512436e-07,1.985421420238225e-07,5.981790297951616e-06,0.14970723797369717,23,highpass
1e-07,5.025979172580392e-07,2.0941034701512436e-07,1.9424927609707485e-07,7.356929719654005e-06,0.12196084915567856,23,highpass
1e-07,5.025979172580392e-07,2.0941034701512436e-07,1.9424927609707485e-07,5.981790297951616e-06,0.14947005507073197,23,highpass
1e-07,5.025979172580392e-07,2.0941034701512436e-07,1.9424927609707485e-07,5.981790297951616e-06,0.14947005507073197,23,highpass
1e-07,5.025979172580392e-07,2.0941034701512436e-07,1.9424927609707485e-07,5.981790297951616e-06,0.14947005507073197,23,highpass
1e-07,5.025979172580392e-07,2.0941034701512436e-07,1.9424927609707485e-07,5.981790297951616e-06,0.14947005507073197,23,highpass
1e-07,5.025979172580392e-07,2.0941034701512436e-07,1.9424927609707485e-07,5.981790297951616e-06,0.14947005507073197,23,highpass
1e-07,5.025979172580392e-07,2.0941034701512436e-07,1.9424927609707485e-07,5.981790297951616e-06,0.14947005507073197,23,highpass
1e-07,5.025979172580392e-07,2.0941034701512436e-07,1.9424927609707485e-07,5.981790297951616e-06,0.14947005507073197,23,highpass
1e-07,5.025979172580392e-07,2.0941034701512436e-07,1.9424927609707485e-07,5.981790297951616e-06,0.14947005507073197,23,highpass
1e-07,5.025979172580392e-07,2.0941034701512436e-07,1.985421420238225e-07,5.981790297951616e-06,0.14970723797369717,23,highpass
1e-07,5.025979172580392e-07,2.0941034701512436e-07,1.9424927609707485e-07,5.981790297951616e-06,0.14947005507073197,23,highpass
1e-07,5.025979172580392e-07,2.0941034701512436e-07,1.9424927609707485e-07,5.981790297951616e-06,0.14947005507073197,23,highpass
1e-07,5.025979172580392e-07,2.0941034701512436e-07,1.9424927609707485e-07,3.25725056216348e-05,0.1286119071549945,23,highpass
1e-07,5.025979172580392e-07,2.0941034701512436e-07,1.9424927609707485e-07,5.981790297951616e-06,0.14947005507073197,23,highpass
1e-07,5.025979172580392e-07,2.0941034701512436e-07,1.9424927609707485e-07,5.981790297951616e-06,0.14947005507073197,23,highpass
1e-07,5.025979172580392e-07,2.0941034701512436e-07,1.9424927609707485e-07,5.981790297951616e-06,0.14947005507073197,23,highpass
1e-07,5.025979172580392e-07,2.0941034701512436e-07,1.9424927609707485e-07,5.981790297951616e-06,0.14947005507073197,23,highpass
1e-07,5.025979172580392e-07,2.0941034701512436e-07,1.9424927609707485e-07,5.981790297951616e-06,0.14947005507073197,23,highpass
1e-07,5.025979172580392e-07,2.0941034701512436e-07,1.9424927609707485e-07,5.981790297951616e-06,0.14947005507073197,23,highpass
1e-07,5.025979172580392e-07,2.0941034701512436e-07,1.9424927609707485e-07,5.981790297951616e-06,0.14947005507073197,23,highpass
1e-07,5.025979172580392e-07,2.0941034701512436e-07,1.985421420238225e-07,5.981790297951616e-06,0.14970723797369717,23,highpass
1e-07,5.025979172580392e-07,2.0941034701512436e-07,1.985421420238225e-07,5.981790297951616e-06,0.14970723797369717,23,highpass
1e-07,5.025979172580392e-07,2.0941034701512436e-07,1.9424927609707485e-07,3.0003246235067937e-05,0.12274039395038339,23,highpass
1e-07,5.025979172580392e-07,2.1019747681387628e-07,1.9424927609707485e-07,5.981790297951616e-06,0.1422908336959272,23,highpass
1e-07,5.025979172580392e-07,2.0941034701512436e-07,1.985421420238225e-07,5.981790297951616e-06,0.14970723797369717,24,highpass
1e-07,5.025979172580392e-07,2.058627395485044e-07,1.9424927609707485e-07,5.981790297951616e-06,0.1370647946434863,24,highpass
1e-07,5.025979172580392e-07,2.0941034701512436e-07,1.985421420238225e-07,5.981790297951616e-06,0.14970723797369717,24,highpass
1e-07,5.025979172580392e-07,2.0941034701512436e-07,1.985421420238225e-07,5.981790297951616e-06,0.14970723797369717,24,highpass
1e-07,4.512740802164895e-07,2.0941034701512436e-07,1.985421420238225e-07,5.981790297951616e-06,0.10878887163321188,24,highpass
1e-07,5.025979172580392e-07,2.0941034701512436e-07,1.9424927609707485e-07,5.981790297951616e-06,0.14947005507073197,24,highpass
1e-07,5.025979172580392e-07,2.0941034701512436e-07,1.9424927609707485e-07,5.981790297951616e-06,0.14947005507073197,24,highpass
1e-07,5.025979172580392e-07,2.0941034701512436e-07,1.985421420238225e-07,5.981790297951616e-06,0.14970723797369717,24,highpass
1e-07,5.025979172580392e-07,2.0941034701512436e-07,1.9424927609707485e-07,5.981790297951616e-06,0.14947005507073197,24,highpass
1e-07,5.025979172580392e-07,2.0941034701512436e-07,1.985421420238225e-07,5.981790297951616e-06,0.14970723797369717,24,highpass
1e-07,5.025979172580392e-07,2.0941034701512436e-07,1.985421420238225e-07,5.981790297951616e-06,0.14970723797369717,24,highpass
1e-07,5.025979172580392e-07,2.0941034701512436e-07,2.344381813114821e-07,5.981790297951616e-06,0.11901979900623683,24,highpass
1e-07,5.025979172580392e-07,2.0941034701512436e-07,1.985421420238225e-07,5.981790297951616e-06,0.14970723797369717,24,highpass
1.0660821216969359e-07,5.025979172580392e-07,2.0941034701512436e-07,1.985421420238225e-07,5.981790297951616e-06,0.12966588897514741,24,highpass
1e-07,5.025979172580392e-07,2.0941034701512436e-07,1.985421420238225e-07,5.981790297951616e-06,0.14970723797369717,24,highpass
1.7049685952402608e-07,5.025979172580392e-07,2.0941034701512436e-07,1.9424927609707485e-07,5.981790297951616e-06,0.051130801535961834,24,highpass
1e-07,5.025979172580392e-07,2.0941034701512436e-07,1.985421420238225e-07,5.981790297951616e-06,0.14970723797369717,24,highpass
1e-07,5.025979172580392e-07,2.0941034701512436e-07,1.5498906651618123e-07,5.981790297951616e-06,0.10021630917630081,24,highpass
1e-07,5.025979172580392e-07,2.0941034701512436e-07,1.985421420238225e-07,5.981790297951616e-06,0.14970723797369717,24,highpass
1e-07,5.025979172580392e-07,2.0941034701512436e-07,1.985421420238225e-07,5.981790297951616e-06,0.14970723797369717,24,highpass
1e-07,4.89781380097737e-07,2.0941034701512436e-07,1.985421420238225e-07,5.981790297951616e-06,0.14925066581288604,24,highpass
1e-07,5.025979172580392e-07,2.0941034701512436e-07,1.985421420238225e-07,5.981790297951616e-06,0.14970723797369717,24,highpass
1e-07,5.025979172580392e-07,2.0941034701512436e-07,1.985421420238225e-07,5.981790297951616e-06,0.14970723797369717,24,highpass
1e-07,5.025979172580392e-07,2.0941034701512436e-07,1.9424927609707485e-07,5.981790297951616e-06,0.14947005507073197,24,highpass
1e-07,5.025979172580392e-07,2.0941034701512436e-07,1.985421420238225e-07,5.981790297951616e-06,0.14970723797369717,24,highpass
1e-07,5.025979172580392e-07,2.0941034701512436e-07,1.985421420238225e-07,5.981790297951616e-06,0.14970723797369717,24,highpass
1e-07,5.025979172580392e-07,2.0941034701512436e-07,1.985421420238225e-07,5.981790297951616e-06,0.14970723797369717,24,highpass
1e-07,5.025979172580392e-07,2.0941034701512436e-07,1.985421420238225e-07,5.981790297951616e-06,0.14970723797369717,24,highpass
1.603432069742249e-07,5.025979172580392e-07,2.0941034701512436e-07,1.985421420238225e-07,5.981790297951616e-06,0.048011444093192635,24,highpass
1e-07,5.025979172580392e-07,2.0941034701512436e-07,1.9424927609707485e-07,5.981790297951616e-06,0.14947005507073197,24,highpass
1e-07,5.025979172580392e-07,2.0941034701512436e-07,1.985421420238225e-07,5.981790297951616e-06,0.14970723797369717,25,highpass
1e-07,5.025979172580392e-07,2.0941034701512436e-07,1.985421420238225e-07,5.981790297951616e-06,0.14970723797369717,25,highpass
1e-07,5.025979172580392e-07,2.0941034701512436e-07,1.985421420238225e-07,5.981790297951616e-06,0.14970723797369717,25,highpass
2.2723482232201326e-07,5.025979172580392e-07,2.0941034701512436e-07,1.985421420238225e-07,5.981790297951616e-06,-0.148935099466797,25,highpass
1e-07,5.025979172580392e-07,2.0941034701512436e-07,1.985421420238225e-07,5.981790297951616e-06,0.14970723797369717,25,highpass
1e-07,5.025979172580392e-07,2.0941034701512436e-07,1.985421420238225e-07,5.981790297951616e-06,0.14970723797369717,25,highpass
1e-07,5.025979172580392e-07,2.1481993441007982e-07,1.985421420238225e-07,5.981790297951616e-06,0.11319123051610552,25,highpass
1e-07,5.025979172580392e-07,2.0941034701512436e-07,1.985421420238225e-07,5.981790297951616e-06,0.14970723797369717,25,highpass
1e-07,5.025979172580392e-07,2.0941034701512436e-07,1.985421420238225e-07,5.981790297951616e-06,0.14970723797369717,25,highpass
1e-07,5.025979172580392e-07,2.0941034701512436e-07,1.985421420238225e-07,5.981790297951616e-06,0.14970723797369717,25,highpass
1e-07,5.025979172580392e-07,2.0941034701512436e-07,1.985421420238225e-07,5.981790297951616e-06,0.14970723797369717,25,highpass
1e-07,5.025979172580392e-07,2.0941034701512436e-07,1.97883426118835e-07,5.981790297951616e-06,0.15019445325169423,25,highpass
1e-07,5.025979172580392e-07,2.0941034701512436e-07,1.985421420238225e-07,5.981790297951616e-06,0.14970723797369717,25,highpass
1e-07,5.025979172580392e-07,2.0941034701512436e-07,1.985421420238225e-07,5.981790297951616e-06,0.14970723797369717,25,highpass
1e-07,5.025979172580392e-07,2.0941034701512436e-07,1.985421420238225e-07,5.981790297951616e-06,0.14970723797369717,25,highpass
1e-07,5.025979172580392e-07,2.0941034701512436e-07,1.985421420238225e-07,5.981790297951616e-06,0.14970723797369717,25,highpass
1e-07,5.025979172580392e-07,2.1138846463555384e-07,1.985421420238225e-07,5.981790297951616e-06,0.1277739846653636,25,highpass
1e-07,5.025979172580392e-07,2.0941034701512436e-07,1.985421420238225e-07,5.981790297951616e-06,0.14970723797369717,25,highpass
1e-07,5.025979172580392e-07,2.0941034701512436e-07,1.985421420238225e-07,5.981790297951616e-06,0.14970723797369717,25,highpass
1e-07,5.025979172580392e-07,2.0941034701512436e-07,1.985421420238225e-07,5.981790297951616e-06,0.14970723797369717,25,highpass
1e-07,5.025979172580392e-07,2.0941034701512436e-07,1.985421420238225e-07,5.981790297951616e-06,0.14970723797369717,25,highpass
1e-07,5.025979172580392e-07,2.0941034701512436e-07,1.985421420238225e-07,5.981790297951616e-06,0.14970723797369717,25,highpass
1e-07,5.025979172580392e-07,2.0941034701512436e-07,1.985421420238225e-07,5.981790297951616e-06,0.14970723797369717,25,highpass
1e-07,5.025979172580392e-07,2.0941034701512436e-07,1.985421420238225e-07,5.981790297951616e-06,0.14970723797369717,25,highpass
1e-07,5.025979172580392e-07,2.0941034701512436e-07,1.985421420238225e-07,5.981790297951616e-06,0.14970723797369717,25,highpass
1.3428930462145683e-07,5.025979172580392e-07,2.0941034701512436e-07,1.985421420238225e-07,5.981790297951616e-06,0.09276522630230666,25,highpass
1e-07,5.025979172580392e-07,2.0941034701512436e-07,1.985421420238225e-07,5.981790297951616e-06,0.14970723797369717,25,highpass
1e-07,5.054059343788618e-07,2.0941034701512436e-07,1.985421420238225e-07,5.981790297951616e-06,0.1478825430071446,25,highpass
1e-07,5.025979172580392e-07,2.0941034701512436e-07,1.985421420238225e-07,5.981790297951616e-06,0.14970723797369717,25,highpass
1e-07,5.025979172580392e-07,2.0941034701512436e-07,2.575839085280127e-07,5.981790297951616e-06,0.06660761318960007,25,highpass
1e-07,5.025979172580392e-07,2.0941034701512436e-07,1.97883426118835e-07,5.981790297951616e-06,0.15019445325169423,26,highpass
1e-07,5.025979172580392e-07,2.0941034701512436e-07,1.985421420238225e-07,2.0100062035170594e-05,0.12454124325491134,26,highpass
1e-07,5.025979172580392e-07,2.0941034701512436e-07,1.97883426118835e-07,5.981790297951616e-06,0.15019445325169423,26,highpass
1e-07,5.025979172580392e-07,2.0941034701512436e-07,1.985421420238225e-07,5.981790297951616e-06,0.14970723797369717,26,highpass
1e-07,5.025979172580392e-07,2.0941034701512436e-07,1.985421420238225e-07,5.981790297951616e-06,0.14970723797369717,26,highpass
1e-07,5.025979172580392e-07,2.0941034701512436e-07,1.985421420238225e-07,5.981790297951616e-06,0.14970723797369717,26,highpass
1e-07,5.025979172580392e-07,2.0941034701512436e-07,1.985421420238225e-07,5.981790297951616e-06,0.14970723797369717,26,highpass
1e-07,5.025979172580392e-07,2.0941034701512436e-07,1.985421420238225e-07,5.981790297951616e-06,0.14970723797369717,26,highpass
1e-07,5.025979172580392e-07,2.0941034701512436e-07,1.985421420238225e-07,6.6380598185385535e-06,0.13788640878301067,26,highpass
1e-07,5.025979172580392e-07,2.0941034701512436e-07,1.985421420238225e-07,5.981790297951616e-06,0.14970723797369717,26,highpass
1e-07,5.025979172580392e-07,2.0941034701512436e-07,1.97381582717615e-07,5.981790297951616e-06,0.147979266059808,26,highpass
1e-07,5.025979172580392e-07,2.0941034701512436e-07,1.985421420238225e-07,5.981790297951616e-06,0.14970723797369717,26,highpass
1e-07,5.025979172580392e-07,2.0941034701512436e-07,1.985421420238225e-07,5.981790297951616e-06,0.14970723797369717,26,highpass
1e-07,5.025979172580392e-07,2.0941034701512436e-07,1.985421420238225e-07,5.981790297951616e-06,0.14970723797369717,26,highpass
1e-07,5.025979172580392e-07,2.0941034701512436e-07,1.985421420238225e-07,5.981790297951616e-06,0.14970723797369717,26,highpass
1e-07,5.025979172580392e-07,2.0941034701512436e-07,1.985421420238225e-07,5.981790297951616e-06,0.14970723797369717,26,highpass
1e-07,5.025979172580392e-07,2.0941034701512436e-07,1.985421420238225e-07,5.981790297951616e-06,0.14970723797369717,26,highpass
1e-07,5.025979172580392e-07,2.0941034701512436e-07,1.985421420238225e-07,2.5808716562970223e-05,0.11902748943037594,26,highpass
1e-07,5.025979172580392e-07,2.0941034701512436e-07,1.985421420238225e-07,5.981790297951616e-06,0.14970723797369717,26,highpass
1e-07,5.025979172580392e-07,2.0941034701512436e-07,1.985421420238225e-07,5.981790297951616e-06,0.14970723797369717,26,highpass
1e-07,5.025979172580392e-07,2.0941034701512436e-07,1.985421420238225e-07,5.981790297951616e-06,0.14970723797369717,26,highpass
1e-07,5.025979172580392e-07,2.0941034701512436e-07,1.985421420238225e-07,7.845774736672397e-06,0.1347453569623795,26,highpass
1e-07,5.025979172580392e-07,2.0941034701512436e-07,1.985421420238225e-07,5.981790297951616e-06,0.14970723797369717,26,highpass
1e-07,5.025979172580392e-07,2.0941034701512436e-07,1.985421420238225e-07,5.981790297951616e-06,0.14970723797369717,26,highpass
1e-07,5.025979172580392e-07,2.0941034701512436e-07,1.97883426118835e-07,5.981790297951616e-06,0.15019445325169423,26,highpass
2.3025373811820103e-07,5.025979172580392e-07,2.0941034701512436e-07,1.985421420238225e-07,5.981790297951616e-06,-0.1549237503754607,26,highpass
1e-07,5.025979172580392e-07,2.0941034701512436e-07,1.97883426118835e-07,5.981790297951616e-06,0.15019445325169423,26,highpass
1e-07,5.025979172580392e-07,2.0941034701512436e-07,1.985421420238225e-07,5.981790297951616e-06,0.14970723797369717,26,highpass
1e-07,5.025979172580392e-07,2.0941034701512436e-07,1.985421420238225e-07,5.981790297951616e-06,0.14970723797369717,26,highpass
1e-07,5.025979172580392e-07,2.0941034701512436e-07,1.985421420238225e-07,5.981790297951616e-06,0.14970723797369717,26,highpass
1e-07,5.025979172580392e-07,2.0941034701512436e-07,1.97883426118835e-07,5.981790297951616e-06,0.15019445325169423,27,highpass
1e-07,5.025979172580392e-07,2.0941034701512436e-07,1.97883426118835e-07,5.981790297951616e-06,0.15019445325169423,27,highpass
1e-07,5.025979172580392e-07,2.0941034701512436e-07,1.97883426118835e-07,4.6409807718384834e-05,0.1120560736725355,27,highpass
1e-07,5.025979172580392e-07,2.0941034701512436e-07,1.985421420238225e-07,5.981790297951616e-06,0.14970723797369717,27,highpass
1e-07,5.025979172580392e-07,2.0941034701512436e-07,1.985421420238225e-07,5.981790297951616e-06,0.14970723797369717,27,highpass
1e-07,5.025979172580392e-07,2.0941034701512436e-07,1.985421420238225e-07,5.981790297951616e-06,0.14970723797369717,27,highpass
1e-07,5.025979172580392e-07,2.3305466069604117e-07,1.97883426118835e-07,5.981790297951616e-06,0.10272457558465053,27,highpass
1e-07,5.025979172580392e-07,2.0941034701512436e-07,1.985421420238225e-07,5.981790297951616e-06,0.14970723797369717,27,highpass
1e-07,5.025979172580392e-07,2.0941034701512436e-07,1.985421420238225e-07,5.981790297951616e-06,0.14970723797369717,27,highpass
1e-07,5.025979172580392e-07,2.0941034701512436e-07,1.985421420238225e-07,5.981790297951616e-06,0.14970723797369717,27,highpass
1e-07,5.025979172580392e-07,2.0941034701512436e-07,1.97883426118835e-07,5.981790297951616e-06,0.15019445325169423,27,highpass
1e-07,5.025979172580392e-07,2.0941034701512436e-07,1.97883426118835e-07,5.981790297951616e-06,0.15019445325169423,27,highpass
1e-07,5.025979172580392e-07,2.0941034701512436e-07,1.97883426118835e-07,5.981790297951616e-06,0.15019445325169423,27,highpass
1e-07,5.025979172580392e-07,2.0941034701512436e-07,1.985421420238225e-07,5.981790297951616e-06,0.14970723797369717,27,highpass
1e-07,5.025979172580392e-07,2.0941034701512436e-07,1.985421420238225e-07,5.981790297951616e-06,0.14970723797369717,27,highpass
1e-07,5.025979172580392e-07,2.0941034701512436e-07,1.97883426118835e-07,5.981790297951616e-06,0.15019445325169423,27,highpass
1e-07,5.025979172580392e-07,2.0941034701512436e-07,1.9561588676059298e-07,5.981790297951616e-06,0.14922502515679364,27,highpass
1e-07,5.025979172580392e-07,2.0941034701512436e-07,1.985421420238225e-07,5.981790297951616e-06,0.14970723797369717,27,highpass
1e-07,5.025979172580392e-07,2.0941034701512436e-07,1.985421420238225e-07,5.981790297951616e-06,0.14970723797369717,27,highpass
1e-07,5.025979172580392e-07,2.0941034701512436e-07,1.985421420238225e-07,5.981790297951616e-06,0.14970723797369717,27,highpass
1e-07,5.025979172580392e-07,2.0941034701512436e-07,1.985421420238225e-07,5.981790297951616e-06,0.14970723797369717,27,highpass
1e-07,5.025979172580392e-07,2.0941034701512436e-07,1.985421420238225e-07,5.981790297951616e-06,0.14970723797369717,27,highpass
1e-07,5.025979172580392e-07,2.0941034701512436e-07,1.985421420238225e-07,5.981790297951616e-06,0.14970723797369717,27,highpass
1e-07,5.025979172580392e-07,2.0801999738765423e-07,1.985421420238225e-07,5.981790297951616e-06,0.1519666956773848,27,highpass
1e-07,5.025979172580392e-07,2.0941034701512436e-07,2.962244735362048e-07,5.981790297951616e-06,0.060080968532015167,27,highpass
1e-07,5.025979172580392e-07,2.0941034701512436e-07,1.985421420238225e-07,5.981790297951616e-06,0.14970723797369717,27,highpass
1e-07,5.025979172580392e-07,2.0941034701512436e-07,1.985421420238225e-07,5.981790297951616e-06,0.14970723797369717,27,highpass
1e-07,5.025979172580392e-07,2.0941034701512436e-07,1.97883426118835e-07,5.981790297951616e-06,0.15019445325169423,27,highpass
1e-07,5.025979172580392e-07,2.0941034701512436e-07,1.985421420238225e-07,5.981790297951616e-06,0.14970723797369717,27,highpass
1e-07,5.025979172580392e-07,2.0941034701512436e-07,1.97883426118835e-07,5.981790297951616e-06,0.15019445325169423,27,highpass
1e-07,5.025979172580392e-07,2.0801999738765423e-07,1.985421420238225e-07,5.981790297951616e-06,0.1519666956773848,28,highpass
1e-07,5.025979172580392e-07,2.0941034701512436e-07,1.985421420238225e-07,5.981790297951616e-06,0.14970723797369717,28,highpass
1e-07,5.025979172580392e-07,2.0801999738765423e-07,1.985421420238225e-07,5e-06,0.13496651653392278,28,highpass
1.0638136880418768e-07,5.025979172580392e-07,2.0941034701512436e-07,1.97883426118835e-07,5.981790297951616e-06,0.13178448112999464,28,highpass
1e-07,5.025979172580392e-07,2.0941034701512436e-07,1.97883426118835e-07,5.981790297951616e-06,0.15019445325169423,28,highpass
1e-07,5.025979172580392e-07,2.0941034701512436e-07,1.97883426118835e-07,5.981790297951616e-06,0.15019445325169423,28,highpass
1e-07,5.025979172580392e-07,2.0941034701512436e-07,1.985421420238225e-07,5.981790297951616e-06,0.14970723797369717,28,highpass
1e-07,5.025979172580392e-07,2.0801999738765423e-07,1.985421420238225e-07,5.981790297951616e-06,0.1519666956773848,28,highpass
1e-07,5.025979172580392e-07,2.107573121102278e-07,1.97883426118835e-07,5.981790297951616e-06,0.13613920986201483,28,highpass
1e-07,5.025979172580392e-07,2.0941034701512436e-07,1.97883426118835e-07,5.981790297951616e-06,0.15019445325169423,28,highpass
1e-07,5.025979172580392e-07,2.0941034701512436e-07,1.97883426118835e-07,5.981790297951616e-06,0.15019445325169423,28,highpass
1e-07,5.025979172580392e-07,2.0941034701512436e-07,1.985421420238225e-07,5.981790297951616e-06,0.14970723797369717,28,highpass
1e-07,5.025979172580392e-07,2.0941034701512436e-07,1.97883426118835e-07,5.981790297951616e-06,0.15019445325169423,28,highpass
1e-07,5.025979172580392e-07,2.0801999738765423e-07,1.985421420238225e-07,5.981790297951616e-06,0.1519666956773848,28,highpass
1e-07,5.025979172580392e-07,2.0941034701512436e-07,1.985421420238225e-07,7.901442671167816e-06,0.1348766299372281,28,highpass
1e-07,5.025979172580392e-07,2.0941034701512436e-07,1.97883426118835e-07,5.981790297951616e-06,0.15019445325169423,28,highpass
1e-07,5.025979172580392e-07,2.0941034701512436e-07,1.97883426118835e-07,5.981790297951616e-06,0.15019445325169423,28,highpass
1e-07,5.025979172580392e-07,2.0941034701512436e-07,1.97883426118835e-07,5.981790297951616e-06,0.15019445325169423,28,highpass
1e-07,5.025979172580392e-07,2.0941034701512436e-07,1.97883426118835e-07,5.981790297951616e-06,0.15019445325169423,28,highpass
1e-07,5.025979172580392e-07,2.0941034701512436e-07,1.97883426118835e-07,5.981790297951616e-06,0.15019445325169423,28,highpass
1e-07,5.025979172580392e-07,2.0941034701512436e-07,1.97883426118835e-07,5.981790297951616e-06,0.15019445325169423,28,highpass
1e-07,5.025979172580392e-07,2.0801999738765423e-07,1.985421420238225e-07,8.230133094252109e-06,0.11146039378176059,28,highpass
1e-07,5.025979172580392e-07,2.0941034701512436e-07,1.985421420238225e-07,5.981790297951616e-06,0.14970723797369717,28,highpass
1e-07,5.025979172580392e-07,2.0941034701512436e-07,2.8221581971090186e-07,5.981790297951616e-06,0.056054995419726916,28,highpass
1e-07,5.025979172580392e-07,2.0941034701512436e-07,1.97883426118835e-07,5.981790297951616e-06,0.15019445325169423,28,highpass
1e-07,5.025979172580392e-07,2.0941034701512436e-07,1.97883426118835e-07,5.981790297951616e-06,0.15019445325169423,28,highpass
1e-07,5.025979172580392e-07,2.0801999738765423e-07,1.97883426118835e-07,5.981790297951616e-06,0.1513786475404062,28,highpass
1e-07,5.025979172580392e-07,2.0941034701512436e-07,1.97883426118835e-07,5.981790297951616e-06,0.15019445325169423,28,highpass
1e-07,5.025979172580392e-07,2.0941034701512436e-07,1.985421420238225e-07,5.981790297951616e-06,0.14970723797369717,28,highpass
1e-07,5.025979172580392e-07,2.0801999738765423e-07,1.985421420238225e-07,5.981790297951616e-06,0.1519666956773848,28,highpass
1e-07,5.025979172580392e-07,2.0801999738765423e-07,1.985421420238225e-07,5.981790297951616e-06,0.1519666956773848,29,highpass
1e-07,5.025979172580392e-07,2.0801999738765423e-07,1.985421420238225e-07,5.981790297951616e-06,0.1519666956773848,29,highpass
1e-07,5.025979172580392e-07,2.0801999738765423e-07,1.985421420238225e-07,5.981790297951616e-06,0.1519666956773848,29,highpass
1e-07,5.025979172580392e-07,2.0069038970620465e-07,1.97883426118835e-07,5.981790297951616e-06,0.10407242106292519,29,highpass
1e-07,5.025979172580392e-07,2.0801999738765423e-07,1.985421420238225e-07,5.981790297951616e-06,0.1519666956773848,29,highpass
1e-07,5.025979172580392e-07,2.0801999738765423e-07,1.97883426118835e-07,5.981790297951616e-06,0.1513786475404062,29,highpass
1e-07,5.025979172580392e-07,2.0801999738765423e-07,1.97883426118835e-07,5.981790297951616e-06,0.1513786475404062,29,highpass
1e-07,5.025979172580392e-07,2.0801999738765423e-07,1.985421420238225e-07,5.981790297951616e-06,0.1519666956773848,29,highpass
1e-07,5.025979172580392e-07,2.0941034701512436e-07,1.97883426118835e-07,5.981790297951616e-06,0.15019445325169423,29,highpass
1e-07,5.025979172580392e-07,2.0801999738765423e-07,1.985421420238225e-07,5.981790297951616e-06,0.1519666956773848,29,highpass
1e-07,5.025979172580392e-07,2.0941034701512436e-07,1.97883426118835e-07,5e-06,0.1345844717095141,29,highpass
1e-07,5.025979172580392e-07,2.0801999738765423e-07,1.985421420238225e-07,5.981790297951616e-06,0.1519666956773848,29,highpass
1.201052146244802e-07,5.025979172580392e-07,2.0801999738765423e-07,1.985421420238225e-07,5.981790297951616e-06,0.1220741659538771,29,highpass
1e-07,5.025979172580392e-07,2.0801999738765423e-07,1.985421420238225e-07,5.981790297951616e-06,0.1519666956773848,29,highpass
1e-07,5.025979172580392e-07,2.0941034701512436e-07,1.985421420238225e-07,5.981790297951616e-06,0.14970723797369717,29,highpass
1e-07,5.025979172580392e-07,2.0801999738765423e-07,1.985421420238225e-07,5.981790297951616e-06,0.1519666956773848,29,highpass
1e-07,5.025979172580392e-07,2.0941034701512436e-07,1.97883426118835e-07,5.981790297951616e-06,0.15019445325169423,29,highpass
1e-07,5.025979172580392e-07,2.0801999738765423e-07,1.985421420238225e-07,5.981790297951616e-06,0.1519666956773848,29,highpass
1e-07,5.025979172580392e-07,2.0941034701512436e-07,1.97883426118835e-07,5.981790297951616e-06,0.15019445325169423,29,highpass
1e-07,5.025979172580392e-07,2.0801999738765423e-07,1.985421420238225e-07,5.981790297951616e-06,0.1519666956773848,29,highpass
1e-07,5.025979172580392e-07,2.0801999738765423e-07,1.985421420238225e-07,5.981790297951616e-06,0.1519666956773848,29,highpass
1e-07,5.025979172580392e-07,2.0801999738765423e-07,1.97883426118835e-07,5.981790297951616e-06,0.1513786475404062,29,highpass
1e-07,5.025979172580392e-07,2.0801999738765423e-07,1.985421420238225e-07,5.981790297951616e-06,0.1519666956773848,29,highpass
1e-07,5.025979172580392e-07,2.0941034701512436e-07,1.97883426118835e-07,6.7966238035161975e-06,0.13316933519810814,29,highpass
1e-07,5.025979172580392e-07,2.0941034701512436e-07,1.97883426118835e-07,5.981790297951616e-06,0.15019445325169423,29,highpass
1e-07,5.025979172580392e-07,2.0801999738765423e-07,1.985421420238225e-07,5.981790297951616e-06,0.1519666956773848,29,highpass
1e-07,5.025979172580392e-07,2.0941034701512436e-07,1.97883426118835e-07,5.981790297951616e-06,0.15019445325169423,29,highpass
1e-07,5.025979172580392e-07,2.0801999738765423e-07,1.97883426118835e-07,5.981790297951616e-06,0.1513786475404062,29,highpass
1e-07,5.025979172580392e-07,1.1491639688694173e-07,1.97883426118835e-07,5.981790297951616e-06,0.08050595147294776,29,highpass
1e-07,5.025979172580392e-07,2.1550094889936112e-07,1.97883426118835e-07,5.981790297951616e-06,0.11540511600794179,29,highpass
1e-07,5.025979172580392e-07,2.0801999738765423e-07,1.985421420238225e-07,5.981790297951616e-06,0.1519666956773848,30,highpass
1e-07,5.025979172580392e-07,2.0801999738765423e-07,2.0317526661899154e-07,5.981790297951616e-06,0.1509597441438656,30,highpass
1e-07,5.025979172580392e-07,2.0801999738765423e-07,1.985421420238225e-07,5.981790297951616e-06,0.1519666956773848,30,highpass
1e-07,5.025979172580392e-07,2.0801999738765423e-07,1.985421420238225e-07,5.981790297951616e-06,0.1519666956773848,30,highpass
1e-07,5.025979172580392e-07,2.0801999738765423e-07,1.985421420238225e-07,2.524578480971158e-05,0.11239036196388574,30,highpass
1e-07,5.025979172580392e-07,2.0801999738765423e-07,1.985421420238225e-07,5.981790297951616e-06,0.1519666956773848,30,highpass
1e-07,5.025979172580392e-07,2.0801999738765423e-07,1.985421420238225e-07,5.981790297951616e-06,0.1519666956773848,30,highpass
1e-07,5.025979172580392e-07,2.0801999738765423e-07,2.0276268443890348e-07,5.981790297951616e-06,0.1509597441438656,30,highpass
1e-07,5.025979172580392e-07,2.0801999738765423e-07,1.985421420238225e-07,5.981790297951616e-06,0.1519666956773848,30,highpass
1e-07,5.025979172580392e-07,2.0801999738765423e-07,1.985421420238225e-07,5.981790297951616e-06,0.1519666956773848,30,highpass
1e-07,5.025979172580392e-07,2.0801999738765423e-07,1.985421420238225e-07,5.981790297951616e-06,0.1519666956773848,30,highpass
1e-07,5.025979172580392e-07,2.0801999738765423e-07,1.985421420238225e-07,5.981790297951616e-06,0.1519666956773848,30,highpass
1e-07,5.025979172580392e-07,2.0801999738765423e-07,1.985421420238225e-07,5.981790297951616e-06,0.1519666956773848,30,highpass
1e-07,5.025979172580392e-07,2.0801999738765423e-07,1.985421420238225e-07,5.981790297951616e-06,0.1519666956773848,30,highpass
1e-07,5.025979172580392e-07,2.0801999738765423e-07,1.985421420238225e-07,5.981790297951616e-06,0.1519666956773848,30,highpass
1e-07,5.025979172580392e-07,2.0801999738765423e-07,1.985421420238225e-07,5.981790297951616e-06,0.1519666956773848,30,highpass
1e-07,5.025979172580392e-07,2.0801999738765423e-07,1.985421420238225e-07,5.981790297951616e-06,0.1519666956773848,30,highpass
1e-07,5.025979172580392e-07,2.0801999738765423e-07,1.985421420238225e-07,5.981790297951616e-06,0.1519666956773848,30,highpass
1e-07,5.025979172580392e-07,2.0801999738765423e-07,1.97883426118835e-07,5.981790297951616e-06,0.1513786475404062,30,highpass
1e-07,5.025979172580392e-07,2.0801999738765423e-07,1.985421420238225e-07,5.981790297951616e-06,0.1519666956773848,30,highpass
1e-07,5.025979172580392e-07,2.0801999738765423e-07,1.985421420238225e-07,5.981790297951616e-06,0.1519666956773848,30,highpass
1e-07,5.025979172580392e-07,2.0801999738765423e-07,1.985421420238225e-07,5.981790297951616e-06,0.1519666956773848,30,highpass
1e-07,5.025979172580392e-07,1.152845870624759e-07,1.985421420238225e-07,5.981790297951616e-06,0.08036788946954346,30,highpass
1e-07,5.025979172580392e-07,2.0801999738765423e-07,1.985421420238225e-07,5.981790297951616e-06,0.1519666956773848,30,highpass
1e-07,3.142610752834208e-07,2.0801999738765423e-07,1.985421420238225e-07,5.981790297951616e-06,0.07197552490049111,30,highpass
1e-07,5.025979172580392e-07,2.0801999738765423e-07,1.985421420238225e-07,5.981790297951616e-06,0.1519666956773848,30,highpass
1e-07,5.025979172580392e-07,2.0801999738765423e-07,1.97883426118835e-07,5.981790297951616e-06,0.1513786475404062,30,highpass
1e-07,5.025979172580392e-07,2.0801999738765423e-07,1.97883426118835e-07,5.981790297951616e-06,0.1513786475404062,30,highpass
1.3090865796733645e-07,5.025979172580392e-07,2.0801999738765423e-07,1.985421420238225e-07,5.981790297951616e-06,0.11119984752162276,30,highpass
1e-07,5.025979172580392e-07,2.0801999738765423e-07,1.985421420238225e-07,5.981790297951616e-06,0.1519666956773848,30,highpass
1e-07,5.025979172580392e-07,2.0801999738765423e-07,1.985421420238225e-07,5.981790297951616e-06,0.1519666956773848,31,highpass
1e-07,5.025979172580392e-07,2.0801999738765423e-07,1.985421420238225e-07,5.981790297951616e-06,0.1519666956773848,31,highpass
1e-07,5.025979172580392e-07,2.0801999738765423e-07,1.985421420238225e-07,5.981790297951616e-06,0.1519666956773848,31,highpass
1e-07,5.025979172580392e-07,2.0801999738765423e-07,1.985421420238225e-07,1.019521232486642e-05,0.11788115635675311,31,highpass
1e-07,5.025979172580392e-07,2.0801999738765423e-07,1.985421420238225e-07,5.981790297951616e-06,0.1519666956773848,31,highpass
1e-07,5.025979172580392e-07,2.0801999738765423e-07,1.985421420238225e-07,5.981790297951616e-06,0.1519666956773848,31,highpass
1e-07,6.125026354464078e-07,2.0801999738765423e-07,1.985421420238225e-07,5.981790297951616e-06,0.04883498463485825,31,highpass
1e-07,5.025979172580392e-07,2.0801999738765423e-07,1.985421420238225e-07,5.981790297951616e-06,0.1519666956773848,31,highpass
1e-07,5.025979172580392e-07,2.0801999738765423e-07,1.985421420238225e-07,4.732093410692446e-05,0.09921902699915347,31,highpass
1e-07,5.025979172580392e-07,2.0801999738765423e-07,1.985421420238225e-07,5.981790297951616e-06,0.1519666956773848,31,highpass
1e-07,5.025979172580392e-07,2.0801999738765423e-07,1.985421420238225e-07,5.981790297951616e-06,0.1519666956773848,31,highpass
1e-07,5.025979172580392e-07,2.0801999738765423e-07,1.985421420238225e-07,5.981790297951616e-06,0.1519666956773848,31,highpass
1e-07,5.025979172580392e-07,2.0801999738765423e-07,1.985421420238225e-07,5.981790297951616e-06,0.1519666956773848,31,highpass
1e-07,5.025979172580392e-07,2.0801999738765423e-07,1.985421420238225e-07,5.981790297951616e-06,0.1519666956773848,31,highpass
1e-07,5.025979172580392e-07,2.0801999738765423e-07,1.985421420238225e-07,5.981790297951616e-06,0.1519666956773848,31,highpass
1e-07,5.025979172580392e-07,2.0801999738765423e-07,1.985421420238225e-07,5.981790297951616e-06,0.1519666956773848,31,highpass
1e-07,5.025979172580392e-07,2.0801999738765423e-07,1.985421420238225e-07,5.981790297951616e-06,0.1519666956773848,31,highpass
1e-07,5.025979172580392e-07,2.0801999738765423e-07,1.985421420238225e-07,7.3630714057973996e-06,0.12497272432048773,31,highpass
1e-07,5.025979172580392e-07,2.0801999738765423e-07,1.985421420238225e-07,5.981790297951616e-06,0.1519666956773848,31,highpass
1e-07,5.025979172580392e-07,2.0801999738765423e-07,1.985421420238225e-07,5.981790297951616e-06,0.1519666956773848,31,highpass
1e-07,5.025979172580392e-07,2.0801999738765423e-07,1.985421420238225e-07,5.981790297951616e-06,0.1519666956773848,31,highpass
1e-07,5.025979172580392e-07,2.0801999738765423e-07,1.985421420238225e-07,5.981790297951616e-06,0.1519666956773848,31,highpass
1.0779374911527407e-07,5.025979172580392e-07,2.0801999738765423e-07,1.985421420238225e-07,5.981790297951616e-06,0.1386697815617115,31,highpass
1e-07,5.025979172580392e-07,2.0801999738765423e-07,1.985421420238225e-07,5.981790297951616e-06,0.1519666956773848,31,highpass
1e-07,5.025979172580392e-07,2.0801999738765423e-07,1.985421420238225e-07,5.981790297951616e-06,0.1519666956773848,31,highpass
1e-07,5.025979172580392e-07,2.0801999738765423e-07,1.985421420238225e-07,5.981790297951616e-06,0.1519666956773848,31,highpass
1e-07,5.025979172580392e-07,2.0801999738765423e-07,1.985421420238225e-07,5.981790297951616e-06,0.1519666956773848,31,highpass
1e-07,5.025979172580392e-07,2.0801999738765423e-07,2.0317861401777726e-07,5.981790297951616e-06,0.15042633945943218,31,highpass
1e-07,5.025979172580392e-07,2.0801999738765423e-07,1.985421420238225e-07,5.981790297951616e-06,0.1519666956773848,31,highpass
1e-07,5.025979172580392e-07,2.0801999738765423e-07,1.985421420238225e-07,5.981790297951616e-06,0.1519666956773848,31,highpass
1e-07,5.025979172580392e-07,2.0801999738765423e-07,1.985421420238225e-07,5.981790297951616e-06,0.1519666956773848,32,highpass
1e-07,5.025979172580392e-07,2.0801999738765423e-07,1.985421420238225e-07,5.981790297951616e-06,0.1519666956773848,32,highpass
1e-07,5.025979172580392e-07,2.0801999738765423e-07,1.985421420238225e-07,5.981790297951616e-06,0.1519666956773848,32,highpass
1e-07,5.025979172580392e-07,2.0837626521423035e-07,1.985421420238225e-07,5.981790297951616e-06,0.1519666956773848,32,highpass
1e-07,4.4360384431122526e-07,2.0801999738765423e-07,1.985421420238225e-07,5.981790297951616e-06,0.10513885231884545,32,highpass
1e-07,5.025979172580392e-07,2.0801999738765423e-07,1.985421420238225e-07,5.981790297951616e-06,0.1519666956773848,32,highpass
1e-07,5.025979172580392e-07,2.0801999738765423e-07,1.985421420238225e-07,5.981790297951616e-06,0.1519666956773848,32,highpass
1e-07,5.025979172580392e-07,2.0801999738765423e-07,1.985421420238225e-07,5.981790297951616e-06,0.1519666956773848,32,highpass
1e-07,5.025979172580392e-07,2.0801999738765423e-07,1.985421420238225e-07,4.736800511916176e-05,0.10326688369668507,32,highpass
1e-07,5.025979172580392e-07,2.0801999738765423e-07,1.985421420238225e-07,5.981790297951616e-06,0.1519666956773848,32,highpass
1e-07,5.025979172580392e-07,2.0801999738765423e-07,1.985421420238225e-07,5.981790297951616e-06,0.1519666956773848,32,highpass
1e-07,5.025979172580392e-07,2.0801999738765423e-07,1.985421420238225e-07,5.981790297951616e-06,0.1519666956773848,32,highpass
1e-07,3.090139726711693e-07,2.0801999738765423e-07,1.985421420238225e-07,5.981790297951616e-06,0.0680463222862917,32,highpass
1e-07,5.025979172580392e-07,2.0801999738765423e-07,1.985421420238225e-07,5.981790297951616e-06,0.1519666956773848,32,highpass
1e-07,5.025979172580392e-07,2.0801999738765423e-07,1.985421420238225e-07,5.981790297951616e-06,0.1519666956773848,32,highpass
1e-07,5.025979172580392e-07,2.0801999738765423e-07,1.985421420238225e-07,1.794059577488687e-05,0.11146521353993677,32,highpass
1e-07,5.025979172580392e-07,2.0801999738765423e-07,1.985421420238225e-07,5.981790297951616e-06,0.1519666956773848,32,highpass
1e-07,5.025979172580392e-07,2.0801999738765423e-07,1.985421420238225e-07,5.981790297951616e-06,0.1519666956773848,32,highpass
1e-07,5.025979172580392e-07,2.0801999738765423e-07,1.985421420238225e-07,5.981790297951616e-06,0.1519666956773848,32,highpass
1e-07,5.025979172580392e-07,2.0801999738765423e-07,1.985421420238225e-07,5.981790297951616e-06,0.1519666956773848,32,highpass
1e-07,5.025979172580392e-07,2.0801999738765423e-07,1.985421420238225e-07,5.981790297951616e-06,0.1519666956773848,32,highpass
1e-07,5.025979172580392e-07,2.0801999738765423e-07,1.985421420238225e-07,5.981790297951616e-06,0.1519666956773848,32,highpass
1e-07,5.025979172580392e-07,2.0801999738765423e-07,1.985421420238225e-07,5.981790297951616e-06,0.1519666956773848,32,highpass
1e-07,5.025979172580392e-07,2.0801999738765423e-07,1.985421420238225e-07,5.981790297951616e-06,0.1519666956773848,32,highpass
1e-07,5.025979172580392e-07,2.0801999738765423e-07,1.9653350962342067e-07,5.981790297951616e-06,0.15170686019492663,32,highpass
1e-07,5.025979172580392e-07,2.0801999738765423e-07,1.985421420238225e-07,5.981790297951616e-06,0.1519666956773848,32,highpass
1e-07,5.025979172580392e-07,2.0801999738765423e-07,1.985421420238225e-07,5.981790297951616e-06,0.1519666956773848,32,highpass
1e-07,5.07396573558225e-07,2.0801999738765423e-07,1.985421420238225e-07,5.981790297951616e-06,0.1520044929867067,32,highpass
1e-07,5.025979172580392e-07,2.0801999738765423e-07,1.985421420238225e-07,5.981790297951616e-06,0.1519666956773848,32,highpass
1e-07,5.025979172580392e-07,2.0801999738765423e-07,1.985421420238225e-07,5.981790297951616e-06,0.1519666956773848,32,highpass
1e-07,5.07396573558225e-07,2.0801999738765423e-07,1.985421420238225e-07,5.981790297951616e-06,0.1520044929867067,33,highpass
1e-07,5.025979172580392e-07,2.0801999738765423e-07,1.985421420238225e-07,5.981790297951616e-06,0.1519666956773848,33,highpass
1.8907683524657638e-07,5.025979172580392e-07,2.0801999738765423e-07,1.985421420238225e-07,5.981790297951616e-06,0.02473375048874743,33,highpass
1e-07,5.07396573558225e-07,2.0801999738765423e-07,1.985421420238225e-07,5.981790297951616e-06,0.1520044929867067,33,highpass
1e-07,5.025979172580392e-07,2.0801999738765423e-07,1.985421420238225e-07,5.981790297951616e-06,0.1519666956773848,33,highpass
1e-07,5.025979172580392e-07,2.0801999738765423e-07,1.985421420238225e-07,5.981790297951616e-06,0.1519666956773848,33,highpass
1e-07,5.07396573558225e-07,2.0801999738765423e-07,1.985421420238225e-07,5.981790297951616e-06,0.1520044929867067,33,highpass
1e-07,5.025979172580392e-07,2.0801999738765423e-07,1.985421420238225e-07,5.981790297951616e-06,0.1519666956773848,33,highpass
1e-07,5.07396573558225e-07,2.0801999738765423e-07,1.985421420238225e-07,5.981790297951616e-06,0.1520044929867067,33,highpass
1e-07,5.025979172580392e-07,2.0801999738765423e-07,1.985421420238225e-07,5.981790297951616e-06,0.1519666956773848,33,highpass
1e-07,5.025979172580392e-07,2.0801999738765423e-07,1.985421420238225e-07,5.981790297951616e-06,0.1519666956773848,33,highpass
1e-07,5.025979172580392e-07,2.0801999738765423e-07,1.985421420238225e-07,5.981790297951616e-06,0.1519666956773848,33,highpass
1e-07,5.025979172580392e-07,2.0801999738765423e-07,1.985421420238225e-07,5.981790297951616e-06,0.1519666956773848,33,highpass
1e-07,5.025979172580392e-07,2.0801999738765423e-07,1.985421420238225e-07,5.981790297951616e-06,0.1519666956773848,33,highpass
1e-07,5.07396573558225e-07,2.0801999738765423e-07,1.985421420238225e-07,5.981790297951616e-06,0.1520044929867067,33,highpass
1e-07,5.025979172580392e-07,2.0801999738765423e-07,1.985421420238225e-07,5.981790297951616e-06,0.1519666956773848,33,highpass
1e-07,5.025979172580392e-07,2.0801999738765423e-07,2.0250173581134238e-07,5.981790297951616e-06,0.15125781418809758,33,highpass
1e-07,5.025979172580392e-07,2.0801999738765423e-07,1.985421420238225e-07,5.981790297951616e-06,0.1519666956773848,33,highpass
1e-07,5.025979172580392e-07,2.0837626521423035e-07,1.985421420238225e-07,5.981790297951616e-06,0.1519666956773848,33,highpass
1e-07,5.025979172580392e-07,2.0801999738765423e-07,1.985421420238225e-07,5.981790297951616e-06,0.1519666956773848,33,highpass
1e-07,5.025979172580392e-07,2.0801999738765423e-07,1.985421420238225e-07,5.981790297951616e-06,0.1519666956773848,33,highpass
1e-07,5.025979172580392e-07,2.0801999738765423e-07,1.985421420238225e-07,5.981790297951616e-06,0.1519666956773848,33,highpass
1e-07,3.3842031443472374e-07,2.0801999738765423e-07,1.985421420238225e-07,5.981790297951616e-06,0.09213616482620539,33,highpass
1e-07,5.025979172580392e-07,2.0801999738765423e-07,2.522855420449714e-07,5.981790297951616e-06,0.07639825688468727,33,highpass
1e-07,5.025979172580392e-07,2.0801999738765423e-07,1.985421420238225e-07,5.981790297951616e-06,0.1519666956773848,33,highpass
1e-07,5.07396573558225e-07,2.0801999738765423e-07,1.985421420238225e-07,5.981790297951616e-06,0.1520044929867067,33,highpass
1e-07,5.025979172580392e-07,2.0801999738765423e-07,1.985421420238225e-07,5.981790297951616e-06,0.1519666956773848,33,highpass
1e-07,5.07396573558225e-07,2.0801999738765423e-07,1.985421420238225e-07,5.981790297951616e-06,0.1520044929867067,33,highpass
1e-07,5.07396573558225e-07,2.0801999738765423e-07,1.985421420238225e-07,5.981790297951616e-06,0.1520044929867067,33,highpass
1e-07,5.025979172580392e-07,2.0801999738765423e-07,1.985421420238225e-07,5.981790297951616e-06,0.1519666956773848,33,highpass
1e-07,5.07396573558225e-07,2.0801999738765423e-07,1.985421420238225e-07,5.981790297951616e-06,0.1520044929867067,34,highpass
1e-07,5.07396573558225e-07,2.0801999738765423e-07,1.985421420238225e-07,5.981790297951616e-06,0.1520044929867067,34,highpass
1e-07,5.07396573558225e-07,2.0801999738765423e-07,1.985421420238225e-07,1.8762655693493432e-05,0.11743949825411193,34,highpass
1e-07,5.07396573558225e-07,2.0801999738765423e-07,1.985421420238225e-07,5.981790297951616e-06,0.1520044929867067,34,highpass
1e-07,5.07396573558225e-07,2.0801999738765423e-07,1.985421420238225e-07,5.981790297951616e-06,0.1520044929867067,34,highpass
1e-07,5.07396573558225e-07,2.0801999738765423e-07,1.985421420238225e-07,5.981790297951616e-06,0.1520044929867067,34,highpass
1e-07,5.07396573558225e-07,2.0801999738765423e-07,1.985421420238225e-07,4.6438897902470534e-05,0.1004396213495129,34,highpass
1e-07,5.07396573558225e-07,2.0801999738765423e-07,1.985421420238225e-07,5.321698447945271e-06,0.11574478884675249,34,highpass
1e-07,5.07396573558225e-07,2.0801999738765423e-07,1.985421420238225e-07,5.981790297951616e-06,0.1520044929867067,34,highpass
1e-07,5.07396573558225e-07,2.0801999738765423e-07,1.985421420238225e-07,5.981790297951616e-06,0.1520044929867067,34,highpass
1e-07,5.07396573558225e-07,2.0801999738765423e-07,1.985421420238225e-07,5.981790297951616e-06,0.1520044929867067,34,highpass
1e-07,5.07396573558225e-07,2.0801999738765423e-07,1.985421420238225e-07,5.981790297951616e-06,0.1520044929867067,34,highpass
1e-07,5.07396573558225e-07,2.0801999738765423e-07,1.985421420238225e-07,5.981790297951616e-06,0.1520044929867067,34,highpass
1e-07,5.025979172580392e-07,2.0801999738765423e-07,1.985421420238225e-07,5.981790297951616e-06,0.1519666956773848,34,highpass
1e-07,5.07396573558225e-07,2.0801999738765423e-07,1.985421420238225e-07,5.981790297951616e-06,0.1520044929867067,34,highpass
1e-07,5.07396573558225e-07,2.0801999738765423e-07,1.985421420238225e-07,5.981790297951616e-06,0.1520044929867067,34,highpass
1e-07,5.07396573558225e-07,2.0801999738765423e-07,1.985421420238225e-07,5.981790297951616e-06,0.1520044929867067,34,highpass
1e-07,5.07396573558225e-07,2.0801999738765423e-07,1.985421420238225e-07,5.981790297951616e-06,0.1520044929867067,34,highpass
1e-07,5.07396573558225e-07,1.1114287374732336e-07,1.985421420238225e-07,5.981790297951616e-06,0.0729008293832015,34,highpass
1e-07,5.07396573558225e-07,2.0801999738765423e-07,1.985421420238225e-07,5.981790297951616e-06,0.1520044929867067,34,highpass
1e-07,5.07396573558225e-07,2.0801999738765423e-07,1.985421420238225e-07,5.981790297951616e-06,0.1520044929867067,34,highpass
1e-07,5.07396573558225e-07,2.0801999738765423e-07,1.985421420238225e-07,5e-06,0.13804275248884634,34,highpass
1e-07,5.025979172580392e-07,2.0801999738765423e-07,1.985421420238225e-07,5.981790297951616e-06,0.1519666956773848,34,highpass
1e-07,5.07396573558225e-07,1.9485131918347686e-07,1.985421420238225e-07,5.981790297951616e-06,0.1522202369630788,34,highpass
1e-07,5.025979172580392e-07,2.0801999738765423e-07,1.985421420238225e-07,5.981790297951616e-06,0.1519666956773848,34,highpass
1e-07,5.025979172580392e-07,2.0801999738765423e-07,1.985421420238225e-07,5.981790297951616e-06,0.1519666956773848,34,highpass
1e-07,5.025979172580392e-07,2.0801999738765423e-07,1.985421420238225e-07,5.981790297951616e-06,0.1519666956773848,34,highpass
1e-07,4.799295018573198e-07,2.0801999738765423e-07,1.985421420238225e-07,5.981790297951616e-06,0.14152451888373074,34,highpass
1e-07,5.07396573558225e-07,2.0801999738765423e-07,1.985421420238225e-07,5.981790297951616e-06,0.1520044929867067,34,highpass
1e-07,5.07396573558225e-07,2.0801999738765423e-07,1.985421420238225e-07,5.981790297951616e-06,0.1520044929867067,34,highpass
1e-07,5.07396573558225e-07,1.9485131918347686e-07,1.985421420238225e-07,5.981790297951616e-06,0.1522202369630788,35,highpass
1e-07,5.07396573558225e-07,2.0801999738765423e-07,1.985421420238225e-07,5.981790297951616e-06,0.1520044929867067,35,highpass
1e-07,5.07396573558225e-07,1.9485131918347686e-07,1.985421420238225e-07,5.981790297951616e-06,0.1522202369630788,35,highpass
1e-07,5.07396573558225e-07,2.0801999738765423e-07,1.985421420238225e-07,5.981790297951616e-06,0.1520044929867067,35,highpass
1e-07,5.07396573558225e-07,2.0801999738765423e-07,1.985421420238225e-07,5.981790297951616e-06,0.1520044929867067,35,highpass
1e-07,5.07396573558225e-07,2.0801999738765423e-07,1.985421420238225e-07,5.981790297951616e-06,0.1520044929867067,35,highpass
1e-07,5.07396573558225e-07,2.0801999738765423e-07,1.985421420238225e-07,5.981790297951616e-06,0.1520044929867067,35,highpass
1e-07,5.035905302017685e-07,2.0801999738765423e-07,1.985421420238225e-07,5.981790297951616e-06,0.15212201298593647,35,highpass
1e-07,5.07396573558225e-07,1.9485131918347686e-07,1.985421420238225e-07,5.981790297951616e-06,0.1522202369630788,35,highpass
1e-07,5.07396573558225e-07,2.0801999738765423e-07,1.985421420238225e-07,5.981790297951616e-06,0.1520044929867067,35,highpass
1e-07,5.07396573558225e-07,2.0801999738765423e-07,1.985421420238225e-07,5.981790297951616e-06,0.1520044929867067,35,highpass
1e-07,5.07396573558225e-07,2.0801999738765423e-07,1.985421420238225e-07,5.981790297951616e-06,0.1520044929867067,35,highpass
1e-07,5.07396573558225e-07,1.9485131918347686e-07,1.985421420238225e-07,5.981790297951616e-06,0.1522202369630788,35,highpass
1e-07,5.07396573558225e-07,2.0801999738765423e-07,1.985421420238225e-07,5.981790297951616e-06,0.1520044929867067,35,highpass
1e-07,5.07396573558225e-07,2.0801999738765423e-07,1.985421420238225e-07,5.981790297951616e-06,0.1520044929867067,35,highpass
1e-07,5.07396573558225e-07,2.0801999738765423e-07,1.985421420238225e-07,5.981790297951616e-06,0.1520044929867067,35,highpass
1e-07,5.07396573558225e-07,2.0801999738765423e-07,1.985421420238225e-07,5.981790297951616e-06,0.1520044929867067,35,highpass
1e-07,5.07396573558225e-07,2.0801999738765423e-07,1.985421420238225e-07,5.981790297951616e-06,0.1520044929867067,35,highpass
1e-07,5.07396573558225e-07,2.060370409555169e-07,1.985421420238225e-07,5.981790297951616e-06,0.13945054142884938,35,highpass
1e-07,5.07396573558225e-07,2.0801999738765423e-07,1.985421420238225e-07,6.754148278537874e-06,0.13091000209514325,35,highpass
1e-07,5.07396573558225e-07,2.0801999738765423e-07,1.985421420238225e-07,5.981790297951616e-06,0.1520044929867067,35,highpass
1e-07,5.07396573558225e-07,2.0801999738765423e-07,1.985421420238225e-07,5.981790297951616e-06,0.1520044929867067,35,highpass
1e-07,5.07396573558225e-07,2.0801999738765423e-07,1.985421420238225e-07,5.981790297951616e-06,0.1520044929867067,35,highpass
1e-07,5.07396573558225e-07,2.0801999738765423e-07,1.985421420238225e-07,5.981790297951616e-06,0.1520044929867067,35,highpass
1e-07,5.07396573558225e-07,1.9485131918347686e-07,1.985421420238225e-07,5.981790297951616e-06,0.1522202369630788,35,highpass
1e-07,5.07396573558225e-07,2.0801999738765423e-07,1.985421420238225e-07,5.981790297951616e-06,0.1520044929867067,35,highpass
1e-07,5.07396573558225e-07,1.9485131918347686e-07,1.985421420238225e-07,5.981790297951616e-06,0.1522202369630788,35,highpass
1e-07,5.07396573558225e-07,2.0801999738765423e-07,1.985421420238225e-07,5.981790297951616e-06,0.1520044929867067,35,highpass
1e-07,5.07396573558225e-07,2.0801999738765423e-07,1.985421420238225e-07,2.913226809603383e-05,0.11145106077874356,35,highpass
1e-07,5.07396573558225e-07,2.0801999738765423e-07,1.985421420238225e-07,5.981790297951616e-06,0.1520044929867067,35,highpass
1e-07,5.07396573558225e-07,1.9485131918347686e-07,1.985421420238225e-07,5.981790297951616e-06,0.1522202369630788,36,highpass
1e-07,5.07396573558225e-07,1.9485131918347686e-07,1.985421420238225e-07,5.981790297951616e-06,0.1522202369630788,36,highpass
1e-07,5.07396573558225e-07,2.0801999738765423e-07,1.9306582252480812e-07,5.981790297951616e-06,0.150957990395456,36,highpass
1e-07,5.07396573558225e-07,1.9485131918347686e-07,1.985421420238225e-07,5.981790297951616e-06,0.1522202369630788,36,highpass
1e-07,5.07396573558225e-07,2.0801999738765423e-07,1.985421420238225e-07,5.981790297951616e-06,0.1520044929867067,36,highpass
1.9528480970424875e-07,5.07396573558225e-07,1.9485131918347686e-07,1.985421420238225e-07,5.981790297951616e-06,0.06523465115951438,36,highpass
1e-07,5.07396573558225e-07,1.9485131918347686e-07,1.985421420238225e-07,5.981790297951616e-06,0.1522202369630788,36,highpass
1e-07,5.07396573558225e-07,1.9485131918347686e-07,1.985421420238225e-07,5.981790297951616e-06,0.1522202369630788,36,highpass
1e-07,5.07396573558225e-07,1.9485131918347686e-07,1.985421420238225e-07,5.981790297951616e-06,0.1522202369630788,36,highpass
1e-07,5.07396573558225e-07,2.1196762031489356e-07,1.985421420238225e-07,5.981790297951616e-06,0.11965723191522859,36,highpass
1e-07,5.07396573558225e-07,1.9485131918347686e-07,1.985421420238225e-07,5.981790297951616e-06,0.1522202369630788,36,highpass
1e-07,5.07396573558225e-07,2.0801999738765423e-07,1.985421420238225e-07,5.981790297951616e-06,0.1520044929867067,36,highpass
1e-07,5.07396573558225e-07,1.9485131918347686e-07,1.985421420238225e-07,5.981790297951616e-06,0.1522202369630788,36,highpass
1e-07,5.07396573558225e-07,2.0801999738765423e-07,1.985421420238225e-07,5.981790297951616e-06,0.1520044929867067,36,highpass
1.0173268635941199e-07,5.07396573558225e-07,1.9485131918347686e-07,1.985421420238225e-07,5.981790297951616e-06,0.15222304511169088,36,highpass
1e-07,5.07396573558225e-07,2.0801999738765423e-07,1.985421420238225e-07,5.981790297951616e-06,0.1520044929867067,36,highpass
1e-07,5.035905302017685e-07,1.920312474051078e-07,1.985421420238225e-07,5.981790297951616e-06,0.1284293692631509,36,highpass
1e-07,5.07396573558225e-07,1.9485131918347686e-07,1.985421420238225e-07,5.981790297951616e-06,0.1522202369630788,36,highpass
1e-07,5.07396573558225e-07,1.9485131918347686e-07,1.985421420238225e-07,5.981790297951616e-06,0.1522202369630788,36,highpass
1e-07,5.07396573558225e-07,2.0801999738765423e-07,1.985421420238225e-07,5.981790297951616e-06,0.1520044929867067,36,highpass
1e-07,5.07396573558225e-07,2.0801999738765423e-07,1.985421420238225e-07,5.981790297951616e-06,0.1520044929867067,36,highpass
1e-07,5.035905302017685e-07,1.9485131918347686e-07,1.985421420238225e-07,5.981790297951616e-06,0.14862734453426457,36,highpass
1e-07,6.494994208170866e-07,2.0801999738765423e-07,1.985421420238225e-07,5.981790297951616e-06,0.030859757457951664,36,highpass
1e-07,5.07396573558225e-07,2.0801999738765423e-07,1.985421420238225e-07,5.981790297951616e-06,0.1520044929867067,36,highpass
1e-07,5.07396573558225e-07,1.9485131918347686e-07,1.985421420238225e-07,5.981790297951616e-06,0.1522202369630788,36,highpass
1e-07,5.07396573558225e-07,2.0801999738765423e-07,1.985421420238225e-07,5.981790297951616e-06,0.1520044929867067,36,highpass
1e-07,5.07396573558225e-07,2.0801999738765423e-07,1.985421420238225e-07,5.981790297951616e-06,0.1520044929867067,36,highpass
1e-07,5.07396573558225e-07,1.9485131918347686e-07,1.985421420238225e-07,5.981790297951616e-06,0.1522202369630788,36,highpass
1e-07,5.07396573558225e-07,1.9485131918347686e-07,1.985421420238225e-07,5.981790297951616e-06,0.1522202369630788,36,highpass
1e-07,5.07396573558225e-07,1.973533484542061e-07,1.985421420238225e-07,5.981790297951616e-06,0.15302589205574002,36,highpass
1e-07,5.07396573558225e-07,1.973533484542061e-07,1.985421420238225e-07,5.981790297951616e-06,0.15302589205574002,37,highpass
2.0218782973278263e-07,5.07396573558225e-07,1.9485131918347686e-07,1.985421420238225e-07,5.981790297951616e-06,0.0485940884829458,37,highpass
1e-07,5.07396573558225e-07,1.9485131918347686e-07,1.985421420238225e-07,5.981790297951616e-06,0.1522202369630788,37,highpass
1e-07,5.07396573558225e-07,1.973533484542061e-07,1.985421420238225e-07,5.981790297951616e-06,0.15302589205574002,37,highpass
1.0173268635941199e-07,5.07396573558225e-07,1.9485131918347686e-07,1.985421420238225e-07,5.981790297951616e-06,0.15222304511169088,37,highpass
1e-07,4.427211448417386e-07,1.9485131918347686e-07,1.985421420238225e-07,5.981790297951616e-06,0.10221579514240481,37,highpass
1e-07,5.07396573558225e-07,1.9485131918347686e-07,1.985421420238225e-07,5.981790297951616e-06,0.1522202369630788,37,highpass
1.0173268635941199e-07,5.07396573558225e-07,1.973533484542061e-07,1.985421420238225e-07,5.981790297951616e-06,0.14324387566211672,37,highpass
1.0173268635941199e-07,5.07396573558225e-07,1.9485131918347686e-07,1.985421420238225e-07,5.981790297951616e-06,0.15222304511169088,37,highpass
1e-07,5.07396573558225e-07,1.9485131918347686e-07,1.985421420238225e-07,5.981790297951616e-06,0.1522202369630788,37,highpass
1e-07,5.07396573558225e-07,1.9485131918347686e-07,1.985421420238225e-07,5.981790297951616e-06,0.1522202369630788,37,highpass
1e-07,5.07396573558225e-07,1.9485131918347686e-07,1.985421420238225e-07,5.981790297951616e-06,0.1522202369630788,37,highpass
1e-07,5.07396573558225e-07,1.9485131918347686e-07,1.985421420238225e-07,5.981790297951616e-06,0.1522202369630788,37,highpass
1e-07,5.07396573558225e-07,1.9485131918347686e-07,1.985421420238225e-07,5.981790297951616e-06,0.1522202369630788,37,highpass
1.0173268635941199e-07,5.07396573558225e-07,1.9485131918347686e-07,1.985421420238225e-07,5.981790297951616e-06,0.15222304511169088,37,highpass
1e-07,5.07396573558225e-07,1.9485131918347686e-07,1.985421420238225e-07,5.981790297951616e-06,0.1522202369630788,37,highpass
1e-07,5.07396573558225e-07,1.973533484542061e-07,1.985421420238225e-07,5.981790297951616e-06,0.15302589205574002,37,highpass
1e-07,5.07396573558225e-07,1.9485131918347686e-07,1.985421420238225e-07,5.981790297951616e-06,0.1522202369630788,37,highpass
1e-07,5.07396573558225e-07,1.9485131918347686e-07,1.985421420238225e-07,5.981790297951616e-06,0.1522202369630788,37,highpass
1e-07,5.07396573558225e-07,1.9485131918347686e-07,1.985421420238225e-07,5.981790297951616e-06,0.1522202369630788,37,highpass
1e-07,5.07396573558225e-07,1.973533484542061e-07,1.985421420238225e-07,5.981790297951616e-06,0.15302589205574002,37,highpass
1e-07,5.07396573558225e-07,1.9485131918347686e-07,1.985421420238225e-07,5.981790297951616e-06,0.1522202369630788,37,highpass
1e-07,5.07396573558225e-07,1.9485131918347686e-07,1.985421420238225e-07,5.981790297951616e-06,0.1522202369630788,37,highpass
1.0173268635941199e-07,5.07396573558225e-07,1.9485131918347686e-07,1.985421420238225e-07,5.981790297951616e-06,0.15222304511169088,37,highpass
1e-07,5.07396573558225e-07,1.973533484542061e-07,1.985421420238225e-07,5.981790297951616e-06,0.15302589205574002,37,highpass
1.0173268635941199e-07,5.07396573558225e-07,1.9485131918347686e-07,1.9244752576962173e-07,5.981790297951616e-06,0.14668025556068975,37,highpass
1e-07,5.07396573558225e-07,1.9485131918347686e-07,1.985421420238225e-07,5.981790297951616e-06,0.1522202369630788,37,highpass
1e-07,5.07396573558225e-07,1.9485131918347686e-07,1.985421420238225e-07,5.981790297951616e-06,0.1522202369630788,37,highpass
1.0148657240550975e-07,5.07396573558225e-07,1.9485131918347686e-07,1.985421420238225e-07,5.981790297951616e-06,0.15226163119197,37,highpass
1e-07,3.3761438149693255e-07,1.9485131918347686e-07,1.985421420238225e-07,5.981790297951616e-06,0.08025621393771204,37,highpass
