s,w,l,height,total_length,fitness_score,generation,fitness_strategy
1.345356508557588e-07,6.657373649825606e-07,2.153330714946611e-07,2.687109394894143e-07,4.5263987801993634e-05,0.3811697485225601,1,highpass
1.4535396390990015e-07,4.769821959107921e-07,1.2150925123893332e-07,2.961881113384381e-07,3.339803419206171e-05,0.36924716227377385,1,highpass
2.0097962318701564e-07,6.967573329441955e-07,2.1006221996158316e-07,2.8378224486771956e-07,4.329411946395877e-05,0.3871422284116401,1,highpass
1.4394575148993596e-07,5.415494270565301e-07,1.4366690096166604e-07,1.912382559269716e-07,4.571805859353872e-05,0.39799937385342027,1,highpass
1.0422013076143979e-07,3.7946069554671844e-07,1.860899261327829e-07,1.9677245099962638e-07,6.77743458641586e-06,0.42240660599263896,1,highpass
2.0582132182854243e-07,4.0871457133970354e-07,2.471348156447773e-07,2.2172498799357064e-07,9.355136302883593e-06,0.37541348273781916,1,highpass
1.6536727057319344e-07,4.967304628885907e-07,1.100226833127045e-07,3e-07,3.9097740303489465e-05,0.37225391095606875,1,highpass
1.8935941835263634e-07,4.608102518888442e-07,1.1475659575643291e-07,2.2227026450317087e-07,1.3254424510520922e-05,0.4084826396682418,1,highpass
1.2300993245391395e-07,3.3359697617255746e-07,1.1720947511466839e-07,2.8443240278179287e-07,4.169850696897347e-05,0.39952274781203523,1,highpass
1.0078120795370589e-07,4.700686208224188e-07,1.3310853603096855e-07,1.8293437519579786e-07,5.640465631116641e-06,0.40094839905326857,1,highpass
1.708372393205083e-07,6.612389696414522e-07,1.0985034796446174e-07,2.7417173526480777e-07,4.2149224096264216e-05,0.41076074395727596,1,highpass
2.213713819555521e-07,5.826005589084552e-07,1.1430161573892082e-07,2.2964570468911496e-07,4.4304225355997346e-05,0.39234312021780493,1,highpass
1.5417579572723704e-07,3e-07,2.167632398669267e-07,1.5e-07,3.779192913218283e-05,0.3949924606244351,1,highpass
1.1310254635352505e-07,7e-07,1.1277835911372954e-07,3e-07,4.025797469193763e-05,0.392100734465258,1,highpass
1.359098082906591e-07,3.5679837244255136e-07,1.1556128798184097e-07,1.8925168326882993e-07,4.0435238064910174e-05,0.39865282989562734,1,highpass
1.3102482302890663e-07,6.16870361517961e-07,2.0655133270359397e-07,2.1578776583275228e-07,3.9211388616772715e-05,0.3153125536753124,1,highpass
1.739711949400353e-07,5.334625007825859e-07,1e-07,3e-07,4.7206730791503614e-05,0.37542634528685387,1,highpass
1e-07,5.912673659094902e-07,1e-07,2.3439995161235256e-07,3.927337148523048e-05,0.36481490512116616,1,highpass
1.7440800085327162e-07,3.76782432996908e-07,2.4656387175584966e-07,2.848864443067152e-07,2.86576052629866e-05,0.3613747527078559,1,highpass
1.2633611021107897e-07,5.026757996834869e-07,1.114111394054582e-07,2.659296264040665e-07,4.317827057941285e-05,0.39749233657492117,1,highpass
1.0230345260612857e-07,5.139803056038395e-07,1.261477433850266e-07,2.922732012262153e-07,4.024468167897697e-05,0.3439477467633252,1,highpass
2.476961152423719e-07,3.3686363384765145e-07,1.7204498445542116e-07,1.715236197129713e-07,4.5182509452684576e-05,0.3959255150819153,1,highpass
1e-07,3.900276804402053e-07,1.0333294432406261e-07,2.8358506157276415e-07,4.7946401790970826e-05,0.39883488720124705,1,highpass
1.0917854536284106e-07,5.417550865376124e-07,2.1215222539872962e-07,1.5e-07,4.116892988516632e-05,0.3683407936496645,1,highpass
1.6223038690002975e-07,5.100965066231128e-07,2.2538183264014782e-07,2.2465781901301549e-07,1.9342914470946686e-05,0.3474938349541114,1,highpass
2.3440769386842888e-07,6.604051877856211e-07,2.148340040202335e-07,2.5805676866927885e-07,1.7002298903074483e-05,0.38709808276711044,1,highpass
1.4170111980701177e-07,5.562723451050666e-07,1.4778957806512278e-07,1.9926329398865686e-07,4.9003406636380064e-05,0.3816985141572097,1,highpass
2.477290899948619e-07,4.4301868162638747e-07,1.748539453618511e-07,2.4896697444078374e-07,3.2496192107863094e-05,0.3787804699871074,1,highpass
1.3752249461228907e-07,6.508209094921659e-07,2.325854883609827e-07,2.712493504584184e-07,4.018881541209968e-05,0.3871015515160822,1,highpass
1.5218661653203304e-07,6.23877536472809e-07,1.1218549159104443e-07,1.8349068381221092e-07,3.3133544720352744e-05,0.37931735587074294,1,highpass
1.0422013076143979e-07,3.7946069554671844e-07,1.860899261327829e-07,1.9677245099962638e-07,6.77743458641586e-06,0.42240660599263896,2,highpass
1.2300993245391395e-07,3.3359697617255746e-07,1.1720947511466839e-07,2.8443240278179287e-07,1.3254424510520922e-05,0.39937041370823423,2,highpass
1.8935941835263634e-07,6.612389696414522e-07,1.0985034796446174e-07,2.7417173526480777e-07,4.2149224096264216e-05,0.39404669577413515,2,highpass
2.3440769386842888e-07,3.8393907850935265e-07,1.860899261327829e-07,1.9677245099962638e-07,6.77743458641586e-06,0.3958787737218501,2,highpass
1.0422013076143979e-07,3.7946069554671844e-07,1.860899261327829e-07,1.9677245099962638e-07,4.2149224096264216e-05,0.39864820674821244,2,highpass
1.4394575148993596e-07,5.415494270565301e-07,1.4366690096166604e-07,2.8443240278179287e-07,4.169850696897347e-05,0.33570767101057564,2,highpass
1.0078120795370589e-07,3.7946069554671844e-07,1.860899261327829e-07,1.9677245099962638e-07,6.77743458641586e-06,0.4259476113327677,2,highpass
1.359098082906591e-07,5.826005589084552e-07,1.1430161573892082e-07,2.2964570468911496e-07,4.4304225355997346e-05,0.403084658957933,2,highpass
1.359098082906591e-07,3.5679837244255136e-07,1.3310853603096855e-07,1.8293437519579786e-07,5.640465631116641e-06,0.40231525152531444,2,highpass
1e-07,3.7946069554671844e-07,1.860899261327829e-07,1.9677245099962638e-07,6.77743458641586e-06,0.3867828765643781,2,highpass
1.708372393205083e-07,3.3359697617255746e-07,1.1720947511466839e-07,2.8443240278179287e-07,4.169850696897347e-05,0.398007556093947,2,highpass
1.345356508557588e-07,6.657373649825606e-07,1.1430161573892082e-07,2.2964570468911496e-07,4.4304225355997346e-05,0.33700329460123174,2,highpass
1.708372393205083e-07,6.612389696414522e-07,1.107297925394637e-07,2.2227026450317087e-07,1.3254424510520922e-05,0.39148653229458563,2,highpass
2.476961152423719e-07,4.608102518888442e-07,1.1475659575643291e-07,2.2227026450317087e-07,1.3254424510520922e-05,0.3911955956009566,2,highpass
1e-07,3.900276804402053e-07,1.114111394054582e-07,2.659296264040665e-07,4.317827057941285e-05,0.4134252017728412,2,highpass
1.708372393205083e-07,6.612389696414522e-07,1.1475659575643291e-07,2.2227026450317087e-07,1.3254424510520922e-05,0.36683332584886585,2,highpass
1.2300993245391395e-07,3.3359697617255746e-07,1.3310853603096855e-07,1.8293437519579786e-07,5.640465631116641e-06,0.39893358378741384,2,highpass
1.8906770397385593e-07,6.657373649825606e-07,2.153330714946611e-07,2.687109394894143e-07,4.5263987801993634e-05,0.38712498507405907,2,highpass
1.2300993245391395e-07,3.3359697617255746e-07,1.3310853603096855e-07,1.8293437519579786e-07,5.640465631116641e-06,0.39893358378741384,2,highpass
1.708372393205083e-07,5.415494270565301e-07,1.4366690096166604e-07,1.912382559269716e-07,4.571805859353872e-05,0.37610972256431663,2,highpass
1e-07,6.967573329441955e-07,2.1006221996158316e-07,2.8378224486771956e-07,4.329411946395877e-05,0.32252087676178715,2,highpass
1e-07,4.0617432958229367e-07,1.0333294432406261e-07,2.2227026450317087e-07,1.3254424510520922e-05,0.3965197300958533,2,highpass
1.5417579572723704e-07,3e-07,2.167632398669267e-07,1.5e-07,4.571805859353872e-05,0.39670725266415885,2,highpass
1.345356508557588e-07,6.657373649825606e-07,2.153330714946611e-07,2.687109394894143e-07,6.77743458641586e-06,0.36256961562166484,2,highpass
1.2633611021107897e-07,6.612389696414522e-07,1.0985034796446174e-07,2.7417173526480777e-07,4.2149224096264216e-05,0.357414435746487,2,highpass
1.8935941835263634e-07,3.7946069554671844e-07,1.860899261327829e-07,1.9677245099962638e-07,6.77743458641586e-06,0.3987664034228469,2,highpass
1.0422013076143979e-07,6.612389696414522e-07,1.0985034796446174e-07,2.7417173526480777e-07,4.2149224096264216e-05,0.34782296602042,2,highpass
1.708372393205083e-07,6.612389696414522e-07,1.0985034796446174e-07,3e-07,4.025797469193763e-05,0.32782781381908577,2,highpass
1.2633611021107897e-07,3.350630479644483e-07,1.114111394054582e-07,2.659296264040665e-07,4.2149224096264216e-05,0.3995891541314679,2,highpass
1.8367381901250757e-07,3.900276804402053e-07,1.3310853603096855e-07,1.8293437519579786e-07,5.640465631116641e-06,0.39919457315069673,2,highpass
1.0078120795370589e-07,3.7946069554671844e-07,1.860899261327829e-07,1.9677245099962638e-07,6.77743458641586e-06,0.4259476113327677,3,highpass
1.359098082906591e-07,5.826005589084552e-07,1.1430161573892082e-07,1.9677245099962638e-07,6.77743458641586e-06,0.4223913950381951,3,highpass
1.359098082906591e-07,5.826005589084552e-07,1.1430161573892082e-07,1.8293437519579786e-07,5.640465631116641e-06,0.37677494946843654,3,highpass
1e-07,3.900276804402053e-07,1.114111394054582e-07,2.659296264040665e-07,4.4304225355997346e-05,0.39434733187073834,3,highpass
1.2300993245391395e-07,3.3359697617255746e-07,1.3310853603096855e-07,1.8293437519579786e-07,5.640465631116641e-06,0.39893358378741384,3,highpass
1.0078120795370589e-07,3.7946069554671844e-07,1.860899261327829e-07,1.9677245099962638e-07,6.77743458641586e-06,0.4259476113327677,3,highpass
1.2633611021107897e-07,3.350630479644483e-07,1.860899261327829e-07,1.9884196708691917e-07,4.2149224096264216e-05,0.4077959690896634,3,highpass
1.2300993245391395e-07,3.7946069554671844e-07,1.860899261327829e-07,1.9677245099962638e-07,6.77743458641586e-06,0.41836499967030616,3,highpass
1.8935941835263634e-07,3.7946069554671844e-07,1.860899261327829e-07,1.9677245099962638e-07,6.77743458641586e-06,0.3987664034228469,3,highpass
1.0078120795370589e-07,3.7946069554671844e-07,1.114111394054582e-07,2.659296264040665e-07,4.317827057941285e-05,0.41272875642930124,3,highpass
1e-07,3.900276804402053e-07,1.860899261327829e-07,1.9677245099962638e-07,6.77743458641586e-06,0.3929957294151179,3,highpass
1.0078120795370589e-07,3.350630479644483e-07,1.114111394054582e-07,2.659296264040665e-07,4.2149224096264216e-05,0.40199900650316084,3,highpass
1.0078120795370589e-07,3.7946069554671844e-07,1.860899261327829e-07,1.9677245099962638e-07,6.77743458641586e-06,0.4259476113327677,3,highpass
1.359098082906591e-07,3.5679837244255136e-07,1.3310853603096855e-07,1.8293437519579786e-07,1.5067745277249467e-05,0.3928172207703475,3,highpass
1.8367381901250757e-07,3.900276804402053e-07,1.3310853603096855e-07,1.8293437519579786e-07,6.77743458641586e-06,0.4014525524361442,3,highpass
1.0422013076143979e-07,3.7946069554671844e-07,1.860899261327829e-07,2.5690193424115653e-07,6.77743458641586e-06,0.43632177454782595,3,highpass
1.0422013076143979e-07,3.900276804402053e-07,1.3310853603096855e-07,1.8293437519579786e-07,5.640465631116641e-06,0.40430815337362513,3,highpass
1e-07,4.0200244651401533e-07,1.860899261327829e-07,1.9677245099962638e-07,4.2149224096264216e-05,0.39962793960055804,3,highpass
1.2300993245391395e-07,3.3359697617255746e-07,1.860899261327829e-07,1.9677245099962638e-07,6.77743458641586e-06,0.4069033301400991,3,highpass
1.235462402623945e-07,3.3359697617255746e-07,1.3310853603096855e-07,2.659296264040665e-07,4.317827057941285e-05,0.3998101288761344,3,highpass
1e-07,3.7946069554671844e-07,1.860899261327829e-07,1.9677245099962638e-07,6.77743458641586e-06,0.3867828765643781,3,highpass
1e-07,3.900276804402053e-07,1.114111394054582e-07,1.9677245099962638e-07,4.2149224096264216e-05,0.39819033820226957,3,highpass
1.0422013076143979e-07,3.7946069554671844e-07,1.860899261327829e-07,1.9677245099962638e-07,4.2149224096264216e-05,0.39864820674821244,3,highpass
1.359098082906591e-07,5.826005589084552e-07,1.1430161573892082e-07,2.2964570468911496e-07,4.317827057941285e-05,0.35940420842960646,3,highpass
1.0078120795370589e-07,3.824028016611462e-07,1.860899261327829e-07,1.9677245099962638e-07,4.2149224096264216e-05,0.39758010336277644,3,highpass
1.0422013076143979e-07,3.7946069554671844e-07,1.860899261327829e-07,1.9677245099962638e-07,6.77743458641586e-06,0.42240660599263896,3,highpass
1.359098082906591e-07,5.826005589084552e-07,1.1430161573892082e-07,1.9677245099962638e-07,6.77743458641586e-06,0.4223913950381951,3,highpass
1.8367381901250757e-07,3.900276804402053e-07,1.114111394054582e-07,2.659296264040665e-07,4.317827057941285e-05,0.39666554812948934,3,highpass
1.0422013076143979e-07,3.7946069554671844e-07,1.860899261327829e-07,1.9677245099962638e-07,4.317827057941285e-05,0.4142609940276131,3,highpass
1.359098082906591e-07,3.5679837244255136e-07,1.3310853603096855e-07,1.9677245099962638e-07,6.77743458641586e-06,0.40150162266310724,3,highpass
1.0422013076143979e-07,3.7946069554671844e-07,1.860899261327829e-07,2.5690193424115653e-07,6.77743458641586e-06,0.43632177454782595,4,highpass
1.359098082906591e-07,5.826005589084552e-07,1.1430161573892082e-07,2.5690193424115653e-07,6.77743458641586e-06,0.39891865579692287,4,highpass
1.0078120795370589e-07,3.7946069554671844e-07,1.860899261327829e-07,1.9677245099962638e-07,6.77743458641586e-06,0.4259476113327677,4,highpass
1.0078120795370589e-07,3.7946069554671844e-07,1.1430161573892082e-07,1.9677245099962638e-07,6.77743458641586e-06,0.4008115250443894,4,highpass
1.0422013076143979e-07,3.7946069554671844e-07,1.860899261327829e-07,2.5690193424115653e-07,6.77743458641586e-06,0.43632177454782595,4,highpass
1.0422013076143979e-07,3.7946069554671844e-07,1.860899261327829e-07,1.9677245099962638e-07,6.77743458641586e-06,0.42240660599263896,4,highpass
1e-07,3.7946069554671844e-07,1.860899261327829e-07,1.9677245099962638e-07,6.77743458641586e-06,0.3867828765643781,4,highpass
1.0078120795370589e-07,3.7946069554671844e-07,1.860899261327829e-07,1.9677245099962638e-07,5.640465631116641e-06,0.41299489278453366,4,highpass
1.0078120795370589e-07,3.350630479644483e-07,1.860899261327829e-07,1.9884196708691917e-07,4.2149224096264216e-05,0.4134387740235347,4,highpass
1.0422013076143979e-07,3.7946069554671844e-07,1.860899261327829e-07,1.9677245099962638e-07,6.77743458641586e-06,0.42240660599263896,4,highpass
1.0422013076143979e-07,3.7946069554671844e-07,1.860899261327829e-07,2.5690193424115653e-07,6.77743458641586e-06,0.43632177454782595,4,highpass
1.359098082906591e-07,5.826005589084552e-07,1.1430161573892082e-07,1.9677245099962638e-07,6.77743458641586e-06,0.4223913950381951,4,highpass
1e-07,3.7946069554671844e-07,1.860899261327829e-07,1.9677245099962638e-07,6.77743458641586e-06,0.3867828765643781,4,highpass
1.0078120795370589e-07,3.7946069554671844e-07,1.114111394054582e-07,2.5690193424115653e-07,6.77743458641586e-06,0.40235615639634054,4,highpass
1.359098082906591e-07,3.7946069554671844e-07,1.860899261327829e-07,2.5690193424115653e-07,6.77743458641586e-06,0.37765417224959075,4,highpass
1.0078120795370589e-07,3.7946069554671844e-07,1.860899261327829e-07,1.9677245099962638e-07,6.77743458641586e-06,0.4259476113327677,4,highpass
1.2300993245391395e-07,3.7946069554671844e-07,1.860899261327829e-07,1.9677245099962638e-07,6.77743458641586e-06,0.41836499967030616,4,highpass
1.0078120795370589e-07,3.7946069554671844e-07,1.860899261327829e-07,2.5690193424115653e-07,6.77743458641586e-06,0.4335710057825988,4,highpass
1.359098082906591e-07,3.7946069554671844e-07,1.860899261327829e-07,1.9677245099962638e-07,6.77743458641586e-06,0.42368447133562914,4,highpass
1.0422013076143979e-07,5.826005589084552e-07,1.1430161573892082e-07,1.9677245099962638e-07,6.77743458641586e-06,0.37213909029678627,4,highpass
1.2300993245391395e-07,3.7946069554671844e-07,1.860899261327829e-07,1.9677245099962638e-07,6.77743458641586e-06,0.41836499967030616,4,highpass
1.0422013076143979e-07,3.7946069554671844e-07,1.860899261327829e-07,1.9677245099962638e-07,6.77743458641586e-06,0.42240660599263896,4,highpass
1.0078120795370589e-07,3.7946069554671844e-07,1.860899261327829e-07,1.8267510877122216e-07,6.77743458641586e-06,0.41695570873072607,4,highpass
1.0078120795370589e-07,5.826005589084552e-07,1.1430161573892082e-07,1.9677245099962638e-07,6.77743458641586e-06,0.3607485705772986,4,highpass
1.2300993245391395e-07,3.7946069554671844e-07,1.860899261327829e-07,1.9677245099962638e-07,6.77743458641586e-06,0.41836499967030616,4,highpass
1.0422013076143979e-07,3.7946069554671844e-07,1.860899261327829e-07,2.5690193424115653e-07,6.77743458641586e-06,0.43632177454782595,4,highpass
1.0422013076143979e-07,3.7946069554671844e-07,1.860899261327829e-07,1.9677245099962638e-07,6.77743458641586e-06,0.42240660599263896,4,highpass
1.0422013076143979e-07,5.826005589084552e-07,1.1430161573892082e-07,1.9677245099962638e-07,6.77743458641586e-06,0.37213909029678627,4,highpass
1.0422013076143979e-07,3.7946069554671844e-07,1.860899261327829e-07,2.5690193424115653e-07,6.77743458641586e-06,0.43632177454782595,4,highpass
1.359098082906591e-07,5.826005589084552e-07,1.860899261327829e-07,1.9677245099962638e-07,6.77743458641586e-06,0.4127410244732571,4,highpass
1.0422013076143979e-07,3.7946069554671844e-07,1.860899261327829e-07,2.5690193424115653e-07,6.77743458641586e-06,0.43632177454782595,5,highpass
1.0422013076143979e-07,3.7946069554671844e-07,2.389581690355872e-07,2.5690193424115653e-07,6.77743458641586e-06,0.4205992320350141,5,highpass
1.0422013076143979e-07,3.7946069554671844e-07,1.860899261327829e-07,1.9677245099962638e-07,6.77743458641586e-06,0.42240660599263896,5,highpass
2.1901592959993947e-07,3.7946069554671844e-07,1.860899261327829e-07,1.9677245099962638e-07,6.77743458641586e-06,0.4017393376894181,5,highpass
1.2300993245391395e-07,3.7946069554671844e-07,1.8020904166653236e-07,1.9677245099962638e-07,6.77743458641586e-06,0.4149763978504584,5,highpass
1.0078120795370589e-07,3.7946069554671844e-07,1.860899261327829e-07,2.5690193424115653e-07,6.77743458641586e-06,0.4335710057825988,5,highpass
1.0422013076143979e-07,3.7946069554671844e-07,1.860899261327829e-07,2.5690193424115653e-07,6.77743458641586e-06,0.43632177454782595,5,highpass
1.0078120795370589e-07,3.7946069554671844e-07,1.860899261327829e-07,2.5690193424115653e-07,6.77743458641586e-06,0.4335710057825988,5,highpass
1.0078120795370589e-07,3.7946069554671844e-07,1.860899261327829e-07,1.9677245099962638e-07,6.77743458641586e-06,0.4259476113327677,5,highpass
1.0422013076143979e-07,3.7946069554671844e-07,1.860899261327829e-07,2.5690193424115653e-07,6.77743458641586e-06,0.43632177454782595,5,highpass
1.0422013076143979e-07,3.7946069554671844e-07,1.860899261327829e-07,2.5690193424115653e-07,6.77743458641586e-06,0.43632177454782595,5,highpass
1.0422013076143979e-07,3.7946069554671844e-07,1.860899261327829e-07,1.9677245099962638e-07,6.77743458641586e-06,0.42240660599263896,5,highpass
1.0078120795370589e-07,3.7946069554671844e-07,1.860899261327829e-07,2.5690193424115653e-07,6.77743458641586e-06,0.4335710057825988,5,highpass
1.0422013076143979e-07,3.7946069554671844e-07,1.860899261327829e-07,2.5690193424115653e-07,6.77743458641586e-06,0.43632177454782595,5,highpass
1.0078120795370589e-07,3.7946069554671844e-07,1.860899261327829e-07,1.9677245099962638e-07,6.77743458641586e-06,0.4259476113327677,5,highpass
1.0422013076143979e-07,3.7946069554671844e-07,1.860899261327829e-07,2.5690193424115653e-07,6.77743458641586e-06,0.43632177454782595,5,highpass
1.0422013076143979e-07,3.7946069554671844e-07,1.860899261327829e-07,2.5690193424115653e-07,6.77743458641586e-06,0.43632177454782595,5,highpass
1.0422013076143979e-07,3.7946069554671844e-07,1.860899261327829e-07,2.5690193424115653e-07,6.77743458641586e-06,0.43632177454782595,5,highpass
1.0422013076143979e-07,3.7946069554671844e-07,1.860899261327829e-07,1.9677245099962638e-07,6.77743458641586e-06,0.42240660599263896,5,highpass
1.0422013076143979e-07,3.7946069554671844e-07,1.860899261327829e-07,1.5612648502422074e-07,6.77743458641586e-06,0.40505559016079823,5,highpass
1.0078120795370589e-07,3.7946069554671844e-07,1.860899261327829e-07,1.9677245099962638e-07,6.77743458641586e-06,0.4259476113327677,5,highpass
1.0422013076143979e-07,3.7946069554671844e-07,1.860899261327829e-07,2.5690193424115653e-07,6.77743458641586e-06,0.43632177454782595,5,highpass
1.359098082906591e-07,3.7946069554671844e-07,1.860899261327829e-07,1.9677245099962638e-07,6.77743458641586e-06,0.42368447133562914,5,highpass
1.0422013076143979e-07,3.7946069554671844e-07,1.860899261327829e-07,1.9677245099962638e-07,6.77743458641586e-06,0.42240660599263896,5,highpass
1.0422013076143979e-07,3.7946069554671844e-07,1.860899261327829e-07,2.5690193424115653e-07,6.77743458641586e-06,0.43632177454782595,5,highpass
1.0078120795370589e-07,3.7946069554671844e-07,1.860899261327829e-07,2.5690193424115653e-07,6.77743458641586e-06,0.4335710057825988,5,highpass
1.359098082906591e-07,3.7946069554671844e-07,1.860899261327829e-07,2.5690193424115653e-07,6.77743458641586e-06,0.37765417224959075,5,highpass
1.0422013076143979e-07,3.7946069554671844e-07,1.860899261327829e-07,2.5690193424115653e-07,6.77743458641586e-06,0.43632177454782595,5,highpass
1.0422013076143979e-07,3.7946069554671844e-07,1.860899261327829e-07,2.5690193424115653e-07,6.77743458641586e-06,0.43632177454782595,5,highpass
1.0422013076143979e-07,3.7946069554671844e-07,1.860899261327829e-07,1.9677245099962638e-07,6.77743458641586e-06,0.42240660599263896,5,highpass
1.0422013076143979e-07,3.7946069554671844e-07,1.860899261327829e-07,2.5690193424115653e-07,6.77743458641586e-06,0.43632177454782595,6,highpass
1.0422013076143979e-07,3.7946069554671844e-07,1.860899261327829e-07,2.5690193424115653e-07,6.77743458641586e-06,0.43632177454782595,6,highpass
1.0422013076143979e-07,3.7946069554671844e-07,1.860899261327829e-07,2.5690193424115653e-07,6.77743458641586e-06,0.43632177454782595,6,highpass
1.0422013076143979e-07,3.7946069554671844e-07,1.860899261327829e-07,2.5690193424115653e-07,6.77743458641586e-06,0.43632177454782595,6,highpass
1.0422013076143979e-07,3.7946069554671844e-07,1.860899261327829e-07,2.624030341044656e-07,6.77743458641586e-06,0.43291868459940563,6,highpass
1.0422013076143979e-07,3.7946069554671844e-07,1.860899261327829e-07,2.5690193424115653e-07,6.77743458641586e-06,0.43632177454782595,6,highpass
1.0422013076143979e-07,3.7946069554671844e-07,1.860899261327829e-07,2.474362140574815e-07,6.77743458641586e-06,0.397351263403531,6,highpass
1.0422013076143979e-07,3.7946069554671844e-07,1.860899261327829e-07,2.5690193424115653e-07,6.77743458641586e-06,0.43632177454782595,6,highpass
1.0422013076143979e-07,3.7946069554671844e-07,1.860899261327829e-07,2.5690193424115653e-07,6.77743458641586e-06,0.43632177454782595,6,highpass
1.0422013076143979e-07,3.7946069554671844e-07,1.860899261327829e-07,2.5690193424115653e-07,6.77743458641586e-06,0.43632177454782595,6,highpass
1.0422013076143979e-07,3.7946069554671844e-07,1.860899261327829e-07,2.5690193424115653e-07,6.77743458641586e-06,0.43632177454782595,6,highpass
1.0422013076143979e-07,3.7946069554671844e-07,1.860899261327829e-07,2.5690193424115653e-07,6.77743458641586e-06,0.43632177454782595,6,highpass
1.0422013076143979e-07,3.7946069554671844e-07,1.860899261327829e-07,2.5690193424115653e-07,2.255222126595219e-05,0.4128808438012535,6,highpass
1.0422013076143979e-07,3.7946069554671844e-07,1.860899261327829e-07,2.5690193424115653e-07,6.77743458641586e-06,0.43632177454782595,6,highpass
1.0422013076143979e-07,3.7946069554671844e-07,1.860899261327829e-07,2.5690193424115653e-07,6.77743458641586e-06,0.43632177454782595,6,highpass
1.0422013076143979e-07,3.7946069554671844e-07,1.860899261327829e-07,2.5690193424115653e-07,6.77743458641586e-06,0.43632177454782595,6,highpass
1.0422013076143979e-07,3.7946069554671844e-07,1.860899261327829e-07,2.5690193424115653e-07,6.77743458641586e-06,0.43632177454782595,6,highpass
1.0422013076143979e-07,3.952823027969345e-07,1.860899261327829e-07,2.5690193424115653e-07,6.77743458641586e-06,0.38016367545305024,6,highpass
1.0422013076143979e-07,3.7946069554671844e-07,1.860899261327829e-07,2.5690193424115653e-07,6.77743458641586e-06,0.43632177454782595,6,highpass
1.0422013076143979e-07,3.99194081952276e-07,1.860899261327829e-07,2.5690193424115653e-07,6.77743458641586e-06,0.35765441865092806,6,highpass
1.0422013076143979e-07,3.7946069554671844e-07,1.860899261327829e-07,1.943140728232203e-07,6.77743458641586e-06,0.4239292698617323,6,highpass
1.0422013076143979e-07,3.7946069554671844e-07,1.860899261327829e-07,2.5506200763698946e-07,6.77743458641586e-06,0.43692810338610766,6,highpass
1.0422013076143979e-07,3.7946069554671844e-07,1.860899261327829e-07,2.5690193424115653e-07,6.77743458641586e-06,0.43632177454782595,6,highpass
1.0422013076143979e-07,3.7946069554671844e-07,1.860899261327829e-07,2.5690193424115653e-07,6.77743458641586e-06,0.43632177454782595,6,highpass
1.0422013076143979e-07,3.7946069554671844e-07,1.860899261327829e-07,2.5690193424115653e-07,6.77743458641586e-06,0.43632177454782595,6,highpass
1.0422013076143979e-07,3.7946069554671844e-07,1.860899261327829e-07,2.5690193424115653e-07,6.77743458641586e-06,0.43632177454782595,6,highpass
1.0422013076143979e-07,3.7946069554671844e-07,1.860899261327829e-07,2.5690193424115653e-07,6.77743458641586e-06,0.43632177454782595,6,highpass
1.0422013076143979e-07,3.7946069554671844e-07,1.860899261327829e-07,2.5690193424115653e-07,6.77743458641586e-06,0.43632177454782595,6,highpass
1.0422013076143979e-07,3.7946069554671844e-07,1.860899261327829e-07,2.5690193424115653e-07,6.77743458641586e-06,0.43632177454782595,6,highpass
1.0422013076143979e-07,3.7946069554671844e-07,1.860899261327829e-07,2.5690193424115653e-07,6.77743458641586e-06,0.43632177454782595,6,highpass
1.0422013076143979e-07,3.7946069554671844e-07,1.860899261327829e-07,2.5506200763698946e-07,6.77743458641586e-06,0.43692810338610766,7,highpass
1.1763854481595078e-07,3.7946069554671844e-07,1.860899261327829e-07,2.5690193424115653e-07,6.77743458641586e-06,0.3999693674615834,7,highpass
1.0422013076143979e-07,3.7946069554671844e-07,1.860899261327829e-07,2.5690193424115653e-07,6.77743458641586e-06,0.43632177454782595,7,highpass
1.0422013076143979e-07,3.7946069554671844e-07,1.860899261327829e-07,2.5506200763698946e-07,6.77743458641586e-06,0.43692810338610766,7,highpass
1.0422013076143979e-07,3.7946069554671844e-07,1.860899261327829e-07,2.5690193424115653e-07,6.77743458641586e-06,0.43632177454782595,7,highpass
1.0422013076143979e-07,3.7946069554671844e-07,1.860899261327829e-07,2.5690193424115653e-07,6.77743458641586e-06,0.43632177454782595,7,highpass
1.0422013076143979e-07,3.7946069554671844e-07,1.860899261327829e-07,2.5506200763698946e-07,6.77743458641586e-06,0.43692810338610766,7,highpass
1.0422013076143979e-07,3.7946069554671844e-07,1.860899261327829e-07,2.5506200763698946e-07,6.77743458641586e-06,0.43692810338610766,7,highpass
1.0422013076143979e-07,3.7946069554671844e-07,1.860899261327829e-07,2.5690193424115653e-07,6.77743458641586e-06,0.43632177454782595,7,highpass
1.0422013076143979e-07,3.7946069554671844e-07,1.860899261327829e-07,2.5506200763698946e-07,6.77743458641586e-06,0.43692810338610766,7,highpass
1.0422013076143979e-07,3.7946069554671844e-07,1.860899261327829e-07,2.5506200763698946e-07,6.77743458641586e-06,0.43692810338610766,7,highpass
1.0422013076143979e-07,3.7946069554671844e-07,1.860899261327829e-07,2.5690193424115653e-07,6.77743458641586e-06,0.43632177454782595,7,highpass
1.0422013076143979e-07,3.7946069554671844e-07,1.860899261327829e-07,2.5690193424115653e-07,6.77743458641586e-06,0.43632177454782595,7,highpass
1.0422013076143979e-07,3.7946069554671844e-07,1.860899261327829e-07,2.5690193424115653e-07,6.77743458641586e-06,0.43632177454782595,7,highpass
1.0422013076143979e-07,3.7946069554671844e-07,1.860899261327829e-07,2.5690193424115653e-07,6.77743458641586e-06,0.43632177454782595,7,highpass
1.0422013076143979e-07,3.639823823949113e-07,1.860899261327829e-07,2.5690193424115653e-07,6.77743458641586e-06,0.43784735709960076,7,highpass
1.0422013076143979e-07,3.7946069554671844e-07,1.860899261327829e-07,2.604559121195474e-07,6.77743458641586e-06,0.43436872965868517,7,highpass
1.0422013076143979e-07,3.7946069554671844e-07,1.860899261327829e-07,2.5690193424115653e-07,6.77743458641586e-06,0.43632177454782595,7,highpass
1.0422013076143979e-07,3.7946069554671844e-07,1.5085208846742847e-07,2.5690193424115653e-07,6.77743458641586e-06,0.38216450881030045,7,highpass
1.0422013076143979e-07,3.7946069554671844e-07,1.860899261327829e-07,2.5690193424115653e-07,6.77743458641586e-06,0.43632177454782595,7,highpass
1.0422013076143979e-07,3.7946069554671844e-07,1.860899261327829e-07,2.5690193424115653e-07,4.454486195847748e-05,0.4057709188257935,7,highpass
1.0422013076143979e-07,3.7946069554671844e-07,1.860899261327829e-07,2.5690193424115653e-07,6.77743458641586e-06,0.43632177454782595,7,highpass
1.0422013076143979e-07,3.7946069554671844e-07,1.860899261327829e-07,2.5690193424115653e-07,6.77743458641586e-06,0.43632177454782595,7,highpass
1.0422013076143979e-07,3.7946069554671844e-07,1.860899261327829e-07,2.485103408972609e-07,6.77743458641586e-06,0.40081847000344517,7,highpass
1.0422013076143979e-07,3.7946069554671844e-07,1.860899261327829e-07,2.5690193424115653e-07,6.77743458641586e-06,0.43632177454782595,7,highpass
1.0422013076143979e-07,3.7946069554671844e-07,1.860899261327829e-07,2.5506200763698946e-07,6.77743458641586e-06,0.43692810338610766,7,highpass
1.1400617478357945e-07,3.7946069554671844e-07,1.860899261327829e-07,2.5506200763698946e-07,6.77743458641586e-06,0.3747712643612414,7,highpass
1.0422013076143979e-07,3.7946069554671844e-07,1.860899261327829e-07,2.5690193424115653e-07,6.77743458641586e-06,0.43632177454782595,7,highpass
1.0422013076143979e-07,3.7946069554671844e-07,1.860899261327829e-07,2.5690193424115653e-07,6.77743458641586e-06,0.43632177454782595,7,highpass
1.0422013076143979e-07,3.7946069554671844e-07,1.860899261327829e-07,2.5690193424115653e-07,6.77743458641586e-06,0.43632177454782595,7,highpass
1.0422013076143979e-07,3.639823823949113e-07,1.860899261327829e-07,2.5690193424115653e-07,6.77743458641586e-06,0.43784735709960076,8,highpass
1.0422013076143979e-07,3.7946069554671844e-07,1.860899261327829e-07,2.5506200763698946e-07,6.77743458641586e-06,0.43692810338610766,8,highpass
1.0422013076143979e-07,3.7946069554671844e-07,1.860899261327829e-07,2.5506200763698946e-07,6.77743458641586e-06,0.43692810338610766,8,highpass
1.0422013076143979e-07,3.7946069554671844e-07,1.860899261327829e-07,2.5506200763698946e-07,6.77743458641586e-06,0.43692810338610766,8,highpass
1.0422013076143979e-07,3.7946069554671844e-07,1.860899261327829e-07,2.5506200763698946e-07,6.77743458641586e-06,0.43692810338610766,8,highpass
1.0422013076143979e-07,3.7946069554671844e-07,1.860899261327829e-07,2.5506200763698946e-07,6.77743458641586e-06,0.43692810338610766,8,highpass
1.0422013076143979e-07,3.7946069554671844e-07,1.860899261327829e-07,2.5506200763698946e-07,6.77743458641586e-06,0.43692810338610766,8,highpass
1.0422013076143979e-07,3.7946069554671844e-07,1.860899261327829e-07,2.5506200763698946e-07,6.77743458641586e-06,0.43692810338610766,8,highpass
1.0422013076143979e-07,3.7946069554671844e-07,1.860899261327829e-07,2.5506200763698946e-07,6.77743458641586e-06,0.43692810338610766,8,highpass
1.0422013076143979e-07,4.533342078062527e-07,1.860899261327829e-07,2.5690193424115653e-07,6.77743458641586e-06,0.34697707789359755,8,highpass
1.0422013076143979e-07,3.639823823949113e-07,1.860899261327829e-07,2.5690193424115653e-07,7.0291188803045025e-06,0.36858290937888116,8,highpass
1.0422013076143979e-07,3.7946069554671844e-07,1.860899261327829e-07,2.5506200763698946e-07,6.77743458641586e-06,0.43692810338610766,8,highpass
1.0422013076143979e-07,3.639823823949113e-07,1.860899261327829e-07,2.5506200763698946e-07,6.77743458641586e-06,0.4374893363338786,8,highpass
1.4170582734789808e-07,3.7946069554671844e-07,1.860899261327829e-07,2.5506200763698946e-07,6.77743458641586e-06,0.42093465134166447,8,highpass
1.0422013076143979e-07,3.7946069554671844e-07,1.860899261327829e-07,2.5690193424115653e-07,6.77743458641586e-06,0.43632177454782595,8,highpass
1.0422013076143979e-07,3.7946069554671844e-07,1.860899261327829e-07,2.5506200763698946e-07,6.77743458641586e-06,0.43692810338610766,8,highpass
1.0422013076143979e-07,3.639823823949113e-07,1.860899261327829e-07,2.5506200763698946e-07,6.77743458641586e-06,0.4374893363338786,8,highpass
1.0422013076143979e-07,3.7946069554671844e-07,1.860899261327829e-07,2.5506200763698946e-07,6.77743458641586e-06,0.43692810338610766,8,highpass
1.0422013076143979e-07,3.7946069554671844e-07,1.8162838070163515e-07,2.5506200763698946e-07,6.77743458641586e-06,0.38280878335618135,8,highpass
1.0422013076143979e-07,3.7946069554671844e-07,1.860899261327829e-07,2.5506200763698946e-07,6.77743458641586e-06,0.43692810338610766,8,highpass
1.0422013076143979e-07,3.7946069554671844e-07,1.860899261327829e-07,2.5506200763698946e-07,6.77743458641586e-06,0.43692810338610766,8,highpass
1.0422013076143979e-07,3.7946069554671844e-07,1.860899261327829e-07,2.5506200763698946e-07,4.660430875006206e-05,0.39567734045612296,8,highpass
1.0422013076143979e-07,3.639823823949113e-07,1.860899261327829e-07,2.5690193424115653e-07,6.77743458641586e-06,0.43784735709960076,8,highpass
1.0422013076143979e-07,3.7946069554671844e-07,1.860899261327829e-07,2.5506200763698946e-07,6.77743458641586e-06,0.43692810338610766,8,highpass
1.0422013076143979e-07,3.7946069554671844e-07,1.860899261327829e-07,2.5506200763698946e-07,6.77743458641586e-06,0.43692810338610766,8,highpass
1.0422013076143979e-07,3.639823823949113e-07,1.860899261327829e-07,2.5690193424115653e-07,6.77743458641586e-06,0.43784735709960076,8,highpass
1.0422013076143979e-07,3.7946069554671844e-07,1.860899261327829e-07,1.5292206840126818e-07,6.77743458641586e-06,0.40561832602562714,8,highpass
1e-07,3.7946069554671844e-07,1.860899261327829e-07,2.5506200763698946e-07,6.77743458641586e-06,0.366262205879004,8,highpass
1.0422013076143979e-07,3.7946069554671844e-07,1.860899261327829e-07,2.5506200763698946e-07,6.77743458641586e-06,0.43692810338610766,8,highpass
1.0422013076143979e-07,3.7946069554671844e-07,1.860899261327829e-07,2.5506200763698946e-07,6.77743458641586e-06,0.43692810338610766,8,highpass
1.0422013076143979e-07,3.639823823949113e-07,1.860899261327829e-07,2.5690193424115653e-07,6.77743458641586e-06,0.43784735709960076,9,highpass
1.0422013076143979e-07,3.7946069554671844e-07,1.860899261327829e-07,2.5506200763698946e-07,6.77743458641586e-06,0.43692810338610766,9,highpass
1.0422013076143979e-07,3.639823823949113e-07,1.860899261327829e-07,2.5690193424115653e-07,6.77743458641586e-06,0.43784735709960076,9,highpass
1.0422013076143979e-07,3.639823823949113e-07,1.860899261327829e-07,2.5506200763698946e-07,6.77743458641586e-06,0.4374893363338786,9,highpass
1.0422013076143979e-07,3.639823823949113e-07,1.860899261327829e-07,2.5690193424115653e-07,6.77743458641586e-06,0.43784735709960076,9,highpass
1.0422013076143979e-07,3.639823823949113e-07,1.860899261327829e-07,2.5690193424115653e-07,6.77743458641586e-06,0.43784735709960076,9,highpass
1.0422013076143979e-07,3.639823823949113e-07,1.860899261327829e-07,2.5690193424115653e-07,6.77743458641586e-06,0.43784735709960076,9,highpass
1.0422013076143979e-07,3.639823823949113e-07,1.860899261327829e-07,2.5506200763698946e-07,6.77743458641586e-06,0.4374893363338786,9,highpass
1.0422013076143979e-07,3.639823823949113e-07,1.860899261327829e-07,2.5690193424115653e-07,6.77743458641586e-06,0.43784735709960076,9,highpass
1.0422013076143979e-07,3.639823823949113e-07,1.860899261327829e-07,2.5506200763698946e-07,6.77743458641586e-06,0.4374893363338786,9,highpass
1.0422013076143979e-07,3.639823823949113e-07,1.860899261327829e-07,2.5690193424115653e-07,6.77743458641586e-06,0.43784735709960076,9,highpass
1.0422013076143979e-07,3.639823823949113e-07,1.860899261327829e-07,2.5506200763698946e-07,6.77743458641586e-06,0.4374893363338786,9,highpass
1.0422013076143979e-07,3.639823823949113e-07,1.860899261327829e-07,2.5690193424115653e-07,6.77743458641586e-06,0.43784735709960076,9,highpass
1.0422013076143979e-07,3.639823823949113e-07,1.860899261327829e-07,2.5506200763698946e-07,6.77743458641586e-06,0.4374893363338786,9,highpass
1.0422013076143979e-07,3.7946069554671844e-07,1.860899261327829e-07,2.5690193424115653e-07,6.77743458641586e-06,0.43632177454782595,9,highpass
1.0422013076143979e-07,3.639823823949113e-07,1.860899261327829e-07,2.5690193424115653e-07,6.77743458641586e-06,0.43784735709960076,9,highpass
1.0422013076143979e-07,3.639823823949113e-07,1.860899261327829e-07,2.5690193424115653e-07,6.77743458641586e-06,0.43784735709960076,9,highpass
1.0422013076143979e-07,3.639823823949113e-07,1.860899261327829e-07,2.5690193424115653e-07,6.77743458641586e-06,0.43784735709960076,9,highpass
1.0422013076143979e-07,3.639823823949113e-07,1.9348923721953993e-07,2.5506200763698946e-07,6.77743458641586e-06,0.36577687066045317,9,highpass
1.0422013076143979e-07,3.7946069554671844e-07,1.860899261327829e-07,2.5690193424115653e-07,6.77743458641586e-06,0.43632177454782595,9,highpass
1.0422013076143979e-07,3.7946069554671844e-07,1.860899261327829e-07,2.5506200763698946e-07,6.77743458641586e-06,0.43692810338610766,9,highpass
1.0422013076143979e-07,3.7946069554671844e-07,1.860899261327829e-07,2.5506200763698946e-07,6.77743458641586e-06,0.43692810338610766,9,highpass
1.0422013076143979e-07,3.639823823949113e-07,1.860899261327829e-07,2.549015972332057e-07,6.77743458641586e-06,0.4374893363338786,9,highpass
1.0422013076143979e-07,3.639823823949113e-07,1.860899261327829e-07,2.5506200763698946e-07,6.77743458641586e-06,0.4374893363338786,9,highpass
1.0422013076143979e-07,3.639823823949113e-07,1.860899261327829e-07,2.5690193424115653e-07,6.77743458641586e-06,0.43784735709960076,9,highpass
1.0422013076143979e-07,3.639823823949113e-07,1.860899261327829e-07,2.5506200763698946e-07,6.77743458641586e-06,0.4374893363338786,9,highpass
1.0422013076143979e-07,3.639823823949113e-07,1.860899261327829e-07,2.5690193424115653e-07,6.77743458641586e-06,0.43784735709960076,9,highpass
1.0422013076143979e-07,3.9060927324682835e-07,1.860899261327829e-07,2.5690193424115653e-07,6.77743458641586e-06,0.40681524423696486,9,highpass
1.0422013076143979e-07,3.7946069554671844e-07,1.860899261327829e-07,2.5506200763698946e-07,6.77743458641586e-06,0.43692810338610766,9,highpass
1.0422013076143979e-07,3.639823823949113e-07,1.860899261327829e-07,2.5690193424115653e-07,6.77743458641586e-06,0.43784735709960076,9,highpass
1.0422013076143979e-07,3.639823823949113e-07,1.860899261327829e-07,2.5690193424115653e-07,6.77743458641586e-06,0.43784735709960076,10,highpass
1.0422013076143979e-07,3.639823823949113e-07,1.860899261327829e-07,2.5690193424115653e-07,6.77743458641586e-06,0.43784735709960076,10,highpass
1.0422013076143979e-07,3.639823823949113e-07,1.860899261327829e-07,2.5690193424115653e-07,6.77743458641586e-06,0.43784735709960076,10,highpass
1.0422013076143979e-07,3.639823823949113e-07,1.860899261327829e-07,2.5690193424115653e-07,6.77743458641586e-06,0.43784735709960076,10,highpass
1.0422013076143979e-07,3.639823823949113e-07,1.860899261327829e-07,2.5690193424115653e-07,6.77743458641586e-06,0.43784735709960076,10,highpass
1.0422013076143979e-07,3.639823823949113e-07,1.860899261327829e-07,2.5690193424115653e-07,6.77743458641586e-06,0.43784735709960076,10,highpass
1.0422013076143979e-07,3.639823823949113e-07,1.860899261327829e-07,2.5690193424115653e-07,6.77743458641586e-06,0.43784735709960076,10,highpass
1.7406585617233902e-07,3.639823823949113e-07,1.860899261327829e-07,2.5690193424115653e-07,6.77743458641586e-06,0.3829360366541716,10,highpass
1.0422013076143979e-07,3.639823823949113e-07,1.860899261327829e-07,2.5690193424115653e-07,6.77743458641586e-06,0.43784735709960076,10,highpass
1.0422013076143979e-07,3.639823823949113e-07,1.860899261327829e-07,2.5690193424115653e-07,6.77743458641586e-06,0.43784735709960076,10,highpass
1.0422013076143979e-07,3.639823823949113e-07,1.860899261327829e-07,2.5690193424115653e-07,6.77743458641586e-06,0.43784735709960076,10,highpass
1.0422013076143979e-07,3.639823823949113e-07,1.860899261327829e-07,2.656108993118902e-07,6.77743458641586e-06,0.4356132424963602,10,highpass
1.0422013076143979e-07,3.639823823949113e-07,1.8598950809888173e-07,2.5690193424115653e-07,6.77743458641586e-06,0.43784735709960076,10,highpass
1.0422013076143979e-07,3.639823823949113e-07,1.860899261327829e-07,2.5690193424115653e-07,6.77743458641586e-06,0.43784735709960076,10,highpass
1.0422013076143979e-07,3.639823823949113e-07,1.860899261327829e-07,2.5690193424115653e-07,6.77743458641586e-06,0.43784735709960076,10,highpass
1.0422013076143979e-07,3.639823823949113e-07,1.860899261327829e-07,2.5690193424115653e-07,6.77743458641586e-06,0.43784735709960076,10,highpass
1.0422013076143979e-07,3.639823823949113e-07,1.860899261327829e-07,2.5690193424115653e-07,6.77743458641586e-06,0.43784735709960076,10,highpass
1.0422013076143979e-07,3.639823823949113e-07,1.860899261327829e-07,2.5690193424115653e-07,6.77743458641586e-06,0.43784735709960076,10,highpass
1.0422013076143979e-07,3.639823823949113e-07,1.860899261327829e-07,2.5690193424115653e-07,6.77743458641586e-06,0.43784735709960076,10,highpass
1.0422013076143979e-07,3.639823823949113e-07,1.0210778736557624e-07,2.5690193424115653e-07,6.77743458641586e-06,0.41046927198597793,10,highpass
1.0422013076143979e-07,3.639823823949113e-07,1.860899261327829e-07,2.6270917700735726e-07,6.77743458641586e-06,0.4372076158695166,10,highpass
1.0422013076143979e-07,3.639823823949113e-07,1.860899261327829e-07,2.1733381696855332e-07,6.77743458641586e-06,0.37869687068287655,10,highpass
1.0422013076143979e-07,3.639823823949113e-07,1.9215528944831096e-07,2.5690193424115653e-07,6.77743458641586e-06,0.37727871137197616,10,highpass
1.0422013076143979e-07,3.639823823949113e-07,1.860899261327829e-07,2.0814833515558046e-07,6.77743458641586e-06,0.3861218146743406,10,highpass
1.0422013076143979e-07,3.639823823949113e-07,1.860899261327829e-07,2.5690193424115653e-07,6.77743458641586e-06,0.43784735709960076,10,highpass
1.0422013076143979e-07,3.639823823949113e-07,1.860899261327829e-07,2.5690193424115653e-07,6.77743458641586e-06,0.43784735709960076,10,highpass
1.0422013076143979e-07,3.639823823949113e-07,1.860899261327829e-07,2.5690193424115653e-07,6.77743458641586e-06,0.43784735709960076,10,highpass
1.0422013076143979e-07,3.639823823949113e-07,1.8799784874562375e-07,2.5690193424115653e-07,6.77743458641586e-06,0.4306317582415423,10,highpass
1.0422013076143979e-07,3.639823823949113e-07,1.860899261327829e-07,2.5690193424115653e-07,6.77743458641586e-06,0.43784735709960076,10,highpass
1.0422013076143979e-07,3.639823823949113e-07,1.860899261327829e-07,2.5690193424115653e-07,6.77743458641586e-06,0.43784735709960076,10,highpass
1.0422013076143979e-07,3.639823823949113e-07,1.860899261327829e-07,2.5690193424115653e-07,6.77743458641586e-06,0.43784735709960076,11,highpass
1.0422013076143979e-07,3.639823823949113e-07,1.8598950809888173e-07,2.5690193424115653e-07,6.77743458641586e-06,0.43784735709960076,11,highpass
1.0422013076143979e-07,3.639823823949113e-07,1.860899261327829e-07,2.5690193424115653e-07,6.77743458641586e-06,0.43784735709960076,11,highpass
1.0422013076143979e-07,3.639823823949113e-07,1.860899261327829e-07,2.5690193424115653e-07,6.77743458641586e-06,0.43784735709960076,11,highpass
1.0422013076143979e-07,3.639823823949113e-07,1.8598950809888173e-07,2.5690193424115653e-07,6.77743458641586e-06,0.43784735709960076,11,highpass
1.0422013076143979e-07,3.639823823949113e-07,1.860899261327829e-07,2.5690193424115653e-07,6.77743458641586e-06,0.43784735709960076,11,highpass
1.0422013076143979e-07,3.639823823949113e-07,1.860899261327829e-07,2.5690193424115653e-07,5e-06,0.4199505568460331,11,highpass
1.0422013076143979e-07,3.639823823949113e-07,1.860899261327829e-07,2.5690193424115653e-07,6.77743458641586e-06,0.43784735709960076,11,highpass
1.0422013076143979e-07,3.639823823949113e-07,1.860899261327829e-07,2.5690193424115653e-07,6.77743458641586e-06,0.43784735709960076,11,highpass
1.0422013076143979e-07,3.639823823949113e-07,1.860899261327829e-07,2.5690193424115653e-07,6.77743458641586e-06,0.43784735709960076,11,highpass
1.0422013076143979e-07,3.639823823949113e-07,1.860899261327829e-07,2.5690193424115653e-07,6.77743458641586e-06,0.43784735709960076,11,highpass
1.0422013076143979e-07,3.639823823949113e-07,1.860899261327829e-07,2.5690193424115653e-07,6.77743458641586e-06,0.43784735709960076,11,highpass
1.0422013076143979e-07,3.639823823949113e-07,1.860899261327829e-07,2.5690193424115653e-07,6.77743458641586e-06,0.43784735709960076,11,highpass
1.0422013076143979e-07,3.639823823949113e-07,1.860899261327829e-07,2.5690193424115653e-07,6.77743458641586e-06,0.43784735709960076,11,highpass
1.0422013076143979e-07,3.639823823949113e-07,1.860899261327829e-07,2.5690193424115653e-07,6.77743458641586e-06,0.43784735709960076,11,highpass
1.0422013076143979e-07,3.639823823949113e-07,1.860899261327829e-07,2.5690193424115653e-07,6.77743458641586e-06,0.43784735709960076,11,highpass
1.0422013076143979e-07,3.639823823949113e-07,1.860899261327829e-07,2.5690193424115653e-07,6.77743458641586e-06,0.43784735709960076,11,highpass
1.0422013076143979e-07,3.639823823949113e-07,1.9315056903905648e-07,2.5690193424115653e-07,6.77743458641586e-06,0.3656347340053338,11,highpass
1.0422013076143979e-07,3.639823823949113e-07,1.860899261327829e-07,2.9883830339372117e-07,6.77743458641586e-06,0.3577446873122778,11,highpass
1.0422013076143979e-07,3.639823823949113e-07,1.860899261327829e-07,2.5690193424115653e-07,6.77743458641586e-06,0.43784735709960076,11,highpass
1.0422013076143979e-07,3.639823823949113e-07,1.860899261327829e-07,2.5690193424115653e-07,6.77743458641586e-06,0.43784735709960076,11,highpass
1.0422013076143979e-07,3.639823823949113e-07,1.860899261327829e-07,2.5690193424115653e-07,7.455565564565664e-06,0.4339884840750096,11,highpass
1.0422013076143979e-07,3.639823823949113e-07,1.860899261327829e-07,2.5690193424115653e-07,6.77743458641586e-06,0.43784735709960076,11,highpass
1.0422013076143979e-07,3.639823823949113e-07,1.860899261327829e-07,2.5690193424115653e-07,6.77743458641586e-06,0.43784735709960076,11,highpass
1.0422013076143979e-07,3.639823823949113e-07,1.860899261327829e-07,2.5690193424115653e-07,6.77743458641586e-06,0.43784735709960076,11,highpass
1.0422013076143979e-07,3.639823823949113e-07,1.860899261327829e-07,2.5690193424115653e-07,6.77743458641586e-06,0.43784735709960076,11,highpass
1.0422013076143979e-07,3.639823823949113e-07,1.860899261327829e-07,2.5690193424115653e-07,6.77743458641586e-06,0.43784735709960076,11,highpass
1.0422013076143979e-07,3.639823823949113e-07,1.860899261327829e-07,2.5690193424115653e-07,6.77743458641586e-06,0.43784735709960076,11,highpass
1.0422013076143979e-07,3.639823823949113e-07,1.860899261327829e-07,2.5690193424115653e-07,6.77743458641586e-06,0.43784735709960076,11,highpass
1.0422013076143979e-07,3.639823823949113e-07,1.860899261327829e-07,2.619535944955122e-07,6.77743458641586e-06,0.4374073836118052,11,highpass
1.0422013076143979e-07,3.639823823949113e-07,1.860899261327829e-07,2.5690193424115653e-07,6.77743458641586e-06,0.43784735709960076,12,highpass
1.0422013076143979e-07,3.639823823949113e-07,1.860899261327829e-07,2.5690193424115653e-07,6.177117164504801e-06,0.3747749573603129,12,highpass
1.0422013076143979e-07,3.639823823949113e-07,1.860899261327829e-07,2.5690193424115653e-07,6.77743458641586e-06,0.43784735709960076,12,highpass
1.0422013076143979e-07,3.639823823949113e-07,1.860899261327829e-07,2.5690193424115653e-07,6.77743458641586e-06,0.43784735709960076,12,highpass
1.0422013076143979e-07,3.639823823949113e-07,1.860899261327829e-07,2.5690193424115653e-07,6.77743458641586e-06,0.43784735709960076,12,highpass
1.0422013076143979e-07,3.639823823949113e-07,1.860899261327829e-07,2.5690193424115653e-07,6.77743458641586e-06,0.43784735709960076,12,highpass
1.0422013076143979e-07,3.639823823949113e-07,1.860899261327829e-07,2.5690193424115653e-07,2.442720346607524e-05,0.3767735367071269,12,highpass
1.0422013076143979e-07,3.639823823949113e-07,1.860899261327829e-07,2.5690193424115653e-07,6.77743458641586e-06,0.43784735709960076,12,highpass
1.0422013076143979e-07,3.639823823949113e-07,1.860899261327829e-07,2.5690193424115653e-07,6.77743458641586e-06,0.43784735709960076,12,highpass
1e-07,3.639823823949113e-07,1.860899261327829e-07,2.5690193424115653e-07,6.77743458641586e-06,0.36703461495296685,12,highpass
1.0422013076143979e-07,3.639823823949113e-07,1.860899261327829e-07,2.5690193424115653e-07,6.77743458641586e-06,0.43784735709960076,12,highpass
1.0422013076143979e-07,3.639823823949113e-07,1.8598950809888173e-07,2.5690193424115653e-07,6.77743458641586e-06,0.43784735709960076,12,highpass
1.0422013076143979e-07,3.639823823949113e-07,1.860899261327829e-07,2.5690193424115653e-07,6.77743458641586e-06,0.43784735709960076,12,highpass
1.0422013076143979e-07,3.639823823949113e-07,1.860899261327829e-07,2.5690193424115653e-07,6.77743458641586e-06,0.43784735709960076,12,highpass
1.0422013076143979e-07,3.639823823949113e-07,1.860899261327829e-07,2.5690193424115653e-07,6.77743458641586e-06,0.43784735709960076,12,highpass
1.0422013076143979e-07,3.639823823949113e-07,1.865091363614934e-07,2.5690193424115653e-07,6.77743458641586e-06,0.43733116926484544,12,highpass
1.0422013076143979e-07,3.639823823949113e-07,1.860899261327829e-07,1.8442737596860994e-07,6.77743458641586e-06,0.42632886609203313,12,highpass
1.0422013076143979e-07,3.639823823949113e-07,1.8598950809888173e-07,2.5690193424115653e-07,6.77743458641586e-06,0.43784735709960076,12,highpass
1.0422013076143979e-07,3.639823823949113e-07,1.860899261327829e-07,2.5690193424115653e-07,6.77743458641586e-06,0.43784735709960076,12,highpass
1.0422013076143979e-07,3.639823823949113e-07,1.8598950809888173e-07,2.5690193424115653e-07,6.77743458641586e-06,0.43784735709960076,12,highpass
1.0422013076143979e-07,3.639823823949113e-07,1.860899261327829e-07,2.62864488293258e-07,6.77743458641586e-06,0.4368274987257205,12,highpass
1.0422013076143979e-07,3.639823823949113e-07,1.860899261327829e-07,2.5690193424115653e-07,6.77743458641586e-06,0.43784735709960076,12,highpass
1.0422013076143979e-07,3.639823823949113e-07,1.860899261327829e-07,2.5690193424115653e-07,6.77743458641586e-06,0.43784735709960076,12,highpass
1.0422013076143979e-07,3.639823823949113e-07,1.860899261327829e-07,2.5690193424115653e-07,6.77743458641586e-06,0.43784735709960076,12,highpass
1.0422013076143979e-07,3.639823823949113e-07,1.860899261327829e-07,2.5690193424115653e-07,6.77743458641586e-06,0.43784735709960076,12,highpass
1.0422013076143979e-07,3.639823823949113e-07,1.860899261327829e-07,2.5690193424115653e-07,6.77743458641586e-06,0.43784735709960076,12,highpass
1.0422013076143979e-07,3.639823823949113e-07,1.860899261327829e-07,2.5690193424115653e-07,6.77743458641586e-06,0.43784735709960076,12,highpass
1.0422013076143979e-07,5.671808309005156e-07,1.860899261327829e-07,2.5690193424115653e-07,6.77743458641586e-06,0.26941877313207374,12,highpass
1.0422013076143979e-07,3.639823823949113e-07,1.860899261327829e-07,2.5690193424115653e-07,1.2013460099059012e-05,0.3773591845792304,12,highpass
1.0422013076143979e-07,3.639823823949113e-07,1.860899261327829e-07,2.5690193424115653e-07,6.77743458641586e-06,0.43784735709960076,12,highpass
1.0422013076143979e-07,3.639823823949113e-07,1.860899261327829e-07,2.5690193424115653e-07,6.77743458641586e-06,0.43784735709960076,13,highpass
1.0422013076143979e-07,3.639823823949113e-07,1.8598950809888173e-07,2.5690193424115653e-07,6.77743458641586e-06,0.43784735709960076,13,highpass
1.0422013076143979e-07,3.639823823949113e-07,1.860899261327829e-07,2.5690193424115653e-07,6.77743458641586e-06,0.43784735709960076,13,highpass
1.0422013076143979e-07,3.639823823949113e-07,1.860899261327829e-07,2.5690193424115653e-07,6.77743458641586e-06,0.43784735709960076,13,highpass
1.0422013076143979e-07,3.639823823949113e-07,1.860899261327829e-07,2.5690193424115653e-07,2.9673308606098055e-05,0.38065497939765014,13,highpass
1.0422013076143979e-07,3.639823823949113e-07,1.860899261327829e-07,2.5690193424115653e-07,6.77743458641586e-06,0.43784735709960076,13,highpass
1.0422013076143979e-07,3.639823823949113e-07,1.8598950809888173e-07,2.5690193424115653e-07,6.77743458641586e-06,0.43784735709960076,13,highpass
1.0422013076143979e-07,3.639823823949113e-07,1.860899261327829e-07,2.5690193424115653e-07,6.77743458641586e-06,0.43784735709960076,13,highpass
1.4476430488658063e-07,3.639823823949113e-07,1.860899261327829e-07,2.5690193424115653e-07,6.77743458641586e-06,0.40082593236753744,13,highpass
1.0422013076143979e-07,3.639823823949113e-07,1.860899261327829e-07,2.5690193424115653e-07,6.77743458641586e-06,0.43784735709960076,13,highpass
1.0422013076143979e-07,3.639823823949113e-07,1.860899261327829e-07,2.5690193424115653e-07,6.77743458641586e-06,0.43784735709960076,13,highpass
1.0422013076143979e-07,3.639823823949113e-07,1.860899261327829e-07,2.5690193424115653e-07,6.77743458641586e-06,0.43784735709960076,13,highpass
1.0422013076143979e-07,3.639823823949113e-07,1.860899261327829e-07,2.5690193424115653e-07,6.77743458641586e-06,0.43784735709960076,13,highpass
1.0422013076143979e-07,3.639823823949113e-07,1.860899261327829e-07,2.5690193424115653e-07,6.77743458641586e-06,0.43784735709960076,13,highpass
1.0422013076143979e-07,3.639823823949113e-07,1.860899261327829e-07,2.5690193424115653e-07,6.77743458641586e-06,0.43784735709960076,13,highpass
1.0422013076143979e-07,3.639823823949113e-07,1.860899261327829e-07,2.5690193424115653e-07,6.77743458641586e-06,0.43784735709960076,13,highpass
1.0422013076143979e-07,3.639823823949113e-07,1.860899261327829e-07,2.5690193424115653e-07,6.77743458641586e-06,0.43784735709960076,13,highpass
1.0422013076143979e-07,3.639823823949113e-07,1.860899261327829e-07,2.5690193424115653e-07,6.77743458641586e-06,0.43784735709960076,13,highpass
1.0422013076143979e-07,3.639823823949113e-07,1.860899261327829e-07,2.5690193424115653e-07,6.77743458641586e-06,0.43784735709960076,13,highpass
1.0422013076143979e-07,3.639823823949113e-07,1.860899261327829e-07,2.5690193424115653e-07,6.77743458641586e-06,0.43784735709960076,13,highpass
1.0422013076143979e-07,3.639823823949113e-07,1.860899261327829e-07,2.5690193424115653e-07,6.77743458641586e-06,0.43784735709960076,13,highpass
1.0422013076143979e-07,3.639823823949113e-07,1.8598950809888173e-07,2.5690193424115653e-07,6.77743458641586e-06,0.43784735709960076,13,highpass
1.0422013076143979e-07,3.639823823949113e-07,1.860899261327829e-07,2.5690193424115653e-07,6.77743458641586e-06,0.43784735709960076,13,highpass
1.0422013076143979e-07,3.639823823949113e-07,1.860899261327829e-07,2.327885259875302e-07,6.77743458641586e-06,0.3737076922934985,13,highpass
1.0422013076143979e-07,3.639823823949113e-07,1.860899261327829e-07,2.5690193424115653e-07,6.77743458641586e-06,0.43784735709960076,13,highpass
1.0422013076143979e-07,3.639823823949113e-07,1.860899261327829e-07,2.5690193424115653e-07,6.77743458641586e-06,0.43784735709960076,13,highpass
1.0422013076143979e-07,3.639823823949113e-07,1.860899261327829e-07,2.5690193424115653e-07,6.77743458641586e-06,0.43784735709960076,13,highpass
1.0422013076143979e-07,3.639823823949113e-07,1.860899261327829e-07,2.576847424905963e-07,6.77743458641586e-06,0.43790890120811704,13,highpass
1.0422013076143979e-07,3.639823823949113e-07,1.860899261327829e-07,2.5690193424115653e-07,6.77743458641586e-06,0.43784735709960076,13,highpass
1.0422013076143979e-07,3.639823823949113e-07,1.860899261327829e-07,2.5690193424115653e-07,6.77743458641586e-06,0.43784735709960076,13,highpass
1.0422013076143979e-07,3.639823823949113e-07,1.860899261327829e-07,2.576847424905963e-07,6.77743458641586e-06,0.43790890120811704,14,highpass
1.0422013076143979e-07,3.639823823949113e-07,1.860899261327829e-07,2.5690193424115653e-07,6.77743458641586e-06,0.43784735709960076,14,highpass
1.0422013076143979e-07,3.639823823949113e-07,1.860899261327829e-07,2.576847424905963e-07,6.77743458641586e-06,0.43790890120811704,14,highpass
1.0422013076143979e-07,3.639823823949113e-07,1.860899261327829e-07,2.5690193424115653e-07,6.77743458641586e-06,0.43784735709960076,14,highpass
1.0422013076143979e-07,3.639823823949113e-07,1.8598950809888173e-07,2.5690193424115653e-07,6.77743458641586e-06,0.43784735709960076,14,highpass
1.0422013076143979e-07,3.639823823949113e-07,1.860899261327829e-07,2.5690193424115653e-07,6.77743458641586e-06,0.43784735709960076,14,highpass
1.0422013076143979e-07,3.639823823949113e-07,1.7990290589982988e-07,2.5690193424115653e-07,6.77743458641586e-06,0.41175005390389025,14,highpass
1.0422013076143979e-07,3.639823823949113e-07,1.860899261327829e-07,2.5690193424115653e-07,6.77743458641586e-06,0.43784735709960076,14,highpass
1.0422013076143979e-07,3.650307082661112e-07,1.860899261327829e-07,2.576847424905963e-07,6.77743458641586e-06,0.437670593248142,14,highpass
1.0422013076143979e-07,3.639823823949113e-07,1.860899261327829e-07,2.4310473671987464e-07,6.77743458641586e-06,0.37706031278865376,14,highpass
1.4485942458601582e-07,3.639823823949113e-07,1.860899261327829e-07,2.5690193424115653e-07,6.77743458641586e-06,0.4001871738406381,14,highpass
1.0422013076143979e-07,3.639823823949113e-07,1.860899261327829e-07,2.576847424905963e-07,6.77743458641586e-06,0.43790890120811704,14,highpass
1.0422013076143979e-07,3.639823823949113e-07,1.860899261327829e-07,2.5690193424115653e-07,6.77743458641586e-06,0.43784735709960076,14,highpass
1.0422013076143979e-07,3.639823823949113e-07,1.860899261327829e-07,2.576847424905963e-07,6.77743458641586e-06,0.43790890120811704,14,highpass
1.0422013076143979e-07,3.639823823949113e-07,1.860899261327829e-07,2.5690193424115653e-07,6.77743458641586e-06,0.43784735709960076,14,highpass
1.0422013076143979e-07,3.654631432037734e-07,1.8598950809888173e-07,2.5690193424115653e-07,6.77743458641586e-06,0.4378340840744741,14,highpass
1.0422013076143979e-07,3.639823823949113e-07,1.860899261327829e-07,2.5690193424115653e-07,6.77743458641586e-06,0.43784735709960076,14,highpass
1.0422013076143979e-07,3.639823823949113e-07,1.860899261327829e-07,2.5690193424115653e-07,6.77743458641586e-06,0.43784735709960076,14,highpass
1.0422013076143979e-07,3.639823823949113e-07,1.860899261327829e-07,2.5690193424115653e-07,6.77743458641586e-06,0.43784735709960076,14,highpass
1.0422013076143979e-07,3.639823823949113e-07,2.0415293603715234e-07,2.5690193424115653e-07,6.77743458641586e-06,0.3607075427726829,14,highpass
1.0422013076143979e-07,3.639823823949113e-07,1.8598950809888173e-07,2.5690193424115653e-07,6.77743458641586e-06,0.43784735709960076,14,highpass
1.0422013076143979e-07,3.639823823949113e-07,1.860899261327829e-07,2.576847424905963e-07,6.77743458641586e-06,0.43790890120811704,14,highpass
1.0422013076143979e-07,3.639823823949113e-07,1.860899261327829e-07,2.5690193424115653e-07,6.77743458641586e-06,0.43784735709960076,14,highpass
1.0422013076143979e-07,3.639823823949113e-07,1.860899261327829e-07,2.5690193424115653e-07,6.77743458641586e-06,0.43784735709960076,14,highpass
1.0422013076143979e-07,6.768620074714447e-07,1.860899261327829e-07,2.576847424905963e-07,6.77743458641586e-06,0.3484091237317988,14,highpass
1.0422013076143979e-07,3.639823823949113e-07,1.8598950809888173e-07,2.5690193424115653e-07,6.77743458641586e-06,0.43784735709960076,14,highpass
1.0236852115430647e-07,3.639823823949113e-07,1.8598950809888173e-07,2.5690193424115653e-07,6.77743458641586e-06,0.4293706193493458,14,highpass
1.0422013076143979e-07,3.639823823949113e-07,1.860899261327829e-07,2.5690193424115653e-07,6.77743458641586e-06,0.43784735709960076,14,highpass
1.0422013076143979e-07,3.639823823949113e-07,1.860899261327829e-07,2.5690193424115653e-07,6.77743458641586e-06,0.43784735709960076,14,highpass
1.0422013076143979e-07,3.639823823949113e-07,1.860899261327829e-07,2.5690193424115653e-07,6.77743458641586e-06,0.43784735709960076,14,highpass
1.0422013076143979e-07,3.639823823949113e-07,1.860899261327829e-07,2.576847424905963e-07,6.77743458641586e-06,0.43790890120811704,15,highpass
1.0422013076143979e-07,3.639823823949113e-07,1.860899261327829e-07,2.5690193424115653e-07,6.77743458641586e-06,0.43781932112960004,15,highpass
1.0422013076143979e-07,3.639823823949113e-07,1.8041843148439776e-07,2.5690193424115653e-07,6.77743458641586e-06,0.4063303700730012,15,highpass
1.0422013076143979e-07,3.639823823949113e-07,1.860899261327829e-07,2.576847424905963e-07,6.77743458641586e-06,0.43790890120811704,15,highpass
1.0422013076143979e-07,3.639823823949113e-07,1.860899261327829e-07,2.576847424905963e-07,6.77743458641586e-06,0.43790890120811704,15,highpass
1.0422013076143979e-07,3.639823823949113e-07,1.860899261327829e-07,2.5690193424115653e-07,6.77743458641586e-06,0.43781932112960004,15,highpass
1.0422013076143979e-07,3.639823823949113e-07,1.860899261327829e-07,2.5690193424115653e-07,6.77743458641586e-06,0.43781932112960004,15,highpass
1.0422013076143979e-07,3.8170481791754684e-07,1.860899261327829e-07,2.576847424905963e-07,6.77743458641586e-06,0.4327446568563854,15,highpass
1.452784568923359e-07,3.639823823949113e-07,1.860899261327829e-07,2.576847424905963e-07,6.77743458641586e-06,0.39621440918954326,15,highpass
1.0422013076143979e-07,3.639823823949113e-07,1.860899261327829e-07,2.576847424905963e-07,6.77743458641586e-06,0.43790890120811704,15,highpass
1.0422013076143979e-07,3.639823823949113e-07,1.8598950809888173e-07,2.5690193424115653e-07,6.77743458641586e-06,0.43781932112960004,15,highpass
1.0422013076143979e-07,3.639823823949113e-07,1.860899261327829e-07,2.5690193424115653e-07,6.77743458641586e-06,0.43781932112960004,15,highpass
1.0422013076143979e-07,3.639823823949113e-07,1.860899261327829e-07,2.576847424905963e-07,6.77743458641586e-06,0.43790890120811704,15,highpass
1.0422013076143979e-07,3.639823823949113e-07,1.860899261327829e-07,2.5690193424115653e-07,6.77743458641586e-06,0.43781932112960004,15,highpass
1.0422013076143979e-07,3.639823823949113e-07,1.860899261327829e-07,2.576847424905963e-07,6.77743458641586e-06,0.43790890120811704,15,highpass
1.0422013076143979e-07,3.639823823949113e-07,1.860899261327829e-07,2.576847424905963e-07,6.77743458641586e-06,0.43790890120811704,15,highpass
1.0422013076143979e-07,3.639823823949113e-07,1.860899261327829e-07,2.576847424905963e-07,7.615341854746346e-06,0.43436200457234997,15,highpass
1.0422013076143979e-07,3.5390163015265084e-07,1.860899261327829e-07,2.576847424905963e-07,6.77743458641586e-06,0.3763262061171958,15,highpass
1.0422013076143979e-07,3.639823823949113e-07,1.860899261327829e-07,2.5690193424115653e-07,6.77743458641586e-06,0.43781932112960004,15,highpass
1.0422013076143979e-07,3.639823823949113e-07,1.860899261327829e-07,2.576847424905963e-07,6.77743458641586e-06,0.43790890120811704,15,highpass
1.0422013076143979e-07,3.639823823949113e-07,1.860899261327829e-07,2.576847424905963e-07,6.77743458641586e-06,0.43790890120811704,15,highpass
1.0422013076143979e-07,3.639823823949113e-07,1.860899261327829e-07,2.576847424905963e-07,6.77743458641586e-06,0.43790890120811704,15,highpass
1.0422013076143979e-07,3.639823823949113e-07,1.860899261327829e-07,2.576847424905963e-07,6.77743458641586e-06,0.43790890120811704,15,highpass
1.0422013076143979e-07,3.639823823949113e-07,1.860899261327829e-07,2.5690193424115653e-07,6.77743458641586e-06,0.43781932112960004,15,highpass
1.0422013076143979e-07,3.639823823949113e-07,1.860899261327829e-07,2.576847424905963e-07,6.77743458641586e-06,0.43790890120811704,15,highpass
1.0422013076143979e-07,3.639823823949113e-07,1.860899261327829e-07,2.576847424905963e-07,6.77743458641586e-06,0.43790890120811704,15,highpass
1.0422013076143979e-07,3.639823823949113e-07,1.860899261327829e-07,2.576847424905963e-07,6.77743458641586e-06,0.43790890120811704,15,highpass
1.0422013076143979e-07,3.639823823949113e-07,1.8598950809888173e-07,2.9761239676763355e-07,6.77743458641586e-06,0.35803501968903795,15,highpass
1.0422013076143979e-07,3.639823823949113e-07,1.8598950809888173e-07,2.5690193424115653e-07,6.77743458641586e-06,0.43781932112960004,15,highpass
1.0422013076143979e-07,3.639823823949113e-07,1.860899261327829e-07,2.576847424905963e-07,1.0806115558621474e-05,0.4077204231388684,15,highpass
1.0422013076143979e-07,3.639823823949113e-07,1.860899261327829e-07,2.576847424905963e-07,6.77743458641586e-06,0.43790890120811704,16,highpass
1.0422013076143979e-07,3.639823823949113e-07,1.860899261327829e-07,2.576847424905963e-07,6.77743458641586e-06,0.43790890120811704,16,highpass
1.0422013076143979e-07,3.639823823949113e-07,1.860899261327829e-07,2.576847424905963e-07,6.77743458641586e-06,0.43790890120811704,16,highpass
1.0422013076143979e-07,3.639823823949113e-07,1.860899261327829e-07,2.576847424905963e-07,6.77743458641586e-06,0.43790890120811704,16,highpass
1.0422013076143979e-07,3.639823823949113e-07,1.860899261327829e-07,2.576847424905963e-07,6.77743458641586e-06,0.43790890120811704,16,highpass
1.0422013076143979e-07,3.639823823949113e-07,1.860899261327829e-07,2.576847424905963e-07,6.77743458641586e-06,0.43790890120811704,16,highpass
1.0422013076143979e-07,3.639823823949113e-07,1.860899261327829e-07,2.576847424905963e-07,6.77743458641586e-06,0.43790890120811704,16,highpass
1.0422013076143979e-07,3.639823823949113e-07,1.860899261327829e-07,2.576847424905963e-07,4.035009140409748e-05,0.399610046124663,16,highpass
1.0422013076143979e-07,3.639823823949113e-07,1.860899261327829e-07,2.576847424905963e-07,6.77743458641586e-06,0.43790890120811704,16,highpass
1.0422013076143979e-07,3.639823823949113e-07,1.860899261327829e-07,2.576847424905963e-07,6.77743458641586e-06,0.43790890120811704,16,highpass
1.0422013076143979e-07,3.6304803810464143e-07,1.860899261327829e-07,2.576847424905963e-07,6.77743458641586e-06,0.437544369953904,16,highpass
1.0422013076143979e-07,3.639823823949113e-07,1.860899261327829e-07,2.576847424905963e-07,6.77743458641586e-06,0.43790890120811704,16,highpass
1.0422013076143979e-07,3.639823823949113e-07,1.860899261327829e-07,2.576847424905963e-07,6.77743458641586e-06,0.43790890120811704,16,highpass
1.0422013076143979e-07,3.639823823949113e-07,1.860899261327829e-07,2.576847424905963e-07,6.77743458641586e-06,0.43790890120811704,16,highpass
1.0422013076143979e-07,3.639823823949113e-07,1.860899261327829e-07,2.576847424905963e-07,6.77743458641586e-06,0.43790890120811704,16,highpass
1.0422013076143979e-07,3.639823823949113e-07,1.860899261327829e-07,2.576847424905963e-07,6.77743458641586e-06,0.43790890120811704,16,highpass
1.0422013076143979e-07,3.639823823949113e-07,1.860899261327829e-07,2.576847424905963e-07,6.77743458641586e-06,0.43790890120811704,16,highpass
1.0422013076143979e-07,3.639823823949113e-07,1.860899261327829e-07,2.576847424905963e-07,6.77743458641586e-06,0.43790890120811704,16,highpass
1.0422013076143979e-07,3.639823823949113e-07,1.860899261327829e-07,2.576847424905963e-07,6.77743458641586e-06,0.43790890120811704,16,highpass
1.0422013076143979e-07,3.639823823949113e-07,1.860899261327829e-07,2.576847424905963e-07,6.77743458641586e-06,0.43790890120811704,16,highpass
1.0422013076143979e-07,3.639823823949113e-07,1.860899261327829e-07,2.576847424905963e-07,6.77743458641586e-06,0.43790890120811704,16,highpass
1.0422013076143979e-07,3.639823823949113e-07,1.865669083366342e-07,2.576847424905963e-07,6.77743458641586e-06,0.4365404682436803,16,highpass
1.0422013076143979e-07,3.639823823949113e-07,1.860899261327829e-07,2.576847424905963e-07,6.77743458641586e-06,0.43790890120811704,16,highpass
1.0422013076143979e-07,3.639823823949113e-07,1.860899261327829e-07,2.576847424905963e-07,6.77743458641586e-06,0.43790890120811704,16,highpass
1.0422013076143979e-07,3.639823823949113e-07,1.860899261327829e-07,2.576847424905963e-07,6.77743458641586e-06,0.43790890120811704,16,highpass
1.5381394133725162e-07,3.639823823949113e-07,1.860899261327829e-07,2.576847424905963e-07,6.77743458641586e-06,0.3791693595235182,16,highpass
1.0422013076143979e-07,3.639823823949113e-07,1.860899261327829e-07,2.576847424905963e-07,6.77743458641586e-06,0.43790890120811704,16,highpass
1.0422013076143979e-07,3.639823823949113e-07,1.860899261327829e-07,2.576847424905963e-07,6.77743458641586e-06,0.43790890120811704,16,highpass
1.0422013076143979e-07,3.639823823949113e-07,1.860899261327829e-07,2.576847424905963e-07,6.77743458641586e-06,0.43790890120811704,16,highpass
1.0422013076143979e-07,3.639823823949113e-07,1.860899261327829e-07,2.576847424905963e-07,6.77743458641586e-06,0.43790890120811704,16,highpass
1.0422013076143979e-07,3.639823823949113e-07,1.860899261327829e-07,2.576847424905963e-07,6.77743458641586e-06,0.43790890120811704,17,highpass
1.0422013076143979e-07,3.639823823949113e-07,1.860899261327829e-07,2.576847424905963e-07,6.77743458641586e-06,0.43790890120811704,17,highpass
1.0422013076143979e-07,3.639823823949113e-07,1.860899261327829e-07,2.576847424905963e-07,6.77743458641586e-06,0.43790890120811704,17,highpass
1.0422013076143979e-07,3.639823823949113e-07,1.860899261327829e-07,2.576847424905963e-07,6.77743458641586e-06,0.43790890120811704,17,highpass
1.0422013076143979e-07,3.757112417928842e-07,1.860899261327829e-07,2.576847424905963e-07,6.77743458641586e-06,0.4370695938187699,17,highpass
1.0422013076143979e-07,3.639823823949113e-07,1.860899261327829e-07,2.576847424905963e-07,6.77743458641586e-06,0.43790890120811704,17,highpass
1.0422013076143979e-07,3.639823823949113e-07,1.860899261327829e-07,2.576847424905963e-07,6.77743458641586e-06,0.43790890120811704,17,highpass
1.0422013076143979e-07,3.639823823949113e-07,1.860899261327829e-07,2.576847424905963e-07,6.77743458641586e-06,0.43790890120811704,17,highpass
1.0422013076143979e-07,3.639823823949113e-07,1.860899261327829e-07,2.576847424905963e-07,6.77743458641586e-06,0.43790890120811704,17,highpass
1.0422013076143979e-07,3.639823823949113e-07,1.860899261327829e-07,2.623237306099018e-07,6.77743458641586e-06,0.43730002793023137,17,highpass
1.0422013076143979e-07,3.639823823949113e-07,1.860899261327829e-07,2.6033358041137004e-07,6.77743458641586e-06,0.4377576573274022,17,highpass
1.0422013076143979e-07,3.639823823949113e-07,1.860899261327829e-07,2.576847424905963e-07,6.77743458641586e-06,0.43790890120811704,17,highpass
1.0422013076143979e-07,3.639823823949113e-07,1.860899261327829e-07,2.576847424905963e-07,6.77743458641586e-06,0.43790890120811704,17,highpass
1.0422013076143979e-07,3.639823823949113e-07,1.9218887118714802e-07,2.576847424905963e-07,6.77743458641586e-06,0.37501024108412706,17,highpass
1.0422013076143979e-07,3.639823823949113e-07,1.860899261327829e-07,2.576847424905963e-07,6.77743458641586e-06,0.43790890120811704,17,highpass
1.0422013076143979e-07,3.639823823949113e-07,1.860899261327829e-07,2.576847424905963e-07,2.7975060774192877e-05,0.38585877007615493,17,highpass
1.0422013076143979e-07,3.639823823949113e-07,1.860899261327829e-07,2.576847424905963e-07,6.77743458641586e-06,0.43790890120811704,17,highpass
1.0422013076143979e-07,3.639823823949113e-07,1.860899261327829e-07,2.576847424905963e-07,6.77743458641586e-06,0.43790890120811704,17,highpass
1.0422013076143979e-07,3.639823823949113e-07,1.860899261327829e-07,2.576847424905963e-07,6.77743458641586e-06,0.43790890120811704,17,highpass
1.0422013076143979e-07,3.639823823949113e-07,1.860899261327829e-07,2.576847424905963e-07,6.77743458641586e-06,0.43790890120811704,17,highpass
1.0422013076143979e-07,3.639823823949113e-07,1.860899261327829e-07,2.576847424905963e-07,6.77743458641586e-06,0.43790890120811704,17,highpass
1.0422013076143979e-07,3.639823823949113e-07,1.860899261327829e-07,2.576847424905963e-07,6.77743458641586e-06,0.43790890120811704,17,highpass
1.0422013076143979e-07,3.639823823949113e-07,1.860899261327829e-07,2.576847424905963e-07,6.77743458641586e-06,0.43790890120811704,17,highpass
1.0422013076143979e-07,3.639823823949113e-07,1.860899261327829e-07,2.576847424905963e-07,6.77743458641586e-06,0.43790890120811704,17,highpass
1.0422013076143979e-07,3.639823823949113e-07,1.860899261327829e-07,2.576847424905963e-07,6.77743458641586e-06,0.43790890120811704,17,highpass
1.0422013076143979e-07,3.611628839397219e-07,1.860899261327829e-07,2.576847424905963e-07,6.77743458641586e-06,0.43494097978133117,17,highpass
1.0422013076143979e-07,3.639823823949113e-07,1.860899261327829e-07,2.576847424905963e-07,6.77743458641586e-06,0.43790890120811704,17,highpass
1.0089830004393403e-07,3.639823823949113e-07,1.860899261327829e-07,2.576847424905963e-07,6.77743458641586e-06,0.4226934122134018,17,highpass
1.0422013076143979e-07,3.639823823949113e-07,1.860899261327829e-07,2.576847424905963e-07,6.77743458641586e-06,0.43790890120811704,17,highpass
1.0422013076143979e-07,3.639823823949113e-07,1.860899261327829e-07,2.576847424905963e-07,6.77743458641586e-06,0.43790890120811704,17,highpass
1.0422013076143979e-07,3.639823823949113e-07,1.860899261327829e-07,2.576847424905963e-07,6.77743458641586e-06,0.43790890120811704,18,highpass
1.0422013076143979e-07,3.639823823949113e-07,1.860899261327829e-07,2.576847424905963e-07,6.77743458641586e-06,0.43790890120811704,18,highpass
1.0422013076143979e-07,3.639823823949113e-07,1.860899261327829e-07,2.576847424905963e-07,6.77743458641586e-06,0.43790890120811704,18,highpass
1.0422013076143979e-07,3.639823823949113e-07,1.860899261327829e-07,2.576847424905963e-07,6.77743458641586e-06,0.43790890120811704,18,highpass
1.0422013076143979e-07,3.639823823949113e-07,1.860899261327829e-07,2.576847424905963e-07,6.77743458641586e-06,0.43790890120811704,18,highpass
1.0422013076143979e-07,3.639823823949113e-07,1.860899261327829e-07,2.576847424905963e-07,6.77743458641586e-06,0.43790890120811704,18,highpass
1.0422013076143979e-07,3.639823823949113e-07,1.860899261327829e-07,2.576847424905963e-07,6.77743458641586e-06,0.43790890120811704,18,highpass
1.0422013076143979e-07,3.639823823949113e-07,1.860899261327829e-07,2.576847424905963e-07,6.77743458641586e-06,0.43790890120811704,18,highpass
1.0422013076143979e-07,3.639823823949113e-07,1.860899261327829e-07,2.576847424905963e-07,6.77743458641586e-06,0.43790890120811704,18,highpass
1.0422013076143979e-07,3.639823823949113e-07,1.860899261327829e-07,2.576847424905963e-07,6.77743458641586e-06,0.43790890120811704,18,highpass
1.0422013076143979e-07,3.639823823949113e-07,1.860899261327829e-07,2.576847424905963e-07,6.77743458641586e-06,0.43790890120811704,18,highpass
1.0422013076143979e-07,3.639823823949113e-07,1.860899261327829e-07,2.576847424905963e-07,6.77743458641586e-06,0.43790890120811704,18,highpass
1.0422013076143979e-07,3.639823823949113e-07,1.8923203446798539e-07,2.576847424905963e-07,6.77743458641586e-06,0.42672022220047395,18,highpass
1.0422013076143979e-07,3.639823823949113e-07,1.860899261327829e-07,2.576847424905963e-07,6.77743458641586e-06,0.43790890120811704,18,highpass
1.0422013076143979e-07,3.639823823949113e-07,1.860899261327829e-07,2.576847424905963e-07,6.77743458641586e-06,0.43790890120811704,18,highpass
1.0422013076143979e-07,3.639823823949113e-07,1.860899261327829e-07,2.576847424905963e-07,6.77743458641586e-06,0.43790890120811704,18,highpass
1.0422013076143979e-07,3.639823823949113e-07,1.860899261327829e-07,2.576847424905963e-07,6.77743458641586e-06,0.43790890120811704,18,highpass
1.0422013076143979e-07,3.639823823949113e-07,1.860899261327829e-07,2.576847424905963e-07,6.77743458641586e-06,0.43790890120811704,18,highpass
1.0422013076143979e-07,6.543002595529011e-07,1.860899261327829e-07,2.576847424905963e-07,6.77743458641586e-06,0.25467908002286443,18,highpass
1.0422013076143979e-07,3.639823823949113e-07,1.860899261327829e-07,2.576847424905963e-07,6.77743458641586e-06,0.43790890120811704,18,highpass
1.0422013076143979e-07,3.639823823949113e-07,1.860899261327829e-07,2.576847424905963e-07,6.77743458641586e-06,0.43790890120811704,18,highpass
1.0422013076143979e-07,3.8680090630810236e-07,1.860899261327829e-07,2.576847424905963e-07,6.77743458641586e-06,0.42001412047551084,18,highpass
1.0422013076143979e-07,3.639823823949113e-07,1.860899261327829e-07,2.590274238583005e-07,6.77743458641586e-06,0.43789925435520455,18,highpass
1.0422013076143979e-07,3.639823823949113e-07,1.860899261327829e-07,2.576847424905963e-07,6.77743458641586e-06,0.43790890120811704,18,highpass
1.0422013076143979e-07,3.639823823949113e-07,1.860899261327829e-07,2.576847424905963e-07,6.77743458641586e-06,0.43790890120811704,18,highpass
1.0422013076143979e-07,3.639823823949113e-07,1.860899261327829e-07,2.576847424905963e-07,6.77743458641586e-06,0.43790890120811704,18,highpass
1.0422013076143979e-07,3.639823823949113e-07,1.860899261327829e-07,2.576847424905963e-07,6.77743458641586e-06,0.43790890120811704,18,highpass
1.0422013076143979e-07,3.639823823949113e-07,1.860899261327829e-07,2.576847424905963e-07,6.77743458641586e-06,0.43790890120811704,18,highpass
1.0422013076143979e-07,3.639823823949113e-07,1.860899261327829e-07,2.576847424905963e-07,6.77743458641586e-06,0.43790890120811704,18,highpass
1.0422013076143979e-07,3.639823823949113e-07,1.860899261327829e-07,2.576847424905963e-07,6.77743458641586e-06,0.43790890120811704,18,highpass
1.0422013076143979e-07,3.639823823949113e-07,1.860899261327829e-07,2.576847424905963e-07,6.77743458641586e-06,0.43790890120811704,19,highpass
1.0422013076143979e-07,3.639823823949113e-07,1.860899261327829e-07,2.576847424905963e-07,6.77743458641586e-06,0.43790890120811704,19,highpass
1.0422013076143979e-07,3.639823823949113e-07,1.860899261327829e-07,2.576847424905963e-07,6.77743458641586e-06,0.43790890120811704,19,highpass
1.0422013076143979e-07,3.639823823949113e-07,1.860899261327829e-07,2.5386843983909285e-07,6.77743458641586e-06,0.43709718430002154,19,highpass
1.0422013076143979e-07,3.639823823949113e-07,1.860899261327829e-07,2.576847424905963e-07,6.77743458641586e-06,0.43790890120811704,19,highpass
1.0422013076143979e-07,3.639823823949113e-07,1.860899261327829e-07,2.576847424905963e-07,6.77743458641586e-06,0.43790890120811704,19,highpass
1.0422013076143979e-07,3.639823823949113e-07,1.992851940413644e-07,2.576847424905963e-07,6.77743458641586e-06,0.46671431836892624,19,highpass
1.0422013076143979e-07,3.639823823949113e-07,1.860899261327829e-07,2.576847424905963e-07,6.77743458641586e-06,0.43790890120811704,19,highpass
1.0422013076143979e-07,3.639823823949113e-07,1.860899261327829e-07,2.576847424905963e-07,6.77743458641586e-06,0.43790890120811704,19,highpass
1.0422013076143979e-07,3.639823823949113e-07,1.860899261327829e-07,2.576847424905963e-07,6.77743458641586e-06,0.43790890120811704,19,highpass
1.0422013076143979e-07,3.639823823949113e-07,1.860899261327829e-07,2.576847424905963e-07,6.77743458641586e-06,0.43790890120811704,19,highpass
1.0422013076143979e-07,3.639823823949113e-07,1.860899261327829e-07,2.576847424905963e-07,6.77743458641586e-06,0.43790890120811704,19,highpass
1.0422013076143979e-07,3.639823823949113e-07,1.860899261327829e-07,2.576847424905963e-07,6.77743458641586e-06,0.43790890120811704,19,highpass
1.0422013076143979e-07,3.639823823949113e-07,1.860899261327829e-07,2.576847424905963e-07,6.77743458641586e-06,0.43790890120811704,19,highpass
1.1580554357619613e-07,3.639823823949113e-07,1.860899261327829e-07,2.576847424905963e-07,6.77743458641586e-06,0.37809443785747976,19,highpass
1.0422013076143979e-07,3.639823823949113e-07,1.860899261327829e-07,2.576847424905963e-07,6.77743458641586e-06,0.43790890120811704,19,highpass
1.0422013076143979e-07,3.639823823949113e-07,1.860899261327829e-07,2.576847424905963e-07,6.77743458641586e-06,0.43790890120811704,19,highpass
1.0422013076143979e-07,3.639823823949113e-07,1.860899261327829e-07,2.576847424905963e-07,6.77743458641586e-06,0.43790890120811704,19,highpass
1.0422013076143979e-07,3.639823823949113e-07,1.860899261327829e-07,2.576847424905963e-07,6.77743458641586e-06,0.43790890120811704,19,highpass
1.0422013076143979e-07,3.639823823949113e-07,1.860899261327829e-07,2.576847424905963e-07,6.77743458641586e-06,0.43790890120811704,19,highpass
1.0422013076143979e-07,3.639823823949113e-07,1.860899261327829e-07,2.576847424905963e-07,6.77743458641586e-06,0.43790890120811704,19,highpass
1.0422013076143979e-07,3.639823823949113e-07,1.860899261327829e-07,2.576847424905963e-07,6.77743458641586e-06,0.43790890120811704,19,highpass
1.0422013076143979e-07,3.639823823949113e-07,1.860899261327829e-07,2.576847424905963e-07,6.77743458641586e-06,0.43790890120811704,19,highpass
1.0422013076143979e-07,3.639823823949113e-07,1.860899261327829e-07,2.576847424905963e-07,6.77743458641586e-06,0.43790890120811704,19,highpass
1.0422013076143979e-07,3.639823823949113e-07,1.8401516081247834e-07,2.576847424905963e-07,6.77743458641586e-06,0.4141350433976007,19,highpass
1.0422013076143979e-07,3.639823823949113e-07,1.860899261327829e-07,2.576847424905963e-07,6.77743458641586e-06,0.43790890120811704,19,highpass
1.0422013076143979e-07,3.639823823949113e-07,1.860899261327829e-07,2.576847424905963e-07,6.77743458641586e-06,0.43790890120811704,19,highpass
1.0422013076143979e-07,3.639823823949113e-07,1.860899261327829e-07,2.576847424905963e-07,6.77743458641586e-06,0.43790890120811704,19,highpass
1.0422013076143979e-07,3.639823823949113e-07,1.860899261327829e-07,2.576847424905963e-07,6.77743458641586e-06,0.43790890120811704,19,highpass
1.0422013076143979e-07,3.639823823949113e-07,1.860899261327829e-07,2.576847424905963e-07,6.77743458641586e-06,0.43790890120811704,19,highpass
1.0422013076143979e-07,3.639823823949113e-07,1.992851940413644e-07,2.576847424905963e-07,6.77743458641586e-06,0.46671431836892624,20,highpass
1.0422013076143979e-07,3.639823823949113e-07,1.992851940413644e-07,2.576847424905963e-07,6.77743458641586e-06,0.46671431836892624,20,highpass
1.0422013076143979e-07,3.639823823949113e-07,1.860899261327829e-07,2.576847424905963e-07,6.77743458641586e-06,0.43790890120811704,20,highpass
1.0422013076143979e-07,3.639823823949113e-07,1.860899261327829e-07,2.576847424905963e-07,6.77743458641586e-06,0.43790890120811704,20,highpass
1.0422013076143979e-07,3.639823823949113e-07,1.860899261327829e-07,2.576847424905963e-07,6.77743458641586e-06,0.43790890120811704,20,highpass
1.0422013076143979e-07,3.639823823949113e-07,1.860899261327829e-07,2.576847424905963e-07,6.77743458641586e-06,0.43790890120811704,20,highpass
1.0422013076143979e-07,3.639823823949113e-07,1.860899261327829e-07,2.576847424905963e-07,6.77743458641586e-06,0.43790890120811704,20,highpass
1.0422013076143979e-07,3.639823823949113e-07,1.860899261327829e-07,2.576847424905963e-07,6.77743458641586e-06,0.43790890120811704,20,highpass
1.0422013076143979e-07,3.639823823949113e-07,1.860899261327829e-07,2.576847424905963e-07,6.77743458641586e-06,0.43790890120811704,20,highpass
1.0422013076143979e-07,3.639823823949113e-07,1.860899261327829e-07,2.576847424905963e-07,6.77743458641586e-06,0.43790890120811704,20,highpass
1.0422013076143979e-07,3.639823823949113e-07,1.860899261327829e-07,2.576847424905963e-07,6.77743458641586e-06,0.43790890120811704,20,highpass
1.0422013076143979e-07,3.639823823949113e-07,1.992851940413644e-07,2.576847424905963e-07,6.77743458641586e-06,0.46671431836892624,20,highpass
1.0422013076143979e-07,3.639823823949113e-07,1.860899261327829e-07,2.576847424905963e-07,6.77743458641586e-06,0.43790890120811704,20,highpass
1.0191854679065337e-07,3.639823823949113e-07,1.992851940413644e-07,2.576847424905963e-07,6.77743458641586e-06,0.4337829473469218,20,highpass
1.0422013076143979e-07,3.639823823949113e-07,1.860899261327829e-07,2.576847424905963e-07,6.77743458641586e-06,0.43790890120811704,20,highpass
1.0422013076143979e-07,3.639823823949113e-07,1.860899261327829e-07,2.576847424905963e-07,6.77743458641586e-06,0.43790890120811704,20,highpass
1.0422013076143979e-07,3.639823823949113e-07,1.860899261327829e-07,2.576847424905963e-07,6.77743458641586e-06,0.43790890120811704,20,highpass
1.0422013076143979e-07,3.639823823949113e-07,1.860899261327829e-07,2.576847424905963e-07,6.77743458641586e-06,0.43790890120811704,20,highpass
1.0422013076143979e-07,3.690846312972313e-07,1.860899261327829e-07,2.576847424905963e-07,6.77743458641586e-06,0.43162930500753616,20,highpass
1.0422013076143979e-07,3.639823823949113e-07,1.860899261327829e-07,2.576847424905963e-07,6.77743458641586e-06,0.43790890120811704,20,highpass
1.0422013076143979e-07,3.639823823949113e-07,1.992851940413644e-07,2.576847424905963e-07,6.77743458641586e-06,0.46671431836892624,20,highpass
1.0422013076143979e-07,3.639823823949113e-07,1.860899261327829e-07,2.576847424905963e-07,6.77743458641586e-06,0.43790890120811704,20,highpass
1.0422013076143979e-07,3.639823823949113e-07,1.860899261327829e-07,2.576847424905963e-07,6.77743458641586e-06,0.43790890120811704,20,highpass
1.0422013076143979e-07,3.639823823949113e-07,1.860899261327829e-07,2.576847424905963e-07,6.77743458641586e-06,0.43790890120811704,20,highpass
1.0422013076143979e-07,3.639823823949113e-07,1.860899261327829e-07,2.576847424905963e-07,6.77743458641586e-06,0.43790890120811704,20,highpass
1.0422013076143979e-07,3.639823823949113e-07,1.860899261327829e-07,2.576847424905963e-07,9.250088298138296e-06,0.4097970803829656,20,highpass
1.0422013076143979e-07,3.639823823949113e-07,1.860899261327829e-07,2.576847424905963e-07,6.77743458641586e-06,0.43790890120811704,20,highpass
1.0422013076143979e-07,3.639823823949113e-07,1.860899261327829e-07,2.576847424905963e-07,6.77743458641586e-06,0.43790890120811704,20,highpass
1.0422013076143979e-07,3.639823823949113e-07,1.860899261327829e-07,2.576847424905963e-07,6.77743458641586e-06,0.43790890120811704,20,highpass
1.0422013076143979e-07,3.639823823949113e-07,1.860899261327829e-07,2.576847424905963e-07,6.77743458641586e-06,0.43790890120811704,20,highpass
1.0422013076143979e-07,3.639823823949113e-07,1.992851940413644e-07,2.576847424905963e-07,6.77743458641586e-06,0.46671431836892624,21,highpass
1.0422013076143979e-07,3.639823823949113e-07,1.992851940413644e-07,2.576847424905963e-07,6.77743458641586e-06,0.46671431836892624,21,highpass
1.0422013076143979e-07,3.639823823949113e-07,1.992851940413644e-07,2.576847424905963e-07,6.77743458641586e-06,0.46671431836892624,21,highpass
1.0422013076143979e-07,3.639823823949113e-07,1.860899261327829e-07,2.602303671170537e-07,6.77743458641586e-06,0.4377729654512668,21,highpass
1.0422013076143979e-07,3.639823823949113e-07,1.3195572067202245e-07,2.576847424905963e-07,6.77743458641586e-06,0.3863262691582477,21,highpass
1.0422013076143979e-07,3.639823823949113e-07,1.860899261327829e-07,2.576847424905963e-07,6.77743458641586e-06,0.43790890120811704,21,highpass
1.0422013076143979e-07,3.639823823949113e-07,1.992851940413644e-07,2.576847424905963e-07,6.77743458641586e-06,0.46671431836892624,21,highpass
1.0422013076143979e-07,3.639823823949113e-07,1.992851940413644e-07,1.829125790692514e-07,6.77743458641586e-06,0.4238851494151202,21,highpass
1.0422013076143979e-07,3.639823823949113e-07,1.992851940413644e-07,2.576847424905963e-07,6.77743458641586e-06,0.46671431836892624,21,highpass
1.0422013076143979e-07,3.639823823949113e-07,1.992851940413644e-07,2.576847424905963e-07,6.77743458641586e-06,0.46671431836892624,21,highpass
1.0422013076143979e-07,3.639823823949113e-07,1.860899261327829e-07,2.576847424905963e-07,6.77743458641586e-06,0.43790890120811704,21,highpass
1.0422013076143979e-07,3.639823823949113e-07,1.992851940413644e-07,2.576847424905963e-07,7.398312283757832e-06,0.3629210018045179,21,highpass
1.0422013076143979e-07,3.639823823949113e-07,1.992851940413644e-07,2.576847424905963e-07,6.77743458641586e-06,0.46671431836892624,21,highpass
1.0422013076143979e-07,3.639823823949113e-07,1.860899261327829e-07,2.576847424905963e-07,6.77743458641586e-06,0.43790890120811704,21,highpass
1.0422013076143979e-07,3.639823823949113e-07,1.860899261327829e-07,2.576847424905963e-07,6.77743458641586e-06,0.43790890120811704,21,highpass
1.0422013076143979e-07,3.639823823949113e-07,1.992851940413644e-07,2.576847424905963e-07,6.77743458641586e-06,0.46671431836892624,21,highpass
1.0422013076143979e-07,3.639823823949113e-07,1.860899261327829e-07,2.576847424905963e-07,6.77743458641586e-06,0.43790890120811704,21,highpass
1.0422013076143979e-07,3.639823823949113e-07,1.860899261327829e-07,2.576847424905963e-07,6.77743458641586e-06,0.43790890120811704,21,highpass
1.0422013076143979e-07,3.639823823949113e-07,1.992851940413644e-07,2.576847424905963e-07,6.77743458641586e-06,0.46671431836892624,21,highpass
1.0422013076143979e-07,3.639823823949113e-07,2.047709818059788e-07,2.576847424905963e-07,6.77743458641586e-06,0.36030662366799204,21,highpass
1.0422013076143979e-07,3.639823823949113e-07,1.860899261327829e-07,2.576847424905963e-07,6.77743458641586e-06,0.43790890120811704,21,highpass
1.0422013076143979e-07,3.639823823949113e-07,1.992851940413644e-07,2.576847424905963e-07,6.77743458641586e-06,0.46671431836892624,21,highpass
1.0422013076143979e-07,3.639823823949113e-07,1.860899261327829e-07,2.576847424905963e-07,6.77743458641586e-06,0.43790890120811704,21,highpass
1.0422013076143979e-07,3.639823823949113e-07,1.860899261327829e-07,2.576847424905963e-07,6.77743458641586e-06,0.43790890120811704,21,highpass
1.0422013076143979e-07,3.639823823949113e-07,1.860899261327829e-07,2.576847424905963e-07,6.77743458641586e-06,0.43790890120811704,21,highpass
1.0422013076143979e-07,3.639823823949113e-07,1.992851940413644e-07,2.576847424905963e-07,6.77743458641586e-06,0.46671431836892624,21,highpass
1.0422013076143979e-07,3.639823823949113e-07,1.992851940413644e-07,2.576847424905963e-07,6.77743458641586e-06,0.46671431836892624,21,highpass
1.0422013076143979e-07,3.639823823949113e-07,1.860899261327829e-07,2.576847424905963e-07,6.77743458641586e-06,0.43790890120811704,21,highpass
1.0422013076143979e-07,3.639823823949113e-07,1.992851940413644e-07,2.582210956628701e-07,6.77743458641586e-06,0.46671431836892624,21,highpass
1.0422013076143979e-07,3.639823823949113e-07,1.992851940413644e-07,2.576847424905963e-07,6.77743458641586e-06,0.46671431836892624,21,highpass
1.0422013076143979e-07,3.639823823949113e-07,1.992851940413644e-07,2.576847424905963e-07,6.77743458641586e-06,0.46671431836892624,22,highpass
1.0422013076143979e-07,3.639823823949113e-07,1.992851940413644e-07,2.576847424905963e-07,6.77743458641586e-06,0.46671431836892624,22,highpass
1.0422013076143979e-07,3.639823823949113e-07,1.992851940413644e-07,2.576847424905963e-07,6.77743458641586e-06,0.46671431836892624,22,highpass
1.0422013076143979e-07,3.639823823949113e-07,1.992851940413644e-07,2.576847424905963e-07,6.77743458641586e-06,0.46671431836892624,22,highpass
1.0422013076143979e-07,3.639823823949113e-07,1.992851940413644e-07,2.576847424905963e-07,6.77743458641586e-06,0.46671431836892624,22,highpass
1.0422013076143979e-07,3.578624819722299e-07,1.992851940413644e-07,2.576847424905963e-07,6.77743458641586e-06,0.4692603041198199,22,highpass
1.0422013076143979e-07,3.639823823949113e-07,1.992851940413644e-07,2.576847424905963e-07,6.77743458641586e-06,0.46671431836892624,22,highpass
1.0422013076143979e-07,3.639823823949113e-07,1.992851940413644e-07,2.576847424905963e-07,6.77743458641586e-06,0.46671431836892624,22,highpass
1.0422013076143979e-07,3.639823823949113e-07,1.992851940413644e-07,2.582210956628701e-07,6.77743458641586e-06,0.46671431836892624,22,highpass
1.0422013076143979e-07,3.639823823949113e-07,1.992851940413644e-07,2.576847424905963e-07,6.77743458641586e-06,0.46671431836892624,22,highpass
1.0422013076143979e-07,3.639823823949113e-07,1.860899261327829e-07,2.576847424905963e-07,6.77743458641586e-06,0.43790890120811704,22,highpass
1.0422013076143979e-07,3.639823823949113e-07,1.992851940413644e-07,2.576847424905963e-07,6.77743458641586e-06,0.46671431836892624,22,highpass
1.0422013076143979e-07,3.639823823949113e-07,1.992851940413644e-07,2.576847424905963e-07,6.77743458641586e-06,0.46671431836892624,22,highpass
1.0422013076143979e-07,3.639823823949113e-07,1.992851940413644e-07,2.576847424905963e-07,6.77743458641586e-06,0.46671431836892624,22,highpass
1.0422013076143979e-07,3.639823823949113e-07,1.992851940413644e-07,2.576847424905963e-07,6.77743458641586e-06,0.46671431836892624,22,highpass
1.0422013076143979e-07,3.639823823949113e-07,1.992851940413644e-07,2.576847424905963e-07,1.6070683572503117e-05,0.36310339051921225,22,highpass
1.0422013076143979e-07,3.639823823949113e-07,1.992851940413644e-07,2.576847424905963e-07,6.77743458641586e-06,0.46671431836892624,22,highpass
1.0422013076143979e-07,3.639823823949113e-07,1.992851940413644e-07,2.576847424905963e-07,6.77743458641586e-06,0.46671431836892624,22,highpass
1.0422013076143979e-07,3.639823823949113e-07,1.992851940413644e-07,2.582210956628701e-07,6.77743458641586e-06,0.46671431836892624,22,highpass
1.0422013076143979e-07,3.639823823949113e-07,1.992851940413644e-07,2.576847424905963e-07,6.77743458641586e-06,0.46671431836892624,22,highpass
1.0422013076143979e-07,3.639823823949113e-07,1.992851940413644e-07,2.576847424905963e-07,6.77743458641586e-06,0.46671431836892624,22,highpass
1.0422013076143979e-07,3.639823823949113e-07,1.992851940413644e-07,2.576847424905963e-07,6.77743458641586e-06,0.46671431836892624,22,highpass
1.0422013076143979e-07,3.639823823949113e-07,1.992851940413644e-07,2.576847424905963e-07,6.77743458641586e-06,0.46671431836892624,22,highpass
1.0422013076143979e-07,3.639823823949113e-07,1.992851940413644e-07,2.576847424905963e-07,6.77743458641586e-06,0.46671431836892624,22,highpass
1.0422013076143979e-07,3.639823823949113e-07,1.992851940413644e-07,2.576847424905963e-07,6.77743458641586e-06,0.46671431836892624,22,highpass
1.0422013076143979e-07,3.639823823949113e-07,1.992851940413644e-07,2.576847424905963e-07,6.77743458641586e-06,0.46671431836892624,22,highpass
1.0422013076143979e-07,3.639823823949113e-07,1.992851940413644e-07,2.576847424905963e-07,6.77743458641586e-06,0.46671431836892624,22,highpass
1.0422013076143979e-07,3.639823823949113e-07,1.992851940413644e-07,2.576847424905963e-07,6.77743458641586e-06,0.46671431836892624,22,highpass
1.0422013076143979e-07,3.639823823949113e-07,1.992851940413644e-07,2.576847424905963e-07,6.77743458641586e-06,0.46671431836892624,22,highpass
1.0422013076143979e-07,3.639823823949113e-07,1.9434329705169657e-07,2.576847424905963e-07,6.77743458641586e-06,0.3647088713983213,22,highpass
1.0422013076143979e-07,3.578624819722299e-07,1.992851940413644e-07,2.576847424905963e-07,6.77743458641586e-06,0.4692603041198199,23,highpass
1.0422013076143979e-07,3.639823823949113e-07,1.992851940413644e-07,2.576847424905963e-07,6.77743458641586e-06,0.46671431836892624,23,highpass
1.0422013076143979e-07,3.578624819722299e-07,1.992851940413644e-07,2.576847424905963e-07,6.77743458641586e-06,0.4692603041198199,23,highpass
2.0671609422726e-07,3.639823823949113e-07,1.992851940413644e-07,2.582210956628701e-07,6.77743458641586e-06,0.38302689633553655,23,highpass
1.0422013076143979e-07,3.639823823949113e-07,1.992851940413644e-07,2.576847424905963e-07,6.77743458641586e-06,0.46671431836892624,23,highpass
1.0422013076143979e-07,3.578624819722299e-07,1.992851940413644e-07,2.576847424905963e-07,6.77743458641586e-06,0.4692603041198199,23,highpass
1.0422013076143979e-07,3.639823823949113e-07,1.992851940413644e-07,2.576847424905963e-07,6.77743458641586e-06,0.46671431836892624,23,highpass
1.0422013076143979e-07,3.639823823949113e-07,1.992851940413644e-07,2.576847424905963e-07,6.77743458641586e-06,0.46671431836892624,23,highpass
1.0422013076143979e-07,3.639823823949113e-07,1.992851940413644e-07,2.576847424905963e-07,6.77743458641586e-06,0.46671431836892624,23,highpass
1.0422013076143979e-07,3.639823823949113e-07,1.992851940413644e-07,2.576847424905963e-07,6.77743458641586e-06,0.46671431836892624,23,highpass
1.0422013076143979e-07,3.639823823949113e-07,1.992851940413644e-07,2.576847424905963e-07,6.77743458641586e-06,0.46671431836892624,23,highpass
1.0422013076143979e-07,3.639823823949113e-07,1.992851940413644e-07,2.576847424905963e-07,6.77743458641586e-06,0.46671431836892624,23,highpass
1.0422013076143979e-07,3.639823823949113e-07,1.992851940413644e-07,2.576847424905963e-07,6.77743458641586e-06,0.46671431836892624,23,highpass
1.0422013076143979e-07,3.639823823949113e-07,1.992851940413644e-07,2.576847424905963e-07,6.77743458641586e-06,0.46671431836892624,23,highpass
1.0422013076143979e-07,3.639823823949113e-07,1.992851940413644e-07,2.576847424905963e-07,6.77743458641586e-06,0.46671431836892624,23,highpass
1.0422013076143979e-07,3.639823823949113e-07,1.9597711930989883e-07,2.576847424905963e-07,6.77743458641586e-06,0.4381142445072405,23,highpass
1.0422013076143979e-07,3.639823823949113e-07,1.967635586669061e-07,2.576847424905963e-07,6.77743458641586e-06,0.4386002189483127,23,highpass
1.0422013076143979e-07,3.639823823949113e-07,1.992851940413644e-07,2.576847424905963e-07,6.77743458641586e-06,0.46671431836892624,23,highpass
1.0422013076143979e-07,3.578624819722299e-07,1.992851940413644e-07,2.576847424905963e-07,6.77743458641586e-06,0.4692603041198199,23,highpass
1.0422013076143979e-07,3.639823823949113e-07,1.992851940413644e-07,2.576847424905963e-07,6.77743458641586e-06,0.46671431836892624,23,highpass
1.0422013076143979e-07,3.639823823949113e-07,1.992851940413644e-07,2.576847424905963e-07,6.77743458641586e-06,0.46671431836892624,23,highpass
1.0422013076143979e-07,3.639823823949113e-07,1.992851940413644e-07,2.576847424905963e-07,6.77743458641586e-06,0.46671431836892624,23,highpass
1.0422013076143979e-07,3.578624819722299e-07,1.992851940413644e-07,2.576847424905963e-07,6.77743458641586e-06,0.4692603041198199,23,highpass
1.0422013076143979e-07,3.639823823949113e-07,1.992851940413644e-07,2.576847424905963e-07,6.77743458641586e-06,0.46671431836892624,23,highpass
1.0422013076143979e-07,3.639823823949113e-07,1.992851940413644e-07,2.576847424905963e-07,6.77743458641586e-06,0.46671431836892624,23,highpass
1.0422013076143979e-07,3.639823823949113e-07,1.992851940413644e-07,2.576847424905963e-07,6.77743458641586e-06,0.46671431836892624,23,highpass
1.0422013076143979e-07,3.578624819722299e-07,1.992851940413644e-07,2.576847424905963e-07,6.77743458641586e-06,0.4692603041198199,23,highpass
1.0422013076143979e-07,3.639823823949113e-07,1.992851940413644e-07,2.576847424905963e-07,6.77743458641586e-06,0.46671431836892624,23,highpass
1.0422013076143979e-07,3.639823823949113e-07,1.992851940413644e-07,2.576847424905963e-07,6.77743458641586e-06,0.46671431836892624,23,highpass
1.0422013076143979e-07,3.639823823949113e-07,1.992851940413644e-07,2.576847424905963e-07,6.77743458641586e-06,0.46671431836892624,23,highpass
1.0422013076143979e-07,3.578624819722299e-07,1.992851940413644e-07,2.576847424905963e-07,6.77743458641586e-06,0.4692603041198199,24,highpass
1.0422013076143979e-07,3.578624819722299e-07,1.992851940413644e-07,2.576847424905963e-07,6.77743458641586e-06,0.4692603041198199,24,highpass
1.0422013076143979e-07,3.578624819722299e-07,1.992851940413644e-07,2.576847424905963e-07,6.77743458641586e-06,0.4692603041198199,24,highpass
1.0422013076143979e-07,3.639823823949113e-07,1.992851940413644e-07,2.0110501568599682e-07,6.77743458641586e-06,0.39943072340375324,24,highpass
1.0422013076143979e-07,3.578624819722299e-07,1.992851940413644e-07,2.576847424905963e-07,2.6528583253389952e-05,0.3865393324376338,24,highpass
1.0422013076143979e-07,3.578624819722299e-07,1.992851940413644e-07,2.576847424905963e-07,6.77743458641586e-06,0.4692603041198199,24,highpass
1.0422013076143979e-07,3.578624819722299e-07,1.992851940413644e-07,2.576847424905963e-07,6.77743458641586e-06,0.4692603041198199,24,highpass
1.0422013076143979e-07,3.639823823949113e-07,1.992851940413644e-07,2.576847424905963e-07,6.77743458641586e-06,0.46671431836892624,24,highpass
1.0422013076143979e-07,3.578624819722299e-07,1.992851940413644e-07,2.576847424905963e-07,6.77743458641586e-06,0.4692603041198199,24,highpass
1.0422013076143979e-07,3.578624819722299e-07,1.992851940413644e-07,2.576847424905963e-07,6.77743458641586e-06,0.4692603041198199,24,highpass
1.0422013076143979e-07,3.578624819722299e-07,1.992851940413644e-07,2.576847424905963e-07,6.77743458641586e-06,0.4692603041198199,24,highpass
1.0422013076143979e-07,3.578624819722299e-07,1.992851940413644e-07,2.576847424905963e-07,6.77743458641586e-06,0.4692603041198199,24,highpass
1.0422013076143979e-07,3.639823823949113e-07,1.992851940413644e-07,2.576847424905963e-07,6.77743458641586e-06,0.46671431836892624,24,highpass
1.0422013076143979e-07,3.578624819722299e-07,1.992851940413644e-07,2.576847424905963e-07,6.77743458641586e-06,0.4692603041198199,24,highpass
1.0422013076143979e-07,3.578624819722299e-07,1.992851940413644e-07,2.576847424905963e-07,6.77743458641586e-06,0.4692603041198199,24,highpass
1.0422013076143979e-07,3.578624819722299e-07,1.992851940413644e-07,2.576847424905963e-07,6.77743458641586e-06,0.4692603041198199,24,highpass
1.0422013076143979e-07,3.578624819722299e-07,1.992851940413644e-07,2.576847424905963e-07,8.364976629196529e-06,0.36644991690893114,24,highpass
1.0422013076143979e-07,3.578624819722299e-07,1.992851940413644e-07,2.576847424905963e-07,6.77743458641586e-06,0.4692603041198199,24,highpass
1.0422013076143979e-07,3.578624819722299e-07,1.992851940413644e-07,2.576847424905963e-07,6.77743458641586e-06,0.4692603041198199,24,highpass
1.0422013076143979e-07,3.639823823949113e-07,1.992851940413644e-07,2.576847424905963e-07,6.77743458641586e-06,0.46671431836892624,24,highpass
1.0422013076143979e-07,3.578624819722299e-07,1.992851940413644e-07,2.576847424905963e-07,6.77743458641586e-06,0.4692603041198199,24,highpass
1.0422013076143979e-07,3.639823823949113e-07,2.248175695874287e-07,2.576847424905963e-07,6.77743458641586e-06,0.3984856528840266,24,highpass
1.0422013076143979e-07,3.639823823949113e-07,1.992851940413644e-07,2.5509447368176694e-07,6.77743458641586e-06,0.4685873441316679,24,highpass
1.0422013076143979e-07,3.578624819722299e-07,1.992851940413644e-07,2.576847424905963e-07,6.77743458641586e-06,0.4692603041198199,24,highpass
1.0422013076143979e-07,3.639823823949113e-07,1.992851940413644e-07,2.576847424905963e-07,6.77743458641586e-06,0.46671431836892624,24,highpass
1.0422013076143979e-07,3.578624819722299e-07,1.992851940413644e-07,2.576847424905963e-07,6.77743458641586e-06,0.4692603041198199,24,highpass
1.0422013076143979e-07,3.578624819722299e-07,1.992851940413644e-07,2.576847424905963e-07,6.77743458641586e-06,0.4692603041198199,24,highpass
1.0422013076143979e-07,3.578624819722299e-07,1.992851940413644e-07,2.576847424905963e-07,6.77743458641586e-06,0.4692603041198199,24,highpass
1.0422013076143979e-07,3.578624819722299e-07,1.992851940413644e-07,2.576847424905963e-07,6.77743458641586e-06,0.4692603041198199,24,highpass
1.0422013076143979e-07,3.639823823949113e-07,1.992851940413644e-07,2.576847424905963e-07,6.77743458641586e-06,0.46671431836892624,24,highpass
1.0422013076143979e-07,3.578624819722299e-07,1.992851940413644e-07,2.576847424905963e-07,6.77743458641586e-06,0.4692603041198199,25,highpass
1.0422013076143979e-07,3.578624819722299e-07,1.992851940413644e-07,2.576847424905963e-07,6.77743458641586e-06,0.4692603041198199,25,highpass
1.0422013076143979e-07,3.578624819722299e-07,1.992851940413644e-07,2.576847424905963e-07,2.878425085311816e-05,0.42547143072292176,25,highpass
1.0422013076143979e-07,3.6028741350935267e-07,1.992851940413644e-07,2.576847424905963e-07,6.77743458641586e-06,0.4715011786955303,25,highpass
1.0422013076143979e-07,3.578624819722299e-07,1.992851940413644e-07,2.576847424905963e-07,6.77743458641586e-06,0.4692603041198199,25,highpass
1.0422013076143979e-07,3.578624819722299e-07,1.992851940413644e-07,2.576847424905963e-07,6.77743458641586e-06,0.4692603041198199,25,highpass
1.0422013076143979e-07,3.578624819722299e-07,1.992851940413644e-07,2.576847424905963e-07,6.77743458641586e-06,0.4692603041198199,25,highpass
1.0422013076143979e-07,3.578624819722299e-07,1.992851940413644e-07,2.576847424905963e-07,6.77743458641586e-06,0.4692603041198199,25,highpass
1.0422013076143979e-07,3.578624819722299e-07,1.992851940413644e-07,2.605916634766442e-07,6.77743458641586e-06,0.471224484238577,25,highpass
1.0422013076143979e-07,3.578624819722299e-07,1.992851940413644e-07,2.576847424905963e-07,6.77743458641586e-06,0.4692603041198199,25,highpass
1.0422013076143979e-07,3.578624819722299e-07,1.992851940413644e-07,2.576847424905963e-07,6.77743458641586e-06,0.4692603041198199,25,highpass
1.0836533701204611e-07,3.578624819722299e-07,1.992851940413644e-07,2.576847424905963e-07,6.77743458641586e-06,0.4283994456552799,25,highpass
1.0422013076143979e-07,3.578624819722299e-07,1.992851940413644e-07,2.576847424905963e-07,6.77743458641586e-06,0.4692603041198199,25,highpass
1.0422013076143979e-07,3.578624819722299e-07,1.992851940413644e-07,2.576847424905963e-07,6.77743458641586e-06,0.4692603041198199,25,highpass
1.0422013076143979e-07,3.578624819722299e-07,1.992851940413644e-07,2.576847424905963e-07,6.77743458641586e-06,0.4692603041198199,25,highpass
1.0422013076143979e-07,3.578624819722299e-07,1.992851940413644e-07,2.576847424905963e-07,6.77743458641586e-06,0.4692603041198199,25,highpass
1.0422013076143979e-07,5.793188819524723e-07,1.992851940413644e-07,2.576847424905963e-07,6.77743458641586e-06,0.2659527633326038,25,highpass
1.1082751576023606e-07,3.578624819722299e-07,1.992851940413644e-07,2.576847424905963e-07,6.77743458641586e-06,0.4100877857965597,25,highpass
1.0422013076143979e-07,3.578624819722299e-07,1.992851940413644e-07,2.576847424905963e-07,6.77743458641586e-06,0.4692603041198199,25,highpass
1.0422013076143979e-07,3.578624819722299e-07,1.992851940413644e-07,2.576847424905963e-07,6.77743458641586e-06,0.4692603041198199,25,highpass
1.0422013076143979e-07,3.578624819722299e-07,1.992851940413644e-07,2.576847424905963e-07,6.77743458641586e-06,0.4692603041198199,25,highpass
1.0422013076143979e-07,3.578624819722299e-07,1.992851940413644e-07,2.576847424905963e-07,6.77743458641586e-06,0.4692603041198199,25,highpass
1.0422013076143979e-07,3.578624819722299e-07,1.992851940413644e-07,2.576847424905963e-07,6.77743458641586e-06,0.4692603041198199,25,highpass
1.0422013076143979e-07,3.578624819722299e-07,1.992851940413644e-07,2.576847424905963e-07,6.77743458641586e-06,0.4692603041198199,25,highpass
1.0422013076143979e-07,3.578624819722299e-07,1.992851940413644e-07,2.576847424905963e-07,1.4325017324339326e-05,0.38051315039698946,25,highpass
1.0422013076143979e-07,3.578624819722299e-07,1.992851940413644e-07,2.576847424905963e-07,6.77743458641586e-06,0.4692603041198199,25,highpass
1.0422013076143979e-07,3.578624819722299e-07,1.992851940413644e-07,2.576847424905963e-07,6.77743458641586e-06,0.4692603041198199,25,highpass
1.0422013076143979e-07,3.578624819722299e-07,1.992851940413644e-07,2.576847424905963e-07,6.77743458641586e-06,0.4692603041198199,25,highpass
1.0422013076143979e-07,3.578624819722299e-07,1.992851940413644e-07,2.576847424905963e-07,6.77743458641586e-06,0.4692603041198199,25,highpass
1.0422013076143979e-07,3.578624819722299e-07,1.992851940413644e-07,2.576847424905963e-07,5.6610929218804695e-06,0.3643272309221136,25,highpass
1.0422013076143979e-07,3.6028741350935267e-07,1.992851940413644e-07,2.576847424905963e-07,6.77743458641586e-06,0.4715011786955303,26,highpass
1.0422013076143979e-07,3.578624819722299e-07,1.992851940413644e-07,2.605916634766442e-07,6.77743458641586e-06,0.471224484238577,26,highpass
1.0422013076143979e-07,6.07871844726908e-07,1.992851940413644e-07,2.576847424905963e-07,6.77743458641586e-06,0.2984928144477404,26,highpass
1.0422013076143979e-07,3.578624819722299e-07,1.992851940413644e-07,2.576847424905963e-07,6.77743458641586e-06,-inf,26,highpass
1.0422013076143979e-07,3.578624819722299e-07,1.992851940413644e-07,2.576847424905963e-07,6.77743458641586e-06,-inf,26,highpass
1.0422013076143979e-07,3.578624819722299e-07,1.992851940413644e-07,2.576847424905963e-07,6.77743458641586e-06,-inf,26,highpass
1.0422013076143979e-07,3.578624819722299e-07,1.992851940413644e-07,2.576847424905963e-07,7.062601375772618e-06,0.36531672008619,26,highpass
1.0422013076143979e-07,3.6028741350935267e-07,1.992851940413644e-07,2.576847424905963e-07,6.77743458641586e-06,0.4715011786955303,26,highpass
1.0422013076143979e-07,3.578624819722299e-07,1.992851940413644e-07,2.576847424905963e-07,6.77743458641586e-06,-inf,26,highpass
1.0422013076143979e-07,3.578624819722299e-07,1.992851940413644e-07,2.576847424905963e-07,6.77743458641586e-06,-inf,26,highpass
1.0422013076143979e-07,3.6028741350935267e-07,1.992851940413644e-07,2.576847424905963e-07,6.77743458641586e-06,0.4715011786955303,26,highpass
1.0422013076143979e-07,3.578624819722299e-07,1.992851940413644e-07,2.576847424905963e-07,6.77743458641586e-06,-inf,26,highpass
1.0422013076143979e-07,3.578624819722299e-07,1.992851940413644e-07,2.605916634766442e-07,6.77743458641586e-06,0.471224484238577,26,highpass
1.0422013076143979e-07,3.578624819722299e-07,1.992851940413644e-07,2.605916634766442e-07,6.77743458641586e-06,0.471224484238577,26,highpass
1.0422013076143979e-07,3.443393316116739e-07,1.992851940413644e-07,2.576847424905963e-07,6.77743458641586e-06,0.3755940491056165,26,highpass
1.0422013076143979e-07,3.578624819722299e-07,1.992851940413644e-07,2.576847424905963e-07,6.77743458641586e-06,-inf,26,highpass
1.0422013076143979e-07,3.6028741350935267e-07,1.992851940413644e-07,2.576847424905963e-07,6.77743458641586e-06,0.4715011786955303,26,highpass
1.0422013076143979e-07,3.578624819722299e-07,1.992851940413644e-07,2.576847424905963e-07,6.77743458641586e-06,-inf,26,highpass
1.0422013076143979e-07,3.578624819722299e-07,1.992851940413644e-07,2.576847424905963e-07,6.77743458641586e-06,-inf,26,highpass
1.0422013076143979e-07,3.578624819722299e-07,1.992851940413644e-07,2.576847424905963e-07,6.77743458641586e-06,-inf,26,highpass
1.0422013076143979e-07,3.6028741350935267e-07,1.992851940413644e-07,2.576847424905963e-07,5.339075258783835e-06,0.36346643264652306,26,highpass
1.0422013076143979e-07,3.578624819722299e-07,1.992851940413644e-07,2.576847424905963e-07,6.77743458641586e-06,-inf,26,highpass
1.0422013076143979e-07,3.578624819722299e-07,1.992851940413644e-07,2.576847424905963e-07,6.77743458641586e-06,-inf,26,highpass
1.0422013076143979e-07,3.578624819722299e-07,1.992851940413644e-07,2.605916634766442e-07,6.77743458641586e-06,0.471224484238577,26,highpass
1.0422013076143979e-07,3.6028741350935267e-07,1.992851940413644e-07,2.576847424905963e-07,6.77743458641586e-06,0.4715011786955303,26,highpass
1.0422013076143979e-07,3.578624819722299e-07,1.992851940413644e-07,2.576847424905963e-07,6.77743458641586e-06,-inf,26,highpass
1.0422013076143979e-07,3.578624819722299e-07,1.992851940413644e-07,2.605916634766442e-07,6.77743458641586e-06,0.471224484238577,26,highpass
1.0422013076143979e-07,3.578624819722299e-07,1.992851940413644e-07,2.576847424905963e-07,6.77743458641586e-06,-inf,26,highpass
1.0422013076143979e-07,3.578624819722299e-07,1.9270771293439182e-07,2.576847424905963e-07,6.77743458641586e-06,0.4001192111112111,26,highpass
1.0422013076143979e-07,3.578624819722299e-07,1.992851940413644e-07,2.576847424905963e-07,6.77743458641586e-06,-inf,26,highpass
1.0422013076143979e-07,3.6028741350935267e-07,1.992851940413644e-07,2.576847424905963e-07,6.77743458641586e-06,0.4715011786955303,27,highpass
1.0422013076143979e-07,3.578624819722299e-07,1.992851940413644e-07,2.605916634766442e-07,6.77743458641586e-06,0.471224484238577,27,highpass
1.0422013076143979e-07,3.6028741350935267e-07,1.992851940413644e-07,2.591322131790322e-07,6.77743458641586e-06,0.47142883038733263,27,highpass
1.0422013076143979e-07,3.6028741350935267e-07,1.992851940413644e-07,2.605916634766442e-07,6.77743458641586e-06,0.47125184903239475,27,highpass
1.0422013076143979e-07,3.6028741350935267e-07,1.992851940413644e-07,2.576847424905963e-07,6.77743458641586e-06,0.4715011786955303,27,highpass
1.0422013076143979e-07,3.6028741350935267e-07,1.992851940413644e-07,2.605916634766442e-07,6.77743458641586e-06,0.47125184903239475,27,highpass
1.0422013076143979e-07,3.6028741350935267e-07,1.992851940413644e-07,2.576847424905963e-07,6.77743458641586e-06,0.4715011786955303,27,highpass
1.0422013076143979e-07,3.578624819722299e-07,1.992851940413644e-07,2.605916634766442e-07,6.77743458641586e-06,0.471224484238577,27,highpass
1.0422013076143979e-07,3.6028741350935267e-07,1.992851940413644e-07,2.605916634766442e-07,6.77743458641586e-06,0.47125184903239475,27,highpass
1.0422013076143979e-07,3.6028741350935267e-07,1.992851940413644e-07,2.576847424905963e-07,6.77743458641586e-06,0.4715011786955303,27,highpass
1.0422013076143979e-07,3.6028741350935267e-07,1.992851940413644e-07,2.576847424905963e-07,6.77743458641586e-06,0.4715011786955303,27,highpass
1.0422013076143979e-07,3.6028741350935267e-07,1.992851940413644e-07,2.605916634766442e-07,6.77743458641586e-06,0.47125184903239475,27,highpass
1.0422013076143979e-07,3.6028741350935267e-07,1.992851940413644e-07,2.576847424905963e-07,6.77743458641586e-06,0.4715011786955303,27,highpass
1.0422013076143979e-07,3.6028741350935267e-07,1.992851940413644e-07,2.576847424905963e-07,6.77743458641586e-06,0.4715011786955303,27,highpass
1.0422013076143979e-07,3.443393316116739e-07,1.992851940413644e-07,2.576847424905963e-07,6.77743458641586e-06,0.3755940491056165,27,highpass
1.0422013076143979e-07,3.578624819722299e-07,1.992851940413644e-07,2.576847424905963e-07,6.77743458641586e-06,0.4692603041198199,27,highpass
1.0422013076143979e-07,3.6028741350935267e-07,1.992851940413644e-07,2.576847424905963e-07,6.77743458641586e-06,0.4715011786955303,27,highpass
1.0422013076143979e-07,3.6028741350935267e-07,1.992851940413644e-07,2.576847424905963e-07,6.77743458641586e-06,0.4715011786955303,27,highpass
1.0422013076143979e-07,3.563717865407126e-07,1.992851940413644e-07,2.605916634766442e-07,6.77743458641586e-06,0.469114473932597,27,highpass
1.0422013076143979e-07,3.6028741350935267e-07,1.992851940413644e-07,2.576847424905963e-07,6.77743458641586e-06,0.4715011786955303,27,highpass
1.0422013076143979e-07,3.6028741350935267e-07,1.992851940413644e-07,2.576847424905963e-07,6.77743458641586e-06,0.4715011786955303,27,highpass
1.0422013076143979e-07,3.578624819722299e-07,1.992851940413644e-07,2.576847424905963e-07,6.77743458641586e-06,0.4692603041198199,27,highpass
1.0422013076143979e-07,3.6028741350935267e-07,1.992851940413644e-07,2.576847424905963e-07,6.77743458641586e-06,0.4715011786955303,27,highpass
1.0422013076143979e-07,3.578624819722299e-07,1.992851940413644e-07,2.605916634766442e-07,6.77743458641586e-06,0.471224484238577,27,highpass
1.0422013076143979e-07,3.6028741350935267e-07,1.992851940413644e-07,2.576847424905963e-07,6.77743458641586e-06,0.4715011786955303,27,highpass
1.0422013076143979e-07,3.578624819722299e-07,1.992851940413644e-07,2.576847424905963e-07,6.77743458641586e-06,0.4692603041198199,27,highpass
1.0422013076143979e-07,3.578624819722299e-07,1.992851940413644e-07,2.605916634766442e-07,6.77743458641586e-06,0.471224484238577,27,highpass
1.0422013076143979e-07,3.6028741350935267e-07,1.992851940413644e-07,2.576847424905963e-07,6.77743458641586e-06,0.4715011786955303,27,highpass
1.0422013076143979e-07,3.6028741350935267e-07,1.992851940413644e-07,2.605916634766442e-07,6.77743458641586e-06,0.47125184903239475,27,highpass
1.0422013076143979e-07,3.6028741350935267e-07,1.992851940413644e-07,2.576847424905963e-07,6.77743458641586e-06,0.4715011786955303,27,highpass
1.0422013076143979e-07,3.6028741350935267e-07,1.992851940413644e-07,2.576847424905963e-07,6.77743458641586e-06,0.4715011786955303,28,highpass
1.0422013076143979e-07,3.6028741350935267e-07,1.992851940413644e-07,2.576847424905963e-07,6.77743458641586e-06,0.4715011786955303,28,highpass
1.0422013076143979e-07,3.6028741350935267e-07,1.992851940413644e-07,2.576847424905963e-07,6.77743458641586e-06,0.4715011786955303,28,highpass
1.0422013076143979e-07,3.6028741350935267e-07,1.992851940413644e-07,2.576847424905963e-07,6.77743458641586e-06,0.4715011786955303,28,highpass
1.0422013076143979e-07,6.369494545854949e-07,1.992851940413644e-07,2.576847424905963e-07,6.77743458641586e-06,0.2625301686515592,28,highpass
1.0422013076143979e-07,3.6028741350935267e-07,1.992851940413644e-07,2.576847424905963e-07,6.77743458641586e-06,0.4715011786955303,28,highpass
1.0422013076143979e-07,3.6028741350935267e-07,1.992851940413644e-07,2.576847424905963e-07,6.77743458641586e-06,0.4715011786955303,28,highpass
1.0422013076143979e-07,3.6028741350935267e-07,1.992851940413644e-07,2.576847424905963e-07,6.77743458641586e-06,0.4715011786955303,28,highpass
1.0422013076143979e-07,3.6028741350935267e-07,1.992851940413644e-07,2.576847424905963e-07,6.77743458641586e-06,0.4715011786955303,28,highpass
1.0422013076143979e-07,3.6028741350935267e-07,1.992851940413644e-07,2.576847424905963e-07,6.77743458641586e-06,0.4715011786955303,28,highpass
1.0422013076143979e-07,3.6028741350935267e-07,1.992851940413644e-07,2.576847424905963e-07,6.77743458641586e-06,0.4715011786955303,28,highpass
1.0422013076143979e-07,4.246097883843969e-07,1.992851940413644e-07,2.576847424905963e-07,6.77743458641586e-06,0.41537632179549233,28,highpass
1.0422013076143979e-07,3.6028741350935267e-07,1.992851940413644e-07,2.576847424905963e-07,6.77743458641586e-06,0.4715011786955303,28,highpass
1.0422013076143979e-07,3.6028741350935267e-07,1.992851940413644e-07,2.576847424905963e-07,6.77743458641586e-06,0.4715011786955303,28,highpass
1.0422013076143979e-07,3.6028741350935267e-07,1.992851940413644e-07,2.591322131790322e-07,6.77743458641586e-06,0.47142883038733263,28,highpass
1.0422013076143979e-07,3.6028741350935267e-07,1.992851940413644e-07,2.576847424905963e-07,6.77743458641586e-06,0.4715011786955303,28,highpass
1.0422013076143979e-07,3.6028741350935267e-07,1.992851940413644e-07,2.576847424905963e-07,6.77743458641586e-06,0.4715011786955303,28,highpass
1.0422013076143979e-07,3.6028741350935267e-07,1.992851940413644e-07,2.576847424905963e-07,7.35904074131725e-06,0.3649115576058126,28,highpass
1.0422013076143979e-07,3.6028741350935267e-07,1.992851940413644e-07,2.576847424905963e-07,6.77743458641586e-06,0.4715011786955303,28,highpass
1.0422013076143979e-07,3.6028741350935267e-07,1.992851940413644e-07,2.576847424905963e-07,5e-06,0.4603599203918932,28,highpass
1.0422013076143979e-07,3.6028741350935267e-07,1.992851940413644e-07,2.576847424905963e-07,6.77743458641586e-06,0.4715011786955303,28,highpass
1.0422013076143979e-07,3.6028741350935267e-07,1.992851940413644e-07,2.576847424905963e-07,6.77743458641586e-06,0.4715011786955303,28,highpass
1.0422013076143979e-07,3.6028741350935267e-07,1.992851940413644e-07,2.576847424905963e-07,6.77743458641586e-06,0.4715011786955303,28,highpass
1.0422013076143979e-07,3.6028741350935267e-07,1.992851940413644e-07,2.576847424905963e-07,6.77743458641586e-06,0.4715011786955303,28,highpass
1.0422013076143979e-07,3.6028741350935267e-07,1.992851940413644e-07,2.576847424905963e-07,6.77743458641586e-06,0.4715011786955303,28,highpass
1.115393089365283e-07,3.6028741350935267e-07,1.992851940413644e-07,2.576847424905963e-07,6.77743458641586e-06,0.39327028009734394,28,highpass
1.0831062315023406e-07,3.6028741350935267e-07,1.992851940413644e-07,2.576847424905963e-07,6.77743458641586e-06,0.4218240797660287,28,highpass
1.0422013076143979e-07,3.6028741350935267e-07,1.992851940413644e-07,2.591322131790322e-07,6.77743458641586e-06,0.47142883038733263,28,highpass
1.0422013076143979e-07,3.6028741350935267e-07,1.992851940413644e-07,2.605916634766442e-07,6.77743458641586e-06,0.47125184903239475,28,highpass
1.0422013076143979e-07,3.6028741350935267e-07,1.992851940413644e-07,2.576847424905963e-07,6.77743458641586e-06,0.4715011786955303,28,highpass
1.0422013076143979e-07,3.6028741350935267e-07,1.992851940413644e-07,2.576847424905963e-07,6.77743458641586e-06,0.4715011786955303,29,highpass
1.0422013076143979e-07,3.6028741350935267e-07,1.992851940413644e-07,2.576847424905963e-07,6.77743458641586e-06,0.4715011786955303,29,highpass
1.0422013076143979e-07,3.6028741350935267e-07,1.992851940413644e-07,2.576847424905963e-07,6.77743458641586e-06,0.4715011786955303,29,highpass
1.0422013076143979e-07,3.6028741350935267e-07,1.992851940413644e-07,2.576847424905963e-07,6.77743458641586e-06,0.4715011786955303,29,highpass
1.7014319410946694e-07,3.6028741350935267e-07,1.992851940413644e-07,2.591322131790322e-07,6.77743458641586e-06,0.42191803603990036,29,highpass
1.0422013076143979e-07,3.6028741350935267e-07,1.992851940413644e-07,2.576847424905963e-07,6.77743458641586e-06,0.4715011786955303,29,highpass
1.0422013076143979e-07,5.530030116005214e-07,1.992851940413644e-07,2.576847424905963e-07,6.77743458641586e-06,0.2714277418820389,29,highpass
1.0422013076143979e-07,3.6028741350935267e-07,1.992851940413644e-07,2.576847424905963e-07,6.77743458641586e-06,0.4715011786955303,29,highpass
1.0422013076143979e-07,3.6028741350935267e-07,1.992851940413644e-07,2.576847424905963e-07,6.77743458641586e-06,0.4715011786955303,29,highpass
1.0422013076143979e-07,3.6028741350935267e-07,1.992851940413644e-07,2.576847424905963e-07,6.77743458641586e-06,0.4715011786955303,29,highpass
1.0422013076143979e-07,3.6028741350935267e-07,1.992851940413644e-07,2.940281269660629e-07,6.77743458641586e-06,0.35635433629352087,29,highpass
1.0422013076143979e-07,3.6028741350935267e-07,1.992851940413644e-07,2.576847424905963e-07,6.77743458641586e-06,0.4715011786955303,29,highpass
1.0422013076143979e-07,3.6028741350935267e-07,1.992851940413644e-07,2.576847424905963e-07,6.77743458641586e-06,0.4715011786955303,29,highpass
1.0422013076143979e-07,3.6028741350935267e-07,1.992851940413644e-07,2.576847424905963e-07,6.77743458641586e-06,0.4715011786955303,29,highpass
1.0422013076143979e-07,3.6028741350935267e-07,1.992851940413644e-07,2.576847424905963e-07,6.77743458641586e-06,0.4715011786955303,29,highpass
1.0422013076143979e-07,6.064602055639569e-07,1.992851940413644e-07,2.576847424905963e-07,6.77743458641586e-06,0.34722839460083527,29,highpass
1.0422013076143979e-07,3.6028741350935267e-07,1.992851940413644e-07,2.576847424905963e-07,6.77743458641586e-06,0.4715011786955303,29,highpass
1.0422013076143979e-07,3.6028741350935267e-07,1.9808935522175078e-07,2.576847424905963e-07,6.77743458641586e-06,0.4399869925804055,29,highpass
1.0422013076143979e-07,3.6028741350935267e-07,1.992851940413644e-07,2.576847424905963e-07,5e-06,0.4603599203918932,29,highpass
1.0422013076143979e-07,3.6028741350935267e-07,1.992851940413644e-07,2.576847424905963e-07,6.77743458641586e-06,0.4715011786955303,29,highpass
1.0422013076143979e-07,3.6028741350935267e-07,1.992851940413644e-07,2.576847424905963e-07,6.77743458641586e-06,0.4715011786955303,29,highpass
1.0422013076143979e-07,3.6028741350935267e-07,1.992851940413644e-07,2.576847424905963e-07,6.77743458641586e-06,0.4715011786955303,29,highpass
1.0422013076143979e-07,3.6028741350935267e-07,1.992851940413644e-07,2.576847424905963e-07,6.77743458641586e-06,0.4715011786955303,29,highpass
1.0422013076143979e-07,3.6028741350935267e-07,1.992851940413644e-07,2.576847424905963e-07,6.77743458641586e-06,0.4715011786955303,29,highpass
1.0422013076143979e-07,3.6028741350935267e-07,1.992851940413644e-07,2.576847424905963e-07,6.77743458641586e-06,0.4715011786955303,29,highpass
1.0422013076143979e-07,3.6028741350935267e-07,1.992851940413644e-07,2.576847424905963e-07,6.77743458641586e-06,0.4715011786955303,29,highpass
1.0422013076143979e-07,3.6028741350935267e-07,1.992851940413644e-07,2.576847424905963e-07,6.77743458641586e-06,0.4715011786955303,29,highpass
1.0422013076143979e-07,3.763772081185448e-07,1.992851940413644e-07,2.576847424905963e-07,6.77743458641586e-06,0.46056512673170424,29,highpass
1.0422013076143979e-07,3.7523986922537844e-07,1.992851940413644e-07,2.576847424905963e-07,6.77743458641586e-06,0.46362733564257774,29,highpass
1.0422013076143979e-07,3.6028741350935267e-07,1.992851940413644e-07,2.576847424905963e-07,6.77743458641586e-06,0.4715011786955303,29,highpass
1.0422013076143979e-07,3.6028741350935267e-07,1.992851940413644e-07,2.576847424905963e-07,6.77743458641586e-06,0.4715011786955303,30,highpass
1.0422013076143979e-07,3.5692207898119335e-07,1.992851940413644e-07,2.576847424905963e-07,6.77743458641586e-06,0.4667454788546743,30,highpass
1.0422013076143979e-07,3.6028741350935267e-07,1.992851940413644e-07,2.576847424905963e-07,6.77743458641586e-06,0.4715011786955303,30,highpass
1.0422013076143979e-07,3.6028741350935267e-07,1.992851940413644e-07,2.576847424905963e-07,6.77743458641586e-06,0.4715011786955303,30,highpass
1.0422013076143979e-07,3.6028741350935267e-07,1.9677527735016068e-07,2.576847424905963e-07,6.77743458641586e-06,0.43490236088795386,30,highpass
1.0422013076143979e-07,3.6028741350935267e-07,1.992851940413644e-07,2.576847424905963e-07,6.77743458641586e-06,0.4715011786955303,30,highpass
1.0422013076143979e-07,3.6028741350935267e-07,1.992851940413644e-07,2.576847424905963e-07,6.77743458641586e-06,0.4715011786955303,30,highpass
1.0422013076143979e-07,3.8942719638044104e-07,1.992851940413644e-07,2.576847424905963e-07,6.77743458641586e-06,0.3732672050729285,30,highpass
1.0422013076143979e-07,3.6028741350935267e-07,1.992851940413644e-07,2.576847424905963e-07,6.77743458641586e-06,0.4715011786955303,30,highpass
1.0422013076143979e-07,3.6028741350935267e-07,1.992851940413644e-07,2.576847424905963e-07,6.77743458641586e-06,0.4715011786955303,30,highpass
1.0422013076143979e-07,3.6028741350935267e-07,1.992851940413644e-07,2.576847424905963e-07,6.77743458641586e-06,0.4715011786955303,30,highpass
1.0422013076143979e-07,3.6028741350935267e-07,1.992851940413644e-07,2.576847424905963e-07,6.77743458641586e-06,0.4715011786955303,30,highpass
1.0422013076143979e-07,3.6028741350935267e-07,1.992851940413644e-07,2.576847424905963e-07,8.873584734695843e-06,0.3838178754963736,30,highpass
1.0422013076143979e-07,3.478185452806954e-07,1.992851940413644e-07,2.576847424905963e-07,6.77743458641586e-06,0.3742324680635558,30,highpass
1.0422013076143979e-07,3.6028741350935267e-07,1.992851940413644e-07,2.576847424905963e-07,6.77743458641586e-06,0.4715011786955303,30,highpass
1.0422013076143979e-07,3.6028741350935267e-07,1.992851940413644e-07,2.576847424905963e-07,6.77743458641586e-06,0.4715011786955303,30,highpass
1.0422013076143979e-07,3.6028741350935267e-07,1.992851940413644e-07,2.171346719247958e-07,6.77743458641586e-06,0.3750894618471785,30,highpass
1.0422013076143979e-07,3.6028741350935267e-07,1.992851940413644e-07,2.576847424905963e-07,6.77743458641586e-06,0.4715011786955303,30,highpass
1.0422013076143979e-07,3.6028741350935267e-07,1.992851940413644e-07,2.576847424905963e-07,6.77743458641586e-06,0.4715011786955303,30,highpass
1.0422013076143979e-07,3.55919992068418e-07,1.992851940413644e-07,2.576847424905963e-07,6.77743458641586e-06,0.4638111724538551,30,highpass
1.0422013076143979e-07,3.6028741350935267e-07,1.992851940413644e-07,2.576847424905963e-07,6.77743458641586e-06,0.4715011786955303,30,highpass
1.0422013076143979e-07,3.6028741350935267e-07,1.992851940413644e-07,2.576847424905963e-07,6.77743458641586e-06,0.4715011786955303,30,highpass
1.0422013076143979e-07,3.6028741350935267e-07,1.992851940413644e-07,2.5916380537474806e-07,6.77743458641586e-06,0.4714262986763317,30,highpass
1.0422013076143979e-07,3.6028741350935267e-07,1.992851940413644e-07,2.576847424905963e-07,6.77743458641586e-06,0.4715011786955303,30,highpass
1.0422013076143979e-07,5.133774933475388e-07,1.992851940413644e-07,2.576847424905963e-07,6.77743458641586e-06,0.3647901230218711,30,highpass
1.0422013076143979e-07,3.6028741350935267e-07,1.992851940413644e-07,2.576847424905963e-07,6.77743458641586e-06,0.4715011786955303,30,highpass
1.0422013076143979e-07,3.6028741350935267e-07,1.992851940413644e-07,2.576847424905963e-07,6.77743458641586e-06,0.4715011786955303,30,highpass
1.0422013076143979e-07,3.6028741350935267e-07,1.992851940413644e-07,2.576847424905963e-07,6.77743458641586e-06,0.4715011786955303,30,highpass
1.0422013076143979e-07,3.6028741350935267e-07,1.992851940413644e-07,2.576847424905963e-07,6.77743458641586e-06,0.4715011786955303,30,highpass
1.0422013076143979e-07,3.6028741350935267e-07,1.992851940413644e-07,2.576847424905963e-07,6.77743458641586e-06,0.4715011786955303,30,highpass
1.0422013076143979e-07,3.6028741350935267e-07,1.992851940413644e-07,2.576847424905963e-07,6.77743458641586e-06,0.4715011786955303,31,highpass
1.0422013076143979e-07,3.6028741350935267e-07,1.992851940413644e-07,2.576847424905963e-07,6.77743458641586e-06,0.4715011786955303,31,highpass
1.0422013076143979e-07,3.6028741350935267e-07,1.992851940413644e-07,2.576847424905963e-07,6.77743458641586e-06,0.4715011786955303,31,highpass
1.0422013076143979e-07,3.6028741350935267e-07,1.992851940413644e-07,2.646600006718462e-07,6.77743458641586e-06,0.4690350283559284,31,highpass
1.0422013076143979e-07,3.6028741350935267e-07,1.992851940413644e-07,2.576847424905963e-07,6.77743458641586e-06,0.4715011786955303,31,highpass
1.0422013076143979e-07,3.6028741350935267e-07,1.992851940413644e-07,2.576847424905963e-07,6.77743458641586e-06,0.4715011786955303,31,highpass
1.0422013076143979e-07,3.6028741350935267e-07,1.992851940413644e-07,2.576847424905963e-07,6.77743458641586e-06,0.4715011786955303,31,highpass
1.0422013076143979e-07,3.6028741350935267e-07,1.992851940413644e-07,2.576847424905963e-07,6.77743458641586e-06,0.4715011786955303,31,highpass
1.0422013076143979e-07,3.6028741350935267e-07,1.992851940413644e-07,2.576847424905963e-07,6.77743458641586e-06,0.4715011786955303,31,highpass
1.0422013076143979e-07,3.6028741350935267e-07,1.992851940413644e-07,2.576847424905963e-07,6.77743458641586e-06,0.4715011786955303,31,highpass
1.0422013076143979e-07,3.6028741350935267e-07,1.992851940413644e-07,2.576847424905963e-07,1.0991846527472791e-05,0.3639358689936315,31,highpass
1.0422013076143979e-07,3.6833740837008907e-07,1.992851940413644e-07,2.576847424905963e-07,6.77743458641586e-06,0.4507296505930307,31,highpass
1.0422013076143979e-07,3.6028741350935267e-07,1.992851940413644e-07,2.576847424905963e-07,6.77743458641586e-06,0.4715011786955303,31,highpass
1.0422013076143979e-07,3.6028741350935267e-07,1.992851940413644e-07,2.576847424905963e-07,6.77743458641586e-06,0.4715011786955303,31,highpass
1.6532924324985317e-07,3.6028741350935267e-07,1.992851940413644e-07,2.576847424905963e-07,6.77743458641586e-06,0.40669003304291,31,highpass
1.0422013076143979e-07,3.6028741350935267e-07,1.992851940413644e-07,2.576847424905963e-07,6.77743458641586e-06,0.4715011786955303,31,highpass
1.0422013076143979e-07,3.750542542137668e-07,1.992851940413644e-07,2.576847424905963e-07,6.77743458641586e-06,0.4639743198182854,31,highpass
1.0422013076143979e-07,3.6028741350935267e-07,1.992851940413644e-07,2.576847424905963e-07,6.77743458641586e-06,0.4715011786955303,31,highpass
1.0422013076143979e-07,3.6028741350935267e-07,1.992851940413644e-07,2.576847424905963e-07,6.77743458641586e-06,0.4715011786955303,31,highpass
1.0422013076143979e-07,3.6028741350935267e-07,1.992851940413644e-07,2.576847424905963e-07,6.77743458641586e-06,0.4715011786955303,31,highpass
1.0422013076143979e-07,3.6028741350935267e-07,1.992851940413644e-07,2.576847424905963e-07,6.77743458641586e-06,0.4715011786955303,31,highpass
1.0422013076143979e-07,3.6028741350935267e-07,1.992851940413644e-07,2.576847424905963e-07,6.77743458641586e-06,0.4715011786955303,31,highpass
1.0422013076143979e-07,3.6028741350935267e-07,1.992851940413644e-07,2.576847424905963e-07,6.77743458641586e-06,0.4715011786955303,31,highpass
1.0422013076143979e-07,3.6028741350935267e-07,1.992851940413644e-07,2.576847424905963e-07,8.431192062880639e-06,0.4183385458394095,31,highpass
1.0422013076143979e-07,3.6028741350935267e-07,1.992851940413644e-07,2.576847424905963e-07,6.77743458641586e-06,0.4715011786955303,31,highpass
1.0422013076143979e-07,3.6028741350935267e-07,1.992851940413644e-07,2.576847424905963e-07,6.77743458641586e-06,0.4715011786955303,31,highpass
1.0422013076143979e-07,3.6028741350935267e-07,1.992851940413644e-07,2.576847424905963e-07,7.650322654430171e-06,0.475230128417218,31,highpass
1.0422013076143979e-07,3.6028741350935267e-07,1.992851940413644e-07,2.576847424905963e-07,6.77743458641586e-06,0.4715011786955303,31,highpass
1.0422013076143979e-07,3.6028741350935267e-07,1.992851940413644e-07,2.576847424905963e-07,6.77743458641586e-06,0.4715011786955303,31,highpass
1.0422013076143979e-07,3.6028741350935267e-07,1.992851940413644e-07,2.576847424905963e-07,6.77743458641586e-06,0.4715011786955303,31,highpass
1.0422013076143979e-07,3.6028741350935267e-07,1.992851940413644e-07,2.576847424905963e-07,7.650322654430171e-06,0.475230128417218,32,highpass
1.0422013076143979e-07,3.6028741350935267e-07,1.992851940413644e-07,2.6127012674205083e-07,6.77743458641586e-06,0.4710604241657604,32,highpass
1.0422013076143979e-07,3.6028741350935267e-07,1.992851940413644e-07,2.576847424905963e-07,6.77743458641586e-06,0.4715011786955303,32,highpass
1.0422013076143979e-07,3.6028741350935267e-07,1.992851940413644e-07,2.576847424905963e-07,6.77743458641586e-06,0.4715011786955303,32,highpass
1.0422013076143979e-07,3.6028741350935267e-07,1.992851940413644e-07,2.576847424905963e-07,7.650322654430171e-06,0.475230128417218,32,highpass
1.0422013076143979e-07,3.6028741350935267e-07,1.992851940413644e-07,2.576847424905963e-07,6.77743458641586e-06,0.4715011786955303,32,highpass
1.0422013076143979e-07,3.6028741350935267e-07,1.992851940413644e-07,2.576847424905963e-07,6.77743458641586e-06,0.4715011786955303,32,highpass
1.0422013076143979e-07,3.6028741350935267e-07,1.992851940413644e-07,2.576847424905963e-07,6.77743458641586e-06,0.4715011786955303,32,highpass
1.0481359924337809e-07,3.6028741350935267e-07,1.992851940413644e-07,2.576847424905963e-07,6.77743458641586e-06,0.4699555232052493,32,highpass
1.0422013076143979e-07,3.6028741350935267e-07,1.992851940413644e-07,2.576847424905963e-07,6.77743458641586e-06,0.4715011786955303,32,highpass
1.0422013076143979e-07,3.6764589198283134e-07,1.992851940413644e-07,2.576847424905963e-07,6.77743458641586e-06,0.4541838147235471,32,highpass
1.0422013076143979e-07,3.4692176422552213e-07,1.992851940413644e-07,2.576847424905963e-07,6.77743458641586e-06,0.37458095736986663,32,highpass
1.0422013076143979e-07,3.6028741350935267e-07,1.992851940413644e-07,2.576847424905963e-07,6.77743458641586e-06,0.4715011786955303,32,highpass
1.0422013076143979e-07,3.6028741350935267e-07,1.992851940413644e-07,2.576847424905963e-07,6.77743458641586e-06,0.4715011786955303,32,highpass
1.0422013076143979e-07,3.6028741350935267e-07,1.992851940413644e-07,2.4406178073217335e-07,6.77743458641586e-06,0.37075216399799465,32,highpass
1.0422013076143979e-07,3.6028741350935267e-07,1.992851940413644e-07,2.576847424905963e-07,6.77743458641586e-06,0.4715011786955303,32,highpass
1.0422013076143979e-07,3.6028741350935267e-07,1.992851940413644e-07,2.576847424905963e-07,7.650322654430171e-06,0.475230128417218,32,highpass
1.0422013076143979e-07,3.6028741350935267e-07,1.992851940413644e-07,2.576847424905963e-07,6.77743458641586e-06,0.4715011786955303,32,highpass
1.0422013076143979e-07,3.6028741350935267e-07,1.992851940413644e-07,2.576847424905963e-07,7.650322654430171e-06,0.475230128417218,32,highpass
1.0422013076143979e-07,3.6028741350935267e-07,1.992851940413644e-07,2.576847424905963e-07,6.77743458641586e-06,0.4715011786955303,32,highpass
1.0422013076143979e-07,3.6028741350935267e-07,1.992851940413644e-07,2.576847424905963e-07,6.77743458641586e-06,0.4715011786955303,32,highpass
1.0422013076143979e-07,3.6028741350935267e-07,1.992851940413644e-07,2.576847424905963e-07,6.77743458641586e-06,0.4715011786955303,32,highpass
1.0422013076143979e-07,3.6028741350935267e-07,1.992851940413644e-07,2.576847424905963e-07,6.77743458641586e-06,0.4715011786955303,32,highpass
1.0422013076143979e-07,3.6028741350935267e-07,1.992851940413644e-07,2.576847424905963e-07,7.650322654430171e-06,0.475230128417218,32,highpass
1.0422013076143979e-07,3.6028741350935267e-07,1.992851940413644e-07,2.6351943928360923e-07,6.77743458641586e-06,0.46967963092079795,32,highpass
1.0422013076143979e-07,3.6028741350935267e-07,1.992851940413644e-07,2.576847424905963e-07,6.77743458641586e-06,0.4715011786955303,32,highpass
1.0422013076143979e-07,3.6028741350935267e-07,1.992851940413644e-07,2.576847424905963e-07,6.77743458641586e-06,0.4715011786955303,32,highpass
1.0422013076143979e-07,3.6028741350935267e-07,1.992851940413644e-07,2.576847424905963e-07,7.650322654430171e-06,0.475230128417218,32,highpass
1.0422013076143979e-07,3.6028741350935267e-07,1.992851940413644e-07,2.576847424905963e-07,6.77743458641586e-06,0.4715011786955303,32,highpass
1.0422013076143979e-07,3.6883754285118075e-07,1.992851940413644e-07,2.576847424905963e-07,7.650322654430171e-06,0.44780205747648516,32,highpass
1.0422013076143979e-07,3.6028741350935267e-07,1.992851940413644e-07,2.576847424905963e-07,7.650322654430171e-06,0.475230128417218,33,highpass
1.0422013076143979e-07,3.6028741350935267e-07,1.992851940413644e-07,2.576847424905963e-07,7.650322654430171e-06,0.475230128417218,33,highpass
1.0422013076143979e-07,3.6028741350935267e-07,1.992851940413644e-07,2.576847424905963e-07,6.77743458641586e-06,0.4715011786955303,33,highpass
1.0422013076143979e-07,3.6028741350935267e-07,1.992851940413644e-07,2.576847424905963e-07,7.650322654430171e-06,0.475230128417218,33,highpass
1.0422013076143979e-07,3.6028741350935267e-07,1.992851940413644e-07,2.576847424905963e-07,7.650322654430171e-06,0.475230128417218,33,highpass
1.0422013076143979e-07,3.6028741350935267e-07,1.992851940413644e-07,2.576847424905963e-07,7.650322654430171e-06,0.475230128417218,33,highpass
1.0422013076143979e-07,3.6028741350935267e-07,1.992851940413644e-07,2.576847424905963e-07,6.77743458641586e-06,0.4715011786955303,33,highpass
1.0422013076143979e-07,3.5074499050540923e-07,1.992851940413644e-07,2.576847424905963e-07,6.77743458641586e-06,0.37313174049653197,33,highpass
1.0422013076143979e-07,3.6028741350935267e-07,1.992851940413644e-07,2.576847424905963e-07,7.650322654430171e-06,0.475230128417218,33,highpass
1.0422013076143979e-07,3.6028741350935267e-07,1.992851940413644e-07,2.576847424905963e-07,6.77743458641586e-06,0.4715011786955303,33,highpass
1.0422013076143979e-07,3.6028741350935267e-07,1.992851940413644e-07,2.576847424905963e-07,6.77743458641586e-06,0.4715011786955303,33,highpass
1.0422013076143979e-07,3.6028741350935267e-07,1.992851940413644e-07,2.576847424905963e-07,6.77743458641586e-06,0.4715011786955303,33,highpass
1.2280262600893674e-07,3.6028741350935267e-07,1.992851940413644e-07,2.576847424905963e-07,6.77743458641586e-06,0.43497690850593407,33,highpass
1.0422013076143979e-07,3.6028741350935267e-07,1.992851940413644e-07,2.576847424905963e-07,7.650322654430171e-06,0.475230128417218,33,highpass
1.0422013076143979e-07,3.6028741350935267e-07,1.992851940413644e-07,2.554548711206345e-07,7.650322654430171e-06,0.47465326911808403,33,highpass
1.0422013076143979e-07,3.6028741350935267e-07,1.7392977634140235e-07,2.576847424905963e-07,7.650322654430171e-06,0.37397178291145183,33,highpass
1.0422013076143979e-07,3.6028741350935267e-07,1.992851940413644e-07,2.576847424905963e-07,6.77743458641586e-06,0.4715011786955303,33,highpass
1.0422013076143979e-07,3.6028741350935267e-07,1.992851940413644e-07,2.576847424905963e-07,7.650322654430171e-06,0.475230128417218,33,highpass
1.0422013076143979e-07,3.6028741350935267e-07,1.992851940413644e-07,2.576847424905963e-07,7.650322654430171e-06,0.475230128417218,33,highpass
1.0422013076143979e-07,3.6028741350935267e-07,1.992851940413644e-07,2.576847424905963e-07,7.650322654430171e-06,0.475230128417218,33,highpass
1.0422013076143979e-07,3.6028741350935267e-07,1.992851940413644e-07,2.576847424905963e-07,7.650322654430171e-06,0.475230128417218,33,highpass
1.0422013076143979e-07,3.6028741350935267e-07,1.992851940413644e-07,2.576847424905963e-07,7.650322654430171e-06,0.475230128417218,33,highpass
1.0422013076143979e-07,3.6028741350935267e-07,1.992851940413644e-07,2.576847424905963e-07,7.650322654430171e-06,0.475230128417218,33,highpass
1.0422013076143979e-07,3.6028741350935267e-07,1.99618248592095e-07,2.576847424905963e-07,7.650322654430171e-06,0.4749711354613896,33,highpass
1.0422013076143979e-07,3.6028741350935267e-07,1.992851940413644e-07,2.576847424905963e-07,7.650322654430171e-06,0.475230128417218,33,highpass
1.0422013076143979e-07,3.6028741350935267e-07,1.992851940413644e-07,2.576847424905963e-07,7.650322654430171e-06,0.475230128417218,33,highpass
1.0422013076143979e-07,3.6028741350935267e-07,1.992851940413644e-07,2.576847424905963e-07,7.650322654430171e-06,0.475230128417218,33,highpass
1.0422013076143979e-07,3.6028741350935267e-07,1.992851940413644e-07,2.576847424905963e-07,7.650322654430171e-06,0.475230128417218,33,highpass
1.0422013076143979e-07,3.6028741350935267e-07,1.992851940413644e-07,2.576847424905963e-07,2.8661465890607972e-05,0.37729169487122804,33,highpass
1.0422013076143979e-07,3.6028741350935267e-07,1.992851940413644e-07,1.723543847313285e-07,7.650322654430171e-06,0.4100261883958046,33,highpass
1.0422013076143979e-07,3.6028741350935267e-07,1.992851940413644e-07,2.576847424905963e-07,7.650322654430171e-06,0.475230128417218,34,highpass
1.0422013076143979e-07,3.6028741350935267e-07,1.992851940413644e-07,2.576847424905963e-07,7.650322654430171e-06,0.475230128417218,34,highpass
1.0422013076143979e-07,3.6028741350935267e-07,1.992851940413644e-07,2.576847424905963e-07,7.650322654430171e-06,0.475230128417218,34,highpass
1.0422013076143979e-07,3.6028741350935267e-07,1.992851940413644e-07,2.576847424905963e-07,7.650322654430171e-06,0.475230128417218,34,highpass
1.0422013076143979e-07,3.6028741350935267e-07,1.992851940413644e-07,2.576847424905963e-07,7.650322654430171e-06,0.475230128417218,34,highpass
1.0422013076143979e-07,3.6028741350935267e-07,1.992851940413644e-07,2.576847424905963e-07,7.650322654430171e-06,0.475230128417218,34,highpass
1.0422013076143979e-07,3.6028741350935267e-07,1.992851940413644e-07,2.576847424905963e-07,7.650322654430171e-06,0.475230128417218,34,highpass
1.0422013076143979e-07,3.6028741350935267e-07,1.992851940413644e-07,2.576847424905963e-07,7.650322654430171e-06,0.475230128417218,34,highpass
1.0422013076143979e-07,3.6028741350935267e-07,1.992851940413644e-07,2.576847424905963e-07,7.650322654430171e-06,0.475230128417218,34,highpass
1.0422013076143979e-07,3.6028741350935267e-07,1.992851940413644e-07,2.576847424905963e-07,7.650322654430171e-06,0.475230128417218,34,highpass
1.0422013076143979e-07,3.6028741350935267e-07,1.992851940413644e-07,2.576847424905963e-07,7.650322654430171e-06,0.475230128417218,34,highpass
1.0422013076143979e-07,3.133337535475512e-07,1.992851940413644e-07,2.576847424905963e-07,7.650322654430171e-06,0.4112000614754227,34,highpass
1.0422013076143979e-07,3.6028741350935267e-07,1.992851940413644e-07,2.576847424905963e-07,7.650322654430171e-06,0.475230128417218,34,highpass
1.0422013076143979e-07,3.6028741350935267e-07,1.992851940413644e-07,2.576847424905963e-07,7.650322654430171e-06,0.475230128417218,34,highpass
1.0422013076143979e-07,3.6028741350935267e-07,1.992851940413644e-07,2.576847424905963e-07,7.650322654430171e-06,0.475230128417218,34,highpass
1.0422013076143979e-07,3.6028741350935267e-07,1.992851940413644e-07,2.576847424905963e-07,7.650322654430171e-06,0.475230128417218,34,highpass
1.0422013076143979e-07,3.6028741350935267e-07,1.992851940413644e-07,2.576847424905963e-07,7.650322654430171e-06,0.475230128417218,34,highpass
1.0422013076143979e-07,3.6028741350935267e-07,1.992851940413644e-07,2.576847424905963e-07,7.650322654430171e-06,0.475230128417218,34,highpass
1.0422013076143979e-07,6.322120117735337e-07,1.992851940413644e-07,2.576847424905963e-07,7.650322654430171e-06,0.26224952623590075,34,highpass
1.0422013076143979e-07,3.6028741350935267e-07,1.992851940413644e-07,2.576847424905963e-07,7.650322654430171e-06,0.475230128417218,34,highpass
1.0422013076143979e-07,3.6028741350935267e-07,1.992851940413644e-07,2.576847424905963e-07,7.650322654430171e-06,0.475230128417218,34,highpass
1.0422013076143979e-07,3.6028741350935267e-07,1.992851940413644e-07,2.576847424905963e-07,7.650322654430171e-06,0.475230128417218,34,highpass
1.0422013076143979e-07,3.6028741350935267e-07,1.992851940413644e-07,2.576847424905963e-07,7.650322654430171e-06,0.475230128417218,34,highpass
1.0422013076143979e-07,3.6028741350935267e-07,1.992851940413644e-07,2.576847424905963e-07,7.650322654430171e-06,0.475230128417218,34,highpass
1.0422013076143979e-07,3.6028741350935267e-07,1.992851940413644e-07,2.576847424905963e-07,7.650322654430171e-06,0.475230128417218,34,highpass
1.0422013076143979e-07,3.6028741350935267e-07,1.992851940413644e-07,2.576847424905963e-07,7.650322654430171e-06,0.475230128417218,34,highpass
1.0422013076143979e-07,3.6028741350935267e-07,1.992851940413644e-07,2.5787454073074625e-07,7.650322654430171e-06,0.475230128417218,34,highpass
1.0422013076143979e-07,3.6028741350935267e-07,1.992851940413644e-07,2.576847424905963e-07,7.650322654430171e-06,0.475230128417218,34,highpass
1.0422013076143979e-07,3.6028741350935267e-07,1.992851940413644e-07,2.576847424905963e-07,7.650322654430171e-06,0.475230128417218,34,highpass
1.0422013076143979e-07,3.6028741350935267e-07,1.992851940413644e-07,2.576847424905963e-07,7.650322654430171e-06,0.475230128417218,34,highpass
1.0422013076143979e-07,3.6028741350935267e-07,1.992851940413644e-07,2.576847424905963e-07,7.650322654430171e-06,0.475230128417218,35,highpass
2.0442915425065556e-07,3.6028741350935267e-07,1.992851940413644e-07,2.576847424905963e-07,7.650322654430171e-06,0.44880567018688233,35,highpass
1.0422013076143979e-07,3.6028741350935267e-07,2.1531425399862697e-07,2.576847424905963e-07,7.650322654430171e-06,0.3590203187197779,35,highpass
1.0422013076143979e-07,3.6028741350935267e-07,1.6742187308208513e-07,2.576847424905963e-07,7.650322654430171e-06,0.38636474392066866,35,highpass
1.0422013076143979e-07,3.6028741350935267e-07,1.992851940413644e-07,2.9563646797364543e-07,7.650322654430171e-06,0.3560851535840381,35,highpass
1.0422013076143979e-07,3.6028741350935267e-07,1.992851940413644e-07,2.576847424905963e-07,7.650322654430171e-06,0.475230128417218,35,highpass
1.0422013076143979e-07,3.6028741350935267e-07,1.992851940413644e-07,2.576847424905963e-07,7.650322654430171e-06,0.475230128417218,35,highpass
1.0422013076143979e-07,3.6028741350935267e-07,1.992851940413644e-07,2.576847424905963e-07,7.650322654430171e-06,0.475230128417218,35,highpass
1.0422013076143979e-07,3.6028741350935267e-07,1.992851940413644e-07,2.576847424905963e-07,7.650322654430171e-06,0.475230128417218,35,highpass
1.0422013076143979e-07,3.6028741350935267e-07,2.0656067121209897e-07,2.576847424905963e-07,7.650322654430171e-06,0.43309017318228893,35,highpass
1.0422013076143979e-07,3.6028741350935267e-07,1.992851940413644e-07,2.576847424905963e-07,7.650322654430171e-06,0.475230128417218,35,highpass
1.0422013076143979e-07,3.6028741350935267e-07,1.992851940413644e-07,2.576847424905963e-07,7.650322654430171e-06,0.475230128417218,35,highpass
1.0422013076143979e-07,3.6028741350935267e-07,1.992851940413644e-07,2.576847424905963e-07,3.506683329208448e-05,0.3992318746750157,35,highpass
1.0422013076143979e-07,3.6028741350935267e-07,2.2626341689902507e-07,2.576847424905963e-07,7.650322654430171e-06,0.35471293253409875,35,highpass
1.0422013076143979e-07,3.6028741350935267e-07,1.992851940413644e-07,2.576847424905963e-07,7.650322654430171e-06,0.475230128417218,35,highpass
1.0422013076143979e-07,3.6028741350935267e-07,1.1190105509698657e-07,2.576847424905963e-07,7.650322654430171e-06,0.40127111906506285,35,highpass
1.0422013076143979e-07,3.6028741350935267e-07,1.992851940413644e-07,2.576847424905963e-07,7.650322654430171e-06,0.475230128417218,35,highpass
1.0422013076143979e-07,3.6028741350935267e-07,1.992851940413644e-07,2.576847424905963e-07,7.650322654430171e-06,0.475230128417218,35,highpass
1.0422013076143979e-07,3.6028741350935267e-07,1.992851940413644e-07,2.576847424905963e-07,7.650322654430171e-06,0.475230128417218,35,highpass
1.0422013076143979e-07,3.6028741350935267e-07,1.992851940413644e-07,2.576847424905963e-07,7.650322654430171e-06,0.475230128417218,35,highpass
1.0422013076143979e-07,3.6028741350935267e-07,1.992851940413644e-07,2.576847424905963e-07,7.650322654430171e-06,0.475230128417218,35,highpass
1.0422013076143979e-07,3.6028741350935267e-07,1.992851940413644e-07,2.6341115194530486e-07,7.650322654430171e-06,0.4748738225574808,35,highpass
1.0422013076143979e-07,3.6028741350935267e-07,1.992851940413644e-07,2.576847424905963e-07,7.650322654430171e-06,0.475230128417218,35,highpass
1.0422013076143979e-07,3.6028741350935267e-07,1.992851940413644e-07,2.576847424905963e-07,7.650322654430171e-06,0.475230128417218,35,highpass
1.0422013076143979e-07,3.6028741350935267e-07,1.992851940413644e-07,2.576847424905963e-07,7.650322654430171e-06,0.475230128417218,35,highpass
1.0422013076143979e-07,3.6028741350935267e-07,1.992851940413644e-07,2.576847424905963e-07,7.650322654430171e-06,0.475230128417218,35,highpass
1.0422013076143979e-07,3.6028741350935267e-07,1.992851940413644e-07,2.576847424905963e-07,7.650322654430171e-06,0.475230128417218,35,highpass
1.0422013076143979e-07,3.6028741350935267e-07,1.992851940413644e-07,2.576847424905963e-07,7.650322654430171e-06,0.475230128417218,35,highpass
1.0422013076143979e-07,3.6028741350935267e-07,1.992851940413644e-07,2.576847424905963e-07,7.650322654430171e-06,0.475230128417218,35,highpass
1.718366580815993e-07,3.6028741350935267e-07,1.992851940413644e-07,2.576847424905963e-07,7.650322654430171e-06,0.3804741328582827,35,highpass
1.0422013076143979e-07,3.6028741350935267e-07,1.992851940413644e-07,2.576847424905963e-07,7.650322654430171e-06,0.475230128417218,36,highpass
1.0422013076143979e-07,3.6028741350935267e-07,1.992851940413644e-07,2.576847424905963e-07,7.650322654430171e-06,0.475230128417218,36,highpass
1.0422013076143979e-07,3.6028741350935267e-07,1.992851940413644e-07,2.576847424905963e-07,7.650322654430171e-06,0.475230128417218,36,highpass
1.0422013076143979e-07,3.6028741350935267e-07,1.992851940413644e-07,2.576847424905963e-07,7.650322654430171e-06,0.475230128417218,36,highpass
1.033113250508909e-07,3.6028741350935267e-07,1.992851940413644e-07,2.576847424905963e-07,7.650322654430171e-06,0.4324164529547754,36,highpass
1.0422013076143979e-07,3.6028741350935267e-07,1.992851940413644e-07,2.576847424905963e-07,7.650322654430171e-06,0.475230128417218,36,highpass
1.0422013076143979e-07,3.6028741350935267e-07,1.992851940413644e-07,2.576847424905963e-07,7.650322654430171e-06,0.475230128417218,36,highpass
1.0422013076143979e-07,3.6028741350935267e-07,1.992851940413644e-07,2.576847424905963e-07,7.650322654430171e-06,0.475230128417218,36,highpass
1.0422013076143979e-07,3.6494727322633684e-07,1.992851940413644e-07,2.576847424905963e-07,7.650322654430171e-06,0.47023279704771226,36,highpass
1.0422013076143979e-07,3.6028741350935267e-07,1.992851940413644e-07,2.576847424905963e-07,7.650322654430171e-06,0.475230128417218,36,highpass
1.9012966293199428e-07,3.6028741350935267e-07,1.992851940413644e-07,2.576847424905963e-07,7.650322654430171e-06,0.3827384355693629,36,highpass
1.0422013076143979e-07,3.6028741350935267e-07,1.992851940413644e-07,2.576847424905963e-07,7.650322654430171e-06,0.475230128417218,36,highpass
1.0422013076143979e-07,3.6028741350935267e-07,1.992851940413644e-07,2.576847424905963e-07,7.650322654430171e-06,0.475230128417218,36,highpass
1.0422013076143979e-07,3.6028741350935267e-07,1.992851940413644e-07,2.576847424905963e-07,7.650322654430171e-06,0.475230128417218,36,highpass
1.0422013076143979e-07,3.6028741350935267e-07,1.992851940413644e-07,2.576847424905963e-07,7.650322654430171e-06,0.475230128417218,36,highpass
1.0422013076143979e-07,3.6028741350935267e-07,1.992851940413644e-07,2.576847424905963e-07,7.650322654430171e-06,0.475230128417218,36,highpass
1.0422013076143979e-07,3.640420078934108e-07,1.992851940413644e-07,2.576847424905963e-07,7.650322654430171e-06,0.472430564156981,36,highpass
1.0422013076143979e-07,3.6028741350935267e-07,1.992851940413644e-07,2.576847424905963e-07,7.650322654430171e-06,0.475230128417218,36,highpass
1.0422013076143979e-07,3.6028741350935267e-07,1.992851940413644e-07,2.576847424905963e-07,2.4799939372281175e-05,0.38402270764992325,36,highpass
1.0422013076143979e-07,3.6028741350935267e-07,1.992851940413644e-07,2.576847424905963e-07,7.650322654430171e-06,0.475230128417218,36,highpass
1.0422013076143979e-07,3.6028741350935267e-07,1.992851940413644e-07,2.576847424905963e-07,7.650322654430171e-06,0.475230128417218,36,highpass
1.0422013076143979e-07,3.6028741350935267e-07,1.992851940413644e-07,2.576847424905963e-07,7.650322654430171e-06,0.475230128417218,36,highpass
1.0422013076143979e-07,3.6028741350935267e-07,1.992851940413644e-07,2.576847424905963e-07,7.650322654430171e-06,0.475230128417218,36,highpass
1.0422013076143979e-07,3.6028741350935267e-07,1.992851940413644e-07,2.576847424905963e-07,7.650322654430171e-06,0.475230128417218,36,highpass
1.0422013076143979e-07,3.6028741350935267e-07,1.992851940413644e-07,2.576847424905963e-07,7.650322654430171e-06,0.475230128417218,36,highpass
1.0422013076143979e-07,3.6028741350935267e-07,1.992851940413644e-07,2.576847424905963e-07,7.650322654430171e-06,0.475230128417218,36,highpass
1.0422013076143979e-07,3.6028741350935267e-07,1.992851940413644e-07,2.566487978785069e-07,7.650322654430171e-06,0.4750615131434845,36,highpass
1.0422013076143979e-07,3.6028741350935267e-07,1.992851940413644e-07,2.576847424905963e-07,7.650322654430171e-06,0.475230128417218,36,highpass
1.0422013076143979e-07,3.6028741350935267e-07,1.992851940413644e-07,2.576847424905963e-07,7.650322654430171e-06,0.475230128417218,36,highpass
1.0422013076143979e-07,3.6028741350935267e-07,1.992851940413644e-07,2.576847424905963e-07,7.650322654430171e-06,0.475230128417218,36,highpass
1.0422013076143979e-07,3.6028741350935267e-07,1.992851940413644e-07,2.576847424905963e-07,7.650322654430171e-06,0.475230128417218,37,highpass
1.0422013076143979e-07,3.6028741350935267e-07,1.992851940413644e-07,2.576847424905963e-07,7.650322654430171e-06,0.475230128417218,37,highpass
1.0422013076143979e-07,3.6028741350935267e-07,1.992851940413644e-07,2.576847424905963e-07,7.650322654430171e-06,0.475230128417218,37,highpass
1.0422013076143979e-07,3.6028741350935267e-07,1.992851940413644e-07,2.576847424905963e-07,7.650322654430171e-06,0.475230128417218,37,highpass
1.0422013076143979e-07,3.6028741350935267e-07,1.427857035277763e-07,2.576847424905963e-07,7.650322654430171e-06,0.3879409112114966,37,highpass
1.0422013076143979e-07,3.6028741350935267e-07,1.992851940413644e-07,2.541193822234222e-07,7.650322654430171e-06,0.47381875107336835,37,highpass
1.0422013076143979e-07,3.6028741350935267e-07,1.992851940413644e-07,2.576847424905963e-07,7.650322654430171e-06,0.475230128417218,37,highpass
1.0422013076143979e-07,3.6028741350935267e-07,1.992851940413644e-07,2.576847424905963e-07,7.650322654430171e-06,0.475230128417218,37,highpass
1.0422013076143979e-07,3.6028741350935267e-07,1.992851940413644e-07,2.576847424905963e-07,7.650322654430171e-06,0.475230128417218,37,highpass
1.0422013076143979e-07,3.6028741350935267e-07,1.992851940413644e-07,2.576847424905963e-07,7.650322654430171e-06,0.475230128417218,37,highpass
1.0422013076143979e-07,3.6028741350935267e-07,1.992851940413644e-07,2.563446800683895e-07,7.650322654430171e-06,0.4749030542332323,37,highpass
1.0422013076143979e-07,3.6028741350935267e-07,1.992851940413644e-07,2.56152005387671e-07,7.650322654430171e-06,0.4749030542332323,37,highpass
1.0422013076143979e-07,3.6028741350935267e-07,1.992851940413644e-07,2.576847424905963e-07,2.6768696278380772e-05,0.3804489350872264,37,highpass
1.0422013076143979e-07,4.0449875632736213e-07,1.992851940413644e-07,2.576847424905963e-07,7.650322654430171e-06,0.41404978661844594,37,highpass
1.0422013076143979e-07,3.6028741350935267e-07,1.992851940413644e-07,2.576847424905963e-07,7.650322654430171e-06,0.475230128417218,37,highpass
1.0422013076143979e-07,3.6028741350935267e-07,1.992851940413644e-07,2.576847424905963e-07,7.650322654430171e-06,0.475230128417218,37,highpass
1.0422013076143979e-07,3.6028741350935267e-07,1.992851940413644e-07,2.576847424905963e-07,7.650322654430171e-06,0.475230128417218,37,highpass
1.0422013076143979e-07,3.6028741350935267e-07,1.992851940413644e-07,2.576847424905963e-07,7.650322654430171e-06,0.475230128417218,37,highpass
1.0422013076143979e-07,3.6028741350935267e-07,1.992851940413644e-07,2.576847424905963e-07,7.650322654430171e-06,0.475230128417218,37,highpass
1.0422013076143979e-07,3.6028741350935267e-07,1.992851940413644e-07,2.576847424905963e-07,7.650322654430171e-06,0.475230128417218,37,highpass
1.0422013076143979e-07,3.6028741350935267e-07,1.992851940413644e-07,2.576847424905963e-07,7.650322654430171e-06,0.475230128417218,37,highpass
1.0422013076143979e-07,3.6028741350935267e-07,1.992851940413644e-07,2.576847424905963e-07,7.650322654430171e-06,0.475230128417218,37,highpass
1.0422013076143979e-07,3.6028741350935267e-07,1.992851940413644e-07,2.576847424905963e-07,7.650322654430171e-06,0.475230128417218,37,highpass
1.0422013076143979e-07,3.6028741350935267e-07,1.992851940413644e-07,2.576847424905963e-07,9.35139963445051e-06,0.4109510094018905,37,highpass
1.0154539984636405e-07,3.6028741350935267e-07,1.992851940413644e-07,2.576847424905963e-07,7.650322654430171e-06,0.4367125461700182,37,highpass
1.0422013076143979e-07,3.6028741350935267e-07,1.992851940413644e-07,2.576847424905963e-07,7.650322654430171e-06,0.475230128417218,37,highpass
1.0422013076143979e-07,3.6028741350935267e-07,1.992851940413644e-07,2.576847424905963e-07,7.650322654430171e-06,0.475230128417218,37,highpass
1.0422013076143979e-07,3.6028741350935267e-07,1.992851940413644e-07,2.576847424905963e-07,7.650322654430171e-06,0.475230128417218,37,highpass
1.0422013076143979e-07,3.6028741350935267e-07,1.992851940413644e-07,2.576847424905963e-07,7.650322654430171e-06,0.475230128417218,37,highpass
1.0422013076143979e-07,3.6028741350935267e-07,1.992851940413644e-07,2.576847424905963e-07,7.650322654430171e-06,0.475230128417218,37,highpass
1.0422013076143979e-07,3.6028741350935267e-07,1.992851940413644e-07,2.576847424905963e-07,7.650322654430171e-06,0.475230128417218,38,highpass
1.0422013076143979e-07,3.6028741350935267e-07,1.992851940413644e-07,2.576847424905963e-07,7.650322654430171e-06,0.475230128417218,38,highpass
2.408383083971548e-07,3.6028741350935267e-07,1.992851940413644e-07,2.576847424905963e-07,7.650322654430171e-06,0.38502151943295965,38,highpass
1.0422013076143979e-07,3.6028741350935267e-07,1.992851940413644e-07,2.576847424905963e-07,7.650322654430171e-06,0.475230128417218,38,highpass
1.0422013076143979e-07,3.6028741350935267e-07,1.992851940413644e-07,2.576847424905963e-07,7.650322654430171e-06,0.475230128417218,38,highpass
1.0422013076143979e-07,3.6028741350935267e-07,1.992851940413644e-07,2.576847424905963e-07,7.650322654430171e-06,0.475230128417218,38,highpass
1.0422013076143979e-07,3.6028741350935267e-07,1.992851940413644e-07,2.576847424905963e-07,7.650322654430171e-06,0.475230128417218,38,highpass
1.0422013076143979e-07,3.6028741350935267e-07,1.992851940413644e-07,2.576847424905963e-07,7.650322654430171e-06,0.475230128417218,38,highpass
1.0422013076143979e-07,3.6028741350935267e-07,1.992851940413644e-07,2.576847424905963e-07,7.650322654430171e-06,0.475230128417218,38,highpass
1e-07,3.6028741350935267e-07,1.992851940413644e-07,2.576847424905963e-07,7.650322654430171e-06,0.43829180642313215,38,highpass
1.0422013076143979e-07,3.6028741350935267e-07,1.992851940413644e-07,2.576847424905963e-07,7.650322654430171e-06,0.475230128417218,38,highpass
1.0422013076143979e-07,3.6028741350935267e-07,1.992851940413644e-07,2.576847424905963e-07,7.650322654430171e-06,0.475230128417218,38,highpass
1.0552579605968913e-07,3.6028741350935267e-07,1.992851940413644e-07,2.576847424905963e-07,7.650322654430171e-06,0.47208574488859756,38,highpass
1.0422013076143979e-07,3.6028741350935267e-07,1.992851940413644e-07,2.576847424905963e-07,7.650322654430171e-06,0.475230128417218,38,highpass
1.0422013076143979e-07,3.6028741350935267e-07,1.992851940413644e-07,2.576847424905963e-07,7.650322654430171e-06,0.475230128417218,38,highpass
1.0422013076143979e-07,3.6028741350935267e-07,1.992851940413644e-07,2.576847424905963e-07,7.650322654430171e-06,0.475230128417218,38,highpass
1.0422013076143979e-07,3.6028741350935267e-07,1.992851940413644e-07,2.576847424905963e-07,7.650322654430171e-06,0.475230128417218,38,highpass
1.0422013076143979e-07,3.6028741350935267e-07,1.992851940413644e-07,2.55650756224359e-07,7.650322654430171e-06,0.47472310275569163,38,highpass
1.0422013076143979e-07,3.6028741350935267e-07,1.3465400919881334e-07,2.576847424905963e-07,7.650322654430171e-06,0.40122766765598794,38,highpass
1.0422013076143979e-07,3.6028741350935267e-07,1.992851940413644e-07,2.576847424905963e-07,7.650322654430171e-06,0.475230128417218,38,highpass
1.0422013076143979e-07,3.6028741350935267e-07,1.992851940413644e-07,2.576847424905963e-07,7.650322654430171e-06,0.475230128417218,38,highpass
1.0422013076143979e-07,3.6028741350935267e-07,1.992851940413644e-07,2.576847424905963e-07,7.650322654430171e-06,0.475230128417218,38,highpass
1.0422013076143979e-07,3.6028741350935267e-07,1.992851940413644e-07,2.576847424905963e-07,7.650322654430171e-06,0.475230128417218,38,highpass
1.0422013076143979e-07,3.6028741350935267e-07,1.992851940413644e-07,2.576847424905963e-07,7.650322654430171e-06,0.475230128417218,38,highpass
1.0422013076143979e-07,3.6028741350935267e-07,1.992851940413644e-07,2.576847424905963e-07,7.650322654430171e-06,0.475230128417218,38,highpass
1.0422013076143979e-07,3.3259950363814477e-07,1.992851940413644e-07,2.576847424905963e-07,7.650322654430171e-06,0.37417759248490734,38,highpass
1.0422013076143979e-07,3.6028741350935267e-07,1.992851940413644e-07,2.576847424905963e-07,7.650322654430171e-06,0.475230128417218,38,highpass
1.0422013076143979e-07,3.6028741350935267e-07,1.992851940413644e-07,2.576847424905963e-07,7.650322654430171e-06,0.475230128417218,38,highpass
1.0422013076143979e-07,3.6503254043706983e-07,1.992851940413644e-07,2.576847424905963e-07,7.650322654430171e-06,0.46998215144677635,38,highpass
1.0422013076143979e-07,3.6028741350935267e-07,1.992851940413644e-07,2.576847424905963e-07,7.650322654430171e-06,0.475230128417218,38,highpass
1.0422013076143979e-07,3.6028741350935267e-07,1.992851940413644e-07,2.576847424905963e-07,7.650322654430171e-06,0.475230128417218,39,highpass
1.0422013076143979e-07,3.6028741350935267e-07,1.992851940413644e-07,2.576847424905963e-07,7.650322654430171e-06,0.475230128417218,39,highpass
1.0422013076143979e-07,3.6028741350935267e-07,1.992851940413644e-07,2.5567708547354286e-07,7.650322654430171e-06,0.4747381925270439,39,highpass
1.0422013076143979e-07,3.6028741350935267e-07,1.992851940413644e-07,2.576847424905963e-07,7.650322654430171e-06,0.475230128417218,39,highpass
1.0422013076143979e-07,3.6028741350935267e-07,1.992851940413644e-07,2.576847424905963e-07,7.650322654430171e-06,0.475230128417218,39,highpass
1.0422013076143979e-07,3.6028741350935267e-07,1.992851940413644e-07,2.576847424905963e-07,7.650322654430171e-06,0.475230128417218,39,highpass
1.0422013076143979e-07,3.6028741350935267e-07,1.992851940413644e-07,2.576847424905963e-07,7.650322654430171e-06,0.475230128417218,39,highpass
1.0422013076143979e-07,3.6028741350935267e-07,1.992851940413644e-07,2.576847424905963e-07,7.650322654430171e-06,0.475230128417218,39,highpass
1.0422013076143979e-07,3.6028741350935267e-07,1.992851940413644e-07,2.576847424905963e-07,7.650322654430171e-06,0.475230128417218,39,highpass
1.0422013076143979e-07,3.6028741350935267e-07,1.992851940413644e-07,2.576847424905963e-07,7.650322654430171e-06,0.475230128417218,39,highpass
1.0422013076143979e-07,3.6028741350935267e-07,1.992851940413644e-07,2.576847424905963e-07,7.650322654430171e-06,0.475230128417218,39,highpass
1.0422013076143979e-07,3.6028741350935267e-07,1.992851940413644e-07,2.576847424905963e-07,7.650322654430171e-06,0.475230128417218,39,highpass
1.0422013076143979e-07,3.6028741350935267e-07,1.992851940413644e-07,2.576847424905963e-07,7.650322654430171e-06,0.475230128417218,39,highpass
1.0422013076143979e-07,3.6028741350935267e-07,1.992851940413644e-07,2.576847424905963e-07,7.650322654430171e-06,0.475230128417218,39,highpass
1.0541116398665414e-07,3.6028741350935267e-07,1.992851940413644e-07,2.576847424905963e-07,7.650322654430171e-06,0.47244353348152546,39,highpass
1.0422013076143979e-07,3.6028741350935267e-07,1.992851940413644e-07,2.576847424905963e-07,7.650322654430171e-06,0.475230128417218,39,highpass
1.0422013076143979e-07,3.7006982757814153e-07,1.992851940413644e-07,2.576847424905963e-07,7.650322654430171e-06,0.43515214044946626,39,highpass
1.0422013076143979e-07,3.6028741350935267e-07,1.992851940413644e-07,2.576847424905963e-07,7.650322654430171e-06,0.475230128417218,39,highpass
1.0422013076143979e-07,3.6028741350935267e-07,1.992291905040983e-07,2.576847424905963e-07,7.650322654430171e-06,0.475230128417218,39,highpass
1.0422013076143979e-07,3.6028741350935267e-07,1.992851940413644e-07,2.576847424905963e-07,7.650322654430171e-06,0.475230128417218,39,highpass
1.0422013076143979e-07,3.6028741350935267e-07,1.992851940413644e-07,2.5659933638689324e-07,7.650322654430171e-06,0.47504369951558245,39,highpass
1.0422013076143979e-07,3.6028741350935267e-07,1.992851940413644e-07,2.576847424905963e-07,7.650322654430171e-06,0.475230128417218,39,highpass
1.0422013076143979e-07,3.6028741350935267e-07,2.484329206440221e-07,2.576847424905963e-07,7.650322654430171e-06,0.34010191579108323,39,highpass
1.0422013076143979e-07,3.6028741350935267e-07,1.992851940413644e-07,2.576847424905963e-07,7.650322654430171e-06,0.475230128417218,39,highpass
1.0422013076143979e-07,3.6028741350935267e-07,1.992851940413644e-07,2.576847424905963e-07,7.650322654430171e-06,0.475230128417218,39,highpass
1.0422013076143979e-07,3.6028741350935267e-07,1.992851940413644e-07,2.576847424905963e-07,7.650322654430171e-06,0.475230128417218,39,highpass
1.0422013076143979e-07,3.6028741350935267e-07,1.992851940413644e-07,2.576847424905963e-07,7.650322654430171e-06,0.475230128417218,39,highpass
1.0422013076143979e-07,3.6028741350935267e-07,1.992851940413644e-07,2.576847424905963e-07,7.650322654430171e-06,0.475230128417218,39,highpass
1.0422013076143979e-07,3.6028741350935267e-07,1.992851940413644e-07,2.576847424905963e-07,7.650322654430171e-06,0.475230128417218,39,highpass
1.0422013076143979e-07,3.6028741350935267e-07,1.992851940413644e-07,2.576847424905963e-07,7.650322654430171e-06,0.475230128417218,39,highpass
1.0422013076143979e-07,3.6028741350935267e-07,1.992851940413644e-07,2.576847424905963e-07,7.650322654430171e-06,0.475230128417218,40,highpass
1.0422013076143979e-07,3.6028741350935267e-07,1.992851940413644e-07,2.576847424905963e-07,7.650322654430171e-06,0.475230128417218,40,highpass
1.0422013076143979e-07,3.6028741350935267e-07,1.992851940413644e-07,2.576847424905963e-07,1.741012368176855e-05,0.4202500493447988,40,highpass
1.0422013076143979e-07,3.6028741350935267e-07,1.992851940413644e-07,2.576847424905963e-07,7.650322654430171e-06,0.475230128417218,40,highpass
1.0422013076143979e-07,3.6028741350935267e-07,1.992291905040983e-07,2.576847424905963e-07,7.650322654430171e-06,0.475230128417218,40,highpass
1.0422013076143979e-07,3.6028741350935267e-07,1.992851940413644e-07,2.576847424905963e-07,7.650322654430171e-06,0.475230128417218,40,highpass
1.0422013076143979e-07,3.6028741350935267e-07,1.992851940413644e-07,2.576847424905963e-07,7.650322654430171e-06,0.475230128417218,40,highpass
1.0422013076143979e-07,3.6028741350935267e-07,1.992851940413644e-07,1.564420109524609e-07,7.650322654430171e-06,0.40261417064414917,40,highpass
1.0422013076143979e-07,3.6028741350935267e-07,1.992851940413644e-07,2.576847424905963e-07,7.650322654430171e-06,0.475230128417218,40,highpass
1.0422013076143979e-07,3.6028741350935267e-07,1.992851940413644e-07,2.576847424905963e-07,7.650322654430171e-06,0.475230128417218,40,highpass
1.0422013076143979e-07,3.6028741350935267e-07,1.992851940413644e-07,2.576847424905963e-07,7.650322654430171e-06,0.475230128417218,40,highpass
1.0422013076143979e-07,3.6028741350935267e-07,1.992851940413644e-07,2.576847424905963e-07,7.650322654430171e-06,0.475230128417218,40,highpass
1.0422013076143979e-07,3.6028741350935267e-07,1.992851940413644e-07,2.576847424905963e-07,7.650322654430171e-06,0.475230128417218,40,highpass
1.0422013076143979e-07,3.6028741350935267e-07,1.992851940413644e-07,2.576847424905963e-07,7.650322654430171e-06,0.475230128417218,40,highpass
1.0422013076143979e-07,3.503831170319281e-07,1.992851940413644e-07,2.576847424905963e-07,7.650322654430171e-06,0.3736506461958425,40,highpass
1.0422013076143979e-07,3.6028741350935267e-07,1.992851940413644e-07,2.551674238676439e-07,7.650322654430171e-06,0.47453831067548846,40,highpass
1.0422013076143979e-07,3.6028741350935267e-07,1.992851940413644e-07,2.576847424905963e-07,6.7286924923546314e-06,0.47123614813997544,40,highpass
1.0422013076143979e-07,3.6028741350935267e-07,1.992851940413644e-07,2.576847424905963e-07,7.650322654430171e-06,0.475230128417218,40,highpass
1.0422013076143979e-07,3.6028741350935267e-07,1.992851940413644e-07,2.576847424905963e-07,7.650322654430171e-06,0.475230128417218,40,highpass
1.0422013076143979e-07,3.6028741350935267e-07,1.992851940413644e-07,2.576847424905963e-07,7.650322654430171e-06,0.475230128417218,40,highpass
1.0422013076143979e-07,3.6028741350935267e-07,1.992851940413644e-07,2.576847424905963e-07,7.650322654430171e-06,0.475230128417218,40,highpass
1.0422013076143979e-07,3.6028741350935267e-07,1.992851940413644e-07,2.576847424905963e-07,7.650322654430171e-06,0.475230128417218,40,highpass
1.0422013076143979e-07,3.6028741350935267e-07,1.992851940413644e-07,2.576847424905963e-07,7.650322654430171e-06,0.475230128417218,40,highpass
1.0422013076143979e-07,3.6028741350935267e-07,1.992851940413644e-07,2.576847424905963e-07,7.650322654430171e-06,0.475230128417218,40,highpass
1.0422013076143979e-07,3.6028741350935267e-07,1.992851940413644e-07,2.576847424905963e-07,5.589454001281281e-06,0.36356400962112984,40,highpass
1.0422013076143979e-07,3.6028741350935267e-07,1.992291905040983e-07,2.576847424905963e-07,7.650322654430171e-06,0.475230128417218,40,highpass
1.0422013076143979e-07,3.6028741350935267e-07,1.992851940413644e-07,2.576847424905963e-07,7.650322654430171e-06,0.475230128417218,40,highpass
1.0422013076143979e-07,3.6028741350935267e-07,1.992851940413644e-07,2.576847424905963e-07,7.650322654430171e-06,0.475230128417218,40,highpass
1.0422013076143979e-07,3.6028741350935267e-07,1.992851940413644e-07,2.576847424905963e-07,4.665462349003718e-05,0.37636292014015854,40,highpass
1.0422013076143979e-07,3.6028741350935267e-07,1.992851940413644e-07,2.576847424905963e-07,7.650322654430171e-06,0.475230128417218,40,highpass
1.0422013076143979e-07,3.6028741350935267e-07,1.992851940413644e-07,2.576847424905963e-07,7.650322654430171e-06,0.475230128417218,41,highpass
1.0422013076143979e-07,3.6028741350935267e-07,1.992851940413644e-07,2.576847424905963e-07,7.650322654430171e-06,0.475230128417218,41,highpass
1.0422013076143979e-07,3.9249817510454176e-07,1.992851940413644e-07,2.576847424905963e-07,7.650322654430171e-06,0.3568124767722056,41,highpass
1.0422013076143979e-07,3.6028741350935267e-07,1.992851940413644e-07,2.576847424905963e-07,7.650322654430171e-06,0.475230128417218,41,highpass
1.0422013076143979e-07,3.6028741350935267e-07,1.992851940413644e-07,2.576847424905963e-07,7.650322654430171e-06,0.475230128417218,41,highpass
1.0422013076143979e-07,3.4418076515473886e-07,1.992851940413644e-07,2.576847424905963e-07,7.650322654430171e-06,0.37604610482272904,41,highpass
1.0422013076143979e-07,3.6028741350935267e-07,2.0005032460278936e-07,2.576847424905963e-07,7.650322654430171e-06,0.47373537868148163,41,highpass
1.0422013076143979e-07,3.6028741350935267e-07,1.992851940413644e-07,2.576847424905963e-07,7.650322654430171e-06,0.475230128417218,41,highpass
1.0422013076143979e-07,3.6028741350935267e-07,1.992851940413644e-07,2.576847424905963e-07,7.650322654430171e-06,0.475230128417218,41,highpass
1.0422013076143979e-07,3.6028741350935267e-07,1.992851940413644e-07,2.576847424905963e-07,7.650322654430171e-06,0.475230128417218,41,highpass
1.0422013076143979e-07,3.6028741350935267e-07,1.992851940413644e-07,2.576847424905963e-07,7.650322654430171e-06,0.475230128417218,41,highpass
1.0422013076143979e-07,3.6028741350935267e-07,1.992291905040983e-07,2.576847424905963e-07,7.650322654430171e-06,0.475230128417218,41,highpass
1.0422013076143979e-07,3.6028741350935267e-07,1.992851940413644e-07,2.576847424905963e-07,7.650322654430171e-06,0.475230128417218,41,highpass
1.0422013076143979e-07,3.6028741350935267e-07,1.992851940413644e-07,2.576847424905963e-07,7.650322654430171e-06,0.475230128417218,41,highpass
1.0422013076143979e-07,3.6028741350935267e-07,1.992851940413644e-07,2.576847424905963e-07,7.650322654430171e-06,0.475230128417218,41,highpass
1.0422013076143979e-07,3.6028741350935267e-07,1.992851940413644e-07,2.6301242272144403e-07,7.650322654430171e-06,0.4749684310996154,41,highpass
1.0617274922608328e-07,3.6028741350935267e-07,1.992851940413644e-07,2.576847424905963e-07,7.650322654430171e-06,0.42707257089759404,41,highpass
1.0422013076143979e-07,3.6028741350935267e-07,1.992291905040983e-07,2.576847424905963e-07,7.650322654430171e-06,0.475230128417218,41,highpass
1.0422013076143979e-07,3.7033839229681883e-07,1.992851940413644e-07,2.576847424905963e-07,7.650322654430171e-06,0.43203295632037203,41,highpass
1.0422013076143979e-07,3.6028741350935267e-07,1.992851940413644e-07,2.576847424905963e-07,7.650322654430171e-06,0.475230128417218,41,highpass
1.0422013076143979e-07,3.6028741350935267e-07,1.992851940413644e-07,2.576847424905963e-07,7.650322654430171e-06,0.475230128417218,41,highpass
1.0422013076143979e-07,3.6028741350935267e-07,1.992851940413644e-07,2.576847424905963e-07,7.650322654430171e-06,0.475230128417218,41,highpass
1.0422013076143979e-07,3.6028741350935267e-07,1.992851940413644e-07,2.576847424905963e-07,7.650322654430171e-06,0.475230128417218,41,highpass
1.0422013076143979e-07,3.6028741350935267e-07,1.992291905040983e-07,2.576847424905963e-07,7.650322654430171e-06,0.475230128417218,41,highpass
1.0422013076143979e-07,3.6028741350935267e-07,1.992851940413644e-07,2.576847424905963e-07,7.650322654430171e-06,0.475230128417218,41,highpass
1.0422013076143979e-07,3.6028741350935267e-07,1.992851940413644e-07,2.576847424905963e-07,7.650322654430171e-06,0.475230128417218,41,highpass
1.0422013076143979e-07,3.6028741350935267e-07,1.992291905040983e-07,2.576847424905963e-07,7.650322654430171e-06,0.475230128417218,41,highpass
1.0422013076143979e-07,3.6028741350935267e-07,1.992291905040983e-07,2.576847424905963e-07,7.650322654430171e-06,0.475230128417218,41,highpass
1.0422013076143979e-07,3.6028741350935267e-07,1.992851940413644e-07,2.576847424905963e-07,7.650322654430171e-06,0.475230128417218,41,highpass
1.0422013076143979e-07,3.6028741350935267e-07,1.992851940413644e-07,2.576847424905963e-07,7.650322654430171e-06,0.475230128417218,41,highpass
1.0422013076143979e-07,3.6028741350935267e-07,1.992851940413644e-07,2.576847424905963e-07,7.650322654430171e-06,0.475230128417218,42,highpass
1.0422013076143979e-07,3.6028741350935267e-07,1.992851940413644e-07,2.576847424905963e-07,7.650322654430171e-06,0.475230128417218,42,highpass
1.0422013076143979e-07,3.6028741350935267e-07,1.992851940413644e-07,2.576847424905963e-07,7.650322654430171e-06,0.475230128417218,42,highpass
1.0422013076143979e-07,3.6028741350935267e-07,1.992291905040983e-07,2.576847424905963e-07,3.484846558006314e-05,0.3979549609255545,42,highpass
1.0422013076143979e-07,3.6028741350935267e-07,1.992851940413644e-07,2.576847424905963e-07,7.650322654430171e-06,0.475230128417218,42,highpass
1.0422013076143979e-07,3.6028741350935267e-07,1.992851940413644e-07,2.576847424905963e-07,7.650322654430171e-06,0.475230128417218,42,highpass
1.0422013076143979e-07,3.6028741350935267e-07,1.992851940413644e-07,2.576847424905963e-07,7.650322654430171e-06,0.475230128417218,42,highpass
1.0422013076143979e-07,3.6028741350935267e-07,1.992851940413644e-07,2.576847424905963e-07,7.650322654430171e-06,0.475230128417218,42,highpass
1.0422013076143979e-07,3.6028741350935267e-07,1.992851940413644e-07,2.576847424905963e-07,7.650322654430171e-06,0.475230128417218,42,highpass
1.0422013076143979e-07,3.6028741350935267e-07,1.992851940413644e-07,2.576847424905963e-07,7.650322654430171e-06,0.475230128417218,42,highpass
1.0422013076143979e-07,3.6028741350935267e-07,1.992851940413644e-07,2.576847424905963e-07,7.650322654430171e-06,0.475230128417218,42,highpass
1.0422013076143979e-07,3.6028741350935267e-07,1.992291905040983e-07,2.576847424905963e-07,7.650322654430171e-06,0.475230128417218,42,highpass
1.0422013076143979e-07,3.6028741350935267e-07,2.051447688069192e-07,2.576847424905963e-07,7.650322654430171e-06,0.3623613453780763,42,highpass
1.0422013076143979e-07,3.6028741350935267e-07,1.992851940413644e-07,2.576847424905963e-07,7.650322654430171e-06,0.475230128417218,42,highpass
1.0422013076143979e-07,3.6028741350935267e-07,1.992851940413644e-07,2.576847424905963e-07,7.650322654430171e-06,0.475230128417218,42,highpass
1.0422013076143979e-07,3.6028741350935267e-07,1.992291905040983e-07,2.57811702221783e-07,7.650322654430171e-06,0.475230128417218,42,highpass
1.0422013076143979e-07,3.6028741350935267e-07,1.992291905040983e-07,2.576847424905963e-07,7.650322654430171e-06,0.475230128417218,42,highpass
1.0422013076143979e-07,3.6028741350935267e-07,1.992851940413644e-07,2.508577742777927e-07,7.650322654430171e-06,0.4716764149405946,42,highpass
1.0422013076143979e-07,3.6028741350935267e-07,1.992851940413644e-07,2.576847424905963e-07,7.650322654430171e-06,0.475230128417218,42,highpass
1.0422013076143979e-07,3.6028741350935267e-07,1.992851940413644e-07,2.576847424905963e-07,7.650322654430171e-06,0.475230128417218,42,highpass
1.0422013076143979e-07,3.594329989887062e-07,1.992291905040983e-07,2.576847424905963e-07,7.650322654430171e-06,0.4320401954646199,42,highpass
1.0422013076143979e-07,3.6028741350935267e-07,1.992291905040983e-07,2.576847424905963e-07,7.650322654430171e-06,0.475230128417218,42,highpass
1.0422013076143979e-07,3.6028741350935267e-07,1.992851940413644e-07,2.576847424905963e-07,7.650322654430171e-06,0.475230128417218,42,highpass
1.0422013076143979e-07,3.6028741350935267e-07,1.992851940413644e-07,2.576847424905963e-07,7.650322654430171e-06,0.475230128417218,42,highpass
1.0422013076143979e-07,3.6028741350935267e-07,1.992851940413644e-07,2.576847424905963e-07,7.650322654430171e-06,0.475230128417218,42,highpass
1.0422013076143979e-07,3.6028741350935267e-07,1.2483842647517578e-07,2.576847424905963e-07,7.650322654430171e-06,0.4193730682646455,42,highpass
1.0422013076143979e-07,3.6028741350935267e-07,1.992851940413644e-07,1.954317681900562e-07,7.650322654430171e-06,0.4230500011347887,42,highpass
1.0422013076143979e-07,3.6028741350935267e-07,1.992851940413644e-07,2.576847424905963e-07,7.650322654430171e-06,0.475230128417218,42,highpass
1.0422013076143979e-07,3.6028741350935267e-07,1.992851940413644e-07,2.576847424905963e-07,6.4433702358083275e-06,0.36377943009293456,42,highpass
1.0422013076143979e-07,3.6028741350935267e-07,1.992851940413644e-07,2.576847424905963e-07,7.650322654430171e-06,0.475230128417218,42,highpass
1.0422013076143979e-07,3.6028741350935267e-07,1.992851940413644e-07,2.576847424905963e-07,7.650322654430171e-06,0.4302172345998859,43,highpass
1.0422013076143979e-07,3.6028741350935267e-07,1.992851940413644e-07,2.5807680901678783e-07,7.650322654430171e-06,0.4302172345998859,43,highpass
1.0422013076143979e-07,3.6028741350935267e-07,1.992851940413644e-07,2.576847424905963e-07,7.650322654430171e-06,0.4302172345998859,43,highpass
1.0422013076143979e-07,3.6028741350935267e-07,1.992851940413644e-07,2.576847424905963e-07,7.650322654430171e-06,0.4302172345998859,43,highpass
1.0422013076143979e-07,3.6028741350935267e-07,1.992851940413644e-07,2.576847424905963e-07,7.650322654430171e-06,0.4302172345998859,43,highpass
1.0422013076143979e-07,3.6028741350935267e-07,1.992851940413644e-07,2.576847424905963e-07,7.650322654430171e-06,0.4302172345998859,43,highpass
1.0422013076143979e-07,3.6028741350935267e-07,1.992851940413644e-07,2.576847424905963e-07,7.650322654430171e-06,0.4302172345998859,43,highpass
1.0422013076143979e-07,3.6028741350935267e-07,1.992851940413644e-07,2.576847424905963e-07,1.4353385533108147e-05,0.3717209272949815,43,highpass
1.0422013076143979e-07,3.6028741350935267e-07,1.992851940413644e-07,2.576847424905963e-07,7.650322654430171e-06,0.4302172345998859,43,highpass
1.0422013076143979e-07,3.6028741350935267e-07,1.992851940413644e-07,2.576847424905963e-07,7.650322654430171e-06,0.4302172345998859,43,highpass
1.0422013076143979e-07,3.6028741350935267e-07,1.992851940413644e-07,2.576847424905963e-07,7.650322654430171e-06,0.4302172345998859,43,highpass
1.0422013076143979e-07,3.6028741350935267e-07,1.992851940413644e-07,2.576847424905963e-07,7.650322654430171e-06,0.4302172345998859,43,highpass
1.0422013076143979e-07,3.6028741350935267e-07,1.992291905040983e-07,2.576847424905963e-07,7.650322654430171e-06,0.4302172345998859,43,highpass
1.0422013076143979e-07,3.6028741350935267e-07,1.992851940413644e-07,2.576847424905963e-07,7.650322654430171e-06,0.4302172345998859,43,highpass
1.0422013076143979e-07,3.6028741350935267e-07,1.0036353358900778e-07,2.576847424905963e-07,7.650322654430171e-06,0.3964393072339165,43,highpass
1.0422013076143979e-07,3.6028741350935267e-07,1.992851940413644e-07,2.576847424905963e-07,7.650322654430171e-06,0.4302172345998859,43,highpass
1.0422013076143979e-07,3.6028741350935267e-07,1.992851940413644e-07,2.576847424905963e-07,7.650322654430171e-06,0.4302172345998859,43,highpass
1.0422013076143979e-07,3.6028741350935267e-07,1.992851940413644e-07,2.576847424905963e-07,7.650322654430171e-06,0.4302172345998859,43,highpass
1.0422013076143979e-07,3.6028741350935267e-07,1.992851940413644e-07,2.576847424905963e-07,7.650322654430171e-06,0.4302172345998859,43,highpass
1.0422013076143979e-07,3.6028741350935267e-07,1.992851940413644e-07,2.576847424905963e-07,7.650322654430171e-06,0.4302172345998859,43,highpass
1.0422013076143979e-07,3.6028741350935267e-07,1.992851940413644e-07,2.576847424905963e-07,7.650322654430171e-06,0.4302172345998859,43,highpass
1.0422013076143979e-07,3.6028741350935267e-07,1.992851940413644e-07,2.576847424905963e-07,7.650322654430171e-06,0.4302172345998859,43,highpass
1.0422013076143979e-07,3.6028741350935267e-07,1.992851940413644e-07,2.576847424905963e-07,7.650322654430171e-06,0.4302172345998859,43,highpass
1.0422013076143979e-07,3.6028741350935267e-07,1.992291905040983e-07,2.576847424905963e-07,7.650322654430171e-06,0.4302172345998859,43,highpass
1.0422013076143979e-07,3.6028741350935267e-07,1.992851940413644e-07,2.576847424905963e-07,7.650322654430171e-06,0.4302172345998859,43,highpass
1.0422013076143979e-07,3.6028741350935267e-07,1.992851940413644e-07,2.576847424905963e-07,7.650322654430171e-06,0.4302172345998859,43,highpass
1.0422013076143979e-07,3.6028741350935267e-07,1.992851940413644e-07,2.576847424905963e-07,7.650322654430171e-06,0.4302172345998859,43,highpass
1.0422013076143979e-07,3.6028741350935267e-07,1.992851940413644e-07,2.576847424905963e-07,7.650322654430171e-06,0.4302172345998859,43,highpass
1.0422013076143979e-07,3.6028741350935267e-07,1.992291905040983e-07,2.576847424905963e-07,7.650322654430171e-06,0.4302172345998859,43,highpass
1.0483497884596604e-07,3.6028741350935267e-07,1.992851940413644e-07,2.576847424905963e-07,7.650322654430171e-06,0.47421653408556425,43,highpass
1.0422013076143979e-07,3.6028741350935267e-07,1.992851940413644e-07,2.576847424905963e-07,7.650322654430171e-06,0.475230128417218,44,highpass
1.0422013076143979e-07,3.6419798417265256e-07,1.992851940413644e-07,2.576847424905963e-07,7.650322654430171e-06,0.4721064256303384,44,highpass
1.0422013076143979e-07,3.6028741350935267e-07,1.992851940413644e-07,2.576847424905963e-07,7.650322654430171e-06,0.475230128417218,44,highpass
1.0422013076143979e-07,3.6028741350935267e-07,1.992851940413644e-07,2.576847424905963e-07,7.650322654430171e-06,0.475230128417218,44,highpass
1.0422013076143979e-07,3.6028741350935267e-07,1.992851940413644e-07,2.576847424905963e-07,7.650322654430171e-06,0.475230128417218,44,highpass
1.0422013076143979e-07,3.6028741350935267e-07,1.992851940413644e-07,2.576847424905963e-07,7.650322654430171e-06,0.475230128417218,44,highpass
1.275914326261027e-07,3.6028741350935267e-07,1.992851940413644e-07,2.5807680901678783e-07,7.650322654430171e-06,0.3722185157900477,44,highpass
1.0422013076143979e-07,3.6028741350935267e-07,1.992851940413644e-07,2.576847424905963e-07,7.650322654430171e-06,0.475230128417218,44,highpass
1.0422013076143979e-07,3.6028741350935267e-07,1.992851940413644e-07,2.573392831912505e-07,7.650322654430171e-06,0.47523889484398774,44,highpass
1.0422013076143979e-07,3.6028741350935267e-07,1.992291905040983e-07,2.576847424905963e-07,7.650322654430171e-06,0.475230128417218,44,highpass
1.0422013076143979e-07,3.6028741350935267e-07,1.992851940413644e-07,2.576847424905963e-07,7.650322654430171e-06,0.475230128417218,44,highpass
1.0422013076143979e-07,3.6028741350935267e-07,1.992851940413644e-07,2.576847424905963e-07,7.650322654430171e-06,0.475230128417218,44,highpass
1.0483497884596604e-07,3.6028741350935267e-07,1.992851940413644e-07,2.576847424905963e-07,7.650322654430171e-06,0.47421653408556425,44,highpass
1.0422013076143979e-07,3.6028741350935267e-07,1.992851940413644e-07,2.576847424905963e-07,3.579949904465373e-05,0.3905326997763926,44,highpass
1.0483497884596604e-07,3.6028741350935267e-07,1.992851940413644e-07,2.576847424905963e-07,5.472052363986993e-06,0.38118615895651503,44,highpass
1.0422013076143979e-07,3.6028741350935267e-07,1.992851940413644e-07,2.576847424905963e-07,7.650322654430171e-06,0.475230128417218,44,highpass
1.0422013076143979e-07,3.6028741350935267e-07,1.992851940413644e-07,2.3414998644825936e-07,7.650322654430171e-06,0.37089827186277535,44,highpass
1.0422013076143979e-07,3.6028741350935267e-07,1.992851940413644e-07,2.576847424905963e-07,7.650322654430171e-06,0.475230128417218,44,highpass
1.0483497884596604e-07,3.6028741350935267e-07,1.992851940413644e-07,2.576847424905963e-07,7.650322654430171e-06,0.47421653408556425,44,highpass
1.0483497884596604e-07,3.6028741350935267e-07,1.992291905040983e-07,2.576847424905963e-07,7.650322654430171e-06,0.47421653408556425,44,highpass
1.0422013076143979e-07,3.6028741350935267e-07,1.992851940413644e-07,2.576847424905963e-07,7.650322654430171e-06,0.475230128417218,44,highpass
1.0422013076143979e-07,3.6028741350935267e-07,1.992851940413644e-07,2.576847424905963e-07,7.650322654430171e-06,0.475230128417218,44,highpass
1.0422013076143979e-07,3.6028741350935267e-07,1.992851940413644e-07,2.576847424905963e-07,7.650322654430171e-06,0.475230128417218,44,highpass
1.0422013076143979e-07,3.6028741350935267e-07,1.992851940413644e-07,2.576847424905963e-07,7.650322654430171e-06,0.475230128417218,44,highpass
1.7198420125841924e-07,3.6028741350935267e-07,1.992851940413644e-07,2.576847424905963e-07,7.650322654430171e-06,0.38048045550116777,44,highpass
1.0422013076143979e-07,3.6028741350935267e-07,1.992851940413644e-07,2.576847424905963e-07,7.650322654430171e-06,0.475230128417218,44,highpass
1.0422013076143979e-07,3.6028741350935267e-07,1.992851940413644e-07,2.576847424905963e-07,7.650322654430171e-06,0.475230128417218,44,highpass
1.0422013076143979e-07,3.6028741350935267e-07,1.922548721435801e-07,2.576847424905963e-07,7.650322654430171e-06,0.41151995394045005,44,highpass
1.0483497884596604e-07,3.6028741350935267e-07,1.992851940413644e-07,2.576847424905963e-07,7.650322654430171e-06,0.47421653408556425,44,highpass
1.0422013076143979e-07,3.6028741350935267e-07,1.992851940413644e-07,2.576847424905963e-07,7.650322654430171e-06,0.475230128417218,44,highpass
1.0422013076143979e-07,3.6028741350935267e-07,1.992851940413644e-07,2.573392831912505e-07,7.650322654430171e-06,0.47523889484398774,45,highpass
1.0422013076143979e-07,3.6028741350935267e-07,1.992851940413644e-07,2.576847424905963e-07,7.650322654430171e-06,0.475230128417218,45,highpass
1.0422013076143979e-07,3.6028741350935267e-07,1.992851940413644e-07,2.573392831912505e-07,7.650322654430171e-06,0.47523889484398774,45,highpass
1e-07,3.6028741350935267e-07,1.992851940413644e-07,2.573392831912505e-07,7.650322654430171e-06,0.43819042128855956,45,highpass
1.0422013076143979e-07,3.6028741350935267e-07,1.992851940413644e-07,2.573392831912505e-07,7.650322654430171e-06,0.47523889484398774,45,highpass
1.0422013076143979e-07,3.6028741350935267e-07,1.992851940413644e-07,2.576847424905963e-07,7.650322654430171e-06,0.475230128417218,45,highpass
1.0422013076143979e-07,3.6028741350935267e-07,1.992851940413644e-07,2.576847424905963e-07,7.650322654430171e-06,0.475230128417218,45,highpass
1.0422013076143979e-07,3.6028741350935267e-07,1.992291905040983e-07,2.576847424905963e-07,7.650322654430171e-06,0.475230128417218,45,highpass
1.0422013076143979e-07,3.6028741350935267e-07,1.992851940413644e-07,2.576847424905963e-07,7.650322654430171e-06,0.475230128417218,45,highpass
1.0422013076143979e-07,3.6028741350935267e-07,1.992851940413644e-07,2.576847424905963e-07,7.650322654430171e-06,0.475230128417218,45,highpass
1.0422013076143979e-07,3.6028741350935267e-07,1.992851940413644e-07,2.648896433120504e-07,7.650322654430171e-06,0.47438900948651813,45,highpass
1.0422013076143979e-07,3.6028741350935267e-07,1.992851940413644e-07,2.576847424905963e-07,7.650322654430171e-06,0.475230128417218,45,highpass
1.0422013076143979e-07,3.6028741350935267e-07,1.992851940413644e-07,2.576847424905963e-07,7.650322654430171e-06,0.475230128417218,45,highpass
1.0422013076143979e-07,3.6028741350935267e-07,1.992851940413644e-07,2.576847424905963e-07,7.650322654430171e-06,0.475230128417218,45,highpass
1.0422013076143979e-07,3.6028741350935267e-07,1.992851940413644e-07,2.576847424905963e-07,7.650322654430171e-06,0.475230128417218,45,highpass
1.0422013076143979e-07,3.6028741350935267e-07,1.992851940413644e-07,2.576847424905963e-07,7.650322654430171e-06,0.475230128417218,45,highpass
1.0422013076143979e-07,3.6028741350935267e-07,1.992851940413644e-07,2.573392831912505e-07,7.650322654430171e-06,0.47523889484398774,45,highpass
1.0422013076143979e-07,3.6028741350935267e-07,1.992851940413644e-07,2.576847424905963e-07,7.650322654430171e-06,0.475230128417218,45,highpass
1.0422013076143979e-07,3.6028741350935267e-07,1.992851940413644e-07,2.576847424905963e-07,7.650322654430171e-06,0.475230128417218,45,highpass
1.0422013076143979e-07,3.6028741350935267e-07,1.992851940413644e-07,2.573392831912505e-07,7.650322654430171e-06,0.47523889484398774,45,highpass
1.0422013076143979e-07,3.6028741350935267e-07,1.992851940413644e-07,2.576847424905963e-07,7.650322654430171e-06,0.475230128417218,45,highpass
1.0422013076143979e-07,3.6028741350935267e-07,1.992851940413644e-07,2.576847424905963e-07,7.650322654430171e-06,0.475230128417218,45,highpass
1.0422013076143979e-07,3.6028741350935267e-07,1.992851940413644e-07,2.576847424905963e-07,7.650322654430171e-06,0.475230128417218,45,highpass
1.0422013076143979e-07,3.6028741350935267e-07,1.992851940413644e-07,2.576847424905963e-07,7.650322654430171e-06,0.475230128417218,45,highpass
1.0422013076143979e-07,3.6028741350935267e-07,1.992851940413644e-07,2.576847424905963e-07,7.650322654430171e-06,0.475230128417218,45,highpass
1.0422013076143979e-07,3.6028741350935267e-07,1.992851940413644e-07,2.573392831912505e-07,7.650322654430171e-06,0.47523889484398774,45,highpass
1.0422013076143979e-07,3.6028741350935267e-07,1.992851940413644e-07,2.576847424905963e-07,7.650322654430171e-06,0.475230128417218,45,highpass
1.0422013076143979e-07,3.6028741350935267e-07,1.992851940413644e-07,2.576847424905963e-07,7.650322654430171e-06,0.475230128417218,45,highpass
1.0422013076143979e-07,3.573549936201448e-07,1.992851940413644e-07,2.576847424905963e-07,7.650322654430171e-06,0.47133232582472895,45,highpass
1.0422013076143979e-07,3.6028741350935267e-07,1.992851940413644e-07,2.576847424905963e-07,7.650322654430171e-06,0.475230128417218,45,highpass
1.0422013076143979e-07,3.6028741350935267e-07,1.992851940413644e-07,2.573392831912505e-07,7.650322654430171e-06,0.47523889484398774,46,highpass
1.0422013076143979e-07,3.6028741350935267e-07,1.992851940413644e-07,2.573392831912505e-07,7.650322654430171e-06,0.47523889484398774,46,highpass
1.0422013076143979e-07,3.6028741350935267e-07,1.992851940413644e-07,2.573392831912505e-07,7.650322654430171e-06,0.47523889484398774,46,highpass
1.0422013076143979e-07,3.6028741350935267e-07,1.992851940413644e-07,2.573392831912505e-07,7.650322654430171e-06,0.47523889484398774,46,highpass
1.0422013076143979e-07,4.79984762515759e-07,1.992851940413644e-07,2.573392831912505e-07,7.650322654430171e-06,0.3627965438463564,46,highpass
1.0422013076143979e-07,3.6028741350935267e-07,1.992851940413644e-07,2.573392831912505e-07,7.650322654430171e-06,0.47523889484398774,46,highpass
1.0422013076143979e-07,3.6028741350935267e-07,1.992851940413644e-07,2.576847424905963e-07,7.650322654430171e-06,0.475230128417218,46,highpass
1.0422013076143979e-07,3.6028741350935267e-07,1.9600698183673215e-07,2.573392831912505e-07,7.650322654430171e-06,0.42852559026479164,46,highpass
1.0422013076143979e-07,3.6028741350935267e-07,1.992851940413644e-07,2.573392831912505e-07,7.650322654430171e-06,0.47523889484398774,46,highpass
1.0422013076143979e-07,3.6028741350935267e-07,1.992851940413644e-07,2.573392831912505e-07,7.650322654430171e-06,0.47523889484398774,46,highpass
1.0422013076143979e-07,3.6028741350935267e-07,1.992851940413644e-07,2.573392831912505e-07,4.9346661413946675e-05,0.3759633047372667,46,highpass
1.0422013076143979e-07,4.2864958941765533e-07,1.992851940413644e-07,2.576847424905963e-07,7.650322654430171e-06,0.33497717963943274,46,highpass
1.0422013076143979e-07,3.6028741350935267e-07,1.992851940413644e-07,2.799051546953459e-07,7.650322654430171e-06,0.4667829851673603,46,highpass
1.0422013076143979e-07,3.6028741350935267e-07,1.992851940413644e-07,2.573392831912505e-07,7.650322654430171e-06,0.47523889484398774,46,highpass
1.0422013076143979e-07,3.6028741350935267e-07,1.992851940413644e-07,2.573392831912505e-07,7.650322654430171e-06,0.47523889484398774,46,highpass
1.0422013076143979e-07,3.6028741350935267e-07,1.992851940413644e-07,2.573392831912505e-07,7.650322654430171e-06,0.47523889484398774,46,highpass
1.0422013076143979e-07,3.6028741350935267e-07,1.992851940413644e-07,2.573392831912505e-07,7.650322654430171e-06,0.47523889484398774,46,highpass
1.0422013076143979e-07,3.6028741350935267e-07,1.992851940413644e-07,2.573392831912505e-07,7.246127075336892e-06,0.36487731021460634,46,highpass
1.0422013076143979e-07,3.6028741350935267e-07,1.992851940413644e-07,2.573392831912505e-07,7.650322654430171e-06,0.47523889484398774,46,highpass
1.0422013076143979e-07,3.6028741350935267e-07,1.992851940413644e-07,2.573392831912505e-07,7.650322654430171e-06,0.47523889484398774,46,highpass
1.0422013076143979e-07,3.6028741350935267e-07,1.992851940413644e-07,2.576847424905963e-07,7.650322654430171e-06,0.475230128417218,46,highpass
1.0422013076143979e-07,3.6028741350935267e-07,1.992851940413644e-07,2.573392831912505e-07,7.650322654430171e-06,0.47523889484398774,46,highpass
1.0422013076143979e-07,3.6028741350935267e-07,1.992851940413644e-07,1.9239525821534172e-07,7.650322654430171e-06,0.4241026343375787,46,highpass
1.0422013076143979e-07,3.6028741350935267e-07,1.992851940413644e-07,2.573392831912505e-07,7.650322654430171e-06,0.47523889484398774,46,highpass
1.0422013076143979e-07,3.6028741350935267e-07,1.992851940413644e-07,2.576847424905963e-07,7.650322654430171e-06,0.475230128417218,46,highpass
1.0422013076143979e-07,3.6028741350935267e-07,1.992851940413644e-07,2.576847424905963e-07,7.650322654430171e-06,0.475230128417218,46,highpass
1.0422013076143979e-07,3.6028741350935267e-07,1.992851940413644e-07,2.576847424905963e-07,1.7807548106888256e-05,0.36578033712678976,46,highpass
1.0422013076143979e-07,3.6028741350935267e-07,1.992851940413644e-07,2.573392831912505e-07,7.650322654430171e-06,0.47523889484398774,46,highpass
1.0422013076143979e-07,3.6028741350935267e-07,1.992851940413644e-07,2.576847424905963e-07,1.8131752245014583e-05,0.40795321215577107,46,highpass
1.0422013076143979e-07,3.6028741350935267e-07,1.992851940413644e-07,2.573392831912505e-07,7.650322654430171e-06,0.47523889484398774,46,highpass
1.0422013076143979e-07,3.6028741350935267e-07,1.992851940413644e-07,2.573392831912505e-07,7.650322654430171e-06,0.47523889484398774,47,highpass
1.0422013076143979e-07,3.6028741350935267e-07,1.992851940413644e-07,2.573392831912505e-07,7.650322654430171e-06,0.47523889484398774,47,highpass
1.0422013076143979e-07,3.6028741350935267e-07,1.992851940413644e-07,2.573392831912505e-07,7.650322654430171e-06,0.47523889484398774,47,highpass
1.0422013076143979e-07,3.6028741350935267e-07,1.992851940413644e-07,2.573392831912505e-07,7.650322654430171e-06,0.47523889484398774,47,highpass
1.0422013076143979e-07,3.6028741350935267e-07,1.5789124573676695e-07,2.573392831912505e-07,7.650322654430171e-06,0.38076487198632336,47,highpass
1.0422013076143979e-07,3.6028741350935267e-07,1.992851940413644e-07,2.573392831912505e-07,7.650322654430171e-06,0.47523889484398774,47,highpass
1.0422013076143979e-07,3.6028741350935267e-07,1.992851940413644e-07,2.573392831912505e-07,7.650322654430171e-06,0.47523889484398774,47,highpass
1.0422013076143979e-07,3.6028741350935267e-07,1.992851940413644e-07,2.573392831912505e-07,7.650322654430171e-06,0.47523889484398774,47,highpass
1.0422013076143979e-07,3.6028741350935267e-07,1.992851940413644e-07,2.573392831912505e-07,5.387765324082576e-06,0.36364920495453357,47,highpass
1.0422013076143979e-07,3.6028741350935267e-07,1.992851940413644e-07,2.573392831912505e-07,7.650322654430171e-06,0.47523889484398774,47,highpass
1.0422013076143979e-07,3.6028741350935267e-07,1.992851940413644e-07,2.573392831912505e-07,7.650322654430171e-06,0.47523889484398774,47,highpass
1.0422013076143979e-07,3.6028741350935267e-07,1.228867272913107e-07,2.573392831912505e-07,7.650322654430171e-06,0.40141717423244433,47,highpass
1.0422013076143979e-07,3.6028741350935267e-07,1.992851940413644e-07,2.573392831912505e-07,7.650322654430171e-06,0.47523889484398774,47,highpass
1.0422013076143979e-07,3.6028741350935267e-07,1.992851940413644e-07,2.573392831912505e-07,7.650322654430171e-06,0.47523889484398774,47,highpass
1.0422013076143979e-07,3.6028741350935267e-07,1.992851940413644e-07,2.573392831912505e-07,7.650322654430171e-06,0.47523889484398774,47,highpass
1.0422013076143979e-07,3.6028741350935267e-07,1.992851940413644e-07,2.573392831912505e-07,7.650322654430171e-06,0.47523889484398774,47,highpass
1.0422013076143979e-07,3.6028741350935267e-07,1.992851940413644e-07,2.573392831912505e-07,7.650322654430171e-06,0.47523889484398774,47,highpass
1.0422013076143979e-07,3.6028741350935267e-07,1.992851940413644e-07,2.7019499086664526e-07,7.650322654430171e-06,0.47111302549417344,47,highpass
1.0422013076143979e-07,3.6028741350935267e-07,1.992851940413644e-07,2.573392831912505e-07,7.650322654430171e-06,0.47523889484398774,47,highpass
1.0422013076143979e-07,3.6028741350935267e-07,1.992851940413644e-07,2.573392831912505e-07,7.650322654430171e-06,0.47523889484398774,47,highpass
1.5959710343739566e-07,3.6028741350935267e-07,1.992851940413644e-07,2.573392831912505e-07,7.650322654430171e-06,0.42935424297640196,47,highpass
1.0422013076143979e-07,3.6028741350935267e-07,1.992851940413644e-07,2.573392831912505e-07,7.650322654430171e-06,0.47523889484398774,47,highpass
1.0422013076143979e-07,3.6028741350935267e-07,1.992851940413644e-07,2.573392831912505e-07,7.650322654430171e-06,0.47523889484398774,47,highpass
1.0422013076143979e-07,3.6028741350935267e-07,1.992851940413644e-07,2.573392831912505e-07,7.650322654430171e-06,0.47523889484398774,47,highpass
1.0422013076143979e-07,3.6028741350935267e-07,1.992851940413644e-07,2.573392831912505e-07,7.134755382618338e-06,0.36474356016629905,47,highpass
1.0422013076143979e-07,3.6028741350935267e-07,1.992851940413644e-07,2.573392831912505e-07,7.650322654430171e-06,0.47523889484398774,47,highpass
1.0422013076143979e-07,3.6028741350935267e-07,1.992851940413644e-07,2.573392831912505e-07,1.666876975593107e-05,0.37412152272603927,47,highpass
1.0422013076143979e-07,3.6028741350935267e-07,1.992851940413644e-07,2.573392831912505e-07,7.650322654430171e-06,0.47523889484398774,47,highpass
1.0422013076143979e-07,3.4361135767417776e-07,1.992851940413644e-07,2.573392831912505e-07,7.650322654430171e-06,0.37632121619952125,47,highpass
1.0422013076143979e-07,3.6028741350935267e-07,1.992851940413644e-07,2.573392831912505e-07,7.650322654430171e-06,0.47523889484398774,47,highpass
1.0422013076143979e-07,3.6028741350935267e-07,1.992851940413644e-07,2.573392831912505e-07,7.650322654430171e-06,0.47523889484398774,48,highpass
1.0422013076143979e-07,3.6028741350935267e-07,1.992851940413644e-07,2.573392831912505e-07,7.650322654430171e-06,0.47523889484398774,48,highpass
1.0422013076143979e-07,3.6028741350935267e-07,1.992851940413644e-07,2.573392831912505e-07,7.650322654430171e-06,0.47523889484398774,48,highpass
1.0422013076143979e-07,3.6028741350935267e-07,1.992851940413644e-07,2.573392831912505e-07,7.650322654430171e-06,0.47523889484398774,48,highpass
1.0422013076143979e-07,3.6028741350935267e-07,1.992851940413644e-07,2.573392831912505e-07,7.650322654430171e-06,0.47523889484398774,48,highpass
1.0422013076143979e-07,4.989394191314075e-07,1.992851940413644e-07,2.573392831912505e-07,7.650322654430171e-06,0.3743761508135208,48,highpass
1.0422013076143979e-07,3.6028741350935267e-07,1.992851940413644e-07,2.1889973187570063e-07,7.650322654430171e-06,0.37524498147775626,48,highpass
1.0422013076143979e-07,3.6028741350935267e-07,1.992851940413644e-07,2.573392831912505e-07,7.650322654430171e-06,0.47523889484398774,48,highpass
1.0422013076143979e-07,3.6028741350935267e-07,1.992851940413644e-07,2.573392831912505e-07,7.650322654430171e-06,0.47523889484398774,48,highpass
1.0422013076143979e-07,3.6028741350935267e-07,1.992851940413644e-07,2.573392831912505e-07,7.650322654430171e-06,0.47523889484398774,48,highpass
1.7217149372067935e-07,3.6028741350935267e-07,1.992851940413644e-07,2.573392831912505e-07,7.650322654430171e-06,0.38052233840665917,48,highpass
1.0422013076143979e-07,3.6028741350935267e-07,1.992851940413644e-07,1.884149101495675e-07,7.650322654430171e-06,0.4239610814978908,48,highpass
1.0422013076143979e-07,3.6028741350935267e-07,1.992851940413644e-07,2.573392831912505e-07,7.650322654430171e-06,0.47523889484398774,48,highpass
1e-07,3.6028741350935267e-07,1.992851940413644e-07,2.573392831912505e-07,7.650322654430171e-06,0.43819042128855956,48,highpass
1.0422013076143979e-07,3.6028741350935267e-07,1.992851940413644e-07,2.573392831912505e-07,7.650322654430171e-06,0.47523889484398774,48,highpass
1.0422013076143979e-07,3.6028741350935267e-07,1.992851940413644e-07,2.573392831912505e-07,7.650322654430171e-06,0.47523889484398774,48,highpass
1.0422013076143979e-07,3.6028741350935267e-07,1.992851940413644e-07,2.573392831912505e-07,7.650322654430171e-06,0.47523889484398774,48,highpass
1.0422013076143979e-07,3.6028741350935267e-07,1.992851940413644e-07,2.573392831912505e-07,7.650322654430171e-06,0.47523889484398774,48,highpass
2.2331346013885558e-07,3.6028741350935267e-07,1.992851940413644e-07,2.573392831912505e-07,7.650322654430171e-06,0.4249813424916422,48,highpass
1.0422013076143979e-07,3.6028741350935267e-07,1.992851940413644e-07,2.573392831912505e-07,7.650322654430171e-06,0.47523889484398774,48,highpass
1.0422013076143979e-07,3.6028741350935267e-07,1.992851940413644e-07,2.573392831912505e-07,7.650322654430171e-06,0.47523889484398774,48,highpass
1.0422013076143979e-07,3.6028741350935267e-07,1.992851940413644e-07,2.573392831912505e-07,7.650322654430171e-06,0.47523889484398774,48,highpass
1.039398480798699e-07,3.6028741350935267e-07,1.992851940413644e-07,2.573392831912505e-07,7.650322654430171e-06,0.47523889484398774,48,highpass
1.0422013076143979e-07,3.6028741350935267e-07,1.992851940413644e-07,2.573392831912505e-07,7.650322654430171e-06,0.47523889484398774,48,highpass
1.0422013076143979e-07,3.6028741350935267e-07,1.992851940413644e-07,2.573392831912505e-07,7.650322654430171e-06,0.47523889484398774,48,highpass
1.0422013076143979e-07,3.6028741350935267e-07,1.992851940413644e-07,2.413333908924632e-07,7.650322654430171e-06,0.370222845780873,48,highpass
1.0422013076143979e-07,3.6028741350935267e-07,1.992851940413644e-07,2.573392831912505e-07,7.650322654430171e-06,0.47523889484398774,48,highpass
1.0422013076143979e-07,3.6028741350935267e-07,1.992851940413644e-07,2.573392831912505e-07,7.650322654430171e-06,0.47523889484398774,48,highpass
1.0422013076143979e-07,3.6028741350935267e-07,1.992851940413644e-07,2.573392831912505e-07,7.650322654430171e-06,0.47523889484398774,48,highpass
1.0422013076143979e-07,3.6028741350935267e-07,1.992851940413644e-07,2.573392831912505e-07,7.650322654430171e-06,0.47523889484398774,48,highpass
1.0422013076143979e-07,3.6028741350935267e-07,1.992851940413644e-07,2.573392831912505e-07,7.650322654430171e-06,0.47523889484398774,49,highpass
1.0422013076143979e-07,3.6028741350935267e-07,1.992851940413644e-07,2.573392831912505e-07,7.650322654430171e-06,0.47523889484398774,49,highpass
1.0422013076143979e-07,3.6028741350935267e-07,1.992851940413644e-07,2.573392831912505e-07,7.650322654430171e-06,0.47523889484398774,49,highpass
1.0422013076143979e-07,3.7223396459149044e-07,1.992851940413644e-07,2.573392831912505e-07,7.650322654430171e-06,0.40907465821385286,49,highpass
1.0422013076143979e-07,3.6028741350935267e-07,1.992851940413644e-07,2.573392831912505e-07,7.650322654430171e-06,0.47523889484398774,49,highpass
1.0422013076143979e-07,3.6028741350935267e-07,1.992851940413644e-07,2.573392831912505e-07,7.650322654430171e-06,0.47523889484398774,49,highpass
1.0422013076143979e-07,3.6028741350935267e-07,1.992851940413644e-07,2.573392831912505e-07,7.650322654430171e-06,0.47523889484398774,49,highpass
1.0422013076143979e-07,3.6028741350935267e-07,1.992851940413644e-07,2.536996618013771e-07,7.650322654430171e-06,0.4735750363372623,49,highpass
1.0422013076143979e-07,3.6028741350935267e-07,1.992851940413644e-07,2.8067542635893823e-07,7.650322654430171e-06,0.46379930440894374,49,highpass
1.0422013076143979e-07,3.6028741350935267e-07,1.992851940413644e-07,2.573392831912505e-07,7.650322654430171e-06,0.47523889484398774,49,highpass
1.0422013076143979e-07,3.6028741350935267e-07,1.992851940413644e-07,1.7571344397323728e-07,7.650322654430171e-06,0.4133965345089303,49,highpass
1.0422013076143979e-07,3.6028741350935267e-07,1.992851940413644e-07,2.573392831912505e-07,7.650322654430171e-06,0.47523889484398774,49,highpass
1.0422013076143979e-07,3.6028741350935267e-07,1.992851940413644e-07,2.573392831912505e-07,7.650322654430171e-06,0.47523889484398774,49,highpass
1.039398480798699e-07,3.6028741350935267e-07,1.992851940413644e-07,2.573392831912505e-07,7.650322654430171e-06,0.47523889484398774,49,highpass
1.0422013076143979e-07,3.6028741350935267e-07,1.992851940413644e-07,2.573392831912505e-07,7.650322654430171e-06,0.47523889484398774,49,highpass
1.0422013076143979e-07,3.6028741350935267e-07,1.992851940413644e-07,2.573392831912505e-07,7.650322654430171e-06,0.47523889484398774,49,highpass
1.0422013076143979e-07,3.6028741350935267e-07,1.992851940413644e-07,2.573392831912505e-07,7.650322654430171e-06,0.47523889484398774,49,highpass
1.0422013076143979e-07,3.6028741350935267e-07,1.992851940413644e-07,2.573392831912505e-07,7.650322654430171e-06,0.47523889484398774,49,highpass
1.0422013076143979e-07,3.6028741350935267e-07,1.992851940413644e-07,2.573392831912505e-07,7.650322654430171e-06,0.47523889484398774,49,highpass
1.0422013076143979e-07,3.6961492191330475e-07,1.992851940413644e-07,2.573392831912505e-07,7.650322654430171e-06,0.44154843436948504,49,highpass
1.0422013076143979e-07,3.6028741350935267e-07,1.992851940413644e-07,2.573392831912505e-07,7.650322654430171e-06,0.47523889484398774,49,highpass
1.0422013076143979e-07,3.6028741350935267e-07,1.992851940413644e-07,2.573392831912505e-07,7.650322654430171e-06,0.47523889484398774,49,highpass
1.0422013076143979e-07,3.6028741350935267e-07,1.992851940413644e-07,2.573392831912505e-07,7.650322654430171e-06,0.47523889484398774,49,highpass
1.0422013076143979e-07,3.6028741350935267e-07,1.992851940413644e-07,2.573392831912505e-07,7.650322654430171e-06,0.47523889484398774,49,highpass
1.0422013076143979e-07,3.6028741350935267e-07,1.992851940413644e-07,2.573392831912505e-07,7.650322654430171e-06,0.47523889484398774,49,highpass
1.0422013076143979e-07,3.6028741350935267e-07,1.992851940413644e-07,2.573392831912505e-07,7.650322654430171e-06,0.47523889484398774,49,highpass
1.0422013076143979e-07,3.6028741350935267e-07,1.992851940413644e-07,2.573392831912505e-07,7.650322654430171e-06,0.47523889484398774,49,highpass
1.0422013076143979e-07,3.6028741350935267e-07,1.820650593485273e-07,2.573392831912505e-07,7.650322654430171e-06,0.4296874198947087,49,highpass
1.0422013076143979e-07,3.6028741350935267e-07,1.992851940413644e-07,2.573392831912505e-07,7.650322654430171e-06,0.47523889484398774,49,highpass
1.0422013076143979e-07,4.6638255473238267e-07,1.992851940413644e-07,2.573392831912505e-07,7.650322654430171e-06,0.380116496583679,49,highpass
1.0422013076143979e-07,3.6028741350935267e-07,1.992851940413644e-07,2.573392831912505e-07,7.650322654430171e-06,0.47523889484398774,50,highpass
1.1071490102125577e-07,3.6028741350935267e-07,1.992851940413644e-07,2.573392831912505e-07,7.650322654430171e-06,0.40347498477767385,50,highpass
1.0422013076143979e-07,3.6028741350935267e-07,1.992851940413644e-07,2.573392831912505e-07,7.650322654430171e-06,0.47523889484398774,50,highpass
1.0422013076143979e-07,3.6028741350935267e-07,1.992851940413644e-07,2.573392831912505e-07,7.650322654430171e-06,0.47523889484398774,50,highpass
1.0422013076143979e-07,3.6028741350935267e-07,1.992851940413644e-07,2.573392831912505e-07,7.650322654430171e-06,0.47523889484398774,50,highpass
1.0422013076143979e-07,3.6028741350935267e-07,1.992851940413644e-07,2.573392831912505e-07,7.650322654430171e-06,0.47523889484398774,50,highpass
1.0422013076143979e-07,3.6028741350935267e-07,1.992851940413644e-07,2.573392831912505e-07,9.526422387280944e-06,0.41115473097083516,50,highpass
1.0422013076143979e-07,3.6028741350935267e-07,1.992851940413644e-07,2.573392831912505e-07,7.650322654430171e-06,0.47523889484398774,50,highpass
1.0422013076143979e-07,3.6028741350935267e-07,1.992851940413644e-07,2.573392831912505e-07,7.650322654430171e-06,0.47523889484398774,50,highpass
1.0422013076143979e-07,3.6028741350935267e-07,1.992851940413644e-07,2.573392831912505e-07,7.650322654430171e-06,0.47523889484398774,50,highpass
1.0422013076143979e-07,3.6028741350935267e-07,1.992851940413644e-07,2.573392831912505e-07,7.650322654430171e-06,0.47523889484398774,50,highpass
1.5481236158945145e-07,3.6028741350935267e-07,1.992851940413644e-07,2.573392831912505e-07,7.650322654430171e-06,0.3866611865650898,50,highpass
1.0422013076143979e-07,3.6028741350935267e-07,1.8089764608551017e-07,2.573392831912505e-07,7.650322654430171e-06,0.436335054503433,50,highpass
1.0422013076143979e-07,3.6028741350935267e-07,1.992851940413644e-07,2.573392831912505e-07,7.650322654430171e-06,0.47523889484398774,50,highpass
1.0422013076143979e-07,3.6028741350935267e-07,1.992851940413644e-07,2.573392831912505e-07,7.490336675332303e-06,0.4754524020284424,50,highpass
1.0422013076143979e-07,3.6028741350935267e-07,1.992851940413644e-07,2.573392831912505e-07,7.650322654430171e-06,0.47523889484398774,50,highpass
1.0422013076143979e-07,3.6028741350935267e-07,1.992851940413644e-07,2.573392831912505e-07,7.650322654430171e-06,0.47523889484398774,50,highpass
1.0422013076143979e-07,3.6028741350935267e-07,1.992851940413644e-07,2.573392831912505e-07,7.650322654430171e-06,0.47523889484398774,50,highpass
1.039398480798699e-07,3.6028741350935267e-07,1.992851940413644e-07,2.530959561439247e-07,7.650322654430171e-06,0.4339877588197466,50,highpass
1.0422013076143979e-07,3.6028741350935267e-07,1.992851940413644e-07,2.573392831912505e-07,7.650322654430171e-06,0.47523889484398774,50,highpass
1.0422013076143979e-07,3.6028741350935267e-07,1.992851940413644e-07,2.573392831912505e-07,7.650322654430171e-06,0.47523889484398774,50,highpass
1.0422013076143979e-07,4.843270972232439e-07,1.992851940413644e-07,2.573392831912505e-07,7.650322654430171e-06,0.2976447983616374,50,highpass
1.0422013076143979e-07,3.6028741350935267e-07,1.992851940413644e-07,2.573392831912505e-07,7.650322654430171e-06,0.47523889484398774,50,highpass
1.0422013076143979e-07,3.6028741350935267e-07,1.992851940413644e-07,2.573392831912505e-07,7.650322654430171e-06,0.47523889484398774,50,highpass
1.0422013076143979e-07,3.6028741350935267e-07,1.992851940413644e-07,2.573392831912505e-07,7.650322654430171e-06,0.47523889484398774,50,highpass
1.0422013076143979e-07,3.6028741350935267e-07,1.992851940413644e-07,2.573392831912505e-07,7.650322654430171e-06,0.47523889484398774,50,highpass
1.0422013076143979e-07,3.6028741350935267e-07,1.992851940413644e-07,2.573392831912505e-07,7.650322654430171e-06,0.47523889484398774,50,highpass
1.0422013076143979e-07,3.6028741350935267e-07,1.992851940413644e-07,2.573392831912505e-07,7.650322654430171e-06,0.47523889484398774,50,highpass
1.0422013076143979e-07,3.6028741350935267e-07,1.992851940413644e-07,2.573392831912505e-07,7.650322654430171e-06,0.47523889484398774,50,highpass
1.0422013076143979e-07,3.6028741350935267e-07,1.992851940413644e-07,2.573392831912505e-07,6.282854968160313e-06,0.36448482019948714,50,highpass
1.0422013076143979e-07,3.6028741350935267e-07,1.992851940413644e-07,2.573392831912505e-07,7.490336675332303e-06,0.4754524020284424,51,highpass
1.0422013076143979e-07,3.6028741350935267e-07,1.992851940413644e-07,2.573392831912505e-07,7.650322654430171e-06,0.47523889484398774,51,highpass
1.0422013076143979e-07,3.6028741350935267e-07,1.992851940413644e-07,2.573392831912505e-07,9.162614377469378e-06,0.3647038931178752,51,highpass
1.0422013076143979e-07,3.6028741350935267e-07,1.992851940413644e-07,2.573392831912505e-07,7.650322654430171e-06,0.47523889484398774,51,highpass
1.0422013076143979e-07,3.6028741350935267e-07,1.992851940413644e-07,2.573392831912505e-07,7.650322654430171e-06,0.47523889484398774,51,highpass
1.0422013076143979e-07,3.6028741350935267e-07,1.992851940413644e-07,2.573392831912505e-07,2.8146195346393403e-05,0.3934383464467695,51,highpass
1.0422013076143979e-07,3.6028741350935267e-07,1.992851940413644e-07,2.573392831912505e-07,7.650322654430171e-06,0.47523889484398774,51,highpass
1.0422013076143979e-07,3.6028741350935267e-07,1.992851940413644e-07,2.573392831912505e-07,7.650322654430171e-06,0.47523889484398774,51,highpass
1.0422013076143979e-07,3.6028741350935267e-07,1.992851940413644e-07,2.573392831912505e-07,7.490336675332303e-06,0.4754524020284424,51,highpass
1.0422013076143979e-07,3.6028741350935267e-07,1.992851940413644e-07,2.573392831912505e-07,7.650322654430171e-06,0.47523889484398774,51,highpass
1.0422013076143979e-07,3.6028741350935267e-07,1.992851940413644e-07,2.573392831912505e-07,7.650322654430171e-06,0.47523889484398774,51,highpass
1.0422013076143979e-07,3.6028741350935267e-07,1.992851940413644e-07,2.540151489473238e-07,7.650322654430171e-06,0.4737623509747115,51,highpass
1.0422013076143979e-07,3.6028741350935267e-07,1.992851940413644e-07,2.573392831912505e-07,7.650322654430171e-06,0.47523889484398774,51,highpass
1.0422013076143979e-07,3.6028741350935267e-07,1.992851940413644e-07,2.573392831912505e-07,7.490336675332303e-06,0.4754524020284424,51,highpass
1.0422013076143979e-07,3.6028741350935267e-07,1.992851940413644e-07,2.573392831912505e-07,7.650322654430171e-06,0.47523889484398774,51,highpass
1.0422013076143979e-07,3.6028741350935267e-07,1.992851940413644e-07,2.573392831912505e-07,7.650322654430171e-06,0.47523889484398774,51,highpass
1.0422013076143979e-07,3.6028741350935267e-07,1.992851940413644e-07,2.573392831912505e-07,7.650322654430171e-06,0.47523889484398774,51,highpass
1.0422013076143979e-07,3.6028741350935267e-07,1.992851940413644e-07,2.573392831912505e-07,7.650322654430171e-06,0.47523889484398774,51,highpass
1.0422013076143979e-07,3.6028741350935267e-07,1.4615121790954804e-07,2.573392831912505e-07,7.650322654430171e-06,0.41556287866323777,51,highpass
1.0422013076143979e-07,3.6028741350935267e-07,1.992851940413644e-07,2.504853105224424e-07,7.650322654430171e-06,0.4712428183398096,51,highpass
1.0422013076143979e-07,3.6028741350935267e-07,2.0188869176731453e-07,2.573392831912505e-07,7.650322654430171e-06,0.4113168069539512,51,highpass
1.0422013076143979e-07,3.6028741350935267e-07,1.992851940413644e-07,2.573392831912505e-07,7.650322654430171e-06,0.47523889484398774,51,highpass
1.0422013076143979e-07,3.6028741350935267e-07,1.992851940413644e-07,2.573392831912505e-07,7.490336675332303e-06,0.4754524020284424,51,highpass
2.426266157606489e-07,3.6028741350935267e-07,1.992851940413644e-07,2.573392831912505e-07,7.490336675332303e-06,0.3851476339563129,51,highpass
1.0422013076143979e-07,3.6028741350935267e-07,1.992851940413644e-07,2.573392831912505e-07,7.650322654430171e-06,0.47523889484398774,51,highpass
1.0422013076143979e-07,3.6028741350935267e-07,1.239070945936525e-07,2.573392831912505e-07,7.650322654430171e-06,0.41126961406692597,51,highpass
1.0422013076143979e-07,3.6028741350935267e-07,1.992851940413644e-07,2.573392831912505e-07,7.650322654430171e-06,0.47523889484398774,51,highpass
1.0422013076143979e-07,3.6028741350935267e-07,1.992851940413644e-07,2.573392831912505e-07,7.650322654430171e-06,0.47523889484398774,51,highpass
1.0422013076143979e-07,3.6028741350935267e-07,1.992851940413644e-07,2.573392831912505e-07,7.650322654430171e-06,0.47523889484398774,51,highpass
1.0422013076143979e-07,3.6028741350935267e-07,1.992851940413644e-07,2.573392831912505e-07,7.650322654430171e-06,0.47523889484398774,51,highpass
1.0422013076143979e-07,3.6028741350935267e-07,1.992851940413644e-07,2.573392831912505e-07,7.490336675332303e-06,0.4754524020284424,52,highpass
1.0422013076143979e-07,3.6028741350935267e-07,1.992851940413644e-07,2.573392831912505e-07,7.490336675332303e-06,0.4754524020284424,52,highpass
1.0422013076143979e-07,3.6028741350935267e-07,1.992851940413644e-07,2.573392831912505e-07,7.490336675332303e-06,0.4754524020284424,52,highpass
1.0422013076143979e-07,3.6028741350935267e-07,1.992851940413644e-07,2.573392831912505e-07,7.490336675332303e-06,0.4754524020284424,52,highpass
1.0422013076143979e-07,3.6028741350935267e-07,1.992851940413644e-07,2.573392831912505e-07,7.650322654430171e-06,0.47523889484398774,52,highpass
1.0422013076143979e-07,3.6028741350935267e-07,1.992851940413644e-07,2.573392831912505e-07,7.490336675332303e-06,0.4754524020284424,52,highpass
1.0422013076143979e-07,3.6028741350935267e-07,1.992851940413644e-07,2.573392831912505e-07,7.650322654430171e-06,0.47523889484398774,52,highpass
1.0422013076143979e-07,3.6028741350935267e-07,1.992851940413644e-07,2.573392831912505e-07,7.490336675332303e-06,0.4754524020284424,52,highpass
1.0422013076143979e-07,3.6028741350935267e-07,1.992851940413644e-07,2.573392831912505e-07,7.490336675332303e-06,0.4754524020284424,52,highpass
1.0422013076143979e-07,3.6028741350935267e-07,1.992851940413644e-07,2.573392831912505e-07,7.650322654430171e-06,0.47523889484398774,52,highpass
1.0422013076143979e-07,3.6028741350935267e-07,1.992851940413644e-07,2.573392831912505e-07,7.650322654430171e-06,0.47523889484398774,52,highpass
1.0422013076143979e-07,3.6028741350935267e-07,1.7679945569366678e-07,2.573392831912505e-07,7.490336675332303e-06,0.4032937698830921,52,highpass
1.0422013076143979e-07,3.6028741350935267e-07,1.992851940413644e-07,2.573392831912505e-07,7.650322654430171e-06,0.47523889484398774,52,highpass
1.0422013076143979e-07,3.6028741350935267e-07,1.992851940413644e-07,2.573392831912505e-07,7.650322654430171e-06,0.47523889484398774,52,highpass
1.0422013076143979e-07,3.6028741350935267e-07,1.992851940413644e-07,2.573392831912505e-07,7.650322654430171e-06,0.47523889484398774,52,highpass
1.0422013076143979e-07,3.6028741350935267e-07,1.992851940413644e-07,2.573392831912505e-07,7.490336675332303e-06,0.4754524020284424,52,highpass
1.0422013076143979e-07,3.6028741350935267e-07,1.992851940413644e-07,2.573392831912505e-07,2.1138382055131316e-05,0.4168595958352434,52,highpass
1.0422013076143979e-07,3.6028741350935267e-07,1.992851940413644e-07,2.573392831912505e-07,7.650322654430171e-06,0.47523889484398774,52,highpass
1.0422013076143979e-07,3.6028741350935267e-07,1.992851940413644e-07,2.573392831912505e-07,7.650322654430171e-06,0.47523889484398774,52,highpass
1.0422013076143979e-07,3.6028741350935267e-07,1.992851940413644e-07,2.573392831912505e-07,7.991839926400619e-06,0.37109863274460814,52,highpass
1.0422013076143979e-07,3.6028741350935267e-07,1.992851940413644e-07,2.573392831912505e-07,7.490336675332303e-06,0.4754524020284424,52,highpass
1.0422013076143979e-07,3.6028741350935267e-07,1.992851940413644e-07,2.463290999652491e-07,7.650322654430171e-06,0.38066834683186845,52,highpass
1.0422013076143979e-07,3.6028741350935267e-07,1.992851940413644e-07,2.573392831912505e-07,7.650322654430171e-06,0.47523889484398774,52,highpass
1.0422013076143979e-07,3.6028741350935267e-07,1.992851940413644e-07,2.573392831912505e-07,7.650322654430171e-06,0.47523889484398774,52,highpass
1.0422013076143979e-07,3.6028741350935267e-07,1.9290379366150923e-07,2.573392831912505e-07,7.650322654430171e-06,0.4012601102517448,52,highpass
1.0422013076143979e-07,3.6028741350935267e-07,1.992851940413644e-07,2.573392831912505e-07,7.490336675332303e-06,0.4754524020284424,52,highpass
1.0422013076143979e-07,3.6028741350935267e-07,1.992851940413644e-07,2.573392831912505e-07,7.650322654430171e-06,0.47523889484398774,52,highpass
1.0422013076143979e-07,3.6028741350935267e-07,1.992851940413644e-07,2.679227088268891e-07,7.490336675332303e-06,0.47291494700611314,52,highpass
1.0422013076143979e-07,3.6028741350935267e-07,1.992851940413644e-07,2.5413319871612567e-07,7.490336675332303e-06,0.47405180815151465,52,highpass
1.0422013076143979e-07,3.6028741350935267e-07,1.992851940413644e-07,2.573392831912505e-07,7.490336675332303e-06,0.4754524020284424,52,highpass
1.0422013076143979e-07,3.6028741350935267e-07,1.992851940413644e-07,2.573392831912505e-07,7.490336675332303e-06,0.4754524020284424,53,highpass
1.0422013076143979e-07,3.6028741350935267e-07,1.992851940413644e-07,2.573392831912505e-07,7.490336675332303e-06,0.4754524020284424,53,highpass
1.0422013076143979e-07,3.6028741350935267e-07,1.992851940413644e-07,2.573392831912505e-07,7.490336675332303e-06,0.4754524020284424,53,highpass
1.0422013076143979e-07,3.6028741350935267e-07,1.992851940413644e-07,2.573392831912505e-07,7.490336675332303e-06,0.4754524020284424,53,highpass
1.0422013076143979e-07,3.6028741350935267e-07,1.992851940413644e-07,2.573392831912505e-07,7.490336675332303e-06,0.4754524020284424,53,highpass
1.0422013076143979e-07,3.6028741350935267e-07,1.992851940413644e-07,2.573392831912505e-07,7.490336675332303e-06,0.4754524020284424,53,highpass
1.0422013076143979e-07,3.6028741350935267e-07,1.992851940413644e-07,2.573392831912505e-07,7.490336675332303e-06,0.4754524020284424,53,highpass
1.0422013076143979e-07,3.6028741350935267e-07,1.992851940413644e-07,2.573392831912505e-07,2.4659472736123825e-05,0.38670315554234813,53,highpass
1.0422013076143979e-07,3.6028741350935267e-07,1.992851940413644e-07,2.573392831912505e-07,7.490336675332303e-06,0.4754524020284424,53,highpass
1.0422013076143979e-07,3.6028741350935267e-07,1.992851940413644e-07,2.573392831912505e-07,7.490336675332303e-06,0.4754524020284424,53,highpass
1.0422013076143979e-07,3.6028741350935267e-07,1.992851940413644e-07,2.573392831912505e-07,7.490336675332303e-06,0.4754524020284424,53,highpass
1.0422013076143979e-07,3.6028741350935267e-07,1.992851940413644e-07,2.573392831912505e-07,7.490336675332303e-06,0.4754524020284424,53,highpass
1.0422013076143979e-07,3.6028741350935267e-07,1.992851940413644e-07,2.573392831912505e-07,7.490336675332303e-06,0.4754524020284424,53,highpass
1.0422013076143979e-07,3.6028741350935267e-07,1.992851940413644e-07,2.573392831912505e-07,7.490336675332303e-06,0.4754524020284424,53,highpass
1.0422013076143979e-07,3.6028741350935267e-07,1.992851940413644e-07,2.573392831912505e-07,7.650322654430171e-06,0.47523889484398774,53,highpass
1.0422013076143979e-07,3.6028741350935267e-07,1.992851940413644e-07,2.573392831912505e-07,7.490336675332303e-06,0.4754524020284424,53,highpass
1.0422013076143979e-07,3.6028741350935267e-07,1.992851940413644e-07,2.573392831912505e-07,7.490336675332303e-06,0.4754524020284424,53,highpass
1.0422013076143979e-07,3.6905655086924086e-07,1.992851940413644e-07,2.573392831912505e-07,7.490336675332303e-06,0.4470517570157482,53,highpass
1.0422013076143979e-07,3.6028741350935267e-07,1.992851940413644e-07,2.573392831912505e-07,7.490336675332303e-06,0.4754524020284424,53,highpass
1.0422013076143979e-07,3.6028741350935267e-07,1.992851940413644e-07,2.573392831912505e-07,7.490336675332303e-06,0.4754524020284424,53,highpass
1.0422013076143979e-07,3.6028741350935267e-07,1.992851940413644e-07,2.573392831912505e-07,7.490336675332303e-06,0.4754524020284424,53,highpass
1.0422013076143979e-07,3.6028741350935267e-07,1.992851940413644e-07,2.573392831912505e-07,7.490336675332303e-06,0.4754524020284424,53,highpass
2.2632252074248932e-07,3.6028741350935267e-07,1.992851940413644e-07,2.573392831912505e-07,7.490336675332303e-06,0.457310506873582,53,highpass
1.0422013076143979e-07,3.6028741350935267e-07,1.992851940413644e-07,2.573392831912505e-07,7.490336675332303e-06,0.4754524020284424,53,highpass
1.0422013076143979e-07,3.6028741350935267e-07,1.992851940413644e-07,2.573392831912505e-07,7.490336675332303e-06,0.4754524020284424,53,highpass
1.0422013076143979e-07,3.6028741350935267e-07,1.992851940413644e-07,2.573392831912505e-07,7.650322654430171e-06,0.47523889484398774,53,highpass
1.0422013076143979e-07,3.6028741350935267e-07,1.992851940413644e-07,1.7538079569985414e-07,7.490336675332303e-06,0.41314524423734045,53,highpass
1.0422013076143979e-07,3.6028741350935267e-07,1.992851940413644e-07,2.573392831912505e-07,7.490336675332303e-06,0.4754524020284424,53,highpass
1.0422013076143979e-07,3.6028741350935267e-07,1.992851940413644e-07,2.573392831912505e-07,7.490336675332303e-06,0.4754524020284424,53,highpass
1.0422013076143979e-07,3.6028741350935267e-07,1.992851940413644e-07,2.573392831912505e-07,7.490336675332303e-06,0.4754524020284424,53,highpass
1.0422013076143979e-07,3.6028741350935267e-07,1.992851940413644e-07,2.573392831912505e-07,7.490336675332303e-06,0.4754524020284424,54,highpass
1.0422013076143979e-07,3.6028741350935267e-07,1.992851940413644e-07,2.573392831912505e-07,7.490336675332303e-06,0.4754524020284424,54,highpass
1.1121144809188719e-07,3.6028741350935267e-07,1.992851940413644e-07,2.573392831912505e-07,7.490336675332303e-06,0.37207579854738987,54,highpass
1.0422013076143979e-07,3.6028741350935267e-07,1.992851940413644e-07,2.573392831912505e-07,7.490336675332303e-06,0.4754524020284424,54,highpass
1.0422013076143979e-07,3.6028741350935267e-07,1.992851940413644e-07,2.573392831912505e-07,7.490336675332303e-06,0.4754524020284424,54,highpass
1.0422013076143979e-07,3.6028741350935267e-07,1.992851940413644e-07,2.573392831912505e-07,7.490336675332303e-06,0.4754524020284424,54,highpass
1e-07,3.6028741350935267e-07,1.992851940413644e-07,2.573392831912505e-07,7.490336675332303e-06,0.43817984302548807,54,highpass
1.0422013076143979e-07,3.6028741350935267e-07,1.992851940413644e-07,2.573392831912505e-07,7.490336675332303e-06,0.4754524020284424,54,highpass
1.0422013076143979e-07,3.6028741350935267e-07,1.992851940413644e-07,2.573392831912505e-07,7.490336675332303e-06,0.4754524020284424,54,highpass
1.0422013076143979e-07,3.6028741350935267e-07,1.992851940413644e-07,2.573392831912505e-07,7.490336675332303e-06,0.4754524020284424,54,highpass
1.0422013076143979e-07,3.6028741350935267e-07,1.992851940413644e-07,2.573392831912505e-07,7.490336675332303e-06,0.4754524020284424,54,highpass
1.0422013076143979e-07,3.6028741350935267e-07,1.992851940413644e-07,2.573392831912505e-07,7.490336675332303e-06,0.4754524020284424,54,highpass
1.0422013076143979e-07,5.518135991641648e-07,1.992851940413644e-07,2.573392831912505e-07,7.490336675332303e-06,0.30744498577627016,54,highpass
1.0422013076143979e-07,3.6028741350935267e-07,1.992851940413644e-07,2.573392831912505e-07,7.490336675332303e-06,0.4754524020284424,54,highpass
1.0422013076143979e-07,3.6028741350935267e-07,1.992851940413644e-07,2.573392831912505e-07,7.490336675332303e-06,0.4754524020284424,54,highpass
1.0422013076143979e-07,3.6028741350935267e-07,1.992851940413644e-07,2.573392831912505e-07,2.4594949028459905e-05,0.38673313226244327,54,highpass
1.0994381618505267e-07,3.6028741350935267e-07,1.992851940413644e-07,2.573392831912505e-07,7.490336675332303e-06,0.36768382806954875,54,highpass
1.0422013076143979e-07,3.6028741350935267e-07,1.992851940413644e-07,2.573392831912505e-07,7.490336675332303e-06,0.4754524020284424,54,highpass
1.0422013076143979e-07,3.6028741350935267e-07,1.992851940413644e-07,2.573392831912505e-07,7.490336675332303e-06,0.4754524020284424,54,highpass
1.0422013076143979e-07,3.6028741350935267e-07,2.059416979754344e-07,2.573392831912505e-07,7.490336675332303e-06,0.425542383572216,54,highpass
1.0422013076143979e-07,3.6028741350935267e-07,1.992851940413644e-07,2.573392831912505e-07,7.490336675332303e-06,0.4754524020284424,54,highpass
1.0422013076143979e-07,3.6028741350935267e-07,1.992851940413644e-07,2.573392831912505e-07,7.490336675332303e-06,0.4754524020284424,54,highpass
1.0422013076143979e-07,3.6028741350935267e-07,1.992851940413644e-07,2.573392831912505e-07,7.490336675332303e-06,0.4754524020284424,54,highpass
1.0422013076143979e-07,3.6028741350935267e-07,1.992851940413644e-07,2.573392831912505e-07,7.490336675332303e-06,0.4754524020284424,54,highpass
1.0422013076143979e-07,3.6028741350935267e-07,1.992851940413644e-07,2.573392831912505e-07,8.54042621871016e-06,0.4193952465927691,54,highpass
1.0422013076143979e-07,3.6028741350935267e-07,1.992851940413644e-07,2.573392831912505e-07,7.490336675332303e-06,0.4754524020284424,54,highpass
1.0422013076143979e-07,3.6028741350935267e-07,1.992851940413644e-07,2.573392831912505e-07,7.490336675332303e-06,0.4754524020284424,54,highpass
1.0422013076143979e-07,3.6028741350935267e-07,1.992851940413644e-07,2.573392831912505e-07,7.490336675332303e-06,0.4754524020284424,54,highpass
1.0422013076143979e-07,3.6028741350935267e-07,1.992851940413644e-07,2.573392831912505e-07,7.490336675332303e-06,0.4754524020284424,54,highpass
1.0422013076143979e-07,3.6028741350935267e-07,1.992851940413644e-07,2.573392831912505e-07,7.490336675332303e-06,0.4754524020284424,54,highpass
1.0422013076143979e-07,3.6028741350935267e-07,1.992851940413644e-07,2.573392831912505e-07,7.490336675332303e-06,0.4754524020284424,55,highpass
1.0422013076143979e-07,3.6028741350935267e-07,1.992851940413644e-07,2.573392831912505e-07,7.490336675332303e-06,0.4754524020284424,55,highpass
1.0422013076143979e-07,3.6028741350935267e-07,1.992851940413644e-07,2.573392831912505e-07,7.490336675332303e-06,0.4754524020284424,55,highpass
1.0422013076143979e-07,3.72779739149931e-07,1.992851940413644e-07,2.573392831912505e-07,7.490336675332303e-06,0.4009757094811927,55,highpass
1.0422013076143979e-07,3.6028741350935267e-07,1.992851940413644e-07,2.573392831912505e-07,7.490336675332303e-06,0.4754524020284424,55,highpass
1.0422013076143979e-07,3.6028741350935267e-07,1.992851940413644e-07,2.573392831912505e-07,7.490336675332303e-06,0.4754524020284424,55,highpass
1.0422013076143979e-07,3.6028741350935267e-07,1.992851940413644e-07,2.573392831912505e-07,7.490336675332303e-06,0.4754524020284424,55,highpass
1.0422013076143979e-07,3.6028741350935267e-07,1.992851940413644e-07,2.573392831912505e-07,7.490336675332303e-06,0.4754524020284424,55,highpass
1.0422013076143979e-07,3.6028741350935267e-07,1.992851940413644e-07,2.573392831912505e-07,7.490336675332303e-06,0.4754524020284424,55,highpass
1.0422013076143979e-07,3.6028741350935267e-07,2.027652872482953e-07,2.573392831912505e-07,7.490336675332303e-06,0.36729797810638076,55,highpass
1.0422013076143979e-07,3.6028741350935267e-07,1.992851940413644e-07,2.573392831912505e-07,7.490336675332303e-06,0.4754524020284424,55,highpass
1.0422013076143979e-07,3.6028741350935267e-07,1.992851940413644e-07,2.573392831912505e-07,7.490336675332303e-06,0.4754524020284424,55,highpass
1.0422013076143979e-07,3.6028741350935267e-07,1.992851940413644e-07,2.573392831912505e-07,7.490336675332303e-06,0.4754524020284424,55,highpass
1.0422013076143979e-07,3.6028741350935267e-07,1.992851940413644e-07,2.573392831912505e-07,7.490336675332303e-06,0.4754524020284424,55,highpass
1.0422013076143979e-07,3.6028741350935267e-07,1.992851940413644e-07,2.573392831912505e-07,7.490336675332303e-06,0.4754524020284424,55,highpass
1.0422013076143979e-07,3.6028741350935267e-07,1.992851940413644e-07,2.573392831912505e-07,7.490336675332303e-06,0.4754524020284424,55,highpass
1.0422013076143979e-07,3.6028741350935267e-07,2.0672610157350946e-07,2.573392831912505e-07,7.490336675332303e-06,0.4337622327321403,55,highpass
1.0422013076143979e-07,3.6028741350935267e-07,1.992851940413644e-07,2.573392831912505e-07,7.490336675332303e-06,0.4754524020284424,55,highpass
1.0422013076143979e-07,3.6028741350935267e-07,1.992851940413644e-07,2.573392831912505e-07,7.490336675332303e-06,0.4754524020284424,55,highpass
1.0422013076143979e-07,3.6028741350935267e-07,1.992851940413644e-07,2.573392831912505e-07,7.490336675332303e-06,0.4754524020284424,55,highpass
1.4502507432776228e-07,3.6028741350935267e-07,1.992851940413644e-07,2.573392831912505e-07,7.490336675332303e-06,0.4001116291166266,55,highpass
1.0422013076143979e-07,3.6511829749853267e-07,1.992851940413644e-07,2.573392831912505e-07,7.490336675332303e-06,0.4702981517461853,55,highpass
1.0422013076143979e-07,3.6028741350935267e-07,1.992851940413644e-07,2.573392831912505e-07,7.490336675332303e-06,0.4754524020284424,55,highpass
1.0422013076143979e-07,3.6028741350935267e-07,1.992851940413644e-07,2.573392831912505e-07,7.490336675332303e-06,0.4754524020284424,55,highpass
1.0422013076143979e-07,3.6028741350935267e-07,1.9396158014922583e-07,2.573392831912505e-07,7.490336675332303e-06,0.3859735773251739,55,highpass
1e-07,3.6028741350935267e-07,1.992851940413644e-07,2.573392831912505e-07,2.0942174068815064e-05,0.36416014830183224,55,highpass
1.0422013076143979e-07,3.6028741350935267e-07,1.992851940413644e-07,2.573392831912505e-07,7.490336675332303e-06,0.4754524020284424,55,highpass
1.0422013076143979e-07,3.6028741350935267e-07,1.992851940413644e-07,2.573392831912505e-07,7.490336675332303e-06,0.4754524020284424,55,highpass
1.0422013076143979e-07,3.6028741350935267e-07,1.992851940413644e-07,2.573392831912505e-07,7.490336675332303e-06,0.4754524020284424,55,highpass
1.0422013076143979e-07,3.6028741350935267e-07,1.992851940413644e-07,2.573392831912505e-07,7.490336675332303e-06,0.4754524020284424,55,highpass
1.0422013076143979e-07,3.6028741350935267e-07,1.992851940413644e-07,2.573392831912505e-07,7.490336675332303e-06,0.4754524020284424,56,highpass
1.0422013076143979e-07,3.6028741350935267e-07,1.992851940413644e-07,2.573392831912505e-07,7.490336675332303e-06,0.4754524020284424,56,highpass
1.0422013076143979e-07,3.6028741350935267e-07,1.992851940413644e-07,2.573392831912505e-07,7.490336675332303e-06,0.4754524020284424,56,highpass
1.0422013076143979e-07,3.6028741350935267e-07,1.992851940413644e-07,2.573392831912505e-07,7.490336675332303e-06,0.4754524020284424,56,highpass
1.0422013076143979e-07,3.6028741350935267e-07,1.992851940413644e-07,2.573392831912505e-07,7.490336675332303e-06,0.4754524020284424,56,highpass
1.0422013076143979e-07,3.6028741350935267e-07,1.992851940413644e-07,2.573392831912505e-07,7.490336675332303e-06,0.4754524020284424,56,highpass
1.0422013076143979e-07,3.6028741350935267e-07,1.992851940413644e-07,2.573392831912505e-07,7.490336675332303e-06,0.4754524020284424,56,highpass
1.0422013076143979e-07,3.6028741350935267e-07,1.992851940413644e-07,2.573392831912505e-07,7.490336675332303e-06,0.4754524020284424,56,highpass
1.0422013076143979e-07,3.6028741350935267e-07,1.992851940413644e-07,2.573392831912505e-07,2.507859789193527e-05,0.3853085297738904,56,highpass
1.0422013076143979e-07,3.6028741350935267e-07,1.992851940413644e-07,2.573392831912505e-07,7.490336675332303e-06,0.4754524020284424,56,highpass
1.0422013076143979e-07,3.6028741350935267e-07,1.992851940413644e-07,2.573392831912505e-07,7.490336675332303e-06,0.4754524020284424,56,highpass
1.0422013076143979e-07,3.6028741350935267e-07,1.992851940413644e-07,2.573392831912505e-07,7.490336675332303e-06,0.4754524020284424,56,highpass
1.0422013076143979e-07,3.6028741350935267e-07,1.992851940413644e-07,2.573392831912505e-07,7.490336675332303e-06,0.4754524020284424,56,highpass
1.0422013076143979e-07,3.6028741350935267e-07,1.992851940413644e-07,2.573392831912505e-07,7.490336675332303e-06,0.4754524020284424,56,highpass
1.0422013076143979e-07,3.5912390102377306e-07,1.992851940413644e-07,2.573392831912505e-07,7.490336675332303e-06,0.4744187890980665,56,highpass
1.0422013076143979e-07,3.6028741350935267e-07,1.992851940413644e-07,2.573392831912505e-07,7.490336675332303e-06,0.4754524020284424,56,highpass
1.0422013076143979e-07,3.6028741350935267e-07,1.992851940413644e-07,2.573392831912505e-07,7.490336675332303e-06,0.4754524020284424,56,highpass
1.0422013076143979e-07,3.6028741350935267e-07,1.992851940413644e-07,2.573392831912505e-07,7.490336675332303e-06,0.4754524020284424,56,highpass
1.0422013076143979e-07,3.6028741350935267e-07,1.992851940413644e-07,2.573392831912505e-07,7.490336675332303e-06,0.4754524020284424,56,highpass
1.0422013076143979e-07,3.6028741350935267e-07,1.992851940413644e-07,2.573392831912505e-07,7.490336675332303e-06,0.4754524020284424,56,highpass
1.0422013076143979e-07,3.6028741350935267e-07,1.992851940413644e-07,2.573392831912505e-07,7.490336675332303e-06,0.4754524020284424,56,highpass
1.0422013076143979e-07,3.6028741350935267e-07,1.992851940413644e-07,2.573392831912505e-07,7.490336675332303e-06,0.4754524020284424,56,highpass
1.0422013076143979e-07,3.6028741350935267e-07,1.992851940413644e-07,2.573392831912505e-07,7.490336675332303e-06,0.4754524020284424,56,highpass
1.0422013076143979e-07,3.6028741350935267e-07,1.992851940413644e-07,2.573392831912505e-07,8.350535313447005e-06,0.36512072422368935,56,highpass
1.0422013076143979e-07,3.6028741350935267e-07,1.992851940413644e-07,2.573392831912505e-07,7.490336675332303e-06,0.4754524020284424,56,highpass
1.0422013076143979e-07,3.6028741350935267e-07,1.992851940413644e-07,2.573392831912505e-07,7.490336675332303e-06,0.4754524020284424,56,highpass
1.0422013076143979e-07,3.6028741350935267e-07,2.418993220650416e-07,2.573392831912505e-07,7.490336675332303e-06,0.4197275407856542,56,highpass
1.0422013076143979e-07,3.6028741350935267e-07,1.992851940413644e-07,2.573392831912505e-07,7.490336675332303e-06,0.4754524020284424,56,highpass
1.0422013076143979e-07,3.6028741350935267e-07,1.992851940413644e-07,2.573392831912505e-07,7.490336675332303e-06,0.4754524020284424,56,highpass
1.0422013076143979e-07,3.6028741350935267e-07,1.992851940413644e-07,2.573392831912505e-07,7.490336675332303e-06,0.4754524020284424,56,highpass
1.0422013076143979e-07,3.6028741350935267e-07,1.992851940413644e-07,2.573392831912505e-07,7.490336675332303e-06,0.4754524020284424,57,highpass
1.0422013076143979e-07,3.6028741350935267e-07,1.992851940413644e-07,2.573392831912505e-07,7.490336675332303e-06,0.4754524020284424,57,highpass
1.0422013076143979e-07,3.6028741350935267e-07,1.992851940413644e-07,2.573392831912505e-07,7.490336675332303e-06,0.4754524020284424,57,highpass
1.0422013076143979e-07,3.6028741350935267e-07,1.992851940413644e-07,2.573392831912505e-07,7.490336675332303e-06,0.4754524020284424,57,highpass
1.0422013076143979e-07,3.6028741350935267e-07,1.992851940413644e-07,2.573392831912505e-07,7.490336675332303e-06,0.4754524020284424,57,highpass
1.0422013076143979e-07,3.6028741350935267e-07,1.992851940413644e-07,2.573392831912505e-07,7.490336675332303e-06,0.4754524020284424,57,highpass
1.0422013076143979e-07,3.6028741350935267e-07,1.992851940413644e-07,2.573392831912505e-07,7.490336675332303e-06,0.4754524020284424,57,highpass
1.0422013076143979e-07,3.6028741350935267e-07,1.992851940413644e-07,2.573392831912505e-07,7.490336675332303e-06,0.4754524020284424,57,highpass
1.0422013076143979e-07,3.6028741350935267e-07,1.992851940413644e-07,2.573392831912505e-07,7.490336675332303e-06,0.4754524020284424,57,highpass
1.0422013076143979e-07,3.6028741350935267e-07,1.992851940413644e-07,2.573392831912505e-07,7.490336675332303e-06,0.4754524020284424,57,highpass
1.0422013076143979e-07,3.6028741350935267e-07,1.992851940413644e-07,2.573392831912505e-07,7.490336675332303e-06,0.4754524020284424,57,highpass
1.0422013076143979e-07,3.6028741350935267e-07,1.992851940413644e-07,2.573392831912505e-07,7.490336675332303e-06,0.4754524020284424,57,highpass
1.0422013076143979e-07,3.6028741350935267e-07,1.992851940413644e-07,2.573392831912505e-07,7.490336675332303e-06,0.4754524020284424,57,highpass
1.0422013076143979e-07,3.6028741350935267e-07,1.992851940413644e-07,2.573392831912505e-07,7.490336675332303e-06,0.4754524020284424,57,highpass
1.0422013076143979e-07,3.6028741350935267e-07,1.992851940413644e-07,2.573392831912505e-07,7.490336675332303e-06,0.4754524020284424,57,highpass
1.0422013076143979e-07,3.6028741350935267e-07,1.992851940413644e-07,2.573392831912505e-07,7.490336675332303e-06,0.4754524020284424,57,highpass
1.0422013076143979e-07,3.6028741350935267e-07,1.992851940413644e-07,2.573392831912505e-07,7.490336675332303e-06,0.4754524020284424,57,highpass
1.0422013076143979e-07,3.6028741350935267e-07,1.992851940413644e-07,2.623014339062698e-07,7.490336675332303e-06,0.47570940403951373,57,highpass
1.0422013076143979e-07,3.6028741350935267e-07,1.992851940413644e-07,2.573392831912505e-07,7.490336675332303e-06,0.4754524020284424,57,highpass
1.0422013076143979e-07,3.6028741350935267e-07,1.992851940413644e-07,2.573392831912505e-07,7.490336675332303e-06,0.4754524020284424,57,highpass
1.0422013076143979e-07,3.6028741350935267e-07,1.992851940413644e-07,2.573392831912505e-07,7.490336675332303e-06,0.4754524020284424,57,highpass
1.0422013076143979e-07,3.6028741350935267e-07,1.992851940413644e-07,2.0886371070413684e-07,7.490336675332303e-06,0.37668184724196985,57,highpass
1.0422013076143979e-07,3.6139627101444564e-07,1.992851940413644e-07,2.573392831912505e-07,7.490336675332303e-06,0.4755525224287242,57,highpass
1.0422013076143979e-07,3.6028741350935267e-07,1.992851940413644e-07,2.573392831912505e-07,7.490336675332303e-06,0.4754524020284424,57,highpass
1.0422013076143979e-07,3.6028741350935267e-07,1.992851940413644e-07,2.573392831912505e-07,7.490336675332303e-06,0.4754524020284424,57,highpass
1.0422013076143979e-07,3.6028741350935267e-07,1.992851940413644e-07,2.573392831912505e-07,7.490336675332303e-06,0.4754524020284424,57,highpass
1.0422013076143979e-07,3.6028741350935267e-07,1.992851940413644e-07,2.573392831912505e-07,7.490336675332303e-06,0.4754524020284424,57,highpass
1.0422013076143979e-07,3.6028741350935267e-07,1.992851940413644e-07,2.573392831912505e-07,7.490336675332303e-06,0.4754524020284424,57,highpass
1.0422013076143979e-07,3.6028741350935267e-07,1.992851940413644e-07,2.573392831912505e-07,7.490336675332303e-06,0.4754524020284424,57,highpass
1.0422013076143979e-07,3.6028741350935267e-07,1.992851940413644e-07,2.573392831912505e-07,7.490336675332303e-06,0.4754524020284424,57,highpass
1.0422013076143979e-07,3.6028741350935267e-07,1.992851940413644e-07,2.623014339062698e-07,7.490336675332303e-06,0.47570940403951373,58,highpass
1.0422013076143979e-07,3.6028741350935267e-07,1.992851940413644e-07,2.573392831912505e-07,7.490336675332303e-06,0.4754524020284424,58,highpass
1.0422013076143979e-07,3.6028741350935267e-07,1.992851940413644e-07,2.573392831912505e-07,7.490336675332303e-06,0.4754524020284424,58,highpass
1.0422013076143979e-07,3.6028741350935267e-07,1.992851940413644e-07,2.623014339062698e-07,7.490336675332303e-06,0.47570940403951373,58,highpass
1.0422013076143979e-07,3.6028741350935267e-07,1.992851940413644e-07,2.573392831912505e-07,7.490336675332303e-06,0.4754524020284424,58,highpass
1.0422013076143979e-07,3.6028741350935267e-07,1.992851940413644e-07,2.623014339062698e-07,7.490336675332303e-06,0.47570940403951373,58,highpass
1.0422013076143979e-07,3.6028741350935267e-07,1.992851940413644e-07,2.623014339062698e-07,7.490336675332303e-06,0.47570940403951373,58,highpass
1e-07,3.6028741350935267e-07,1.992851940413644e-07,2.573392831912505e-07,7.490336675332303e-06,0.43817984302548807,58,highpass
1.0422013076143979e-07,3.6028741350935267e-07,1.992851940413644e-07,2.573392831912505e-07,7.490336675332303e-06,0.4754524020284424,58,highpass
1.0422013076143979e-07,3.6139627101444564e-07,1.992851940413644e-07,2.573392831912505e-07,7.490336675332303e-06,0.4755525224287242,58,highpass
1.0422013076143979e-07,3.6028741350935267e-07,1.992851940413644e-07,2.623014339062698e-07,7.490336675332303e-06,0.47570940403951373,58,highpass
1.0422013076143979e-07,3.6028741350935267e-07,1.992851940413644e-07,2.573392831912505e-07,7.490336675332303e-06,0.4754524020284424,58,highpass
1.0422013076143979e-07,3.6028741350935267e-07,1.992851940413644e-07,2.573392831912505e-07,7.490336675332303e-06,0.4754524020284424,58,highpass
1.0422013076143979e-07,3.6028741350935267e-07,1.992851940413644e-07,2.573392831912505e-07,7.490336675332303e-06,0.4754524020284424,58,highpass
1.0422013076143979e-07,3.6028741350935267e-07,1.992851940413644e-07,2.573392831912505e-07,7.490336675332303e-06,0.4754524020284424,58,highpass
1.0422013076143979e-07,3.6028741350935267e-07,1.992851940413644e-07,2.573392831912505e-07,7.490336675332303e-06,0.4754524020284424,58,highpass
1.0422013076143979e-07,3.6028741350935267e-07,1.992851940413644e-07,2.573392831912505e-07,7.490336675332303e-06,0.4754524020284424,58,highpass
1.0422013076143979e-07,3.6028741350935267e-07,1.992851940413644e-07,2.573392831912505e-07,7.490336675332303e-06,0.4754524020284424,58,highpass
1.0422013076143979e-07,3.6028741350935267e-07,1.92973977241707e-07,2.623014339062698e-07,7.490336675332303e-06,0.3776616112766773,58,highpass
1.0422013076143979e-07,3.6028741350935267e-07,1.992851940413644e-07,2.623014339062698e-07,7.490336675332303e-06,0.47570940403951373,58,highpass
1.0422013076143979e-07,3.6139627101444564e-07,1.992851940413644e-07,2.573392831912505e-07,8.116747255872736e-06,0.3643368729054213,58,highpass
1.0422013076143979e-07,3.6028741350935267e-07,1.992851940413644e-07,2.623014339062698e-07,7.490336675332303e-06,0.47570940403951373,58,highpass
1.0422013076143979e-07,3.6028741350935267e-07,1.992851940413644e-07,2.573392831912505e-07,7.490336675332303e-06,0.4754524020284424,58,highpass
1.0422013076143979e-07,3.6028741350935267e-07,1.992851940413644e-07,2.573392831912505e-07,7.490336675332303e-06,0.4754524020284424,58,highpass
1.0422013076143979e-07,3.6028741350935267e-07,1.992851940413644e-07,2.573392831912505e-07,7.490336675332303e-06,0.4754524020284424,58,highpass
1.0422013076143979e-07,3.6028741350935267e-07,1.992851940413644e-07,2.573392831912505e-07,7.490336675332303e-06,0.4754524020284424,58,highpass
1.0422013076143979e-07,3.6028741350935267e-07,1.992851940413644e-07,2.623014339062698e-07,7.490336675332303e-06,0.47570940403951373,58,highpass
1.0422013076143979e-07,3.6139627101444564e-07,1.992851940413644e-07,2.573392831912505e-07,7.490336675332303e-06,0.4755525224287242,58,highpass
1.0422013076143979e-07,3.6028741350935267e-07,1.992851940413644e-07,2.573392831912505e-07,7.490336675332303e-06,0.4754524020284424,58,highpass
1.0422013076143979e-07,3.6028741350935267e-07,1.992851940413644e-07,2.573392831912505e-07,7.490336675332303e-06,0.4754524020284424,58,highpass
1.0422013076143979e-07,3.6028741350935267e-07,1.992851940413644e-07,2.623014339062698e-07,7.490336675332303e-06,0.47570940403951373,59,highpass
1.0422013076143979e-07,3.6028741350935267e-07,1.992851940413644e-07,2.623014339062698e-07,1.6363784972601245e-05,0.3867897626299438,59,highpass
1.0422013076143979e-07,3.6028741350935267e-07,1.992851940413644e-07,2.281662222907726e-07,7.490336675332303e-06,0.37154706922507896,59,highpass
1.0422013076143979e-07,3.6028741350935267e-07,1.992851940413644e-07,2.623014339062698e-07,7.490336675332303e-06,0.47570940403951373,59,highpass
1.0422013076143979e-07,3.6028741350935267e-07,1.992851940413644e-07,2.623014339062698e-07,7.490336675332303e-06,0.47570940403951373,59,highpass
1.0422013076143979e-07,3.6139627101444564e-07,1.9659052483494193e-07,2.623014339062698e-07,7.490336675332303e-06,0.4375824340940208,59,highpass
1.0422013076143979e-07,3.6028741350935267e-07,1.992851940413644e-07,2.5248683611038477e-07,7.490336675332303e-06,0.4728985186345884,59,highpass
1.0422013076143979e-07,3.6139627101444564e-07,1.992851940413644e-07,2.573392831912505e-07,7.490336675332303e-06,0.4755525224287242,59,highpass
1.0422013076143979e-07,3.6028741350935267e-07,1.992851940413644e-07,2.573392831912505e-07,7.490336675332303e-06,0.4754524020284424,59,highpass
1.0422013076143979e-07,3.6028741350935267e-07,1.992851940413644e-07,2.623014339062698e-07,7.490336675332303e-06,0.47570940403951373,59,highpass
1.0422013076143979e-07,3.6028741350935267e-07,1.992851940413644e-07,2.623014339062698e-07,7.490336675332303e-06,0.47570940403951373,59,highpass
1.0422013076143979e-07,3.6028741350935267e-07,1.992851940413644e-07,2.623014339062698e-07,7.490336675332303e-06,0.47570940403951373,59,highpass
1.0422013076143979e-07,3.6139627101444564e-07,1.992851940413644e-07,2.573392831912505e-07,7.490336675332303e-06,0.4755525224287242,59,highpass
1.0422013076143979e-07,3.6028741350935267e-07,1.992851940413644e-07,2.623014339062698e-07,7.490336675332303e-06,0.47570940403951373,59,highpass
1.0422013076143979e-07,3.6028741350935267e-07,1.992851940413644e-07,2.623014339062698e-07,7.490336675332303e-06,0.47570940403951373,59,highpass
1.5438477430162548e-07,3.6028741350935267e-07,1.992851940413644e-07,2.623014339062698e-07,7.490336675332303e-06,0.4399539207147317,59,highpass
1.0422013076143979e-07,3.6028741350935267e-07,1.992851940413644e-07,2.623014339062698e-07,7.490336675332303e-06,0.47570940403951373,59,highpass
1.0422013076143979e-07,3.6028741350935267e-07,1.992851940413644e-07,2.573392831912505e-07,7.490336675332303e-06,0.4754524020284424,59,highpass
1.0422013076143979e-07,3.6028741350935267e-07,1.992851940413644e-07,2.623014339062698e-07,7.490336675332303e-06,0.47570940403951373,59,highpass
1.0422013076143979e-07,3.6028741350935267e-07,1.992851940413644e-07,2.623014339062698e-07,7.490336675332303e-06,0.47570940403951373,59,highpass
1.0422013076143979e-07,3.6028741350935267e-07,1.992851940413644e-07,2.623014339062698e-07,7.490336675332303e-06,0.47570940403951373,59,highpass
1.0422013076143979e-07,3.6028741350935267e-07,1.992851940413644e-07,2.623014339062698e-07,7.490336675332303e-06,0.47570940403951373,59,highpass
1.0422013076143979e-07,3.6028741350935267e-07,1.992851940413644e-07,2.573392831912505e-07,7.490336675332303e-06,0.4754524020284424,59,highpass
1.0422013076143979e-07,3.6028741350935267e-07,1.992851940413644e-07,2.573392831912505e-07,7.490336675332303e-06,0.4754524020284424,59,highpass
1.0422013076143979e-07,3.6139627101444564e-07,1.992851940413644e-07,2.573392831912505e-07,7.490336675332303e-06,0.4755525224287242,59,highpass
1.0422013076143979e-07,3.6028741350935267e-07,1.992851940413644e-07,2.623014339062698e-07,7.490336675332303e-06,0.47570940403951373,59,highpass
1.0422013076143979e-07,3.6028741350935267e-07,1.992851940413644e-07,2.623014339062698e-07,7.490336675332303e-06,0.47570940403951373,59,highpass
1.0422013076143979e-07,3.6028741350935267e-07,1.992851940413644e-07,2.623014339062698e-07,7.490336675332303e-06,0.47570940403951373,59,highpass
1.0422013076143979e-07,3.6028741350935267e-07,1.992851940413644e-07,2.623014339062698e-07,7.490336675332303e-06,0.47570940403951373,59,highpass
1.0422013076143979e-07,3.6028741350935267e-07,1.992851940413644e-07,2.623014339062698e-07,7.490336675332303e-06,0.47570940403951373,59,highpass
1.0422013076143979e-07,3.6028741350935267e-07,1.992851940413644e-07,2.623014339062698e-07,7.490336675332303e-06,0.47570940403951373,60,highpass
1.0422013076143979e-07,3.6028741350935267e-07,1.992851940413644e-07,2.623014339062698e-07,7.490336675332303e-06,0.47570940403951373,60,highpass
1.0422013076143979e-07,3.6028741350935267e-07,1.992851940413644e-07,2.623014339062698e-07,7.490336675332303e-06,0.47570940403951373,60,highpass
1.0422013076143979e-07,3.6028741350935267e-07,1.992851940413644e-07,2.623014339062698e-07,7.490336675332303e-06,0.47570940403951373,60,highpass
1.0422013076143979e-07,3.6028741350935267e-07,1.992851940413644e-07,2.623014339062698e-07,7.490336675332303e-06,0.47570940403951373,60,highpass
1.0422013076143979e-07,3.6028741350935267e-07,1.992851940413644e-07,2.623014339062698e-07,7.490336675332303e-06,0.47570940403951373,60,highpass
1.0422013076143979e-07,3.6028741350935267e-07,1.992851940413644e-07,2.623014339062698e-07,4.463710886968488e-05,0.37729978691970184,60,highpass
1.0422013076143979e-07,3.6028741350935267e-07,1.992851940413644e-07,2.623014339062698e-07,7.490336675332303e-06,0.47570940403951373,60,highpass
1.0422013076143979e-07,3.6028741350935267e-07,1.992851940413644e-07,2.623014339062698e-07,7.490336675332303e-06,0.47570940403951373,60,highpass
1.0017534534195202e-07,3.6028741350935267e-07,1.992851940413644e-07,2.623014339062698e-07,7.490336675332303e-06,0.4383628211025655,60,highpass
1.0422013076143979e-07,3.6028741350935267e-07,1.992851940413644e-07,2.623014339062698e-07,7.490336675332303e-06,0.47570940403951373,60,highpass
1.0422013076143979e-07,3.6028741350935267e-07,1.992851940413644e-07,2.623014339062698e-07,7.490336675332303e-06,0.47570940403951373,60,highpass
1.0422013076143979e-07,3.6028741350935267e-07,1.992851940413644e-07,2.623014339062698e-07,7.490336675332303e-06,0.47570940403951373,60,highpass
1.0422013076143979e-07,3.434321024626907e-07,1.992851940413644e-07,2.623014339062698e-07,7.490336675332303e-06,0.3755848267214866,60,highpass
1.0422013076143979e-07,3.6028741350935267e-07,1.992851940413644e-07,2.623014339062698e-07,7.490336675332303e-06,0.47570940403951373,60,highpass
1.0422013076143979e-07,3.6028741350935267e-07,1.992851940413644e-07,2.623014339062698e-07,7.490336675332303e-06,0.47570940403951373,60,highpass
1.0422013076143979e-07,3.6028741350935267e-07,1.992851940413644e-07,2.623014339062698e-07,7.490336675332303e-06,0.47570940403951373,60,highpass
1.0422013076143979e-07,3.6028741350935267e-07,1.992851940413644e-07,2.623014339062698e-07,7.490336675332303e-06,0.47570940403951373,60,highpass
1.0422013076143979e-07,3.6028741350935267e-07,1.992851940413644e-07,2.623014339062698e-07,7.490336675332303e-06,0.47570940403951373,60,highpass
1.0422013076143979e-07,3.6028741350935267e-07,1.992851940413644e-07,2.623014339062698e-07,7.490336675332303e-06,0.47570940403951373,60,highpass
1.0422013076143979e-07,3.6028741350935267e-07,1.992851940413644e-07,2.623014339062698e-07,7.490336675332303e-06,0.47570940403951373,60,highpass
1.0422013076143979e-07,3.6028741350935267e-07,1.992851940413644e-07,2.623014339062698e-07,7.490336675332303e-06,0.47570940403951373,60,highpass
1.0422013076143979e-07,3.6028741350935267e-07,1.992851940413644e-07,2.623014339062698e-07,7.490336675332303e-06,0.47570940403951373,60,highpass
1.0422013076143979e-07,3.6028741350935267e-07,1.992851940413644e-07,2.623014339062698e-07,7.490336675332303e-06,0.47570940403951373,60,highpass
1.0422013076143979e-07,3.6028741350935267e-07,1.992851940413644e-07,2.623014339062698e-07,7.490336675332303e-06,0.47570940403951373,60,highpass
1.0422013076143979e-07,3.6028741350935267e-07,1.992851940413644e-07,2.623014339062698e-07,7.490336675332303e-06,0.47570940403951373,60,highpass
1.0422013076143979e-07,3.6028741350935267e-07,1.992851940413644e-07,2.623014339062698e-07,5.486580215210517e-06,0.362972322720642,60,highpass
1.0422013076143979e-07,3.6028741350935267e-07,1.992851940413644e-07,2.623014339062698e-07,7.490336675332303e-06,0.47570940403951373,60,highpass
1.0422013076143979e-07,3.6028741350935267e-07,1.992851940413644e-07,2.623014339062698e-07,7.490336675332303e-06,0.47570940403951373,60,highpass
1.0422013076143979e-07,3.6028741350935267e-07,1.0862442844267616e-07,2.623014339062698e-07,7.490336675332303e-06,0.39278051672441006,60,highpass
1.0422013076143979e-07,3.6028741350935267e-07,1.992851940413644e-07,2.623014339062698e-07,7.490336675332303e-06,0.47570940403951373,61,highpass
1.0422013076143979e-07,3.6028741350935267e-07,1.992851940413644e-07,2.623014339062698e-07,7.490336675332303e-06,0.47570940403951373,61,highpass
1.0422013076143979e-07,3.6028741350935267e-07,1.992851940413644e-07,2.623014339062698e-07,7.490336675332303e-06,0.47570940403951373,61,highpass
1.0422013076143979e-07,3.6028741350935267e-07,1.992851940413644e-07,2.623014339062698e-07,7.490336675332303e-06,0.47570940403951373,61,highpass
1.0422013076143979e-07,3.6028741350935267e-07,1.992851940413644e-07,2.623014339062698e-07,7.490336675332303e-06,0.47570940403951373,61,highpass
1.0422013076143979e-07,3.6028741350935267e-07,1.992851940413644e-07,2.623014339062698e-07,7.490336675332303e-06,0.47570940403951373,61,highpass
1.0422013076143979e-07,3.6028741350935267e-07,1.992851940413644e-07,2.623014339062698e-07,7.490336675332303e-06,0.47570940403951373,61,highpass
1.0422013076143979e-07,3.6028741350935267e-07,1.992851940413644e-07,1.682835247958186e-07,7.490336675332303e-06,0.40620137430525055,61,highpass
1.0422013076143979e-07,3.6028741350935267e-07,1.992851940413644e-07,2.623014339062698e-07,7.490336675332303e-06,0.47570940403951373,61,highpass
1.0422013076143979e-07,3.6028741350935267e-07,1.992851940413644e-07,2.623014339062698e-07,7.490336675332303e-06,0.47570940403951373,61,highpass
1.0422013076143979e-07,3.6028741350935267e-07,1.992851940413644e-07,2.623014339062698e-07,7.490336675332303e-06,0.47570940403951373,61,highpass
1.0422013076143979e-07,3.6028741350935267e-07,1.992851940413644e-07,2.436384305575492e-07,7.490336675332303e-06,0.3699737311824354,61,highpass
1.0422013076143979e-07,3.6028741350935267e-07,1.992851940413644e-07,2.623014339062698e-07,9.484916663595559e-06,0.4039067711616846,61,highpass
1.0422013076143979e-07,3.6028741350935267e-07,1.992851940413644e-07,2.623014339062698e-07,7.490336675332303e-06,0.47570940403951373,61,highpass
1.0422013076143979e-07,3.6028741350935267e-07,1.992851940413644e-07,2.623014339062698e-07,7.490336675332303e-06,0.47570940403951373,61,highpass
1.0422013076143979e-07,3.6028741350935267e-07,1.5242447487001593e-07,2.623014339062698e-07,7.490336675332303e-06,0.41895872871780493,61,highpass
1.0422013076143979e-07,3.6028741350935267e-07,1.992851940413644e-07,2.623014339062698e-07,7.490336675332303e-06,0.47570940403951373,61,highpass
1.0422013076143979e-07,3.6028741350935267e-07,1.992851940413644e-07,2.623014339062698e-07,7.490336675332303e-06,0.47570940403951373,61,highpass
1.0422013076143979e-07,3.6028741350935267e-07,1.992851940413644e-07,2.623014339062698e-07,7.490336675332303e-06,0.47570940403951373,61,highpass
1.0422013076143979e-07,3.6028741350935267e-07,1.992851940413644e-07,2.623014339062698e-07,7.490336675332303e-06,0.47570940403951373,61,highpass
1.0422013076143979e-07,3.6028741350935267e-07,1.992851940413644e-07,2.623014339062698e-07,7.490336675332303e-06,0.47570940403951373,61,highpass
1.0422013076143979e-07,3.6028741350935267e-07,1.992851940413644e-07,2.623014339062698e-07,7.490336675332303e-06,0.47570940403951373,61,highpass
1.0422013076143979e-07,3.6028741350935267e-07,1.992851940413644e-07,2.623014339062698e-07,7.490336675332303e-06,0.47570940403951373,61,highpass
1.0422013076143979e-07,3.6028741350935267e-07,1.992851940413644e-07,2.623014339062698e-07,7.490336675332303e-06,0.47570940403951373,61,highpass
1.0422013076143979e-07,3.6028741350935267e-07,1.992851940413644e-07,2.623014339062698e-07,7.490336675332303e-06,0.47570940403951373,61,highpass
1.0422013076143979e-07,3.6028741350935267e-07,1.992851940413644e-07,2.623014339062698e-07,7.490336675332303e-06,0.47570940403951373,61,highpass
1.0422013076143979e-07,3.6028741350935267e-07,1.992851940413644e-07,2.623014339062698e-07,7.490336675332303e-06,0.47570940403951373,61,highpass
1.0422013076143979e-07,3.6028741350935267e-07,1.992851940413644e-07,2.623014339062698e-07,7.490336675332303e-06,0.47570940403951373,61,highpass
1.0422013076143979e-07,3.6028741350935267e-07,1.992851940413644e-07,2.623014339062698e-07,7.490336675332303e-06,0.47570940403951373,61,highpass
1.0422013076143979e-07,3.6028741350935267e-07,1.992851940413644e-07,2.623014339062698e-07,2.855442109340357e-05,0.36500087725541114,61,highpass
1.0422013076143979e-07,3.6028741350935267e-07,1.992851940413644e-07,2.623014339062698e-07,7.490336675332303e-06,0.47570940403951373,62,highpass
1.0422013076143979e-07,3.6028741350935267e-07,1.992851940413644e-07,2.623014339062698e-07,7.490336675332303e-06,0.47570940403951373,62,highpass
1.0422013076143979e-07,3.6028741350935267e-07,1.992851940413644e-07,2.623014339062698e-07,7.490336675332303e-06,0.47570940403951373,62,highpass
1.0422013076143979e-07,3.6028741350935267e-07,1.992851940413644e-07,2.623014339062698e-07,7.490336675332303e-06,0.47570940403951373,62,highpass
1.0422013076143979e-07,3.6028741350935267e-07,1.992851940413644e-07,2.623014339062698e-07,7.490336675332303e-06,0.47570940403951373,62,highpass
1.0422013076143979e-07,3.6028741350935267e-07,1.992851940413644e-07,2.623014339062698e-07,7.490336675332303e-06,0.47570940403951373,62,highpass
1.0422013076143979e-07,3.6028741350935267e-07,1.992851940413644e-07,2.623014339062698e-07,7.490336675332303e-06,0.47570940403951373,62,highpass
1.0422013076143979e-07,3.6028741350935267e-07,1.992851940413644e-07,2.623014339062698e-07,7.407102593377213e-06,0.36400352130138464,62,highpass
1.0422013076143979e-07,3.6028741350935267e-07,1.992851940413644e-07,2.623014339062698e-07,7.490336675332303e-06,0.47570940403951373,62,highpass
1.0422013076143979e-07,3.6028741350935267e-07,1.992851940413644e-07,2.623014339062698e-07,7.490336675332303e-06,0.47570940403951373,62,highpass
1.0422013076143979e-07,3.6028741350935267e-07,1.992851940413644e-07,2.623014339062698e-07,7.490336675332303e-06,0.47570940403951373,62,highpass
1.0422013076143979e-07,3.6028741350935267e-07,1.992851940413644e-07,2.623014339062698e-07,7.490336675332303e-06,0.47570940403951373,62,highpass
1.0422013076143979e-07,3.6028741350935267e-07,1.992851940413644e-07,2.623014339062698e-07,7.490336675332303e-06,0.47570940403951373,62,highpass
1.0422013076143979e-07,3.6028741350935267e-07,1.992851940413644e-07,2.623014339062698e-07,7.490336675332303e-06,0.47570940403951373,62,highpass
1.0422013076143979e-07,3.6028741350935267e-07,1.992851940413644e-07,2.623014339062698e-07,7.490336675332303e-06,0.47570940403951373,62,highpass
1.0422013076143979e-07,3.6028741350935267e-07,1.992851940413644e-07,1.7058257361437655e-07,7.490336675332303e-06,0.40857870596039914,62,highpass
1.0422013076143979e-07,3.6028741350935267e-07,1.992851940413644e-07,2.623014339062698e-07,7.490336675332303e-06,0.47570940403951373,62,highpass
1.0422013076143979e-07,3.6028741350935267e-07,1.992851940413644e-07,2.623014339062698e-07,7.490336675332303e-06,0.47570940403951373,62,highpass
1.0422013076143979e-07,3.6028741350935267e-07,1.992851940413644e-07,2.623014339062698e-07,7.490336675332303e-06,0.47570940403951373,62,highpass
1.0422013076143979e-07,3.6028741350935267e-07,1.992851940413644e-07,2.623014339062698e-07,7.490336675332303e-06,0.47570940403951373,62,highpass
1.0422013076143979e-07,3.6028741350935267e-07,1.992851940413644e-07,2.623014339062698e-07,7.490336675332303e-06,0.47570940403951373,62,highpass
1.0422013076143979e-07,3.6028741350935267e-07,1.992851940413644e-07,2.623014339062698e-07,3.43349796758154e-05,0.38680855153120136,62,highpass
1.0422013076143979e-07,3.5391116680098624e-07,1.992851940413644e-07,2.623014339062698e-07,7.490336675332303e-06,0.3718670163383373,62,highpass
1.0422013076143979e-07,3.6028741350935267e-07,1.992851940413644e-07,2.623014339062698e-07,7.490336675332303e-06,0.47570940403951373,62,highpass
1.0422013076143979e-07,3.6028741350935267e-07,1.992851940413644e-07,2.623014339062698e-07,7.490336675332303e-06,0.47570940403951373,62,highpass
1.0422013076143979e-07,3.6028741350935267e-07,1.992851940413644e-07,2.623014339062698e-07,7.490336675332303e-06,0.47570940403951373,62,highpass
1.0422013076143979e-07,3.6028741350935267e-07,1.992851940413644e-07,2.623014339062698e-07,7.490336675332303e-06,0.47570940403951373,62,highpass
1.0422013076143979e-07,3.6028741350935267e-07,1.992851940413644e-07,2.623014339062698e-07,7.490336675332303e-06,0.47570940403951373,62,highpass
1.0422013076143979e-07,3.6028741350935267e-07,1.992851940413644e-07,2.623014339062698e-07,7.490336675332303e-06,0.47570940403951373,62,highpass
1.0422013076143979e-07,3.424933930742678e-07,1.992851940413644e-07,2.623014339062698e-07,7.490336675332303e-06,0.37594577221934194,62,highpass
1.0422013076143979e-07,3.6028741350935267e-07,1.992851940413644e-07,2.623014339062698e-07,7.490336675332303e-06,0.47570940403951373,63,highpass
1.0422013076143979e-07,3.6028741350935267e-07,1.992851940413644e-07,2.623014339062698e-07,7.490336675332303e-06,0.47570940403951373,63,highpass
1.0422013076143979e-07,3.6028741350935267e-07,1.992851940413644e-07,2.623014339062698e-07,7.490336675332303e-06,0.47570940403951373,63,highpass
1.0422013076143979e-07,3.6028741350935267e-07,1.992851940413644e-07,2.623014339062698e-07,7.490336675332303e-06,0.47570940403951373,63,highpass
1.0422013076143979e-07,3.6028741350935267e-07,1.992851940413644e-07,2.623014339062698e-07,7.490336675332303e-06,0.47570940403951373,63,highpass
1.0422013076143979e-07,3.6028741350935267e-07,1.992851940413644e-07,2.623014339062698e-07,7.490336675332303e-06,0.47570940403951373,63,highpass
1.0422013076143979e-07,3.6028741350935267e-07,1.992851940413644e-07,2.623014339062698e-07,7.490336675332303e-06,0.47570940403951373,63,highpass
1.0422013076143979e-07,3.6028741350935267e-07,1.992851940413644e-07,2.623014339062698e-07,7.490336675332303e-06,0.47570940403951373,63,highpass
1.0422013076143979e-07,3.6028741350935267e-07,1.992851940413644e-07,2.623014339062698e-07,7.490336675332303e-06,0.47570940403951373,63,highpass
1.0422013076143979e-07,3.6028741350935267e-07,1.992851940413644e-07,2.623014339062698e-07,7.490336675332303e-06,0.47570940403951373,63,highpass
1.0422013076143979e-07,3.6028741350935267e-07,1.992851940413644e-07,2.623014339062698e-07,7.490336675332303e-06,0.47570940403951373,63,highpass
1.0422013076143979e-07,3.6028741350935267e-07,1.992851940413644e-07,2.623014339062698e-07,7.490336675332303e-06,0.47570940403951373,63,highpass
1.0422013076143979e-07,3.6028741350935267e-07,1.992851940413644e-07,2.623014339062698e-07,7.490336675332303e-06,0.47570940403951373,63,highpass
1.0422013076143979e-07,3.6028741350935267e-07,1.992851940413644e-07,2.623014339062698e-07,7.490336675332303e-06,0.47570940403951373,63,highpass
1.0422013076143979e-07,3.6028741350935267e-07,1.992851940413644e-07,2.623014339062698e-07,7.490336675332303e-06,0.47570940403951373,63,highpass
1.0422013076143979e-07,3.6028741350935267e-07,1.992851940413644e-07,2.5998921793137176e-07,7.490336675332303e-06,0.4757692795738422,63,highpass
1.0422013076143979e-07,3.6028741350935267e-07,1.992851940413644e-07,2.623014339062698e-07,7.490336675332303e-06,0.47570940403951373,63,highpass
1.115794658431253e-07,3.6028741350935267e-07,1.992851940413644e-07,2.623014339062698e-07,7.490336675332303e-06,0.38585761681911934,63,highpass
1.0422013076143979e-07,3.6028741350935267e-07,1.992851940413644e-07,2.623014339062698e-07,3.1399362062046104e-05,0.3985991973774666,63,highpass
1.0422013076143979e-07,3.6028741350935267e-07,1.992851940413644e-07,2.623014339062698e-07,7.490336675332303e-06,0.47570940403951373,63,highpass
1.0422013076143979e-07,3.6028741350935267e-07,1.9320679538351274e-07,2.623014339062698e-07,7.490336675332303e-06,0.36987649163795727,63,highpass
1.0422013076143979e-07,3.6028741350935267e-07,1.992851940413644e-07,2.623014339062698e-07,7.490336675332303e-06,0.47570940403951373,63,highpass
1.0422013076143979e-07,3.6028741350935267e-07,1.992851940413644e-07,2.623014339062698e-07,7.490336675332303e-06,0.47570940403951373,63,highpass
1.0422013076143979e-07,3.6028741350935267e-07,1.992851940413644e-07,2.623014339062698e-07,7.490336675332303e-06,0.47570940403951373,63,highpass
1.0422013076143979e-07,3.6028741350935267e-07,1.992851940413644e-07,2.623014339062698e-07,7.490336675332303e-06,0.47570940403951373,63,highpass
1.0422013076143979e-07,3.6028741350935267e-07,1.992851940413644e-07,2.623014339062698e-07,7.490336675332303e-06,0.47570940403951373,63,highpass
1.0422013076143979e-07,3.6028741350935267e-07,1.992851940413644e-07,2.9383876856754e-07,7.490336675332303e-06,0.3564130716888127,63,highpass
1.0422013076143979e-07,3.6028741350935267e-07,1.992851940413644e-07,2.623014339062698e-07,7.490336675332303e-06,0.47570940403951373,63,highpass
1.0422013076143979e-07,3.6028741350935267e-07,1.925082257580043e-07,2.623014339062698e-07,7.490336675332303e-06,0.36987649163795727,63,highpass
1.0422013076143979e-07,3.6028741350935267e-07,1.992851940413644e-07,2.623014339062698e-07,7.490336675332303e-06,0.47570940403951373,63,highpass
1.0422013076143979e-07,3.6028741350935267e-07,1.992851940413644e-07,2.5998921793137176e-07,7.490336675332303e-06,0.4757692795738422,64,highpass
1.0422013076143979e-07,3.6028741350935267e-07,1.992851940413644e-07,2.623014339062698e-07,7.490336675332303e-06,0.47570940403951373,64,highpass
1.0422013076143979e-07,3.6028741350935267e-07,1.992851940413644e-07,2.623014339062698e-07,7.490336675332303e-06,0.47570940403951373,64,highpass
1.0422013076143979e-07,3.6028741350935267e-07,1.992851940413644e-07,2.623014339062698e-07,7.490336675332303e-06,0.47570940403951373,64,highpass
1.0422013076143979e-07,3.6028741350935267e-07,1.992851940413644e-07,2.5998921793137176e-07,7.490336675332303e-06,0.4757692795738422,64,highpass
1.0422013076143979e-07,3.6028741350935267e-07,1.992851940413644e-07,2.5998921793137176e-07,7.490336675332303e-06,0.4757692795738422,64,highpass
1.0422013076143979e-07,3.6028741350935267e-07,1.992851940413644e-07,2.623014339062698e-07,7.490336675332303e-06,0.47570940403951373,64,highpass
1.0422013076143979e-07,3.6028741350935267e-07,1.992851940413644e-07,2.623014339062698e-07,7.490336675332303e-06,0.47570940403951373,64,highpass
1.0422013076143979e-07,3.6028741350935267e-07,1.992851940413644e-07,2.623014339062698e-07,7.490336675332303e-06,0.47570940403951373,64,highpass
1.0422013076143979e-07,3.6028741350935267e-07,1.992851940413644e-07,2.623014339062698e-07,7.490336675332303e-06,0.47570940403951373,64,highpass
1.0422013076143979e-07,3.6028741350935267e-07,1.992851940413644e-07,2.623014339062698e-07,7.490336675332303e-06,0.47570940403951373,64,highpass
1.0422013076143979e-07,3.6028741350935267e-07,1.992851940413644e-07,2.623014339062698e-07,7.490336675332303e-06,0.47570940403951373,64,highpass
1.0422013076143979e-07,3.7007387107481216e-07,1.992851940413644e-07,2.623014339062698e-07,7.490336675332303e-06,0.4118143640592937,64,highpass
1.0422013076143979e-07,3.6028741350935267e-07,1.992851940413644e-07,2.623014339062698e-07,7.490336675332303e-06,0.47570940403951373,64,highpass
1.0422013076143979e-07,3.6028741350935267e-07,1.992851940413644e-07,2.623014339062698e-07,7.490336675332303e-06,0.47570940403951373,64,highpass
1.0422013076143979e-07,3.6028741350935267e-07,1.992851940413644e-07,2.5998921793137176e-07,7.490336675332303e-06,0.4757692795738422,64,highpass
1.0422013076143979e-07,3.6028741350935267e-07,1.992851940413644e-07,2.623014339062698e-07,1.5844184734302968e-05,0.4001979857597467,64,highpass
1.0422013076143979e-07,3.6028741350935267e-07,1.992851940413644e-07,2.623014339062698e-07,7.490336675332303e-06,0.47570940403951373,64,highpass
1.0422013076143979e-07,3.6028741350935267e-07,1.992851940413644e-07,2.623014339062698e-07,7.490336675332303e-06,0.47570940403951373,64,highpass
1.0422013076143979e-07,3.6028741350935267e-07,1.992851940413644e-07,2.623014339062698e-07,7.490336675332303e-06,0.47570940403951373,64,highpass
1.0422013076143979e-07,3.0753125824593185e-07,1.992851940413644e-07,2.623014339062698e-07,7.490336675332303e-06,0.40423124073923805,64,highpass
1.0422013076143979e-07,3.6028741350935267e-07,1.992851940413644e-07,2.623014339062698e-07,7.490336675332303e-06,0.47570940403951373,64,highpass
1.0422013076143979e-07,3.6028741350935267e-07,1.992851940413644e-07,2.623014339062698e-07,7.490336675332303e-06,0.47570940403951373,64,highpass
1.0422013076143979e-07,3.6028741350935267e-07,1.992851940413644e-07,2.3744308723449452e-07,7.490336675332303e-06,0.3707345630706532,64,highpass
1.0422013076143979e-07,3.5940487036121316e-07,1.992851940413644e-07,2.5998921793137176e-07,7.490336675332303e-06,0.4756268008057689,64,highpass
1.0422013076143979e-07,3.6028741350935267e-07,2.203891863765361e-07,2.623014339062698e-07,7.490336675332303e-06,0.4177760013289682,64,highpass
1.0422013076143979e-07,3.6028741350935267e-07,1.992851940413644e-07,2.623014339062698e-07,7.490336675332303e-06,0.47570940403951373,64,highpass
1.0422013076143979e-07,3.6028741350935267e-07,1.992851940413644e-07,2.623014339062698e-07,7.490336675332303e-06,0.47570940403951373,64,highpass
1.0422013076143979e-07,3.6028741350935267e-07,1.992851940413644e-07,2.623014339062698e-07,7.490336675332303e-06,0.47570940403951373,64,highpass
1.0422013076143979e-07,3.6028741350935267e-07,1.992851940413644e-07,2.623014339062698e-07,7.490336675332303e-06,0.47570940403951373,64,highpass
1.0422013076143979e-07,3.6028741350935267e-07,1.992851940413644e-07,2.5998921793137176e-07,7.490336675332303e-06,0.4757692795738422,65,highpass
1.0422013076143979e-07,3.6028741350935267e-07,1.992851940413644e-07,2.623014339062698e-07,7.490336675332303e-06,0.47570940403951373,65,highpass
1.0422013076143979e-07,3.6028741350935267e-07,1.992851940413644e-07,2.5998921793137176e-07,7.490336675332303e-06,0.4757692795738422,65,highpass
1.0422013076143979e-07,3.6028741350935267e-07,1.992851940413644e-07,2.5998921793137176e-07,7.490336675332303e-06,0.4757692795738422,65,highpass
1.0422013076143979e-07,3.99103924092262e-07,1.992851940413644e-07,2.623014339062698e-07,7.490336675332303e-06,0.40648939853911925,65,highpass
1.0422013076143979e-07,3.6028741350935267e-07,1.992851940413644e-07,2.5998921793137176e-07,7.490336675332303e-06,0.4757692795738422,65,highpass
1.0422013076143979e-07,3.6028741350935267e-07,1.992851940413644e-07,2.623014339062698e-07,7.490336675332303e-06,0.47570940403951373,65,highpass
1.0422013076143979e-07,3.6028741350935267e-07,1.992851940413644e-07,2.623014339062698e-07,7.490336675332303e-06,0.47570940403951373,65,highpass
1.0422013076143979e-07,3.6028741350935267e-07,1.992851940413644e-07,2.623014339062698e-07,7.490336675332303e-06,0.47570940403951373,65,highpass
1.0422013076143979e-07,3.6028741350935267e-07,1.992851940413644e-07,2.641628752961269e-07,7.490336675332303e-06,0.4748609757885056,65,highpass
1.0422013076143979e-07,3.6028741350935267e-07,1.992851940413644e-07,2.623014339062698e-07,7.490336675332303e-06,0.47570940403951373,65,highpass
1.0422013076143979e-07,3.6028741350935267e-07,1.992851940413644e-07,2.5998921793137176e-07,7.490336675332303e-06,0.4757692795738422,65,highpass
1.0422013076143979e-07,3.6028741350935267e-07,1.992851940413644e-07,2.623014339062698e-07,7.490336675332303e-06,0.47570940403951373,65,highpass
1.0422013076143979e-07,3.6028741350935267e-07,1.992851940413644e-07,2.623014339062698e-07,5.377803232238312e-06,0.3628690528013491,65,highpass
1.0422013076143979e-07,3.6028741350935267e-07,1.992851940413644e-07,2.5998921793137176e-07,7.490336675332303e-06,0.4757692795738422,65,highpass
1.0422013076143979e-07,3.6028741350935267e-07,1.992851940413644e-07,2.5998921793137176e-07,7.490336675332303e-06,0.4757692795738422,65,highpass
1.0422013076143979e-07,3.6028741350935267e-07,1.992851940413644e-07,2.5998921793137176e-07,7.490336675332303e-06,0.4757692795738422,65,highpass
1.0422013076143979e-07,3.6028741350935267e-07,1.992851940413644e-07,2.5998921793137176e-07,7.490336675332303e-06,0.4757692795738422,65,highpass
1.0422013076143979e-07,3.6028741350935267e-07,1.992851940413644e-07,2.5998921793137176e-07,7.490336675332303e-06,0.4757692795738422,65,highpass
1.0422013076143979e-07,3.6028741350935267e-07,1.060786079311061e-07,2.5998921793137176e-07,7.490336675332303e-06,0.39842883425912756,65,highpass
1.0422013076143979e-07,3.6028741350935267e-07,1.992851940413644e-07,2.5998921793137176e-07,7.490336675332303e-06,0.4757692795738422,65,highpass
1.0422013076143979e-07,3.6028741350935267e-07,1.992851940413644e-07,2.623014339062698e-07,7.490336675332303e-06,0.47570940403951373,65,highpass
1.0422013076143979e-07,3.6028741350935267e-07,1.992851940413644e-07,2.623014339062698e-07,7.490336675332303e-06,0.47570940403951373,65,highpass
1.0422013076143979e-07,3.6028741350935267e-07,1.997524421936184e-07,2.5998921793137176e-07,7.490336675332303e-06,0.36413376955210963,65,highpass
1.0422013076143979e-07,3.6028741350935267e-07,1.992851940413644e-07,2.623014339062698e-07,7.490336675332303e-06,0.47570940403951373,65,highpass
1.0422013076143979e-07,3.6028741350935267e-07,1.992851940413644e-07,2.5998921793137176e-07,7.490336675332303e-06,0.4757692795738422,65,highpass
1.0422013076143979e-07,3.6028741350935267e-07,1.992851940413644e-07,2.623014339062698e-07,6.919329983981222e-06,0.37318447869239696,65,highpass
1.0422013076143979e-07,3.6028741350935267e-07,1.992851940413644e-07,2.623014339062698e-07,7.490336675332303e-06,0.47570940403951373,65,highpass
1.0422013076143979e-07,3.6028741350935267e-07,1.992851940413644e-07,2.5998921793137176e-07,7.490336675332303e-06,0.4757692795738422,65,highpass
1.0422013076143979e-07,3.6028741350935267e-07,1.992851940413644e-07,2.623014339062698e-07,7.490336675332303e-06,0.47570940403951373,65,highpass
1.0422013076143979e-07,3.6028741350935267e-07,1.992851940413644e-07,2.5998921793137176e-07,7.490336675332303e-06,0.4757692795738422,66,highpass
1.0422013076143979e-07,3.6028741350935267e-07,1.992851940413644e-07,2.5998921793137176e-07,7.490336675332303e-06,0.4757692795738422,66,highpass
1.0422013076143979e-07,3.6028741350935267e-07,1.992851940413644e-07,2.5998921793137176e-07,7.490336675332303e-06,0.4757692795738422,66,highpass
1.0422013076143979e-07,3.6028741350935267e-07,1.992851940413644e-07,2.5998921793137176e-07,7.490336675332303e-06,0.4757692795738422,66,highpass
1.0422013076143979e-07,6.912995323483004e-07,1.992851940413644e-07,2.5998921793137176e-07,7.490336675332303e-06,0.2689403328910715,66,highpass
1.0422013076143979e-07,3.6028741350935267e-07,1.992851940413644e-07,2.5998921793137176e-07,7.490336675332303e-06,0.4757692795738422,66,highpass
1.0422013076143979e-07,3.6028741350935267e-07,1.992851940413644e-07,2.5998921793137176e-07,7.490336675332303e-06,0.4757692795738422,66,highpass
1.0422013076143979e-07,3.6028741350935267e-07,1.9643027406517946e-07,2.5998921793137176e-07,7.490336675332303e-06,0.4353632280557771,66,highpass
1.0422013076143979e-07,3.6028741350935267e-07,1.992851940413644e-07,2.5998921793137176e-07,7.490336675332303e-06,0.4757692795738422,66,highpass
1.0422013076143979e-07,3.6028741350935267e-07,1.992851940413644e-07,2.582252954025456e-07,7.490336675332303e-06,0.4755557905708176,66,highpass
1.0422013076143979e-07,3.6028741350935267e-07,1.9667799425561656e-07,2.5998921793137176e-07,7.490336675332303e-06,0.43648188447635083,66,highpass
1.0422013076143979e-07,3.6028741350935267e-07,1.992851940413644e-07,2.5998921793137176e-07,7.490336675332303e-06,0.4757692795738422,66,highpass
1.0422013076143979e-07,3.6028741350935267e-07,1.992851940413644e-07,2.5998921793137176e-07,7.490336675332303e-06,0.4757692795738422,66,highpass
1.0422013076143979e-07,3.6028741350935267e-07,1.992851940413644e-07,2.5998921793137176e-07,7.490336675332303e-06,0.4757692795738422,66,highpass
1.0422013076143979e-07,3.6028741350935267e-07,1.992851940413644e-07,2.5998921793137176e-07,7.490336675332303e-06,0.4757692795738422,66,highpass
1.0422013076143979e-07,3.6028741350935267e-07,1.992851940413644e-07,2.5998921793137176e-07,7.490336675332303e-06,0.4757692795738422,66,highpass
1.0422013076143979e-07,3.6028741350935267e-07,1.992851940413644e-07,2.5998921793137176e-07,7.490336675332303e-06,0.4757692795738422,66,highpass
1.0422013076143979e-07,3.6028741350935267e-07,1.992851940413644e-07,2.5998921793137176e-07,7.490336675332303e-06,0.4757692795738422,66,highpass
1.0422013076143979e-07,3.6028741350935267e-07,1.992851940413644e-07,2.5998921793137176e-07,7.490336675332303e-06,0.4757692795738422,66,highpass
1.0422013076143979e-07,3.6028741350935267e-07,1.992851940413644e-07,2.5998921793137176e-07,7.490336675332303e-06,0.4757692795738422,66,highpass
1.0422013076143979e-07,3.6028741350935267e-07,1.992851940413644e-07,2.5998921793137176e-07,7.490336675332303e-06,0.4757692795738422,66,highpass
1.0422013076143979e-07,3.6028741350935267e-07,1.992851940413644e-07,2.5998921793137176e-07,7.490336675332303e-06,0.4757692795738422,66,highpass
1.0422013076143979e-07,3.6028741350935267e-07,1.992851940413644e-07,2.5998921793137176e-07,7.490336675332303e-06,0.4757692795738422,66,highpass
1.0422013076143979e-07,3.6028741350935267e-07,1.992851940413644e-07,2.5998921793137176e-07,7.490336675332303e-06,0.4757692795738422,66,highpass
1.0422013076143979e-07,3.6028741350935267e-07,1.992851940413644e-07,2.5998921793137176e-07,7.490336675332303e-06,0.4757692795738422,66,highpass
1.0422013076143979e-07,3.6028741350935267e-07,1.992851940413644e-07,2.5998921793137176e-07,7.490336675332303e-06,0.4757692795738422,66,highpass
1.0422013076143979e-07,3.6028741350935267e-07,1.992851940413644e-07,2.5998921793137176e-07,7.490336675332303e-06,0.4757692795738422,66,highpass
1.0422013076143979e-07,3.6028741350935267e-07,1.992851940413644e-07,2.5998921793137176e-07,7.490336675332303e-06,0.4757692795738422,66,highpass
1.0422013076143979e-07,3.6028741350935267e-07,1.992851940413644e-07,2.6617861661052496e-07,7.490336675332303e-06,0.47400818127839806,66,highpass
1.0422013076143979e-07,3.6028741350935267e-07,1.992851940413644e-07,2.5998921793137176e-07,7.490336675332303e-06,0.4757692795738422,66,highpass
1.0422013076143979e-07,3.6028741350935267e-07,1.992851940413644e-07,2.5998921793137176e-07,7.490336675332303e-06,0.4757692795738422,67,highpass
1.0422013076143979e-07,3.6028741350935267e-07,2.013371166619411e-07,2.5998921793137176e-07,7.490336675332303e-06,0.3648863114313623,67,highpass
1.0422013076143979e-07,3.6028741350935267e-07,1.992851940413644e-07,1.8104741042395595e-07,7.490336675332303e-06,0.41873154982692495,67,highpass
1.0422013076143979e-07,3.6028741350935267e-07,1.992851940413644e-07,2.5998921793137176e-07,7.490336675332303e-06,0.4757692795738422,67,highpass
1.0422013076143979e-07,3.6028741350935267e-07,1.992851940413644e-07,2.5998921793137176e-07,7.490336675332303e-06,0.4757692795738422,67,highpass
1.0422013076143979e-07,3.6028741350935267e-07,1.992851940413644e-07,2.5998921793137176e-07,7.490336675332303e-06,0.4757692795738422,67,highpass
1.0422013076143979e-07,3.6028741350935267e-07,1.992851940413644e-07,2.5998921793137176e-07,7.490336675332303e-06,0.4757692795738422,67,highpass
1.0422013076143979e-07,3.6028741350935267e-07,1.992851940413644e-07,2.5998921793137176e-07,7.490336675332303e-06,0.4757692795738422,67,highpass
1.0422013076143979e-07,3.6028741350935267e-07,1.992851940413644e-07,2.5998921793137176e-07,8.488369920026882e-06,0.4159664434181596,67,highpass
1.0422013076143979e-07,3.6028741350935267e-07,1.992851940413644e-07,2.5998921793137176e-07,7.490336675332303e-06,0.4757692795738422,67,highpass
1.0422013076143979e-07,3.6028741350935267e-07,1.992851940413644e-07,2.5998921793137176e-07,7.490336675332303e-06,0.4757692795738422,67,highpass
1.0422013076143979e-07,3.6028741350935267e-07,1.992851940413644e-07,2.5998921793137176e-07,7.490336675332303e-06,0.4757692795738422,67,highpass
1.0422013076143979e-07,3.6028741350935267e-07,1.992851940413644e-07,2.5998921793137176e-07,7.490336675332303e-06,0.4757692795738422,67,highpass
1.0422013076143979e-07,3.6028741350935267e-07,1.992851940413644e-07,2.5998921793137176e-07,7.490336675332303e-06,0.4757692795738422,67,highpass
1.0422013076143979e-07,3.6028741350935267e-07,1.992851940413644e-07,2.5998921793137176e-07,7.490336675332303e-06,0.4757692795738422,67,highpass
1.0422013076143979e-07,3.6028741350935267e-07,1.992851940413644e-07,2.5998921793137176e-07,7.490336675332303e-06,0.4757692795738422,67,highpass
1.0422013076143979e-07,3.6028741350935267e-07,1.992851940413644e-07,2.5998921793137176e-07,7.490336675332303e-06,0.4757692795738422,67,highpass
1.0422013076143979e-07,3.6028741350935267e-07,1.992851940413644e-07,2.5998921793137176e-07,7.490336675332303e-06,0.4757692795738422,67,highpass
1.0422013076143979e-07,3.6028741350935267e-07,1.992851940413644e-07,2.5998921793137176e-07,7.490336675332303e-06,0.4757692795738422,67,highpass
1.0422013076143979e-07,3.6028741350935267e-07,1.992851940413644e-07,2.5998921793137176e-07,7.490336675332303e-06,0.4757692795738422,67,highpass
1.0422013076143979e-07,3.6028741350935267e-07,1.992851940413644e-07,2.5998921793137176e-07,7.490336675332303e-06,0.4757692795738422,67,highpass
1.0422013076143979e-07,3.6028741350935267e-07,1.992851940413644e-07,2.5998921793137176e-07,7.490336675332303e-06,0.4757692795738422,67,highpass
1.0422013076143979e-07,3.6028741350935267e-07,1.992851940413644e-07,2.5998921793137176e-07,7.490336675332303e-06,0.4757692795738422,67,highpass
1.0422013076143979e-07,3.6028741350935267e-07,1.992851940413644e-07,2.5998921793137176e-07,7.490336675332303e-06,0.4757692795738422,67,highpass
1.0422013076143979e-07,3.6028741350935267e-07,1.992851940413644e-07,2.5998921793137176e-07,7.490336675332303e-06,0.4757692795738422,67,highpass
1.0422013076143979e-07,3.6028741350935267e-07,1.992851940413644e-07,2.5998921793137176e-07,7.490336675332303e-06,0.4757692795738422,67,highpass
1.0422013076143979e-07,3.6028741350935267e-07,1.992851940413644e-07,2.5998921793137176e-07,7.490336675332303e-06,0.4757692795738422,67,highpass
1.0422013076143979e-07,3.6028741350935267e-07,1.992851940413644e-07,2.5998921793137176e-07,7.490336675332303e-06,0.4757692795738422,67,highpass
1.0422013076143979e-07,3.6028741350935267e-07,1.992851940413644e-07,2.5998921793137176e-07,7.490336675332303e-06,0.4757692795738422,67,highpass
1.0422013076143979e-07,3.6028741350935267e-07,1.992851940413644e-07,2.5998921793137176e-07,7.490336675332303e-06,0.4757692795738422,67,highpass
1.0422013076143979e-07,3.6028741350935267e-07,1.992851940413644e-07,2.5998921793137176e-07,7.490336675332303e-06,0.4757692795738422,68,highpass
1.0422013076143979e-07,3.6028741350935267e-07,1.992851940413644e-07,2.5998921793137176e-07,7.490336675332303e-06,0.4757692795738422,68,highpass
1.0422013076143979e-07,3.6028741350935267e-07,1.992851940413644e-07,2.5998921793137176e-07,7.490336675332303e-06,0.4757692795738422,68,highpass
1.0422013076143979e-07,3.6028741350935267e-07,1.992851940413644e-07,2.5998921793137176e-07,7.490336675332303e-06,0.4757692795738422,68,highpass
1.0422013076143979e-07,3.6028741350935267e-07,1.992851940413644e-07,2.5998921793137176e-07,7.490336675332303e-06,0.4757692795738422,68,highpass
1.0422013076143979e-07,3.6028741350935267e-07,1.992851940413644e-07,2.5998921793137176e-07,7.490336675332303e-06,0.4757692795738422,68,highpass
1.0422013076143979e-07,3.6028741350935267e-07,1.992851940413644e-07,2.5998921793137176e-07,7.490336675332303e-06,0.4757692795738422,68,highpass
1.0422013076143979e-07,3.6028741350935267e-07,1.992851940413644e-07,2.5998921793137176e-07,7.490336675332303e-06,0.4757692795738422,68,highpass
1.0274975686224562e-07,3.6028741350935267e-07,1.992851940413644e-07,2.5998921793137176e-07,7.490336675332303e-06,0.43219006576667873,68,highpass
1.0422013076143979e-07,3.6028741350935267e-07,1.992851940413644e-07,2.5998921793137176e-07,7.490336675332303e-06,0.4757692795738422,68,highpass
1.0422013076143979e-07,3.6028741350935267e-07,1.992851940413644e-07,2.5998921793137176e-07,7.490336675332303e-06,0.4757692795738422,68,highpass
1.0422013076143979e-07,3.6028741350935267e-07,1.992851940413644e-07,2.5998921793137176e-07,1.6409780339620823e-05,0.4060449277496775,68,highpass
1.0422013076143979e-07,3.6028741350935267e-07,1.992851940413644e-07,2.5998921793137176e-07,7.490336675332303e-06,0.4757692795738422,68,highpass
1.0422013076143979e-07,3.6028741350935267e-07,1.992851940413644e-07,2.5998921793137176e-07,7.490336675332303e-06,0.4757692795738422,68,highpass
1.0422013076143979e-07,3.6028741350935267e-07,1.992851940413644e-07,2.5998921793137176e-07,1.8415542365022308e-05,0.4243861487693627,68,highpass
1.0561974365558588e-07,3.6028741350935267e-07,1.992851940413644e-07,2.5998921793137176e-07,7.490336675332303e-06,0.3663963478180759,68,highpass
1.0422013076143979e-07,3.6028741350935267e-07,1.992851940413644e-07,2.5998921793137176e-07,7.4147985548542685e-06,0.3644858331227481,68,highpass
1.0422013076143979e-07,3.6028741350935267e-07,1.992851940413644e-07,2.5998921793137176e-07,7.490336675332303e-06,0.4757692795738422,68,highpass
1.0422013076143979e-07,3.6028741350935267e-07,1.992851940413644e-07,2.5998921793137176e-07,7.490336675332303e-06,0.4757692795738422,68,highpass
1.0422013076143979e-07,3.6028741350935267e-07,1.3262071969533132e-07,2.5998921793137176e-07,7.490336675332303e-06,0.4169044461990685,68,highpass
1.0422013076143979e-07,3.6028741350935267e-07,1.992851940413644e-07,2.5998921793137176e-07,7.490336675332303e-06,0.4757692795738422,68,highpass
1.0422013076143979e-07,3.6028741350935267e-07,1.992851940413644e-07,2.5998921793137176e-07,7.490336675332303e-06,0.4757692795738422,68,highpass
1.0422013076143979e-07,3.5162988748689354e-07,1.992851940413644e-07,2.5998921793137176e-07,7.490336675332303e-06,0.37286184284155494,68,highpass
1.0497748717430098e-07,3.6028741350935267e-07,1.992851940413644e-07,2.5998921793137176e-07,7.490336675332303e-06,0.3697777393640718,68,highpass
1.0422013076143979e-07,3.6028741350935267e-07,1.992851940413644e-07,2.5998921793137176e-07,7.490336675332303e-06,0.4757692795738422,68,highpass
1.0422013076143979e-07,3.6028741350935267e-07,1.992851940413644e-07,2.5998921793137176e-07,7.490336675332303e-06,0.4757692795738422,68,highpass
1.0422013076143979e-07,3.6028741350935267e-07,1.992851940413644e-07,2.5998921793137176e-07,8.679886185969461e-06,0.4165545196670075,68,highpass
1.0422013076143979e-07,3.6028741350935267e-07,1.992851940413644e-07,2.5998921793137176e-07,7.490336675332303e-06,0.4757692795738422,68,highpass
1.0422013076143979e-07,3.6028741350935267e-07,1.992851940413644e-07,2.5998921793137176e-07,7.490336675332303e-06,0.4757692795738422,68,highpass
1.0422013076143979e-07,3.6028741350935267e-07,1.992851940413644e-07,2.5998921793137176e-07,7.490336675332303e-06,0.4757692795738422,68,highpass
1.0422013076143979e-07,3.6028741350935267e-07,1.992851940413644e-07,2.5998921793137176e-07,7.490336675332303e-06,0.4757692795738422,69,highpass
1.0422013076143979e-07,3.6028741350935267e-07,1.992851940413644e-07,1.9613565241143465e-07,7.490336675332303e-06,0.42278488624688426,69,highpass
1.0422013076143979e-07,3.6028741350935267e-07,1.992851940413644e-07,2.5998921793137176e-07,7.490336675332303e-06,0.4757692795738422,69,highpass
1.0422013076143979e-07,3.6028741350935267e-07,1.992851940413644e-07,2.5998921793137176e-07,7.490336675332303e-06,0.4757692795738422,69,highpass
1.0422013076143979e-07,3.6028741350935267e-07,1.992851940413644e-07,1.6336030671362375e-07,7.490336675332303e-06,0.3995938048951323,69,highpass
1.0422013076143979e-07,3.6028741350935267e-07,1.9562634557165813e-07,2.5998921793137176e-07,7.490336675332303e-06,0.4265909350403923,69,highpass
1.0422013076143979e-07,3.6028741350935267e-07,1.992851940413644e-07,2.5998921793137176e-07,7.490336675332303e-06,0.4757692795738422,69,highpass
2.236293224825712e-07,3.6028741350935267e-07,1.992851940413644e-07,2.5998921793137176e-07,7.490336675332303e-06,0.4376775246740462,69,highpass
1.0422013076143979e-07,3.6028741350935267e-07,1.992851940413644e-07,2.5998921793137176e-07,7.490336675332303e-06,0.4757692795738422,69,highpass
1.0422013076143979e-07,3.6028741350935267e-07,1.992851940413644e-07,2.5998921793137176e-07,7.490336675332303e-06,0.4757692795738422,69,highpass
1.0422013076143979e-07,3.6028741350935267e-07,1.992851940413644e-07,2.5998921793137176e-07,7.490336675332303e-06,0.4757692795738422,69,highpass
1.0422013076143979e-07,3.6028741350935267e-07,1.992851940413644e-07,2.5998921793137176e-07,7.490336675332303e-06,0.4757692795738422,69,highpass
1.0422013076143979e-07,3.6028741350935267e-07,1.992851940413644e-07,2.5998921793137176e-07,7.490336675332303e-06,0.4757692795738422,69,highpass
1.0422013076143979e-07,3.6028741350935267e-07,1.992851940413644e-07,2.5998921793137176e-07,7.490336675332303e-06,0.4757692795738422,69,highpass
1.0422013076143979e-07,3.6028741350935267e-07,1.1368172551161439e-07,2.5998921793137176e-07,7.490336675332303e-06,0.39185350513725725,69,highpass
1.0422013076143979e-07,3.6028741350935267e-07,1.992851940413644e-07,2.5998921793137176e-07,7.490336675332303e-06,0.4757692795738422,69,highpass
1.0422013076143979e-07,3.6028741350935267e-07,1.992851940413644e-07,2.5998921793137176e-07,7.490336675332303e-06,0.4757692795738422,69,highpass
1.0422013076143979e-07,3.6028741350935267e-07,1.992851940413644e-07,2.5998921793137176e-07,7.490336675332303e-06,0.4757692795738422,69,highpass
1.0422013076143979e-07,3.6028741350935267e-07,1.992851940413644e-07,2.5998921793137176e-07,7.490336675332303e-06,0.4757692795738422,69,highpass
1.0422013076143979e-07,3.6028741350935267e-07,1.992851940413644e-07,2.5998921793137176e-07,7.490336675332303e-06,0.4757692795738422,69,highpass
1.0422013076143979e-07,3.6028741350935267e-07,1.992851940413644e-07,2.5998921793137176e-07,7.490336675332303e-06,0.4757692795738422,69,highpass
1.0422013076143979e-07,3.271143610619034e-07,1.992851940413644e-07,2.5998921793137176e-07,7.490336675332303e-06,0.3758929686136332,69,highpass
1.0422013076143979e-07,3.6028741350935267e-07,1.992851940413644e-07,2.5998921793137176e-07,7.490336675332303e-06,0.4757692795738422,69,highpass
1.0422013076143979e-07,3.6028741350935267e-07,1.992851940413644e-07,2.5998921793137176e-07,7.490336675332303e-06,0.4757692795738422,69,highpass
1.0422013076143979e-07,3.6028741350935267e-07,1.992851940413644e-07,2.5998921793137176e-07,7.490336675332303e-06,0.4757692795738422,69,highpass
1.0422013076143979e-07,3.6028741350935267e-07,1.992851940413644e-07,2.5998921793137176e-07,3.52733982281316e-05,0.3779655577088675,69,highpass
1.0422013076143979e-07,3.6028741350935267e-07,1.992851940413644e-07,1.9964505486436305e-07,7.490336675332303e-06,0.42155865478641547,69,highpass
1.0422013076143979e-07,3.6028741350935267e-07,1.992851940413644e-07,2.5998921793137176e-07,7.490336675332303e-06,0.4757692795738422,69,highpass
1.0422013076143979e-07,3.6028741350935267e-07,1.992851940413644e-07,2.5998921793137176e-07,7.490336675332303e-06,0.4757692795738422,69,highpass
1.0422013076143979e-07,3.6028741350935267e-07,1.992851940413644e-07,2.5998921793137176e-07,7.490336675332303e-06,0.4757692795738422,69,highpass
1.0422013076143979e-07,3.6028741350935267e-07,1.992851940413644e-07,2.5998921793137176e-07,7.490336675332303e-06,0.4757692795738422,70,highpass
1.0422013076143979e-07,3.6028741350935267e-07,1.992851940413644e-07,2.5998921793137176e-07,7.490336675332303e-06,0.4757692795738422,70,highpass
1.0422013076143979e-07,3.6028741350935267e-07,1.992851940413644e-07,2.5998921793137176e-07,7.490336675332303e-06,0.4757692795738422,70,highpass
1.0422013076143979e-07,3.6028741350935267e-07,1.992851940413644e-07,2.5998921793137176e-07,7.490336675332303e-06,0.4757692795738422,70,highpass
1.0422013076143979e-07,5.019231470316524e-07,1.992851940413644e-07,2.5998921793137176e-07,7.490336675332303e-06,0.3733831474089166,70,highpass
1.0422013076143979e-07,3.6028741350935267e-07,1.992851940413644e-07,2.5998921793137176e-07,7.490336675332303e-06,0.4757692795738422,70,highpass
1.0422013076143979e-07,3.6028741350935267e-07,1.992851940413644e-07,2.5998921793137176e-07,7.490336675332303e-06,0.4757692795738422,70,highpass
1.0422013076143979e-07,3.6028741350935267e-07,1.992851940413644e-07,2.5998921793137176e-07,7.490336675332303e-06,0.4757692795738422,70,highpass
1.0422013076143979e-07,3.6028741350935267e-07,1.992851940413644e-07,2.5998921793137176e-07,7.490336675332303e-06,0.4757692795738422,70,highpass
2.42144546621087e-07,3.6028741350935267e-07,1.992851940413644e-07,2.5998921793137176e-07,7.490336675332303e-06,0.38499581170729713,70,highpass
1.0422013076143979e-07,3.6028741350935267e-07,1.992851940413644e-07,2.5998921793137176e-07,7.903742128119847e-06,0.38261076133108685,70,highpass
1.0422013076143979e-07,3.6028741350935267e-07,1.992851940413644e-07,2.5998921793137176e-07,7.490336675332303e-06,0.4757692795738422,70,highpass
1.1133339242274493e-07,3.6028741350935267e-07,1.992851940413644e-07,2.5998921793137176e-07,7.490336675332303e-06,0.3782141470605759,70,highpass
1.0422013076143979e-07,3.6028741350935267e-07,1.992851940413644e-07,2.5998921793137176e-07,7.490336675332303e-06,0.4757692795738422,70,highpass
1.0422013076143979e-07,3.6028741350935267e-07,1.992851940413644e-07,2.583500997727079e-07,7.490336675332303e-06,0.4755780995416769,70,highpass
1.0422013076143979e-07,3.6028741350935267e-07,1.992851940413644e-07,2.5998921793137176e-07,7.490336675332303e-06,0.4757692795738422,70,highpass
1.0422013076143979e-07,3.6028741350935267e-07,1.992851940413644e-07,2.5998921793137176e-07,7.490336675332303e-06,0.4757692795738422,70,highpass
1.0422013076143979e-07,3.6028741350935267e-07,1.992851940413644e-07,2.5998921793137176e-07,7.490336675332303e-06,0.4757692795738422,70,highpass
1.0422013076143979e-07,3.6028741350935267e-07,1.992851940413644e-07,2.5998921793137176e-07,7.490336675332303e-06,0.4757692795738422,70,highpass
1.0422013076143979e-07,3.6028741350935267e-07,1.992851940413644e-07,2.5998921793137176e-07,7.490336675332303e-06,0.4757692795738422,70,highpass
1.0422013076143979e-07,3.6028741350935267e-07,1.992851940413644e-07,2.5998921793137176e-07,7.490336675332303e-06,0.4757692795738422,70,highpass
1.0422013076143979e-07,3.6028741350935267e-07,1.992851940413644e-07,2.5998921793137176e-07,7.490336675332303e-06,0.4757692795738422,70,highpass
1.0422013076143979e-07,3.6028741350935267e-07,1.992851940413644e-07,2.5998921793137176e-07,7.490336675332303e-06,0.4757692795738422,70,highpass
1.0422013076143979e-07,3.6028741350935267e-07,1.992851940413644e-07,2.5998921793137176e-07,9.675040202896787e-06,0.4063655035095924,70,highpass
1.2795962774536717e-07,3.6028741350935267e-07,1.992851940413644e-07,2.5998921793137176e-07,7.490336675332303e-06,0.37198691964503505,70,highpass
1.0422013076143979e-07,3.6028741350935267e-07,1.992851940413644e-07,2.5998921793137176e-07,7.490336675332303e-06,0.4757692795738422,70,highpass
1.0422013076143979e-07,3.6028741350935267e-07,1.992851940413644e-07,2.5998921793137176e-07,7.490336675332303e-06,0.4757692795738422,70,highpass
1.0422013076143979e-07,3.6028741350935267e-07,1.992851940413644e-07,2.5998921793137176e-07,7.490336675332303e-06,0.4757692795738422,70,highpass
1.0422013076143979e-07,3.6028741350935267e-07,1.992851940413644e-07,2.5998921793137176e-07,7.490336675332303e-06,0.4757692795738422,70,highpass
1.0422013076143979e-07,3.6028741350935267e-07,1.992851940413644e-07,2.5998921793137176e-07,7.490336675332303e-06,0.4757692795738422,70,highpass
1.0422013076143979e-07,3.6028741350935267e-07,1.992851940413644e-07,2.5998921793137176e-07,7.490336675332303e-06,0.4757692795738422,71,highpass
1.0422013076143979e-07,3.6028741350935267e-07,1.992851940413644e-07,2.5479680006757625e-07,7.490336675332303e-06,0.47459144086390803,71,highpass
1.0422013076143979e-07,3.6028741350935267e-07,1.992851940413644e-07,2.5998921793137176e-07,7.490336675332303e-06,0.4757692795738422,71,highpass
1.0422013076143979e-07,3.6028741350935267e-07,1.992851940413644e-07,2.5998921793137176e-07,7.490336675332303e-06,0.4757692795738422,71,highpass
1.0422013076143979e-07,3.6028741350935267e-07,1.992851940413644e-07,2.5998921793137176e-07,7.490336675332303e-06,0.4757692795738422,71,highpass
1.0422013076143979e-07,3.6028741350935267e-07,1.992851940413644e-07,2.5998921793137176e-07,5.693641637746776e-06,0.46258872766368814,71,highpass
1.0422013076143979e-07,3.6028741350935267e-07,1.992851940413644e-07,2.5998921793137176e-07,7.490336675332303e-06,0.4757692795738422,71,highpass
1.0422013076143979e-07,3.6028741350935267e-07,1.992851940413644e-07,2.5449522975773245e-07,7.490336675332303e-06,0.47445989699542485,71,highpass
1.0422013076143979e-07,3.6028741350935267e-07,1.992851940413644e-07,2.5998921793137176e-07,7.490336675332303e-06,0.4757692795738422,71,highpass
1.0422013076143979e-07,3.6028741350935267e-07,1.992851940413644e-07,2.5998921793137176e-07,7.490336675332303e-06,0.4757692795738422,71,highpass
1.0422013076143979e-07,3.6028741350935267e-07,1.992851940413644e-07,2.5998921793137176e-07,8.650398836325764e-06,0.4166068201640492,71,highpass
1.0422013076143979e-07,3.6028741350935267e-07,1.992851940413644e-07,2.5998921793137176e-07,7.490336675332303e-06,0.4757692795738422,71,highpass
1.0422013076143979e-07,3.6028741350935267e-07,1.992851940413644e-07,2.5998921793137176e-07,7.490336675332303e-06,0.4757692795738422,71,highpass
1.0422013076143979e-07,3.6028741350935267e-07,1.992851940413644e-07,2.5998921793137176e-07,7.490336675332303e-06,0.4757692795738422,71,highpass
1.0422013076143979e-07,3.6028741350935267e-07,1.992851940413644e-07,2.5998921793137176e-07,7.490336675332303e-06,0.4757692795738422,71,highpass
1.0422013076143979e-07,3.6028741350935267e-07,1.992851940413644e-07,2.5998921793137176e-07,7.490336675332303e-06,0.4757692795738422,71,highpass
1.0422013076143979e-07,3.6028741350935267e-07,1.992851940413644e-07,2.5998921793137176e-07,7.490336675332303e-06,0.4757692795738422,71,highpass
1.0422013076143979e-07,3.6028741350935267e-07,1.992851940413644e-07,2.5998921793137176e-07,7.490336675332303e-06,0.4757692795738422,71,highpass
1.0422013076143979e-07,3.6028741350935267e-07,1.992851940413644e-07,2.5998921793137176e-07,9.160273106585753e-06,0.3641154250594135,71,highpass
1.0422013076143979e-07,3.6028741350935267e-07,1.992851940413644e-07,2.5998921793137176e-07,7.490336675332303e-06,0.4757692795738422,71,highpass
1.0422013076143979e-07,3.6028741350935267e-07,1.992851940413644e-07,2.5998921793137176e-07,7.490336675332303e-06,0.4757692795738422,71,highpass
1.0422013076143979e-07,3.6028741350935267e-07,2.035530765264688e-07,2.5998921793137176e-07,7.490336675332303e-06,0.37681691833733405,71,highpass
1.0422013076143979e-07,3.6028741350935267e-07,1.992851940413644e-07,2.5998921793137176e-07,7.490336675332303e-06,0.4757692795738422,71,highpass
1.0422013076143979e-07,3.6028741350935267e-07,1.992851940413644e-07,2.5998921793137176e-07,7.490336675332303e-06,0.4757692795738422,71,highpass
2.324103943032641e-07,3.6028741350935267e-07,1.992851940413644e-07,2.5998921793137176e-07,7.490336675332303e-06,0.38655460753021387,71,highpass
1.0422013076143979e-07,3.6028741350935267e-07,1.992851940413644e-07,2.5998921793137176e-07,7.490336675332303e-06,0.4757692795738422,71,highpass
1.0422013076143979e-07,3.6028741350935267e-07,1.992851940413644e-07,2.5998921793137176e-07,7.490336675332303e-06,0.4757692795738422,71,highpass
1.0422013076143979e-07,3.6028741350935267e-07,1.6822854187929084e-07,2.5998921793137176e-07,7.490336675332303e-06,0.4204854360464961,71,highpass
1.0422013076143979e-07,3.6028741350935267e-07,1.992851940413644e-07,2.5998921793137176e-07,7.490336675332303e-06,0.4757692795738422,71,highpass
1.0422013076143979e-07,3.1741197276307117e-07,1.992851940413644e-07,2.5998921793137176e-07,7.490336675332303e-06,0.4135585118166213,71,highpass
1.0422013076143979e-07,3.6028741350935267e-07,1.992851940413644e-07,2.5998921793137176e-07,7.490336675332303e-06,0.4757692795738422,72,highpass
1.0422013076143979e-07,3.6028741350935267e-07,1.992851940413644e-07,2.5998921793137176e-07,7.490336675332303e-06,0.4757692795738422,72,highpass
1.0422013076143979e-07,3.6028741350935267e-07,1.992851940413644e-07,2.5998921793137176e-07,7.490336675332303e-06,0.4757692795738422,72,highpass
1.0422013076143979e-07,3.6028741350935267e-07,1.992851940413644e-07,2.5998921793137176e-07,7.490336675332303e-06,0.4757692795738422,72,highpass
1.0422013076143979e-07,3.6028741350935267e-07,1.992851940413644e-07,1.9114411627736812e-07,7.490336675332303e-06,0.4244145325069897,72,highpass
1.9806699318840604e-07,3.6028741350935267e-07,1.992851940413644e-07,2.5998921793137176e-07,7.490336675332303e-06,0.42632919457552354,72,highpass
1.0422013076143979e-07,3.6028741350935267e-07,1.992851940413644e-07,2.5998921793137176e-07,7.490336675332303e-06,0.4757692795738422,72,highpass
1.0422013076143979e-07,3.6028741350935267e-07,1.992851940413644e-07,2.5998921793137176e-07,7.490336675332303e-06,0.4757692795738422,72,highpass
1.0422013076143979e-07,3.6028741350935267e-07,1.992851940413644e-07,2.5998921793137176e-07,7.490336675332303e-06,0.4757692795738422,72,highpass
1.0422013076143979e-07,3.6028741350935267e-07,1.992851940413644e-07,2.5998921793137176e-07,7.490336675332303e-06,0.4757692795738422,72,highpass
1.0422013076143979e-07,3.6028741350935267e-07,1.992851940413644e-07,2.5998921793137176e-07,7.490336675332303e-06,0.4757692795738422,72,highpass
1.0422013076143979e-07,3.6028741350935267e-07,1.992851940413644e-07,2.5998921793137176e-07,7.490336675332303e-06,0.4757692795738422,72,highpass
1.0422013076143979e-07,3.6028741350935267e-07,1.992851940413644e-07,2.5998921793137176e-07,7.490336675332303e-06,0.4757692795738422,72,highpass
1.0422013076143979e-07,3.6028741350935267e-07,1.992851940413644e-07,2.5998921793137176e-07,7.490336675332303e-06,0.4757692795738422,72,highpass
1.0422013076143979e-07,3.6028741350935267e-07,1.992851940413644e-07,2.5998921793137176e-07,7.490336675332303e-06,0.4757692795738422,72,highpass
1.0422013076143979e-07,3.6028741350935267e-07,1.992851940413644e-07,2.5998921793137176e-07,7.490336675332303e-06,0.4757692795738422,72,highpass
1.0422013076143979e-07,3.6028741350935267e-07,1.992851940413644e-07,2.5998921793137176e-07,7.490336675332303e-06,0.4757692795738422,72,highpass
1.0422013076143979e-07,3.6028741350935267e-07,1.992851940413644e-07,2.5998921793137176e-07,7.490336675332303e-06,0.4757692795738422,72,highpass
1.0422013076143979e-07,3.6028741350935267e-07,1.992851940413644e-07,2.585075586191669e-07,7.490336675332303e-06,0.4756052464622672,72,highpass
2.1631607084945772e-07,3.6028741350935267e-07,1.992851940413644e-07,2.5998921793137176e-07,7.490336675332303e-06,0.38432856682637967,72,highpass
1.0422013076143979e-07,3.6028741350935267e-07,1.992851940413644e-07,2.5998921793137176e-07,7.490336675332303e-06,0.4757692795738422,72,highpass
1.0422013076143979e-07,3.51474481248153e-07,1.992851940413644e-07,2.5998921793137176e-07,7.490336675332303e-06,0.37291057587067095,72,highpass
1.0422013076143979e-07,3.6028741350935267e-07,1.992851940413644e-07,2.5998921793137176e-07,7.490336675332303e-06,0.4757692795738422,72,highpass
1.0422013076143979e-07,3.6028741350935267e-07,1.992851940413644e-07,2.5998921793137176e-07,7.490336675332303e-06,0.4757692795738422,72,highpass
1.0422013076143979e-07,3.6028741350935267e-07,1.992851940413644e-07,2.5998921793137176e-07,7.490336675332303e-06,0.4757692795738422,72,highpass
1.0422013076143979e-07,3.6028741350935267e-07,1.992851940413644e-07,2.5998921793137176e-07,7.490336675332303e-06,0.4757692795738422,72,highpass
1.0422013076143979e-07,3.6028741350935267e-07,1.992851940413644e-07,2.5998921793137176e-07,7.490336675332303e-06,0.4757692795738422,72,highpass
1.0422013076143979e-07,3.6028741350935267e-07,1.992851940413644e-07,2.5998921793137176e-07,7.490336675332303e-06,0.4757692795738422,72,highpass
1.0422013076143979e-07,3.6028741350935267e-07,1.992851940413644e-07,2.5998921793137176e-07,7.490336675332303e-06,0.4757692795738422,72,highpass
1.0422013076143979e-07,3.6028741350935267e-07,1.992851940413644e-07,2.5998921793137176e-07,7.490336675332303e-06,0.4757692795738422,72,highpass
1.0422013076143979e-07,3.6028741350935267e-07,1.992851940413644e-07,2.5998921793137176e-07,7.490336675332303e-06,0.4757692795738422,73,highpass
1.0422013076143979e-07,3.6028741350935267e-07,1.992851940413644e-07,2.5998921793137176e-07,7.490336675332303e-06,0.4757692795738422,73,highpass
1.0422013076143979e-07,3.6028741350935267e-07,1.992851940413644e-07,2.5998921793137176e-07,7.490336675332303e-06,0.4757692795738422,73,highpass
1.0422013076143979e-07,3.6028741350935267e-07,1.992851940413644e-07,2.5998921793137176e-07,7.490336675332303e-06,0.4757692795738422,73,highpass
1.0422013076143979e-07,3.6028741350935267e-07,1.992851940413644e-07,2.5998921793137176e-07,7.490336675332303e-06,0.4757692795738422,73,highpass
1.0422013076143979e-07,3.6028741350935267e-07,1.992851940413644e-07,2.5998921793137176e-07,7.490336675332303e-06,0.4757692795738422,73,highpass
1.0422013076143979e-07,3.6028741350935267e-07,1.992851940413644e-07,2.5998921793137176e-07,7.490336675332303e-06,0.4757692795738422,73,highpass
1.0422013076143979e-07,3.6028741350935267e-07,1.992851940413644e-07,2.5998921793137176e-07,7.490336675332303e-06,0.4757692795738422,73,highpass
1.0422013076143979e-07,3.6028741350935267e-07,1.992851940413644e-07,2.5998921793137176e-07,7.490336675332303e-06,0.4757692795738422,73,highpass
1.0422013076143979e-07,3.6028741350935267e-07,1.992851940413644e-07,2.5998921793137176e-07,1.418914912330137e-05,0.36756827873506104,73,highpass
1.0422013076143979e-07,3.6028741350935267e-07,1.992851940413644e-07,2.5998921793137176e-07,7.490336675332303e-06,0.4757692795738422,73,highpass
1.0422013076143979e-07,3.6028741350935267e-07,1.992851940413644e-07,2.5998921793137176e-07,7.490336675332303e-06,0.4757692795738422,73,highpass
1.0422013076143979e-07,3.6028741350935267e-07,1.992851940413644e-07,2.5998921793137176e-07,7.490336675332303e-06,0.4757692795738422,73,highpass
1.0422013076143979e-07,3.6028741350935267e-07,2.0418657867523003e-07,2.5998921793137176e-07,7.490336675332303e-06,0.39248478189603553,73,highpass
1.0422013076143979e-07,3.6028741350935267e-07,1.992851940413644e-07,2.5998921793137176e-07,7.490336675332303e-06,0.4757692795738422,73,highpass
1.0422013076143979e-07,3.6028741350935267e-07,1.992851940413644e-07,2.5998921793137176e-07,7.490336675332303e-06,0.4757692795738422,73,highpass
1.0422013076143979e-07,3.6028741350935267e-07,1.992851940413644e-07,2.5998921793137176e-07,7.490336675332303e-06,0.4757692795738422,73,highpass
1.0422013076143979e-07,3.6028741350935267e-07,1.992851940413644e-07,2.5998921793137176e-07,6.129886539177145e-06,0.36615735132616595,73,highpass
1.0422013076143979e-07,3.6028741350935267e-07,1.992851940413644e-07,2.5998921793137176e-07,7.490336675332303e-06,0.4757692795738422,73,highpass
1.0422013076143979e-07,3.6028741350935267e-07,1.992851940413644e-07,2.5998921793137176e-07,7.490336675332303e-06,0.4757692795738422,73,highpass
1.0422013076143979e-07,3.6028741350935267e-07,2.4644064728871737e-07,2.5998921793137176e-07,7.490336675332303e-06,0.3852054244579487,73,highpass
1.0422013076143979e-07,3.6028741350935267e-07,1.992851940413644e-07,1.712450941467381e-07,7.490336675332303e-06,0.40928120210310454,73,highpass
1.0422013076143979e-07,3.6028741350935267e-07,1.992851940413644e-07,2.5998921793137176e-07,7.490336675332303e-06,0.4757692795738422,73,highpass
1.0422013076143979e-07,3.6028741350935267e-07,1.992851940413644e-07,2.5998921793137176e-07,7.490336675332303e-06,0.4757692795738422,73,highpass
1.0422013076143979e-07,3.6028741350935267e-07,1.992851940413644e-07,2.5998921793137176e-07,7.490336675332303e-06,0.4757692795738422,73,highpass
1.0422013076143979e-07,3.6028741350935267e-07,2.0074445005433434e-07,2.5998921793137176e-07,7.490336675332303e-06,0.36528233064042664,73,highpass
1.0422013076143979e-07,3.6028741350935267e-07,1.992851940413644e-07,2.5998921793137176e-07,7.490336675332303e-06,0.4757692795738422,73,highpass
1.0422013076143979e-07,3.6028741350935267e-07,1.992851940413644e-07,2.5998921793137176e-07,7.490336675332303e-06,0.4757692795738422,73,highpass
1.0696434268945463e-07,3.6028741350935267e-07,1.992851940413644e-07,2.5998921793137176e-07,7.490336675332303e-06,0.3656734277240119,73,highpass
1.0422013076143979e-07,3.6028741350935267e-07,1.992851940413644e-07,2.5998921793137176e-07,7.490336675332303e-06,0.4757692795738422,73,highpass
1.0422013076143979e-07,3.6028741350935267e-07,1.992851940413644e-07,2.5998921793137176e-07,7.490336675332303e-06,0.4757692795738422,74,highpass
1.0422013076143979e-07,3.6028741350935267e-07,1.992851940413644e-07,2.5998921793137176e-07,7.490336675332303e-06,0.4757692795738422,74,highpass
1.0422013076143979e-07,3.6028741350935267e-07,1.992851940413644e-07,2.5998921793137176e-07,7.490336675332303e-06,0.4757692795738422,74,highpass
1.0422013076143979e-07,3.6028741350935267e-07,1.992851940413644e-07,2.416280194492279e-07,7.490336675332303e-06,0.37017159209955874,74,highpass
1.0422013076143979e-07,3.6028741350935267e-07,1.992851940413644e-07,2.5998921793137176e-07,7.490336675332303e-06,0.4757692795738422,74,highpass
1.0422013076143979e-07,3.6028741350935267e-07,1.992851940413644e-07,2.5998921793137176e-07,7.490336675332303e-06,0.4757692795738422,74,highpass
1.0422013076143979e-07,3.6028741350935267e-07,1.992851940413644e-07,2.5998921793137176e-07,7.490336675332303e-06,0.4757692795738422,74,highpass
1.0422013076143979e-07,3.6028741350935267e-07,1.992851940413644e-07,2.5998921793137176e-07,7.490336675332303e-06,0.4757692795738422,74,highpass
1.0422013076143979e-07,3.6028741350935267e-07,1.992851940413644e-07,2.5998921793137176e-07,7.490336675332303e-06,0.4757692795738422,74,highpass
1.0422013076143979e-07,3.6028741350935267e-07,1.992851940413644e-07,2.5998921793137176e-07,7.490336675332303e-06,0.4757692795738422,74,highpass
1.0422013076143979e-07,3.6028741350935267e-07,1.992851940413644e-07,2.838150409812147e-07,7.490336675332303e-06,0.44774817480847146,74,highpass
1.0422013076143979e-07,3.6028741350935267e-07,1.992851940413644e-07,2.5998921793137176e-07,7.490336675332303e-06,0.4757692795738422,74,highpass
1.0422013076143979e-07,3.6028741350935267e-07,1.992851940413644e-07,2.5998921793137176e-07,7.490336675332303e-06,0.4757692795738422,74,highpass
1.0422013076143979e-07,3.6028741350935267e-07,1.992851940413644e-07,2.5998921793137176e-07,7.490336675332303e-06,0.4757692795738422,74,highpass
1.0422013076143979e-07,3.6028741350935267e-07,1.992851940413644e-07,2.5998921793137176e-07,7.490336675332303e-06,0.4757692795738422,74,highpass
1.0422013076143979e-07,3.6028741350935267e-07,1.992851940413644e-07,2.5998921793137176e-07,7.490336675332303e-06,0.4757692795738422,74,highpass
1.0422013076143979e-07,6.054230805660673e-07,1.992851940413644e-07,2.5998921793137176e-07,7.490336675332303e-06,0.26362394584040855,74,highpass
1.0422013076143979e-07,3.6028741350935267e-07,1.992851940413644e-07,2.5998921793137176e-07,7.490336675332303e-06,0.4757692795738422,74,highpass
1.0422013076143979e-07,3.6028741350935267e-07,1.992851940413644e-07,2.1328043626175407e-07,7.490336675332303e-06,0.3760235057965611,74,highpass
1.0422013076143979e-07,3.6028741350935267e-07,1.992851940413644e-07,2.5998921793137176e-07,7.490336675332303e-06,0.4757692795738422,74,highpass
1.0422013076143979e-07,3.6028741350935267e-07,1.992851940413644e-07,2.5998921793137176e-07,7.490336675332303e-06,0.4757692795738422,74,highpass
1.0422013076143979e-07,3.6028741350935267e-07,1.992851940413644e-07,2.5998921793137176e-07,7.490336675332303e-06,0.4757692795738422,74,highpass
1.0422013076143979e-07,3.6028741350935267e-07,1.992851940413644e-07,2.5998921793137176e-07,7.490336675332303e-06,0.4757692795738422,74,highpass
1.0422013076143979e-07,3.6028741350935267e-07,1.992851940413644e-07,2.5998921793137176e-07,7.490336675332303e-06,0.4757692795738422,74,highpass
1.0422013076143979e-07,3.6028741350935267e-07,1.992851940413644e-07,2.5998921793137176e-07,7.490336675332303e-06,0.4757692795738422,74,highpass
1.0422013076143979e-07,3.6028741350935267e-07,1.992851940413644e-07,2.5998921793137176e-07,7.490336675332303e-06,0.4757692795738422,74,highpass
1.0214843146282677e-07,3.6028741350935267e-07,1.992851940413644e-07,2.5998921793137176e-07,7.490336675332303e-06,0.4364575559141095,74,highpass
1.0422013076143979e-07,3.6028741350935267e-07,1.992851940413644e-07,2.5998921793137176e-07,7.490336675332303e-06,0.4757692795738422,74,highpass
1.0422013076143979e-07,6.391648276228265e-07,1.992851940413644e-07,2.5998921793137176e-07,7.490336675332303e-06,0.2636865770110432,74,highpass
1.0422013076143979e-07,3.6028741350935267e-07,1.992851940413644e-07,2.5998921793137176e-07,7.490336675332303e-06,0.4757692795738422,74,highpass
1.0422013076143979e-07,3.6028741350935267e-07,1.992851940413644e-07,2.5998921793137176e-07,7.490336675332303e-06,0.4757692795738422,75,highpass
1.0422013076143979e-07,3.6028741350935267e-07,1.992851940413644e-07,2.5998921793137176e-07,7.490336675332303e-06,0.4757692795738422,75,highpass
1.0422013076143979e-07,3.6028741350935267e-07,1.2510092858286715e-07,2.5998921793137176e-07,7.490336675332303e-06,0.42354248838728115,75,highpass
1.0422013076143979e-07,3.6028741350935267e-07,1.992851940413644e-07,2.5998921793137176e-07,7.490336675332303e-06,0.4757692795738422,75,highpass
1.0422013076143979e-07,3.6028741350935267e-07,1.992851940413644e-07,2.5998921793137176e-07,7.490336675332303e-06,0.4757692795738422,75,highpass
1.0422013076143979e-07,3.6028741350935267e-07,1.992851940413644e-07,2.5998921793137176e-07,7.490336675332303e-06,0.4757692795738422,75,highpass
1.0422013076143979e-07,3.6028741350935267e-07,1.992851940413644e-07,2.5998921793137176e-07,7.490336675332303e-06,0.4757692795738422,75,highpass
1.0422013076143979e-07,3.6028741350935267e-07,1.992851940413644e-07,2.5998921793137176e-07,7.490336675332303e-06,0.4757692795738422,75,highpass
1.0422013076143979e-07,3.6028741350935267e-07,1.992851940413644e-07,2.599220345364949e-07,7.490336675332303e-06,0.4757692795738422,75,highpass
1.0422013076143979e-07,3.6028741350935267e-07,1.992851940413644e-07,2.526649406448192e-07,7.490336675332303e-06,0.4730088164414118,75,highpass
1.0422013076143979e-07,3.6028741350935267e-07,1.992851940413644e-07,2.5998921793137176e-07,7.490336675332303e-06,0.4757692795738422,75,highpass
1.0422013076143979e-07,3.6028741350935267e-07,1.992851940413644e-07,2.5998921793137176e-07,7.490336675332303e-06,0.4757692795738422,75,highpass
1.0422013076143979e-07,3.6028741350935267e-07,1.992851940413644e-07,2.5998921793137176e-07,7.490336675332303e-06,0.4757692795738422,75,highpass
1.0422013076143979e-07,3.6028741350935267e-07,1.992851940413644e-07,2.5749576830990143e-07,7.490336675332303e-06,0.4754898590207568,75,highpass
1.4697208744172427e-07,3.6028741350935267e-07,1.992851940413644e-07,2.5998921793137176e-07,7.490336675332303e-06,0.37605469860634044,75,highpass
1.0422013076143979e-07,3.6028741350935267e-07,1.992851940413644e-07,2.5998921793137176e-07,7.490336675332303e-06,0.4757692795738422,75,highpass
1.0422013076143979e-07,3.6028741350935267e-07,1.992851940413644e-07,2.5998921793137176e-07,7.490336675332303e-06,0.4757692795738422,75,highpass
1.0422013076143979e-07,3.6028741350935267e-07,1.992851940413644e-07,2.5998921793137176e-07,7.490336675332303e-06,0.4757692795738422,75,highpass
1.0422013076143979e-07,3.6028741350935267e-07,1.992851940413644e-07,2.5998921793137176e-07,7.490336675332303e-06,0.4757692795738422,75,highpass
1.0422013076143979e-07,3.6028741350935267e-07,1.992851940413644e-07,2.6727092165497573e-07,7.490336675332303e-06,0.473363489693456,75,highpass
2.084256709704869e-07,3.6028741350935267e-07,1.992851940413644e-07,2.5998921793137176e-07,7.490336675332303e-06,0.3844022690269223,75,highpass
1.110622974208048e-07,3.6028741350935267e-07,1.992851940413644e-07,2.5998921793137176e-07,7.490336675332303e-06,0.3749671172310835,75,highpass
1.0422013076143979e-07,3.6028741350935267e-07,1.992851940413644e-07,2.5998921793137176e-07,5.512614895645478e-06,0.36295597232443566,75,highpass
1.0422013076143979e-07,3.6028741350935267e-07,1.992851940413644e-07,2.5998921793137176e-07,3.6790530254897e-05,0.38407718082146786,75,highpass
1.0422013076143979e-07,3.6028741350935267e-07,1.992851940413644e-07,2.5998921793137176e-07,7.490336675332303e-06,0.4757692795738422,75,highpass
1.0422013076143979e-07,3.6028741350935267e-07,1.992851940413644e-07,2.5998921793137176e-07,7.490336675332303e-06,0.4757692795738422,75,highpass
1e-07,3.6028741350935267e-07,1.992851940413644e-07,2.5998921793137176e-07,7.490336675332303e-06,0.4386123338773702,75,highpass
1.0422013076143979e-07,3.6028741350935267e-07,2.0647594051406546e-07,2.5998921793137176e-07,7.490336675332303e-06,0.4344646971479834,75,highpass
1.0422013076143979e-07,3.6028741350935267e-07,1.992851940413644e-07,2.5998921793137176e-07,7.490336675332303e-06,0.4757692795738422,75,highpass
1.0422013076143979e-07,3.6028741350935267e-07,1.992851940413644e-07,2.5998921793137176e-07,7.490336675332303e-06,0.4757692795738422,75,highpass
1.0422013076143979e-07,3.6028741350935267e-07,1.992851940413644e-07,2.5998921793137176e-07,7.490336675332303e-06,0.4757692795738422,76,highpass
1.0422013076143979e-07,3.6028741350935267e-07,1.992851940413644e-07,2.665389993576868e-07,7.490336675332303e-06,0.473363489693456,76,highpass
1.0422013076143979e-07,3.6028741350935267e-07,1.992851940413644e-07,2.5998921793137176e-07,7.490336675332303e-06,0.4757692795738422,76,highpass
1.0422013076143979e-07,3.6028741350935267e-07,1.992851940413644e-07,2.5998921793137176e-07,7.490336675332303e-06,0.4757692795738422,76,highpass
1.0422013076143979e-07,3.6028741350935267e-07,1.992851940413644e-07,2.5998921793137176e-07,7.490336675332303e-06,0.4757692795738422,76,highpass
1.0422013076143979e-07,3.6028741350935267e-07,1.992851940413644e-07,2.5998921793137176e-07,7.490336675332303e-06,0.4757692795738422,76,highpass
1.0422013076143979e-07,3.6028741350935267e-07,1.992851940413644e-07,2.5998921793137176e-07,7.490336675332303e-06,0.4757692795738422,76,highpass
1.0422013076143979e-07,3.6028741350935267e-07,1.992851940413644e-07,2.5998921793137176e-07,7.490336675332303e-06,0.4757692795738422,76,highpass
1.0422013076143979e-07,3.6028741350935267e-07,1.992851940413644e-07,2.5998921793137176e-07,7.490336675332303e-06,0.4757692795738422,76,highpass
1.0422013076143979e-07,3.6028741350935267e-07,1.992851940413644e-07,2.5998921793137176e-07,7.490336675332303e-06,0.4757692795738422,76,highpass
1.0422013076143979e-07,3.6028741350935267e-07,1.992851940413644e-07,2.5998921793137176e-07,9.664064830777371e-06,0.40632972607591283,76,highpass
1.0422013076143979e-07,3.6028741350935267e-07,1.992851940413644e-07,2.5998921793137176e-07,1.395386642668156e-05,0.3641346373584984,76,highpass
1.0422013076143979e-07,3.6028741350935267e-07,1.992851940413644e-07,2.5998921793137176e-07,7.490336675332303e-06,0.4757692795738422,76,highpass
1.0422013076143979e-07,3.6028741350935267e-07,1.992851940413644e-07,2.599220345364949e-07,7.490336675332303e-06,0.4757692795738422,76,highpass
1.0422013076143979e-07,3.6028741350935267e-07,1.992851940413644e-07,2.5998921793137176e-07,7.490336675332303e-06,0.4757692795738422,76,highpass
1.0422013076143979e-07,3.6028741350935267e-07,1.992851940413644e-07,2.5998921793137176e-07,7.490336675332303e-06,0.4757692795738422,76,highpass
1.0422013076143979e-07,3.6028741350935267e-07,1.4604292987008364e-07,2.5998921793137176e-07,7.490336675332303e-06,0.41467390599342585,76,highpass
1.0422013076143979e-07,3.6028741350935267e-07,1.992851940413644e-07,2.5998921793137176e-07,7.490336675332303e-06,0.4757692795738422,76,highpass
1.0422013076143979e-07,3.6028741350935267e-07,1.992851940413644e-07,2.5998921793137176e-07,7.490336675332303e-06,0.4757692795738422,76,highpass
1.0422013076143979e-07,3.6028741350935267e-07,1.992851940413644e-07,2.5998921793137176e-07,7.490336675332303e-06,0.4757692795738422,76,highpass
1.0422013076143979e-07,3.6028741350935267e-07,1.992851940413644e-07,2.6727092165497573e-07,7.490336675332303e-06,0.473363489693456,76,highpass
1.051456372292393e-07,3.6028741350935267e-07,1.992851940413644e-07,2.5998921793137176e-07,7.490336675332303e-06,0.3679014335495627,76,highpass
1.0422013076143979e-07,3.6028741350935267e-07,1.992851940413644e-07,2.5998921793137176e-07,7.490336675332303e-06,0.4757692795738422,76,highpass
1.0422013076143979e-07,3.6028741350935267e-07,1.992851940413644e-07,2.5998921793137176e-07,7.490336675332303e-06,0.4757692795738422,76,highpass
1.0422013076143979e-07,3.6028741350935267e-07,1.992851940413644e-07,2.632933488297617e-07,7.490336675332303e-06,0.47511355638975616,76,highpass
1.0422013076143979e-07,3.6028741350935267e-07,1.992851940413644e-07,2.5998921793137176e-07,7.490336675332303e-06,0.4757692795738422,76,highpass
1.0422013076143979e-07,3.6028741350935267e-07,1.992851940413644e-07,2.5998921793137176e-07,7.490336675332303e-06,0.4757692795738422,76,highpass
1.0422013076143979e-07,3.6028741350935267e-07,1.992851940413644e-07,2.5998921793137176e-07,7.490336675332303e-06,0.4757692795738422,76,highpass
1.0422013076143979e-07,3.6028741350935267e-07,1.992851940413644e-07,2.5998921793137176e-07,7.490336675332303e-06,0.4757692795738422,76,highpass
1.0422013076143979e-07,3.6028741350935267e-07,1.992851940413644e-07,2.5998921793137176e-07,7.490336675332303e-06,0.4757692795738422,76,highpass
1.0422013076143979e-07,3.6028741350935267e-07,1.992851940413644e-07,2.5998921793137176e-07,7.490336675332303e-06,0.4757692795738422,77,highpass
1.0422013076143979e-07,3.6028741350935267e-07,1.992851940413644e-07,2.5998921793137176e-07,7.490336675332303e-06,0.4757692795738422,77,highpass
1.0422013076143979e-07,3.6028741350935267e-07,1.992851940413644e-07,2.5998921793137176e-07,7.490336675332303e-06,0.4757692795738422,77,highpass
1.0422013076143979e-07,3.6028741350935267e-07,1.992851940413644e-07,2.4767099860051006e-07,7.490336675332303e-06,0.38989441977121786,77,highpass
1.0422013076143979e-07,3.6028741350935267e-07,1.992851940413644e-07,2.5998921793137176e-07,7.490336675332303e-06,0.4757692795738422,77,highpass
1.0422013076143979e-07,3.6028741350935267e-07,1.992851940413644e-07,2.5998921793137176e-07,5.607031741456127e-06,0.3630550515228239,77,highpass
1.0422013076143979e-07,3.6028741350935267e-07,1.992851940413644e-07,2.5998921793137176e-07,7.490336675332303e-06,0.4757692795738422,77,highpass
1.0422013076143979e-07,3.6028741350935267e-07,1.992851940413644e-07,2.5998921793137176e-07,7.490336675332303e-06,0.4757692795738422,77,highpass
1.0422013076143979e-07,3.6028741350935267e-07,1.992851940413644e-07,2.5998921793137176e-07,7.490336675332303e-06,0.4757692795738422,77,highpass
1.0422013076143979e-07,3.6028741350935267e-07,1.992851940413644e-07,2.5998921793137176e-07,7.490336675332303e-06,0.4757692795738422,77,highpass
1.0422013076143979e-07,3.6028741350935267e-07,1.992851940413644e-07,2.5998921793137176e-07,7.4475652267650405e-06,0.36443723032627323,77,highpass
1.0422013076143979e-07,3.6028741350935267e-07,1.992851940413644e-07,2.5998921793137176e-07,7.490336675332303e-06,0.4757692795738422,77,highpass
1.0422013076143979e-07,4.1754118601149194e-07,1.992851940413644e-07,2.599220345364949e-07,7.490336675332303e-06,0.41403810508491684,77,highpass
1.0422013076143979e-07,4.3247847189734186e-07,1.992851940413644e-07,2.5998921793137176e-07,7.490336675332303e-06,0.3315759786916145,77,highpass
1.0422013076143979e-07,3.6028741350935267e-07,1.992851940413644e-07,2.5998921793137176e-07,7.490336675332303e-06,0.4757692795738422,77,highpass
1.063876595976335e-07,3.6028741350935267e-07,1.992851940413644e-07,2.5998921793137176e-07,7.490336675332303e-06,0.36643026170193765,77,highpass
1.0422013076143979e-07,3.6028741350935267e-07,1.992851940413644e-07,2.5998921793137176e-07,7.490336675332303e-06,0.4757692795738422,77,highpass
1.0422013076143979e-07,3.6028741350935267e-07,1.992851940413644e-07,2.5998921793137176e-07,7.490336675332303e-06,0.4757692795738422,77,highpass
1.0422013076143979e-07,3.6028741350935267e-07,1.992851940413644e-07,2.5998921793137176e-07,7.490336675332303e-06,0.4757692795738422,77,highpass
1.0422013076143979e-07,3.6028741350935267e-07,1.992851940413644e-07,2.5998921793137176e-07,7.490336675332303e-06,0.4757692795738422,77,highpass
1.0422013076143979e-07,3.6028741350935267e-07,1.992851940413644e-07,2.5998921793137176e-07,7.490336675332303e-06,0.4757692795738422,77,highpass
1.0422013076143979e-07,3.6028741350935267e-07,2.0234387931405746e-07,2.5998921793137176e-07,7.490336675332303e-06,0.36581410835281375,77,highpass
1.0422013076143979e-07,3.6028741350935267e-07,1.992851940413644e-07,2.5998921793137176e-07,7.490336675332303e-06,0.4757692795738422,77,highpass
1.0422013076143979e-07,3.6028741350935267e-07,1.992851940413644e-07,2.5998921793137176e-07,7.490336675332303e-06,0.4757692795738422,77,highpass
1.0422013076143979e-07,3.6028741350935267e-07,1.992851940413644e-07,2.5998921793137176e-07,7.490336675332303e-06,0.4757692795738422,77,highpass
1.0961991050848322e-07,3.6028741350935267e-07,1.992851940413644e-07,2.5998921793137176e-07,7.490336675332303e-06,0.36719293490672106,77,highpass
1.0422013076143979e-07,3.6028741350935267e-07,1.992851940413644e-07,2.5998921793137176e-07,7.490336675332303e-06,0.4757692795738422,77,highpass
1.0422013076143979e-07,3.7209608979636757e-07,1.992851940413644e-07,2.5998921793137176e-07,7.490336675332303e-06,0.39557759269725473,77,highpass
1.0422013076143979e-07,3.6028741350935267e-07,1.992851940413644e-07,2.5998921793137176e-07,7.490336675332303e-06,0.4757692795738422,77,highpass
1.0422013076143979e-07,3.6028741350935267e-07,1.992851940413644e-07,2.576809176157661e-07,7.490336675332303e-06,0.4754430284668964,77,highpass
1.0422013076143979e-07,3.6028741350935267e-07,1.992851940413644e-07,2.5998921793137176e-07,7.490336675332303e-06,0.4757692795738422,78,highpass
1.0422013076143979e-07,3.6028741350935267e-07,1.992851940413644e-07,2.5998921793137176e-07,7.490336675332303e-06,0.4757692795738422,78,highpass
1.0422013076143979e-07,3.6028741350935267e-07,1.992851940413644e-07,2.5998921793137176e-07,7.490336675332303e-06,0.4757692795738422,78,highpass
1.0422013076143979e-07,3.6028741350935267e-07,1.992851940413644e-07,2.5998921793137176e-07,7.490336675332303e-06,0.4757692795738422,78,highpass
1.0422013076143979e-07,3.6028741350935267e-07,1.992851940413644e-07,2.5998921793137176e-07,7.490336675332303e-06,0.4757692795738422,78,highpass
1.0422013076143979e-07,3.6028741350935267e-07,1.992851940413644e-07,2.5998921793137176e-07,5.670753533025191e-06,0.45878864431093763,78,highpass
1.0422013076143979e-07,3.6028741350935267e-07,1.992851940413644e-07,2.5998921793137176e-07,7.490336675332303e-06,0.4757692795738422,78,highpass
1.0422013076143979e-07,3.6028741350935267e-07,1.992851940413644e-07,2.5998921793137176e-07,5.574146723899412e-06,0.36311139156528593,78,highpass
1.0422013076143979e-07,3.6028741350935267e-07,1.992851940413644e-07,2.5998921793137176e-07,7.490336675332303e-06,0.4757692795738422,78,highpass
1.0422013076143979e-07,3.6028741350935267e-07,1.992851940413644e-07,2.5998921793137176e-07,7.490336675332303e-06,0.4757692795738422,78,highpass
1.0422013076143979e-07,3.6028741350935267e-07,1.992851940413644e-07,2.5998921793137176e-07,7.490336675332303e-06,0.4757692795738422,78,highpass
1.0422013076143979e-07,3.6028741350935267e-07,1.992851940413644e-07,2.5998921793137176e-07,7.490336675332303e-06,0.4757692795738422,78,highpass
1.0422013076143979e-07,3.6028741350935267e-07,1.992851940413644e-07,2.5998921793137176e-07,7.490336675332303e-06,0.4757692795738422,78,highpass
1.0422013076143979e-07,3.6028741350935267e-07,1.992851940413644e-07,2.5998921793137176e-07,7.490336675332303e-06,0.4757692795738422,78,highpass
1.0422013076143979e-07,3.6028741350935267e-07,1.992851940413644e-07,2.5998921793137176e-07,7.490336675332303e-06,0.4757692795738422,78,highpass
1.0422013076143979e-07,3.6028741350935267e-07,1.992851940413644e-07,2.5998921793137176e-07,7.490336675332303e-06,0.4757692795738422,78,highpass
1.0422013076143979e-07,3.6028741350935267e-07,1.992851940413644e-07,2.5998921793137176e-07,7.490336675332303e-06,0.4757692795738422,78,highpass
1.0422013076143979e-07,3.6028741350935267e-07,1.992851940413644e-07,2.5998921793137176e-07,7.490336675332303e-06,0.4757692795738422,78,highpass
1.0422013076143979e-07,3.6028741350935267e-07,1.992851940413644e-07,2.5998921793137176e-07,7.490336675332303e-06,0.4757692795738422,78,highpass
1.0422013076143979e-07,3.6028741350935267e-07,1.992851940413644e-07,2.5998921793137176e-07,7.490336675332303e-06,0.4757692795738422,78,highpass
1.0422013076143979e-07,3.6028741350935267e-07,1.992851940413644e-07,2.5998921793137176e-07,7.490336675332303e-06,0.4757692795738422,78,highpass
1.0422013076143979e-07,3.6028741350935267e-07,1.992851940413644e-07,2.5998921793137176e-07,7.490336675332303e-06,0.4757692795738422,78,highpass
1.0422013076143979e-07,3.6028741350935267e-07,1.992851940413644e-07,2.5998921793137176e-07,7.490336675332303e-06,0.4757692795738422,78,highpass
1.0422013076143979e-07,3.6028741350935267e-07,1.992851940413644e-07,2.5998921793137176e-07,3.60089527279935e-05,0.38960446113414243,78,highpass
1.0422013076143979e-07,3.6028741350935267e-07,1.992851940413644e-07,2.5998921793137176e-07,7.490336675332303e-06,0.4757692795738422,78,highpass
1.0422013076143979e-07,3.6028741350935267e-07,1.992851940413644e-07,2.538533776857548e-07,7.490336675332303e-06,0.4738930881641351,78,highpass
1.0422013076143979e-07,3.6028741350935267e-07,1.992851940413644e-07,2.5998921793137176e-07,7.490336675332303e-06,0.4757692795738422,78,highpass
1.0422013076143979e-07,3.6028741350935267e-07,1.992851940413644e-07,2.5998921793137176e-07,7.490336675332303e-06,0.4757692795738422,78,highpass
1.0422013076143979e-07,3.6028741350935267e-07,1.992851940413644e-07,2.5998921793137176e-07,7.490336675332303e-06,0.4757692795738422,78,highpass
1.0422013076143979e-07,3.6028741350935267e-07,1.992851940413644e-07,2.5998921793137176e-07,7.490336675332303e-06,0.4757692795738422,78,highpass
1.0422013076143979e-07,3.6028741350935267e-07,1.992851940413644e-07,2.5998921793137176e-07,7.490336675332303e-06,0.4757692795738422,79,highpass
1.0422013076143979e-07,3.6028741350935267e-07,1.992851940413644e-07,1.5340529968754142e-07,7.490336675332303e-06,0.403683514752683,79,highpass
1.0422013076143979e-07,3.6028741350935267e-07,1.992851940413644e-07,2.5998921793137176e-07,7.490336675332303e-06,0.4757692795738422,79,highpass
1.0422013076143979e-07,3.6028741350935267e-07,1.992851940413644e-07,2.5998921793137176e-07,7.490336675332303e-06,0.4757692795738422,79,highpass
1.0422013076143979e-07,3.6028741350935267e-07,1.992851940413644e-07,2.5998921793137176e-07,7.490336675332303e-06,0.4757692795738422,79,highpass
1.0422013076143979e-07,3.6028741350935267e-07,1.992851940413644e-07,2.5998921793137176e-07,7.490336675332303e-06,0.4757692795738422,79,highpass
1.0422013076143979e-07,3.6028741350935267e-07,1.992851940413644e-07,2.5998921793137176e-07,7.490336675332303e-06,0.4757692795738422,79,highpass
1.0422013076143979e-07,3.6028741350935267e-07,1.992851940413644e-07,2.011730469793267e-07,7.490336675332303e-06,0.419649884783491,79,highpass
1.0422013076143979e-07,3.6028741350935267e-07,1.992851940413644e-07,2.5998921793137176e-07,7.490336675332303e-06,0.4757692795738422,79,highpass
1.0422013076143979e-07,5.127113949999755e-07,1.992851940413644e-07,2.5998921793137176e-07,7.490336675332303e-06,0.3151224712882634,79,highpass
1.0422013076143979e-07,3.6028741350935267e-07,1.992851940413644e-07,2.5998921793137176e-07,7.490336675332303e-06,0.4757692795738422,79,highpass
1.0422013076143979e-07,3.6028741350935267e-07,1.992851940413644e-07,2.5998921793137176e-07,7.490336675332303e-06,0.4757692795738422,79,highpass
1.0422013076143979e-07,3.6028741350935267e-07,1.992851940413644e-07,2.1122468671787388e-07,7.490336675332303e-06,0.37633933528409247,79,highpass
1.0422013076143979e-07,3.6028741350935267e-07,1.992851940413644e-07,2.5998921793137176e-07,7.490336675332303e-06,0.4757692795738422,79,highpass
1.0422013076143979e-07,3.6028741350935267e-07,1.9548230107574508e-07,2.5998921793137176e-07,7.490336675332303e-06,0.42495335904798615,79,highpass
1.0422013076143979e-07,3.6028741350935267e-07,1.992851940413644e-07,2.5998921793137176e-07,7.490336675332303e-06,0.4757692795738422,79,highpass
1.0422013076143979e-07,3.6028741350935267e-07,1.992851940413644e-07,2.5998921793137176e-07,7.490336675332303e-06,0.4757692795738422,79,highpass
1.0422013076143979e-07,3.6028741350935267e-07,1.992851940413644e-07,2.5998921793137176e-07,7.490336675332303e-06,0.4757692795738422,79,highpass
1.1133828158898787e-07,3.6028741350935267e-07,1.992851940413644e-07,2.5998921793137176e-07,7.490336675332303e-06,0.3782781788429356,79,highpass
1.0422013076143979e-07,3.6028741350935267e-07,1.992851940413644e-07,2.5998921793137176e-07,7.490336675332303e-06,0.4757692795738422,79,highpass
1.0422013076143979e-07,3.6028741350935267e-07,1.992851940413644e-07,2.5998921793137176e-07,7.490336675332303e-06,0.4757692795738422,79,highpass
1.0422013076143979e-07,3.6028741350935267e-07,1.992851940413644e-07,2.598724436832349e-07,7.490336675332303e-06,0.4757692795738422,79,highpass
1.0422013076143979e-07,3.6028741350935267e-07,1.992851940413644e-07,2.5998921793137176e-07,7.490336675332303e-06,0.4757692795738422,79,highpass
1.0422013076143979e-07,3.6028741350935267e-07,1.992851940413644e-07,2.5998921793137176e-07,7.490336675332303e-06,0.4757692795738422,79,highpass
1.0422013076143979e-07,3.6028741350935267e-07,1.992851940413644e-07,2.5998921793137176e-07,7.490336675332303e-06,0.4757692795738422,79,highpass
1.0422013076143979e-07,3.6028741350935267e-07,1.992851940413644e-07,2.5998921793137176e-07,7.490336675332303e-06,0.4757692795738422,79,highpass
1.0422013076143979e-07,3.6028741350935267e-07,1.992851940413644e-07,2.5998921793137176e-07,7.490336675332303e-06,0.4757692795738422,79,highpass
1.0422013076143979e-07,3.6028741350935267e-07,1.992851940413644e-07,2.5998921793137176e-07,7.490336675332303e-06,0.4757692795738422,79,highpass
1.0422013076143979e-07,3.6028741350935267e-07,1.992851940413644e-07,2.5998921793137176e-07,7.490336675332303e-06,0.4757692795738422,79,highpass
1.0422013076143979e-07,3.6028741350935267e-07,1.992851940413644e-07,2.5998921793137176e-07,7.490336675332303e-06,0.4757692795738422,79,highpass
1.0422013076143979e-07,3.6028741350935267e-07,1.992851940413644e-07,2.5998921793137176e-07,7.490336675332303e-06,0.4757692795738422,80,highpass
1.0422013076143979e-07,3.4068386241841483e-07,1.992851940413644e-07,2.5998921793137176e-07,7.490336675332303e-06,0.37700327025588526,80,highpass
1.0422013076143979e-07,3.6028741350935267e-07,1.992851940413644e-07,2.5998921793137176e-07,9.103144796705747e-06,0.36405397832221925,80,highpass
1.0422013076143979e-07,3.6028741350935267e-07,1.992851940413644e-07,2.5998921793137176e-07,7.490336675332303e-06,0.4757692795738422,80,highpass
1.0422013076143979e-07,3.6028741350935267e-07,1.992851940413644e-07,2.5998921793137176e-07,7.490336675332303e-06,0.4757692795738422,80,highpass
1.0422013076143979e-07,3.6028741350935267e-07,1.992851940413644e-07,2.5998921793137176e-07,7.490336675332303e-06,0.4757692795738422,80,highpass
1.0422013076143979e-07,3.6028741350935267e-07,1.992851940413644e-07,2.5998921793137176e-07,7.490336675332303e-06,0.4757692795738422,80,highpass
1.0422013076143979e-07,3.6028741350935267e-07,1.992851940413644e-07,2.5998921793137176e-07,7.490336675332303e-06,0.4757692795738422,80,highpass
1.0422013076143979e-07,3.6028741350935267e-07,1.992851940413644e-07,2.598724436832349e-07,7.490336675332303e-06,0.4757692795738422,80,highpass
1.0422013076143979e-07,3.6028741350935267e-07,1.992851940413644e-07,2.5998921793137176e-07,2.9841975807744793e-05,0.3654260237836325,80,highpass
1.0422013076143979e-07,3.6028741350935267e-07,1.992851940413644e-07,2.5998921793137176e-07,7.490336675332303e-06,0.4757692795738422,80,highpass
1.0422013076143979e-07,3.6028741350935267e-07,1.992851940413644e-07,2.5998921793137176e-07,7.490336675332303e-06,0.4757692795738422,80,highpass
1.0422013076143979e-07,3.6028741350935267e-07,1.992851940413644e-07,2.5998921793137176e-07,7.490336675332303e-06,0.4757692795738422,80,highpass
1.0422013076143979e-07,3.6028741350935267e-07,1.992851940413644e-07,2.5998921793137176e-07,7.490336675332303e-06,0.4757692795738422,80,highpass
1.0422013076143979e-07,3.6028741350935267e-07,1.992851940413644e-07,2.5998921793137176e-07,7.490336675332303e-06,0.4757692795738422,80,highpass
1.0422013076143979e-07,6.990992976328792e-07,1.992851940413644e-07,2.5998921793137176e-07,7.490336675332303e-06,0.2710852851371376,80,highpass
1.0422013076143979e-07,3.6028741350935267e-07,1.992851940413644e-07,2.5998921793137176e-07,7.490336675332303e-06,0.4757692795738422,80,highpass
1.0422013076143979e-07,3.6028741350935267e-07,1.992851940413644e-07,2.5998921793137176e-07,7.490336675332303e-06,0.4757692795738422,80,highpass
1.0422013076143979e-07,6.791699931168887e-07,1.992851940413644e-07,2.5998921793137176e-07,7.490336675332303e-06,0.2668534091894043,80,highpass
1.0422013076143979e-07,3.6028741350935267e-07,1.992851940413644e-07,2.5998921793137176e-07,1.417024709653069e-05,0.36745970071687734,80,highpass
1.0422013076143979e-07,3.6028741350935267e-07,1.992851940413644e-07,2.5998921793137176e-07,7.490336675332303e-06,0.4757692795738422,80,highpass
1.0422013076143979e-07,3.6028741350935267e-07,1.992851940413644e-07,2.5998921793137176e-07,7.490336675332303e-06,0.4757692795738422,80,highpass
1.0321637298793077e-07,3.6028741350935267e-07,1.992851940413644e-07,2.5998921793137176e-07,7.490336675332303e-06,0.43095306113480186,80,highpass
1.0422013076143979e-07,3.6028741350935267e-07,1.992851940413644e-07,2.5998921793137176e-07,7.490336675332303e-06,0.4757692795738422,80,highpass
1.0422013076143979e-07,3.6028741350935267e-07,1.992851940413644e-07,2.5998921793137176e-07,7.490336675332303e-06,0.4757692795738422,80,highpass
1.0422013076143979e-07,3.6028741350935267e-07,1.992851940413644e-07,2.5998921793137176e-07,7.490336675332303e-06,0.4757692795738422,80,highpass
1.0422013076143979e-07,3.6028741350935267e-07,1.992851940413644e-07,2.5998921793137176e-07,7.490336675332303e-06,0.4757692795738422,80,highpass
1.0422013076143979e-07,3.6028741350935267e-07,1.992851940413644e-07,2.5998921793137176e-07,7.490336675332303e-06,0.4757692795738422,80,highpass
1.0422013076143979e-07,3.6028741350935267e-07,1.992851940413644e-07,2.5998921793137176e-07,7.490336675332303e-06,0.4757692795738422,80,highpass
1.0422013076143979e-07,3.6028741350935267e-07,1.992851940413644e-07,2.5998921793137176e-07,6.104806486086824e-06,0.3638064293727321,80,highpass
1.0422013076143979e-07,3.6028741350935267e-07,1.992851940413644e-07,2.5998921793137176e-07,7.490336675332303e-06,0.4757692795738422,81,highpass
1.0422013076143979e-07,3.6028741350935267e-07,1.992851940413644e-07,2.5998921793137176e-07,7.490336675332303e-06,0.4757692795738422,81,highpass
1.0422013076143979e-07,3.6028741350935267e-07,1.0871928757844252e-07,2.5998921793137176e-07,7.490336675332303e-06,0.39300246778471526,81,highpass
1.0422013076143979e-07,3.6028741350935267e-07,1.992851940413644e-07,2.5998921793137176e-07,7.490336675332303e-06,0.4757692795738422,81,highpass
1.0422013076143979e-07,3.6028741350935267e-07,1.992851940413644e-07,2.5998921793137176e-07,7.490336675332303e-06,0.4757692795738422,81,highpass
1.0422013076143979e-07,3.6028741350935267e-07,1.992851940413644e-07,2.5998921793137176e-07,7.490336675332303e-06,0.4757692795738422,81,highpass
1.0422013076143979e-07,3.6028741350935267e-07,1.992851940413644e-07,2.5998921793137176e-07,7.490336675332303e-06,0.4757692795738422,81,highpass
1.0422013076143979e-07,3.6028741350935267e-07,1.992851940413644e-07,2.5998921793137176e-07,7.490336675332303e-06,0.4757692795738422,81,highpass
1.0422013076143979e-07,3.6028741350935267e-07,1.992851940413644e-07,2.5998921793137176e-07,7.490336675332303e-06,0.4757692795738422,81,highpass
1.0422013076143979e-07,3.6028741350935267e-07,1.992851940413644e-07,2.5998921793137176e-07,7.490336675332303e-06,0.4757692795738422,81,highpass
1.0422013076143979e-07,3.6028741350935267e-07,1.992851940413644e-07,2.5998921793137176e-07,7.490336675332303e-06,0.4757692795738422,81,highpass
1.0422013076143979e-07,3.6028741350935267e-07,1.992851940413644e-07,2.5998921793137176e-07,7.490336675332303e-06,0.4757692795738422,81,highpass
1.0422013076143979e-07,3.6028741350935267e-07,1.992851940413644e-07,2.5998921793137176e-07,7.490336675332303e-06,0.4757692795738422,81,highpass
1.0422013076143979e-07,3.6028741350935267e-07,1.992851940413644e-07,2.598724436832349e-07,7.490336675332303e-06,0.4757692795738422,81,highpass
1.0422013076143979e-07,3.6028741350935267e-07,1.992851940413644e-07,2.5998921793137176e-07,7.490336675332303e-06,0.4757692795738422,81,highpass
1.0422013076143979e-07,3.6028741350935267e-07,1.992851940413644e-07,2.5998921793137176e-07,7.490336675332303e-06,0.4757692795738422,81,highpass
1.0422013076143979e-07,3.6028741350935267e-07,1.992851940413644e-07,2.5998921793137176e-07,7.490336675332303e-06,0.4757692795738422,81,highpass
1.0422013076143979e-07,3.6028741350935267e-07,1.992851940413644e-07,2.5998921793137176e-07,7.490336675332303e-06,0.4757692795738422,81,highpass
1.0422013076143979e-07,3.6028741350935267e-07,1.992851940413644e-07,2.5998921793137176e-07,7.490336675332303e-06,0.4757692795738422,81,highpass
1.0422013076143979e-07,3.6028741350935267e-07,1.992851940413644e-07,2.598724436832349e-07,7.490336675332303e-06,0.4757692795738422,81,highpass
1.0422013076143979e-07,3.6028741350935267e-07,1.992851940413644e-07,2.5998921793137176e-07,7.490336675332303e-06,0.4757692795738422,81,highpass
1.0422013076143979e-07,3.6028741350935267e-07,1.992851940413644e-07,2.5998921793137176e-07,7.490336675332303e-06,0.4757692795738422,81,highpass
1.0422013076143979e-07,3.6028741350935267e-07,1.992851940413644e-07,2.5998921793137176e-07,7.490336675332303e-06,0.4757692795738422,81,highpass
1.0422013076143979e-07,3.6028741350935267e-07,1.992851940413644e-07,2.5998921793137176e-07,7.490336675332303e-06,0.4757692795738422,81,highpass
1.0422013076143979e-07,3.6028741350935267e-07,1.7995511633819474e-07,2.5998921793137176e-07,7.490336675332303e-06,0.3802187598795176,81,highpass
1.0422013076143979e-07,3.6028741350935267e-07,1.992851940413644e-07,2.5998921793137176e-07,7.490336675332303e-06,0.4757692795738422,81,highpass
1.0422013076143979e-07,3.6028741350935267e-07,1.2507632911854666e-07,2.5998921793137176e-07,7.490336675332303e-06,0.4233920965100263,81,highpass
1.0422013076143979e-07,3.6028741350935267e-07,1.992851940413644e-07,2.5998921793137176e-07,7.490336675332303e-06,0.4757692795738422,81,highpass
1.0422013076143979e-07,3.6028741350935267e-07,1.992851940413644e-07,2.5998921793137176e-07,7.490336675332303e-06,0.4757692795738422,81,highpass
1.0422013076143979e-07,3.6028741350935267e-07,1.992851940413644e-07,2.5998921793137176e-07,7.490336675332303e-06,0.4757692795738422,81,highpass
1.0422013076143979e-07,3.6028741350935267e-07,1.992851940413644e-07,2.5998921793137176e-07,7.490336675332303e-06,0.4757692795738422,82,highpass
1.0422013076143979e-07,3.6028741350935267e-07,1.992851940413644e-07,2.5998921793137176e-07,7.490336675332303e-06,0.4757692795738422,82,highpass
1.666057565873813e-07,3.6028741350935267e-07,1.992851940413644e-07,2.5998921793137176e-07,7.490336675332303e-06,0.3792725503583801,82,highpass
1.0422013076143979e-07,3.6028741350935267e-07,1.992851940413644e-07,2.5998921793137176e-07,7.490336675332303e-06,0.4757692795738422,82,highpass
1.0422013076143979e-07,3.6028741350935267e-07,1.992851940413644e-07,2.5998921793137176e-07,7.490336675332303e-06,0.4757692795738422,82,highpass
1.0422013076143979e-07,3.6028741350935267e-07,1.992851940413644e-07,2.5998921793137176e-07,7.490336675332303e-06,0.4757692795738422,82,highpass
1.0422013076143979e-07,3.6028741350935267e-07,1.992851940413644e-07,2.5998921793137176e-07,7.490336675332303e-06,0.4757692795738422,82,highpass
1.0422013076143979e-07,3.6028741350935267e-07,1.992851940413644e-07,2.5998921793137176e-07,7.490336675332303e-06,0.4757692795738422,82,highpass
1.0422013076143979e-07,3.6028741350935267e-07,2.1199707751595072e-07,2.5998921793137176e-07,7.490336675332303e-06,0.4010597133301083,82,highpass
1.0422013076143979e-07,3.6028741350935267e-07,1.965635897780037e-07,2.598724436832349e-07,7.490336675332303e-06,0.4359614104848133,82,highpass
1.0422013076143979e-07,3.6028741350935267e-07,1.992851940413644e-07,2.5998921793137176e-07,7.490336675332303e-06,0.4757692795738422,82,highpass
1.0422013076143979e-07,3.6028741350935267e-07,1.992851940413644e-07,2.5998921793137176e-07,7.490336675332303e-06,0.4757692795738422,82,highpass
1.0422013076143979e-07,3.6028741350935267e-07,1.992851940413644e-07,2.5998921793137176e-07,7.490336675332303e-06,0.4757692795738422,82,highpass
1.0422013076143979e-07,3.6028741350935267e-07,1.992851940413644e-07,2.5998921793137176e-07,7.490336675332303e-06,0.4757692795738422,82,highpass
1.0422013076143979e-07,3.6028741350935267e-07,1.992851940413644e-07,2.5998921793137176e-07,7.490336675332303e-06,0.4757692795738422,82,highpass
1.0422013076143979e-07,3.6028741350935267e-07,1.992851940413644e-07,2.5998921793137176e-07,7.490336675332303e-06,0.4757692795738422,82,highpass
1.0422013076143979e-07,3.6028741350935267e-07,1.992851940413644e-07,2.5998921793137176e-07,7.490336675332303e-06,0.4757692795738422,82,highpass
1.0422013076143979e-07,6.877037297016699e-07,1.992851940413644e-07,2.5998921793137176e-07,7.490336675332303e-06,0.2681759987775621,82,highpass
1.0422013076143979e-07,3.6028741350935267e-07,1.992851940413644e-07,2.5998921793137176e-07,7.490336675332303e-06,0.4757692795738422,82,highpass
1.0422013076143979e-07,3.6028741350935267e-07,1.992851940413644e-07,2.525190393329288e-07,7.490336675332303e-06,0.47291257072664644,82,highpass
1.0422013076143979e-07,3.6028741350935267e-07,1.992851940413644e-07,2.5998921793137176e-07,1.287543242161013e-05,0.40382850321821223,82,highpass
1.0422013076143979e-07,3.6028741350935267e-07,1.992851940413644e-07,2.5998921793137176e-07,7.490336675332303e-06,0.4757692795738422,82,highpass
1.0422013076143979e-07,3.6028741350935267e-07,1.992851940413644e-07,2.5998921793137176e-07,7.490336675332303e-06,0.4757692795738422,82,highpass
1.0422013076143979e-07,3.6028741350935267e-07,1.992851940413644e-07,2.5998921793137176e-07,7.490336675332303e-06,0.4757692795738422,82,highpass
1.0422013076143979e-07,3.6028741350935267e-07,1.992851940413644e-07,2.5998921793137176e-07,7.490336675332303e-06,0.4757692795738422,82,highpass
1.0422013076143979e-07,3.6028741350935267e-07,1.992851940413644e-07,2.5998921793137176e-07,7.490336675332303e-06,0.4757692795738422,82,highpass
1.0422013076143979e-07,3.6028741350935267e-07,1.992851940413644e-07,2.5998921793137176e-07,7.490336675332303e-06,0.4757692795738422,82,highpass
1.0422013076143979e-07,3.6028741350935267e-07,1.992851940413644e-07,2.598724436832349e-07,7.490336675332303e-06,0.4757692795738422,82,highpass
1.0422013076143979e-07,3.6028741350935267e-07,1.992851940413644e-07,2.5998921793137176e-07,7.490336675332303e-06,0.4757692795738422,82,highpass
1.0422013076143979e-07,3.6028741350935267e-07,1.992851940413644e-07,2.5998921793137176e-07,7.490336675332303e-06,0.4757692795738422,82,highpass
1.0422013076143979e-07,3.6028741350935267e-07,1.992851940413644e-07,2.5998921793137176e-07,7.490336675332303e-06,0.4757692795738422,83,highpass
1.0422013076143979e-07,3.523693082546953e-07,1.992851940413644e-07,2.5998921793137176e-07,7.490336675332303e-06,0.3726098977617424,83,highpass
1.0422013076143979e-07,3.6028741350935267e-07,1.992851940413644e-07,2.5998921793137176e-07,7.490336675332303e-06,0.4757692795738422,83,highpass
1.0422013076143979e-07,3.6028741350935267e-07,1.992851940413644e-07,2.5998921793137176e-07,7.490336675332303e-06,0.4757692795738422,83,highpass
1.0422013076143979e-07,3.6028741350935267e-07,1.8097177604189573e-07,2.5998921793137176e-07,7.490336675332303e-06,0.3713776574348837,83,highpass
1.0422013076143979e-07,5.656109247439423e-07,1.992851940413644e-07,2.5998921793137176e-07,7.490336675332303e-06,0.30129146031163,83,highpass
1.0422013076143979e-07,3.6028741350935267e-07,2.0580295032865533e-07,2.5998921793137176e-07,7.490336675332303e-06,0.42852729427752145,83,highpass
1.0422013076143979e-07,3.6028741350935267e-07,1.992851940413644e-07,2.5998921793137176e-07,7.490336675332303e-06,0.4757692795738422,83,highpass
1.0422013076143979e-07,3.6028741350935267e-07,1.992851940413644e-07,2.5998921793137176e-07,7.490336675332303e-06,0.4757692795738422,83,highpass
1.0422013076143979e-07,3.5271722918049293e-07,1.992851940413644e-07,2.5998921793137176e-07,7.490336675332303e-06,0.3724974621780688,83,highpass
1.0422013076143979e-07,3.6028741350935267e-07,1.992851940413644e-07,2.5998921793137176e-07,7.490336675332303e-06,0.4757692795738422,83,highpass
1.0422013076143979e-07,3.6028741350935267e-07,1.992851940413644e-07,2.5998921793137176e-07,7.490336675332303e-06,0.4757692795738422,83,highpass
1.0422013076143979e-07,3.6028741350935267e-07,1.992851940413644e-07,2.5998921793137176e-07,7.490336675332303e-06,0.4757692795738422,83,highpass
1.0422013076143979e-07,3.6028741350935267e-07,1.992851940413644e-07,2.5998921793137176e-07,7.490336675332303e-06,0.4757692795738422,83,highpass
1.0422013076143979e-07,3.6028741350935267e-07,1.992851940413644e-07,2.6141946738148283e-07,7.490336675332303e-06,0.4757913113275597,83,highpass
1.0422013076143979e-07,3.6028741350935267e-07,1.992851940413644e-07,2.5998921793137176e-07,7.490336675332303e-06,0.4757692795738422,83,highpass
1.0422013076143979e-07,3.6028741350935267e-07,1.992851940413644e-07,2.5998921793137176e-07,7.490336675332303e-06,0.4757692795738422,83,highpass
1.0422013076143979e-07,3.6028741350935267e-07,1.992851940413644e-07,2.5998921793137176e-07,7.490336675332303e-06,0.4757692795738422,83,highpass
1.0422013076143979e-07,3.6028741350935267e-07,1.992851940413644e-07,2.5998921793137176e-07,7.490336675332303e-06,0.4757692795738422,83,highpass
1.0422013076143979e-07,3.6028741350935267e-07,1.992851940413644e-07,2.5998921793137176e-07,7.490336675332303e-06,0.4757692795738422,83,highpass
1.0422013076143979e-07,3.6028741350935267e-07,1.992851940413644e-07,2.5998921793137176e-07,7.490336675332303e-06,0.4757692795738422,83,highpass
1.0422013076143979e-07,3.6028741350935267e-07,1.992851940413644e-07,2.5998921793137176e-07,7.490336675332303e-06,0.4757692795738422,83,highpass
1.0422013076143979e-07,3.6028741350935267e-07,1.992851940413644e-07,2.606975367278163e-07,7.490336675332303e-06,0.4757913113275597,83,highpass
1.0422013076143979e-07,3.6028741350935267e-07,1.992851940413644e-07,2.5998921793137176e-07,7.490336675332303e-06,0.4757692795738422,83,highpass
1.0422013076143979e-07,3.6028741350935267e-07,1.992851940413644e-07,2.5998921793137176e-07,7.490336675332303e-06,0.4757692795738422,83,highpass
1.0422013076143979e-07,3.6028741350935267e-07,1.992851940413644e-07,2.5998921793137176e-07,7.490336675332303e-06,0.4757692795738422,83,highpass
1.0422013076143979e-07,3.6028741350935267e-07,1.992851940413644e-07,2.5998921793137176e-07,7.490336675332303e-06,0.4757692795738422,83,highpass
1.0422013076143979e-07,3.6028741350935267e-07,1.992851940413644e-07,2.5998921793137176e-07,7.490336675332303e-06,0.4757692795738422,83,highpass
1.0422013076143979e-07,3.6028741350935267e-07,1.992851940413644e-07,2.5998921793137176e-07,7.490336675332303e-06,0.4757692795738422,83,highpass
1.0422013076143979e-07,3.6028741350935267e-07,1.992851940413644e-07,2.5998921793137176e-07,7.490336675332303e-06,0.4757692795738422,83,highpass
1.0422013076143979e-07,3.6028741350935267e-07,1.992851940413644e-07,2.6141946738148283e-07,7.490336675332303e-06,0.4757913113275597,84,highpass
1.0422013076143979e-07,3.6028741350935267e-07,1.992851940413644e-07,2.5998921793137176e-07,7.490336675332303e-06,0.4757692795738422,84,highpass
1.0374882487821523e-07,3.6028741350935267e-07,1.992851940413644e-07,2.606975367278163e-07,7.490336675332303e-06,0.4757913113275597,84,highpass
1.0422013076143979e-07,3.6028741350935267e-07,1.992851940413644e-07,2.5998921793137176e-07,7.490336675332303e-06,0.4757692795738422,84,highpass
1.0422013076143979e-07,3.6028741350935267e-07,1.992851940413644e-07,2.5998921793137176e-07,7.490336675332303e-06,0.4757692795738422,84,highpass
1.1646372526645581e-07,3.6028741350935267e-07,1.992851940413644e-07,2.6141946738148283e-07,7.490336675332303e-06,0.43047943482011003,84,highpass
1.0422013076143979e-07,3.6028741350935267e-07,1.992851940413644e-07,2.5998921793137176e-07,7.490336675332303e-06,0.4757692795738422,84,highpass
1.0422013076143979e-07,3.6028741350935267e-07,1.992851940413644e-07,2.5998921793137176e-07,7.490336675332303e-06,0.4757692795738422,84,highpass
1.0422013076143979e-07,3.6028741350935267e-07,1.992851940413644e-07,2.5998921793137176e-07,7.490336675332303e-06,0.4757692795738422,84,highpass
1.0422013076143979e-07,6.610323531111028e-07,1.992851940413644e-07,2.606975367278163e-07,7.490336675332303e-06,0.2636675870675855,84,highpass
1.0422013076143979e-07,3.6028741350935267e-07,1.992851940413644e-07,1.7456909482803255e-07,7.490336675332303e-06,0.4122340172741754,84,highpass
1.0422013076143979e-07,3.6028741350935267e-07,1.992851940413644e-07,2.5998921793137176e-07,7.490336675332303e-06,0.4757692795738422,84,highpass
1.0422013076143979e-07,3.6028741350935267e-07,1.992851940413644e-07,2.5998921793137176e-07,7.490336675332303e-06,0.4757692795738422,84,highpass
1.0422013076143979e-07,3.6028741350935267e-07,1.992851940413644e-07,2.5998921793137176e-07,7.490336675332303e-06,0.4757692795738422,84,highpass
1.9394296688711128e-07,3.6028741350935267e-07,1.992851940413644e-07,2.5998921793137176e-07,7.490336675332303e-06,0.38281812579707863,84,highpass
1.0422013076143979e-07,3.6028741350935267e-07,1.992851940413644e-07,2.5998921793137176e-07,7.490336675332303e-06,0.4757692795738422,84,highpass
1.0422013076143979e-07,3.6028741350935267e-07,1.992851940413644e-07,2.6141946738148283e-07,7.490336675332303e-06,0.4757913113275597,84,highpass
1.0422013076143979e-07,3.6028741350935267e-07,1.992851940413644e-07,2.5998921793137176e-07,7.490336675332303e-06,0.4757692795738422,84,highpass
1.0422013076143979e-07,3.6028741350935267e-07,1.992851940413644e-07,2.5998921793137176e-07,7.490336675332303e-06,0.4757692795738422,84,highpass
1.0422013076143979e-07,3.6028741350935267e-07,1.992851940413644e-07,2.606975367278163e-07,7.490336675332303e-06,0.4757913113275597,84,highpass
1.0422013076143979e-07,3.6028741350935267e-07,1.992851940413644e-07,2.678668778753826e-07,7.490336675332303e-06,0.472945066209917,84,highpass
1.0422013076143979e-07,3.6028741350935267e-07,1.992851940413644e-07,2.5998921793137176e-07,7.490336675332303e-06,0.4757692795738422,84,highpass
1.0422013076143979e-07,3.6028741350935267e-07,1.992851940413644e-07,2.5998921793137176e-07,7.490336675332303e-06,0.4757692795738422,84,highpass
1.0422013076143979e-07,3.4959016165510343e-07,1.992851940413644e-07,2.5998921793137176e-07,7.490336675332303e-06,0.3735847144699571,84,highpass
1.0422013076143979e-07,3.6028741350935267e-07,1.992851940413644e-07,2.5998921793137176e-07,7.490336675332303e-06,0.4757692795738422,84,highpass
1.0422013076143979e-07,3.534622143864192e-07,1.992851940413644e-07,2.5998921793137176e-07,7.490336675332303e-06,0.37226933957827213,84,highpass
1.0422013076143979e-07,3.6028741350935267e-07,1.992851940413644e-07,2.5998921793137176e-07,7.490336675332303e-06,0.4757692795738422,84,highpass
1.0422013076143979e-07,3.6028741350935267e-07,1.992851940413644e-07,2.5998921793137176e-07,7.490336675332303e-06,0.4757692795738422,84,highpass
1.0422013076143979e-07,3.6028741350935267e-07,1.992851940413644e-07,2.5998921793137176e-07,7.490336675332303e-06,0.4757692795738422,84,highpass
1.0422013076143979e-07,3.6028741350935267e-07,1.992851940413644e-07,2.5998921793137176e-07,8.272410008557948e-06,0.3645552839644156,84,highpass
1.0422013076143979e-07,3.6028741350935267e-07,1.992851940413644e-07,2.6141946738148283e-07,7.490336675332303e-06,0.4757786189655668,85,highpass
1.0422013076143979e-07,3.6028741350935267e-07,1.992851940413644e-07,2.5998921793137176e-07,7.490336675332303e-06,0.4757692795738422,85,highpass
1.0422013076143979e-07,3.6028741350935267e-07,1.992851940413644e-07,2.5998921793137176e-07,9.235650629390629e-06,0.3641040524188428,85,highpass
1.0422013076143979e-07,3.6028741350935267e-07,1.992851940413644e-07,2.5998921793137176e-07,7.490336675332303e-06,0.4757692795738422,85,highpass
1.0374882487821523e-07,3.6028741350935267e-07,1.992851940413644e-07,2.606975367278163e-07,7.490336675332303e-06,0.4757786189655668,85,highpass
1.0422013076143979e-07,3.6028741350935267e-07,1.992851940413644e-07,2.606975367278163e-07,7.490336675332303e-06,0.4757786189655668,85,highpass
1.0374882487821523e-07,3.6028741350935267e-07,1.992851940413644e-07,2.606975367278163e-07,7.490336675332303e-06,0.4757786189655668,85,highpass
1.0422013076143979e-07,3.6028741350935267e-07,1.992851940413644e-07,2.606975367278163e-07,7.490336675332303e-06,0.4757786189655668,85,highpass
1.0422013076143979e-07,3.6028741350935267e-07,1.992851940413644e-07,2.606975367278163e-07,7.490336675332303e-06,0.4757786189655668,85,highpass
1.0422013076143979e-07,3.6028741350935267e-07,1.992851940413644e-07,2.6141946738148283e-07,7.490336675332303e-06,0.4757786189655668,85,highpass
1.0422013076143979e-07,3.6028741350935267e-07,1.992851940413644e-07,2.606975367278163e-07,7.490336675332303e-06,0.4757786189655668,85,highpass
1.0422013076143979e-07,3.6028741350935267e-07,1.992851940413644e-07,2.6141946738148283e-07,7.490336675332303e-06,0.4757786189655668,85,highpass
1.0374882487821523e-07,3.6028741350935267e-07,1.992851940413644e-07,2.5998921793137176e-07,7.490336675332303e-06,0.4757692795738422,85,highpass
1.0422013076143979e-07,3.6028741350935267e-07,1.992851940413644e-07,2.606975367278163e-07,7.490336675332303e-06,0.4757786189655668,85,highpass
1.0422013076143979e-07,4.728471200150744e-07,1.992851940413644e-07,2.6141946738148283e-07,7.490336675332303e-06,0.30591606898057855,85,highpass
1.0422013076143979e-07,3.6028741350935267e-07,1.992851940413644e-07,2.5998921793137176e-07,7.490336675332303e-06,0.4757692795738422,85,highpass
1.0422013076143979e-07,3.6028741350935267e-07,1.992851940413644e-07,2.6141946738148283e-07,7.490336675332303e-06,0.4757786189655668,85,highpass
1.0374882487821523e-07,3.6028741350935267e-07,1.992851940413644e-07,2.5998921793137176e-07,7.490336675332303e-06,0.4757692795738422,85,highpass
1.0422013076143979e-07,3.6028741350935267e-07,1.992851940413644e-07,2.5998921793137176e-07,7.490336675332303e-06,0.4757692795738422,85,highpass
1.0422013076143979e-07,3.6028741350935267e-07,1.992851940413644e-07,2.606975367278163e-07,7.490336675332303e-06,0.4757786189655668,85,highpass
1.0422013076143979e-07,3.6028741350935267e-07,1.992851940413644e-07,2.606975367278163e-07,7.490336675332303e-06,0.4757786189655668,85,highpass
1.0422013076143979e-07,3.6028741350935267e-07,1.992851940413644e-07,2.6141946738148283e-07,7.490336675332303e-06,0.4757786189655668,85,highpass
1.0422013076143979e-07,3.7492910738799194e-07,1.992851940413644e-07,2.606975367278163e-07,7.490336675332303e-06,0.46607230125682597,85,highpass
1.0422013076143979e-07,3.6028741350935267e-07,1.992851940413644e-07,2.5998921793137176e-07,7.490336675332303e-06,0.4757692795738422,85,highpass
1.0422013076143979e-07,3.6028741350935267e-07,1.992851940413644e-07,2.5998921793137176e-07,7.490336675332303e-06,0.4757692795738422,85,highpass
1.0422013076143979e-07,3.6028741350935267e-07,1.992851940413644e-07,2.5998921793137176e-07,7.490336675332303e-06,0.4757692795738422,85,highpass
1.0374882487821523e-07,3.6028741350935267e-07,1.992851940413644e-07,2.5998921793137176e-07,7.490336675332303e-06,0.4757692795738422,85,highpass
1.0422013076143979e-07,3.6028741350935267e-07,1.992851940413644e-07,2.6141946738148283e-07,7.490336675332303e-06,0.4757786189655668,85,highpass
1.0422013076143979e-07,3.6028741350935267e-07,1.992851940413644e-07,2.6141946738148283e-07,7.490336675332303e-06,0.4757786189655668,85,highpass
1.0422013076143979e-07,3.6028741350935267e-07,1.992851940413644e-07,2.5998921793137176e-07,7.490336675332303e-06,0.4757692795738422,85,highpass
1.0422013076143979e-07,3.6028741350935267e-07,1.992851940413644e-07,2.6141946738148283e-07,7.490336675332303e-06,0.4757786189655668,86,highpass
1.0422013076143979e-07,3.6028741350935267e-07,1.992851940413644e-07,2.6141946738148283e-07,7.490336675332303e-06,0.4757786189655668,86,highpass
1.0422013076143979e-07,3.6028741350935267e-07,1.992851940413644e-07,1.5890766513133588e-07,7.490336675332303e-06,0.4018954043631469,86,highpass
1.0422013076143979e-07,3.6028741350935267e-07,1.992851940413644e-07,2.606975367278163e-07,7.490336675332303e-06,0.4757786189655668,86,highpass
1.0422013076143979e-07,3.6028741350935267e-07,1.992851940413644e-07,2.606975367278163e-07,7.490336675332303e-06,0.4757786189655668,86,highpass
1.0422013076143979e-07,3.6028741350935267e-07,1.992851940413644e-07,2.6141946738148283e-07,7.490336675332303e-06,0.4757786189655668,86,highpass
1.0860147313494844e-07,3.6028741350935267e-07,1.992851940413644e-07,2.6141946738148283e-07,7.490336675332303e-06,0.3667067569661506,86,highpass
1.0422013076143979e-07,3.6028741350935267e-07,1.992851940413644e-07,2.6141946738148283e-07,7.490336675332303e-06,0.4757786189655668,86,highpass
1.0422013076143979e-07,3.6028741350935267e-07,1.992851940413644e-07,2.6141946738148283e-07,7.490336675332303e-06,0.4757786189655668,86,highpass
1.0422013076143979e-07,3.6028741350935267e-07,1.992851940413644e-07,2.606975367278163e-07,7.490336675332303e-06,0.4757786189655668,86,highpass
1.0422013076143979e-07,3.6028741350935267e-07,1.992851940413644e-07,2.606975367278163e-07,7.490336675332303e-06,0.4757786189655668,86,highpass
1.0422013076143979e-07,3.6028741350935267e-07,1.992851940413644e-07,2.6141946738148283e-07,7.490336675332303e-06,0.4757786189655668,86,highpass
1.0374882487821523e-07,3.6028741350935267e-07,1.992851940413644e-07,2.606975367278163e-07,7.490336675332303e-06,0.4757786189655668,86,highpass
1.0422013076143979e-07,3.6028741350935267e-07,1.992851940413644e-07,2.606975367278163e-07,7.490336675332303e-06,0.4757786189655668,86,highpass
1e-07,3.6028741350935267e-07,1.992851940413644e-07,2.6141946738148283e-07,7.490336675332303e-06,0.43859092474897116,86,highpass
1.0422013076143979e-07,3.6028741350935267e-07,1.992851940413644e-07,2.606975367278163e-07,7.490336675332303e-06,0.4757786189655668,86,highpass
1.0374882487821523e-07,3.6028741350935267e-07,1.992851940413644e-07,2.6141946738148283e-07,7.490336675332303e-06,0.4757786189655668,86,highpass
2.143326063187071e-07,3.6028741350935267e-07,1.992851940413644e-07,2.606975367278163e-07,7.490336675332303e-06,0.3843478337611912,86,highpass
1.0422013076143979e-07,3.6028741350935267e-07,1.992851940413644e-07,2.606975367278163e-07,7.490336675332303e-06,0.4757786189655668,86,highpass
1.0422013076143979e-07,3.6028741350935267e-07,1.992851940413644e-07,2.6141946738148283e-07,7.490336675332303e-06,0.4757786189655668,86,highpass
1.0422013076143979e-07,3.6028741350935267e-07,1.992851940413644e-07,1.6584833733574093e-07,7.490336675332303e-06,0.3987901161397841,86,highpass
1.0422013076143979e-07,3.6028741350935267e-07,2.0372353563554138e-07,2.6141946738148283e-07,7.490336675332303e-06,0.38541217466714434,86,highpass
1.0422013076143979e-07,3.6028741350935267e-07,1.992851940413644e-07,2.6141946738148283e-07,7.490336675332303e-06,0.4757786189655668,86,highpass
1.0422013076143979e-07,3.6028741350935267e-07,1.992851940413644e-07,2.6141946738148283e-07,7.490336675332303e-06,0.4757786189655668,86,highpass
1.0374882487821523e-07,3.6028741350935267e-07,1.992851940413644e-07,2.606975367278163e-07,7.490336675332303e-06,0.4757786189655668,86,highpass
1.0422013076143979e-07,3.6028741350935267e-07,1.992851940413644e-07,2.6141946738148283e-07,7.490336675332303e-06,0.4757786189655668,86,highpass
1.0422013076143979e-07,3.6028741350935267e-07,1.578855395747352e-07,2.606975367278163e-07,7.490336675332303e-06,0.42501349388624116,86,highpass
1.0422013076143979e-07,3.6028741350935267e-07,1.992851940413644e-07,2.6141946738148283e-07,7.490336675332303e-06,0.4757786189655668,86,highpass
1.0422013076143979e-07,3.6028741350935267e-07,1.992851940413644e-07,2.6141946738148283e-07,7.490336675332303e-06,0.4757786189655668,86,highpass
1.0422013076143979e-07,3.6028741350935267e-07,1.992851940413644e-07,2.6141946738148283e-07,7.490336675332303e-06,0.4757786189655668,86,highpass
1.0422013076143979e-07,3.6028741350935267e-07,1.992851940413644e-07,2.6141946738148283e-07,7.490336675332303e-06,0.4757913113275597,87,highpass
1.0374882487821523e-07,3.6028741350935267e-07,1.992851940413644e-07,2.6141946738148283e-07,7.490336675332303e-06,0.4757913113275597,87,highpass
1.0422013076143979e-07,3.6028741350935267e-07,1.992851940413644e-07,2.6141946738148283e-07,7.490336675332303e-06,0.4757913113275597,87,highpass
1.0374882487821523e-07,3.6028741350935267e-07,1.9759463230142912e-07,2.6141946738148283e-07,7.490336675332303e-06,0.4379889092659398,87,highpass
1.0422013076143979e-07,3.6028741350935267e-07,1.992851940413644e-07,2.606975367278163e-07,7.490336675332303e-06,0.4757913113275597,87,highpass
1.0422013076143979e-07,3.6028741350935267e-07,1.992851940413644e-07,2.6141946738148283e-07,7.490336675332303e-06,0.4757913113275597,87,highpass
1.0422013076143979e-07,3.6028741350935267e-07,1.992851940413644e-07,2.606975367278163e-07,7.490336675332303e-06,0.4757913113275597,87,highpass
1.0422013076143979e-07,3.6028741350935267e-07,1.992851940413644e-07,2.6189535749819887e-07,7.490336675332303e-06,0.4757596533380318,87,highpass
1.0422013076143979e-07,3.6028741350935267e-07,1.992851940413644e-07,2.6141946738148283e-07,7.490336675332303e-06,0.4757913113275597,87,highpass
1.0374882487821523e-07,3.6028741350935267e-07,1.992851940413644e-07,2.606975367278163e-07,7.490336675332303e-06,0.4757913113275597,87,highpass
1.0422013076143979e-07,3.6028741350935267e-07,1.992851940413644e-07,2.6141946738148283e-07,7.490336675332303e-06,0.4757913113275597,87,highpass
1.0422013076143979e-07,3.6028741350935267e-07,1.992851940413644e-07,2.6141946738148283e-07,7.490336675332303e-06,0.4757913113275597,87,highpass
1.0422013076143979e-07,3.6028741350935267e-07,1.992851940413644e-07,2.606975367278163e-07,7.490336675332303e-06,0.4757913113275597,87,highpass
1.0422013076143979e-07,3.6028741350935267e-07,1.992851940413644e-07,2.2521467004588096e-07,7.490336675332303e-06,0.374329137575149,87,highpass
1.0422013076143979e-07,3.6028741350935267e-07,1.992851940413644e-07,2.6141946738148283e-07,7.490336675332303e-06,0.4757913113275597,87,highpass
1.0422013076143979e-07,3.6028741350935267e-07,1.992851940413644e-07,2.6141946738148283e-07,7.490336675332303e-06,0.4757913113275597,87,highpass
1.0422013076143979e-07,3.6028741350935267e-07,1.992851940413644e-07,2.606975367278163e-07,7.490336675332303e-06,0.4757913113275597,87,highpass
1.0422013076143979e-07,3.6028741350935267e-07,1.992851940413644e-07,2.606975367278163e-07,7.490336675332303e-06,0.4757913113275597,87,highpass
1.0422013076143979e-07,3.6028741350935267e-07,1.9918630487782517e-07,2.6141946738148283e-07,7.490336675332303e-06,0.4757913113275597,87,highpass
1.0422013076143979e-07,3.6028741350935267e-07,1.992851940413644e-07,2.6141946738148283e-07,7.490336675332303e-06,0.4757913113275597,87,highpass
1.0422013076143979e-07,3.6028741350935267e-07,1.992851940413644e-07,2.606975367278163e-07,7.490336675332303e-06,0.4757913113275597,87,highpass
1.0422013076143979e-07,3.6028741350935267e-07,1.992851940413644e-07,2.606975367278163e-07,7.490336675332303e-06,0.4757913113275597,87,highpass
1.0422013076143979e-07,3.6028741350935267e-07,1.992851940413644e-07,2.6141946738148283e-07,9.171848700669171e-06,0.36374258900118916,87,highpass
1.0422013076143979e-07,3.408369769005089e-07,1.992851940413644e-07,2.6141946738148283e-07,7.490336675332303e-06,0.37672594053202907,87,highpass
1.0422013076143979e-07,3.6028741350935267e-07,1.992851940413644e-07,2.6141946738148283e-07,7.490336675332303e-06,0.4757913113275597,87,highpass
1.0374882487821523e-07,3.6028741350935267e-07,1.992851940413644e-07,2.6141946738148283e-07,7.490336675332303e-06,0.4757913113275597,87,highpass
1.0422013076143979e-07,3.6028741350935267e-07,1.992851940413644e-07,2.606975367278163e-07,7.490336675332303e-06,0.4757913113275597,87,highpass
1.0422013076143979e-07,3.6028741350935267e-07,1.992851940413644e-07,2.606975367278163e-07,7.490336675332303e-06,0.4757913113275597,87,highpass
1.0422013076143979e-07,3.6028741350935267e-07,1.992851940413644e-07,2.606975367278163e-07,7.490336675332303e-06,0.4757913113275597,87,highpass
1.0422013076143979e-07,3.6028741350935267e-07,2.2648025792522328e-07,2.6141946738148283e-07,7.490336675332303e-06,0.4166961274528456,87,highpass
1.0422013076143979e-07,3.6028741350935267e-07,1.992851940413644e-07,2.6141946738148283e-07,7.490336675332303e-06,0.4757913113275597,88,highpass
1.0374882487821523e-07,3.6028741350935267e-07,1.992851940413644e-07,2.606975367278163e-07,7.490336675332303e-06,0.4757913113275597,88,highpass
1.0422013076143979e-07,3.6028741350935267e-07,1.992851940413644e-07,2.6141946738148283e-07,7.490336675332303e-06,0.4757913113275597,88,highpass
1.0422013076143979e-07,3.407045290200487e-07,1.9918630487782517e-07,2.6141946738148283e-07,7.490336675332303e-06,0.3799511631116836,88,highpass
1.0422013076143979e-07,3.6028741350935267e-07,1.992851940413644e-07,2.606975367278163e-07,7.490336675332303e-06,0.4757913113275597,88,highpass
1.0422013076143979e-07,3.587757052410373e-07,1.992851940413644e-07,2.606975367278163e-07,7.490336675332303e-06,0.47552411986146476,88,highpass
1.0422013076143979e-07,3.6028741350935267e-07,1.992851940413644e-07,2.606975367278163e-07,7.490336675332303e-06,0.4757913113275597,88,highpass
1.0422013076143979e-07,3.6028741350935267e-07,1.992851940413644e-07,2.606975367278163e-07,7.490336675332303e-06,0.4757913113275597,88,highpass
1.0374882487821523e-07,3.6028741350935267e-07,1.9918630487782517e-07,2.6141946738148283e-07,7.490336675332303e-06,0.4757913113275597,88,highpass
1.0422013076143979e-07,3.6028741350935267e-07,1.992851940413644e-07,2.606975367278163e-07,7.490336675332303e-06,0.4757913113275597,88,highpass
1.787645498965503e-07,3.6028741350935267e-07,1.992851940413644e-07,2.6141946738148283e-07,7.490336675332303e-06,0.4389443418317404,88,highpass
1.0422013076143979e-07,3.6028741350935267e-07,1.992851940413644e-07,2.6141946738148283e-07,7.490336675332303e-06,0.4757913113275597,88,highpass
1.0422013076143979e-07,3.6028741350935267e-07,1.992851940413644e-07,2.606975367278163e-07,7.490336675332303e-06,0.4757913113275597,88,highpass
1.0422013076143979e-07,3.6028741350935267e-07,1.992851940413644e-07,2.606975367278163e-07,7.490336675332303e-06,0.4757913113275597,88,highpass
1.0422013076143979e-07,3.6028741350935267e-07,1.992851940413644e-07,2.6141946738148283e-07,7.490336675332303e-06,0.4757913113275597,88,highpass
1.0422013076143979e-07,3.6028741350935267e-07,1.992851940413644e-07,2.6141946738148283e-07,7.490336675332303e-06,0.4757913113275597,88,highpass
1.0422013076143979e-07,3.6028741350935267e-07,1.992851940413644e-07,2.606975367278163e-07,7.490336675332303e-06,0.4757913113275597,88,highpass
1.0422013076143979e-07,3.6028741350935267e-07,1.992851940413644e-07,2.606975367278163e-07,7.490336675332303e-06,0.4757913113275597,88,highpass
1.0422013076143979e-07,3.6028741350935267e-07,1.992851940413644e-07,2.6141946738148283e-07,7.490336675332303e-06,0.4757913113275597,88,highpass
1.0422013076143979e-07,3.6028741350935267e-07,1.992851940413644e-07,2.6141946738148283e-07,7.490336675332303e-06,0.4757913113275597,88,highpass
1.0374882487821523e-07,3.6028741350935267e-07,1.9918630487782517e-07,2.6141946738148283e-07,7.490336675332303e-06,0.4757913113275597,88,highpass
1.0374882487821523e-07,3.6028741350935267e-07,1.992851940413644e-07,2.6141946738148283e-07,7.490336675332303e-06,0.4757913113275597,88,highpass
1.0422013076143979e-07,3.6028741350935267e-07,1.992851940413644e-07,2.606975367278163e-07,7.490336675332303e-06,0.4757913113275597,88,highpass
1.0422013076143979e-07,3.6028741350935267e-07,1.992851940413644e-07,2.609675380427112e-07,7.490336675332303e-06,0.4757913113275597,88,highpass
1.0422013076143979e-07,3.6028741350935267e-07,1.992851940413644e-07,2.6141946738148283e-07,7.490336675332303e-06,0.4757913113275597,88,highpass
1.0422013076143979e-07,3.6028741350935267e-07,1.992851940413644e-07,2.6141946738148283e-07,7.490336675332303e-06,0.4757913113275597,88,highpass
1.0422013076143979e-07,3.6028741350935267e-07,1.992851940413644e-07,2.6141946738148283e-07,7.490336675332303e-06,0.4757913113275597,88,highpass
1.0422013076143979e-07,3.6028741350935267e-07,1.992851940413644e-07,2.606975367278163e-07,7.490336675332303e-06,0.4757913113275597,88,highpass
1.0422013076143979e-07,3.6028741350935267e-07,1.992851940413644e-07,2.6141946738148283e-07,7.490336675332303e-06,0.4757913113275597,88,highpass
1.0422013076143979e-07,3.6028741350935267e-07,1.992851940413644e-07,2.606975367278163e-07,7.490336675332303e-06,0.4757913113275597,88,highpass
1.0422013076143979e-07,3.6028741350935267e-07,1.992851940413644e-07,2.6141946738148283e-07,7.490336675332303e-06,0.4286425630257271,89,highpass
1.0374882487821523e-07,3.6028741350935267e-07,1.992851940413644e-07,2.606975367278163e-07,7.490336675332303e-06,0.4286425630257271,89,highpass
1.0422013076143979e-07,3.6028741350935267e-07,1.992851940413644e-07,2.606975367278163e-07,7.490336675332303e-06,0.4286425630257271,89,highpass
1.0422013076143979e-07,3.6028741350935267e-07,1.992851940413644e-07,2.606975367278163e-07,7.490336675332303e-06,0.4286425630257271,89,highpass
1.0422013076143979e-07,3.6028741350935267e-07,1.9918630487782517e-07,2.6141946738148283e-07,7.490336675332303e-06,0.4286425630257271,89,highpass
1.0374882487821523e-07,3.6028741350935267e-07,1.992851940413644e-07,2.606975367278163e-07,7.490336675332303e-06,0.4286425630257271,89,highpass
1.0422013076143979e-07,3.6028741350935267e-07,1.992851940413644e-07,2.606975367278163e-07,7.490336675332303e-06,0.4286425630257271,89,highpass
1.0422013076143979e-07,3.6028741350935267e-07,1.992851940413644e-07,2.609675380427112e-07,7.490336675332303e-06,0.4286425630257271,89,highpass
1.0374882487821523e-07,3.6028741350935267e-07,1.992851940413644e-07,2.606975367278163e-07,7.490336675332303e-06,0.4286425630257271,89,highpass
1.0374882487821523e-07,3.6028741350935267e-07,1.9918630487782517e-07,2.6141946738148283e-07,7.490336675332303e-06,0.4286425630257271,89,highpass
1.0422013076143979e-07,3.6028741350935267e-07,1.992851940413644e-07,2.606975367278163e-07,7.490336675332303e-06,0.4286425630257271,89,highpass
1.0374882487821523e-07,3.6028741350935267e-07,1.992851940413644e-07,2.6141946738148283e-07,7.490336675332303e-06,0.4286425630257271,89,highpass
1.0422013076143979e-07,3.6028741350935267e-07,1.992851940413644e-07,2.609675380427112e-07,7.490336675332303e-06,0.4286425630257271,89,highpass
1.0422013076143979e-07,3.6028741350935267e-07,1.992851940413644e-07,2.6141946738148283e-07,7.490336675332303e-06,0.4286425630257271,89,highpass
1.0422013076143979e-07,3.6028741350935267e-07,1.992851940413644e-07,2.606975367278163e-07,7.490336675332303e-06,0.4286425630257271,89,highpass
1.0422013076143979e-07,3.6028741350935267e-07,1.992851940413644e-07,2.606975367278163e-07,7.490336675332303e-06,0.4286425630257271,89,highpass
1.0422013076143979e-07,3.6028741350935267e-07,1.9918630487782517e-07,2.6141946738148283e-07,7.490336675332303e-06,0.4286425630257271,89,highpass
1.0422013076143979e-07,3.6028741350935267e-07,1.992851940413644e-07,2.6141946738148283e-07,7.490336675332303e-06,0.4286425630257271,89,highpass
1.0422013076143979e-07,3.6028741350935267e-07,1.992851940413644e-07,2.6141946738148283e-07,7.490336675332303e-06,0.4286425630257271,89,highpass
1.0374882487821523e-07,3.6028741350935267e-07,1.992851940413644e-07,2.6141946738148283e-07,7.490336675332303e-06,0.4286425630257271,89,highpass
1.0422013076143979e-07,3.6028741350935267e-07,1.992851940413644e-07,2.6141946738148283e-07,7.490336675332303e-06,0.4286425630257271,89,highpass
1.0422013076143979e-07,4.7657223480216486e-07,1.992851940413644e-07,2.609675380427112e-07,7.490336675332303e-06,0.38645123532100156,89,highpass
1.0422013076143979e-07,3.6028741350935267e-07,1.9918630487782517e-07,2.6141946738148283e-07,7.490336675332303e-06,0.4286425630257271,89,highpass
1.0422013076143979e-07,3.6028741350935267e-07,1.992851940413644e-07,2.6141946738148283e-07,7.490336675332303e-06,0.4286425630257271,89,highpass
1.0422013076143979e-07,3.6028741350935267e-07,1.992851940413644e-07,2.6141946738148283e-07,7.490336675332303e-06,0.4286425630257271,89,highpass
1.0422013076143979e-07,3.6028741350935267e-07,1.992851940413644e-07,2.606975367278163e-07,7.490336675332303e-06,0.4286425630257271,89,highpass
1.0422013076143979e-07,3.6028741350935267e-07,1.992851940413644e-07,2.606975367278163e-07,7.490336675332303e-06,0.4286425630257271,89,highpass
1.0422013076143979e-07,3.6090268469445865e-07,1.992851940413644e-07,2.6141946738148283e-07,7.490336675332303e-06,0.47543791998549195,89,highpass
2.493196010001057e-07,3.6028741350935267e-07,1.992851940413644e-07,2.606975367278163e-07,7.490336675332303e-06,0.4111608520672193,89,highpass
1.0374882487821523e-07,3.6028741350935267e-07,1.992851940413644e-07,2.606975367278163e-07,7.490336675332303e-06,0.4286425630257271,89,highpass
1.0422013076143979e-07,3.6028741350935267e-07,1.992851940413644e-07,2.6141946738148283e-07,7.490336675332303e-06,0.4757786189655668,90,highpass
1.0422013076143979e-07,3.6028741350935267e-07,1.992851940413644e-07,2.606975367278163e-07,7.490336675332303e-06,0.4757786189655668,90,highpass
1.0422013076143979e-07,3.6028741350935267e-07,1.9918630487782517e-07,2.6141946738148283e-07,7.490336675332303e-06,0.4757786189655668,90,highpass
1.0374882487821523e-07,3.6090268469445865e-07,1.992851940413644e-07,2.6141946738148283e-07,7.490336675332303e-06,0.47543791998549195,90,highpass
1.0422013076143979e-07,3.6028741350935267e-07,1.992851940413644e-07,2.609675380427112e-07,7.490336675332303e-06,0.4757786189655668,90,highpass
1.0422013076143979e-07,3.6028741350935267e-07,1.9918630487782517e-07,2.6141946738148283e-07,7.490336675332303e-06,0.4757786189655668,90,highpass
1e-07,3.6090268469445865e-07,1.992851940413644e-07,2.606975367278163e-07,7.490336675332303e-06,0.43835928705016125,90,highpass
1.0422013076143979e-07,3.6090268469445865e-07,1.992851940413644e-07,2.1792603683378547e-07,7.490336675332303e-06,0.3751479362449217,90,highpass
1.0422013076143979e-07,3.6090268469445865e-07,1.992851940413644e-07,2.606975367278163e-07,7.490336675332303e-06,0.47543791998549195,90,highpass
1.0422013076143979e-07,3.6028741350935267e-07,1.9918630487782517e-07,2.6141946738148283e-07,7.490336675332303e-06,0.4757786189655668,90,highpass
1.0422013076143979e-07,3.6028741350935267e-07,1.9918630487782517e-07,2.6141946738148283e-07,7.490336675332303e-06,0.4757786189655668,90,highpass
1.0422013076143979e-07,3.6028741350935267e-07,1.992851940413644e-07,2.6141946738148283e-07,7.490336675332303e-06,0.4757786189655668,90,highpass
2.487099832618393e-07,3.6028741350935267e-07,1.992851940413644e-07,2.606975367278163e-07,7.490336675332303e-06,0.42541216440459717,90,highpass
1.0422013076143979e-07,3.6028741350935267e-07,1.992851940413644e-07,2.606975367278163e-07,7.490336675332303e-06,0.4757786189655668,90,highpass
1.0422013076143979e-07,3.6028741350935267e-07,1.992851940413644e-07,2.606975367278163e-07,7.490336675332303e-06,0.4757786189655668,90,highpass
1.0374882487821523e-07,3.6028741350935267e-07,1.9918630487782517e-07,2.6141946738148283e-07,7.490336675332303e-06,0.4757786189655668,90,highpass
1.0374882487821523e-07,3.6028741350935267e-07,1.992851940413644e-07,2.606975367278163e-07,7.490336675332303e-06,0.4757786189655668,90,highpass
1.0422013076143979e-07,3.6028741350935267e-07,1.992851940413644e-07,2.6141946738148283e-07,8.453997210305815e-06,0.41402799601622037,90,highpass
1.0422013076143979e-07,3.6028741350935267e-07,1.992851940413644e-07,2.6141946738148283e-07,7.490336675332303e-06,0.4757786189655668,90,highpass
1.0422013076143979e-07,3.6028741350935267e-07,1.992851940413644e-07,2.6141946738148283e-07,7.490336675332303e-06,0.4757786189655668,90,highpass
1.0422013076143979e-07,3.6028741350935267e-07,1.992851940413644e-07,2.6141946738148283e-07,7.490336675332303e-06,0.4757786189655668,90,highpass
1.0422013076143979e-07,3.6028741350935267e-07,1.975973987258838e-07,2.606975367278163e-07,7.490336675332303e-06,0.43649242430887547,90,highpass
1.0374882487821523e-07,3.6028741350935267e-07,1.992851940413644e-07,2.606975367278163e-07,4.645357470491361e-05,0.38956346822591714,90,highpass
1.0422013076143979e-07,3.6028741350935267e-07,1.992851940413644e-07,2.606975367278163e-07,2.014046777978954e-05,0.3650486209898733,90,highpass
1.0422013076143979e-07,3.6028741350935267e-07,1.9918630487782517e-07,2.6141946738148283e-07,7.490336675332303e-06,0.4757786189655668,90,highpass
1.0422013076143979e-07,5.856209980967122e-07,1.992851940413644e-07,2.606975367278163e-07,7.490336675332303e-06,0.3001457085191295,90,highpass
1.0422013076143979e-07,3.6028741350935267e-07,1.992851940413644e-07,2.606975367278163e-07,7.490336675332303e-06,0.4757786189655668,90,highpass
1.0422013076143979e-07,3.6028741350935267e-07,1.992851940413644e-07,2.6141946738148283e-07,7.490336675332303e-06,0.4757786189655668,90,highpass
1.0422013076143979e-07,3.6090268469445865e-07,1.992851940413644e-07,2.6141946738148283e-07,7.490336675332303e-06,0.47543791998549195,90,highpass
1.0374882487821523e-07,3.6028741350935267e-07,1.992851940413644e-07,2.606975367278163e-07,4.2949720247628e-05,0.3734070920461108,90,highpass
1.0422013076143979e-07,3.6028741350935267e-07,1.992851940413644e-07,2.6141946738148283e-07,7.490336675332303e-06,0.4757786189655668,91,highpass
1.0422013076143979e-07,3.6028741350935267e-07,1.992851940413644e-07,1.6045594420787925e-07,7.490336675332303e-06,0.40101510031488213,91,highpass
1.0422013076143979e-07,3.6028741350935267e-07,1.9918630487782517e-07,2.6141946738148283e-07,7.490336675332303e-06,0.4757786189655668,91,highpass
1.0374882487821523e-07,3.6028741350935267e-07,1.9918630487782517e-07,2.6141946738148283e-07,7.490336675332303e-06,0.4757786189655668,91,highpass
1.0422013076143979e-07,3.6028741350935267e-07,1.992851940413644e-07,2.606975367278163e-07,7.490336675332303e-06,0.4757786189655668,91,highpass
1.0422013076143979e-07,3.6028741350935267e-07,1.9918630487782517e-07,2.6141946738148283e-07,7.490336675332303e-06,0.4757786189655668,91,highpass
1.0422013076143979e-07,3.6028741350935267e-07,1.992851940413644e-07,2.6141946738148283e-07,7.490336675332303e-06,0.4757786189655668,91,highpass
1.0422013076143979e-07,3.6028741350935267e-07,1.992851940413644e-07,2.6141946738148283e-07,7.490336675332303e-06,0.4757786189655668,91,highpass
1.086098544084881e-07,3.6028741350935267e-07,1.992851940413644e-07,2.6141946738148283e-07,7.490336675332303e-06,0.36670630101205925,91,highpass
1.0422013076143979e-07,3.6028741350935267e-07,1.992851940413644e-07,2.6141946738148283e-07,7.490336675332303e-06,0.4757786189655668,91,highpass
1.0422013076143979e-07,3.6028741350935267e-07,1.992851940413644e-07,2.606975367278163e-07,3.7681759668482356e-05,0.39505770426039044,91,highpass
1.0422013076143979e-07,3.6028741350935267e-07,1.992851940413644e-07,2.6141946738148283e-07,7.490336675332303e-06,0.4757786189655668,91,highpass
1.0374882487821523e-07,3.6028741350935267e-07,1.992851940413644e-07,2.606975367278163e-07,7.490336675332303e-06,0.4757786189655668,91,highpass
1.0374882487821523e-07,3.462891922312996e-07,1.9918630487782517e-07,2.6141946738148283e-07,7.490336675332303e-06,0.3747691982086618,91,highpass
1.0422013076143979e-07,3.6028741350935267e-07,1.9918630487782517e-07,2.6141946738148283e-07,7.490336675332303e-06,0.4757786189655668,91,highpass
1.0374882487821523e-07,3.6028741350935267e-07,1.992851940413644e-07,2.606975367278163e-07,7.490336675332303e-06,0.4757786189655668,91,highpass
1.0422013076143979e-07,3.6028741350935267e-07,1.9918630487782517e-07,2.6141946738148283e-07,7.490336675332303e-06,0.4757786189655668,91,highpass
1.0422013076143979e-07,3.6028741350935267e-07,1.992851940413644e-07,2.6141946738148283e-07,7.490336675332303e-06,0.4757786189655668,91,highpass
1.0422013076143979e-07,3.6028741350935267e-07,1.992851940413644e-07,2.6141946738148283e-07,7.490336675332303e-06,0.4757786189655668,91,highpass
1.0422013076143979e-07,3.5403302686785674e-07,1.9918630487782517e-07,2.6141946738148283e-07,7.490336675332303e-06,0.3886242173176201,91,highpass
1.0422013076143979e-07,3.6028741350935267e-07,1.992851940413644e-07,2.6141946738148283e-07,7.490336675332303e-06,0.4757786189655668,91,highpass
1.0422013076143979e-07,3.6028741350935267e-07,1.992851940413644e-07,2.6141946738148283e-07,7.490336675332303e-06,0.4757786189655668,91,highpass
1.0422013076143979e-07,3.6028741350935267e-07,1.992851940413644e-07,2.6141946738148283e-07,7.490336675332303e-06,0.4757786189655668,91,highpass
1.0422013076143979e-07,3.6028741350935267e-07,1.992851940413644e-07,2.3278471849033592e-07,7.490336675332303e-06,0.3710169160149459,91,highpass
1.0422013076143979e-07,3.6028741350935267e-07,1.992851940413644e-07,2.6141946738148283e-07,7.490336675332303e-06,0.4757786189655668,91,highpass
1.0422013076143979e-07,3.6028741350935267e-07,1.992851940413644e-07,2.5730406546005227e-07,7.490336675332303e-06,0.475447497555601,91,highpass
1.0374882487821523e-07,3.6028741350935267e-07,1.992851940413644e-07,2.6141946738148283e-07,7.490336675332303e-06,0.4757786189655668,91,highpass
1.0422013076143979e-07,3.6028741350935267e-07,1.992851940413644e-07,2.606975367278163e-07,7.490336675332303e-06,0.4757786189655668,91,highpass
1.0422013076143979e-07,3.6028741350935267e-07,1.992851940413644e-07,2.606975367278163e-07,7.490336675332303e-06,0.4757786189655668,91,highpass
1.0422013076143979e-07,3.6028741350935267e-07,1.992851940413644e-07,2.6141946738148283e-07,7.490336675332303e-06,0.4757786189655668,91,highpass
1.0422013076143979e-07,3.6028741350935267e-07,1.992851940413644e-07,2.6141946738148283e-07,7.490336675332303e-06,0.4757786189655668,92,highpass
1.0422013076143979e-07,3.6028741350935267e-07,1.9918630487782517e-07,2.6141946738148283e-07,7.490336675332303e-06,0.4757786189655668,92,highpass
1.0422013076143979e-07,3.6028741350935267e-07,1.9918630487782517e-07,2.6141946738148283e-07,7.490336675332303e-06,0.4757786189655668,92,highpass
1.0422013076143979e-07,3.6028741350935267e-07,1.992851940413644e-07,2.6141946738148283e-07,7.490336675332303e-06,0.4757786189655668,92,highpass
1.0422013076143979e-07,3.6028741350935267e-07,1.992851940413644e-07,2.6141946738148283e-07,7.490336675332303e-06,0.4757786189655668,92,highpass
1.0422013076143979e-07,3.6028741350935267e-07,1.9918630487782517e-07,2.6141946738148283e-07,7.490336675332303e-06,0.4757786189655668,92,highpass
1.0422013076143979e-07,3.6028741350935267e-07,1.992851940413644e-07,2.583143930222572e-07,7.490336675332303e-06,0.47557076277876714,92,highpass
1.0422013076143979e-07,3.6028741350935267e-07,1.992851940413644e-07,2.6141946738148283e-07,7.490336675332303e-06,0.4757786189655668,92,highpass
1.0422013076143979e-07,3.6028741350935267e-07,1.992851940413644e-07,2.606975367278163e-07,7.490336675332303e-06,0.4757786189655668,92,highpass
1.0374882487821523e-07,3.6028741350935267e-07,1.992851940413644e-07,2.606975367278163e-07,7.490336675332303e-06,0.4757786189655668,92,highpass
1.0422013076143979e-07,3.6028741350935267e-07,1.9918630487782517e-07,2.6141946738148283e-07,7.490336675332303e-06,0.4757786189655668,92,highpass
1.0422013076143979e-07,3.6028741350935267e-07,1.992851940413644e-07,2.606975367278163e-07,7.490336675332303e-06,0.4757786189655668,92,highpass
1.0422013076143979e-07,3.6028741350935267e-07,1.9918630487782517e-07,2.6141946738148283e-07,7.490336675332303e-06,0.4757786189655668,92,highpass
1.0422013076143979e-07,3.6028741350935267e-07,1.992851940413644e-07,2.6141946738148283e-07,7.490336675332303e-06,0.4757786189655668,92,highpass
1.0422013076143979e-07,3.6028741350935267e-07,1.992851940413644e-07,2.6141946738148283e-07,7.490336675332303e-06,0.4757786189655668,92,highpass
1e-07,3.6028741350935267e-07,1.992851940413644e-07,2.6141946738148283e-07,7.490336675332303e-06,0.43859092474897116,92,highpass
1.0422013076143979e-07,3.6028741350935267e-07,1.992851940413644e-07,2.6141946738148283e-07,8.24613771941322e-06,0.364235148555543,92,highpass
1.0422013076143979e-07,3.6028741350935267e-07,1.992851940413644e-07,2.6141946738148283e-07,7.490336675332303e-06,0.4757786189655668,92,highpass
1.0422013076143979e-07,3.6028741350935267e-07,1.9918630487782517e-07,2.6141946738148283e-07,7.375620804834237e-06,0.3642491539817816,92,highpass
1.0422013076143979e-07,3.6028741350935267e-07,1.992851940413644e-07,2.6141946738148283e-07,7.490336675332303e-06,0.4757786189655668,92,highpass
1.0422013076143979e-07,3.9258075259081545e-07,1.992851940413644e-07,2.6141946738148283e-07,7.490336675332303e-06,0.35565862734283404,92,highpass
1.0422013076143979e-07,3.6028741350935267e-07,1.992851940413644e-07,2.6141946738148283e-07,7.490336675332303e-06,0.4757786189655668,92,highpass
1.0422013076143979e-07,3.6028741350935267e-07,1.9918630487782517e-07,2.6141946738148283e-07,7.490336675332303e-06,0.4757786189655668,92,highpass
1.0374882487821523e-07,3.6028741350935267e-07,1.992851940413644e-07,2.606975367278163e-07,7.490336675332303e-06,0.4757786189655668,92,highpass
1.0422013076143979e-07,3.6028741350935267e-07,1.992851940413644e-07,2.589201320870795e-07,7.490336675332303e-06,0.47566622824823196,92,highpass
2.051811078758205e-07,3.6028741350935267e-07,1.992851940413644e-07,2.6141946738148283e-07,7.490336675332303e-06,0.43957673441002326,92,highpass
1.0374882487821523e-07,3.6028741350935267e-07,1.9918630487782517e-07,2.6141946738148283e-07,7.490336675332303e-06,0.4757786189655668,92,highpass
1.0374882487821523e-07,3.6028741350935267e-07,1.992851940413644e-07,2.6141946738148283e-07,7.490336675332303e-06,0.4757786189655668,92,highpass
1.0422013076143979e-07,3.6028741350935267e-07,1.992851940413644e-07,2.6141946738148283e-07,7.490336675332303e-06,0.4757786189655668,92,highpass
1.0422013076143979e-07,3.6028741350935267e-07,1.9918630487782517e-07,2.630712689354981e-07,7.490336675332303e-06,0.4241622907078132,92,highpass
1.0422013076143979e-07,3.6028741350935267e-07,1.992851940413644e-07,2.6141946738148283e-07,7.490336675332303e-06,0.4757786189655668,93,highpass
1.0422013076143979e-07,3.6028741350935267e-07,1.992851940413644e-07,2.606975367278163e-07,7.490336675332303e-06,0.4757786189655668,93,highpass
1.0422013076143979e-07,3.6028741350935267e-07,1.992851940413644e-07,2.6141946738148283e-07,7.490336675332303e-06,0.4757786189655668,93,highpass
1.0422013076143979e-07,3.510136967706215e-07,1.9918630487782517e-07,2.6141946738148283e-07,7.490336675332303e-06,0.37525785541551304,93,highpass
1.0422013076143979e-07,3.6028741350935267e-07,1.4937453000136652e-07,2.6141946738148283e-07,7.490336675332303e-06,0.4176391616801135,93,highpass
1.0422013076143979e-07,3.6028741350935267e-07,1.992851940413644e-07,2.606975367278163e-07,7.490336675332303e-06,0.4757786189655668,93,highpass
1.0374882487821523e-07,3.6028741350935267e-07,1.9918630487782517e-07,2.6141946738148283e-07,7.490336675332303e-06,0.4757786189655668,93,highpass
1.0422013076143979e-07,3.6028741350935267e-07,1.992851940413644e-07,2.6141946738148283e-07,7.490336675332303e-06,0.4757786189655668,93,highpass
1.0422013076143979e-07,3.6028741350935267e-07,1.992851940413644e-07,2.6141946738148283e-07,7.490336675332303e-06,0.4757786189655668,93,highpass
1.0422013076143979e-07,3.6028741350935267e-07,1.992851940413644e-07,2.606975367278163e-07,3.609949930168953e-05,0.3749211697152178,93,highpass
1.0374882487821523e-07,3.6028741350935267e-07,1.9918630487782517e-07,2.6141946738148283e-07,7.490336675332303e-06,0.4757786189655668,93,highpass
1.0374882487821523e-07,3.6028741350935267e-07,1.9918630487782517e-07,2.6141946738148283e-07,7.490336675332303e-06,0.4757786189655668,93,highpass
1.0422013076143979e-07,3.6028741350935267e-07,1.9918630487782517e-07,2.6141946738148283e-07,7.490336675332303e-06,0.4757786189655668,93,highpass
1.0422013076143979e-07,3.6028741350935267e-07,1.992851940413644e-07,2.606975367278163e-07,7.490336675332303e-06,0.4757786189655668,93,highpass
1.0422013076143979e-07,3.6028741350935267e-07,1.9918630487782517e-07,2.6141946738148283e-07,7.490336675332303e-06,0.4757786189655668,93,highpass
1.0374882487821523e-07,3.6028741350935267e-07,1.992851940413644e-07,2.6141946738148283e-07,7.490336675332303e-06,0.4757786189655668,93,highpass
1.0422013076143979e-07,3.6028741350935267e-07,1.9918630487782517e-07,2.6141946738148283e-07,7.490336675332303e-06,0.4757786189655668,93,highpass
1.0422013076143979e-07,3.6028741350935267e-07,1.9918630487782517e-07,2.6141946738148283e-07,7.490336675332303e-06,0.4757786189655668,93,highpass
1.0422013076143979e-07,3.6028741350935267e-07,1.992851940413644e-07,2.606975367278163e-07,7.490336675332303e-06,0.4757786189655668,93,highpass
1.0422013076143979e-07,3.6028741350935267e-07,1.9918630487782517e-07,2.6141946738148283e-07,7.490336675332303e-06,0.4757786189655668,93,highpass
1.0422013076143979e-07,3.6028741350935267e-07,1.3097452943747e-07,2.6141946738148283e-07,7.490336675332303e-06,0.4182869617896288,93,highpass
1.0422013076143979e-07,3.6028741350935267e-07,1.992851940413644e-07,2.6141946738148283e-07,7.490336675332303e-06,0.4757786189655668,93,highpass
1.0374882487821523e-07,3.6028741350935267e-07,1.992851940413644e-07,2.606975367278163e-07,7.490336675332303e-06,0.4757786189655668,93,highpass
1.0422013076143979e-07,3.6028741350935267e-07,1.9918630487782517e-07,2.6141946738148283e-07,7.490336675332303e-06,0.4757786189655668,93,highpass
1.0422013076143979e-07,3.6028741350935267e-07,1.9918630487782517e-07,2.6141946738148283e-07,7.490336675332303e-06,0.4757786189655668,93,highpass
1.0422013076143979e-07,3.6028741350935267e-07,1.992851940413644e-07,2.606975367278163e-07,7.490336675332303e-06,0.4757786189655668,93,highpass
1.0422013076143979e-07,3.6028741350935267e-07,1.992851940413644e-07,2.1766999371999472e-07,7.490336675332303e-06,0.3753988183833255,93,highpass
1.0374882487821523e-07,3.6028741350935267e-07,1.9517838102159223e-07,2.6141946738148283e-07,7.490336675332303e-06,0.41952444782676807,93,highpass
1.0422013076143979e-07,3.6028741350935267e-07,1.992851940413644e-07,2.6141946738148283e-07,7.490336675332303e-06,0.4757786189655668,93,highpass
1.0422013076143979e-07,3.6028741350935267e-07,1.992851940413644e-07,2.6141946738148283e-07,7.490336675332303e-06,0.4757786189655668,93,highpass
1.0422013076143979e-07,3.6028741350935267e-07,1.992851940413644e-07,2.6141946738148283e-07,7.490336675332303e-06,0.4757786189655668,94,highpass
1.0422013076143979e-07,3.6028741350935267e-07,1.992851940413644e-07,2.6141946738148283e-07,7.490336675332303e-06,0.4757786189655668,94,highpass
1.0422013076143979e-07,3.6028741350935267e-07,1.992851940413644e-07,2.6460724595008377e-07,7.490336675332303e-06,0.47470523525158925,94,highpass
1.0374882487821523e-07,4.706304349145219e-07,1.9918630487782517e-07,2.6141946738148283e-07,7.490336675332303e-06,0.30895472188593076,94,highpass
1.0422013076143979e-07,3.6028741350935267e-07,1.992851940413644e-07,2.606975367278163e-07,7.490336675332303e-06,0.4757786189655668,94,highpass
1.0374882487821523e-07,3.6028741350935267e-07,1.9918630487782517e-07,2.6141946738148283e-07,7.490336675332303e-06,0.4757786189655668,94,highpass
1.0422013076143979e-07,3.6028741350935267e-07,1.992851940413644e-07,2.606975367278163e-07,7.490336675332303e-06,0.4757786189655668,94,highpass
1.0422013076143979e-07,3.8737110468144313e-07,1.992851940413644e-07,2.606975367278163e-07,7.490336675332303e-06,0.3592637442533386,94,highpass
1.0422013076143979e-07,3.6028741350935267e-07,1.992851940413644e-07,2.6141946738148283e-07,7.490336675332303e-06,0.4757786189655668,94,highpass
1.0422013076143979e-07,3.6028741350935267e-07,1.992851940413644e-07,2.6141946738148283e-07,7.490336675332303e-06,0.4757786189655668,94,highpass
1.0422013076143979e-07,3.6028741350935267e-07,1.9918630487782517e-07,2.6141946738148283e-07,7.490336675332303e-06,0.4757786189655668,94,highpass
1.0374882487821523e-07,3.6028741350935267e-07,1.9918630487782517e-07,2.6141946738148283e-07,7.490336675332303e-06,0.4757786189655668,94,highpass
1.0422013076143979e-07,3.6028741350935267e-07,1.9918630487782517e-07,2.6141946738148283e-07,7.490336675332303e-06,0.4757786189655668,94,highpass
1.0422013076143979e-07,3.6028741350935267e-07,1.992851940413644e-07,2.606975367278163e-07,7.490336675332303e-06,0.4757786189655668,94,highpass
1.0422013076143979e-07,3.6028741350935267e-07,1.992851940413644e-07,2.6141946738148283e-07,7.490336675332303e-06,0.4757786189655668,94,highpass
1.0422013076143979e-07,3.6028741350935267e-07,1.992851940413644e-07,2.6141946738148283e-07,7.490336675332303e-06,0.4757786189655668,94,highpass
1.0374882487821523e-07,3.6028741350935267e-07,1.992851940413644e-07,2.606975367278163e-07,7.490336675332303e-06,0.4757786189655668,94,highpass
1.0422013076143979e-07,3.6028741350935267e-07,1.992851940413644e-07,2.6141946738148283e-07,7.490336675332303e-06,0.4757786189655668,94,highpass
1.0422013076143979e-07,3.6028741350935267e-07,1.9918630487782517e-07,2.6141946738148283e-07,7.490336675332303e-06,0.4757786189655668,94,highpass
1.0422013076143979e-07,3.6028741350935267e-07,1.9918630487782517e-07,2.606975367278163e-07,7.490336675332303e-06,0.4757786189655668,94,highpass
1.0374882487821523e-07,3.6028741350935267e-07,1.9918630487782517e-07,2.6141946738148283e-07,7.490336675332303e-06,0.4757786189655668,94,highpass
1.0422013076143979e-07,3.6028741350935267e-07,2.1555281785805165e-07,2.606975367278163e-07,7.490336675332303e-06,0.417825198460597,94,highpass
1.0422013076143979e-07,3.6028741350935267e-07,1.992851940413644e-07,2.6141946738148283e-07,7.490336675332303e-06,0.4757786189655668,94,highpass
1.0422013076143979e-07,3.6028741350935267e-07,1.9918630487782517e-07,2.6265477987950455e-07,7.490336675332303e-06,0.42533010838839713,94,highpass
1.0422013076143979e-07,3.6028741350935267e-07,1.9918630487782517e-07,2.6141946738148283e-07,7.490336675332303e-06,0.4757786189655668,94,highpass
1.0374882487821523e-07,3.6028741350935267e-07,1.992851940413644e-07,2.6141946738148283e-07,7.490336675332303e-06,0.4757786189655668,94,highpass
1.0422013076143979e-07,3.6028741350935267e-07,1.992851940413644e-07,2.6141946738148283e-07,7.490336675332303e-06,0.4757786189655668,94,highpass
1.0422013076143979e-07,3.6028741350935267e-07,1.9918630487782517e-07,2.6141946738148283e-07,7.490336675332303e-06,0.4757786189655668,94,highpass
1.0422013076143979e-07,3.6028741350935267e-07,1.992851940413644e-07,2.8081737784097037e-07,7.490336675332303e-06,0.4633273291043618,94,highpass
1.0422013076143979e-07,3.6028741350935267e-07,1.992851940413644e-07,2.6141946738148283e-07,7.490336675332303e-06,0.4757786189655668,94,highpass
1.0422013076143979e-07,3.6028741350935267e-07,1.992851940413644e-07,2.6141946738148283e-07,7.490336675332303e-06,0.4757786189655668,95,highpass
1.0422013076143979e-07,3.6028741350935267e-07,1.992851940413644e-07,1.5753133775769965e-07,7.490336675332303e-06,0.4019836979185282,95,highpass
1.0422013076143979e-07,3.6028741350935267e-07,1.992851940413644e-07,2.606975367278163e-07,7.490336675332303e-06,0.4757786189655668,95,highpass
1.0374882487821523e-07,3.6028741350935267e-07,1.992851940413644e-07,2.606975367278163e-07,5.267179834773169e-06,0.3624783705348114,95,highpass
1.0422013076143979e-07,3.6028741350935267e-07,1.992851940413644e-07,2.6141946738148283e-07,7.490336675332303e-06,0.4757786189655668,95,highpass
1.0422013076143979e-07,3.6028741350935267e-07,1.992851940413644e-07,2.606975367278163e-07,7.490336675332303e-06,0.4757786189655668,95,highpass
1.0422013076143979e-07,3.6028741350935267e-07,1.992851940413644e-07,2.606975367278163e-07,9.56072123405813e-06,0.40732487337588846,95,highpass
1.0422013076143979e-07,3.6028741350935267e-07,1.9918630487782517e-07,2.6141946738148283e-07,7.490336675332303e-06,0.4757786189655668,95,highpass
1.0422013076143979e-07,3.6028741350935267e-07,1.992851940413644e-07,2.6141946738148283e-07,7.490336675332303e-06,0.4757786189655668,95,highpass
1.0422013076143979e-07,3.6028741350935267e-07,1.992851940413644e-07,2.606975367278163e-07,7.490336675332303e-06,0.4757786189655668,95,highpass
1.0422013076143979e-07,3.6028741350935267e-07,1.992851940413644e-07,2.6141946738148283e-07,7.490336675332303e-06,0.4757786189655668,95,highpass
1.0422013076143979e-07,3.6028741350935267e-07,1.992851940413644e-07,2.606975367278163e-07,7.490336675332303e-06,0.4757786189655668,95,highpass
1.0422013076143979e-07,3.6028741350935267e-07,1.992851940413644e-07,2.6141946738148283e-07,7.490336675332303e-06,0.4757786189655668,95,highpass
1.0374882487821523e-07,3.6028741350935267e-07,1.992851940413644e-07,2.6373109293614757e-07,7.490336675332303e-06,0.4245874655215018,95,highpass
1.0422013076143979e-07,3.6028741350935267e-07,1.992851940413644e-07,2.606975367278163e-07,7.490336675332303e-06,0.4757786189655668,95,highpass
1.0422013076143979e-07,3.6028741350935267e-07,1.3980430699615894e-07,2.6141946738148283e-07,7.490336675332303e-06,0.411999857529416,95,highpass
1.0422013076143979e-07,5.76867860399746e-07,1.992851940413644e-07,2.6141946738148283e-07,7.490336675332303e-06,0.26548783975068546,95,highpass
1.0422013076143979e-07,3.771714274651355e-07,1.992851940413644e-07,2.6141946738148283e-07,7.490336675332303e-06,0.4553237970256943,95,highpass
1.0422013076143979e-07,3.6028741350935267e-07,1.9918630487782517e-07,2.6141946738148283e-07,7.490336675332303e-06,0.4757786189655668,95,highpass
1.0422013076143979e-07,3.6028741350935267e-07,1.992851940413644e-07,2.6141946738148283e-07,7.490336675332303e-06,0.4757786189655668,95,highpass
1.0422013076143979e-07,3.6028741350935267e-07,1.9918630487782517e-07,2.6141946738148283e-07,7.490336675332303e-06,0.4757786189655668,95,highpass
1.0422013076143979e-07,3.6028741350935267e-07,1.992851940413644e-07,2.6141946738148283e-07,7.490336675332303e-06,0.4757786189655668,95,highpass
1.0422013076143979e-07,3.6028741350935267e-07,1.992851940413644e-07,2.6141946738148283e-07,7.490336675332303e-06,0.4757786189655668,95,highpass
1.0374882487821523e-07,3.6028741350935267e-07,1.992851940413644e-07,2.6141946738148283e-07,4.31462996558887e-05,0.37862739411686025,95,highpass
1.0374882487821523e-07,3.6028741350935267e-07,1.992851940413644e-07,2.6141946738148283e-07,7.490336675332303e-06,0.4757786189655668,95,highpass
1.0422013076143979e-07,3.6028741350935267e-07,1.992851940413644e-07,2.6141946738148283e-07,7.490336675332303e-06,0.4757786189655668,95,highpass
1.0422013076143979e-07,3.6028741350935267e-07,1.9918630487782517e-07,2.6141946738148283e-07,4.991556146935431e-05,0.37039078489157845,95,highpass
1.0422013076143979e-07,3.6028741350935267e-07,1.9918630487782517e-07,2.606975367278163e-07,7.490336675332303e-06,0.4757786189655668,95,highpass
1.0422013076143979e-07,3.6028741350935267e-07,1.992851940413644e-07,2.6141946738148283e-07,7.490336675332303e-06,0.4757786189655668,95,highpass
1.0422013076143979e-07,3.660679812585217e-07,1.992851940413644e-07,2.6141946738148283e-07,7.490336675332303e-06,0.45861876659253187,95,highpass
1.0422013076143979e-07,3.6028741350935267e-07,1.992851940413644e-07,2.6141946738148283e-07,7.490336675332303e-06,0.4757786189655668,96,highpass
1.0422013076143979e-07,3.6028741350935267e-07,1.992851940413644e-07,2.6141946738148283e-07,7.490336675332303e-06,0.4757786189655668,96,highpass
1.0422013076143979e-07,3.6028741350935267e-07,1.9918630487782517e-07,2.606975367278163e-07,7.490336675332303e-06,0.4757786189655668,96,highpass
1.0422013076143979e-07,3.6028741350935267e-07,1.992851940413644e-07,2.606975367278163e-07,7.490336675332303e-06,0.4757786189655668,96,highpass
1.0422013076143979e-07,3.6028741350935267e-07,1.992851940413644e-07,2.6141946738148283e-07,7.490336675332303e-06,0.4757786189655668,96,highpass
1.0422013076143979e-07,3.6028741350935267e-07,1.992851940413644e-07,2.6141946738148283e-07,7.490336675332303e-06,0.4757786189655668,96,highpass
1.0436107607329911e-07,3.6028741350935267e-07,1.992851940413644e-07,2.6141946738148283e-07,7.490336675332303e-06,0.4757786189655668,96,highpass
1.0422013076143979e-07,3.6028741350935267e-07,1.992851940413644e-07,2.6141946738148283e-07,7.490336675332303e-06,0.4757786189655668,96,highpass
1.0422013076143979e-07,3.6028741350935267e-07,1.992851940413644e-07,2.6141946738148283e-07,7.490336675332303e-06,0.4757786189655668,96,highpass
1.0422013076143979e-07,3.6028741350935267e-07,1.992851940413644e-07,2.606975367278163e-07,7.490336675332303e-06,0.4757786189655668,96,highpass
1.0422013076143979e-07,3.6028741350935267e-07,1.9918630487782517e-07,2.606975367278163e-07,7.490336675332303e-06,0.4757786189655668,96,highpass
1.0422013076143979e-07,3.6028741350935267e-07,1.992851940413644e-07,2.6141946738148283e-07,7.490336675332303e-06,0.4757786189655668,96,highpass
1.0422013076143979e-07,3.6028741350935267e-07,1.992851940413644e-07,2.6141946738148283e-07,7.490336675332303e-06,0.4757786189655668,96,highpass
1.0422013076143979e-07,3.6028741350935267e-07,1.992851940413644e-07,2.606975367278163e-07,7.490336675332303e-06,0.4757786189655668,96,highpass
1.0422013076143979e-07,3.6028741350935267e-07,1.992851940413644e-07,2.6141946738148283e-07,7.490336675332303e-06,0.4757786189655668,96,highpass
1.0422013076143979e-07,3.6028741350935267e-07,1.992851940413644e-07,2.606975367278163e-07,7.490336675332303e-06,0.4757786189655668,96,highpass
1.0422013076143979e-07,3.6028741350935267e-07,1.992851940413644e-07,2.6141946738148283e-07,7.490336675332303e-06,0.4757786189655668,96,highpass
1.0422013076143979e-07,3.6028741350935267e-07,1.992851940413644e-07,2.6141946738148283e-07,3.0476731530430345e-05,0.392956712337576,96,highpass
1.0422013076143979e-07,3.6028741350935267e-07,1.992851940413644e-07,2.6141946738148283e-07,7.106889345060099e-06,0.36998628705519726,96,highpass
1.0422013076143979e-07,3.6028741350935267e-07,1.992851940413644e-07,2.6141946738148283e-07,7.490336675332303e-06,0.4757786189655668,96,highpass
1.0422013076143979e-07,3.6028741350935267e-07,1.9918630487782517e-07,2.606975367278163e-07,7.490336675332303e-06,0.4757786189655668,96,highpass
1.0422013076143979e-07,3.6028741350935267e-07,1.992851940413644e-07,2.6141946738148283e-07,7.490336675332303e-06,0.4757786189655668,96,highpass
1.0422013076143979e-07,3.6028741350935267e-07,1.9918630487782517e-07,2.606975367278163e-07,7.490336675332303e-06,0.4757786189655668,96,highpass
1.0422013076143979e-07,3.6028741350935267e-07,1.992851940413644e-07,2.5785244956931624e-07,7.490336675332303e-06,0.4754829355518776,96,highpass
1.0422013076143979e-07,3.6028741350935267e-07,1.992851940413644e-07,2.6141946738148283e-07,7.490336675332303e-06,0.4757786189655668,96,highpass
1.0422013076143979e-07,3.6028741350935267e-07,1.9918630487782517e-07,2.606975367278163e-07,7.490336675332303e-06,0.4757786189655668,96,highpass
1.0422013076143979e-07,3.6028741350935267e-07,1.992851940413644e-07,2.6141946738148283e-07,7.490336675332303e-06,0.4757786189655668,96,highpass
1.0422013076143979e-07,3.6028741350935267e-07,1.992851940413644e-07,2.6141946738148283e-07,7.490336675332303e-06,0.4757786189655668,96,highpass
1.4669588151468014e-07,3.6028741350935267e-07,1.9918630487782517e-07,2.6141946738148283e-07,7.490336675332303e-06,0.3759151055927187,96,highpass
1.0422013076143979e-07,3.6028741350935267e-07,1.992851940413644e-07,2.6141946738148283e-07,7.490336675332303e-06,0.4757786189655668,96,highpass
1.0422013076143979e-07,3.6028741350935267e-07,1.992851940413644e-07,2.6141946738148283e-07,7.490336675332303e-06,0.4757786189655668,97,highpass
1.0422013076143979e-07,3.6028741350935267e-07,1.992851940413644e-07,2.6141946738148283e-07,3.2516658207102386e-05,0.40336797761494236,97,highpass
1.0422013076143979e-07,3.6028741350935267e-07,1.9918630487782517e-07,2.606975367278163e-07,7.490336675332303e-06,0.4757786189655668,97,highpass
1.0422013076143979e-07,3.6028741350935267e-07,1.9918630487782517e-07,2.606975367278163e-07,7.490336675332303e-06,0.4757786189655668,97,highpass
1.0422013076143979e-07,3.6028741350935267e-07,2.0681365618227872e-07,2.6141946738148283e-07,7.490336675332303e-06,0.43671770479390287,97,highpass
1.0422013076143979e-07,3.6028741350935267e-07,1.992851940413644e-07,2.6141946738148283e-07,7.490336675332303e-06,0.4757786189655668,97,highpass
1.0422013076143979e-07,3.6028741350935267e-07,1.992851940413644e-07,2.6141946738148283e-07,7.490336675332303e-06,0.4757786189655668,97,highpass
1.0422013076143979e-07,3.6028741350935267e-07,1.992851940413644e-07,2.6141946738148283e-07,7.490336675332303e-06,0.4757786189655668,97,highpass
1.0422013076143979e-07,3.6028741350935267e-07,1.9918630487782517e-07,2.606975367278163e-07,7.490336675332303e-06,0.4757786189655668,97,highpass
1.0422013076143979e-07,3.6028741350935267e-07,1.992851940413644e-07,2.6141946738148283e-07,7.490336675332303e-06,0.4757786189655668,97,highpass
1.0422013076143979e-07,3.6028741350935267e-07,1.992851940413644e-07,2.6141946738148283e-07,7.490336675332303e-06,0.4757786189655668,97,highpass
1.0422013076143979e-07,3.6028741350935267e-07,1.992851940413644e-07,2.6141946738148283e-07,7.490336675332303e-06,0.4757786189655668,97,highpass
1.0422013076143979e-07,3.6028741350935267e-07,1.992851940413644e-07,2.6141946738148283e-07,4.597395895597054e-05,0.37068115732566864,97,highpass
1.0422013076143979e-07,3.6028741350935267e-07,1.992851940413644e-07,2.6141946738148283e-07,7.490336675332303e-06,0.4757786189655668,97,highpass
1.0422013076143979e-07,3.6028741350935267e-07,1.992851940413644e-07,2.6141946738148283e-07,7.490336675332303e-06,0.4757786189655668,97,highpass
1.0422013076143979e-07,3.6028741350935267e-07,1.992851940413644e-07,2.6141946738148283e-07,7.490336675332303e-06,0.4757786189655668,97,highpass
1.0422013076143979e-07,3.6028741350935267e-07,1.9918630487782517e-07,2.6141946738148283e-07,7.490336675332303e-06,0.4757786189655668,97,highpass
1.0422013076143979e-07,3.6028741350935267e-07,1.992851940413644e-07,2.6141946738148283e-07,7.490336675332303e-06,0.4757786189655668,97,highpass
1.0422013076143979e-07,3.6028741350935267e-07,1.992851940413644e-07,2.6141946738148283e-07,7.490336675332303e-06,0.4757786189655668,97,highpass
1.0422013076143979e-07,3.6028741350935267e-07,1.992851940413644e-07,2.606975367278163e-07,7.490336675332303e-06,0.4757786189655668,97,highpass
2.048195043331188e-07,3.6028741350935267e-07,1.992851940413644e-07,2.6141946738148283e-07,7.490336675332303e-06,0.44216572261305875,97,highpass
1.0436107607329911e-07,3.6028741350935267e-07,1.992851940413644e-07,2.6141946738148283e-07,7.490336675332303e-06,0.4757786189655668,97,highpass
1.0422013076143979e-07,3.6028741350935267e-07,1.992851940413644e-07,2.6141946738148283e-07,7.490336675332303e-06,0.4757786189655668,97,highpass
1.0422013076143979e-07,3.6028741350935267e-07,1.992851940413644e-07,2.6141946738148283e-07,7.490336675332303e-06,0.4757786189655668,97,highpass
1.0422013076143979e-07,3.6028741350935267e-07,2.0415584793325197e-07,2.606975367278163e-07,7.490336675332303e-06,0.3940860469734689,97,highpass
1.0422013076143979e-07,3.6028741350935267e-07,1.992851940413644e-07,2.606975367278163e-07,7.490336675332303e-06,0.4757786189655668,97,highpass
1.0422013076143979e-07,3.6028741350935267e-07,1.992851940413644e-07,2.6141946738148283e-07,7.490336675332303e-06,0.4757786189655668,97,highpass
1.0422013076143979e-07,3.6028741350935267e-07,1.992851940413644e-07,2.6141946738148283e-07,7.490336675332303e-06,0.4757786189655668,97,highpass
1.0422013076143979e-07,3.6028741350935267e-07,1.992851940413644e-07,2.6141946738148283e-07,7.490336675332303e-06,0.4757786189655668,97,highpass
1.0422013076143979e-07,3.6028741350935267e-07,1.992851940413644e-07,2.6141946738148283e-07,7.490336675332303e-06,0.4757786189655668,97,highpass
1.0422013076143979e-07,3.6028741350935267e-07,1.992851940413644e-07,2.6141946738148283e-07,7.490336675332303e-06,0.4757913113275597,98,highpass
1.0422013076143979e-07,3.6028741350935267e-07,1.992851940413644e-07,2.6141946738148283e-07,7.490336675332303e-06,0.4757913113275597,98,highpass
1.0422013076143979e-07,3.6028741350935267e-07,1.9918630487782517e-07,2.606975367278163e-07,7.490336675332303e-06,0.4757913113275597,98,highpass
1.0422013076143979e-07,3.7237001000408294e-07,1.992851940413644e-07,2.606975367278163e-07,7.490336675332303e-06,0.38740980235732897,98,highpass
1.0422013076143979e-07,3.6028741350935267e-07,1.992851940413644e-07,2.6141946738148283e-07,7.490336675332303e-06,0.4757913113275597,98,highpass
1.0422013076143979e-07,3.6028741350935267e-07,1.992851940413644e-07,2.6141946738148283e-07,7.490336675332303e-06,0.4757913113275597,98,highpass
1.0422013076143979e-07,3.6028741350935267e-07,1.992851940413644e-07,2.6141946738148283e-07,7.490336675332303e-06,0.4757913113275597,98,highpass
1.0422013076143979e-07,3.6028741350935267e-07,1.992851940413644e-07,2.6141946738148283e-07,7.490336675332303e-06,0.4757913113275597,98,highpass
1.0436107607329911e-07,3.6028741350935267e-07,1.992851940413644e-07,2.6141946738148283e-07,7.490336675332303e-06,0.4757913113275597,98,highpass
1.0422013076143979e-07,3.440607086414743e-07,1.9918630487782517e-07,2.606975367278163e-07,7.490336675332303e-06,0.3757751650480339,98,highpass
1.0422013076143979e-07,3.6028741350935267e-07,1.992851940413644e-07,2.606975367278163e-07,7.490336675332303e-06,0.4757913113275597,98,highpass
1.0422013076143979e-07,3.6028741350935267e-07,1.992851940413644e-07,2.6141946738148283e-07,7.490336675332303e-06,0.4757913113275597,98,highpass
2.3975901372995726e-07,3.6028741350935267e-07,1.992851940413644e-07,2.6141946738148283e-07,7.490336675332303e-06,0.384662603138511,98,highpass
1.0422013076143979e-07,3.6028741350935267e-07,1.9918630487782517e-07,2.6141946738148283e-07,7.490336675332303e-06,0.4757913113275597,98,highpass
1.0422013076143979e-07,3.6028741350935267e-07,1.992851940413644e-07,2.6141946738148283e-07,7.490336675332303e-06,0.4757913113275597,98,highpass
1.0422013076143979e-07,3.6028741350935267e-07,1.992851940413644e-07,2.6141946738148283e-07,7.490336675332303e-06,0.4757913113275597,98,highpass
1.0422013076143979e-07,3.6028741350935267e-07,1.992851940413644e-07,2.6141946738148283e-07,7.490336675332303e-06,0.4757913113275597,98,highpass
1.0422013076143979e-07,3.6028741350935267e-07,1.992851940413644e-07,2.6141946738148283e-07,7.490336675332303e-06,0.4757913113275597,98,highpass
1.0422013076143979e-07,3.6028741350935267e-07,1.992851940413644e-07,2.6141946738148283e-07,7.490336675332303e-06,0.4757913113275597,98,highpass
1.0422013076143979e-07,3.6028741350935267e-07,1.992851940413644e-07,2.6141946738148283e-07,7.490336675332303e-06,0.4757913113275597,98,highpass
2.085837326379874e-07,3.6028741350935267e-07,1.992851940413644e-07,2.6141946738148283e-07,7.490336675332303e-06,0.3842044517468522,98,highpass
1.0422013076143979e-07,3.6028741350935267e-07,1.9918630487782517e-07,2.6141946738148283e-07,7.490336675332303e-06,0.4757913113275597,98,highpass
1.0422013076143979e-07,3.6028741350935267e-07,1.992851940413644e-07,2.6141946738148283e-07,7.490336675332303e-06,0.4757913113275597,98,highpass
1.0422013076143979e-07,3.6028741350935267e-07,1.992851940413644e-07,2.6141946738148283e-07,7.490336675332303e-06,0.4757913113275597,98,highpass
1.0422013076143979e-07,3.6028741350935267e-07,1.992851940413644e-07,2.6141946738148283e-07,7.490336675332303e-06,0.4757913113275597,98,highpass
1.0422013076143979e-07,3.6028741350935267e-07,1.992851940413644e-07,2.615095060479929e-07,7.490336675332303e-06,0.47577315463902037,98,highpass
1.0436107607329911e-07,3.6028741350935267e-07,1.992851940413644e-07,2.6141946738148283e-07,7.490336675332303e-06,0.4757913113275597,98,highpass
1.0422013076143979e-07,3.6028741350935267e-07,1.992851940413644e-07,2.6141946738148283e-07,7.490336675332303e-06,0.4757913113275597,98,highpass
1.0422013076143979e-07,3.6028741350935267e-07,1.9918630487782517e-07,2.606975367278163e-07,7.490336675332303e-06,0.4757913113275597,98,highpass
1.0422013076143979e-07,3.6028741350935267e-07,1.992851940413644e-07,2.606975367278163e-07,7.490336675332303e-06,0.4757913113275597,98,highpass
1.0422013076143979e-07,3.6028741350935267e-07,1.992851940413644e-07,2.6141946738148283e-07,7.490336675332303e-06,0.4757786189655668,99,highpass
1.0422013076143979e-07,3.6028741350935267e-07,1.992851940413644e-07,2.6141946738148283e-07,7.490336675332303e-06,0.4757786189655668,99,highpass
1.0422013076143979e-07,3.6028741350935267e-07,1.992851940413644e-07,2.6141946738148283e-07,7.490336675332303e-06,0.4757786189655668,99,highpass
1.0422013076143979e-07,3.6028741350935267e-07,1.992851940413644e-07,2.598821157352357e-07,7.490336675332303e-06,0.4757632503346195,99,highpass
1.0436107607329911e-07,3.6028741350935267e-07,1.992851940413644e-07,2.606975367278163e-07,7.490336675332303e-06,0.4757786189655668,99,highpass
1.0436107607329911e-07,6.296782664256595e-07,1.992851940413644e-07,2.6141946738148283e-07,7.490336675332303e-06,0.2627806830069363,99,highpass
1.0422013076143979e-07,3.6028741350935267e-07,1.992851940413644e-07,2.6141946738148283e-07,7.490336675332303e-06,0.4757786189655668,99,highpass
1.0422013076143979e-07,3.6028741350935267e-07,1.9918630487782517e-07,2.6141946738148283e-07,7.490336675332303e-06,0.4757786189655668,99,highpass
1.0422013076143979e-07,3.6028741350935267e-07,1.992851940413644e-07,2.6141946738148283e-07,7.490336675332303e-06,0.4757786189655668,99,highpass
1.0422013076143979e-07,3.6028741350935267e-07,1.9918630487782517e-07,2.606975367278163e-07,7.490336675332303e-06,0.4757786189655668,99,highpass
1.0422013076143979e-07,3.6028741350935267e-07,1.992851940413644e-07,2.6141946738148283e-07,7.490336675332303e-06,0.4757786189655668,99,highpass
1.0422013076143979e-07,3.6028741350935267e-07,1.992851940413644e-07,2.6141946738148283e-07,7.490336675332303e-06,0.4757786189655668,99,highpass
1.0422013076143979e-07,3.6028741350935267e-07,1.992851940413644e-07,2.6141946738148283e-07,7.490336675332303e-06,0.4757786189655668,99,highpass
1.0422013076143979e-07,3.6028741350935267e-07,1.992851940413644e-07,2.6141946738148283e-07,7.490336675332303e-06,0.4757786189655668,99,highpass
1.0422013076143979e-07,3.6028741350935267e-07,1.992851940413644e-07,2.6141946738148283e-07,7.490336675332303e-06,0.4757786189655668,99,highpass
1.0422013076143979e-07,3.6028741350935267e-07,1.992851940413644e-07,2.606975367278163e-07,7.490336675332303e-06,0.4757786189655668,99,highpass
1.0422013076143979e-07,3.6028741350935267e-07,1.992851940413644e-07,2.6141946738148283e-07,7.490336675332303e-06,0.4757786189655668,99,highpass
1.0422013076143979e-07,3.6028741350935267e-07,1.992851940413644e-07,2.6141946738148283e-07,7.490336675332303e-06,0.4757786189655668,99,highpass
1.0422013076143979e-07,3.6028741350935267e-07,1.992851940413644e-07,2.6141946738148283e-07,7.490336675332303e-06,0.4757786189655668,99,highpass
1.0422013076143979e-07,3.6028741350935267e-07,1.992851940413644e-07,2.6141946738148283e-07,7.490336675332303e-06,0.4757786189655668,99,highpass
1.0422013076143979e-07,3.6028741350935267e-07,1.992851940413644e-07,2.6141946738148283e-07,7.490336675332303e-06,0.4757786189655668,99,highpass
1.0422013076143979e-07,3.6028741350935267e-07,1.992851940413644e-07,1.7278450338287334e-07,7.490336675332303e-06,0.4105502135531628,99,highpass
1.0422013076143979e-07,3.6028741350935267e-07,1.9918630487782517e-07,2.606975367278163e-07,7.490336675332303e-06,0.4757786189655668,99,highpass
1.0422013076143979e-07,3.6028741350935267e-07,2.0479229033323527e-07,2.6141946738148283e-07,7.490336675332303e-06,0.4121756521178867,99,highpass
1.0422013076143979e-07,3.6028741350935267e-07,1.992851940413644e-07,2.606975367278163e-07,3.63993310185915e-05,0.39167746642901324,99,highpass
1.0422013076143979e-07,3.6028741350935267e-07,1.992851940413644e-07,2.606975367278163e-07,7.490336675332303e-06,0.4757786189655668,99,highpass
1.0422013076143979e-07,3.6028741350935267e-07,1.992851940413644e-07,2.608119202141842e-07,7.490336675332303e-06,0.4757786189655668,99,highpass
1.0422013076143979e-07,3.6028741350935267e-07,1.992851940413644e-07,2.6141946738148283e-07,7.490336675332303e-06,0.4757786189655668,99,highpass
1.0422013076143979e-07,3.3238218743539866e-07,1.992851940413644e-07,2.6141946738148283e-07,7.490336675332303e-06,0.37374071985742374,99,highpass
1.0422013076143979e-07,3.6028741350935267e-07,1.8157234065568463e-07,2.606975367278163e-07,7.490336675332303e-06,0.3709795555190273,99,highpass
1.0422013076143979e-07,3.6028741350935267e-07,1.992851940413644e-07,2.6141946738148283e-07,7.490336675332303e-06,0.4757913113275597,100,highpass
1.0422013076143979e-07,3.6028741350935267e-07,1.0979978052598729e-07,2.6141946738148283e-07,7.490336675332303e-06,0.39234801022308013,100,highpass
1.8842401381613037e-07,3.6028741350935267e-07,1.9918630487782517e-07,2.606975367278163e-07,7.490336675332303e-06,0.3817699329847626,100,highpass
1.0422013076143979e-07,3.6028741350935267e-07,1.992851940413644e-07,2.6141946738148283e-07,7.490336675332303e-06,0.4757913113275597,100,highpass
1.0422013076143979e-07,3.6028741350935267e-07,1.992851940413644e-07,2.6141946738148283e-07,7.490336675332303e-06,0.4757913113275597,100,highpass
1.0422013076143979e-07,3.6028741350935267e-07,1.992851940413644e-07,2.6141946738148283e-07,7.490336675332303e-06,0.4757913113275597,100,highpass
1.0422013076143979e-07,3.6028741350935267e-07,1.9918630487782517e-07,2.606975367278163e-07,7.490336675332303e-06,0.4757913113275597,100,highpass
1.0422013076143979e-07,3.6028741350935267e-07,1.992851940413644e-07,2.6141946738148283e-07,7.490336675332303e-06,0.4757913113275597,100,highpass
1.0422013076143979e-07,3.6028741350935267e-07,1.992851940413644e-07,2.6141946738148283e-07,7.490336675332303e-06,0.4757913113275597,100,highpass
1.0422013076143979e-07,3.6028741350935267e-07,1.992851940413644e-07,2.6141946738148283e-07,7.490336675332303e-06,0.4757913113275597,100,highpass
1.0422013076143979e-07,3.6028741350935267e-07,1.992851940413644e-07,2.606975367278163e-07,7.490336675332303e-06,0.4757913113275597,100,highpass
1.0422013076143979e-07,3.6028741350935267e-07,1.9918630487782517e-07,2.6141946738148283e-07,7.490336675332303e-06,0.4757913113275597,100,highpass
1.0422013076143979e-07,3.6028741350935267e-07,1.992851940413644e-07,2.6141946738148283e-07,8.155057789160026e-06,0.3642073889190998,100,highpass
1.0422013076143979e-07,3.6028741350935267e-07,2.0834352287052232e-07,2.6141946738148283e-07,7.490336675332303e-06,0.43481194699752396,100,highpass
1.0422013076143979e-07,3.6028741350935267e-07,1.992851940413644e-07,2.6141946738148283e-07,7.490336675332303e-06,0.4757913113275597,100,highpass
1.0422013076143979e-07,3.6028741350935267e-07,1.9918630487782517e-07,2.6141946738148283e-07,7.490336675332303e-06,0.4757913113275597,100,highpass
1.0422013076143979e-07,3.6028741350935267e-07,1.992851940413644e-07,2.6141946738148283e-07,7.490336675332303e-06,0.4757913113275597,100,highpass
1.0422013076143979e-07,3.6028741350935267e-07,1.992851940413644e-07,2.606975367278163e-07,7.490336675332303e-06,0.4757913113275597,100,highpass
1.0422013076143979e-07,3.6028741350935267e-07,1.992851940413644e-07,2.6141946738148283e-07,7.490336675332303e-06,0.4757913113275597,100,highpass
1.0422013076143979e-07,3.6028741350935267e-07,1.992851940413644e-07,2.6141946738148283e-07,7.490336675332303e-06,0.4757913113275597,100,highpass
1.0422013076143979e-07,3.6028741350935267e-07,2.1898123145873498e-07,2.6141946738148283e-07,7.490336675332303e-06,0.4375376801525702,100,highpass
1.0422013076143979e-07,3.6028741350935267e-07,1.992851940413644e-07,2.6141946738148283e-07,7.490336675332303e-06,0.4757913113275597,100,highpass
1.0422013076143979e-07,3.6028741350935267e-07,1.992851940413644e-07,2.6141946738148283e-07,7.490336675332303e-06,0.4757913113275597,100,highpass
1.0422013076143979e-07,3.6028741350935267e-07,1.992851940413644e-07,2.6141946738148283e-07,7.490336675332303e-06,0.4757913113275597,100,highpass
1.0422013076143979e-07,3.6028741350935267e-07,1.992851940413644e-07,2.591753040785126e-07,7.490336675332303e-06,0.47569933330025443,100,highpass
1.0422013076143979e-07,3.6028741350935267e-07,1.992851940413644e-07,2.606975367278163e-07,7.490336675332303e-06,0.4757913113275597,100,highpass
1.0422013076143979e-07,3.6028741350935267e-07,1.992851940413644e-07,2.6141946738148283e-07,7.490336675332303e-06,0.4757913113275597,100,highpass
1.0422013076143979e-07,5.025928608613402e-07,1.992851940413644e-07,2.6141946738148283e-07,7.490336675332303e-06,0.39980661779052695,100,highpass
1.0422013076143979e-07,3.6028741350935267e-07,1.992851940413644e-07,2.6141946738148283e-07,7.6730725791239e-06,0.47529166934590655,100,highpass
1.0422013076143979e-07,3.6028741350935267e-07,1.992851940413644e-07,2.606975367278163e-07,7.490336675332303e-06,0.4757913113275597,100,highpass
1.0422013076143979e-07,3.6028741350935267e-07,1.992851940413644e-07,2.6141946738148283e-07,7.490336675332303e-06,0.4757913113275597,101,highpass
1.0422013076143979e-07,3.6028741350935267e-07,1.992851940413644e-07,2.6141946738148283e-07,7.490336675332303e-06,0.4757913113275597,101,highpass
1.0422013076143979e-07,3.6028741350935267e-07,1.992851940413644e-07,2.606975367278163e-07,7.490336675332303e-06,0.4757913113275597,101,highpass
1.0422013076143979e-07,3.6028741350935267e-07,1.992851940413644e-07,2.6141946738148283e-07,7.490336675332303e-06,0.4757913113275597,101,highpass
1.0422013076143979e-07,3.6028741350935267e-07,1.992851940413644e-07,2.6141946738148283e-07,7.490336675332303e-06,0.4757913113275597,101,highpass
1.0422013076143979e-07,3.6028741350935267e-07,1.992851940413644e-07,2.6141946738148283e-07,7.490336675332303e-06,0.4757913113275597,101,highpass
1.0422013076143979e-07,3.6028741350935267e-07,1.992851940413644e-07,2.6141946738148283e-07,7.490336675332303e-06,0.4757913113275597,101,highpass
1.0422013076143979e-07,3.6028741350935267e-07,1.9552708641772687e-07,2.606975367278163e-07,7.490336675332303e-06,0.426712106226466,101,highpass
1.0422013076143979e-07,3.6028741350935267e-07,1.992851940413644e-07,2.6141946738148283e-07,7.490336675332303e-06,0.4757913113275597,101,highpass
1.0422013076143979e-07,3.6028741350935267e-07,1.992851940413644e-07,2.6141946738148283e-07,7.490336675332303e-06,0.4757913113275597,101,highpass
1.0422013076143979e-07,3.6028741350935267e-07,1.992851940413644e-07,2.6141946738148283e-07,7.490336675332303e-06,0.4757913113275597,101,highpass
1.0422013076143979e-07,3.6028741350935267e-07,1.992851940413644e-07,2.6141946738148283e-07,7.490336675332303e-06,0.4757913113275597,101,highpass
1.523195290162128e-07,3.6028741350935267e-07,1.992851940413644e-07,2.6141946738148283e-07,7.490336675332303e-06,0.4303466496693865,101,highpass
1.0422013076143979e-07,3.6028741350935267e-07,1.9918630487782517e-07,2.6141946738148283e-07,7.490336675332303e-06,0.4757913113275597,101,highpass
1.0422013076143979e-07,3.6028741350935267e-07,1.992851940413644e-07,2.606975367278163e-07,7.490336675332303e-06,0.4757913113275597,101,highpass
1.0422013076143979e-07,3.6028741350935267e-07,1.992851940413644e-07,2.6141946738148283e-07,7.490336675332303e-06,0.4757913113275597,101,highpass
1.0422013076143979e-07,3.6028741350935267e-07,1.992851940413644e-07,2.6141946738148283e-07,7.490336675332303e-06,0.4757913113275597,101,highpass
1.0422013076143979e-07,3.6028741350935267e-07,1.992851940413644e-07,2.606975367278163e-07,7.490336675332303e-06,0.4757913113275597,101,highpass
1.0422013076143979e-07,3.6028741350935267e-07,1.992851940413644e-07,2.6141946738148283e-07,7.490336675332303e-06,0.4757913113275597,101,highpass
1.0422013076143979e-07,3.6028741350935267e-07,1.992851940413644e-07,2.6141946738148283e-07,7.490336675332303e-06,0.4757913113275597,101,highpass
1.0422013076143979e-07,3.6028741350935267e-07,1.992851940413644e-07,2.6141946738148283e-07,7.490336675332303e-06,0.4757913113275597,101,highpass
1.0422013076143979e-07,3.6028741350935267e-07,1.992851940413644e-07,2.6141946738148283e-07,7.490336675332303e-06,0.4757913113275597,101,highpass
1.0422013076143979e-07,3.6028741350935267e-07,1.992851940413644e-07,2.6141946738148283e-07,7.490336675332303e-06,0.4757913113275597,101,highpass
1.0422013076143979e-07,3.6028741350935267e-07,1.992851940413644e-07,2.6141946738148283e-07,7.490336675332303e-06,0.4757913113275597,101,highpass
1.0422013076143979e-07,3.6028741350935267e-07,1.992851940413644e-07,2.606975367278163e-07,7.490336675332303e-06,0.4757913113275597,101,highpass
1.0422013076143979e-07,3.6028741350935267e-07,1.992851940413644e-07,2.6141946738148283e-07,5.40422973058894e-06,0.3629488263929428,101,highpass
1.0422013076143979e-07,3.6028741350935267e-07,1.9918630487782517e-07,2.6141946738148283e-07,7.490336675332303e-06,0.4757913113275597,101,highpass
1.0422013076143979e-07,3.6028741350935267e-07,1.992851940413644e-07,2.606975367278163e-07,7.490336675332303e-06,0.4757913113275597,101,highpass
1.0422013076143979e-07,3.6028741350935267e-07,1.992851940413644e-07,2.6141946738148283e-07,7.490336675332303e-06,0.4757913113275597,101,highpass
1.0422013076143979e-07,3.6028741350935267e-07,1.992851940413644e-07,2.606975367278163e-07,7.490336675332303e-06,0.4757913113275597,101,highpass
1.0422013076143979e-07,3.6028741350935267e-07,1.992851940413644e-07,2.6141946738148283e-07,7.490336675332303e-06,0.4757786189655668,102,highpass
1.0422013076143979e-07,3.6028741350935267e-07,1.992851940413644e-07,2.6141946738148283e-07,7.490336675332303e-06,0.4757786189655668,102,highpass
1.0422013076143979e-07,3.6028741350935267e-07,1.992851940413644e-07,2.6141946738148283e-07,7.490336675332303e-06,0.4757786189655668,102,highpass
1.0422013076143979e-07,3.6028741350935267e-07,1.992851940413644e-07,2.9169979578034456e-07,7.490336675332303e-06,0.35681075026291253,102,highpass
1.0422013076143979e-07,3.6028741350935267e-07,1.992851940413644e-07,2.6141946738148283e-07,7.490336675332303e-06,0.4757786189655668,102,highpass
1.0422013076143979e-07,3.6028741350935267e-07,1.992851940413644e-07,2.6141946738148283e-07,7.490336675332303e-06,0.4757786189655668,102,highpass
1.0422013076143979e-07,3.6028741350935267e-07,1.992851940413644e-07,2.5620496263768656e-07,7.490336675332303e-06,0.4751392140872645,102,highpass
1.0422013076143979e-07,3.6028741350935267e-07,1.992851940413644e-07,2.6141946738148283e-07,7.490336675332303e-06,0.4757786189655668,102,highpass
1.0422013076143979e-07,3.418629790189947e-07,1.992851940413644e-07,2.6141946738148283e-07,7.490336675332303e-06,0.3763326634596407,102,highpass
1.0422013076143979e-07,3.6028741350935267e-07,2.0251433620015247e-07,2.6141946738148283e-07,7.490336675332303e-06,0.37156187036695915,102,highpass
1.0422013076143979e-07,3.6028741350935267e-07,1.992851940413644e-07,2.6141946738148283e-07,7.490336675332303e-06,0.4757786189655668,102,highpass
1.0422013076143979e-07,3.6028741350935267e-07,1.992851940413644e-07,2.6141946738148283e-07,7.490336675332303e-06,0.4757786189655668,102,highpass
1.0422013076143979e-07,3.6028741350935267e-07,1.992851940413644e-07,2.6141946738148283e-07,7.490336675332303e-06,0.4757786189655668,102,highpass
1.0422013076143979e-07,3.6028741350935267e-07,1.992851940413644e-07,2.606975367278163e-07,7.490336675332303e-06,0.4757786189655668,102,highpass
1.0422013076143979e-07,3.6028741350935267e-07,1.992851940413644e-07,2.6141946738148283e-07,7.490336675332303e-06,0.4757786189655668,102,highpass
1.0422013076143979e-07,3.6028741350935267e-07,1.992851940413644e-07,2.6141946738148283e-07,7.490336675332303e-06,0.4757786189655668,102,highpass
1.0422013076143979e-07,3.6028741350935267e-07,1.992851940413644e-07,2.606975367278163e-07,7.490336675332303e-06,0.4757786189655668,102,highpass
1.0422013076143979e-07,3.6028741350935267e-07,1.992851940413644e-07,2.6141946738148283e-07,7.490336675332303e-06,0.4757786189655668,102,highpass
1.0422013076143979e-07,3.433634216917144e-07,1.992851940413644e-07,2.606975367278163e-07,7.490336675332303e-06,0.37586578901902284,102,highpass
1.0422013076143979e-07,3.6028741350935267e-07,1.992851940413644e-07,2.6141946738148283e-07,7.490336675332303e-06,0.4757786189655668,102,highpass
1.0699782120856125e-07,3.6028741350935267e-07,1.9918630487782517e-07,2.6141946738148283e-07,7.490336675332303e-06,0.3654834518815012,102,highpass
1.0422013076143979e-07,3.6028741350935267e-07,1.992851940413644e-07,2.606975367278163e-07,7.490336675332303e-06,0.4757786189655668,102,highpass
1.0422013076143979e-07,3.6028741350935267e-07,1.992851940413644e-07,2.6141946738148283e-07,7.490336675332303e-06,0.4757786189655668,102,highpass
1.1049095744136279e-07,3.6028741350935267e-07,1.992851940413644e-07,2.6141946738148283e-07,7.490336675332303e-06,0.37259139489631576,102,highpass
1.0422013076143979e-07,3.6028741350935267e-07,1.992851940413644e-07,2.6141946738148283e-07,7.490336675332303e-06,0.4757786189655668,102,highpass
1.4539222164730027e-07,3.6028741350935267e-07,1.992851940413644e-07,2.6141946738148283e-07,7.490336675332303e-06,0.3850884758737605,102,highpass
1.0422013076143979e-07,3.6028741350935267e-07,1.992851940413644e-07,2.6141946738148283e-07,7.490336675332303e-06,0.4757786189655668,102,highpass
1.0422013076143979e-07,3.6028741350935267e-07,1.992851940413644e-07,2.6141946738148283e-07,7.490336675332303e-06,0.4757786189655668,102,highpass
2.2270270613323e-07,3.6028741350935267e-07,1.992851940413644e-07,2.6141946738148283e-07,7.490336675332303e-06,0.4286085492474137,102,highpass
1.0422013076143979e-07,3.6028741350935267e-07,1.992851940413644e-07,2.6141946738148283e-07,2.147272122194079e-05,0.3647487927868143,102,highpass
1.0422013076143979e-07,3.6028741350935267e-07,1.992851940413644e-07,2.6141946738148283e-07,7.490336675332303e-06,0.4757786189655668,103,highpass
1.0422013076143979e-07,3.6028741350935267e-07,1.992851940413644e-07,2.6141946738148283e-07,7.490336675332303e-06,0.4757786189655668,103,highpass
1.0422013076143979e-07,3.6028741350935267e-07,1.992851940413644e-07,2.6141946738148283e-07,7.490336675332303e-06,0.4757786189655668,103,highpass
1.0258205589221785e-07,3.6028741350935267e-07,1.992851940413644e-07,2.6141946738148283e-07,7.490336675332303e-06,0.4316677021567439,103,highpass
1.0422013076143979e-07,3.6028741350935267e-07,1.992851940413644e-07,2.6141946738148283e-07,7.490336675332303e-06,0.4757786189655668,103,highpass
1.0422013076143979e-07,3.6028741350935267e-07,1.992851940413644e-07,2.606975367278163e-07,7.490336675332303e-06,0.4757786189655668,103,highpass
1.0422013076143979e-07,3.6028741350935267e-07,1.992851940413644e-07,2.6141946738148283e-07,7.490336675332303e-06,0.4757786189655668,103,highpass
1.0422013076143979e-07,3.6028741350935267e-07,1.992851940413644e-07,2.6141946738148283e-07,7.490336675332303e-06,0.4757786189655668,103,highpass
1.0422013076143979e-07,3.6028741350935267e-07,1.992851940413644e-07,2.6141946738148283e-07,7.490336675332303e-06,0.4757786189655668,103,highpass
1.0422013076143979e-07,3.6028741350935267e-07,1.992851940413644e-07,2.6141946738148283e-07,7.490336675332303e-06,0.4757786189655668,103,highpass
1.0422013076143979e-07,3.6028741350935267e-07,1.992851940413644e-07,2.6141946738148283e-07,7.490336675332303e-06,0.4757786189655668,103,highpass
1.0422013076143979e-07,3.6028741350935267e-07,1.992851940413644e-07,2.6141946738148283e-07,1.431242569022885e-05,0.36491973787444887,103,highpass
1.0422013076143979e-07,3.6028741350935267e-07,1.992851940413644e-07,2.6141946738148283e-07,7.490336675332303e-06,0.4757786189655668,103,highpass
1.0422013076143979e-07,3.6028741350935267e-07,1.992851940413644e-07,2.6141946738148283e-07,7.490336675332303e-06,0.4757786189655668,103,highpass
1.0422013076143979e-07,3.6028741350935267e-07,1.992851940413644e-07,2.6141946738148283e-07,7.490336675332303e-06,0.4757786189655668,103,highpass
1.0422013076143979e-07,3.6028741350935267e-07,1.992851940413644e-07,2.6141946738148283e-07,1.5056689399809201e-05,0.36326517995093455,103,highpass
1.0422013076143979e-07,3.6028741350935267e-07,1.992851940413644e-07,2.606975367278163e-07,7.490336675332303e-06,0.4757786189655668,103,highpass
1.0422013076143979e-07,3.6028741350935267e-07,1.992851940413644e-07,2.6141946738148283e-07,7.490336675332303e-06,0.4757786189655668,103,highpass
1.0422013076143979e-07,3.6028741350935267e-07,1.992851940413644e-07,2.6141946738148283e-07,7.490336675332303e-06,0.4757786189655668,103,highpass
1.0422013076143979e-07,3.6028741350935267e-07,1.992851940413644e-07,2.6141946738148283e-07,7.490336675332303e-06,0.4757786189655668,103,highpass
1.0422013076143979e-07,3.6028741350935267e-07,1.992851940413644e-07,2.6141946738148283e-07,7.490336675332303e-06,0.4757786189655668,103,highpass
1.0422013076143979e-07,3.6028741350935267e-07,1.992851940413644e-07,2.6141946738148283e-07,7.490336675332303e-06,0.4757786189655668,103,highpass
1.0422013076143979e-07,3.6028741350935267e-07,1.992851940413644e-07,2.6141946738148283e-07,7.490336675332303e-06,0.4757786189655668,103,highpass
1.0422013076143979e-07,3.6028741350935267e-07,1.992851940413644e-07,2.6141946738148283e-07,7.490336675332303e-06,0.4757786189655668,103,highpass
1.0422013076143979e-07,3.6028741350935267e-07,1.992851940413644e-07,2.606975367278163e-07,7.490336675332303e-06,0.4757786189655668,103,highpass
1.0422013076143979e-07,3.6028741350935267e-07,1.992851940413644e-07,2.6141946738148283e-07,4.862656202225234e-05,0.36558765746407923,103,highpass
1.0422013076143979e-07,3.6028741350935267e-07,1.992851940413644e-07,2.6141946738148283e-07,7.490336675332303e-06,0.4757786189655668,103,highpass
1.0422013076143979e-07,3.6028741350935267e-07,1.992851940413644e-07,2.6141946738148283e-07,7.490336675332303e-06,0.4757786189655668,103,highpass
1.0422013076143979e-07,3.6028741350935267e-07,1.992851940413644e-07,2.606975367278163e-07,7.490336675332303e-06,0.4757786189655668,103,highpass
1.0422013076143979e-07,3.6028741350935267e-07,1.992851940413644e-07,2.6141946738148283e-07,7.490336675332303e-06,0.4757786189655668,103,highpass
