s,w,l,height,total_length,fitness_score,generation,fitness_strategy
1.3523989222989675e-07,3e-07,1.166921618093399e-07,2.387070951736545e-07,4.5223887071431444e-05,0.7042007170346513,1,highpass
1.4546150837617887e-07,4.7415919590562475e-07,1.1083408719068395e-07,2.7372176114520323e-07,4.0710606201637764e-05,0.8053255752077912,1,highpass
1.762101666757697e-07,6.269991415273136e-07,1.2142957085082898e-07,2.2239826874254947e-07,1.1401733115811647e-05,0.8534629671677413,1,highpass
2.3779227043020268e-07,3.554257616272767e-07,1.386275906877369e-07,2.6002213423779437e-07,4.4170119372046535e-05,0.7180268095581458,1,highpass
1.1172128949471e-07,6.240364629900943e-07,1.4939462512572495e-07,2.517047592966904e-07,9.489358087546367e-06,0.8777109568950554,1,highpass
1.517169464892247e-07,5.873648824717835e-07,1.0196904189290957e-07,3e-07,4.1103068848661983e-05,0.860120401081643,1,highpass
1.3888186876970046e-07,4.443560407736867e-07,1.470064095663576e-07,1.9903788635745907e-07,4.849350568106238e-05,0.7965578787307332,1,highpass
1.034810396631494e-07,4.3637210347418645e-07,1.1142778394663455e-07,1.5e-07,4.204770748137257e-05,0.7443752546780555,1,highpass
1.2457778065862022e-07,3.0336900620586563e-07,1.3300920611736235e-07,2.486421950279396e-07,3.910229635253682e-05,0.7209091449011292,1,highpass
1.1856070504743623e-07,4.1249671427464727e-07,2.0151400543438261e-07,2.850963453984117e-07,3.479683126005105e-05,0.878924956626365,1,highpass
1.4371496909226696e-07,6.661887687726418e-07,1.3590493170653208e-07,1.6329080177817856e-07,4.149803716513344e-05,0.8465487791204317,1,highpass
1.0981362003552692e-07,3.8619223586738514e-07,1.3543184945781953e-07,2.6868897308603884e-07,4.48931902919872e-05,0.7939113959627095,1,highpass
2.355467002469845e-07,4.5946573838508206e-07,1.381320451290431e-07,1.505432354503679e-07,2.3627514911355147e-05,0.7175657469415496,1,highpass
1.6178244157596813e-07,5.577343837546673e-07,1.4597842222235042e-07,2.782425175408062e-07,3.508445076156072e-05,0.8742848265314899,1,highpass
1e-07,5.392119714462741e-07,1.878654976405222e-07,1.6459599196735974e-07,3.624298488772528e-05,0.8785659367864442,1,highpass
1.1310468731832463e-07,3e-07,1e-07,2.8096103481137534e-07,3.427174878623854e-05,0.7131620924392393,1,highpass
1.5581132856313362e-07,3.728173860390749e-07,1.5021598899911193e-07,1.6618333029039263e-07,4.101371528096286e-05,0.7247500426581099,1,highpass
2.1422256645841506e-07,4.3487748896311556e-07,1.6450127009499472e-07,1.5e-07,3.730273001457939e-05,0.7279257071784454,1,highpass
1.4395929453289273e-07,5.334677416901112e-07,1.9815450659344142e-07,2.4048926622322006e-07,3.8248835076225316e-05,0.8734973821636066,1,highpass
1.5399953811839757e-07,3.120281269578524e-07,1.0205357314845217e-07,1.7710247312925454e-07,6.805084483385847e-06,0.6896510749026006,1,highpass
1.7538429340756465e-07,6.616470927869231e-07,2.2769015546285684e-07,2.59540744167053e-07,4.6068787224029453e-05,0.6798791337022135,1,highpass
1.3902704912887658e-07,3.258356972872558e-07,2.0843552016701002e-07,2.7633043455283604e-07,4.0202848382166194e-05,0.8144114044192039,1,highpass
1.0107768592045866e-07,3.560751059705769e-07,1.9812946818883707e-07,2.8476354297296404e-07,9.654522010176629e-06,0.8635451542308801,1,highpass
1e-07,3.9908422568820625e-07,1.325121963521729e-07,3e-07,4.249896380559536e-05,0.8335754236894117,1,highpass
1.045834613122905e-07,6.882033272083129e-07,2.2770440743989828e-07,1.9288596839648356e-07,4.482320585722399e-05,0.7017210090818916,1,highpass
2.0543884971971373e-07,3.04669529107678e-07,1.923843017918054e-07,2.43116921533579e-07,3.7517694344680236e-05,0.7265363516698532,1,highpass
2.1209433794038598e-07,4.177842960800508e-07,1.4000186889115747e-07,1.5357816486809592e-07,3.5653388692946636e-05,0.7066841571006234,1,highpass
1.548582837857622e-07,5.102355361257762e-07,1.1182199203827764e-07,2.3357446696739955e-07,2.195852129993852e-05,0.8005123861768314,1,highpass
2.3515317499698328e-07,3.6304948319877353e-07,1.3868712502650645e-07,2.072658369979728e-07,1.6568233131751335e-05,0.7124857032537149,1,highpass
1.791806697046654e-07,4.266176342809357e-07,1.2984895735383228e-07,2.1281571976107202e-07,1.3835999759934313e-05,0.7458423964672299,1,highpass
1e-07,3.227573234634593e-07,2.0067648620274708e-07,1.9528495098579756e-07,3.219223912952372e-05,0.7841975400468397,1,highpass
1.920643901705874e-07,3.1911591683105306e-07,1.6437418332948315e-07,1.8150456590177337e-07,4.634735196725098e-05,0.70953509002218,1,highpass
1.9391829897915918e-07,3.501739021514916e-07,1.6557817691307635e-07,1.5039645015691498e-07,4.1891511412501895e-05,0.698603912143275,1,highpass
2.0106293310596231e-07,6.970189597253217e-07,2.449274942778674e-07,1.8302938897844793e-07,2.2903853397415086e-05,0.6798794092647354,1,highpass
1.161487533981517e-07,4.7602435787672984e-07,1.854115238292428e-07,2.7836794217364914e-07,4.127652334875804e-05,0.8908597016737122,1,highpass
1.584701387295383e-07,3.123814444401325e-07,1.1124841380468e-07,1.5510233717651792e-07,1.2432395092716612e-05,0.6881263208922103,1,highpass
1.339341686389402e-07,6.365333387004494e-07,1.5980714679018398e-07,2.856554065120885e-07,2.4386072149937822e-05,0.8394671936718016,1,highpass
1.7047963283386867e-07,4.005430760126965e-07,2.1778144457944447e-07,2.106580924819614e-07,3.0034077322144283e-05,0.8234695542698637,1,highpass
1.4987470687543984e-07,5.592353140805751e-07,1.8624572543300758e-07,2.030663513398081e-07,2.4931162446297515e-05,0.8770067781928489,1,highpass
1e-07,3e-07,1.3382707136725098e-07,1.636362606342754e-07,3.997715217836571e-05,0.7051569234388078,1,highpass
1.161487533981517e-07,4.7602435787672984e-07,1.854115238292428e-07,2.7836794217364914e-07,4.127652334875804e-05,0.8908597016737122,2,highpass
1.517169464892247e-07,5.873648824717835e-07,1.0196904189290957e-07,3e-07,4.1103068848661983e-05,0.860120401081643,2,highpass
1.517169464892247e-07,4.7602435787672984e-07,1.854115238292428e-07,2.7836794217364914e-07,4.127652334875804e-05,0.8748754756853171,2,highpass
1.6178244157596813e-07,5.577343837546673e-07,1.4597842222235042e-07,2.782425175408062e-07,3.0034077322144283e-05,0.8742745173196284,2,highpass
1.0107768592045866e-07,3.560751059705769e-07,1.9812946818883707e-07,2.8476354297296404e-07,1.0074512398587872e-05,0.864280507785403,2,highpass
1.4546150837617887e-07,4.7415919590562475e-07,1.8624572543300758e-07,2.030663513398081e-07,2.4931162446297515e-05,0.8469061776119096,2,highpass
1.0107768592045866e-07,3.560751059705769e-07,1.9812946818883707e-07,1.6329080177817856e-07,4.149803716513344e-05,0.7702037872672484,2,highpass
1.0107768592045866e-07,6.661887687726418e-07,1.3590493170653208e-07,1.6329080177817856e-07,4.149803716513344e-05,0.8662962407690211,2,highpass
1.3888186876970046e-07,5.392119714462741e-07,1.878654976405222e-07,1.6459599196735974e-07,3.624298488772528e-05,0.8549226798586699,2,highpass
1.6178244157596813e-07,5.577343837546673e-07,1.854115238292428e-07,2.7836794217364914e-07,4.127652334875804e-05,0.7530159570789507,2,highpass
1.517169464892247e-07,5.577343837546673e-07,1.5032279390674886e-07,2.782425175408062e-07,3.508445076156072e-05,0.8797420775650342,2,highpass
1.4987470687543984e-07,4.3637210347418645e-07,1.1142778394663455e-07,1.5e-07,4.204770748137257e-05,0.7231629968383868,2,highpass
1.4987470687543984e-07,3.258356972872558e-07,2.0843552016701002e-07,2.7633043455283604e-07,4.0202848382166194e-05,0.8065793703287184,2,highpass
1.339341686389402e-07,6.365333387004494e-07,1.5980714679018398e-07,2.856554065120885e-07,3.0034077322144283e-05,0.841950455570064,2,highpass
1e-07,3.9908422568820625e-07,1.325121963521729e-07,3e-07,3.479683126005105e-05,0.8335732352375472,2,highpass
1.6178244157596813e-07,5.577343837546673e-07,1.8624572543300758e-07,2.030663513398081e-07,2.4931162446297515e-05,0.866472553807333,2,highpass
1.1172128949471e-07,6.240364629900943e-07,1.854115238292428e-07,2.7855171922168134e-07,4.127652334875804e-05,0.8220783098230208,2,highpass
1.517169464892247e-07,5.873648824717835e-07,1.0196904189290957e-07,3e-07,3.508445076156072e-05,0.8616800313809919,2,highpass
2.0543884971971373e-07,3.04669529107678e-07,1.863006697917824e-07,2.030663513398081e-07,2.4931162446297515e-05,0.7095276701363262,2,highpass
1e-07,3.9908422568820625e-07,1.3590493170653208e-07,1.6329080177817856e-07,4.149803716513344e-05,0.7480080705002345,2,highpass
1.5122046024969478e-07,5.873648824717835e-07,1.8624572543300758e-07,2.030663513398081e-07,2.4931162446297515e-05,0.8776731807801966,2,highpass
1.0981362003552692e-07,4.7415919590562475e-07,1.1083408719068395e-07,2.7372176114520323e-07,4.0710606201637764e-05,0.8258083104505152,2,highpass
1e-07,5.392119714462741e-07,1.878654976405222e-07,1.6459599196735974e-07,4.127652334875804e-05,0.878509750119286,2,highpass
1.7047963283386867e-07,4.266176342809357e-07,1.2984895735383228e-07,2.1281571976107202e-07,1.3835999759934313e-05,0.7495572344870975,2,highpass
1.1856070504743623e-07,5.392119714462741e-07,1.878654976405222e-07,1.6459599196735974e-07,3.624298488772528e-05,0.8647529360320266,2,highpass
1.4395929453289273e-07,5.303371887638323e-07,1.1083408719068395e-07,2.7372176114520323e-07,4.0710606201637764e-05,0.8459531871485929,2,highpass
1.548582837857622e-07,5.577343837546673e-07,1.4597842222235042e-07,2.782425175408062e-07,3.508445076156072e-05,0.8792059694887026,2,highpass
1.1856070504743623e-07,4.1249671427464727e-07,2.0151400543438261e-07,2.8476354297296404e-07,9.654522010176629e-06,0.8872815046584475,2,highpass
1e-07,3.227573234634593e-07,2.0067648620274708e-07,2.7836794217364914e-07,4.127652334875804e-05,0.8324394593631401,2,highpass
1.1856070504743623e-07,4.1249671427464727e-07,1.9812946818883707e-07,2.8476354297296404e-07,9.654522010176629e-06,0.8860768100978414,2,highpass
1e-07,5.392119714462741e-07,1.878654976405222e-07,2.7836794217364914e-07,4.127652334875804e-05,0.8619365219958166,2,highpass
1.1856070504743623e-07,4.1249671427464727e-07,2.0151400543438261e-07,2.850963453984117e-07,9.489358087546367e-06,0.887376813796086,2,highpass
2.355467002469845e-07,4.5946573838508206e-07,1.4939462512572495e-07,2.517047592966904e-07,9.489358087546367e-06,0.7815603985818197,2,highpass
2.119180974063116e-07,5.392119714462741e-07,1.8624572543300758e-07,2.030663513398081e-07,2.4931162446297515e-05,0.775931473171662,2,highpass
1.0107768592045866e-07,3.560751059705769e-07,1.9812946818883707e-07,2.8476354297296404e-07,4.0710606201637764e-05,0.8600168764430167,2,highpass
1.4987470687543984e-07,5.592353140805751e-07,1.2142957085082898e-07,2.2239826874254947e-07,1.1401733115811647e-05,0.8431197107749068,2,highpass
1.161487533981517e-07,4.7602435787672984e-07,1.854115238292428e-07,2.7633043455283604e-07,4.0202848382166194e-05,0.8889332697302698,2,highpass
1.4546150837617887e-07,4.1249671427464727e-07,2.0151400543438261e-07,2.850963453984117e-07,3.479683126005105e-05,0.8675117866394411,2,highpass
1.1856070504743623e-07,4.1249671427464727e-07,2.0151400543438261e-07,2.850963453984117e-07,3.479683126005105e-05,0.878924956626365,2,highpass
1e-07,4.005430760126965e-07,2.1778144457944447e-07,2.106580924819614e-07,3.0034077322144283e-05,0.8727194021262418,2,highpass
1.161487533981517e-07,4.7602435787672984e-07,1.854115238292428e-07,2.7836794217364914e-07,4.127652334875804e-05,0.8908597016737122,3,highpass
1.161487533981517e-07,4.7602435787672984e-07,2.0151400543438261e-07,2.8476354297296404e-07,9.654522010176629e-06,0.8782471147532998,3,highpass
1.969949682347559e-07,4.1249671427464727e-07,2.0151400543438261e-07,2.850963453984117e-07,9.489358087546367e-06,0.817721377357377,3,highpass
1.1856070504743623e-07,4.1249671427464727e-07,1.854115238292428e-07,2.7836794217364914e-07,4.127652334875804e-05,0.8701567945387542,3,highpass
1.5122046024969478e-07,5.873648824717835e-07,1.8624572543300758e-07,2.030663513398081e-07,2.4931162446297515e-05,0.8776731807801966,3,highpass
1.1856070504743623e-07,4.1249671427464727e-07,2.0151400543438261e-07,2.8476354297296404e-07,9.654522010176629e-06,0.8872815046584475,3,highpass
1.548582837857622e-07,5.577343837546673e-07,2.0741544998241822e-07,2.782425175408062e-07,3.0034077322144283e-05,0.6721077260957612,3,highpass
1.161487533981517e-07,4.1249671427464727e-07,2.0151400543438261e-07,2.850963453984117e-07,3.479683126005105e-05,0.8873443795372637,3,highpass
1.161487533981517e-07,4.7602435787672984e-07,1.854115238292428e-07,2.7633043455283604e-07,3.0034077322144283e-05,0.8834713482250756,3,highpass
1.4546150837617887e-07,5.577343837546673e-07,1.4597842222235042e-07,2.782425175408062e-07,3.0034077322144283e-05,0.8831154977662595,3,highpass
1.5122046024969478e-07,5.873648824717835e-07,1.8624572543300758e-07,2.850963453984117e-07,9.489358087546367e-06,0.7725260320059146,3,highpass
1.4546150837617887e-07,4.1872145746890343e-07,2.0151400543438261e-07,2.850963453984117e-07,4.127652334875804e-05,0.8654556671331555,3,highpass
1.1856070504743623e-07,5.577343837546673e-07,1.4597842222235042e-07,2.782425175408062e-07,3.508445076156072e-05,0.8847896148941736,3,highpass
1.517169464892247e-07,5.577343837546673e-07,1.5032279390674886e-07,2.8476354297296404e-07,9.654522010176629e-06,0.8864065871081375,3,highpass
1e-07,5.392119714462741e-07,1.878654976405222e-07,1.6459599196735974e-07,4.127652334875804e-05,0.878509750119286,3,highpass
1.161487533981517e-07,5.577343837546673e-07,1.5032279390674886e-07,2.782425175408062e-07,3.508445076156072e-05,0.8822738746714122,3,highpass
1.1856070504743623e-07,4.1249671427464727e-07,1.5032279390674886e-07,2.782425175408062e-07,3.508445076156072e-05,0.8306893315858392,3,highpass
1.1856070504743623e-07,4.1249671427464727e-07,2.0151400543438261e-07,2.850963453984117e-07,9.489358087546367e-06,0.887376813796086,3,highpass
1.1856070504743623e-07,4.1249671427464727e-07,1.9812946818883707e-07,2.8476354297296404e-07,4.127652334875804e-05,0.8815864015837982,3,highpass
1.517169464892247e-07,4.702460283258818e-07,1.0196904189290957e-07,3e-07,9.654522010176629e-06,0.7998040761131401,3,highpass
1.6178244157596813e-07,5.577343837546673e-07,1.4597842222235042e-07,1.7304211803702572e-07,4.0202848382166194e-05,0.8256678816742836,3,highpass
1.1856070504743623e-07,4.1249671427464727e-07,2.0151400543438261e-07,2.8476354297296404e-07,9.654522010176629e-06,0.8872815046584475,3,highpass
1.161487533981517e-07,4.7602435787672984e-07,1.854115238292428e-07,2.7836794217364914e-07,4.127652334875804e-05,0.8908597016737122,3,highpass
1.1856070504743623e-07,4.1249671427464727e-07,1.5032279390674886e-07,2.782425175408062e-07,3.508445076156072e-05,0.8306893315858392,3,highpass
2.2079862618167362e-07,4.1249671427464727e-07,2.0151400543438261e-07,2.850963453984117e-07,9.489358087546367e-06,0.7560087140197804,3,highpass
1.517169464892247e-07,5.577343837546673e-07,1.5032279390674886e-07,2.782425175408062e-07,4.0202848382166194e-05,0.8787964567894085,3,highpass
1.1856070504743623e-07,4.1249671427464727e-07,1.9812946818883707e-07,2.850963453984117e-07,9.489358087546367e-06,0.8862012562441826,3,highpass
1.6178244157596813e-07,5.577343837546673e-07,1.4597842222235042e-07,2.782425175408062e-07,3.508445076156072e-05,0.8742848265314899,3,highpass
1.161487533981517e-07,4.7602435787672984e-07,1.854115238292428e-07,2.7633043455283604e-07,9.489358087546367e-06,0.8861227036294064,3,highpass
1.1856070504743623e-07,4.1249671427464727e-07,2.0151400543438261e-07,2.850963453984117e-07,9.489358087546367e-06,0.887376813796086,3,highpass
1.1856070504743623e-07,4.1249671427464727e-07,1.9812946818883707e-07,2.628362353800432e-07,3.479683126005105e-05,0.8793996465176587,3,highpass
2.3761363675704634e-07,4.7602435787672984e-07,1.854115238292428e-07,2.7633043455283604e-07,4.0202848382166194e-05,0.6905112533652721,3,highpass
1.161487533981517e-07,4.7602435787672984e-07,1.854115238292428e-07,2.7836794217364914e-07,4.127652334875804e-05,0.8908597016737122,3,highpass
1.161487533981517e-07,4.7602435787672984e-07,1.854115238292428e-07,3e-07,4.1103068848661983e-05,0.8783732896536461,3,highpass
1.161487533981517e-07,4.7602435787672984e-07,1.854115238292428e-07,2.8476354297296404e-07,9.654522010176629e-06,0.8861750999293826,3,highpass
1.1856070504743623e-07,4.7602435787672984e-07,1.854115238292428e-07,2.7633043455283604e-07,4.0202848382166194e-05,0.8869090109011449,3,highpass
1.1856070504743623e-07,4.1249671427464727e-07,1.854115238292428e-07,2.7633043455283604e-07,4.0202848382166194e-05,0.8698857777965626,3,highpass
1.161487533981517e-07,4.7602435787672984e-07,1.854115238292428e-07,2.7836794217364914e-07,4.127652334875804e-05,0.8908597016737122,3,highpass
1.161487533981517e-07,4.7602435787672984e-07,1.9812946818883707e-07,2.8476354297296404e-07,9.654522010176629e-06,0.8781036460939918,3,highpass
1.161487533981517e-07,4.7602435787672984e-07,1.854115238292428e-07,2.7836794217364914e-07,4.0202848382166194e-05,0.8902372700530113,3,highpass
1.161487533981517e-07,4.7602435787672984e-07,1.854115238292428e-07,2.7836794217364914e-07,4.127652334875804e-05,0.8908597016737122,4,highpass
1.161487533981517e-07,4.7602435787672984e-07,1.854115238292428e-07,2.7836794217364914e-07,4.0202848382166194e-05,0.8902372700530113,4,highpass
1.1856070504743623e-07,4.7602435787672984e-07,2.0151400543438261e-07,2.850963453984117e-07,9.489358087546367e-06,0.8671358432602119,4,highpass
1.1856070504743623e-07,5.577343837546673e-07,1.5032279390674886e-07,2.8476354297296404e-07,9.654522010176629e-06,0.8850484612565631,4,highpass
1.161487533981517e-07,4.7602435787672984e-07,1.854115238292428e-07,2.7836794217364914e-07,4.127652334875804e-05,0.8908597016737122,4,highpass
1.1856070504743623e-07,4.7602435787672984e-07,1.854115238292428e-07,3e-07,4.1103068848661983e-05,0.8899209084684114,4,highpass
1.161487533981517e-07,4.7602435787672984e-07,1.854115238292428e-07,2.7836794217364914e-07,4.127652334875804e-05,0.8908597016737122,4,highpass
1.1856070504743623e-07,4.7602435787672984e-07,1.854115238292428e-07,2.8254501494776773e-07,4.127652334875804e-05,0.8873077445861339,4,highpass
1.161487533981517e-07,4.7602435787672984e-07,1.854115238292428e-07,2.7633043455283604e-07,4.0202848382166194e-05,0.8889332697302698,4,highpass
1.161487533981517e-07,4.7602435787672984e-07,1.854115238292428e-07,2.7836794217364914e-07,4.127652334875804e-05,0.8908597016737122,4,highpass
1.161487533981517e-07,4.7602435787672984e-07,1.854115238292428e-07,2.8476354297296404e-07,9.654522010176629e-06,0.8861750999293826,4,highpass
1.4538110698557083e-07,4.7602435787672984e-07,1.854115238292428e-07,2.7836794217364914e-07,9.489358087546367e-06,0.8771906476705471,4,highpass
1.161487533981517e-07,4.1249671427464727e-07,2.0151400543438261e-07,2.7836794217364914e-07,4.127652334875804e-05,0.885267871913508,4,highpass
1.161487533981517e-07,4.7602435787672984e-07,1.854115238292428e-07,2.7836794217364914e-07,4.127652334875804e-05,0.8908597016737122,4,highpass
1.1856070504743623e-07,4.1249671427464727e-07,2.0151400543438261e-07,2.7836794217364914e-07,4.127652334875804e-05,0.8750217658242212,4,highpass
1.161487533981517e-07,4.7602435787672984e-07,1.854115238292428e-07,2.8476354297296404e-07,9.489358087546367e-06,0.8846762786823994,4,highpass
1.161487533981517e-07,4.1249671427464727e-07,2.0151400543438261e-07,2.850963453984117e-07,9.489358087546367e-06,0.8830088931107175,4,highpass
1.161487533981517e-07,4.7602435787672984e-07,1.854115238292428e-07,2.7836794217364914e-07,4.127652334875804e-05,0.8908597016737122,4,highpass
1.517169464892247e-07,5.577343837546673e-07,2.0397609088664355e-07,2.782425175408062e-07,9.654522010176629e-06,0.6973181734299403,4,highpass
1.161487533981517e-07,4.7602435787672984e-07,1.854115238292428e-07,2.7836794217364914e-07,4.0202848382166194e-05,0.8902372700530113,4,highpass
1.1856070504743623e-07,4.1249671427464727e-07,1.854115238292428e-07,2.7836794217364914e-07,4.127652334875804e-05,0.8701567945387542,4,highpass
1.161487533981517e-07,4.7602435787672984e-07,1.8307398789471015e-07,2.7836794217364914e-07,9.489358087546367e-06,0.8915117981696131,4,highpass
1.161487533981517e-07,4.7602435787672984e-07,1.854115238292428e-07,1.6459599196735974e-07,4.127652334875804e-05,0.8361976347337695,4,highpass
1.1856070504743623e-07,4.7602435787672984e-07,1.854115238292428e-07,2.7633043455283604e-07,9.489358087546367e-06,0.8889335102864627,4,highpass
1.1856070504743623e-07,4.1249671427464727e-07,1.854115238292428e-07,2.7836794217364914e-07,4.127652334875804e-05,0.8701567945387542,4,highpass
1.1856070504743623e-07,4.1249671427464727e-07,2.0151400543438261e-07,2.850963453984117e-07,4.0202848382166194e-05,0.8781883373482124,4,highpass
1.161487533981517e-07,4.7602435787672984e-07,1.854115238292428e-07,2.7836794217364914e-07,4.127652334875804e-05,0.8908597016737122,4,highpass
1.517169464892247e-07,5.577343837546673e-07,1.9812946818883707e-07,2.850963453984117e-07,9.489358087546367e-06,0.7140258885342708,4,highpass
1.161487533981517e-07,4.7602435787672984e-07,1.854115238292428e-07,2.850963453984117e-07,9.489358087546367e-06,0.8846762786823994,4,highpass
1.161487533981517e-07,4.7602435787672984e-07,1.854115238292428e-07,2.8476354297296404e-07,9.654522010176629e-06,0.8861750999293826,4,highpass
1.161487533981517e-07,4.7602435787672984e-07,1.7039915690312135e-07,2.7836794217364914e-07,4.127652334875804e-05,0.890877706803283,4,highpass
1.1856070504743623e-07,4.1249671427464727e-07,2.0151400543438261e-07,2.7836794217364914e-07,4.127652334875804e-05,0.8750217658242212,4,highpass
1.161487533981517e-07,4.1249671427464727e-07,2.0151400543438261e-07,2.850963453984117e-07,4.127652334875804e-05,0.8864718984921236,4,highpass
1.161487533981517e-07,4.7602435787672984e-07,2.0151400543438261e-07,2.850963453984117e-07,9.489358087546367e-06,0.8780625397953755,4,highpass
1.161487533981517e-07,4.7602435787672984e-07,1.854115238292428e-07,2.7836794217364914e-07,4.127652334875804e-05,0.8908597016737122,4,highpass
1.161487533981517e-07,4.7602435787672984e-07,1.854115238292428e-07,2.7836794217364914e-07,4.0202848382166194e-05,0.8902372700530113,4,highpass
1.161487533981517e-07,4.7602435787672984e-07,1.854115238292428e-07,2.7836794217364914e-07,4.127652334875804e-05,0.8908597016737122,4,highpass
1.1856070504743623e-07,4.1249671427464727e-07,1.9812946818883707e-07,3e-07,4.1103068848661983e-05,0.8870814264621389,4,highpass
1.161487533981517e-07,4.7602435787672984e-07,1.854115238292428e-07,2.7836794217364914e-07,4.127652334875804e-05,0.8908597016737122,4,highpass
1.161487533981517e-07,4.7602435787672984e-07,1.854115238292428e-07,2.782425175408062e-07,3.0034077322144283e-05,0.8841372614173229,4,highpass
1.161487533981517e-07,4.7602435787672984e-07,1.8307398789471015e-07,2.7836794217364914e-07,9.489358087546367e-06,0.8915117981696131,5,highpass
1.161487533981517e-07,4.7602435787672984e-07,1.854115238292428e-07,2.7836794217364914e-07,4.127652334875804e-05,0.8908597016737122,5,highpass
1.161487533981517e-07,4.7602435787672984e-07,1.854115238292428e-07,2.7836794217364914e-07,4.127652334875804e-05,0.8908597016737122,5,highpass
1.161487533981517e-07,4.7602435787672984e-07,1.854115238292428e-07,2.7836794217364914e-07,4.127652334875804e-05,0.8908597016737122,5,highpass
1.161487533981517e-07,4.7602435787672984e-07,1.854115238292428e-07,2.7836794217364914e-07,4.127652334875804e-05,0.8908597016737122,5,highpass
1.1856070504743623e-07,4.7602435787672984e-07,1.8307398789471015e-07,2.7836794217364914e-07,9.489358087546367e-06,0.8876615975440907,5,highpass
1.161487533981517e-07,4.7602435787672984e-07,1.907333130770279e-07,2.7836794217364914e-07,4.127652334875804e-05,0.8821562628408527,5,highpass
1.161487533981517e-07,4.7602435787672984e-07,1.854115238292428e-07,2.7836794217364914e-07,4.127652334875804e-05,0.8908597016737122,5,highpass
1.161487533981517e-07,4.7602435787672984e-07,1.854115238292428e-07,2.7836794217364914e-07,4.127652334875804e-05,0.8908597016737122,5,highpass
1.161487533981517e-07,4.7602435787672984e-07,1.854115238292428e-07,2.2679961473619476e-07,4.127652334875804e-05,0.8880423691098762,5,highpass
1.1827749390168405e-07,4.1249671427464727e-07,2.0151400543438261e-07,2.7836794217364914e-07,4.0202848382166194e-05,0.8764660469780607,5,highpass
1.161487533981517e-07,4.7602435787672984e-07,1.854115238292428e-07,2.7836794217364914e-07,4.127652334875804e-05,0.8908597016737122,5,highpass
1.161487533981517e-07,4.7602435787672984e-07,1.854115238292428e-07,2.7836794217364914e-07,4.127652334875804e-05,0.8908597016737122,5,highpass
1.161487533981517e-07,4.7602435787672984e-07,1.854115238292428e-07,2.7836794217364914e-07,4.127652334875804e-05,0.8908597016737122,5,highpass
1.161487533981517e-07,4.858256119907713e-07,1.854115238292428e-07,2.7836794217364914e-07,4.0202848382166194e-05,0.8885672358857875,5,highpass
1.161487533981517e-07,4.7602435787672984e-07,1.854115238292428e-07,2.7836794217364914e-07,4.127652334875804e-05,0.8908597016737122,5,highpass
1.161487533981517e-07,4.7602435787672984e-07,1.854115238292428e-07,2.7836794217364914e-07,4.127652334875804e-05,0.8908597016737122,5,highpass
1.161487533981517e-07,4.7602435787672984e-07,1.854115238292428e-07,2.7836794217364914e-07,4.127652334875804e-05,0.8908597016737122,5,highpass
1.161487533981517e-07,4.7602435787672984e-07,1.854115238292428e-07,2.7836794217364914e-07,4.127652334875804e-05,0.8908597016737122,5,highpass
1.161487533981517e-07,4.7602435787672984e-07,1.854115238292428e-07,2.7836794217364914e-07,4.127652334875804e-05,0.8908597016737122,5,highpass
1.161487533981517e-07,4.7602435787672984e-07,1.854115238292428e-07,2.7836794217364914e-07,4.127652334875804e-05,0.8908597016737122,5,highpass
1.161487533981517e-07,6.415186311746148e-07,1.854115238292428e-07,2.7836794217364914e-07,4.127652334875804e-05,0.801891061473427,5,highpass
1.161487533981517e-07,3.829580954682873e-07,1.854115238292428e-07,2.7836794217364914e-07,4.127652334875804e-05,0.8477008836935831,5,highpass
1.161487533981517e-07,4.7602435787672984e-07,1.854115238292428e-07,2.7836794217364914e-07,4.127652334875804e-05,0.8908597016737122,5,highpass
1.161487533981517e-07,4.7602435787672984e-07,1.854115238292428e-07,2.7836794217364914e-07,4.127652334875804e-05,0.8908597016737122,5,highpass
2.4150974622967714e-07,4.7602435787672984e-07,1.854115238292428e-07,2.7836794217364914e-07,9.489358087546367e-06,0.6924470894891944,5,highpass
1.161487533981517e-07,4.7602435787672984e-07,1.854115238292428e-07,2.7836794217364914e-07,4.127652334875804e-05,0.8908597016737122,5,highpass
1.1901471172414089e-07,4.7602435787672984e-07,1.8307398789471015e-07,2.7836794217364914e-07,4.127652334875804e-05,0.8873797921180666,5,highpass
1.161487533981517e-07,4.7602435787672984e-07,1.854115238292428e-07,2.7836794217364914e-07,9.489358087546367e-06,0.8861391612466697,5,highpass
1.161487533981517e-07,4.7602435787672984e-07,1.7039915690312135e-07,2.7836794217364914e-07,4.127652334875804e-05,0.890877706803283,5,highpass
1.161487533981517e-07,4.7602435787672984e-07,1.854115238292428e-07,2.7836794217364914e-07,4.127652334875804e-05,0.8908597016737122,5,highpass
1.161487533981517e-07,4.7602435787672984e-07,1.854115238292428e-07,2.7836794217364914e-07,4.127652334875804e-05,0.8908597016737122,5,highpass
1.161487533981517e-07,4.7602435787672984e-07,1.854115238292428e-07,2.7836794217364914e-07,4.127652334875804e-05,0.8908597016737122,5,highpass
1.161487533981517e-07,4.7602435787672984e-07,1.854115238292428e-07,2.7836794217364914e-07,4.127652334875804e-05,0.8908597016737122,5,highpass
1.161487533981517e-07,4.7602435787672984e-07,1.854115238292428e-07,2.7836794217364914e-07,4.127652334875804e-05,0.8908597016737122,5,highpass
1.161487533981517e-07,4.7602435787672984e-07,1.854115238292428e-07,2.7836794217364914e-07,4.3286184824273865e-05,0.8849787196153759,5,highpass
1.161487533981517e-07,4.7602435787672984e-07,1.8307398789471015e-07,2.7836794217364914e-07,4.127652334875804e-05,0.8912750283326858,5,highpass
1.161487533981517e-07,4.7602435787672984e-07,1.854115238292428e-07,2.7836794217364914e-07,4.127652334875804e-05,0.8908597016737122,5,highpass
1.1856070504743623e-07,4.7602435787672984e-07,1.854115238292428e-07,2.8254501494776773e-07,4.0202848382166194e-05,0.8871724955939883,5,highpass
1.1194954702066676e-07,4.7602435787672984e-07,1.854115238292428e-07,2.7836794217364914e-07,4.0202848382166194e-05,0.8875492813055761,5,highpass
1.161487533981517e-07,4.7602435787672984e-07,1.8307398789471015e-07,2.7836794217364914e-07,9.489358087546367e-06,0.8915117981696131,6,highpass
1.161487533981517e-07,4.7602435787672984e-07,1.8307398789471015e-07,2.7836794217364914e-07,4.127652334875804e-05,0.8912750283326858,6,highpass
1.161487533981517e-07,4.7602435787672984e-07,1.854115238292428e-07,2.7836794217364914e-07,4.127652334875804e-05,0.8908597016737122,6,highpass
1.161487533981517e-07,4.7602435787672984e-07,1.8307398789471015e-07,2.7836794217364914e-07,9.489358087546367e-06,0.8915117981696131,6,highpass
1.161487533981517e-07,4.7602435787672984e-07,1.854115238292428e-07,2.7836794217364914e-07,4.127652334875804e-05,0.8908597016737122,6,highpass
1.161487533981517e-07,4.662433186267081e-07,1.854115238292428e-07,2.7836794217364914e-07,4.127652334875804e-05,0.892492695545882,6,highpass
1.161487533981517e-07,4.7602435787672984e-07,1.854115238292428e-07,2.7836794217364914e-07,4.127652334875804e-05,0.8908597016737122,6,highpass
1.161487533981517e-07,4.7602435787672984e-07,1.854115238292428e-07,2.7836794217364914e-07,4.127652334875804e-05,0.8908597016737122,6,highpass
1.161487533981517e-07,4.7602435787672984e-07,1.854115238292428e-07,2.7836794217364914e-07,4.127652334875804e-05,0.8908597016737122,6,highpass
1.161487533981517e-07,4.7602435787672984e-07,1.7039915690312135e-07,2.7836794217364914e-07,4.127652334875804e-05,0.890877706803283,6,highpass
1.161487533981517e-07,4.7602435787672984e-07,1.854115238292428e-07,2.7836794217364914e-07,4.127652334875804e-05,0.8908597016737122,6,highpass
1.161487533981517e-07,4.7602435787672984e-07,1.7039915690312135e-07,2.7836794217364914e-07,4.127652334875804e-05,0.890877706803283,6,highpass
1.161487533981517e-07,4.7602435787672984e-07,1.854115238292428e-07,2.7836794217364914e-07,4.127652334875804e-05,0.8908597016737122,6,highpass
1.161487533981517e-07,4.7602435787672984e-07,1.854115238292428e-07,2.7836794217364914e-07,4.127652334875804e-05,0.8908597016737122,6,highpass
1.161487533981517e-07,4.7602435787672984e-07,1.8307398789471015e-07,2.7836794217364914e-07,4.127652334875804e-05,0.8912750283326858,6,highpass
1.161487533981517e-07,4.7602435787672984e-07,1.854115238292428e-07,2.7836794217364914e-07,4.127652334875804e-05,0.8908597016737122,6,highpass
1.161487533981517e-07,4.7602435787672984e-07,1.854115238292428e-07,2.7836794217364914e-07,4.127652334875804e-05,0.8908597016737122,6,highpass
1.161487533981517e-07,4.7602435787672984e-07,1.854115238292428e-07,2.7836794217364914e-07,4.127652334875804e-05,0.8908597016737122,6,highpass
1.0881037446212973e-07,4.7602435787672984e-07,1.854115238292428e-07,2.7836794217364914e-07,4.127652334875804e-05,0.8898472127706843,6,highpass
1.161487533981517e-07,4.7602435787672984e-07,1.854115238292428e-07,2.7836794217364914e-07,4.127652334875804e-05,0.8908597016737122,6,highpass
1.161487533981517e-07,4.7602435787672984e-07,1.8307398789471015e-07,2.7836794217364914e-07,9.489358087546367e-06,0.8915117981696131,6,highpass
1.161487533981517e-07,4.7602435787672984e-07,1.854115238292428e-07,2.7836794217364914e-07,4.127652334875804e-05,0.8908597016737122,6,highpass
1.161487533981517e-07,4.7602435787672984e-07,1.854115238292428e-07,2.7836794217364914e-07,4.127652334875804e-05,0.8908597016737122,6,highpass
1.161487533981517e-07,4.7602435787672984e-07,1.854115238292428e-07,2.7836794217364914e-07,4.127652334875804e-05,0.8908597016737122,6,highpass
1.161487533981517e-07,4.7602435787672984e-07,1.854115238292428e-07,2.7836794217364914e-07,4.127652334875804e-05,0.8908597016737122,6,highpass
1.229313377532373e-07,4.7602435787672984e-07,1.8307398789471015e-07,2.7836794217364914e-07,4.127652334875804e-05,0.8859472884474395,6,highpass
1.161487533981517e-07,4.7602435787672984e-07,1.854115238292428e-07,2.7836794217364914e-07,4.127652334875804e-05,0.8908597016737122,6,highpass
1.161487533981517e-07,4.7602435787672984e-07,1.854115238292428e-07,2.7836794217364914e-07,4.127652334875804e-05,0.8908597016737122,6,highpass
1.161487533981517e-07,4.7602435787672984e-07,1.7039915690312135e-07,2.7836794217364914e-07,4.127652334875804e-05,0.890877706803283,6,highpass
1.161487533981517e-07,4.7602435787672984e-07,1.854115238292428e-07,2.7836794217364914e-07,4.127652334875804e-05,0.8908597016737122,6,highpass
1.161487533981517e-07,4.7602435787672984e-07,1.854115238292428e-07,2.7836794217364914e-07,4.127652334875804e-05,0.8908597016737122,6,highpass
1.161487533981517e-07,4.7602435787672984e-07,1.854115238292428e-07,2.7836794217364914e-07,4.127652334875804e-05,0.8908597016737122,6,highpass
1.161487533981517e-07,4.7602435787672984e-07,1.8307398789471015e-07,2.7836794217364914e-07,9.489358087546367e-06,0.8915117981696131,6,highpass
1.161487533981517e-07,4.7602435787672984e-07,1.854115238292428e-07,2.7836794217364914e-07,4.127652334875804e-05,0.8908597016737122,6,highpass
1.161487533981517e-07,4.7602435787672984e-07,1.8307398789471015e-07,2.7836794217364914e-07,4.127652334875804e-05,0.8912750283326858,6,highpass
1.161487533981517e-07,4.7602435787672984e-07,1.854115238292428e-07,2.7836794217364914e-07,4.127652334875804e-05,0.8908597016737122,6,highpass
2.436618403043535e-07,4.7602435787672984e-07,1.854115238292428e-07,2.7836794217364914e-07,4.127652334875804e-05,0.6827793740761909,6,highpass
1.161487533981517e-07,4.7602435787672984e-07,1.854115238292428e-07,2.7836794217364914e-07,4.127652334875804e-05,0.8908597016737122,6,highpass
1.161487533981517e-07,4.7602435787672984e-07,1.7039915690312135e-07,2.7836794217364914e-07,4.127652334875804e-05,0.890877706803283,6,highpass
1.161487533981517e-07,4.7602435787672984e-07,1.8307398789471015e-07,2.7836794217364914e-07,9.489358087546367e-06,0.8915117981696131,6,highpass
1.161487533981517e-07,4.662433186267081e-07,1.854115238292428e-07,2.7836794217364914e-07,4.127652334875804e-05,0.892492695545882,7,highpass
1.161487533981517e-07,4.662433186267081e-07,1.854115238292428e-07,2.7836794217364914e-07,4.078917877407729e-05,0.8885705010850915,7,highpass
1.161487533981517e-07,4.662433186267081e-07,1.854115238292428e-07,2.7836794217364914e-07,9.489358087546367e-06,0.8909175805155459,7,highpass
1.161487533981517e-07,4.7602435787672984e-07,1.8307398789471015e-07,2.7836794217364914e-07,9.489358087546367e-06,0.8915117981696131,7,highpass
1.161487533981517e-07,4.662433186267081e-07,1.854115238292428e-07,2.7836794217364914e-07,4.127652334875804e-05,0.892492695545882,7,highpass
1.161487533981517e-07,4.7602435787672984e-07,1.8307398789471015e-07,2.7836794217364914e-07,4.092721793503045e-05,0.890954341721845,7,highpass
1.161487533981517e-07,4.7602435787672984e-07,1.8307398789471015e-07,2.7836794217364914e-07,9.489358087546367e-06,0.8915117981696131,7,highpass
1.161487533981517e-07,4.7602435787672984e-07,1.854115238292428e-07,2.7836794217364914e-07,4.127652334875804e-05,0.8908597016737122,7,highpass
1.161487533981517e-07,4.7602435787672984e-07,1.7039915690312135e-07,2.7836794217364914e-07,4.127652334875804e-05,0.890877706803283,7,highpass
1.161487533981517e-07,4.7602435787672984e-07,1.854115238292428e-07,2.7836794217364914e-07,4.127652334875804e-05,0.8908597016737122,7,highpass
1.161487533981517e-07,4.7602435787672984e-07,1.8307398789471015e-07,2.7836794217364914e-07,9.489358087546367e-06,0.8915117981696131,7,highpass
1.161487533981517e-07,4.662433186267081e-07,1.854115238292428e-07,2.7836794217364914e-07,4.127652334875804e-05,0.892492695545882,7,highpass
1.161487533981517e-07,4.7602435787672984e-07,1.7039915690312135e-07,2.7836794217364914e-07,4.127652334875804e-05,0.890877706803283,7,highpass
1.161487533981517e-07,4.7602435787672984e-07,1.854115238292428e-07,2.7836794217364914e-07,4.127652334875804e-05,0.8908597016737122,7,highpass
1.161487533981517e-07,4.7602435787672984e-07,1.0682452330147764e-07,2.7836794217364914e-07,9.489358087546367e-06,0.8289263738542236,7,highpass
1.161487533981517e-07,4.7602435787672984e-07,1.8307398789471015e-07,2.7836794217364914e-07,4.127652334875804e-05,0.8912381677807553,7,highpass
1.161487533981517e-07,4.7602435787672984e-07,1.8307398789471015e-07,2.7836794217364914e-07,4.127652334875804e-05,0.8912381677807553,7,highpass
1.161487533981517e-07,4.7602435787672984e-07,1.8307398789471015e-07,2.7836794217364914e-07,4.127652334875804e-05,0.8912381677807553,7,highpass
1.161487533981517e-07,4.7602435787672984e-07,1.8307398789471015e-07,2.7836794217364914e-07,4.127652334875804e-05,0.8912381677807553,7,highpass
1.161487533981517e-07,4.7602435787672984e-07,1.8307398789471015e-07,2.7836794217364914e-07,9.489358087546367e-06,0.8915117981696131,7,highpass
1.161487533981517e-07,4.7602435787672984e-07,1.854115238292428e-07,2.7836794217364914e-07,4.127652334875804e-05,0.8908597016737122,7,highpass
1.161487533981517e-07,4.7602435787672984e-07,1.8307398789471015e-07,2.7836794217364914e-07,9.489358087546367e-06,0.8915117981696131,7,highpass
1.161487533981517e-07,4.7602435787672984e-07,1.854115238292428e-07,2.7836794217364914e-07,4.127652334875804e-05,0.8908597016737122,7,highpass
1.161487533981517e-07,4.7602435787672984e-07,1.8307398789471015e-07,2.7836794217364914e-07,9.489358087546367e-06,0.8915117981696131,7,highpass
1.161487533981517e-07,4.7602435787672984e-07,1.8307398789471015e-07,2.7836794217364914e-07,4.127652334875804e-05,0.8912381677807553,7,highpass
1.161487533981517e-07,4.7602435787672984e-07,1.854115238292428e-07,2.7836794217364914e-07,4.127652334875804e-05,0.8908597016737122,7,highpass
1.161487533981517e-07,4.676510222663054e-07,1.8307398789471015e-07,2.7836794217364914e-07,9.489358087546367e-06,0.8922718318639986,7,highpass
1.161487533981517e-07,4.7602435787672984e-07,1.8307398789471015e-07,2.7836794217364914e-07,4.127652334875804e-05,0.8912381677807553,7,highpass
1.161487533981517e-07,4.7602435787672984e-07,1.8307398789471015e-07,2.7836794217364914e-07,9.489358087546367e-06,0.8915117981696131,7,highpass
1.161487533981517e-07,4.7602435787672984e-07,1.8307398789471015e-07,2.7836794217364914e-07,9.489358087546367e-06,0.8915117981696131,7,highpass
1.161487533981517e-07,4.7602435787672984e-07,1.8307398789471015e-07,2.7836794217364914e-07,9.489358087546367e-06,0.8915117981696131,7,highpass
1.161487533981517e-07,4.7602435787672984e-07,1.7039915690312135e-07,2.7836794217364914e-07,4.127652334875804e-05,0.890877706803283,7,highpass
1.161487533981517e-07,4.7602435787672984e-07,1.8799339463959917e-07,2.7836794217364914e-07,9.489358087546367e-06,0.8901494784002528,7,highpass
1.161487533981517e-07,4.662433186267081e-07,1.8307398789471015e-07,2.7836794217364914e-07,4.127652334875804e-05,0.8917823223999347,7,highpass
1.161487533981517e-07,4.7602435787672984e-07,1.8307398789471015e-07,2.7836794217364914e-07,1.042272799141544e-05,0.886284724341973,7,highpass
1.161487533981517e-07,4.7602435787672984e-07,1.8307398789471015e-07,2.7836794217364914e-07,4.127652334875804e-05,0.8912381677807553,7,highpass
1.161487533981517e-07,4.7602435787672984e-07,1.8307398789471015e-07,2.7836794217364914e-07,9.489358087546367e-06,0.8915117981696131,7,highpass
1.161487533981517e-07,4.662433186267081e-07,2.3831835942881811e-07,2.7836794217364914e-07,9.489358087546367e-06,0.8435030633495915,7,highpass
2.3708751171376003e-07,4.7602435787672984e-07,1.854115238292428e-07,2.7836794217364914e-07,4.127652334875804e-05,0.6901365464463037,7,highpass
1.161487533981517e-07,4.7602435787672984e-07,1.8307398789471015e-07,2.777263561019504e-07,4.127652334875804e-05,0.8912381677807553,7,highpass
1.161487533981517e-07,4.662433186267081e-07,1.854115238292428e-07,2.7836794217364914e-07,4.127652334875804e-05,0.892492695545882,8,highpass
1.161487533981517e-07,4.662433186267081e-07,1.8307398789471015e-07,2.7836794217364914e-07,4.127652334875804e-05,0.8917823223999347,8,highpass
1.161487533981517e-07,4.676510222663054e-07,1.8307398789471015e-07,2.7836794217364914e-07,4.127652334875804e-05,0.8919241001028007,8,highpass
1.161487533981517e-07,4.662433186267081e-07,1.854115238292428e-07,2.7836794217364914e-07,4.127652334875804e-05,0.892492695545882,8,highpass
1.161487533981517e-07,4.7602435787672984e-07,1.8307398789471015e-07,2.1472280228348568e-07,9.489358087546367e-06,0.8845671673724388,8,highpass
1.161487533981517e-07,4.7602435787672984e-07,1.8307398789471015e-07,2.7836794217364914e-07,9.489358087546367e-06,0.8915117981696131,8,highpass
1.161487533981517e-07,4.881224736125798e-07,1.8307398789471015e-07,2.7836794217364914e-07,9.489358087546367e-06,0.8875137393520447,8,highpass
1.161487533981517e-07,4.7602435787672984e-07,1.8307398789471015e-07,2.777263561019504e-07,4.127652334875804e-05,0.8912750283326858,8,highpass
1.161487533981517e-07,4.662433186267081e-07,1.854115238292428e-07,2.7836794217364914e-07,4.127652334875804e-05,0.892492695545882,8,highpass
1.161487533981517e-07,4.662433186267081e-07,1.854115238292428e-07,2.7836794217364914e-07,4.127652334875804e-05,0.892492695545882,8,highpass
1.161487533981517e-07,4.662433186267081e-07,1.8307398789471015e-07,2.7836794217364914e-07,4.127652334875804e-05,0.8917823223999347,8,highpass
1.1793677520669765e-07,4.7602435787672984e-07,1.8307398789471015e-07,2.7836794217364914e-07,9.489358087546367e-06,0.8894782971366867,8,highpass
1.161487533981517e-07,4.662433186267081e-07,1.854115238292428e-07,2.7836794217364914e-07,9.489358087546367e-06,0.8909175805155459,8,highpass
1.161487533981517e-07,4.662433186267081e-07,1.854115238292428e-07,2.8251853738491094e-07,4.127652334875804e-05,0.8927561724866969,8,highpass
1.161487533981517e-07,4.7602435787672984e-07,1.8307398789471015e-07,2.7836794217364914e-07,9.489358087546367e-06,0.8915117981696131,8,highpass
1.161487533981517e-07,4.7602435787672984e-07,1.8307398789471015e-07,2.7836794217364914e-07,4.127652334875804e-05,0.8912750283326858,8,highpass
1.161487533981517e-07,4.662433186267081e-07,1.8307398789471015e-07,2.7836794217364914e-07,9.489358087546367e-06,0.8921933387727244,8,highpass
1.161487533981517e-07,4.7602435787672984e-07,1.8307398789471015e-07,2.7836794217364914e-07,9.489358087546367e-06,0.8915117981696131,8,highpass
1.161487533981517e-07,4.7602435787672984e-07,1.8307398789471015e-07,2.7836794217364914e-07,9.489358087546367e-06,0.8915117981696131,8,highpass
1.161487533981517e-07,4.662433186267081e-07,1.854115238292428e-07,2.7836794217364914e-07,4.127652334875804e-05,0.892492695545882,8,highpass
1.161487533981517e-07,4.662433186267081e-07,1.7673034043932082e-07,2.7836794217364914e-07,4.127652334875804e-05,0.8931862652769975,8,highpass
2.263635161538986e-07,4.7602435787672984e-07,1.8307398789471015e-07,2.7836794217364914e-07,9.489358087546367e-06,0.7279646845176831,8,highpass
1.161487533981517e-07,4.662433186267081e-07,1.8307398789471015e-07,2.268999737455198e-07,4.127652334875804e-05,0.8804622688764684,8,highpass
1.161487533981517e-07,4.7602435787672984e-07,1.8307398789471015e-07,2.7836794217364914e-07,9.489358087546367e-06,0.8915117981696131,8,highpass
1.161487533981517e-07,5.906484063249444e-07,1.8307398789471015e-07,2.7836794217364914e-07,4.127652334875804e-05,0.8510622334053796,8,highpass
1.161487533981517e-07,4.662433186267081e-07,1.854115238292428e-07,2.7836794217364914e-07,9.489358087546367e-06,0.8909175805155459,8,highpass
1.161487533981517e-07,4.7602435787672984e-07,1.7505723807512845e-07,2.7836794217364914e-07,4.127652334875804e-05,0.8918888273128395,8,highpass
1.161487533981517e-07,4.7602435787672984e-07,1.2305676240093428e-07,2.7836794217364914e-07,9.489358087546367e-06,0.851468820108936,8,highpass
1.161487533981517e-07,4.676510222663054e-07,1.854115238292428e-07,2.7836794217364914e-07,4.127652334875804e-05,0.8928938879092907,8,highpass
1.161487533981517e-07,4.7602435787672984e-07,1.8307398789471015e-07,2.7836794217364914e-07,4.127652334875804e-05,0.8912750283326858,8,highpass
1.161487533981517e-07,4.6961839290151647e-07,1.854115238292428e-07,2.7836794217364914e-07,4.127652334875804e-05,0.8932033868531917,8,highpass
1.161487533981517e-07,4.7602435787672984e-07,1.8307398789471015e-07,2.7836794217364914e-07,4.127652334875804e-05,0.8912750283326858,8,highpass
1.161487533981517e-07,4.662433186267081e-07,1.854115238292428e-07,2.7836794217364914e-07,1.1240835018182506e-05,0.8916574227906686,8,highpass
1.161487533981517e-07,4.718683761744608e-07,1.854115238292428e-07,2.7836794217364914e-07,9.489358087546367e-06,0.8917988236487843,8,highpass
1.161487533981517e-07,4.7602435787672984e-07,1.8307398789471015e-07,2.7836794217364914e-07,4.127652334875804e-05,0.8912750283326858,8,highpass
1.161487533981517e-07,4.662433186267081e-07,1.8307398789471015e-07,2.7836794217364914e-07,9.489358087546367e-06,0.8921933387727244,8,highpass
1.161487533981517e-07,4.662433186267081e-07,1.854115238292428e-07,2.7836794217364914e-07,4.127652334875804e-05,0.892492695545882,8,highpass
1.161487533981517e-07,4.7602435787672984e-07,1.8307398789471015e-07,2.7836794217364914e-07,4.127652334875804e-05,0.8912750283326858,8,highpass
1.161487533981517e-07,4.662433186267081e-07,1.854115238292428e-07,2.7836794217364914e-07,9.489358087546367e-06,0.8909175805155459,8,highpass
1.161487533981517e-07,4.7602435787672984e-07,1.8307398789471015e-07,2.7836794217364914e-07,9.489358087546367e-06,0.8915117981696131,8,highpass
1.161487533981517e-07,4.6961839290151647e-07,1.854115238292428e-07,2.7836794217364914e-07,4.127652334875804e-05,0.8932033868531917,9,highpass
1.161487533981517e-07,4.662433186267081e-07,1.854115238292428e-07,2.7836794217364914e-07,4.127652334875804e-05,0.892492695545882,9,highpass
1.161487533981517e-07,4.662433186267081e-07,1.7673034043932082e-07,2.7836794217364914e-07,4.127652334875804e-05,0.8931862652769975,9,highpass
1.161487533981517e-07,4.662433186267081e-07,1.8307398789471015e-07,2.7836794217364914e-07,4.127652334875804e-05,0.8917823223999347,9,highpass
1.161487533981517e-07,4.676510222663054e-07,1.854115238292428e-07,2.7836794217364914e-07,4.127652334875804e-05,0.8928938879092907,9,highpass
1.161487533981517e-07,4.662433186267081e-07,1.854115238292428e-07,2.8251853738491094e-07,4.127652334875804e-05,0.8927561724866969,9,highpass
1.0735610981516596e-07,4.7602435787672984e-07,1.7673034043932082e-07,2.7836794217364914e-07,4.127652334875804e-05,0.892951797681711,9,highpass
1.161487533981517e-07,4.662433186267081e-07,1.854115238292428e-07,2.667673793227037e-07,4.127652334875804e-05,0.8893889808276098,9,highpass
1.161487533981517e-07,4.662433186267081e-07,1.854115238292428e-07,2.7836794217364914e-07,4.127652334875804e-05,0.892492695545882,9,highpass
1.161487533981517e-07,4.662433186267081e-07,1.854115238292428e-07,2.897116909906725e-07,4.127652334875804e-05,0.8922460080849959,9,highpass
1.161487533981517e-07,4.662433186267081e-07,1.854115238292428e-07,2.7836794217364914e-07,4.127652334875804e-05,0.892492695545882,9,highpass
1.161487533981517e-07,4.662433186267081e-07,1.854115238292428e-07,2.7836794217364914e-07,4.127652334875804e-05,0.892492695545882,9,highpass
1.161487533981517e-07,4.662433186267081e-07,1.854115238292428e-07,2.7836794217364914e-07,4.127652334875804e-05,0.892492695545882,9,highpass
1.161487533981517e-07,4.662433186267081e-07,1.854115238292428e-07,2.7836794217364914e-07,4.127652334875804e-05,0.892492695545882,9,highpass
1.161487533981517e-07,4.676510222663054e-07,1.854115238292428e-07,2.7836794217364914e-07,4.127652334875804e-05,0.8928938879092907,9,highpass
1.161487533981517e-07,4.662433186267081e-07,1.854115238292428e-07,2.7836794217364914e-07,4.127652334875804e-05,0.892492695545882,9,highpass
1.161487533981517e-07,4.662433186267081e-07,1.854115238292428e-07,2.7836794217364914e-07,4.127652334875804e-05,0.892492695545882,9,highpass
1.161487533981517e-07,4.662433186267081e-07,1.854115238292428e-07,2.7836794217364914e-07,4.127652334875804e-05,0.892492695545882,9,highpass
1.161487533981517e-07,4.662433186267081e-07,1.8307398789471015e-07,2.7836794217364914e-07,9.489358087546367e-06,0.8921933387727244,9,highpass
1.161487533981517e-07,4.662433186267081e-07,1.854115238292428e-07,2.7836794217364914e-07,9.489358087546367e-06,0.8909175805155459,9,highpass
1.161487533981517e-07,4.662433186267081e-07,1.854115238292428e-07,2.7836794217364914e-07,1.1240835018182506e-05,0.8916574227906686,9,highpass
1.161487533981517e-07,4.662433186267081e-07,1.854115238292428e-07,2.7836794217364914e-07,4.127652334875804e-05,0.892492695545882,9,highpass
1.161487533981517e-07,4.662433186267081e-07,1.854115238292428e-07,2.7836794217364914e-07,4.127652334875804e-05,0.892492695545882,9,highpass
1.161487533981517e-07,4.662433186267081e-07,1.7673034043932082e-07,2.7836794217364914e-07,4.127652334875804e-05,0.8931862652769975,9,highpass
1.161487533981517e-07,4.662433186267081e-07,1.854115238292428e-07,2.7836794217364914e-07,4.127652334875804e-05,0.892492695545882,9,highpass
1.161487533981517e-07,4.662433186267081e-07,1.854115238292428e-07,2.7836794217364914e-07,4.127652334875804e-05,0.892492695545882,9,highpass
1.161487533981517e-07,4.662433186267081e-07,1.854115238292428e-07,2.7836794217364914e-07,4.127652334875804e-05,0.892492695545882,9,highpass
1.161487533981517e-07,4.662433186267081e-07,1.854115238292428e-07,2.7836794217364914e-07,4.127652334875804e-05,0.892492695545882,9,highpass
1.161487533981517e-07,4.662433186267081e-07,1.854115238292428e-07,2.7836794217364914e-07,4.127652334875804e-05,0.892492695545882,9,highpass
1.161487533981517e-07,4.676510222663054e-07,1.854115238292428e-07,2.7836794217364914e-07,4.253254729288102e-05,0.8926974045846573,9,highpass
1.161487533981517e-07,4.662433186267081e-07,1.854115238292428e-07,2.7836794217364914e-07,4.127652334875804e-05,0.892492695545882,9,highpass
1.161487533981517e-07,4.676510222663054e-07,1.854115238292428e-07,2.7836794217364914e-07,4.127652334875804e-05,0.8928938879092907,9,highpass
1.161487533981517e-07,4.676510222663054e-07,1.854115238292428e-07,2.7836794217364914e-07,4.127652334875804e-05,0.8928938879092907,9,highpass
1.161487533981517e-07,4.6961839290151647e-07,1.854115238292428e-07,2.7836794217364914e-07,4.127652334875804e-05,0.8932033868531917,9,highpass
1.161487533981517e-07,4.662433186267081e-07,1.8307398789471015e-07,2.7836794217364914e-07,9.489358087546367e-06,0.8921933387727244,9,highpass
1.161487533981517e-07,4.662433186267081e-07,1.854115238292428e-07,2.7836794217364914e-07,4.127652334875804e-05,0.892492695545882,9,highpass
1.161487533981517e-07,4.662433186267081e-07,1.7673034043932082e-07,2.7836794217364914e-07,4.127652334875804e-05,0.8931862652769975,9,highpass
1.161487533981517e-07,4.676510222663054e-07,1.8307398789471015e-07,2.7836794217364914e-07,4.127652334875804e-05,0.8919241001028007,9,highpass
1.161487533981517e-07,4.662433186267081e-07,1.854115238292428e-07,2.7836794217364914e-07,9.489358087546367e-06,0.8909175805155459,9,highpass
1.161487533981517e-07,4.662433186267081e-07,1.7673034043932082e-07,2.7836794217364914e-07,4.127652334875804e-05,0.8931862652769975,9,highpass
1.161487533981517e-07,4.6961839290151647e-07,1.854115238292428e-07,2.7836794217364914e-07,4.127652334875804e-05,0.8932033868531917,10,highpass
1.161487533981517e-07,4.676510222663054e-07,1.854115238292428e-07,2.7836794217364914e-07,4.127652334875804e-05,0.8928938879092907,10,highpass
1.161487533981517e-07,4.6961839290151647e-07,1.854115238292428e-07,2.7836794217364914e-07,4.127652334875804e-05,0.8932033868531917,10,highpass
1.161487533981517e-07,4.990750586493505e-07,1.854115238292428e-07,2.7836794217364914e-07,4.127652334875804e-05,0.8856801715430234,10,highpass
1.161487533981517e-07,4.662433186267081e-07,1.7673034043932082e-07,2.7836794217364914e-07,4.127652334875804e-05,0.8931862652769975,10,highpass
1.161487533981517e-07,4.662433186267081e-07,1.7673034043932082e-07,2.7836794217364914e-07,4.127652334875804e-05,0.8931862652769975,10,highpass
1.161487533981517e-07,4.662433186267081e-07,1.7673034043932082e-07,2.7836794217364914e-07,4.127652334875804e-05,0.8931862652769975,10,highpass
1.161487533981517e-07,4.676510222663054e-07,1.854115238292428e-07,2.7836794217364914e-07,4.127652334875804e-05,0.8928938879092907,10,highpass
1.161487533981517e-07,4.6961839290151647e-07,1.7673034043932082e-07,2.7836794217364914e-07,4.127652334875804e-05,0.8933162408494727,10,highpass
1.161487533981517e-07,4.662433186267081e-07,1.854115238292428e-07,2.7836794217364914e-07,4.127652334875804e-05,0.892492695545882,10,highpass
1.161487533981517e-07,4.6961839290151647e-07,1.854115238292428e-07,2.7836794217364914e-07,4.127652334875804e-05,0.8932033868531917,10,highpass
1.161487533981517e-07,4.6961839290151647e-07,1.854115238292428e-07,2.7836794217364914e-07,4.127652334875804e-05,0.8932033868531917,10,highpass
1.161487533981517e-07,4.6961839290151647e-07,1.854115238292428e-07,2.7836794217364914e-07,4.127652334875804e-05,0.8932033868531917,10,highpass
1.161487533981517e-07,4.662433186267081e-07,1.7673034043932082e-07,2.7836794217364914e-07,4.127652334875804e-05,0.8931862652769975,10,highpass
1.161487533981517e-07,4.676510222663054e-07,1.854115238292428e-07,2.7836794217364914e-07,4.127652334875804e-05,0.8928938879092907,10,highpass
1.161487533981517e-07,4.6961839290151647e-07,1.854115238292428e-07,2.7836794217364914e-07,4.127652334875804e-05,0.8932033868531917,10,highpass
1.161487533981517e-07,4.662433186267081e-07,1.6597090204426132e-07,2.7836794217364914e-07,4.127652334875804e-05,0.8854655771592628,10,highpass
1.161487533981517e-07,4.676510222663054e-07,1.854115238292428e-07,2.7836794217364914e-07,4.862518566223081e-05,0.8928026324611629,10,highpass
1.161487533981517e-07,4.662433186267081e-07,1.854115238292428e-07,2.7836794217364914e-07,1.8067149735644777e-05,0.8885351189893838,10,highpass
1.161487533981517e-07,4.662433186267081e-07,1.8650053844506354e-07,2.7836794217364914e-07,4.127652334875804e-05,0.8859041215265131,10,highpass
1.161487533981517e-07,4.662433186267081e-07,1.7673034043932082e-07,2.7836794217364914e-07,4.127652334875804e-05,0.8931862652769975,10,highpass
1.161487533981517e-07,4.662433186267081e-07,1.7673034043932082e-07,2.7836794217364914e-07,3.612706017412469e-05,0.8930573704121556,10,highpass
1.0735610981516596e-07,4.7602435787672984e-07,1.854115238292428e-07,2.7836794217364914e-07,4.127652334875804e-05,0.8901714802663112,10,highpass
1.161487533981517e-07,4.662433186267081e-07,1.7673034043932082e-07,2.7836794217364914e-07,4.253254729288102e-05,0.8924440486756063,10,highpass
1.161487533981517e-07,4.662433186267081e-07,1.7673034043932082e-07,2.7836794217364914e-07,4.127652334875804e-05,0.8931862652769975,10,highpass
1.161487533981517e-07,4.676510222663054e-07,1.854115238292428e-07,2.7836794217364914e-07,4.127652334875804e-05,0.8928938879092907,10,highpass
1.1514752489759221e-07,4.662433186267081e-07,1.7673034043932082e-07,2.7836794217364914e-07,4.127652334875804e-05,0.8923275091260432,10,highpass
1.161487533981517e-07,4.662433186267081e-07,1.7443804316536464e-07,2.7836794217364914e-07,4.127652334875804e-05,0.8910153461157516,10,highpass
1.161487533981517e-07,4.662433186267081e-07,1.7673034043932082e-07,2.7836794217364914e-07,4.127652334875804e-05,0.8931862652769975,10,highpass
1.161487533981517e-07,4.676510222663054e-07,1.854115238292428e-07,2.7836794217364914e-07,4.127652334875804e-05,0.8928938879092907,10,highpass
1.161487533981517e-07,4.662433186267081e-07,1.7673034043932082e-07,2.7836794217364914e-07,4.127652334875804e-05,0.8931862652769975,10,highpass
1.161487533981517e-07,4.6961839290151647e-07,1.854115238292428e-07,2.7836794217364914e-07,4.127652334875804e-05,0.8932033868531917,10,highpass
1.161487533981517e-07,4.662433186267081e-07,1.7673034043932082e-07,2.7836794217364914e-07,4.127652334875804e-05,0.8931862652769975,10,highpass
1.161487533981517e-07,4.662433186267081e-07,1.7673034043932082e-07,2.7836794217364914e-07,4.127652334875804e-05,0.8931862652769975,10,highpass
1.161487533981517e-07,4.676510222663054e-07,1.7673034043932082e-07,2.7836794217364914e-07,4.127652334875804e-05,0.8932819005279875,10,highpass
1.161487533981517e-07,4.662433186267081e-07,1.7673034043932082e-07,2.7836794217364914e-07,4.127652334875804e-05,0.8931862652769975,10,highpass
1.161487533981517e-07,4.6961839290151647e-07,1.854115238292428e-07,2.7836794217364914e-07,4.127652334875804e-05,0.8932033868531917,10,highpass
1.161487533981517e-07,4.676510222663054e-07,1.854115238292428e-07,2.7836794217364914e-07,2.5809247484371734e-05,0.8927998407674246,10,highpass
1.161487533981517e-07,4.662433186267081e-07,1.7673034043932082e-07,2.7836794217364914e-07,4.253254729288102e-05,0.8924440486756063,10,highpass
1.161487533981517e-07,4.662433186267081e-07,1.7673034043932082e-07,2.7836794217364914e-07,4.127652334875804e-05,0.8931862652769975,10,highpass
1.161487533981517e-07,4.6961839290151647e-07,1.7673034043932082e-07,2.7836794217364914e-07,4.127652334875804e-05,0.8933162408494727,11,highpass
1.161487533981517e-07,4.71511554931036e-07,1.854115238292428e-07,2.7836794217364914e-07,2.5809247484371734e-05,0.8930530752218756,11,highpass
1.161487533981517e-07,4.6961839290151647e-07,1.7673034043932082e-07,2.7836794217364914e-07,4.332065076941979e-05,0.8935467788792085,11,highpass
1.161487533981517e-07,4.662433186267081e-07,1.7673034043932082e-07,2.7836794217364914e-07,4.127652334875804e-05,0.8931862652769975,11,highpass
1.161487533981517e-07,4.6961839290151647e-07,1.8053614033135948e-07,2.7836794217364914e-07,4.127652334875804e-05,0.8929255925117601,11,highpass
1.161487533981517e-07,4.6961839290151647e-07,1.7975873289078045e-07,2.7836794217364914e-07,4.127652334875804e-05,0.8930933121009683,11,highpass
1.161487533981517e-07,4.6961839290151647e-07,1.854115238292428e-07,2.7836794217364914e-07,4.127652334875804e-05,0.8932033868531917,11,highpass
1.161487533981517e-07,4.6961839290151647e-07,1.854115238292428e-07,2.7836794217364914e-07,4.127652334875804e-05,0.8932033868531917,11,highpass
1.161487533981517e-07,4.35692023446486e-07,1.854115238292428e-07,2.7836794217364914e-07,4.127652334875804e-05,0.8880129838778705,11,highpass
1.161487533981517e-07,4.662433186267081e-07,1.7673034043932082e-07,2.7836794217364914e-07,4.127652334875804e-05,0.8931862652769975,11,highpass
1.161487533981517e-07,4.662433186267081e-07,1.7931458058861212e-07,2.7836794217364914e-07,4.127652334875804e-05,0.8878819263675911,11,highpass
1.161487533981517e-07,4.676510222663054e-07,1.7673034043932082e-07,2.7836794217364914e-07,4.127652334875804e-05,0.8932819005279875,11,highpass
1.161487533981517e-07,4.6961839290151647e-07,1.854115238292428e-07,2.7836794217364914e-07,4.127652334875804e-05,0.8932033868531917,11,highpass
1.161487533981517e-07,4.6961839290151647e-07,1.854115238292428e-07,2.7836794217364914e-07,4.127652334875804e-05,0.8932033868531917,11,highpass
1.161487533981517e-07,4.676510222663054e-07,1.854115238292428e-07,2.7836794217364914e-07,4.127652334875804e-05,0.8929251396222453,11,highpass
1.2252777316152063e-07,4.6961839290151647e-07,1.7673034043932082e-07,2.7836794217364914e-07,4.127652334875804e-05,0.8905079131284137,11,highpass
1.161487533981517e-07,4.6961839290151647e-07,1.854115238292428e-07,2.7836794217364914e-07,4.127652334875804e-05,0.8932033868531917,11,highpass
1.161487533981517e-07,4.677624117312981e-07,1.854115238292428e-07,2.7836794217364914e-07,4.127652334875804e-05,0.8929251396222453,11,highpass
1.161487533981517e-07,4.6961839290151647e-07,1.854115238292428e-07,2.7836794217364914e-07,4.127652334875804e-05,0.8932033868531917,11,highpass
1.161487533981517e-07,4.662433186267081e-07,1.7673034043932082e-07,2.7836794217364914e-07,4.127652334875804e-05,0.8931862652769975,11,highpass
1.161487533981517e-07,4.6961839290151647e-07,1.854115238292428e-07,2.7836794217364914e-07,4.127652334875804e-05,0.8932033868531917,11,highpass
1.161487533981517e-07,4.6961839290151647e-07,1.854115238292428e-07,2.7836794217364914e-07,4.127652334875804e-05,0.8932033868531917,11,highpass
1.161487533981517e-07,4.6961839290151647e-07,1.854115238292428e-07,2.7836794217364914e-07,4.127652334875804e-05,0.8932033868531917,11,highpass
1.161487533981517e-07,4.6961839290151647e-07,1.854115238292428e-07,2.7836794217364914e-07,4.127652334875804e-05,0.8932033868531917,11,highpass
1.161487533981517e-07,4.6961839290151647e-07,1.6190843871334986e-07,2.7836794217364914e-07,4.127652334875804e-05,0.8823867244298838,11,highpass
1.161487533981517e-07,4.676510222663054e-07,1.7673034043932082e-07,2.7836794217364914e-07,4.127652334875804e-05,0.8932819005279875,11,highpass
1.161487533981517e-07,4.6961839290151647e-07,1.7673034043932082e-07,2.7836794217364914e-07,4.127652334875804e-05,0.8933162408494727,11,highpass
1.161487533981517e-07,4.6961839290151647e-07,1.854115238292428e-07,2.7836794217364914e-07,4.127652334875804e-05,0.8932033868531917,11,highpass
1.161487533981517e-07,4.6961839290151647e-07,1.854115238292428e-07,2.7836794217364914e-07,4.127652334875804e-05,0.8932033868531917,11,highpass
1.161487533981517e-07,4.6961839290151647e-07,1.854115238292428e-07,2.7836794217364914e-07,4.127652334875804e-05,0.8932033868531917,11,highpass
1.161487533981517e-07,4.6961839290151647e-07,1.7673034043932082e-07,2.7836794217364914e-07,4.127652334875804e-05,0.8933162408494727,11,highpass
1.161487533981517e-07,4.676510222663054e-07,1.7673034043932082e-07,2.7836794217364914e-07,4.127652334875804e-05,0.8932819005279875,11,highpass
1.161487533981517e-07,4.6961839290151647e-07,1.854115238292428e-07,2.7836794217364914e-07,4.127652334875804e-05,0.8932033868531917,11,highpass
1.161487533981517e-07,4.6961839290151647e-07,1.854115238292428e-07,2.7836794217364914e-07,4.127652334875804e-05,0.8932033868531917,11,highpass
1.161487533981517e-07,4.6961839290151647e-07,1.854115238292428e-07,2.7836794217364914e-07,4.325305140413169e-05,0.8888923059797827,11,highpass
1.161487533981517e-07,4.6961839290151647e-07,1.854115238292428e-07,2.7836794217364914e-07,4.127652334875804e-05,0.8932033868531917,11,highpass
1.161487533981517e-07,4.662433186267081e-07,1.7673034043932082e-07,2.7836794217364914e-07,4.2886764524005914e-05,0.8934425320937597,11,highpass
1.161487533981517e-07,4.6961839290151647e-07,1.854115238292428e-07,2.7836794217364914e-07,4.127652334875804e-05,0.8932033868531917,11,highpass
1.161487533981517e-07,4.7596398220447383e-07,1.7673034043932082e-07,2.7836794217364914e-07,4.127652334875804e-05,0.893033887731591,11,highpass
1.161487533981517e-07,4.6961839290151647e-07,1.854115238292428e-07,2.7836794217364914e-07,4.127652334875804e-05,0.8932033868531917,11,highpass
1.161487533981517e-07,4.6961839290151647e-07,1.7673034043932082e-07,2.7836794217364914e-07,4.332065076941979e-05,0.8935467788792085,12,highpass
1.161487533981517e-07,4.6961839290151647e-07,1.8619155001201335e-07,2.7836794217364914e-07,4.127652334875804e-05,0.8864147747010296,12,highpass
1.161487533981517e-07,4.6961839290151647e-07,1.7673034043932082e-07,2.7836794217364914e-07,4.127652334875804e-05,0.8933162408494727,12,highpass
1.161487533981517e-07,4.6961839290151647e-07,1.854115238292428e-07,2.7836794217364914e-07,4.127652334875804e-05,0.8932033868531917,12,highpass
1.161487533981517e-07,4.6961839290151647e-07,1.7673034043932082e-07,2.7836794217364914e-07,4.127652334875804e-05,0.8933162408494727,12,highpass
1.161487533981517e-07,4.6961839290151647e-07,1.854115238292428e-07,2.7836794217364914e-07,4.2886764524005914e-05,0.8880382791459305,12,highpass
1.161487533981517e-07,4.6961839290151647e-07,1.7673034043932082e-07,2.7836794217364914e-07,4.332065076941979e-05,0.8935467788792085,12,highpass
1.161487533981517e-07,4.676510222663054e-07,1.854115238292428e-07,2.7836794217364914e-07,4.127652334875804e-05,0.8928938879092907,12,highpass
1.161487533981517e-07,4.6961839290151647e-07,1.7673034043932082e-07,2.7836794217364914e-07,4.2886764524005914e-05,0.8933454205973946,12,highpass
1.161487533981517e-07,4.676510222663054e-07,1.7673034043932082e-07,2.7836794217364914e-07,4.127652334875804e-05,0.8932819005279875,12,highpass
1.161487533981517e-07,4.6961839290151647e-07,1.7673034043932082e-07,2.7836794217364914e-07,4.127652334875804e-05,0.8933162408494727,12,highpass
1.161487533981517e-07,4.676510222663054e-07,1.7673034043932082e-07,2.7836794217364914e-07,4.127652334875804e-05,0.8932819005279875,12,highpass
1.161487533981517e-07,4.6961839290151647e-07,1.854115238292428e-07,2.7836794217364914e-07,4.127652334875804e-05,0.8932033868531917,12,highpass
1.161487533981517e-07,4.6961839290151647e-07,1.854115238292428e-07,2.7836794217364914e-07,4.332065076941979e-05,0.8883191286301044,12,highpass
1.161487533981517e-07,4.676510222663054e-07,1.7673034043932082e-07,2.7836794217364914e-07,4.127652334875804e-05,0.8932819005279875,12,highpass
1.161487533981517e-07,4.6961839290151647e-07,1.7673034043932082e-07,2.7836794217364914e-07,4.127652334875804e-05,0.8933162408494727,12,highpass
1.161487533981517e-07,4.6961839290151647e-07,1.854115238292428e-07,2.7836794217364914e-07,4.127652334875804e-05,0.8932033868531917,12,highpass
1.161487533981517e-07,4.6961839290151647e-07,1.8759785347946579e-07,2.7836794217364914e-07,4.2886764524005914e-05,0.887399721823743,12,highpass
1.161487533981517e-07,4.6961839290151647e-07,1.7673034043932082e-07,2.7836794217364914e-07,4.127652334875804e-05,0.8933162408494727,12,highpass
1.161487533981517e-07,4.6961839290151647e-07,1.854115238292428e-07,2.7836794217364914e-07,4.127652334875804e-05,0.8932033868531917,12,highpass
1.161487533981517e-07,4.6961839290151647e-07,1.7673034043932082e-07,2.7836794217364914e-07,4.332065076941979e-05,0.8935467788792085,12,highpass
2.4000697370683853e-07,4.662433186267081e-07,1.7673034043932082e-07,2.7836794217364914e-07,4.127652334875804e-05,0.7419919782437477,12,highpass
1.161487533981517e-07,4.6961839290151647e-07,1.7673034043932082e-07,2.7836794217364914e-07,4.127652334875804e-05,0.8933162408494727,12,highpass
1.161487533981517e-07,4.6961839290151647e-07,2.4164079558275444e-07,2.7836794217364914e-07,4.127652334875804e-05,0.7967050331776278,12,highpass
1.161487533981517e-07,4.676510222663054e-07,1.7673034043932082e-07,2.7836794217364914e-07,4.332065076941979e-05,0.8935332315959242,12,highpass
1.161487533981517e-07,4.6961839290151647e-07,1.854115238292428e-07,2.7836794217364914e-07,4.127652334875804e-05,0.8932033868531917,12,highpass
1.161487533981517e-07,4.6330553053380897e-07,1.7673034043932082e-07,2.7836794217364914e-07,4.127652334875804e-05,0.8928251183876634,12,highpass
1.161487533981517e-07,4.6961839290151647e-07,1.7673034043932082e-07,2.7836794217364914e-07,4.0279690664723274e-05,0.8927910282712056,12,highpass
1.161487533981517e-07,4.6961839290151647e-07,1.7673034043932082e-07,2.7836794217364914e-07,4.127652334875804e-05,0.8933162408494727,12,highpass
1.161487533981517e-07,4.6961839290151647e-07,1.854115238292428e-07,2.7836794217364914e-07,4.127652334875804e-05,0.8932033868531917,12,highpass
1.161487533981517e-07,4.662433186267081e-07,1.7673034043932082e-07,2.7836794217364914e-07,4.127652334875804e-05,0.8931862652769975,12,highpass
1.161487533981517e-07,4.662433186267081e-07,1.7673034043932082e-07,2.7836794217364914e-07,4.127652334875804e-05,0.8931862652769975,12,highpass
1.161487533981517e-07,4.6961839290151647e-07,1.7673034043932082e-07,2.7836794217364914e-07,4.127652334875804e-05,0.8933162408494727,12,highpass
1.161487533981517e-07,4.6961839290151647e-07,1.7673034043932082e-07,2.7836794217364914e-07,4.127652334875804e-05,0.8933162408494727,12,highpass
1.161487533981517e-07,4.6961839290151647e-07,1.854115238292428e-07,2.7836794217364914e-07,4.2886764524005914e-05,0.8880382791459305,12,highpass
1.161487533981517e-07,4.676510222663054e-07,1.9223666951482606e-07,2.7836794217364914e-07,4.127652334875804e-05,0.8855616621908516,12,highpass
1.161487533981517e-07,4.6961839290151647e-07,1.7673034043932082e-07,2.7836794217364914e-07,4.2886764524005914e-05,0.8933454205973946,12,highpass
1.161487533981517e-07,4.6961839290151647e-07,1.854115238292428e-07,2.7836794217364914e-07,4.127652334875804e-05,0.8932033868531917,12,highpass
1.161487533981517e-07,4.6961839290151647e-07,1.7673034043932082e-07,2.82080880767654e-07,4.2886764524005914e-05,0.8934619354371963,12,highpass
1.161487533981517e-07,4.6961839290151647e-07,1.854115238292428e-07,2.7836794217364914e-07,4.127652334875804e-05,0.8932033868531917,12,highpass
1.161487533981517e-07,4.6961839290151647e-07,1.7673034043932082e-07,2.7836794217364914e-07,4.332065076941979e-05,0.8935467788792085,13,highpass
1.161487533981517e-07,4.6961839290151647e-07,1.7673034043932082e-07,2.7836794217364914e-07,4.332065076941979e-05,0.8935467788792085,13,highpass
1.161487533981517e-07,4.6961839290151647e-07,1.7673034043932082e-07,2.7836794217364914e-07,4.332065076941979e-05,0.8935467788792085,13,highpass
1.161487533981517e-07,4.6961839290151647e-07,1.7673034043932082e-07,2.7836794217364914e-07,4.127652334875804e-05,0.8933162408494727,13,highpass
1.161487533981517e-07,4.6961839290151647e-07,1.7673034043932082e-07,2.7836794217364914e-07,4.2886764524005914e-05,0.8933454205973946,13,highpass
1.1411883876422195e-07,4.6961839290151647e-07,1.7673034043932082e-07,2.7836794217364914e-07,4.332065076941979e-05,0.8932518390575502,13,highpass
1.161487533981517e-07,4.6961839290151647e-07,1.7673034043932082e-07,2.7836794217364914e-07,4.332065076941979e-05,0.8935467788792085,13,highpass
1.161487533981517e-07,4.6961839290151647e-07,1.7673034043932082e-07,2.7836794217364914e-07,4.332065076941979e-05,0.8935467788792085,13,highpass
1.161487533981517e-07,4.6961839290151647e-07,1.7673034043932082e-07,2.7836794217364914e-07,4.332065076941979e-05,0.8935467788792085,13,highpass
1.161487533981517e-07,4.6961839290151647e-07,1.7673034043932082e-07,2.7836794217364914e-07,4.127652334875804e-05,0.8933162408494727,13,highpass
1.161487533981517e-07,4.6961839290151647e-07,1.7673034043932082e-07,2.7836794217364914e-07,4.248412220544585e-05,0.8927969711525875,13,highpass
1.9751892009972472e-07,4.676510222663054e-07,1.7673034043932082e-07,2.7836794217364914e-07,4.332065076941979e-05,0.8357474095528874,13,highpass
1.161487533981517e-07,4.6961839290151647e-07,1.7673034043932082e-07,2.82080880767654e-07,4.127652334875804e-05,0.8931741617696924,13,highpass
1.161487533981517e-07,4.6961839290151647e-07,1.7673034043932082e-07,2.7836794217364914e-07,4.127652334875804e-05,0.8933162408494727,13,highpass
1.161487533981517e-07,4.6961839290151647e-07,1.7673034043932082e-07,2.7836794217364914e-07,4.127652334875804e-05,0.8933162408494727,13,highpass
1.161487533981517e-07,4.6961839290151647e-07,1.7673034043932082e-07,2.7836794217364914e-07,4.332065076941979e-05,0.8935467788792085,13,highpass
1.161487533981517e-07,4.6961839290151647e-07,1.854115238292428e-07,2.7836794217364914e-07,4.2886764524005914e-05,0.8880382791459305,13,highpass
1.161487533981517e-07,4.676510222663054e-07,1.7673034043932082e-07,2.7836794217364914e-07,4.332065076941979e-05,0.8935332315959242,13,highpass
1.161487533981517e-07,4.515837309599557e-07,1.7673034043932082e-07,2.7836794217364914e-07,4.127652334875804e-05,0.8921992504095145,13,highpass
1.161487533981517e-07,4.676510222663054e-07,1.7673034043932082e-07,2.7836794217364914e-07,4.127652334875804e-05,0.8932819005279875,13,highpass
1.161487533981517e-07,4.6961839290151647e-07,1.7673034043932082e-07,2.7836794217364914e-07,4.127652334875804e-05,0.8933162408494727,13,highpass
1.161487533981517e-07,4.6961839290151647e-07,1.7673034043932082e-07,2.7836794217364914e-07,4.2886764524005914e-05,0.8933454205973946,13,highpass
1.161487533981517e-07,4.6961839290151647e-07,1.7673034043932082e-07,2.7836794217364914e-07,4.332065076941979e-05,0.8935467788792085,13,highpass
1.161487533981517e-07,4.676510222663054e-07,1.854115238292428e-07,2.7836794217364914e-07,4.127652334875804e-05,0.8928938879092907,13,highpass
1.161487533981517e-07,4.6961839290151647e-07,1.7673034043932082e-07,2.7836794217364914e-07,4.127652334875804e-05,0.8933162408494727,13,highpass
1.161487533981517e-07,4.6961839290151647e-07,1.7673034043932082e-07,2.7836794217364914e-07,4.332065076941979e-05,0.8935467788792085,13,highpass
1.161487533981517e-07,4.6961839290151647e-07,1.7673034043932082e-07,2.7836794217364914e-07,4.127652334875804e-05,0.8933162408494727,13,highpass
1.161487533981517e-07,4.6961839290151647e-07,1.7673034043932082e-07,2.7836794217364914e-07,4.332065076941979e-05,0.8935467788792085,13,highpass
1.161487533981517e-07,4.6961839290151647e-07,1.7673034043932082e-07,2.7836794217364914e-07,4.2886764524005914e-05,0.8933454205973946,13,highpass
1.161487533981517e-07,4.6961839290151647e-07,1.7673034043932082e-07,2.821293409374589e-07,4.127652334875804e-05,0.8931741617696924,13,highpass
1.161487533981517e-07,4.6961839290151647e-07,1.7673034043932082e-07,2.7836794217364914e-07,4.332065076941979e-05,0.8935467788792085,13,highpass
1.161487533981517e-07,4.6961839290151647e-07,1.7673034043932082e-07,2.7836794217364914e-07,4.332065076941979e-05,0.8935467788792085,13,highpass
1.161487533981517e-07,4.6961839290151647e-07,1.7673034043932082e-07,2.7836794217364914e-07,4.332065076941979e-05,0.8935467788792085,13,highpass
1.161487533981517e-07,4.6961839290151647e-07,1.7673034043932082e-07,2.7836794217364914e-07,4.127652334875804e-05,0.8933162408494727,13,highpass
1.161487533981517e-07,4.6961839290151647e-07,1.7673034043932082e-07,2.82080880767654e-07,4.2886764524005914e-05,0.8934619354371963,13,highpass
1.161487533981517e-07,4.6961839290151647e-07,1.7673034043932082e-07,2.82080880767654e-07,4.332065076941979e-05,0.8938785962654054,13,highpass
1.161487533981517e-07,4.6961839290151647e-07,1.7673034043932082e-07,2.7836794217364914e-07,4.332065076941979e-05,0.8935467788792085,13,highpass
1.161487533981517e-07,4.6961839290151647e-07,1.7673034043932082e-07,2.7836794217364914e-07,4.127652334875804e-05,0.8933162408494727,13,highpass
1.161487533981517e-07,4.6961839290151647e-07,1.7673034043932082e-07,2.7836794217364914e-07,4.332065076941979e-05,0.8935467788792085,13,highpass
1.2219578148765287e-07,4.6961839290151647e-07,1.7673034043932082e-07,2.7836794217364914e-07,4.332065076941979e-05,0.8928662238681273,13,highpass
1.161487533981517e-07,4.6961839290151647e-07,1.7673034043932082e-07,2.82080880767654e-07,4.332065076941979e-05,0.8938785962654054,14,highpass
1.161487533981517e-07,4.6961839290151647e-07,1.7673034043932082e-07,2.7836794217364914e-07,4.127652334875804e-05,0.8933162408494727,14,highpass
1.161487533981517e-07,4.6961839290151647e-07,1.7673034043932082e-07,2.82080880767654e-07,4.332065076941979e-05,0.8938785962654054,14,highpass
1.161487533981517e-07,4.6961839290151647e-07,1.7673034043932082e-07,2.7836794217364914e-07,4.332065076941979e-05,0.8935467788792085,14,highpass
1.161487533981517e-07,4.6961839290151647e-07,1.7673034043932082e-07,2.7836794217364914e-07,4.332065076941979e-05,0.8935467788792085,14,highpass
1.161487533981517e-07,4.6961839290151647e-07,1.7673034043932082e-07,2.7836794217364914e-07,4.332065076941979e-05,0.8935467788792085,14,highpass
1.161487533981517e-07,4.6961839290151647e-07,1.7673034043932082e-07,2.7836794217364914e-07,4.332065076941979e-05,0.8935467788792085,14,highpass
1.161487533981517e-07,4.6961839290151647e-07,1.7673034043932082e-07,2.7836794217364914e-07,4.332065076941979e-05,0.8935467788792085,14,highpass
1.161487533981517e-07,4.735727981578063e-07,1.7673034043932082e-07,2.82080880767654e-07,4.332065076941979e-05,0.8936457104515928,14,highpass
1.161487533981517e-07,4.6961839290151647e-07,1.7673034043932082e-07,2.7836794217364914e-07,4.332065076941979e-05,0.8935467788792085,14,highpass
1.161487533981517e-07,4.6961839290151647e-07,1.4768534601236665e-07,2.7836794217364914e-07,4.332065076941979e-05,0.8623994748747276,14,highpass
1.161487533981517e-07,4.6961839290151647e-07,1.7673034043932082e-07,2.7836794217364914e-07,4.332065076941979e-05,0.8935467788792085,14,highpass
1.161487533981517e-07,4.6961839290151647e-07,1.7673034043932082e-07,2.82080880767654e-07,4.2886764524005914e-05,0.8934619354371963,14,highpass
1.161487533981517e-07,4.6961839290151647e-07,1.7673034043932082e-07,2.805901282938784e-07,4.332065076941979e-05,0.8937113448319128,14,highpass
1.161487533981517e-07,4.6961839290151647e-07,1.7673034043932082e-07,2.7836794217364914e-07,4.332065076941979e-05,0.8935467788792085,14,highpass
1.161487533981517e-07,4.6961839290151647e-07,1.7673034043932082e-07,2.82080880767654e-07,4.332065076941979e-05,0.8938785962654054,14,highpass
1.161487533981517e-07,4.6961839290151647e-07,1.7673034043932082e-07,2.7836794217364914e-07,4.332065076941979e-05,0.8935467788792085,14,highpass
1.161487533981517e-07,4.6961839290151647e-07,1.7673034043932082e-07,2.7836794217364914e-07,4.332065076941979e-05,0.8935467788792085,14,highpass
1.161487533981517e-07,4.6961839290151647e-07,1.7673034043932082e-07,2.7836794217364914e-07,3.6170889155851283e-05,0.8927313423527005,14,highpass
1.161487533981517e-07,4.6961839290151647e-07,1.7673034043932082e-07,2.7836794217364914e-07,4.332065076941979e-05,0.8935467788792085,14,highpass
1.161487533981517e-07,4.6961839290151647e-07,1.7673034043932082e-07,2.7836794217364914e-07,4.332065076941979e-05,0.8935467788792085,14,highpass
1.161487533981517e-07,4.6961839290151647e-07,1.7673034043932082e-07,2.7836794217364914e-07,4.332065076941979e-05,0.8935467788792085,14,highpass
1.9219714941245517e-07,4.6961839290151647e-07,1.7673034043932082e-07,2.7836794217364914e-07,4.2886764524005914e-05,0.8461919907482087,14,highpass
1.161487533981517e-07,4.6961839290151647e-07,1.585941355965937e-07,2.7836794217364914e-07,4.332065076941979e-05,0.871005056105083,14,highpass
1.161487533981517e-07,4.6961839290151647e-07,1.7673034043932082e-07,2.7836794217364914e-07,4.332065076941979e-05,0.8935467788792085,14,highpass
1.161487533981517e-07,4.6961839290151647e-07,1.7673034043932082e-07,2.7836794217364914e-07,4.332065076941979e-05,0.8935467788792085,14,highpass
1.161487533981517e-07,4.6961839290151647e-07,1.7673034043932082e-07,2.7836794217364914e-07,4.332065076941979e-05,0.8935467788792085,14,highpass
1.161487533981517e-07,4.6961839290151647e-07,1.7673034043932082e-07,2.82080880767654e-07,4.332065076941979e-05,0.8938785962654054,14,highpass
1.161487533981517e-07,4.6961839290151647e-07,1.7673034043932082e-07,2.7836794217364914e-07,4.332065076941979e-05,0.8935467788792085,14,highpass
1.161487533981517e-07,4.6961839290151647e-07,1.7673034043932082e-07,2.7836794217364914e-07,4.332065076941979e-05,0.8935467788792085,14,highpass
1.161487533981517e-07,4.6961839290151647e-07,1.7673034043932082e-07,2.7836794217364914e-07,4.332065076941979e-05,0.8935467788792085,14,highpass
1.161487533981517e-07,4.6961839290151647e-07,1.7673034043932082e-07,2.7836794217364914e-07,4.332065076941979e-05,0.8935467788792085,14,highpass
1.161487533981517e-07,4.6961839290151647e-07,1.7673034043932082e-07,2.7836794217364914e-07,4.332065076941979e-05,0.8935467788792085,14,highpass
1.161487533981517e-07,4.6961839290151647e-07,1.7673034043932082e-07,2.82080880767654e-07,4.2886764524005914e-05,0.8934619354371963,14,highpass
1.161487533981517e-07,4.6961839290151647e-07,1.7673034043932082e-07,2.7836794217364914e-07,4.332065076941979e-05,0.8935467788792085,14,highpass
1.161487533981517e-07,4.6961839290151647e-07,1.7673034043932082e-07,2.7836794217364914e-07,4.332065076941979e-05,0.8935467788792085,14,highpass
1.161487533981517e-07,6.211975693772384e-07,1.7673034043932082e-07,2.7836794217364914e-07,4.332065076941979e-05,0.835747277279257,14,highpass
1.161487533981517e-07,4.6961839290151647e-07,1.7673034043932082e-07,2.7836794217364914e-07,4.332065076941979e-05,0.8935467788792085,14,highpass
1.161487533981517e-07,4.6961839290151647e-07,1.7775059240192014e-07,2.7836794217364914e-07,4.332065076941979e-05,0.89340405493449,14,highpass
1.161487533981517e-07,4.817509858835859e-07,1.7673034043932082e-07,2.7836794217364914e-07,4.332065076941979e-05,0.892686087785932,14,highpass
1.161487533981517e-07,4.6961839290151647e-07,1.7673034043932082e-07,2.82080880767654e-07,4.332065076941979e-05,0.8938785962654054,15,highpass
1.161487533981517e-07,4.6961839290151647e-07,1.7673034043932082e-07,2.7836794217364914e-07,4.332065076941979e-05,0.8935467788792085,15,highpass
1.161487533981517e-07,4.6961839290151647e-07,1.7673034043932082e-07,2.82080880767654e-07,4.332065076941979e-05,0.8938785962654054,15,highpass
1.161487533981517e-07,4.6961839290151647e-07,1.7673034043932082e-07,2.82080880767654e-07,4.332065076941979e-05,0.8938785962654054,15,highpass
1.161487533981517e-07,4.6961839290151647e-07,1.7673034043932082e-07,2.82080880767654e-07,4.332065076941979e-05,0.8938785962654054,15,highpass
1.161487533981517e-07,4.6961839290151647e-07,1.7673034043932082e-07,2.7836794217364914e-07,4.332065076941979e-05,0.8935467788792085,15,highpass
1.161487533981517e-07,4.735727981578063e-07,1.7673034043932082e-07,2.82080880767654e-07,4.53403904592619e-05,0.8944096270638382,15,highpass
1.161487533981517e-07,4.6961839290151647e-07,1.7673034043932082e-07,2.82080880767654e-07,4.332065076941979e-05,0.8938785962654054,15,highpass
1.161487533981517e-07,4.6961839290151647e-07,1.7673034043932082e-07,2.82080880767654e-07,4.332065076941979e-05,0.8938785962654054,15,highpass
1.161487533981517e-07,4.6961839290151647e-07,1.7673034043932082e-07,2.7836794217364914e-07,4.332065076941979e-05,0.8935467788792085,15,highpass
1.161487533981517e-07,4.6961839290151647e-07,1.7673034043932082e-07,2.82080880767654e-07,4.332065076941979e-05,0.8938785962654054,15,highpass
1.161487533981517e-07,4.6961839290151647e-07,1.7673034043932082e-07,2.82080880767654e-07,4.332065076941979e-05,0.8938785962654054,15,highpass
1.161487533981517e-07,4.6961839290151647e-07,1.7673034043932082e-07,2.82080880767654e-07,4.332065076941979e-05,0.8938785962654054,15,highpass
1.161487533981517e-07,4.6961839290151647e-07,1.7673034043932082e-07,2.82080880767654e-07,4.332065076941979e-05,0.8938785962654054,15,highpass
2.3691664118087674e-07,4.6961839290151647e-07,1.7673034043932082e-07,2.7836794217364914e-07,4.332065076941979e-05,0.7429747750915724,15,highpass
1.161487533981517e-07,4.6961839290151647e-07,1.7673034043932082e-07,2.82080880767654e-07,4.332065076941979e-05,0.8938785962654054,15,highpass
1.161487533981517e-07,4.6961839290151647e-07,1.7673034043932082e-07,2.7836794217364914e-07,4.332065076941979e-05,0.8935467788792085,15,highpass
1.161487533981517e-07,4.6961839290151647e-07,1.7673034043932082e-07,2.805901282938784e-07,4.332065076941979e-05,0.8937113448319128,15,highpass
1.161487533981517e-07,4.6961839290151647e-07,1.7673034043932082e-07,2.82080880767654e-07,4.332065076941979e-05,0.8938785962654054,15,highpass
1.6800948578993037e-07,4.6961839290151647e-07,1.7673034043932082e-07,2.805901282938784e-07,4.332065076941979e-05,0.8571327057395183,15,highpass
1.161487533981517e-07,4.6961839290151647e-07,1.8273314455748076e-07,2.7836794217364914e-07,4.332065076941979e-05,0.8918455952956889,15,highpass
1.161487533981517e-07,4.6961839290151647e-07,1.7673034043932082e-07,2.82080880767654e-07,4.332065076941979e-05,0.8938785962654054,15,highpass
1.161487533981517e-07,4.6961839290151647e-07,1.7673034043932082e-07,2.82080880767654e-07,4.332065076941979e-05,0.8938785962654054,15,highpass
1.161487533981517e-07,4.6961839290151647e-07,2.173213233814177e-07,2.82080880767654e-07,4.332065076941979e-05,0.8774901412894732,15,highpass
1.161487533981517e-07,4.6961839290151647e-07,1.7673034043932082e-07,2.7836794217364914e-07,4.332065076941979e-05,0.8935467788792085,15,highpass
1.161487533981517e-07,4.6961839290151647e-07,1.841096167195741e-07,2.82080880767654e-07,4.332065076941979e-05,0.8906598017823045,15,highpass
1.161487533981517e-07,4.6961839290151647e-07,1.7673034043932082e-07,2.7836794217364914e-07,4.332065076941979e-05,0.8935467788792085,15,highpass
1.161487533981517e-07,4.6961839290151647e-07,1.7673034043932082e-07,2.82080880767654e-07,4.332065076941979e-05,0.8938785962654054,15,highpass
1.161487533981517e-07,4.6961839290151647e-07,1.7673034043932082e-07,2.82080880767654e-07,4.332065076941979e-05,0.8938785962654054,15,highpass
1.161487533981517e-07,4.6961839290151647e-07,1.7673034043932082e-07,2.7836794217364914e-07,4.332065076941979e-05,0.8935467788792085,15,highpass
1.161487533981517e-07,4.6961839290151647e-07,1.7673034043932082e-07,2.7836794217364914e-07,4.332065076941979e-05,0.8935467788792085,15,highpass
1.161487533981517e-07,4.6961839290151647e-07,1.7673034043932082e-07,2.7836794217364914e-07,4.332065076941979e-05,0.8935467788792085,15,highpass
1.161487533981517e-07,4.6961839290151647e-07,1.7673034043932082e-07,2.82080880767654e-07,4.332065076941979e-05,0.8938785962654054,15,highpass
1.161487533981517e-07,4.6961839290151647e-07,1.7673034043932082e-07,2.7836794217364914e-07,4.332065076941979e-05,0.8935467788792085,15,highpass
1.161487533981517e-07,4.6961839290151647e-07,1.7673034043932082e-07,2.7836794217364914e-07,4.332065076941979e-05,0.8935467788792085,15,highpass
1.161487533981517e-07,4.6961839290151647e-07,1.7673034043932082e-07,2.82080880767654e-07,4.332065076941979e-05,0.8938785962654054,15,highpass
1.161487533981517e-07,4.6961839290151647e-07,1.7673034043932082e-07,1.9897979727299086e-07,4.332065076941979e-05,0.8575589046408958,15,highpass
1.161487533981517e-07,4.6961839290151647e-07,1.7673034043932082e-07,2.7836794217364914e-07,4.332065076941979e-05,0.8935467788792085,15,highpass
1.161487533981517e-07,4.6961839290151647e-07,1.7673034043932082e-07,2.82080880767654e-07,4.332065076941979e-05,0.8938785962654054,15,highpass
1.161487533981517e-07,4.6961839290151647e-07,1.7673034043932082e-07,2.82080880767654e-07,4.332065076941979e-05,0.8938785962654054,15,highpass
1.161487533981517e-07,4.735727981578063e-07,1.7673034043932082e-07,2.82080880767654e-07,4.53403904592619e-05,0.8944096270638382,16,highpass
1.161487533981517e-07,4.6961839290151647e-07,1.7673034043932082e-07,2.82080880767654e-07,4.332065076941979e-05,0.8938785962654054,16,highpass
1.161487533981517e-07,4.6961839290151647e-07,1.7673034043932082e-07,2.82080880767654e-07,4.332065076941979e-05,0.8938785962654054,16,highpass
1.161487533981517e-07,4.6961839290151647e-07,1.7673034043932082e-07,2.82080880767654e-07,4.332065076941979e-05,0.8938785962654054,16,highpass
1.161487533981517e-07,4.6961839290151647e-07,1.7673034043932082e-07,2.82080880767654e-07,4.332065076941979e-05,0.8938785962654054,16,highpass
1.161487533981517e-07,4.735727981578063e-07,1.7673034043932082e-07,2.82080880767654e-07,4.332065076941979e-05,0.8936457104515928,16,highpass
1.161487533981517e-07,4.6961839290151647e-07,1.7673034043932082e-07,2.82080880767654e-07,4.332065076941979e-05,0.8938785962654054,16,highpass
1.161487533981517e-07,4.6961839290151647e-07,1.7673034043932082e-07,2.82080880767654e-07,4.332065076941979e-05,0.8938785962654054,16,highpass
1.161487533981517e-07,4.6961839290151647e-07,1.7673034043932082e-07,2.7836794217364914e-07,4.332065076941979e-05,0.8935467788792085,16,highpass
1.161487533981517e-07,4.6961839290151647e-07,1.7673034043932082e-07,2.82080880767654e-07,4.53403904592619e-05,0.8944255154767199,16,highpass
1.161487533981517e-07,4.6961839290151647e-07,1.7269780301464242e-07,2.82080880767654e-07,4.332065076941979e-05,0.8919324916087811,16,highpass
1.161487533981517e-07,4.6961839290151647e-07,1.7673034043932082e-07,2.8169818348123924e-07,4.332065076941979e-05,0.8938785962654054,16,highpass
1.161487533981517e-07,4.735727981578063e-07,1.7673034043932082e-07,2.82080880767654e-07,4.332065076941979e-05,0.8936457104515928,16,highpass
1.161487533981517e-07,4.6961839290151647e-07,1.7673034043932082e-07,2.7836794217364914e-07,4.332065076941979e-05,0.8935467788792085,16,highpass
1.161487533981517e-07,4.6961839290151647e-07,1.7673034043932082e-07,2.82080880767654e-07,4.332065076941979e-05,0.8938785962654054,16,highpass
1.161487533981517e-07,4.6961839290151647e-07,1.7673034043932082e-07,2.82080880767654e-07,4.332065076941979e-05,0.8938785962654054,16,highpass
1.161487533981517e-07,4.6961839290151647e-07,1.7673034043932082e-07,2.82080880767654e-07,4.332065076941979e-05,0.8938785962654054,16,highpass
1.161487533981517e-07,4.735727981578063e-07,1.7673034043932082e-07,2.82080880767654e-07,4.53403904592619e-05,0.8944096270638382,16,highpass
1.161487533981517e-07,4.6961839290151647e-07,1.7673034043932082e-07,2.82080880767654e-07,4.332065076941979e-05,0.8938785962654054,16,highpass
1.161487533981517e-07,4.6961839290151647e-07,1.7673034043932082e-07,2.82080880767654e-07,4.332065076941979e-05,0.8938785962654054,16,highpass
1.161487533981517e-07,4.6961839290151647e-07,1.7673034043932082e-07,2.82080880767654e-07,4.332065076941979e-05,0.8938785962654054,16,highpass
1.161487533981517e-07,4.6961839290151647e-07,1.7673034043932082e-07,2.82080880767654e-07,4.53403904592619e-05,0.8944255154767199,16,highpass
1.161487533981517e-07,4.6961839290151647e-07,1.7673034043932082e-07,2.82080880767654e-07,4.332065076941979e-05,0.8938785962654054,16,highpass
1.161487533981517e-07,4.735727981578063e-07,1.087619793554755e-07,2.82080880767654e-07,4.332065076941979e-05,0.8206518325816707,16,highpass
1.161487533981517e-07,4.6961839290151647e-07,1.7673034043932082e-07,2.82080880767654e-07,4.332065076941979e-05,0.8938785962654054,16,highpass
1.161487533981517e-07,4.6961839290151647e-07,1.7673034043932082e-07,2.82080880767654e-07,4.332065076941979e-05,0.8938785962654054,16,highpass
1.161487533981517e-07,4.6961839290151647e-07,1.7673034043932082e-07,2.82080880767654e-07,4.332065076941979e-05,0.8938785962654054,16,highpass
1.161487533981517e-07,4.6961839290151647e-07,2.104421439197997e-07,2.82080880767654e-07,4.332065076941979e-05,0.8840631984720245,16,highpass
1.161487533981517e-07,4.6961839290151647e-07,1.7673034043932082e-07,2.82080880767654e-07,4.332065076941979e-05,0.8938785962654054,16,highpass
1.2112647481986494e-07,4.6961839290151647e-07,1.7673034043932082e-07,2.82080880767654e-07,4.332065076941979e-05,0.8870653705711906,16,highpass
1.161487533981517e-07,4.6961839290151647e-07,1.7673034043932082e-07,2.82080880767654e-07,4.332065076941979e-05,0.8938785962654054,16,highpass
1.161487533981517e-07,4.735727981578063e-07,1.7673034043932082e-07,2.82080880767654e-07,4.332065076941979e-05,0.8936457104515928,16,highpass
1.161487533981517e-07,4.6961839290151647e-07,1.7673034043932082e-07,2.82080880767654e-07,4.332065076941979e-05,0.8938785962654054,16,highpass
1.161487533981517e-07,4.6961839290151647e-07,1.7673034043932082e-07,2.82080880767654e-07,4.332065076941979e-05,0.8938785962654054,16,highpass
1.161487533981517e-07,4.6961839290151647e-07,1.7673034043932082e-07,2.82080880767654e-07,4.332065076941979e-05,0.8938785962654054,16,highpass
1.161487533981517e-07,4.735727981578063e-07,1.7673034043932082e-07,2.82080880767654e-07,4.332065076941979e-05,0.8936457104515928,16,highpass
1.161487533981517e-07,4.6961839290151647e-07,1.7673034043932082e-07,2.8548665118583805e-07,4.53403904592619e-05,0.894306378071476,16,highpass
1.161487533981517e-07,4.735727981578063e-07,1.7673034043932082e-07,2.82080880767654e-07,4.53403904592619e-05,0.8944096270638382,16,highpass
1.161487533981517e-07,4.6961839290151647e-07,1.7673034043932082e-07,2.82080880767654e-07,4.332065076941979e-05,0.8938785962654054,16,highpass
1.161487533981517e-07,4.6961839290151647e-07,1.7673034043932082e-07,2.82080880767654e-07,4.332065076941979e-05,0.8938785962654054,16,highpass
1.161487533981517e-07,4.6961839290151647e-07,1.7673034043932082e-07,2.82080880767654e-07,4.53403904592619e-05,0.8944255154767199,17,highpass
1.161487533981517e-07,4.754317066432403e-07,1.7673034043932082e-07,2.82080880767654e-07,4.332065076941979e-05,0.8928245309523072,17,highpass
1.161487533981517e-07,4.6961839290151647e-07,1.920368713393082e-07,2.82080880767654e-07,4.53403904592619e-05,0.8851052068389776,17,highpass
1.161487533981517e-07,4.6961839290151647e-07,1.7673034043932082e-07,2.82080880767654e-07,4.332065076941979e-05,0.8938785962654054,17,highpass
1.161487533981517e-07,4.6961839290151647e-07,1.7673034043932082e-07,2.82080880767654e-07,4.332065076941979e-05,0.8938785962654054,17,highpass
1.161487533981517e-07,4.6961839290151647e-07,1.7673034043932082e-07,2.82080880767654e-07,4.53403904592619e-05,0.8944255154767199,17,highpass
1.161487533981517e-07,4.6961839290151647e-07,1.7673034043932082e-07,2.82080880767654e-07,4.53403904592619e-05,0.8944255154767199,17,highpass
1.161487533981517e-07,4.735727981578063e-07,1.7673034043932082e-07,2.82080880767654e-07,4.53403904592619e-05,0.8944096270638382,17,highpass
1.161487533981517e-07,4.7165264369863936e-07,1.7673034043932082e-07,2.82080880767654e-07,4.332065076941979e-05,0.8939142247519108,17,highpass
1.161487533981517e-07,4.6961839290151647e-07,1.7673034043932082e-07,2.82080880767654e-07,4.53403904592619e-05,0.8944255154767199,17,highpass
1.161487533981517e-07,4.6961839290151647e-07,1.7673034043932082e-07,2.82080880767654e-07,4.332065076941979e-05,0.8938785962654054,17,highpass
1.161487533981517e-07,4.6961839290151647e-07,1.7673034043932082e-07,2.82080880767654e-07,4.53403904592619e-05,0.8944255154767199,17,highpass
1.161487533981517e-07,4.6961839290151647e-07,1.7673034043932082e-07,2.8548665118583805e-07,4.53403904592619e-05,0.894306378071476,17,highpass
1.161487533981517e-07,4.6961839290151647e-07,1.7673034043932082e-07,2.82080880767654e-07,4.53403904592619e-05,0.8944255154767199,17,highpass
1.161487533981517e-07,4.6961839290151647e-07,1.7673034043932082e-07,2.82080880767654e-07,4.53403904592619e-05,0.8944255154767199,17,highpass
1.161487533981517e-07,4.735727981578063e-07,1.7673034043932082e-07,2.82080880767654e-07,4.332065076941979e-05,0.8936457104515928,17,highpass
1.161487533981517e-07,4.735727981578063e-07,1.7673034043932082e-07,2.82080880767654e-07,4.53403904592619e-05,0.8944096270638382,17,highpass
1.161487533981517e-07,4.6961839290151647e-07,1.7113139469634044e-07,2.82080880767654e-07,4.53403904592619e-05,0.8917499757672885,17,highpass
1.161487533981517e-07,4.6961839290151647e-07,1.7673034043932082e-07,2.82080880767654e-07,4.332065076941979e-05,0.8938785962654054,17,highpass
1.161487533981517e-07,4.735727981578063e-07,1.7673034043932082e-07,2.82080880767654e-07,4.53403904592619e-05,0.8944096270638382,17,highpass
1.161487533981517e-07,4.735727981578063e-07,1.7673034043932082e-07,2.82080880767654e-07,4.53403904592619e-05,0.8944096270638382,17,highpass
1.161487533981517e-07,4.735727981578063e-07,1.7673034043932082e-07,2.82080880767654e-07,4.53403904592619e-05,0.8944096270638382,17,highpass
1.161487533981517e-07,4.6961839290151647e-07,2.184037599053514e-07,2.82080880767654e-07,4.332065076941979e-05,0.877835169568886,17,highpass
1.161487533981517e-07,4.6961839290151647e-07,1.7673034043932082e-07,2.82080880767654e-07,4.332065076941979e-05,0.8938785962654054,17,highpass
1.161487533981517e-07,4.6961839290151647e-07,1.7673034043932082e-07,2.8548665118583805e-07,4.53403904592619e-05,0.894306378071476,17,highpass
1.161487533981517e-07,4.735727981578063e-07,1.7673034043932082e-07,2.82080880767654e-07,4.53403904592619e-05,0.8944096270638382,17,highpass
1.161487533981517e-07,4.6961839290151647e-07,1.7512110256935506e-07,2.82080880767654e-07,4.332065076941979e-05,0.8930602296999797,17,highpass
1.161487533981517e-07,4.6961839290151647e-07,1.7673034043932082e-07,2.82080880767654e-07,4.332065076941979e-05,0.8938785962654054,17,highpass
1.161487533981517e-07,4.735727981578063e-07,1.7673034043932082e-07,2.82080880767654e-07,4.53403904592619e-05,0.8944096270638382,17,highpass
1.161487533981517e-07,4.6961839290151647e-07,1.7673034043932082e-07,2.82080880767654e-07,4.332065076941979e-05,0.8938785962654054,17,highpass
1.161487533981517e-07,4.6961839290151647e-07,1.7673034043932082e-07,2.82080880767654e-07,4.53403904592619e-05,0.8944255154767199,17,highpass
1.161487533981517e-07,4.735727981578063e-07,1.7673034043932082e-07,2.82080880767654e-07,4.332065076941979e-05,0.8936457104515928,17,highpass
1.161487533981517e-07,4.6961839290151647e-07,1.7673034043932082e-07,2.82080880767654e-07,4.53403904592619e-05,0.8944255154767199,17,highpass
1.161487533981517e-07,4.6961839290151647e-07,1.7673034043932082e-07,2.82080880767654e-07,4.332065076941979e-05,0.8938785962654054,17,highpass
1.161487533981517e-07,4.6961839290151647e-07,1.7673034043932082e-07,2.82080880767654e-07,4.332065076941979e-05,0.8938785962654054,17,highpass
1.9652908919362443e-07,4.6961839290151647e-07,1.7673034043932082e-07,2.82080880767654e-07,4.53403904592619e-05,0.8389326591117695,17,highpass
1.161487533981517e-07,4.6961839290151647e-07,1.7673034043932082e-07,2.82080880767654e-07,4.332065076941979e-05,0.8938785962654054,17,highpass
1.161487533981517e-07,4.6961839290151647e-07,1.7673034043932082e-07,2.82080880767654e-07,4.332065076941979e-05,0.8938785962654054,17,highpass
1.161487533981517e-07,4.6961839290151647e-07,1.7673034043932082e-07,2.8548665118583805e-07,4.53403904592619e-05,0.894306378071476,17,highpass
1.161487533981517e-07,4.735727981578063e-07,1.7673034043932082e-07,2.82080880767654e-07,4.53403904592619e-05,0.8944096270638382,17,highpass
1.161487533981517e-07,4.6961839290151647e-07,1.7673034043932082e-07,2.82080880767654e-07,4.53403904592619e-05,0.8944255154767199,18,highpass
1.161487533981517e-07,4.6961839290151647e-07,1.7673034043932082e-07,2.82080880767654e-07,4.53403904592619e-05,0.8944255154767199,18,highpass
1.161487533981517e-07,4.6961839290151647e-07,1.7673034043932082e-07,2.82080880767654e-07,4.53403904592619e-05,0.8944255154767199,18,highpass
1.161487533981517e-07,4.735727981578063e-07,1.7673034043932082e-07,2.82080880767654e-07,4.53403904592619e-05,0.8944096270638382,18,highpass
1.161487533981517e-07,4.6961839290151647e-07,1.7673034043932082e-07,2.82080880767654e-07,4.53403904592619e-05,0.8944255154767199,18,highpass
1.161487533981517e-07,4.735727981578063e-07,1.7673034043932082e-07,2.82080880767654e-07,4.53403904592619e-05,0.8944096270638382,18,highpass
1.161487533981517e-07,4.6961839290151647e-07,1.7673034043932082e-07,2.82080880767654e-07,4.53403904592619e-05,0.8944255154767199,18,highpass
1.161487533981517e-07,4.6961839290151647e-07,1.7673034043932082e-07,2.82080880767654e-07,4.53403904592619e-05,0.8944255154767199,18,highpass
1.161487533981517e-07,4.735727981578063e-07,1.7673034043932082e-07,1.623583566582374e-07,4.53403904592619e-05,0.8180793565946654,18,highpass
1.161487533981517e-07,4.6961839290151647e-07,1.7673034043932082e-07,2.82080880767654e-07,4.53403904592619e-05,0.8944255154767199,18,highpass
1.161487533981517e-07,4.6961839290151647e-07,1.7673034043932082e-07,2.82080880767654e-07,4.53403904592619e-05,0.8944255154767199,18,highpass
1.161487533981517e-07,4.6961839290151647e-07,1.7673034043932082e-07,2.82080880767654e-07,4.53403904592619e-05,0.8944255154767199,18,highpass
1.161487533981517e-07,4.6961839290151647e-07,1.7673034043932082e-07,2.811928039654327e-07,4.53403904592619e-05,0.8944665884298307,18,highpass
1.161487533981517e-07,4.6961839290151647e-07,1.7673034043932082e-07,2.82080880767654e-07,4.53403904592619e-05,0.8944255154767199,18,highpass
1.161487533981517e-07,4.6961839290151647e-07,1.7673034043932082e-07,2.82080880767654e-07,4.53403904592619e-05,0.8944255154767199,18,highpass
1.3483346231604042e-07,4.735727981578063e-07,1.7673034043932082e-07,2.82080880767654e-07,4.53403904592619e-05,0.8826221315350206,18,highpass
1.161487533981517e-07,4.6961839290151647e-07,1.7673034043932082e-07,2.82080880767654e-07,4.53403904592619e-05,0.8944255154767199,18,highpass
1.161487533981517e-07,4.6961839290151647e-07,1.7673034043932082e-07,2.82080880767654e-07,4.53403904592619e-05,0.8944255154767199,18,highpass
1.161487533981517e-07,4.735727981578063e-07,1.7673034043932082e-07,2.82080880767654e-07,4.53403904592619e-05,0.8944096270638382,18,highpass
1.161487533981517e-07,4.6961839290151647e-07,1.7673034043932082e-07,2.82080880767654e-07,4.53403904592619e-05,0.8944255154767199,18,highpass
1.161487533981517e-07,4.735727981578063e-07,1.7648428526669286e-07,2.82080880767654e-07,4.53403904592619e-05,0.8934886521039398,18,highpass
1.1057898501408151e-07,4.6961839290151647e-07,1.7673034043932082e-07,2.82080880767654e-07,4.53403904592619e-05,0.8954337622778912,18,highpass
1.161487533981517e-07,4.6961839290151647e-07,1.7673034043932082e-07,2.82080880767654e-07,4.53403904592619e-05,0.8944255154767199,18,highpass
1.161487533981517e-07,4.6961839290151647e-07,1.7140375133283648e-07,2.82080880767654e-07,4.53403904592619e-05,0.8927817845492041,18,highpass
1.161487533981517e-07,4.735727981578063e-07,1.7673034043932082e-07,2.82080880767654e-07,4.53403904592619e-05,0.8944096270638382,18,highpass
1.161487533981517e-07,4.6961839290151647e-07,1.7673034043932082e-07,2.82080880767654e-07,4.53403904592619e-05,0.8944255154767199,18,highpass
1.161487533981517e-07,4.735727981578063e-07,1.7673034043932082e-07,2.82080880767654e-07,4.53403904592619e-05,0.8944096270638382,18,highpass
1.161487533981517e-07,4.6961839290151647e-07,1.7673034043932082e-07,2.82080880767654e-07,4.53403904592619e-05,0.8944255154767199,18,highpass
1.161487533981517e-07,4.6961839290151647e-07,1.7673034043932082e-07,2.82080880767654e-07,4.53403904592619e-05,0.8944255154767199,18,highpass
1.161487533981517e-07,4.735727981578063e-07,1.7673034043932082e-07,2.82080880767654e-07,4.53403904592619e-05,0.8944096270638382,18,highpass
1.161487533981517e-07,4.6961839290151647e-07,1.7673034043932082e-07,2.82080880767654e-07,4.53403904592619e-05,0.8944255154767199,18,highpass
1.161487533981517e-07,4.735727981578063e-07,1.7673034043932082e-07,2.82080880767654e-07,4.53403904592619e-05,0.8944096270638382,18,highpass
1.161487533981517e-07,4.6961839290151647e-07,1.7673034043932082e-07,2.82080880767654e-07,4.53403904592619e-05,0.8944255154767199,18,highpass
1.161487533981517e-07,4.6961839290151647e-07,1.7673034043932082e-07,2.82080880767654e-07,4.53403904592619e-05,0.8944255154767199,18,highpass
1.161487533981517e-07,4.6961839290151647e-07,1.7673034043932082e-07,2.82080880767654e-07,4.53403904592619e-05,0.8944255154767199,18,highpass
1.161487533981517e-07,4.735727981578063e-07,1.7673034043932082e-07,2.9144506570663615e-07,4.53403904592619e-05,0.8930904276359287,18,highpass
1.161487533981517e-07,4.735727981578063e-07,1.7673034043932082e-07,2.82080880767654e-07,4.53403904592619e-05,0.8944096270638382,18,highpass
1.161487533981517e-07,4.6961839290151647e-07,1.7673034043932082e-07,2.82080880767654e-07,4.53403904592619e-05,0.8944255154767199,18,highpass
1.161487533981517e-07,4.6961839290151647e-07,1.7673034043932082e-07,2.82080880767654e-07,4.53403904592619e-05,0.8944255154767199,18,highpass
1.161487533981517e-07,4.735727981578063e-07,1.7673034043932082e-07,2.82080880767654e-07,4.53403904592619e-05,0.8944096270638382,18,highpass
1.1057898501408151e-07,4.6961839290151647e-07,1.7673034043932082e-07,2.82080880767654e-07,4.53403904592619e-05,0.8954337622778912,19,highpass
1.161487533981517e-07,4.6961839290151647e-07,1.7673034043932082e-07,2.82080880767654e-07,4.53403904592619e-05,0.8944255154767199,19,highpass
1.1772621532954224e-07,4.6961839290151647e-07,1.7673034043932082e-07,2.82080880767654e-07,4.53403904592619e-05,0.8926069590429558,19,highpass
1.1057898501408151e-07,4.6961839290151647e-07,1.7291715681564804e-07,2.82080880767654e-07,4.53403904592619e-05,0.8925133024017632,19,highpass
1.161487533981517e-07,4.6961839290151647e-07,1.7673034043932082e-07,2.811928039654327e-07,4.53403904592619e-05,0.8944665884298307,19,highpass
1.161487533981517e-07,4.6961839290151647e-07,1.7673034043932082e-07,2.82080880767654e-07,4.53403904592619e-05,0.8944255154767199,19,highpass
1.161487533981517e-07,4.6961839290151647e-07,1.7673034043932082e-07,2.82080880767654e-07,4.53403904592619e-05,0.8944255154767199,19,highpass
1.161487533981517e-07,4.6961839290151647e-07,1.7673034043932082e-07,2.82080880767654e-07,4.53403904592619e-05,0.8944255154767199,19,highpass
1.161487533981517e-07,4.6961839290151647e-07,1.7673034043932082e-07,2.82080880767654e-07,4.53403904592619e-05,0.8944255154767199,19,highpass
1.161487533981517e-07,4.6961839290151647e-07,1.7673034043932082e-07,2.82080880767654e-07,4.53403904592619e-05,0.8944255154767199,19,highpass
1.161487533981517e-07,4.6961839290151647e-07,1.7673034043932082e-07,2.82080880767654e-07,4.53403904592619e-05,0.8944255154767199,19,highpass
2.282830749427963e-07,4.6961839290151647e-07,1.7673034043932082e-07,2.82080880767654e-07,4.53403904592619e-05,0.7608895590127711,19,highpass
1.161487533981517e-07,4.6961839290151647e-07,1.7673034043932082e-07,2.82080880767654e-07,4.53403904592619e-05,0.8944255154767199,19,highpass
1.161487533981517e-07,4.6961839290151647e-07,1.7673034043932082e-07,2.82080880767654e-07,4.53403904592619e-05,0.8944255154767199,19,highpass
1.161487533981517e-07,4.6961839290151647e-07,1.7673034043932082e-07,2.82080880767654e-07,4.53403904592619e-05,0.8944255154767199,19,highpass
1.161487533981517e-07,4.6961839290151647e-07,1.7673034043932082e-07,2.82080880767654e-07,4.53403904592619e-05,0.8944255154767199,19,highpass
1.1057898501408151e-07,4.6961839290151647e-07,1.7673034043932082e-07,2.82080880767654e-07,4.53403904592619e-05,0.8954337622778912,19,highpass
1.1057898501408151e-07,4.6961839290151647e-07,1.7673034043932082e-07,2.82080880767654e-07,4.53403904592619e-05,0.8954337622778912,19,highpass
1.161487533981517e-07,4.6961839290151647e-07,1.7673034043932082e-07,2.82080880767654e-07,4.53403904592619e-05,0.8944255154767199,19,highpass
1.1057898501408151e-07,4.6961839290151647e-07,1.7673034043932082e-07,2.811928039654327e-07,4.53403904592619e-05,0.895428141367683,19,highpass
1.161487533981517e-07,4.6961839290151647e-07,1.7673034043932082e-07,2.82080880767654e-07,4.53403904592619e-05,0.8944255154767199,19,highpass
1.161487533981517e-07,4.6961839290151647e-07,1.7673034043932082e-07,2.82080880767654e-07,4.53403904592619e-05,0.8944255154767199,19,highpass
1.161487533981517e-07,4.6961839290151647e-07,1.7673034043932082e-07,2.82080880767654e-07,4.53403904592619e-05,0.8944255154767199,19,highpass
1.161487533981517e-07,4.6961839290151647e-07,1.7673034043932082e-07,2.82080880767654e-07,4.53403904592619e-05,0.8944255154767199,19,highpass
1.161487533981517e-07,4.6961839290151647e-07,1.7673034043932082e-07,2.82080880767654e-07,4.53403904592619e-05,0.8944255154767199,19,highpass
1.161487533981517e-07,4.6961839290151647e-07,1.7673034043932082e-07,2.82080880767654e-07,4.53403904592619e-05,0.8944255154767199,19,highpass
1.161487533981517e-07,4.6961839290151647e-07,1.7673034043932082e-07,2.822364451244454e-07,4.53403904592619e-05,0.8944255154767199,19,highpass
1.161487533981517e-07,4.6961839290151647e-07,1.7673034043932082e-07,2.82080880767654e-07,4.53403904592619e-05,0.8944255154767199,19,highpass
1.161487533981517e-07,4.6961839290151647e-07,1.7673034043932082e-07,2.82080880767654e-07,4.53403904592619e-05,0.8944255154767199,19,highpass
1.161487533981517e-07,4.6961839290151647e-07,1.7673034043932082e-07,2.82080880767654e-07,4.53403904592619e-05,0.8944255154767199,19,highpass
1.161487533981517e-07,4.6961839290151647e-07,1.7673034043932082e-07,2.811928039654327e-07,4.53403904592619e-05,0.8944665884298307,19,highpass
1.161487533981517e-07,4.6961839290151647e-07,1.7673034043932082e-07,2.82080880767654e-07,4.53403904592619e-05,0.8944255154767199,19,highpass
1.161487533981517e-07,4.6961839290151647e-07,1.7673034043932082e-07,2.811928039654327e-07,3.85124531192492e-05,0.8934642198837567,19,highpass
1.161487533981517e-07,4.6961839290151647e-07,1.8298104068585878e-07,2.82080880767654e-07,4.53403904592619e-05,0.8930608643653443,19,highpass
1.161487533981517e-07,4.6961839290151647e-07,1.7673034043932082e-07,2.82080880767654e-07,4.53403904592619e-05,0.8944255154767199,19,highpass
1.161487533981517e-07,4.6961839290151647e-07,1.7673034043932082e-07,2.82080880767654e-07,4.53403904592619e-05,0.8944255154767199,19,highpass
1.161487533981517e-07,4.6961839290151647e-07,1.7673034043932082e-07,2.82080880767654e-07,2.0971507841986393e-05,0.8928451326842829,19,highpass
1.161487533981517e-07,4.6961839290151647e-07,1.7673034043932082e-07,2.3359749384847315e-07,4.53403904592619e-05,0.8833773187760415,19,highpass
1.161487533981517e-07,4.6961839290151647e-07,1.7673034043932082e-07,2.82080880767654e-07,4.53403904592619e-05,0.8944255154767199,19,highpass
2.45926033378902e-07,4.6961839290151647e-07,1.7673034043932082e-07,2.82080880767654e-07,4.53403904592619e-05,0.7183617826468364,19,highpass
1.1057898501408151e-07,4.6961839290151647e-07,1.7673034043932082e-07,2.82080880767654e-07,4.53403904592619e-05,0.8954337622778912,20,highpass
1.161487533981517e-07,4.6961839290151647e-07,1.7673034043932082e-07,2.82080880767654e-07,4.53403904592619e-05,0.8944255154767199,20,highpass
1.161487533981517e-07,4.6961839290151647e-07,1.7673034043932082e-07,2.82080880767654e-07,4.53403904592619e-05,0.8944255154767199,20,highpass
1.1057898501408151e-07,4.6961839290151647e-07,1.7673034043932082e-07,2.82080880767654e-07,4.53403904592619e-05,0.8954337622778912,20,highpass
1.161487533981517e-07,4.6961839290151647e-07,1.7673034043932082e-07,2.82080880767654e-07,4.53403904592619e-05,0.8944255154767199,20,highpass
1.1057898501408151e-07,4.6961839290151647e-07,1.7673034043932082e-07,2.82080880767654e-07,4.53403904592619e-05,0.8954337622778912,20,highpass
1.1057898501408151e-07,4.6961839290151647e-07,1.7673034043932082e-07,2.82080880767654e-07,4.53403904592619e-05,0.8954337622778912,20,highpass
1.1057898501408151e-07,4.6961839290151647e-07,1.7673034043932082e-07,2.811928039654327e-07,4.53403904592619e-05,0.895428141367683,20,highpass
1.1057898501408151e-07,4.6961839290151647e-07,1.7673034043932082e-07,2.82080880767654e-07,4.53403904592619e-05,0.8954337622778912,20,highpass
1.161487533981517e-07,4.6961839290151647e-07,1.7673034043932082e-07,2.82080880767654e-07,4.53403904592619e-05,0.8944255154767199,20,highpass
1.161487533981517e-07,4.6961839290151647e-07,1.7673034043932082e-07,2.811928039654327e-07,4.53403904592619e-05,0.8944665884298307,20,highpass
1.1057898501408151e-07,4.6961839290151647e-07,1.7673034043932082e-07,2.82080880767654e-07,4.53403904592619e-05,0.8954337622778912,20,highpass
1.1057898501408151e-07,4.6961839290151647e-07,1.7673034043932082e-07,2.82080880767654e-07,4.53403904592619e-05,0.8954337622778912,20,highpass
1.1057898501408151e-07,4.6961839290151647e-07,1.7673034043932082e-07,2.811928039654327e-07,4.53403904592619e-05,0.895428141367683,20,highpass
1.161487533981517e-07,4.6961839290151647e-07,1.7673034043932082e-07,2.787259886579867e-07,4.53403904592619e-05,0.8943935163685183,20,highpass
1.1057898501408151e-07,4.6961839290151647e-07,1.7673034043932082e-07,2.849560738186417e-07,4.53403904592619e-05,0.8952659473402163,20,highpass
1.161487533981517e-07,4.6961839290151647e-07,1.7673034043932082e-07,2.82080880767654e-07,4.53403904592619e-05,0.8944255154767199,20,highpass
1.1057898501408151e-07,4.6961839290151647e-07,1.7673034043932082e-07,2.82080880767654e-07,4.53403904592619e-05,0.8954337622778912,20,highpass
1.161487533981517e-07,4.6961839290151647e-07,1.7673034043932082e-07,2.82080880767654e-07,4.53403904592619e-05,0.8944255154767199,20,highpass
1.161487533981517e-07,4.6961839290151647e-07,1.7673034043932082e-07,2.82080880767654e-07,4.53403904592619e-05,0.8944255154767199,20,highpass
1.161487533981517e-07,4.6961839290151647e-07,1.7673034043932082e-07,2.82080880767654e-07,4.53403904592619e-05,0.8944255154767199,20,highpass
1.161487533981517e-07,4.6961839290151647e-07,1.7673034043932082e-07,2.82080880767654e-07,3.208056232254332e-05,0.8936371321280407,20,highpass
1.1057898501408151e-07,4.6961839290151647e-07,1.7673034043932082e-07,2.82080880767654e-07,4.53403904592619e-05,0.8954337622778912,20,highpass
1.1057898501408151e-07,4.6961839290151647e-07,1.7673034043932082e-07,2.811928039654327e-07,4.53403904592619e-05,0.895428141367683,20,highpass
1.1057898501408151e-07,4.6961839290151647e-07,1.7673034043932082e-07,2.82080880767654e-07,4.53403904592619e-05,0.8954337622778912,20,highpass
1.161487533981517e-07,4.6961839290151647e-07,1.7673034043932082e-07,2.811928039654327e-07,4.53403904592619e-05,0.8944665884298307,20,highpass
1.1057898501408151e-07,4.6961839290151647e-07,1.7673034043932082e-07,2.82080880767654e-07,4.53403904592619e-05,0.8954337622778912,20,highpass
1.161487533981517e-07,4.6961839290151647e-07,1.7673034043932082e-07,2.82080880767654e-07,4.53403904592619e-05,0.8944255154767199,20,highpass
1.161487533981517e-07,4.6961839290151647e-07,1.7673034043932082e-07,2.811928039654327e-07,4.53403904592619e-05,0.8944665884298307,20,highpass
1.161487533981517e-07,5.34399543601318e-07,1.7673034043932082e-07,2.82080880767654e-07,4.53403904592619e-05,0.8742087069720541,20,highpass
1.161487533981517e-07,4.6961839290151647e-07,2.475013433372957e-07,2.82080880767654e-07,4.53403904592619e-05,0.7415417030325571,20,highpass
1.1057898501408151e-07,4.6961839290151647e-07,1.7673034043932082e-07,2.82080880767654e-07,4.53403904592619e-05,0.8954337622778912,20,highpass
1.161487533981517e-07,4.6961839290151647e-07,1.7673034043932082e-07,2.82080880767654e-07,4.53403904592619e-05,0.8944255154767199,20,highpass
1.1057898501408151e-07,4.6961839290151647e-07,1.7673034043932082e-07,2.811928039654327e-07,4.53403904592619e-05,0.895428141367683,20,highpass
1.1057898501408151e-07,4.6961839290151647e-07,1.7673034043932082e-07,2.811928039654327e-07,4.53403904592619e-05,0.895428141367683,20,highpass
1.161487533981517e-07,4.6961839290151647e-07,1.7673034043932082e-07,2.82080880767654e-07,4.53403904592619e-05,0.8944255154767199,20,highpass
1.161487533981517e-07,4.6961839290151647e-07,1.7673034043932082e-07,2.82080880767654e-07,4.53403904592619e-05,0.8944255154767199,20,highpass
1.1057898501408151e-07,4.6961839290151647e-07,1.7673034043932082e-07,2.82080880767654e-07,4.53403904592619e-05,0.8954337622778912,20,highpass
1.161487533981517e-07,4.6961839290151647e-07,1.7673034043932082e-07,2.811928039654327e-07,4.53403904592619e-05,0.8944665884298307,20,highpass
1.161487533981517e-07,4.6961839290151647e-07,1.7673034043932082e-07,2.82080880767654e-07,4.53403904592619e-05,0.8944255154767199,20,highpass
1.1057898501408151e-07,4.6961839290151647e-07,1.7673034043932082e-07,2.82080880767654e-07,4.53403904592619e-05,0.8954337622778912,21,highpass
1.1057898501408151e-07,4.6961839290151647e-07,1.7673034043932082e-07,2.811928039654327e-07,4.53403904592619e-05,0.895428141367683,21,highpass
1.1057898501408151e-07,4.6961839290151647e-07,1.7673034043932082e-07,2.811928039654327e-07,4.53403904592619e-05,0.895428141367683,21,highpass
1.1057898501408151e-07,4.6961839290151647e-07,1.7673034043932082e-07,2.82080880767654e-07,4.53403904592619e-05,0.8954337622778912,21,highpass
1.1057898501408151e-07,4.6961839290151647e-07,1.7673034043932082e-07,2.7983143562684996e-07,4.53403904592619e-05,0.8953950928781176,21,highpass
1.1057898501408151e-07,4.6961839290151647e-07,1.7673034043932082e-07,2.82080880767654e-07,4.53403904592619e-05,0.8954337622778912,21,highpass
1.1057898501408151e-07,4.6961839290151647e-07,1.7673034043932082e-07,2.82080880767654e-07,4.53403904592619e-05,0.8954337622778912,21,highpass
1.1057898501408151e-07,4.6961839290151647e-07,1.7673034043932082e-07,2.82080880767654e-07,4.53403904592619e-05,0.8954337622778912,21,highpass
1.1057898501408151e-07,4.6961839290151647e-07,1.7673034043932082e-07,2.82080880767654e-07,4.53403904592619e-05,0.8954337622778912,21,highpass
1.1057898501408151e-07,4.6961839290151647e-07,1.7673034043932082e-07,2.82080880767654e-07,4.53403904592619e-05,0.8954337622778912,21,highpass
1.1057898501408151e-07,4.6961839290151647e-07,1.7673034043932082e-07,2.82080880767654e-07,4.53403904592619e-05,0.8954337622778912,21,highpass
1.1057898501408151e-07,4.6961839290151647e-07,1.7673034043932082e-07,2.82080880767654e-07,4.53403904592619e-05,0.8954337622778912,21,highpass
1.161487533981517e-07,4.6961839290151647e-07,1.7673034043932082e-07,2.82080880767654e-07,4.53403904592619e-05,0.8944255154767199,21,highpass
1.1057898501408151e-07,4.7408360726546905e-07,1.7673034043932082e-07,2.82080880767654e-07,4.53403904592619e-05,0.8950692870959585,21,highpass
1.1057898501408151e-07,4.6961839290151647e-07,1.7673034043932082e-07,2.82080880767654e-07,4.53403904592619e-05,0.8954337622778912,21,highpass
1.1057898501408151e-07,4.6961839290151647e-07,1.7673034043932082e-07,2.82080880767654e-07,4.53403904592619e-05,0.8954337622778912,21,highpass
1.1057898501408151e-07,4.6961839290151647e-07,1.7673034043932082e-07,2.82080880767654e-07,4.53403904592619e-05,0.8954337622778912,21,highpass
1.1057898501408151e-07,4.6961839290151647e-07,1.7673034043932082e-07,2.811928039654327e-07,4.53403904592619e-05,0.895428141367683,21,highpass
1.1057898501408151e-07,4.6961839290151647e-07,1.7673034043932082e-07,2.82080880767654e-07,4.53403904592619e-05,0.8954337622778912,21,highpass
1.1057898501408151e-07,4.6961839290151647e-07,1.7673034043932082e-07,2.82080880767654e-07,4.53403904592619e-05,0.8954337622778912,21,highpass
1.1057898501408151e-07,4.6961839290151647e-07,1.7673034043932082e-07,2.82080880767654e-07,4.53403904592619e-05,0.8954337622778912,21,highpass
1.1057898501408151e-07,4.6961839290151647e-07,1.7673034043932082e-07,2.82080880767654e-07,4.53403904592619e-05,0.8954337622778912,21,highpass
1.1353250131371332e-07,4.6961839290151647e-07,1.7673034043932082e-07,2.82080880767654e-07,4.53403904592619e-05,0.8927492749963687,21,highpass
1.1057898501408151e-07,4.6961839290151647e-07,1.7673034043932082e-07,2.82080880767654e-07,4.53403904592619e-05,0.8954337622778912,21,highpass
1.1057898501408151e-07,4.6961839290151647e-07,1.7673034043932082e-07,2.82080880767654e-07,4.53403904592619e-05,0.8954337622778912,21,highpass
1.1057898501408151e-07,4.6961839290151647e-07,1.7673034043932082e-07,2.82080880767654e-07,4.53403904592619e-05,0.8954337622778912,21,highpass
1.1057898501408151e-07,4.6961839290151647e-07,1.7673034043932082e-07,2.811928039654327e-07,4.53403904592619e-05,0.895428141367683,21,highpass
1.1057898501408151e-07,4.6961839290151647e-07,1.7673034043932082e-07,2.82080880767654e-07,4.53403904592619e-05,0.8954337622778912,21,highpass
1.1057898501408151e-07,4.6961839290151647e-07,1.7673034043932082e-07,2.82080880767654e-07,4.53403904592619e-05,0.8954337622778912,21,highpass
1.1057898501408151e-07,4.6961839290151647e-07,1.7673034043932082e-07,2.82080880767654e-07,4.53403904592619e-05,0.8954337622778912,21,highpass
1.1057898501408151e-07,4.729023636192556e-07,1.7673034043932082e-07,2.82080880767654e-07,4.53403904592619e-05,0.895263147660099,21,highpass
1.1057898501408151e-07,4.6961839290151647e-07,1.7673034043932082e-07,2.82080880767654e-07,4.53403904592619e-05,0.8954337622778912,21,highpass
1.1057898501408151e-07,4.6961839290151647e-07,1.7673034043932082e-07,2.82080880767654e-07,4.53403904592619e-05,0.8954337622778912,21,highpass
1.1057898501408151e-07,4.6961839290151647e-07,1.7673034043932082e-07,2.82080880767654e-07,4.53403904592619e-05,0.8954337622778912,21,highpass
1.1057898501408151e-07,4.6961839290151647e-07,1.7673034043932082e-07,2.82080880767654e-07,4.53403904592619e-05,0.8954337622778912,21,highpass
1.1057898501408151e-07,4.6961839290151647e-07,1.7673034043932082e-07,2.82080880767654e-07,4.53403904592619e-05,0.8954337622778912,21,highpass
1.1057898501408151e-07,4.6961839290151647e-07,1.7673034043932082e-07,2.82080880767654e-07,4.53403904592619e-05,0.8954337622778912,21,highpass
1.1057898501408151e-07,4.6961839290151647e-07,1.7673034043932082e-07,2.82080880767654e-07,4.53403904592619e-05,0.8954337622778912,21,highpass
1.1057898501408151e-07,4.6961839290151647e-07,1.7673034043932082e-07,2.82080880767654e-07,4.53403904592619e-05,0.8954337622778912,21,highpass
1.1057898501408151e-07,4.6961839290151647e-07,1.7673034043932082e-07,2.82080880767654e-07,4.53403904592619e-05,0.8954337622778912,21,highpass
1.1057898501408151e-07,4.6961839290151647e-07,1.7673034043932082e-07,2.82080880767654e-07,4.53403904592619e-05,0.8954337622778912,22,highpass
1.1057898501408151e-07,4.6961839290151647e-07,1.7673034043932082e-07,2.82080880767654e-07,4.53403904592619e-05,0.8954337622778912,22,highpass
1.1057898501408151e-07,4.6961839290151647e-07,1.7673034043932082e-07,2.1914973636287569e-07,4.53403904592619e-05,0.8779956952871545,22,highpass
1.1057898501408151e-07,4.6961839290151647e-07,1.7673034043932082e-07,2.82080880767654e-07,4.53403904592619e-05,0.8954337622778912,22,highpass
1.1057898501408151e-07,4.6961839290151647e-07,1.7673034043932082e-07,2.82080880767654e-07,4.53403904592619e-05,0.8954337622778912,22,highpass
1.1057898501408151e-07,4.794540733554758e-07,1.7673034043932082e-07,2.82080880767654e-07,4.53403904592619e-05,0.8921953067306211,22,highpass
1.1057898501408151e-07,4.6961839290151647e-07,1.5553581668647414e-07,2.82080880767654e-07,4.53403904592619e-05,0.8691449874745903,22,highpass
1.1057898501408151e-07,4.6961839290151647e-07,1.7673034043932082e-07,2.82080880767654e-07,4.53403904592619e-05,0.8954337622778912,22,highpass
1.1057898501408151e-07,4.6961839290151647e-07,1.7673034043932082e-07,2.82080880767654e-07,4.53403904592619e-05,0.8954337622778912,22,highpass
1.1057898501408151e-07,4.6961839290151647e-07,1.7673034043932082e-07,2.82080880767654e-07,4.53403904592619e-05,0.8954337622778912,22,highpass
1.1057898501408151e-07,4.6961839290151647e-07,1.7673034043932082e-07,2.82080880767654e-07,4.53403904592619e-05,0.8954337622778912,22,highpass
1.1057898501408151e-07,4.6961839290151647e-07,1.7673034043932082e-07,2.82080880767654e-07,4.53403904592619e-05,0.8954337622778912,22,highpass
1.1057898501408151e-07,4.6961839290151647e-07,1.7673034043932082e-07,2.82080880767654e-07,4.53403904592619e-05,0.8954337622778912,22,highpass
1.1057898501408151e-07,4.6961839290151647e-07,1.7673034043932082e-07,2.7821308956460435e-07,4.53403904592619e-05,0.8953483715758257,22,highpass
1.1057898501408151e-07,4.6961839290151647e-07,1.7673034043932082e-07,2.82080880767654e-07,4.53403904592619e-05,0.8954337622778912,22,highpass
1.1057898501408151e-07,4.6961839290151647e-07,2.4266695019298533e-07,2.82080880767654e-07,4.53403904592619e-05,0.794043459091772,22,highpass
1.1057898501408151e-07,4.6961839290151647e-07,1.7673034043932082e-07,2.82080880767654e-07,4.53403904592619e-05,0.8954337622778912,22,highpass
1.1057898501408151e-07,4.6961839290151647e-07,1.7673034043932082e-07,2.82080880767654e-07,4.53403904592619e-05,0.8954337622778912,22,highpass
1.1057898501408151e-07,4.6961839290151647e-07,1.7673034043932082e-07,2.82080880767654e-07,4.53403904592619e-05,0.8954337622778912,22,highpass
1.1057898501408151e-07,4.6961839290151647e-07,1.7673034043932082e-07,2.82080880767654e-07,4.53403904592619e-05,0.8954337622778912,22,highpass
1.1057898501408151e-07,4.6961839290151647e-07,1.7673034043932082e-07,2.82080880767654e-07,4.53403904592619e-05,0.8954337622778912,22,highpass
1.1057898501408151e-07,4.6961839290151647e-07,1.7673034043932082e-07,2.82080880767654e-07,4.53403904592619e-05,0.8954337622778912,22,highpass
1.1057898501408151e-07,4.6961839290151647e-07,1.7673034043932082e-07,2.82080880767654e-07,4.53403904592619e-05,0.8954337622778912,22,highpass
1.1057898501408151e-07,4.6961839290151647e-07,1.7673034043932082e-07,2.82080880767654e-07,4.53403904592619e-05,0.8954337622778912,22,highpass
1.1057898501408151e-07,4.6961839290151647e-07,1.7976476093715204e-07,2.82080880767654e-07,4.53403904592619e-05,0.8950876895443857,22,highpass
1.1057898501408151e-07,4.6961839290151647e-07,1.7673034043932082e-07,2.82080880767654e-07,4.53403904592619e-05,0.8954337622778912,22,highpass
1.1057898501408151e-07,4.6961839290151647e-07,1.7673034043932082e-07,2.82080880767654e-07,4.53403904592619e-05,0.8954337622778912,22,highpass
1.1057898501408151e-07,4.6961839290151647e-07,1.7673034043932082e-07,2.82080880767654e-07,4.53403904592619e-05,0.8954337622778912,22,highpass
1.1057898501408151e-07,4.6961839290151647e-07,1.7673034043932082e-07,2.82080880767654e-07,4.53403904592619e-05,0.8954337622778912,22,highpass
1.1057898501408151e-07,4.6961839290151647e-07,1.7673034043932082e-07,2.82080880767654e-07,4.53403904592619e-05,0.8954337622778912,22,highpass
1.1057898501408151e-07,4.6961839290151647e-07,1.7673034043932082e-07,2.82080880767654e-07,4.53403904592619e-05,0.8954337622778912,22,highpass
1.1057898501408151e-07,4.6961839290151647e-07,1.7673034043932082e-07,2.82080880767654e-07,4.53403904592619e-05,0.8954337622778912,22,highpass
1.1057898501408151e-07,4.6961839290151647e-07,1.7673034043932082e-07,2.82080880767654e-07,4.53403904592619e-05,0.8954337622778912,22,highpass
1.1057898501408151e-07,4.6961839290151647e-07,1.7673034043932082e-07,2.82080880767654e-07,4.53403904592619e-05,0.8954337622778912,22,highpass
1.1057898501408151e-07,4.6961839290151647e-07,1.7673034043932082e-07,2.82080880767654e-07,4.53403904592619e-05,0.8954337622778912,22,highpass
1.1057898501408151e-07,4.6961839290151647e-07,1.7673034043932082e-07,2.82080880767654e-07,4.53403904592619e-05,0.8954337622778912,22,highpass
1.1057898501408151e-07,4.6961839290151647e-07,1.7673034043932082e-07,2.82080880767654e-07,4.53403904592619e-05,0.8954337622778912,22,highpass
1.1057898501408151e-07,4.996157539950527e-07,1.7673034043932082e-07,2.82080880767654e-07,4.53403904592619e-05,0.8902012911475723,22,highpass
1.1057898501408151e-07,4.6961839290151647e-07,1.7673034043932082e-07,2.82080880767654e-07,4.6483950773319126e-05,0.8951995217237884,22,highpass
1.1057898501408151e-07,4.6961839290151647e-07,1.7673034043932082e-07,2.82080880767654e-07,4.53403904592619e-05,0.8954337622778912,22,highpass
1.1057898501408151e-07,4.6961839290151647e-07,1.7673034043932082e-07,2.82080880767654e-07,4.53403904592619e-05,0.8954337622778912,23,highpass
1.1057898501408151e-07,4.6961839290151647e-07,1.7673034043932082e-07,2.82080880767654e-07,4.53403904592619e-05,0.8954337622778912,23,highpass
1.1026369779421676e-07,4.6961839290151647e-07,1.7673034043932082e-07,2.82080880767654e-07,4.53403904592619e-05,0.8942847110312034,23,highpass
1.1057898501408151e-07,4.6961839290151647e-07,1.7673034043932082e-07,2.82080880767654e-07,4.53403904592619e-05,0.8954337622778912,23,highpass
1.1057898501408151e-07,4.6961839290151647e-07,1.7673034043932082e-07,2.82080880767654e-07,4.53403904592619e-05,0.8954337622778912,23,highpass
1.1057898501408151e-07,4.6961839290151647e-07,1.7673034043932082e-07,2.82080880767654e-07,4.53403904592619e-05,0.8954337622778912,23,highpass
1.1057898501408151e-07,4.6961839290151647e-07,1.7673034043932082e-07,2.82080880767654e-07,4.53403904592619e-05,0.8954337622778912,23,highpass
1.1057898501408151e-07,4.6961839290151647e-07,1.7673034043932082e-07,2.82080880767654e-07,4.53403904592619e-05,0.8954337622778912,23,highpass
1.1057898501408151e-07,4.6961839290151647e-07,1.7673034043932082e-07,2.82080880767654e-07,4.53403904592619e-05,0.8954337622778912,23,highpass
1.1057898501408151e-07,4.6961839290151647e-07,1.4311431216888735e-07,2.82080880767654e-07,4.53403904592619e-05,0.8675432607284767,23,highpass
1.1057898501408151e-07,4.6961839290151647e-07,1.7673034043932082e-07,2.82080880767654e-07,4.53403904592619e-05,0.8954337622778912,23,highpass
1.1057898501408151e-07,4.6961839290151647e-07,1.7673034043932082e-07,2.82080880767654e-07,4.53403904592619e-05,0.8954337622778912,23,highpass
1.1057898501408151e-07,4.6961839290151647e-07,1.7673034043932082e-07,2.82080880767654e-07,4.53403904592619e-05,0.8954337622778912,23,highpass
1.096030820250525e-07,4.6961839290151647e-07,1.7673034043932082e-07,2.82080880767654e-07,4.53403904592619e-05,0.8942847110312034,23,highpass
1.1057898501408151e-07,4.6961839290151647e-07,1.7673034043932082e-07,2.82080880767654e-07,4.53403904592619e-05,0.8954337622778912,23,highpass
1.1057898501408151e-07,4.574023286046042e-07,1.7673034043932082e-07,2.82080880767654e-07,4.53403904592619e-05,0.8944717079195008,23,highpass
1.1057898501408151e-07,4.6961839290151647e-07,1.7673034043932082e-07,2.82080880767654e-07,4.53403904592619e-05,0.8954337622778912,23,highpass
1.1057898501408151e-07,4.6961839290151647e-07,1.7673034043932082e-07,2.82080880767654e-07,4.53403904592619e-05,0.8954337622778912,23,highpass
1.1057898501408151e-07,4.6961839290151647e-07,1.7673034043932082e-07,2.82080880767654e-07,4.53403904592619e-05,0.8954337622778912,23,highpass
1.1057898501408151e-07,4.6961839290151647e-07,1.7673034043932082e-07,2.82080880767654e-07,4.53403904592619e-05,0.8954337622778912,23,highpass
1.1057898501408151e-07,4.6961839290151647e-07,1.7673034043932082e-07,2.82080880767654e-07,3.4779704347589666e-05,0.8943796099356727,23,highpass
1.1057898501408151e-07,4.6961839290151647e-07,1.7673034043932082e-07,2.82080880767654e-07,4.53403904592619e-05,0.8954337622778912,23,highpass
1.1057898501408151e-07,4.6961839290151647e-07,1.7673034043932082e-07,2.82080880767654e-07,4.541516355973522e-05,0.8954432284676388,23,highpass
1.1057898501408151e-07,4.6961839290151647e-07,1.7673034043932082e-07,2.82080880767654e-07,4.53403904592619e-05,0.8954337622778912,23,highpass
1.1057898501408151e-07,4.6961839290151647e-07,1.7673034043932082e-07,2.82080880767654e-07,4.53403904592619e-05,0.8954337622778912,23,highpass
1.1057898501408151e-07,4.6961839290151647e-07,1.7673034043932082e-07,2.82080880767654e-07,4.53403904592619e-05,0.8954337622778912,23,highpass
1.1057898501408151e-07,4.6961839290151647e-07,1.7673034043932082e-07,2.82080880767654e-07,4.53403904592619e-05,0.8954337622778912,23,highpass
1.1057898501408151e-07,4.6961839290151647e-07,1.7673034043932082e-07,2.82080880767654e-07,4.53403904592619e-05,0.8954337622778912,23,highpass
1.1057898501408151e-07,4.6961839290151647e-07,1.7673034043932082e-07,2.82080880767654e-07,4.6019097477822974e-05,0.8952417865461252,23,highpass
1.1057898501408151e-07,4.6961839290151647e-07,1.7673034043932082e-07,2.82080880767654e-07,4.1687791187798886e-05,0.8937045861721293,23,highpass
1.1057898501408151e-07,4.6961839290151647e-07,1.7673034043932082e-07,2.82080880767654e-07,4.53403904592619e-05,0.8954337622778912,23,highpass
1.1057898501408151e-07,4.6961839290151647e-07,1.7673034043932082e-07,2.82080880767654e-07,4.53403904592619e-05,0.8954337622778912,23,highpass
1.1057898501408151e-07,4.6961839290151647e-07,1.7673034043932082e-07,2.82080880767654e-07,3.843827950018724e-05,0.8931354744502056,23,highpass
1.1057898501408151e-07,4.6961839290151647e-07,1.7673034043932082e-07,2.82080880767654e-07,4.53403904592619e-05,0.8954337622778912,23,highpass
1.1057898501408151e-07,4.6961839290151647e-07,1.7673034043932082e-07,2.82080880767654e-07,4.53403904592619e-05,0.8954337622778912,23,highpass
1.1057898501408151e-07,4.6961839290151647e-07,1.7673034043932082e-07,2.82080880767654e-07,4.53403904592619e-05,0.8954337622778912,23,highpass
1.1057898501408151e-07,4.6961839290151647e-07,1.7673034043932082e-07,2.82080880767654e-07,4.53403904592619e-05,0.8954337622778912,23,highpass
1.1057898501408151e-07,4.6961839290151647e-07,1.7673034043932082e-07,2.82080880767654e-07,4.53403904592619e-05,0.8954337622778912,23,highpass
1.1057898501408151e-07,4.6961839290151647e-07,1.7673034043932082e-07,2.82080880767654e-07,3.0867413733844135e-05,0.894868251337086,23,highpass
1.1057898501408151e-07,4.6961839290151647e-07,1.7673034043932082e-07,2.82080880767654e-07,4.53403904592619e-05,0.8954337622778912,23,highpass
1.1057898501408151e-07,4.6961839290151647e-07,1.7673034043932082e-07,2.82080880767654e-07,4.541516355973522e-05,0.8954432284676388,24,highpass
1.1057898501408151e-07,4.6961839290151647e-07,1.7673034043932082e-07,2.82080880767654e-07,4.53403904592619e-05,0.8954337622778912,24,highpass
1.1057898501408151e-07,4.6961839290151647e-07,1.7673034043932082e-07,2.82080880767654e-07,4.53403904592619e-05,0.8954337622778912,24,highpass
1.1057898501408151e-07,4.6961839290151647e-07,1.7673034043932082e-07,2.82080880767654e-07,4.53403904592619e-05,0.8954337622778912,24,highpass
1.1057898501408151e-07,4.6961839290151647e-07,1.7673034043932082e-07,1.7470766284529166e-07,4.53403904592619e-05,0.8426778223727789,24,highpass
1.1057898501408151e-07,4.6961839290151647e-07,1.7673034043932082e-07,2.82080880767654e-07,4.53403904592619e-05,0.8954337622778912,24,highpass
1.1057898501408151e-07,4.6961839290151647e-07,1.7673034043932082e-07,2.82080880767654e-07,4.53403904592619e-05,0.8954337622778912,24,highpass
1.1057898501408151e-07,4.6961839290151647e-07,1.7673034043932082e-07,2.82080880767654e-07,4.53403904592619e-05,0.8954337622778912,24,highpass
1.1057898501408151e-07,4.6961839290151647e-07,1.7673034043932082e-07,2.843626367047296e-07,4.53403904592619e-05,0.8953337839161934,24,highpass
1.1057898501408151e-07,4.6961839290151647e-07,1.7673034043932082e-07,2.82080880767654e-07,4.53403904592619e-05,0.8954337622778912,24,highpass
1.1283493774861544e-07,4.6961839290151647e-07,1.7673034043932082e-07,2.82080880767654e-07,4.53403904592619e-05,0.8940607475157498,24,highpass
1.1057898501408151e-07,4.6961839290151647e-07,1.7673034043932082e-07,2.82080880767654e-07,4.53403904592619e-05,0.8954337622778912,24,highpass
1.1057898501408151e-07,4.6961839290151647e-07,1.7673034043932082e-07,2.82080880767654e-07,4.53403904592619e-05,0.8954337622778912,24,highpass
1.1057898501408151e-07,4.6961839290151647e-07,1.7673034043932082e-07,2.82080880767654e-07,3.903860445908663e-05,0.8951331475074726,24,highpass
1.1057898501408151e-07,4.6961839290151647e-07,1.7673034043932082e-07,2.82080880767654e-07,4.541516355973522e-05,0.8954432284676388,24,highpass
1.1057898501408151e-07,4.6961839290151647e-07,1.7673034043932082e-07,2.82080880767654e-07,4.53403904592619e-05,0.8954337622778912,24,highpass
1.1057898501408151e-07,4.6961839290151647e-07,1.7673034043932082e-07,2.82080880767654e-07,4.53403904592619e-05,0.8954337622778912,24,highpass
1.1057898501408151e-07,4.6961839290151647e-07,1.7673034043932082e-07,2.82080880767654e-07,4.53403904592619e-05,0.8954337622778912,24,highpass
1.1057898501408151e-07,4.6961839290151647e-07,1.7673034043932082e-07,2.82080880767654e-07,4.53403904592619e-05,0.8954337622778912,24,highpass
1.1057898501408151e-07,4.6961839290151647e-07,1.7673034043932082e-07,2.82080880767654e-07,4.53403904592619e-05,0.8954337622778912,24,highpass
1.1057898501408151e-07,4.6961839290151647e-07,1.757516871186534e-07,2.82080880767654e-07,4.53403904592619e-05,0.8939706271191782,24,highpass
1.0834786612195844e-07,4.6961839290151647e-07,1.7673034043932082e-07,2.82080880767654e-07,4.53403904592619e-05,0.8924553741728036,24,highpass
1.1057898501408151e-07,4.6961839290151647e-07,1.7673034043932082e-07,2.82080880767654e-07,4.541516355973522e-05,0.8954432284676388,24,highpass
1.1057898501408151e-07,4.6961839290151647e-07,1.7673034043932082e-07,2.82080880767654e-07,4.53403904592619e-05,0.8954337622778912,24,highpass
1.0686802269837365e-07,4.6961839290151647e-07,1.7673034043932082e-07,2.82080880767654e-07,4.53403904592619e-05,0.8941577408208983,24,highpass
1.1057898501408151e-07,4.6961839290151647e-07,1.7673034043932082e-07,2.82080880767654e-07,4.53403904592619e-05,0.8954337622778912,24,highpass
1.1057898501408151e-07,4.6961839290151647e-07,1.7673034043932082e-07,2.82080880767654e-07,4.53403904592619e-05,0.8954337622778912,24,highpass
1.1057898501408151e-07,4.6961839290151647e-07,1.7673034043932082e-07,2.82080880767654e-07,4.53403904592619e-05,0.8954337622778912,24,highpass
1.1057898501408151e-07,4.6961839290151647e-07,1.7673034043932082e-07,2.82080880767654e-07,4.541516355973522e-05,0.8954432284676388,24,highpass
1.1057898501408151e-07,4.6961839290151647e-07,1.7673034043932082e-07,2.82080880767654e-07,4.53403904592619e-05,0.8954337622778912,24,highpass
1.1057898501408151e-07,4.6961839290151647e-07,1.7673034043932082e-07,2.82080880767654e-07,4.53403904592619e-05,0.8954337622778912,24,highpass
1.1057898501408151e-07,4.6961839290151647e-07,1.7673034043932082e-07,2.82080880767654e-07,4.53403904592619e-05,0.8954337622778912,24,highpass
1.1057898501408151e-07,4.6961839290151647e-07,1.7673034043932082e-07,2.82080880767654e-07,4.53403904592619e-05,0.8954337622778912,24,highpass
1.1057898501408151e-07,4.6961839290151647e-07,1.7673034043932082e-07,2.82080880767654e-07,4.53403904592619e-05,0.8954337622778912,24,highpass
1.1057898501408151e-07,4.6961839290151647e-07,1.7673034043932082e-07,2.82080880767654e-07,4.53403904592619e-05,0.8954337622778912,24,highpass
1.1057898501408151e-07,4.6961839290151647e-07,1.7673034043932082e-07,2.82080880767654e-07,3.162582639975079e-05,0.8941567232179963,24,highpass
1.1057898501408151e-07,4.6961839290151647e-07,1.7673034043932082e-07,2.82080880767654e-07,4.7330339268120815e-05,0.8949257972143201,24,highpass
1.1057898501408151e-07,4.6961839290151647e-07,1.7673034043932082e-07,2.82080880767654e-07,4.53403904592619e-05,0.8954337622778912,24,highpass
1.1057898501408151e-07,4.82119832674659e-07,1.7673034043932082e-07,2.82080880767654e-07,4.53403904592619e-05,0.891590518952254,24,highpass
1.1057898501408151e-07,4.6961839290151647e-07,1.7673034043932082e-07,2.82080880767654e-07,4.53403904592619e-05,0.8954337622778912,24,highpass
1.1057898501408151e-07,4.6961839290151647e-07,1.7673034043932082e-07,2.82080880767654e-07,4.541516355973522e-05,0.8954432284676388,25,highpass
1.1057898501408151e-07,4.6961839290151647e-07,1.7673034043932082e-07,2.82080880767654e-07,4.541516355973522e-05,0.8954432284676388,25,highpass
1.1057898501408151e-07,4.6961839290151647e-07,1.7673034043932082e-07,2.82080880767654e-07,4.53403904592619e-05,0.8954337622778912,25,highpass
1.1057898501408151e-07,4.6961839290151647e-07,1.7673034043932082e-07,2.82080880767654e-07,4.53403904592619e-05,0.8954337622778912,25,highpass
1.1057898501408151e-07,4.6961839290151647e-07,1.7673034043932082e-07,2.82080880767654e-07,4.541516355973522e-05,0.8954432284676388,25,highpass
1.1057898501408151e-07,4.6961839290151647e-07,1.7673034043932082e-07,2.82080880767654e-07,4.53403904592619e-05,0.8954337622778912,25,highpass
1.1057898501408151e-07,4.6961839290151647e-07,1.8285041280198944e-07,2.82080880767654e-07,4.541516355973522e-05,0.8967060202257611,25,highpass
1.1057898501408151e-07,4.6961839290151647e-07,1.7673034043932082e-07,2.82080880767654e-07,4.541516355973522e-05,0.8954432284676388,25,highpass
1.1057898501408151e-07,4.6961839290151647e-07,1.7673034043932082e-07,2.82080880767654e-07,4.541516355973522e-05,0.8954432284676388,25,highpass
1.1057898501408151e-07,4.6961839290151647e-07,1.7673034043932082e-07,2.82080880767654e-07,4.541516355973522e-05,0.8954432284676388,25,highpass
1.1057898501408151e-07,4.6961839290151647e-07,1.7673034043932082e-07,2.82080880767654e-07,4.53403904592619e-05,0.8954337622778912,25,highpass
1.1057898501408151e-07,4.6961839290151647e-07,1.7673034043932082e-07,2.82080880767654e-07,4.541516355973522e-05,0.8954432284676388,25,highpass
1.0704341807294846e-07,4.6961839290151647e-07,1.7673034043932082e-07,2.82080880767654e-07,4.53403904592619e-05,0.8945700705517738,25,highpass
1.1057898501408151e-07,4.6961839290151647e-07,1.7673034043932082e-07,2.82080880767654e-07,4.53403904592619e-05,0.8954337622778912,25,highpass
1.1057898501408151e-07,4.6961839290151647e-07,1.7673034043932082e-07,2.82080880767654e-07,4.53403904592619e-05,0.8954337622778912,25,highpass
1.1057898501408151e-07,4.852543650405246e-07,1.7673034043932082e-07,2.82080880767654e-07,4.541516355973522e-05,0.8907851894768326,25,highpass
1.1057898501408151e-07,4.6961839290151647e-07,1.7673034043932082e-07,2.82080880767654e-07,4.405198697543629e-05,0.895390924472662,25,highpass
1.1057898501408151e-07,4.6961839290151647e-07,1.7673034043932082e-07,2.82080880767654e-07,4.541516355973522e-05,0.8954432284676388,25,highpass
1.1057898501408151e-07,4.765970659772701e-07,1.7673034043932082e-07,2.82080880767654e-07,4.53403904592619e-05,0.8926753614869325,25,highpass
1.1057898501408151e-07,4.6961839290151647e-07,1.7673034043932082e-07,2.82080880767654e-07,4.53403904592619e-05,0.8954337622778912,25,highpass
1.1057898501408151e-07,4.6961839290151647e-07,1.7673034043932082e-07,2.82080880767654e-07,4.53403904592619e-05,0.8954337622778912,25,highpass
1.1057898501408151e-07,4.6961839290151647e-07,1.7673034043932082e-07,2.82080880767654e-07,4.541516355973522e-05,0.8954432284676388,25,highpass
1.1057898501408151e-07,4.6961839290151647e-07,1.7673034043932082e-07,2.82080880767654e-07,4.53403904592619e-05,0.8954337622778912,25,highpass
1.1057898501408151e-07,4.6961839290151647e-07,1.7673034043932082e-07,2.82080880767654e-07,4.53403904592619e-05,0.8954337622778912,25,highpass
1.1057898501408151e-07,4.6961839290151647e-07,1.7673034043932082e-07,2.82080880767654e-07,4.541516355973522e-05,0.8954432284676388,25,highpass
1.1057898501408151e-07,4.6961839290151647e-07,1.7673034043932082e-07,2.82080880767654e-07,4.541516355973522e-05,0.8954432284676388,25,highpass
1.1057898501408151e-07,4.6961839290151647e-07,1.7673034043932082e-07,2.82080880767654e-07,4.53403904592619e-05,0.8954337622778912,25,highpass
1.1057898501408151e-07,4.6961839290151647e-07,1.7673034043932082e-07,2.82080880767654e-07,4.541516355973522e-05,0.8954432284676388,25,highpass
1.1057898501408151e-07,4.6961839290151647e-07,1.7673034043932082e-07,2.82080880767654e-07,4.53403904592619e-05,0.8954337622778912,25,highpass
1.1057898501408151e-07,4.6961839290151647e-07,1.7673034043932082e-07,1.812929629471164e-07,4.53403904592619e-05,0.8463417445083801,25,highpass
1.1057898501408151e-07,4.6961839290151647e-07,1.7673034043932082e-07,2.82080880767654e-07,4.53403904592619e-05,0.8954337622778912,25,highpass
1.1057898501408151e-07,4.6961839290151647e-07,1.7673034043932082e-07,2.82080880767654e-07,4.53403904592619e-05,0.8954337622778912,25,highpass
1.1057898501408151e-07,4.6961839290151647e-07,1.7673034043932082e-07,2.82080880767654e-07,4.541516355973522e-05,0.8954432284676388,25,highpass
1.1057898501408151e-07,6.772712273922785e-07,1.7673034043932082e-07,2.82080880767654e-07,4.541516355973522e-05,0.8097070892688344,25,highpass
1.1057898501408151e-07,4.6961839290151647e-07,1.7673034043932082e-07,2.82080880767654e-07,4.53403904592619e-05,0.8954337622778912,25,highpass
1.1057898501408151e-07,4.6961839290151647e-07,1.7673034043932082e-07,2.82080880767654e-07,4.541516355973522e-05,0.8954432284676388,25,highpass
1.1084254470867215e-07,4.6961839290151647e-07,1.7673034043932082e-07,2.82080880767654e-07,4.53403904592619e-05,0.8954337622778912,25,highpass
1.1057898501408151e-07,4.6961839290151647e-07,1.7673034043932082e-07,2.82080880767654e-07,4.53403904592619e-05,0.8954337622778912,25,highpass
1.1057898501408151e-07,4.6961839290151647e-07,1.7673034043932082e-07,2.82080880767654e-07,4.53403904592619e-05,0.8954337622778912,25,highpass
1.1057898501408151e-07,4.6961839290151647e-07,1.7673034043932082e-07,2.82080880767654e-07,4.53403904592619e-05,0.8954337622778912,25,highpass
1.1057898501408151e-07,4.6961839290151647e-07,1.8285041280198944e-07,2.82080880767654e-07,4.541516355973522e-05,0.8967060202257611,26,highpass
1.1057898501408151e-07,4.6961839290151647e-07,1.7673034043932082e-07,2.82080880767654e-07,4.541516355973522e-05,0.8954432284676388,26,highpass
1.1057898501408151e-07,4.6961839290151647e-07,1.1596147014395076e-07,2.82080880767654e-07,4.541516355973522e-05,0.8333326768353595,26,highpass
1.1057898501408151e-07,4.6961839290151647e-07,1.7673034043932082e-07,2.82080880767654e-07,4.541516355973522e-05,0.8954432284676388,26,highpass
1.1057898501408151e-07,4.3466004815851355e-07,1.7673034043932082e-07,2.82080880767654e-07,4.541516355973522e-05,0.8858842944821006,26,highpass
1.1057898501408151e-07,4.6961839290151647e-07,1.7673034043932082e-07,2.82080880767654e-07,4.541516355973522e-05,0.8954432284676388,26,highpass
1.1057898501408151e-07,4.6961839290151647e-07,1.7673034043932082e-07,2.82080880767654e-07,4.541516355973522e-05,0.8954432284676388,26,highpass
1.1057898501408151e-07,4.6961839290151647e-07,1.7673034043932082e-07,2.82080880767654e-07,4.541516355973522e-05,0.8954432284676388,26,highpass
1.1057898501408151e-07,4.6961839290151647e-07,1.7673034043932082e-07,2.82080880767654e-07,4.541516355973522e-05,0.8954432284676388,26,highpass
1.1057898501408151e-07,4.6961839290151647e-07,1.7673034043932082e-07,2.82080880767654e-07,4.53403904592619e-05,0.8954337622778912,26,highpass
1.1057898501408151e-07,4.6961839290151647e-07,1.7673034043932082e-07,2.82080880767654e-07,4.541516355973522e-05,0.8954432284676388,26,highpass
1.1057898501408151e-07,4.6961839290151647e-07,1.7673034043932082e-07,2.82080880767654e-07,4.541516355973522e-05,0.8954432284676388,26,highpass
1.1057898501408151e-07,4.6961839290151647e-07,1.7673034043932082e-07,2.82080880767654e-07,4.53403904592619e-05,0.8954337622778912,26,highpass
1.1057898501408151e-07,4.6961839290151647e-07,1.7673034043932082e-07,2.82080880767654e-07,4.541516355973522e-05,0.8954432284676388,26,highpass
1.1057898501408151e-07,4.6961839290151647e-07,1.7673034043932082e-07,2.82080880767654e-07,4.541516355973522e-05,0.8954432284676388,26,highpass
1.1057898501408151e-07,4.6961839290151647e-07,1.8285041280198944e-07,2.82080880767654e-07,4.541516355973522e-05,0.8967060202257611,26,highpass
1.1057898501408151e-07,4.6961839290151647e-07,1.7673034043932082e-07,2.82080880767654e-07,4.541516355973522e-05,0.8954432284676388,26,highpass
1.1057898501408151e-07,4.6961839290151647e-07,1.8285041280198944e-07,2.82080880767654e-07,4.541516355973522e-05,0.8967060202257611,26,highpass
1.1057898501408151e-07,4.6961839290151647e-07,1.7673034043932082e-07,2.82080880767654e-07,4.541516355973522e-05,0.8954432284676388,26,highpass
1.1057898501408151e-07,4.6961839290151647e-07,1.7673034043932082e-07,2.82080880767654e-07,4.541516355973522e-05,0.8954432284676388,26,highpass
1.1057898501408151e-07,4.6961839290151647e-07,1.7673034043932082e-07,2.82080880767654e-07,4.541516355973522e-05,0.8954432284676388,26,highpass
1.1057898501408151e-07,4.6961839290151647e-07,1.7673034043932082e-07,2.82080880767654e-07,4.541516355973522e-05,0.8954432284676388,26,highpass
1.1057898501408151e-07,4.6961839290151647e-07,1.7673034043932082e-07,2.82080880767654e-07,4.541516355973522e-05,0.8954432284676388,26,highpass
1.1057898501408151e-07,4.6961839290151647e-07,1.7673034043932082e-07,2.82080880767654e-07,4.541516355973522e-05,0.8954432284676388,26,highpass
1.1057898501408151e-07,4.6961839290151647e-07,1.7673034043932082e-07,2.82080880767654e-07,4.541516355973522e-05,0.8954432284676388,26,highpass
1.091846983051242e-07,4.6961839290151647e-07,1.7673034043932082e-07,2.82080880767654e-07,4.541516355973522e-05,0.89241120585537,26,highpass
1.1057898501408151e-07,4.6961839290151647e-07,1.7673034043932082e-07,2.82080880767654e-07,4.541516355973522e-05,0.8954432284676388,26,highpass
1.1057898501408151e-07,4.6961839290151647e-07,1.8285041280198944e-07,2.82080880767654e-07,4.541516355973522e-05,0.8967060202257611,26,highpass
1.1057898501408151e-07,4.6961839290151647e-07,1.7673034043932082e-07,2.82080880767654e-07,4.541516355973522e-05,0.8954432284676388,26,highpass
1.1057898501408151e-07,4.6961839290151647e-07,1.7673034043932082e-07,2.571440701117738e-07,4.541516355973522e-05,0.894045517180077,26,highpass
1.1057898501408151e-07,4.6961839290151647e-07,1.7673034043932082e-07,2.82080880767654e-07,4.541516355973522e-05,0.8954432284676388,26,highpass
1.1057898501408151e-07,4.6961839290151647e-07,1.7673034043932082e-07,2.82080880767654e-07,4.541516355973522e-05,0.8954432284676388,26,highpass
1.1057898501408151e-07,4.6961839290151647e-07,1.7673034043932082e-07,2.82080880767654e-07,4.541516355973522e-05,0.8954432284676388,26,highpass
1.1057898501408151e-07,4.6961839290151647e-07,1.7673034043932082e-07,2.82080880767654e-07,4.541516355973522e-05,0.8954432284676388,26,highpass
1.1057898501408151e-07,4.6961839290151647e-07,1.7673034043932082e-07,2.82080880767654e-07,4.6124087087580014e-05,0.8952371710792515,26,highpass
1.1057898501408151e-07,4.6961839290151647e-07,1.7673034043932082e-07,2.82080880767654e-07,4.541516355973522e-05,0.8954432284676388,26,highpass
1.1057898501408151e-07,4.6961839290151647e-07,1.7673034043932082e-07,2.82080880767654e-07,4.541516355973522e-05,0.8954432284676388,26,highpass
1.1057898501408151e-07,4.6961839290151647e-07,1.7673034043932082e-07,2.82080880767654e-07,4.541516355973522e-05,0.8954432284676388,26,highpass
1.1057898501408151e-07,4.6961839290151647e-07,1.8285041280198944e-07,2.82080880767654e-07,4.541516355973522e-05,0.8967060202257611,26,highpass
1.1057898501408151e-07,4.6961839290151647e-07,1.7673034043932082e-07,2.82080880767654e-07,4.541516355973522e-05,0.8954432284676388,26,highpass
1.1057898501408151e-07,4.6961839290151647e-07,1.8285041280198944e-07,2.82080880767654e-07,4.541516355973522e-05,0.8967060202257611,27,highpass
1.1057898501408151e-07,4.6961839290151647e-07,1.7763786984757282e-07,2.82080880767654e-07,4.541516355973522e-05,0.8941967730642679,27,highpass
1.1057898501408151e-07,4.6961839290151647e-07,1.7673034043932082e-07,2.82080880767654e-07,4.541516355973522e-05,0.8954432284676388,27,highpass
1.1057898501408151e-07,4.6961839290151647e-07,1.8285041280198944e-07,2.82080880767654e-07,4.3497353427328765e-05,0.8950519687871172,27,highpass
1.1057898501408151e-07,4.6961839290151647e-07,1.8285041280198944e-07,2.82080880767654e-07,4.541516355973522e-05,0.8967060202257611,27,highpass
1.0713852636518689e-07,4.6961839290151647e-07,1.8285041280198944e-07,2.82080880767654e-07,4.541516355973522e-05,0.8943530088505081,27,highpass
1.1057898501408151e-07,4.6961839290151647e-07,1.7673034043932082e-07,2.82080880767654e-07,4.541516355973522e-05,0.8954432284676388,27,highpass
1.1057898501408151e-07,4.6961839290151647e-07,1.0376218611801731e-07,2.82080880767654e-07,4.541516355973522e-05,0.8157252807926056,27,highpass
1.1057898501408151e-07,4.6961839290151647e-07,1.8285041280198944e-07,2.82080880767654e-07,4.541516355973522e-05,0.8967060202257611,27,highpass
1.1057898501408151e-07,4.804387781174991e-07,1.7673034043932082e-07,2.82080880767654e-07,4.541516355973522e-05,0.8919924713476169,27,highpass
1.1057898501408151e-07,4.6961839290151647e-07,1.7673034043932082e-07,2.82080880767654e-07,4.541516355973522e-05,0.8954432284676388,27,highpass
1.1057898501408151e-07,4.6961839290151647e-07,1.8285041280198944e-07,2.82080880767654e-07,4.541516355973522e-05,0.8967060202257611,27,highpass
1.1057898501408151e-07,4.6961839290151647e-07,1.8285041280198944e-07,2.82080880767654e-07,4.541516355973522e-05,0.8967060202257611,27,highpass
1.1057898501408151e-07,4.6961839290151647e-07,1.7673034043932082e-07,2.82080880767654e-07,4.541516355973522e-05,0.8954432284676388,27,highpass
1.1057898501408151e-07,4.6961839290151647e-07,1.7673034043932082e-07,2.82080880767654e-07,4.0646615759009716e-05,0.8946462263058647,27,highpass
1.1057898501408151e-07,4.6961839290151647e-07,1.7673034043932082e-07,2.232624553331683e-07,4.541516355973522e-05,0.879571464198175,27,highpass
1.1057898501408151e-07,4.6961839290151647e-07,1.8285041280198944e-07,2.82080880767654e-07,4.541516355973522e-05,0.8967060202257611,27,highpass
1.1057898501408151e-07,4.6961839290151647e-07,1.7673034043932082e-07,2.82080880767654e-07,4.541516355973522e-05,0.8954432284676388,27,highpass
1.1057898501408151e-07,4.6961839290151647e-07,1.7673034043932082e-07,2.82080880767654e-07,4.541516355973522e-05,0.8954432284676388,27,highpass
1.1057898501408151e-07,4.6961839290151647e-07,1.7673034043932082e-07,2.82080880767654e-07,4.541516355973522e-05,0.8954432284676388,27,highpass
1.142657777750216e-07,4.6961839290151647e-07,1.8285041280198944e-07,2.82080880767654e-07,4.541516355973522e-05,0.8916197659682662,27,highpass
1.1057898501408151e-07,4.6961839290151647e-07,1.7673034043932082e-07,2.82080880767654e-07,4.541516355973522e-05,0.8954432284676388,27,highpass
1.1057898501408151e-07,4.6961839290151647e-07,1.7673034043932082e-07,2.82080880767654e-07,4.541516355973522e-05,0.8954432284676388,27,highpass
1.1057898501408151e-07,4.6961839290151647e-07,1.7673034043932082e-07,2.82080880767654e-07,4.541516355973522e-05,0.8954432284676388,27,highpass
1.1057898501408151e-07,4.6961839290151647e-07,1.8285041280198944e-07,2.82080880767654e-07,4.541516355973522e-05,0.8967060202257611,27,highpass
1.1057898501408151e-07,4.6961839290151647e-07,1.8285041280198944e-07,2.82080880767654e-07,4.541516355973522e-05,0.8967060202257611,27,highpass
1.1057898501408151e-07,4.6961839290151647e-07,1.8285041280198944e-07,2.82080880767654e-07,4.541516355973522e-05,0.8967060202257611,27,highpass
1.1057898501408151e-07,4.6961839290151647e-07,1.7673034043932082e-07,2.82080880767654e-07,4.541516355973522e-05,0.8954432284676388,27,highpass
1.1057898501408151e-07,4.6961839290151647e-07,1.8285041280198944e-07,2.82080880767654e-07,4.541516355973522e-05,0.8967060202257611,27,highpass
1.1525827667598311e-07,4.6961839290151647e-07,1.7673034043932082e-07,2.82080880767654e-07,4.541516355973522e-05,0.8942268743330467,27,highpass
1.1057898501408151e-07,4.6961839290151647e-07,1.8285041280198944e-07,2.82080880767654e-07,4.541516355973522e-05,0.8967060202257611,27,highpass
1.1057898501408151e-07,4.6961839290151647e-07,1.8285041280198944e-07,2.82080880767654e-07,4.541516355973522e-05,0.8967060202257611,27,highpass
1.1057898501408151e-07,4.6961839290151647e-07,1.8285041280198944e-07,2.82080880767654e-07,4.541516355973522e-05,0.8967060202257611,27,highpass
1.1057898501408151e-07,4.6961839290151647e-07,1.8285041280198944e-07,2.82080880767654e-07,4.541516355973522e-05,0.8967060202257611,27,highpass
1.1057898501408151e-07,4.6961839290151647e-07,1.7673034043932082e-07,2.82080880767654e-07,4.541516355973522e-05,0.8954432284676388,27,highpass
1.1057898501408151e-07,4.6961839290151647e-07,1.8285041280198944e-07,2.82080880767654e-07,4.541516355973522e-05,0.8967060202257611,27,highpass
1.1057898501408151e-07,4.6961839290151647e-07,1.7673034043932082e-07,2.82080880767654e-07,4.541516355973522e-05,0.8954432284676388,27,highpass
1.1057898501408151e-07,5.527859591047136e-07,1.7673034043932082e-07,2.82080880767654e-07,4.541516355973522e-05,0.8674426337882947,27,highpass
1.1057898501408151e-07,4.6961839290151647e-07,1.8285041280198944e-07,2.82080880767654e-07,4.541516355973522e-05,0.8967060202257611,27,highpass
1.1057898501408151e-07,4.6961839290151647e-07,1.8285041280198944e-07,2.82080880767654e-07,4.541516355973522e-05,0.8967060202257611,27,highpass
1.1057898501408151e-07,4.6961839290151647e-07,1.8285041280198944e-07,2.82080880767654e-07,4.541516355973522e-05,0.8967060202257611,28,highpass
1.1057898501408151e-07,4.6961839290151647e-07,1.8285041280198944e-07,2.82080880767654e-07,4.541516355973522e-05,0.8967060202257611,28,highpass
1.1057898501408151e-07,4.6961839290151647e-07,1.8285041280198944e-07,2.82080880767654e-07,1.0058238702919414e-05,0.8940762760306199,28,highpass
1.1057898501408151e-07,4.6961839290151647e-07,1.8285041280198944e-07,2.82080880767654e-07,4.541516355973522e-05,0.8967060202257611,28,highpass
1.1057898501408151e-07,4.6961839290151647e-07,1.8285041280198944e-07,2.82080880767654e-07,5.137911029894917e-06,0.8925195071512411,28,highpass
1.1057898501408151e-07,4.6961839290151647e-07,1.8285041280198944e-07,2.82080880767654e-07,4.541516355973522e-05,0.8967060202257611,28,highpass
1.1057898501408151e-07,4.6961839290151647e-07,1.8285041280198944e-07,2.82080880767654e-07,4.541516355973522e-05,0.8967060202257611,28,highpass
1.1057898501408151e-07,4.6961839290151647e-07,1.8285041280198944e-07,2.892743059144286e-07,4.541516355973522e-05,0.8961488375558609,28,highpass
1.1057898501408151e-07,4.6961839290151647e-07,1.8285041280198944e-07,2.82080880767654e-07,4.541516355973522e-05,0.8967060202257611,28,highpass
1.1057898501408151e-07,3.6269994561025113e-07,1.7673034043932082e-07,2.82080880767654e-07,4.541516355973522e-05,0.8412066429723749,28,highpass
1.1057898501408151e-07,4.6961839290151647e-07,1.8285041280198944e-07,2.82080880767654e-07,4.541516355973522e-05,0.8967060202257611,28,highpass
1.1057898501408151e-07,4.6961839290151647e-07,1.8285041280198944e-07,2.863843328484796e-07,4.541516355973522e-05,0.8965188000247977,28,highpass
1.1057898501408151e-07,4.6961839290151647e-07,1.8285041280198944e-07,2.82080880767654e-07,4.541516355973522e-05,0.8967060202257611,28,highpass
1.1057898501408151e-07,4.6961839290151647e-07,1.8285041280198944e-07,2.82080880767654e-07,4.541516355973522e-05,0.8967060202257611,28,highpass
1.1057898501408151e-07,4.6961839290151647e-07,1.8285041280198944e-07,2.82080880767654e-07,4.541516355973522e-05,0.8967060202257611,28,highpass
1.1057898501408151e-07,4.6961839290151647e-07,1.8285041280198944e-07,2.82080880767654e-07,4.541516355973522e-05,0.8967060202257611,28,highpass
1.1057898501408151e-07,4.6961839290151647e-07,1.8285041280198944e-07,2.82080880767654e-07,4.541516355973522e-05,0.8967060202257611,28,highpass
1.1057898501408151e-07,4.6961839290151647e-07,1.8190895304173885e-07,2.82080880767654e-07,4.541516355973522e-05,0.8928078365997425,28,highpass
1.1057898501408151e-07,4.6961839290151647e-07,1.8285041280198944e-07,2.548358235586189e-07,4.541516355973522e-05,0.8958024105658214,28,highpass
1.1057898501408151e-07,4.6961839290151647e-07,1.8285041280198944e-07,2.82080880767654e-07,4.541516355973522e-05,0.8967060202257611,28,highpass
1.1057898501408151e-07,4.6961839290151647e-07,1.8285041280198944e-07,2.82080880767654e-07,4.541516355973522e-05,0.8967060202257611,28,highpass
1.1057898501408151e-07,4.999731544519771e-07,1.8285041280198944e-07,2.82080880767654e-07,4.541516355973522e-05,0.888334962197924,28,highpass
1.1057898501408151e-07,4.6961839290151647e-07,1.8285041280198944e-07,2.82080880767654e-07,4.541516355973522e-05,0.8967060202257611,28,highpass
1.7341798801737763e-07,4.6961839290151647e-07,1.8285041280198944e-07,2.82080880767654e-07,4.541516355973522e-05,0.8540522144110229,28,highpass
1.1057898501408151e-07,4.6961839290151647e-07,1.8285041280198944e-07,2.82080880767654e-07,4.541516355973522e-05,0.8967060202257611,28,highpass
1.1057898501408151e-07,4.6961839290151647e-07,1.8285041280198944e-07,2.82080880767654e-07,4.541516355973522e-05,0.8967060202257611,28,highpass
1.1057898501408151e-07,3.9783059628196313e-07,1.8285041280198944e-07,2.82080880767654e-07,4.541516355973522e-05,0.876269084090234,28,highpass
1.1057898501408151e-07,4.6961839290151647e-07,1.8285041280198944e-07,2.82080880767654e-07,4.541516355973522e-05,0.8967060202257611,28,highpass
1.1057898501408151e-07,4.6961839290151647e-07,1.8285041280198944e-07,2.82080880767654e-07,4.541516355973522e-05,0.8967060202257611,28,highpass
1.1057898501408151e-07,4.6961839290151647e-07,1.8285041280198944e-07,2.82080880767654e-07,4.541516355973522e-05,0.8967060202257611,28,highpass
1.1057898501408151e-07,4.6961839290151647e-07,1.8285041280198944e-07,2.82080880767654e-07,4.541516355973522e-05,0.8967060202257611,28,highpass
1.1057898501408151e-07,4.6961839290151647e-07,1.8285041280198944e-07,2.82080880767654e-07,4.541516355973522e-05,0.8967060202257611,28,highpass
1.1057898501408151e-07,4.6961839290151647e-07,1.8285041280198944e-07,2.82080880767654e-07,4.3266382243246226e-05,0.8949292121038906,28,highpass
1.1057898501408151e-07,4.6961839290151647e-07,1.8285041280198944e-07,2.82080880767654e-07,1.0355941292760512e-05,0.895996541655725,28,highpass
1.1057898501408151e-07,4.6961839290151647e-07,1.8285041280198944e-07,2.82080880767654e-07,4.490780795244832e-05,0.8967239815276847,28,highpass
1.1057898501408151e-07,4.6961839290151647e-07,1.7673034043932082e-07,2.82080880767654e-07,4.541516355973522e-05,0.8954432284676388,28,highpass
1.1057898501408151e-07,4.6961839290151647e-07,1.8285041280198944e-07,2.82080880767654e-07,4.541516355973522e-05,0.8967060202257611,28,highpass
1.1057898501408151e-07,4.6961839290151647e-07,1.8285041280198944e-07,2.8320775841939574e-07,4.541516355973522e-05,0.8966531609072903,28,highpass
1.1057898501408151e-07,4.6961839290151647e-07,1.8285041280198944e-07,2.82080880767654e-07,4.541516355973522e-05,0.8967060202257611,28,highpass
1.1057898501408151e-07,4.6961839290151647e-07,1.8285041280198944e-07,2.82080880767654e-07,4.541516355973522e-05,0.8967060202257611,28,highpass
1.1057898501408151e-07,4.6961839290151647e-07,1.8285041280198944e-07,2.82080880767654e-07,4.490780795244832e-05,0.8967239815276847,29,highpass
1.1057898501408151e-07,4.6961839290151647e-07,1.8285041280198944e-07,2.82080880767654e-07,4.541516355973522e-05,0.8967060202257611,29,highpass
1.1057898501408151e-07,4.6961839290151647e-07,1.8285041280198944e-07,2.82080880767654e-07,4.541516355973522e-05,0.8967060202257611,29,highpass
1.1057898501408151e-07,4.6961839290151647e-07,1.8285041280198944e-07,2.82080880767654e-07,4.541516355973522e-05,0.8967060202257611,29,highpass
1.1057898501408151e-07,4.6961839290151647e-07,2.2045667703250777e-07,2.82080880767654e-07,4.490780795244832e-05,0.8726146919060016,29,highpass
1.1057898501408151e-07,4.6961839290151647e-07,1.8285041280198944e-07,2.82080880767654e-07,4.541516355973522e-05,0.8967060202257611,29,highpass
1.1057898501408151e-07,4.6961839290151647e-07,1.8285041280198944e-07,2.82080880767654e-07,4.541516355973522e-05,0.8967060202257611,29,highpass
1.1057898501408151e-07,4.6961839290151647e-07,1.8285041280198944e-07,2.82080880767654e-07,4.541516355973522e-05,0.8967060202257611,29,highpass
1.1057898501408151e-07,4.6961839290151647e-07,1.8285041280198944e-07,2.82080880767654e-07,4.541516355973522e-05,0.8967060202257611,29,highpass
1.1057898501408151e-07,4.6961839290151647e-07,1.8285041280198944e-07,2.82080880767654e-07,4.541516355973522e-05,0.8967060202257611,29,highpass
1.1057898501408151e-07,4.6961839290151647e-07,1.8285041280198944e-07,2.892743059144286e-07,4.541516355973522e-05,0.8961488375558609,29,highpass
1.1057898501408151e-07,4.6961839290151647e-07,1.8285041280198944e-07,2.82080880767654e-07,4.541516355973522e-05,0.8967060202257611,29,highpass
1.1057898501408151e-07,4.6961839290151647e-07,1.8285041280198944e-07,2.82080880767654e-07,4.490780795244832e-05,0.8967239815276847,29,highpass
1.1057898501408151e-07,4.6961839290151647e-07,1.8285041280198944e-07,2.82080880767654e-07,4.541516355973522e-05,0.8967060202257611,29,highpass
1.1057898501408151e-07,4.6961839290151647e-07,1.8285041280198944e-07,2.82080880767654e-07,4.541516355973522e-05,0.8967060202257611,29,highpass
1.1057898501408151e-07,4.6961839290151647e-07,1.8285041280198944e-07,2.82080880767654e-07,4.541516355973522e-05,0.8967060202257611,29,highpass
1.1057898501408151e-07,4.609965642108993e-07,1.8285041280198944e-07,2.82080880767654e-07,4.541516355973522e-05,0.8966190183300071,29,highpass
1.1057898501408151e-07,4.6961839290151647e-07,1.8285041280198944e-07,2.82080880767654e-07,4.541516355973522e-05,0.8967060202257611,29,highpass
1.1057898501408151e-07,4.6961839290151647e-07,1.8285041280198944e-07,2.82080880767654e-07,4.541516355973522e-05,0.8967060202257611,29,highpass
1.1057898501408151e-07,4.6961839290151647e-07,1.8285041280198944e-07,2.82080880767654e-07,4.541516355973522e-05,0.8967060202257611,29,highpass
1.1057898501408151e-07,4.6961839290151647e-07,1.8285041280198944e-07,2.82080880767654e-07,4.490780795244832e-05,0.8967239815276847,29,highpass
1.1057898501408151e-07,4.6961839290151647e-07,1.8285041280198944e-07,2.82080880767654e-07,4.541516355973522e-05,0.8967060202257611,29,highpass
1.1057898501408151e-07,4.6961839290151647e-07,1.8285041280198944e-07,2.82080880767654e-07,4.541516355973522e-05,0.8967060202257611,29,highpass
1.1057898501408151e-07,4.6961839290151647e-07,1.8285041280198944e-07,2.82080880767654e-07,4.541516355973522e-05,0.8967060202257611,29,highpass
1.1057898501408151e-07,4.6961839290151647e-07,1.8285041280198944e-07,2.82080880767654e-07,4.541516355973522e-05,0.8967060202257611,29,highpass
1.1057898501408151e-07,4.6961839290151647e-07,1.8285041280198944e-07,2.82080880767654e-07,4.541516355973522e-05,0.8967060202257611,29,highpass
1.1057898501408151e-07,4.6961839290151647e-07,1.8285041280198944e-07,2.82080880767654e-07,4.490780795244832e-05,0.8967239815276847,29,highpass
1.1057898501408151e-07,4.6961839290151647e-07,1.8285041280198944e-07,2.82080880767654e-07,4.541516355973522e-05,0.8967060202257611,29,highpass
1.1057898501408151e-07,4.6961839290151647e-07,1.8285041280198944e-07,2.82080880767654e-07,4.541516355973522e-05,0.8967060202257611,29,highpass
1.1057898501408151e-07,4.6961839290151647e-07,1.8285041280198944e-07,2.82080880767654e-07,4.541516355973522e-05,0.8967060202257611,29,highpass
1.1057898501408151e-07,4.6961839290151647e-07,1.8285041280198944e-07,2.82080880767654e-07,4.541516355973522e-05,0.8967060202257611,29,highpass
1.1057898501408151e-07,4.6961839290151647e-07,1.8285041280198944e-07,2.82080880767654e-07,4.541516355973522e-05,0.8967060202257611,29,highpass
1.1057898501408151e-07,4.6961839290151647e-07,1.8285041280198944e-07,2.82080880767654e-07,4.490780795244832e-05,0.8967239815276847,29,highpass
1.1057898501408151e-07,4.6961839290151647e-07,1.8285041280198944e-07,2.82080880767654e-07,2.3932247061447107e-05,0.8935590484559526,29,highpass
1.1057898501408151e-07,4.6961839290151647e-07,1.8285041280198944e-07,2.82080880767654e-07,4.541516355973522e-05,0.8967060202257611,29,highpass
1.1057898501408151e-07,4.6961839290151647e-07,1.8285041280198944e-07,2.82080880767654e-07,4.541516355973522e-05,0.8967060202257611,29,highpass
1.1057898501408151e-07,4.6961839290151647e-07,1.8285041280198944e-07,2.82080880767654e-07,4.541516355973522e-05,0.8967060202257611,29,highpass
1.1057898501408151e-07,4.6961839290151647e-07,1.8285041280198944e-07,2.82080880767654e-07,4.541516355973522e-05,0.8967060202257611,29,highpass
2.1552214176646227e-07,4.6961839290151647e-07,1.8285041280198944e-07,2.82080880767654e-07,4.541516355973522e-05,0.7673352178408909,29,highpass
1.1057898501408151e-07,4.6961839290151647e-07,1.8285041280198944e-07,2.82080880767654e-07,4.541516355973522e-05,0.8967060202257611,29,highpass
1.1057898501408151e-07,4.6961839290151647e-07,1.8285041280198944e-07,2.82080880767654e-07,4.490780795244832e-05,0.8967239815276847,30,highpass
1.1057898501408151e-07,4.6961839290151647e-07,1.8285041280198944e-07,1.699826489089964e-07,4.541516355973522e-05,0.8422208866408549,30,highpass
1.1057898501408151e-07,4.6961839290151647e-07,1.8285041280198944e-07,2.82080880767654e-07,4.541516355973522e-05,0.8967060202257611,30,highpass
1.1057898501408151e-07,4.6961839290151647e-07,1.8285041280198944e-07,2.82080880767654e-07,4.541516355973522e-05,0.8967060202257611,30,highpass
1.1057898501408151e-07,4.6961839290151647e-07,1.8285041280198944e-07,2.82080880767654e-07,4.490780795244832e-05,0.8967239815276847,30,highpass
1.1057898501408151e-07,4.6961839290151647e-07,1.8285041280198944e-07,2.82080880767654e-07,4.490780795244832e-05,0.8967239815276847,30,highpass
1.1057898501408151e-07,4.6961839290151647e-07,1.8285041280198944e-07,2.82080880767654e-07,4.541516355973522e-05,0.8967060202257611,30,highpass
1.146573158238298e-07,4.6961839290151647e-07,1.8285041280198944e-07,2.82080880767654e-07,4.541516355973522e-05,0.8921753429010106,30,highpass
1.1057898501408151e-07,4.552916350153524e-07,1.8285041280198944e-07,2.82080880767654e-07,4.490780795244832e-05,0.8964556704679566,30,highpass
1.1057898501408151e-07,4.6961839290151647e-07,1.8285041280198944e-07,2.82080880767654e-07,3.246711596892162e-05,0.8940772757161579,30,highpass
1.1057898501408151e-07,4.6961839290151647e-07,1.8285041280198944e-07,2.82080880767654e-07,4.490780795244832e-05,0.8967239815276847,30,highpass
1.1057898501408151e-07,4.6961839290151647e-07,1.8285041280198944e-07,2.82080880767654e-07,4.490780795244832e-05,0.8967239815276847,30,highpass
1.1057898501408151e-07,4.6961839290151647e-07,1.8285041280198944e-07,2.82080880767654e-07,4.541516355973522e-05,0.8967060202257611,30,highpass
1.1057898501408151e-07,4.6961839290151647e-07,1.8285041280198944e-07,2.82080880767654e-07,4.541516355973522e-05,0.8967060202257611,30,highpass
1.1057898501408151e-07,4.6961839290151647e-07,1.1495032594163157e-07,2.82080880767654e-07,4.490780795244832e-05,0.8308266170731363,30,highpass
1.1057898501408151e-07,4.6961839290151647e-07,1.8285041280198944e-07,2.82080880767654e-07,4.490780795244832e-05,0.8967239815276847,30,highpass
1.1057898501408151e-07,4.6961839290151647e-07,1.8285041280198944e-07,2.82080880767654e-07,4.541516355973522e-05,0.8967060202257611,30,highpass
1.1057898501408151e-07,4.6961839290151647e-07,1.8285041280198944e-07,2.82080880767654e-07,4.541516355973522e-05,0.8967060202257611,30,highpass
1.1057898501408151e-07,4.6961839290151647e-07,1.8285041280198944e-07,2.82080880767654e-07,4.490780795244832e-05,0.8967239815276847,30,highpass
1.1057898501408151e-07,4.6961839290151647e-07,1.8285041280198944e-07,2.82080880767654e-07,4.541516355973522e-05,0.8967060202257611,30,highpass
1.1057898501408151e-07,4.6961839290151647e-07,1.8285041280198944e-07,2.82080880767654e-07,4.541516355973522e-05,0.8967060202257611,30,highpass
1.1057898501408151e-07,4.6961839290151647e-07,1.8285041280198944e-07,2.82080880767654e-07,4.541516355973522e-05,0.8967060202257611,30,highpass
1.1057898501408151e-07,4.6961839290151647e-07,1.8285041280198944e-07,2.82080880767654e-07,4.490780795244832e-05,0.8967239815276847,30,highpass
1.1057898501408151e-07,4.6961839290151647e-07,1.8285041280198944e-07,2.82080880767654e-07,4.541516355973522e-05,0.8967060202257611,30,highpass
1.1057898501408151e-07,4.6961839290151647e-07,1.8285041280198944e-07,2.82080880767654e-07,4.541516355973522e-05,0.8967060202257611,30,highpass
1.1057898501408151e-07,4.6961839290151647e-07,1.8285041280198944e-07,2.82080880767654e-07,4.490780795244832e-05,0.8967239815276847,30,highpass
1.1057898501408151e-07,4.6961839290151647e-07,1.8285041280198944e-07,2.82080880767654e-07,4.541516355973522e-05,0.8967060202257611,30,highpass
1.1057898501408151e-07,4.6961839290151647e-07,1.8285041280198944e-07,2.82080880767654e-07,4.541516355973522e-05,0.8967060202257611,30,highpass
1.1057898501408151e-07,4.6961839290151647e-07,1.8285041280198944e-07,2.82080880767654e-07,4.541516355973522e-05,0.8967060202257611,30,highpass
1.1057898501408151e-07,4.6961839290151647e-07,1.8285041280198944e-07,2.82080880767654e-07,4.541516355973522e-05,0.8967060202257611,30,highpass
1.1057898501408151e-07,4.6961839290151647e-07,1.8285041280198944e-07,2.82080880767654e-07,4.490780795244832e-05,0.8967239815276847,30,highpass
1.1057898501408151e-07,4.6961839290151647e-07,1.8285041280198944e-07,2.82080880767654e-07,4.490780795244832e-05,0.8967239815276847,30,highpass
1.1057898501408151e-07,4.6961839290151647e-07,1.8285041280198944e-07,2.8041180980545406e-07,4.490780795244832e-05,0.8968110553686015,30,highpass
1.1057898501408151e-07,4.6961839290151647e-07,1.8285041280198944e-07,2.82080880767654e-07,3.176228945640316e-05,0.8941316482420343,30,highpass
1.1057898501408151e-07,4.6961839290151647e-07,1.7878008506438846e-07,2.82080880767654e-07,4.490780795244832e-05,0.8950721980610755,30,highpass
1.1057898501408151e-07,4.6961839290151647e-07,1.8285041280198944e-07,2.82080880767654e-07,4.541516355973522e-05,0.8967060202257611,30,highpass
1.1057898501408151e-07,4.6961839290151647e-07,1.8285041280198944e-07,2.82080880767654e-07,4.541516355973522e-05,0.8967060202257611,30,highpass
1.1057898501408151e-07,4.6961839290151647e-07,1.8285041280198944e-07,2.82080880767654e-07,4.490780795244832e-05,0.8967239815276847,30,highpass
1.1057898501408151e-07,6.572402032605642e-07,1.8285041280198944e-07,2.82080880767654e-07,4.490780795244832e-05,0.7944691708025857,30,highpass
1.1057898501408151e-07,4.6961839290151647e-07,1.8285041280198944e-07,2.854414850916013e-07,4.541516355973522e-05,0.896583992773827,30,highpass
1.1057898501408151e-07,4.6961839290151647e-07,1.8285041280198944e-07,2.8041180980545406e-07,4.490780795244832e-05,0.8968110553686015,31,highpass
1.1057898501408151e-07,4.6961839290151647e-07,1.8285041280198944e-07,2.8041180980545406e-07,4.490780795244832e-05,0.8968110553686015,31,highpass
1.1057898501408151e-07,4.6961839290151647e-07,1.8285041280198944e-07,2.82080880767654e-07,4.541516355973522e-05,0.8967060202257611,31,highpass
1.1057898501408151e-07,4.6961839290151647e-07,1.8285041280198944e-07,2.82080880767654e-07,4.702453827990405e-05,0.8950526116319393,31,highpass
1.1057898501408151e-07,4.6961839290151647e-07,1.8285041280198944e-07,2.82080880767654e-07,4.490780795244832e-05,0.8967239815276847,31,highpass
1.1057898501408151e-07,4.6961839290151647e-07,1.8285041280198944e-07,2.82080880767654e-07,4.490780795244832e-05,0.8967239815276847,31,highpass
1.1057898501408151e-07,4.6961839290151647e-07,1.8285041280198944e-07,2.82080880767654e-07,4.490780795244832e-05,0.8967239815276847,31,highpass
1.1057898501408151e-07,5.980315828370959e-07,1.8285041280198944e-07,2.82080880767654e-07,4.541516355973522e-05,0.8309254737085391,31,highpass
1.1057898501408151e-07,4.6961839290151647e-07,1.8285041280198944e-07,2.82080880767654e-07,4.490780795244832e-05,0.8967239815276847,31,highpass
1.1057898501408151e-07,4.6961839290151647e-07,1.8285041280198944e-07,2.82080880767654e-07,4.490780795244832e-05,0.8967239815276847,31,highpass
1.1057898501408151e-07,4.6961839290151647e-07,1.8285041280198944e-07,2.82080880767654e-07,4.490780795244832e-05,0.8967239815276847,31,highpass
1.1057898501408151e-07,4.6961839290151647e-07,1.8285041280198944e-07,2.82080880767654e-07,4.490780795244832e-05,0.8967239815276847,31,highpass
1.1057898501408151e-07,4.6961839290151647e-07,1.8285041280198944e-07,2.82080880767654e-07,4.490780795244832e-05,0.8967239815276847,31,highpass
1.1057898501408151e-07,4.6961839290151647e-07,1.8285041280198944e-07,2.82080880767654e-07,4.490780795244832e-05,0.8967239815276847,31,highpass
1.1057898501408151e-07,4.6961839290151647e-07,1.8285041280198944e-07,2.840613303356879e-07,4.490780795244832e-05,0.8965822789221037,31,highpass
1.1057898501408151e-07,4.6961839290151647e-07,1.8285041280198944e-07,2.82080880767654e-07,4.490780795244832e-05,0.8967239815276847,31,highpass
1.1057898501408151e-07,4.6961839290151647e-07,1.1691891790886829e-07,2.82080880767654e-07,4.490780795244832e-05,0.8334959360610665,31,highpass
1.1057898501408151e-07,4.6961839290151647e-07,1.8285041280198944e-07,2.82080880767654e-07,4.541516355973522e-05,0.8967060202257611,31,highpass
1.1057898501408151e-07,4.6961839290151647e-07,1.8285041280198944e-07,2.82080880767654e-07,4.490780795244832e-05,0.8967239815276847,31,highpass
1.1057898501408151e-07,4.6961839290151647e-07,1.8285041280198944e-07,2.8041180980545406e-07,4.490780795244832e-05,0.8968110553686015,31,highpass
1.1057898501408151e-07,4.6961839290151647e-07,1.8285041280198944e-07,2.82080880767654e-07,4.490780795244832e-05,0.8967239815276847,31,highpass
1.1057898501408151e-07,4.6961839290151647e-07,1.8285041280198944e-07,2.82080880767654e-07,4.2800179685587505e-05,0.8949723365508074,31,highpass
1.1057898501408151e-07,4.6961839290151647e-07,1.8285041280198944e-07,2.82080880767654e-07,4.490780795244832e-05,0.8967239815276847,31,highpass
1.1057898501408151e-07,4.6961839290151647e-07,1.8285041280198944e-07,2.8041180980545406e-07,4.490780795244832e-05,0.8968110553686015,31,highpass
1.1057898501408151e-07,4.6961839290151647e-07,1.8285041280198944e-07,2.82080880767654e-07,4.490780795244832e-05,0.8967239815276847,31,highpass
1.1057898501408151e-07,4.6961839290151647e-07,1.8285041280198944e-07,2.82080880767654e-07,4.490780795244832e-05,0.8967239815276847,31,highpass
1.1057898501408151e-07,4.6961839290151647e-07,1.8285041280198944e-07,2.82080880767654e-07,4.490780795244832e-05,0.8967239815276847,31,highpass
1.1057898501408151e-07,4.6961839290151647e-07,1.8285041280198944e-07,2.82080880767654e-07,4.490780795244832e-05,0.8967239815276847,31,highpass
1.1057898501408151e-07,6.11739808565228e-07,1.8285041280198944e-07,2.82080880767654e-07,4.490780795244832e-05,0.8267206040498596,31,highpass
1.1057898501408151e-07,4.6961839290151647e-07,1.8285041280198944e-07,2.82080880767654e-07,4.490780795244832e-05,0.8967239815276847,31,highpass
1.1057898501408151e-07,4.6961839290151647e-07,1.8285041280198944e-07,2.82080880767654e-07,4.490780795244832e-05,0.8967239815276847,31,highpass
1.1057898501408151e-07,4.6961839290151647e-07,1.8285041280198944e-07,2.82080880767654e-07,4.490780795244832e-05,0.8967239815276847,31,highpass
1.1057898501408151e-07,4.6961839290151647e-07,1.8285041280198944e-07,2.82080880767654e-07,4.490780795244832e-05,0.8967239815276847,31,highpass
1.1057898501408151e-07,4.6961839290151647e-07,1.8285041280198944e-07,2.82080880767654e-07,4.490780795244832e-05,0.8967239815276847,31,highpass
1.1057898501408151e-07,4.6961839290151647e-07,1.8285041280198944e-07,2.82080880767654e-07,4.428934022705956e-05,0.896664778399759,31,highpass
1.1057898501408151e-07,4.6961839290151647e-07,1.8285041280198944e-07,2.82080880767654e-07,4.541516355973522e-05,0.8967060202257611,31,highpass
1.1057898501408151e-07,4.6961839290151647e-07,1.8285041280198944e-07,2.82080880767654e-07,4.490780795244832e-05,0.8967239815276847,31,highpass
1.1057898501408151e-07,4.6961839290151647e-07,1.8285041280198944e-07,2.82080880767654e-07,4.490780795244832e-05,0.8967239815276847,31,highpass
1.1057898501408151e-07,4.6961839290151647e-07,1.8285041280198944e-07,2.82080880767654e-07,4.490780795244832e-05,0.8967239815276847,31,highpass
1.1057898501408151e-07,4.6961839290151647e-07,1.8285041280198944e-07,2.82080880767654e-07,4.6029752964205833e-05,0.897085485002072,31,highpass
1.1057898501408151e-07,4.6961839290151647e-07,1.8285041280198944e-07,2.82080880767654e-07,4.6029752964205833e-05,0.897085485002072,32,highpass
1.1057898501408151e-07,4.6961839290151647e-07,1.8285041280198944e-07,2.82080880767654e-07,4.490780795244832e-05,0.8967239815276847,32,highpass
1.1057898501408151e-07,4.6961839290151647e-07,1.8285041280198944e-07,2.82080880767654e-07,4.490780795244832e-05,0.8967239815276847,32,highpass
1.1057898501408151e-07,4.6961839290151647e-07,1.8285041280198944e-07,2.8041180980545406e-07,4.490780795244832e-05,0.8968110553686015,32,highpass
1.0816772767441713e-07,4.6961839290151647e-07,1.8285041280198944e-07,2.8041180980545406e-07,4.490780795244832e-05,0.8944221341056002,32,highpass
1.1057898501408151e-07,4.6961839290151647e-07,1.8285041280198944e-07,2.82080880767654e-07,4.490780795244832e-05,0.8967239815276847,32,highpass
1.1057898501408151e-07,4.6961839290151647e-07,1.8285041280198944e-07,2.8041180980545406e-07,4.490780795244832e-05,0.8968110553686015,32,highpass
1.1057898501408151e-07,4.6961839290151647e-07,1.8285041280198944e-07,2.82080880767654e-07,4.490780795244832e-05,0.8967239815276847,32,highpass
1.1057898501408151e-07,4.6961839290151647e-07,1.8285041280198944e-07,2.8041180980545406e-07,4.490780795244832e-05,0.8968110553686015,32,highpass
1.1057898501408151e-07,4.6961839290151647e-07,1.8285041280198944e-07,2.82080880767654e-07,4.490780795244832e-05,0.8967239815276847,32,highpass
1.1057898501408151e-07,4.6961839290151647e-07,1.8285041280198944e-07,2.82080880767654e-07,4.490780795244832e-05,0.8967239815276847,32,highpass
1.1057898501408151e-07,4.6961839290151647e-07,1.8285041280198944e-07,2.8041180980545406e-07,4.490780795244832e-05,0.8968110553686015,32,highpass
1.1057898501408151e-07,4.832791468026032e-07,1.8285041280198944e-07,2.8041180980545406e-07,4.490780795244832e-05,0.8909025969553659,32,highpass
1.1057898501408151e-07,4.6961839290151647e-07,1.8285041280198944e-07,2.82080880767654e-07,4.309050433536317e-05,0.8949176756776527,32,highpass
1.1057898501408151e-07,4.6961839290151647e-07,1.8285041280198944e-07,2.8041180980545406e-07,4.490780795244832e-05,0.8968110553686015,32,highpass
1.1057898501408151e-07,4.6953962268134913e-07,1.8285041280198944e-07,2.8041180980545406e-07,4.490780795244832e-05,0.8968110553686015,32,highpass
1.1057898501408151e-07,4.6961839290151647e-07,1.8285041280198944e-07,2.82080880767654e-07,4.490780795244832e-05,0.8967239815276847,32,highpass
1.1057898501408151e-07,4.6961839290151647e-07,1.8285041280198944e-07,2.82080880767654e-07,4.490780795244832e-05,0.8967239815276847,32,highpass
1.1057898501408151e-07,4.6961839290151647e-07,1.8285041280198944e-07,2.82080880767654e-07,4.490780795244832e-05,0.8967239815276847,32,highpass
1.1057898501408151e-07,4.6961839290151647e-07,1.8285041280198944e-07,2.8041180980545406e-07,4.490780795244832e-05,0.8968110553686015,32,highpass
1.1057898501408151e-07,4.6961839290151647e-07,1.4950668942392022e-07,2.82080880767654e-07,4.490780795244832e-05,0.8713933813997485,32,highpass
1.1057898501408151e-07,4.6961839290151647e-07,1.8285041280198944e-07,2.8041180980545406e-07,4.490780795244832e-05,0.8968110553686015,32,highpass
1.1057898501408151e-07,4.6961839290151647e-07,1.8285041280198944e-07,2.82080880767654e-07,4.490780795244832e-05,0.8967239815276847,32,highpass
1.1057898501408151e-07,5.834672499231325e-07,1.8285041280198944e-07,2.8041180980545406e-07,4.490780795244832e-05,0.8460326125961852,32,highpass
1.1057898501408151e-07,4.6961839290151647e-07,1.8285041280198944e-07,2.8041180980545406e-07,4.490780795244832e-05,0.8968110553686015,32,highpass
1.1057898501408151e-07,4.6961839290151647e-07,1.8285041280198944e-07,2.82080880767654e-07,4.490780795244832e-05,0.8967239815276847,32,highpass
1.0874989592425675e-07,4.6961839290151647e-07,1.8285041280198944e-07,2.82080880767654e-07,4.6029752964205833e-05,0.8943591985228384,32,highpass
1.1057898501408151e-07,4.6961839290151647e-07,1.3024680419766829e-07,2.8041180980545406e-07,4.490780795244832e-05,0.8511250966171874,32,highpass
1.1057898501408151e-07,4.6961839290151647e-07,1.8285041280198944e-07,2.8041180980545406e-07,4.490780795244832e-05,0.8968110553686015,32,highpass
1.1057898501408151e-07,4.6961839290151647e-07,1.8285041280198944e-07,2.8041180980545406e-07,4.490780795244832e-05,0.8968110553686015,32,highpass
1.1057898501408151e-07,4.6961839290151647e-07,1.8285041280198944e-07,2.8041180980545406e-07,4.490780795244832e-05,0.8968110553686015,32,highpass
1.1057898501408151e-07,4.6961839290151647e-07,1.8285041280198944e-07,2.82080880767654e-07,4.490780795244832e-05,0.8967239815276847,32,highpass
1.1057898501408151e-07,4.6961839290151647e-07,1.8285041280198944e-07,2.82080880767654e-07,4.490780795244832e-05,0.8967239815276847,32,highpass
1.1057898501408151e-07,4.6961839290151647e-07,1.8285041280198944e-07,2.82080880767654e-07,4.6029752964205833e-05,0.897085485002072,32,highpass
1.1057898501408151e-07,4.6961839290151647e-07,1.8285041280198944e-07,2.82080880767654e-07,4.490780795244832e-05,0.8967239815276847,32,highpass
1.1057898501408151e-07,4.6961839290151647e-07,1.8285041280198944e-07,2.8041180980545406e-07,4.490780795244832e-05,0.8968110553686015,32,highpass
1.1057898501408151e-07,4.6961839290151647e-07,1.8285041280198944e-07,2.839845877534172e-07,4.490780795244832e-05,0.8965900049055648,32,highpass
1.1057898501408151e-07,4.6961839290151647e-07,1.8285041280198944e-07,2.82080880767654e-07,4.490780795244832e-05,0.8967239815276847,32,highpass
1.1057898501408151e-07,4.6961839290151647e-07,1.8285041280198944e-07,2.82080880767654e-07,4.490780795244832e-05,0.8967239815276847,32,highpass
1.1057898501408151e-07,4.6961839290151647e-07,1.8285041280198944e-07,2.82080880767654e-07,4.490780795244832e-05,0.8967239815276847,32,highpass
1.1057898501408151e-07,4.6961839290151647e-07,1.8285041280198944e-07,2.82080880767654e-07,4.6029752964205833e-05,0.897085485002072,33,highpass
1.1057898501408151e-07,4.6961839290151647e-07,2.2544752829436923e-07,2.82080880767654e-07,4.6029752964205833e-05,0.8739548517251552,33,highpass
1.1057898501408151e-07,4.6961839290151647e-07,1.8285041280198944e-07,2.8041180980545406e-07,4.6029752964205833e-05,0.8971000687646273,33,highpass
1.1057898501408151e-07,4.6961839290151647e-07,1.8285041280198944e-07,2.8041180980545406e-07,4.490780795244832e-05,0.8968110553686015,33,highpass
1.1057898501408151e-07,4.6961839290151647e-07,1.8285041280198944e-07,2.8041180980545406e-07,4.490780795244832e-05,0.8968110553686015,33,highpass
1.1057898501408151e-07,4.6961839290151647e-07,1.8285041280198944e-07,2.8041180980545406e-07,2.811383855238509e-05,0.8948882593642508,33,highpass
1.1057898501408151e-07,4.6961839290151647e-07,1.8285041280198944e-07,2.8041180980545406e-07,4.490780795244832e-05,0.8968110553686015,33,highpass
1.4708439986027209e-07,4.6961839290151647e-07,1.8285041280198944e-07,2.8041180980545406e-07,4.490780795244832e-05,0.8791684975369497,33,highpass
1.1057898501408151e-07,4.6961839290151647e-07,1.8285041280198944e-07,2.8041180980545406e-07,4.490780795244832e-05,0.8968110553686015,33,highpass
1.1057898501408151e-07,4.6961839290151647e-07,1.8285041280198944e-07,2.8041180980545406e-07,4.490780795244832e-05,0.8968110553686015,33,highpass
1.1057898501408151e-07,4.6961839290151647e-07,1.8285041280198944e-07,2.8041180980545406e-07,4.490780795244832e-05,0.8968110553686015,33,highpass
1.1057898501408151e-07,4.6961839290151647e-07,1.8285041280198944e-07,2.82080880767654e-07,4.490780795244832e-05,0.8967239815276847,33,highpass
1.1057898501408151e-07,4.6961839290151647e-07,1.8285041280198944e-07,2.7308768384432697e-07,4.490780795244832e-05,0.8965005294952395,33,highpass
1.1057898501408151e-07,4.6961839290151647e-07,1.8285041280198944e-07,2.8041180980545406e-07,4.490780795244832e-05,0.8968110553686015,33,highpass
1.1057898501408151e-07,4.6961839290151647e-07,1.8285041280198944e-07,2.82080880767654e-07,4.6029752964205833e-05,0.897085485002072,33,highpass
1.1057898501408151e-07,4.6961839290151647e-07,1.8285041280198944e-07,2.82080880767654e-07,4.6029752964205833e-05,0.897085485002072,33,highpass
1.0849126554006494e-07,4.6961839290151647e-07,1.8285041280198944e-07,2.82080880767654e-07,4.490780795244832e-05,0.8942541488786147,33,highpass
1.1057898501408151e-07,4.6961839290151647e-07,1.8285041280198944e-07,2.8041180980545406e-07,4.490780795244832e-05,0.8968110553686015,33,highpass
1.1057898501408151e-07,4.6961839290151647e-07,1.8285041280198944e-07,2.8041180980545406e-07,2.3754464340146364e-05,0.8935300242853564,33,highpass
1.1057898501408151e-07,4.6961839290151647e-07,1.8285041280198944e-07,2.8041180980545406e-07,4.490780795244832e-05,0.8968110553686015,33,highpass
1.1057898501408151e-07,4.6961839290151647e-07,1.8285041280198944e-07,2.8041180980545406e-07,4.490780795244832e-05,0.8968110553686015,33,highpass
1.1057898501408151e-07,4.6961839290151647e-07,1.8285041280198944e-07,2.8041180980545406e-07,4.490780795244832e-05,0.8968110553686015,33,highpass
1.1057898501408151e-07,4.6961839290151647e-07,2.4725204568019885e-07,2.82080880767654e-07,4.6029752964205833e-05,0.7642376419674491,33,highpass
1.1057898501408151e-07,4.6961839290151647e-07,1.8285041280198944e-07,2.82080880767654e-07,4.490780795244832e-05,0.8967239815276847,33,highpass
1.1057898501408151e-07,4.6961839290151647e-07,1.8285041280198944e-07,2.82080880767654e-07,4.490780795244832e-05,0.8967239815276847,33,highpass
1.1057898501408151e-07,4.6961839290151647e-07,1.8285041280198944e-07,2.8041180980545406e-07,4.490780795244832e-05,0.8968110553686015,33,highpass
1.1057898501408151e-07,4.6961839290151647e-07,1.8285041280198944e-07,2.8041180980545406e-07,4.490780795244832e-05,0.8968110553686015,33,highpass
1.1057898501408151e-07,4.6961839290151647e-07,1.8285041280198944e-07,2.8041180980545406e-07,4.490780795244832e-05,0.8968110553686015,33,highpass
1.1057898501408151e-07,4.6961839290151647e-07,1.8285041280198944e-07,2.8041180980545406e-07,4.490780795244832e-05,0.8968110553686015,33,highpass
1.1057898501408151e-07,4.6961839290151647e-07,1.8285041280198944e-07,2.82080880767654e-07,4.6029752964205833e-05,0.897085485002072,33,highpass
1.1057898501408151e-07,4.6961839290151647e-07,1.8285041280198944e-07,2.82080880767654e-07,4.490780795244832e-05,0.8967239815276847,33,highpass
1.1057898501408151e-07,4.6961839290151647e-07,1.8285041280198944e-07,2.8041180980545406e-07,4.490780795244832e-05,0.8968110553686015,33,highpass
1.1057898501408151e-07,4.6961839290151647e-07,1.8285041280198944e-07,2.8041180980545406e-07,4.490780795244832e-05,0.8968110553686015,33,highpass
1.0702910661870673e-07,4.6961839290151647e-07,1.8285041280198944e-07,2.8041180980545406e-07,4.490780795244832e-05,0.8946016462589256,33,highpass
1.1057898501408151e-07,4.6961839290151647e-07,1.8285041280198944e-07,2.8041180980545406e-07,4.490780795244832e-05,0.8968110553686015,33,highpass
1.1057898501408151e-07,4.6961839290151647e-07,1.8285041280198944e-07,2.8041180980545406e-07,4.490780795244832e-05,0.8968110553686015,33,highpass
1.1225762219087679e-07,4.6961839290151647e-07,1.8285041280198944e-07,2.8041180980545406e-07,4.490780795244832e-05,0.8909047995593168,33,highpass
1.1057898501408151e-07,4.6953962268134913e-07,1.831712808636732e-07,2.8041180980545406e-07,4.490780795244832e-05,0.8968110553686015,33,highpass
1.1057898501408151e-07,4.6961839290151647e-07,1.8285041280198944e-07,2.8041180980545406e-07,4.490780795244832e-05,0.8968110553686015,33,highpass
1.1057898501408151e-07,4.6961839290151647e-07,1.8285041280198944e-07,2.82080880767654e-07,4.6029752964205833e-05,0.897085485002072,33,highpass
1.1057898501408151e-07,4.6961839290151647e-07,1.8285041280198944e-07,2.8041180980545406e-07,4.6029752964205833e-05,0.8971000687646273,34,highpass
1.1057898501408151e-07,4.6961839290151647e-07,1.8285041280198944e-07,2.8041180980545406e-07,4.490780795244832e-05,0.8968110553686015,34,highpass
1.1057898501408151e-07,4.6961839290151647e-07,1.8285041280198944e-07,2.82080880767654e-07,4.6029752964205833e-05,0.897085485002072,34,highpass
1.1057898501408151e-07,4.6961839290151647e-07,1.8285041280198944e-07,2.8041180980545406e-07,4.490780795244832e-05,0.8968110553686015,34,highpass
1.1057898501408151e-07,4.6961839290151647e-07,1.8285041280198944e-07,2.8041180980545406e-07,4.6029752964205833e-05,0.8971000687646273,34,highpass
1.1057898501408151e-07,4.6961839290151647e-07,1.8285041280198944e-07,2.8041180980545406e-07,4.490780795244832e-05,0.8968110553686015,34,highpass
1.1057898501408151e-07,4.6961839290151647e-07,1.8285041280198944e-07,2.82080880767654e-07,4.6029752964205833e-05,0.897085485002072,34,highpass
1.1057898501408151e-07,4.6961839290151647e-07,1.8285041280198944e-07,2.82080880767654e-07,4.490780795244832e-05,0.8967239815276847,34,highpass
1.1057898501408151e-07,4.6961839290151647e-07,1.8285041280198944e-07,2.8041180980545406e-07,4.490780795244832e-05,0.8968110553686015,34,highpass
1.1057898501408151e-07,4.6961839290151647e-07,1.8285041280198944e-07,2.82080880767654e-07,4.6029752964205833e-05,0.897085485002072,34,highpass
1.1057898501408151e-07,4.6961839290151647e-07,1.8285041280198944e-07,2.8041180980545406e-07,4.490780795244832e-05,0.8968110553686015,34,highpass
1.1057898501408151e-07,4.6961839290151647e-07,1.8285041280198944e-07,2.82080880767654e-07,4.6029752964205833e-05,0.897085485002072,34,highpass
1.0934152704899775e-07,4.6953962268134913e-07,1.831712808636732e-07,2.82080880767654e-07,4.6029752964205833e-05,0.8945083692803679,34,highpass
1.1057898501408151e-07,4.6961839290151647e-07,1.8285041280198944e-07,2.82080880767654e-07,4.6029752964205833e-05,0.897085485002072,34,highpass
1.1057898501408151e-07,4.6961839290151647e-07,1.8285041280198944e-07,2.8041180980545406e-07,4.490780795244832e-05,0.8968110553686015,34,highpass
1.1057898501408151e-07,4.6961839290151647e-07,1.8285041280198944e-07,2.82080880767654e-07,4.6029752964205833e-05,0.897085485002072,34,highpass
1.1057898501408151e-07,4.6961839290151647e-07,1.8285041280198944e-07,2.82080880767654e-07,4.6029752964205833e-05,0.897085485002072,34,highpass
1.1057898501408151e-07,4.6961839290151647e-07,1.8285041280198944e-07,2.8041180980545406e-07,4.490780795244832e-05,0.8968110553686015,34,highpass
1.1057898501408151e-07,4.6961839290151647e-07,1.8285041280198944e-07,2.8041180980545406e-07,4.6029752964205833e-05,0.8971000687646273,34,highpass
1.1057898501408151e-07,4.6961839290151647e-07,1.8285041280198944e-07,1.9611549553839288e-07,4.6029752964205833e-05,0.8645976508351108,34,highpass
1.1057898501408151e-07,4.6961839290151647e-07,1.8285041280198944e-07,2.8041180980545406e-07,4.490780795244832e-05,0.8968110553686015,34,highpass
1.1057898501408151e-07,4.6961839290151647e-07,1.8285041280198944e-07,2.82080880767654e-07,4.6029752964205833e-05,0.897085485002072,34,highpass
1.1057898501408151e-07,4.6961839290151647e-07,1.8285041280198944e-07,2.8041180980545406e-07,4.490780795244832e-05,0.8968110553686015,34,highpass
1.1057898501408151e-07,4.6961839290151647e-07,1.8285041280198944e-07,2.82080880767654e-07,4.6029752964205833e-05,0.897085485002072,34,highpass
1.1057898501408151e-07,4.6961839290151647e-07,1.8285041280198944e-07,2.82080880767654e-07,4.490780795244832e-05,0.8967239815276847,34,highpass
1.1057898501408151e-07,4.6961839290151647e-07,1.8285041280198944e-07,2.82080880767654e-07,4.6029752964205833e-05,0.897085485002072,34,highpass
1.1057898501408151e-07,4.6961839290151647e-07,1.8285041280198944e-07,2.8041180980545406e-07,4.490780795244832e-05,0.8968110553686015,34,highpass
1.1057898501408151e-07,4.6961839290151647e-07,1.5980624513433605e-07,2.8041180980545406e-07,4.490780795244832e-05,0.879603579348691,34,highpass
1.1057898501408151e-07,4.6961839290151647e-07,1.8285041280198944e-07,2.82080880767654e-07,4.6029752964205833e-05,0.897085485002072,34,highpass
1.1057898501408151e-07,4.6961839290151647e-07,1.8285041280198944e-07,2.82080880767654e-07,4.6029752964205833e-05,0.897085485002072,34,highpass
1.1057898501408151e-07,4.6961839290151647e-07,1.8285041280198944e-07,2.8041180980545406e-07,4.6029752964205833e-05,0.8971000687646273,34,highpass
1.1057898501408151e-07,4.6961839290151647e-07,1.8285041280198944e-07,2.8041180980545406e-07,4.6029752964205833e-05,0.8971000687646273,34,highpass
1.1057898501408151e-07,4.6961839290151647e-07,1.8285041280198944e-07,2.82080880767654e-07,4.6029752964205833e-05,0.897085485002072,34,highpass
1.1057898501408151e-07,4.6961839290151647e-07,1.8285041280198944e-07,2.8041180980545406e-07,4.490780795244832e-05,0.8968110553686015,34,highpass
1.1057898501408151e-07,4.6961839290151647e-07,1.8285041280198944e-07,2.8041180980545406e-07,4.490780795244832e-05,0.8968110553686015,34,highpass
1.1639571191799713e-07,4.6953962268134913e-07,1.831712808636732e-07,2.8041180980545406e-07,4.490780795244832e-05,0.8900379269718844,34,highpass
1.1057898501408151e-07,4.6961839290151647e-07,1.8285041280198944e-07,2.82080880767654e-07,4.6029752964205833e-05,0.897085485002072,34,highpass
1.1057898501408151e-07,4.6961839290151647e-07,1.8285041280198944e-07,2.8041180980545406e-07,4.490780795244832e-05,0.8968110553686015,34,highpass
1.1057898501408151e-07,4.6961839290151647e-07,1.0000358864910063e-07,2.8041180980545406e-07,4.490780795244832e-05,0.8119875443550397,34,highpass
1.0457376494854672e-07,4.6961839290151647e-07,1.8285041280198944e-07,2.8041180980545406e-07,4.6029752964205833e-05,0.8951275460870662,34,highpass
1.1057898501408151e-07,4.6961839290151647e-07,1.8285041280198944e-07,2.8041180980545406e-07,4.6029752964205833e-05,0.8971000687646273,35,highpass
1.1057898501408151e-07,4.6961839290151647e-07,1.8285041280198944e-07,2.8041180980545406e-07,4.6029752964205833e-05,0.8971000687646273,35,highpass
1.1057898501408151e-07,4.6961839290151647e-07,1.8285041280198944e-07,2.82080880767654e-07,4.6029752964205833e-05,0.8948751894884592,35,highpass
1.1057898501408151e-07,4.6961839290151647e-07,1.8123556566083941e-07,2.8041180980545406e-07,4.6029752964205833e-05,0.8944406529044411,35,highpass
1.1057898501408151e-07,4.6961839290151647e-07,1.8285041280198944e-07,2.8041180980545406e-07,4.6029752964205833e-05,0.8971000687646273,35,highpass
1.1057898501408151e-07,4.6961839290151647e-07,1.8285041280198944e-07,2.82080880767654e-07,4.6029752964205833e-05,0.8948751894884592,35,highpass
1.1057898501408151e-07,4.6961839290151647e-07,1.8285041280198944e-07,2.82080880767654e-07,4.6029752964205833e-05,0.8948751894884592,35,highpass
1.1057898501408151e-07,4.6961839290151647e-07,1.8285041280198944e-07,2.8041180980545406e-07,4.6029752964205833e-05,0.8971000687646273,35,highpass
1.1057898501408151e-07,4.6961839290151647e-07,1.8285041280198944e-07,2.82080880767654e-07,4.6029752964205833e-05,0.8948751894884592,35,highpass
1.1607839619344374e-07,4.6961839290151647e-07,1.8285041280198944e-07,2.82080880767654e-07,4.6029752964205833e-05,0.8933128095946421,35,highpass
1.1057898501408151e-07,4.6961839290151647e-07,1.8285041280198944e-07,2.82080880767654e-07,4.6029752964205833e-05,0.8948751894884592,35,highpass
1.1057898501408151e-07,4.6961839290151647e-07,1.8285041280198944e-07,2.82080880767654e-07,4.6029752964205833e-05,0.8948751894884592,35,highpass
1.1057898501408151e-07,4.6961839290151647e-07,1.8285041280198944e-07,2.82080880767654e-07,4.6029752964205833e-05,0.8948751894884592,35,highpass
1.1057898501408151e-07,4.6961839290151647e-07,1.8285041280198944e-07,2.8041180980545406e-07,4.6029752964205833e-05,0.8971000687646273,35,highpass
1.1057898501408151e-07,4.6961839290151647e-07,1.8285041280198944e-07,2.8041180980545406e-07,4.6029752964205833e-05,0.8971000687646273,35,highpass
1.1057898501408151e-07,4.6961839290151647e-07,1.8285041280198944e-07,2.8041180980545406e-07,4.6029752964205833e-05,0.8971000687646273,35,highpass
1.1057898501408151e-07,4.6961839290151647e-07,1.8285041280198944e-07,2.82080880767654e-07,4.6029752964205833e-05,0.8948751894884592,35,highpass
1.1057898501408151e-07,4.6961839290151647e-07,1.8285041280198944e-07,2.8041180980545406e-07,4.6029752964205833e-05,0.8971000687646273,35,highpass
1.1057898501408151e-07,4.6961839290151647e-07,1.8285041280198944e-07,2.8041180980545406e-07,4.6029752964205833e-05,0.8971000687646273,35,highpass
1.1057898501408151e-07,4.6961839290151647e-07,1.8285041280198944e-07,2.8041180980545406e-07,4.6029752964205833e-05,0.8971000687646273,35,highpass
1.1057898501408151e-07,4.6961839290151647e-07,1.8285041280198944e-07,2.82080880767654e-07,4.6029752964205833e-05,0.8948751894884592,35,highpass
1.1057898501408151e-07,4.6961839290151647e-07,1.8285041280198944e-07,2.82080880767654e-07,4.6029752964205833e-05,0.8948751894884592,35,highpass
1.1057898501408151e-07,4.6961839290151647e-07,1.8285041280198944e-07,2.8041180980545406e-07,4.6029752964205833e-05,0.8971000687646273,35,highpass
1.1057898501408151e-07,4.6961839290151647e-07,1.8285041280198944e-07,2.8041180980545406e-07,4.6029752964205833e-05,0.8971000687646273,35,highpass
1.288324792192188e-07,4.6961839290151647e-07,1.8285041280198944e-07,2.82080880767654e-07,4.6029752964205833e-05,0.8846120849432539,35,highpass
1.1057898501408151e-07,4.6961839290151647e-07,1.8285041280198944e-07,2.82080880767654e-07,4.6029752964205833e-05,0.8948751894884592,35,highpass
1.1057898501408151e-07,4.6961839290151647e-07,1.8285041280198944e-07,2.8041180980545406e-07,4.6029752964205833e-05,0.8971000687646273,35,highpass
1.1057898501408151e-07,4.6961839290151647e-07,1.8285041280198944e-07,2.8041180980545406e-07,4.6029752964205833e-05,0.8971000687646273,35,highpass
1.1057898501408151e-07,4.6961839290151647e-07,1.8285041280198944e-07,2.8041180980545406e-07,4.6029752964205833e-05,0.8971000687646273,35,highpass
1.1057898501408151e-07,4.6961839290151647e-07,1.8285041280198944e-07,2.82080880767654e-07,4.6029752964205833e-05,0.8948751894884592,35,highpass
1.1057898501408151e-07,4.032044329018655e-07,1.8285041280198944e-07,2.8041180980545406e-07,4.6029752964205833e-05,0.8788775022501616,35,highpass
1.1057898501408151e-07,4.4744157753043553e-07,1.8285041280198944e-07,2.82080880767654e-07,4.6029752964205833e-05,0.8961047404189695,35,highpass
1.1057898501408151e-07,4.6961839290151647e-07,1.8285041280198944e-07,2.536577902196508e-07,4.6029752964205833e-05,0.8958456982732534,35,highpass
1.1057898501408151e-07,4.6961839290151647e-07,1.8285041280198944e-07,2.82080880767654e-07,4.6029752964205833e-05,0.8948751894884592,35,highpass
1.1057898501408151e-07,4.6961839290151647e-07,1.8285041280198944e-07,2.8041180980545406e-07,4.6029752964205833e-05,0.8971000687646273,35,highpass
1.1057898501408151e-07,4.6961839290151647e-07,1.8285041280198944e-07,2.82080880767654e-07,4.6029752964205833e-05,0.8948751894884592,35,highpass
1.1057898501408151e-07,4.6961839290151647e-07,1.8285041280198944e-07,2.82080880767654e-07,4.6029752964205833e-05,0.8948751894884592,35,highpass
1.1057898501408151e-07,4.6961839290151647e-07,1.8285041280198944e-07,2.8041180980545406e-07,4.6029752964205833e-05,0.8971000687646273,35,highpass
1.1057898501408151e-07,4.6961839290151647e-07,1.8285041280198944e-07,2.8041180980545406e-07,4.6029752964205833e-05,0.8971000687646273,35,highpass
1.1057898501408151e-07,4.6961839290151647e-07,1.8326047849934715e-07,2.82080880767654e-07,4.6029752964205833e-05,0.8948751894884592,35,highpass
1.1057898501408151e-07,4.6961839290151647e-07,1.8285041280198944e-07,2.8041180980545406e-07,4.6029752964205833e-05,0.8971000687646273,36,highpass
1.1057898501408151e-07,4.6961839290151647e-07,1.8285041280198944e-07,2.8041180980545406e-07,4.6029752964205833e-05,0.8971000687646273,36,highpass
1.1057898501408151e-07,4.6961839290151647e-07,1.8285041280198944e-07,2.8041180980545406e-07,4.6029752964205833e-05,0.8971000687646273,36,highpass
1.1057898501408151e-07,4.6961839290151647e-07,1.8285041280198944e-07,2.8041180980545406e-07,4.6029752964205833e-05,0.8971000687646273,36,highpass
1.1057898501408151e-07,4.6961839290151647e-07,1.8285041280198944e-07,2.8041180980545406e-07,4.6029752964205833e-05,0.8971000687646273,36,highpass
1.1057898501408151e-07,4.6961839290151647e-07,1.8285041280198944e-07,2.8041180980545406e-07,4.766937546970339e-05,0.8952316626991439,36,highpass
1.1057898501408151e-07,4.6961839290151647e-07,1.8285041280198944e-07,2.8041180980545406e-07,4.5500107086265793e-05,0.8967956333331462,36,highpass
2.001588593637323e-07,4.6961839290151647e-07,1.8285041280198944e-07,2.8041180980545406e-07,4.6029752964205833e-05,0.8171893525644793,36,highpass
1.1057898501408151e-07,4.6961839290151647e-07,1.8285041280198944e-07,2.8041180980545406e-07,4.6029752964205833e-05,0.8971000687646273,36,highpass
1.1057898501408151e-07,4.6961839290151647e-07,1.8285041280198944e-07,2.8041180980545406e-07,4.6029752964205833e-05,0.8971000687646273,36,highpass
1.1057898501408151e-07,4.6961839290151647e-07,1.8285041280198944e-07,2.8041180980545406e-07,4.6029752964205833e-05,0.8971000687646273,36,highpass
1.1057898501408151e-07,4.6961839290151647e-07,1.8285041280198944e-07,2.8041180980545406e-07,4.6029752964205833e-05,0.8971000687646273,36,highpass
1.1057898501408151e-07,4.6961839290151647e-07,1.8285041280198944e-07,2.8041180980545406e-07,2.350722089481666e-05,0.8957524726452617,36,highpass
1.1057898501408151e-07,4.6961839290151647e-07,1.746549785162269e-07,2.8041180980545406e-07,4.6029752964205833e-05,0.8913562793453088,36,highpass
1.1057898501408151e-07,4.6961839290151647e-07,1.8285041280198944e-07,2.8041180980545406e-07,4.6029752964205833e-05,0.8971000687646273,36,highpass
1.1057898501408151e-07,4.6961839290151647e-07,1.8285041280198944e-07,2.8041180980545406e-07,4.6029752964205833e-05,0.8971000687646273,36,highpass
1.4769782024600376e-07,4.6961839290151647e-07,1.8285041280198944e-07,2.8041180980545406e-07,4.6029752964205833e-05,0.881275454767159,36,highpass
1.1057898501408151e-07,4.6961839290151647e-07,1.8285041280198944e-07,2.8041180980545406e-07,4.6029752964205833e-05,0.8971000687646273,36,highpass
1.1057898501408151e-07,4.6961839290151647e-07,1.8285041280198944e-07,2.8041180980545406e-07,4.6029752964205833e-05,0.8971000687646273,36,highpass
1.1057898501408151e-07,4.6961839290151647e-07,1.8285041280198944e-07,2.8041180980545406e-07,4.6029752964205833e-05,0.8971000687646273,36,highpass
1.1057898501408151e-07,4.6961839290151647e-07,1.8285041280198944e-07,2.8041180980545406e-07,4.6029752964205833e-05,0.8971000687646273,36,highpass
1.1057898501408151e-07,4.6961839290151647e-07,1.8285041280198944e-07,2.8041180980545406e-07,4.6029752964205833e-05,0.8971000687646273,36,highpass
1.1057898501408151e-07,4.6961839290151647e-07,1.8285041280198944e-07,2.8041180980545406e-07,4.6029752964205833e-05,0.8971000687646273,36,highpass
1.1057898501408151e-07,4.6961839290151647e-07,1.8285041280198944e-07,2.8041180980545406e-07,4.6029752964205833e-05,0.8971000687646273,36,highpass
1.1057898501408151e-07,5.199135488728533e-07,1.8285041280198944e-07,2.8041180980545406e-07,4.6029752964205833e-05,0.8754232872799741,36,highpass
1.1057898501408151e-07,4.6961839290151647e-07,1.8285041280198944e-07,2.8041180980545406e-07,4.562033661003236e-05,0.8967913606029188,36,highpass
1.1057898501408151e-07,4.6961839290151647e-07,1.8285041280198944e-07,2.8041180980545406e-07,4.6029752964205833e-05,0.8971000687646273,36,highpass
1.1057898501408151e-07,4.6961839290151647e-07,1.8285041280198944e-07,2.8041180980545406e-07,4.6029752964205833e-05,0.8971000687646273,36,highpass
1.1057898501408151e-07,4.6961839290151647e-07,1.8285041280198944e-07,2.8041180980545406e-07,4.6029752964205833e-05,0.8971000687646273,36,highpass
1.1057898501408151e-07,4.6961839290151647e-07,1.8285041280198944e-07,2.8041180980545406e-07,4.6029752964205833e-05,0.8971000687646273,36,highpass
1.1057898501408151e-07,4.6961839290151647e-07,1.8285041280198944e-07,2.8041180980545406e-07,4.6029752964205833e-05,0.8971000687646273,36,highpass
1.1057898501408151e-07,4.6142246272451185e-07,1.8285041280198944e-07,2.8041180980545406e-07,4.6029752964205833e-05,0.8966882713180861,36,highpass
1.1057898501408151e-07,4.6961839290151647e-07,1.8285041280198944e-07,2.8041180980545406e-07,4.6029752964205833e-05,0.8971000687646273,36,highpass
1.1057898501408151e-07,4.6961839290151647e-07,1.8285041280198944e-07,2.8041180980545406e-07,4.6029752964205833e-05,0.8971000687646273,36,highpass
1.1057898501408151e-07,4.6961839290151647e-07,1.8285041280198944e-07,2.8041180980545406e-07,4.6029752964205833e-05,0.8971000687646273,36,highpass
1.1057898501408151e-07,4.6961839290151647e-07,1.8285041280198944e-07,2.8041180980545406e-07,4.6029752964205833e-05,0.8971000687646273,36,highpass
1.1057898501408151e-07,4.6961839290151647e-07,1.8285041280198944e-07,2.8041180980545406e-07,4.6029752964205833e-05,0.8971000687646273,36,highpass
1.1057898501408151e-07,4.6961839290151647e-07,1.8285041280198944e-07,2.8041180980545406e-07,4.6029752964205833e-05,0.8971000687646273,36,highpass
1.1057898501408151e-07,4.6961839290151647e-07,1.8285041280198944e-07,2.8041180980545406e-07,4.6029752964205833e-05,0.8971000687646273,36,highpass
1.1057898501408151e-07,4.6961839290151647e-07,1.8285041280198944e-07,2.8041180980545406e-07,4.6029752964205833e-05,0.8971000687646273,36,highpass
1.1057898501408151e-07,4.6961839290151647e-07,1.8285041280198944e-07,2.8041180980545406e-07,4.6029752964205833e-05,0.8971000687646273,37,highpass
1.1057898501408151e-07,4.6961839290151647e-07,1.8285041280198944e-07,2.8041180980545406e-07,4.6029752964205833e-05,0.8971000687646273,37,highpass
1.1057898501408151e-07,4.6961839290151647e-07,1.8285041280198944e-07,2.8041180980545406e-07,4.403387821870089e-05,0.8954900585808308,37,highpass
1.1057898501408151e-07,4.6961839290151647e-07,1.8285041280198944e-07,2.8041180980545406e-07,4.6029752964205833e-05,0.8971000687646273,37,highpass
1.1057898501408151e-07,4.6961839290151647e-07,1.8285041280198944e-07,2.8041180980545406e-07,4.6029752964205833e-05,0.8971000687646273,37,highpass
1.1057898501408151e-07,4.6961839290151647e-07,1.8285041280198944e-07,2.8041180980545406e-07,4.6029752964205833e-05,0.8971000687646273,37,highpass
1.1057898501408151e-07,4.6961839290151647e-07,1.8285041280198944e-07,2.8041180980545406e-07,4.6029752964205833e-05,0.8971000687646273,37,highpass
1.1057898501408151e-07,4.6961839290151647e-07,1.8285041280198944e-07,2.8041180980545406e-07,4.6029752964205833e-05,0.8971000687646273,37,highpass
1.1057898501408151e-07,4.6961839290151647e-07,1.8285041280198944e-07,2.8041180980545406e-07,4.6029752964205833e-05,0.8971000687646273,37,highpass
1.1057898501408151e-07,4.6961839290151647e-07,1.8285041280198944e-07,2.8041180980545406e-07,4.6029752964205833e-05,0.8971000687646273,37,highpass
1.1057898501408151e-07,4.6961839290151647e-07,1.8285041280198944e-07,2.8041180980545406e-07,4.6029752964205833e-05,0.8971000687646273,37,highpass
1.1057898501408151e-07,4.6961839290151647e-07,1.8285041280198944e-07,2.8041180980545406e-07,4.6029752964205833e-05,0.8971000687646273,37,highpass
1.1057898501408151e-07,4.6961839290151647e-07,1.8285041280198944e-07,2.8041180980545406e-07,4.6029752964205833e-05,0.8971000687646273,37,highpass
1.1057898501408151e-07,4.6961839290151647e-07,1.8285041280198944e-07,2.8041180980545406e-07,4.6029752964205833e-05,0.8971000687646273,37,highpass
1.1057898501408151e-07,4.6961839290151647e-07,1.859248628454382e-07,2.8041180980545406e-07,4.6029752964205833e-05,0.893509606773525,37,highpass
1.1057898501408151e-07,4.6961839290151647e-07,1.8285041280198944e-07,2.8041180980545406e-07,4.6029752964205833e-05,0.8971000687646273,37,highpass
1.1057898501408151e-07,4.6961839290151647e-07,1.8285041280198944e-07,2.8041180980545406e-07,4.6029752964205833e-05,0.8971000687646273,37,highpass
1.1057898501408151e-07,4.875919919373556e-07,1.8285041280198944e-07,2.8041180980545406e-07,4.6029752964205833e-05,0.8890418013928939,37,highpass
1.1057898501408151e-07,4.6961839290151647e-07,1.8285041280198944e-07,2.8041180980545406e-07,4.6029752964205833e-05,0.8971000687646273,37,highpass
1.1057898501408151e-07,4.6961839290151647e-07,1.8285041280198944e-07,2.8041180980545406e-07,4.6029752964205833e-05,0.8971000687646273,37,highpass
1.1057898501408151e-07,4.6961839290151647e-07,1.8285041280198944e-07,2.8041180980545406e-07,4.6029752964205833e-05,0.8971000687646273,37,highpass
1.1057898501408151e-07,4.6961839290151647e-07,1.8285041280198944e-07,2.8041180980545406e-07,4.6029752964205833e-05,0.8971000687646273,37,highpass
1.1057898501408151e-07,4.6961839290151647e-07,1.8285041280198944e-07,2.8041180980545406e-07,4.6029752964205833e-05,0.8971000687646273,37,highpass
1.1057898501408151e-07,4.6961839290151647e-07,1.8285041280198944e-07,2.8041180980545406e-07,4.6029752964205833e-05,0.8971000687646273,37,highpass
1.1057898501408151e-07,4.6961839290151647e-07,1.8285041280198944e-07,2.8041180980545406e-07,4.6029752964205833e-05,0.8971000687646273,37,highpass
1.1057898501408151e-07,4.6961839290151647e-07,1.8285041280198944e-07,2.8041180980545406e-07,4.6029752964205833e-05,0.8971000687646273,37,highpass
1.1057898501408151e-07,4.6961839290151647e-07,1.8285041280198944e-07,2.8041180980545406e-07,4.6029752964205833e-05,0.8971000687646273,37,highpass
1.1057898501408151e-07,4.6961839290151647e-07,1.8285041280198944e-07,2.8041180980545406e-07,4.6029752964205833e-05,0.8971000687646273,37,highpass
1.1057898501408151e-07,4.6961839290151647e-07,1.8285041280198944e-07,2.8041180980545406e-07,4.6029752964205833e-05,0.8971000687646273,37,highpass
1.1057898501408151e-07,4.6961839290151647e-07,1.8285041280198944e-07,2.8041180980545406e-07,4.6029752964205833e-05,0.8971000687646273,37,highpass
1.6377178634951646e-07,4.6961839290151647e-07,1.8285041280198944e-07,2.8041180980545406e-07,4.6029752964205833e-05,0.8650986545427531,37,highpass
1.1057898501408151e-07,4.6961839290151647e-07,1.9300067163507623e-07,2.8041180980545406e-07,4.6029752964205833e-05,0.8754373378167415,37,highpass
1.1057898501408151e-07,4.6961839290151647e-07,1.8285041280198944e-07,2.8041180980545406e-07,4.6752208600283974e-05,0.8971722982938426,37,highpass
1.1057898501408151e-07,4.6961839290151647e-07,1.8285041280198944e-07,2.8041180980545406e-07,4.6029752964205833e-05,0.8971000687646273,37,highpass
1.1057898501408151e-07,4.6961839290151647e-07,1.8285041280198944e-07,2.8041180980545406e-07,4.6029752964205833e-05,0.8971000687646273,37,highpass
1.1057898501408151e-07,4.6961839290151647e-07,1.8285041280198944e-07,2.8041180980545406e-07,4.6029752964205833e-05,0.8971000687646273,37,highpass
1.1057898501408151e-07,4.6961839290151647e-07,1.8285041280198944e-07,2.8041180980545406e-07,4.6029752964205833e-05,0.8971000687646273,37,highpass
1.1057898501408151e-07,4.6961839290151647e-07,1.8285041280198944e-07,2.8041180980545406e-07,4.6029752964205833e-05,0.8971000687646273,37,highpass
1.1057898501408151e-07,4.6961839290151647e-07,1.8285041280198944e-07,2.8041180980545406e-07,4.6029752964205833e-05,0.8971000687646273,37,highpass
1.1057898501408151e-07,4.6961839290151647e-07,1.8694385521213542e-07,2.8041180980545406e-07,4.6029752964205833e-05,0.8913140620369857,37,highpass
1.1057898501408151e-07,4.6961839290151647e-07,1.8285041280198944e-07,2.8041180980545406e-07,4.6752208600283974e-05,0.8971722982938426,38,highpass
1.1057898501408151e-07,4.6961839290151647e-07,1.8285041280198944e-07,2.1732227320124857e-07,4.6029752964205833e-05,0.8811712125505491,38,highpass
1.1057898501408151e-07,4.6961839290151647e-07,1.8285041280198944e-07,2.81965702419022e-07,4.6029752964205833e-05,0.8970904241242557,38,highpass
1.1057898501408151e-07,4.6961839290151647e-07,1.8285041280198944e-07,2.8041180980545406e-07,4.6029752964205833e-05,0.8971000687646273,38,highpass
1.1057898501408151e-07,4.6961839290151647e-07,1.8285041280198944e-07,2.8041180980545406e-07,4.6752208600283974e-05,0.8971722982938426,38,highpass
1.1057898501408151e-07,4.6961839290151647e-07,1.8285041280198944e-07,2.8041180980545406e-07,4.6029752964205833e-05,0.8971000687646273,38,highpass
1.1057898501408151e-07,4.6961839290151647e-07,1.8285041280198944e-07,2.8041180980545406e-07,4.6029752964205833e-05,0.8971000687646273,38,highpass
1.1057898501408151e-07,4.6961839290151647e-07,1.8285041280198944e-07,2.8041180980545406e-07,4.6029752964205833e-05,0.8971000687646273,38,highpass
1.1057898501408151e-07,4.6961839290151647e-07,1.8285041280198944e-07,2.8041180980545406e-07,4.6029752964205833e-05,0.8971000687646273,38,highpass
1.1057898501408151e-07,4.6961839290151647e-07,1.8285041280198944e-07,2.8041180980545406e-07,4.985372536907832e-05,0.8967644152236763,38,highpass
1.1057898501408151e-07,4.6961839290151647e-07,1.8285041280198944e-07,2.8041180980545406e-07,4.6029752964205833e-05,0.8971000687646273,38,highpass
1.3269652637705218e-07,4.6961839290151647e-07,1.8285041280198944e-07,2.8041180980545406e-07,4.6752208600283974e-05,0.8830690403209238,38,highpass
1.1057898501408151e-07,4.6961839290151647e-07,1.8285041280198944e-07,2.8041180980545406e-07,4.6029752964205833e-05,0.8971000687646273,38,highpass
1.1057898501408151e-07,4.6961839290151647e-07,1.8285041280198944e-07,2.8041180980545406e-07,4.6029752964205833e-05,0.8971000687646273,38,highpass
1.1057898501408151e-07,4.6961839290151647e-07,1.8285041280198944e-07,2.8041180980545406e-07,4.6029752964205833e-05,0.8971000687646273,38,highpass
1.1057898501408151e-07,4.6961839290151647e-07,1.8285041280198944e-07,2.8041180980545406e-07,4.6029752964205833e-05,0.8971000687646273,38,highpass
1.1057898501408151e-07,4.6961839290151647e-07,1.8285041280198944e-07,2.8041180980545406e-07,4.6752208600283974e-05,0.8971722982938426,38,highpass
1.1057898501408151e-07,4.6961839290151647e-07,1.8285041280198944e-07,2.8041180980545406e-07,4.6029752964205833e-05,0.8971000687646273,38,highpass
1.1057898501408151e-07,4.6961839290151647e-07,1.8285041280198944e-07,2.8041180980545406e-07,4.6029752964205833e-05,0.8971000687646273,38,highpass
1.1057898501408151e-07,4.6961839290151647e-07,1.8285041280198944e-07,2.8041180980545406e-07,4.6029752964205833e-05,0.8971000687646273,38,highpass
1.1057898501408151e-07,4.6961839290151647e-07,1.8285041280198944e-07,2.8041180980545406e-07,4.6029752964205833e-05,0.8971000687646273,38,highpass
1.1057898501408151e-07,4.6961839290151647e-07,1.8285041280198944e-07,2.8041180980545406e-07,4.6029752964205833e-05,0.8971000687646273,38,highpass
1.1057898501408151e-07,4.6961839290151647e-07,1.8285041280198944e-07,2.8041180980545406e-07,4.6029752964205833e-05,0.8971000687646273,38,highpass
1.1057898501408151e-07,4.6961839290151647e-07,1.8285041280198944e-07,2.8041180980545406e-07,4.6029752964205833e-05,0.8971000687646273,38,highpass
1.1057898501408151e-07,4.6961839290151647e-07,1.8285041280198944e-07,2.8041180980545406e-07,4.6029752964205833e-05,0.8971000687646273,38,highpass
1.1057898501408151e-07,4.6961839290151647e-07,1.8285041280198944e-07,2.8041180980545406e-07,4.6752208600283974e-05,0.8971722982938426,38,highpass
1.1057898501408151e-07,4.6961839290151647e-07,1.8285041280198944e-07,2.8041180980545406e-07,4.6029752964205833e-05,0.8971000687646273,38,highpass
1.1057898501408151e-07,4.6961839290151647e-07,1.8285041280198944e-07,2.8041180980545406e-07,4.6029752964205833e-05,0.8971000687646273,38,highpass
1.1057898501408151e-07,4.6961839290151647e-07,1.8285041280198944e-07,1.7969482929420835e-07,4.6029752964205833e-05,0.8512929078988658,38,highpass
1.1057898501408151e-07,4.6961839290151647e-07,1.8285041280198944e-07,2.8041180980545406e-07,4.6029752964205833e-05,0.8971000687646273,38,highpass
1.1057898501408151e-07,4.6961839290151647e-07,1.8285041280198944e-07,2.8041180980545406e-07,4.6029752964205833e-05,0.8971000687646273,38,highpass
1.1057898501408151e-07,4.6961839290151647e-07,1.8285041280198944e-07,2.8041180980545406e-07,4.6029752964205833e-05,0.8971000687646273,38,highpass
1.1057898501408151e-07,4.6961839290151647e-07,1.8285041280198944e-07,2.8041180980545406e-07,4.6029752964205833e-05,0.8971000687646273,38,highpass
1.1057898501408151e-07,4.6961839290151647e-07,1.8285041280198944e-07,2.8041180980545406e-07,4.6752208600283974e-05,0.8971722982938426,38,highpass
1.1057898501408151e-07,4.6961839290151647e-07,1.8285041280198944e-07,2.8041180980545406e-07,4.6029752964205833e-05,0.8971000687646273,38,highpass
1.1057898501408151e-07,4.6961839290151647e-07,1.8285041280198944e-07,2.8041180980545406e-07,4.6029752964205833e-05,0.8971000687646273,38,highpass
1.1057898501408151e-07,4.6961839290151647e-07,1.8285041280198944e-07,2.8041180980545406e-07,4.6029752964205833e-05,0.8971000687646273,38,highpass
1.1057898501408151e-07,4.6961839290151647e-07,1.8285041280198944e-07,2.8041180980545406e-07,4.6029752964205833e-05,0.8971000687646273,38,highpass
1.1057898501408151e-07,4.6961839290151647e-07,1.8285041280198944e-07,2.8041180980545406e-07,4.6029752964205833e-05,0.8971000687646273,38,highpass
1.1057898501408151e-07,4.6961839290151647e-07,1.8285041280198944e-07,2.8041180980545406e-07,4.6029752964205833e-05,0.8971000687646273,38,highpass
1.1057898501408151e-07,4.6961839290151647e-07,1.8285041280198944e-07,2.8041180980545406e-07,4.6752208600283974e-05,0.8971722982938426,39,highpass
1.1057898501408151e-07,4.6961839290151647e-07,1.8285041280198944e-07,2.8041180980545406e-07,4.6029752964205833e-05,0.8971000687646273,39,highpass
1.1033849250864494e-07,4.6961839290151647e-07,1.8285041280198944e-07,2.8041180980545406e-07,4.6752208600283974e-05,0.8971895219672616,39,highpass
1.1057898501408151e-07,4.6961839290151647e-07,1.8285041280198944e-07,2.8041180980545406e-07,4.6029752964205833e-05,0.8971000687646273,39,highpass
1.1057898501408151e-07,4.6961839290151647e-07,1.8285041280198944e-07,2.8041180980545406e-07,4.6752208600283974e-05,0.8971722982938426,39,highpass
1.1057898501408151e-07,4.6961839290151647e-07,1.8285041280198944e-07,2.8041180980545406e-07,4.6752208600283974e-05,0.8971722982938426,39,highpass
1.1057898501408151e-07,4.6961839290151647e-07,1.8285041280198944e-07,2.8041180980545406e-07,4.6029752964205833e-05,0.8971000687646273,39,highpass
1.1057898501408151e-07,4.6961839290151647e-07,1.8285041280198944e-07,2.8041180980545406e-07,4.6029752964205833e-05,0.8971000687646273,39,highpass
1.1057898501408151e-07,4.6961839290151647e-07,1.8285041280198944e-07,2.8041180980545406e-07,4.6752208600283974e-05,0.8971722982938426,39,highpass
1.1057898501408151e-07,4.6961839290151647e-07,1.8285041280198944e-07,2.8041180980545406e-07,4.6752208600283974e-05,0.8971722982938426,39,highpass
1.1057898501408151e-07,4.6961839290151647e-07,1.8285041280198944e-07,2.8041180980545406e-07,4.6752208600283974e-05,0.8971722982938426,39,highpass
1.1057898501408151e-07,4.6961839290151647e-07,1.8285041280198944e-07,2.8041180980545406e-07,4.6029752964205833e-05,0.8971000687646273,39,highpass
1.1057898501408151e-07,4.6961839290151647e-07,1.8285041280198944e-07,2.8041180980545406e-07,4.6029752964205833e-05,0.8971000687646273,39,highpass
1.1057898501408151e-07,4.6961839290151647e-07,1.8285041280198944e-07,2.8041180980545406e-07,4.6029752964205833e-05,0.8971000687646273,39,highpass
1.1057898501408151e-07,4.6961839290151647e-07,1.8285041280198944e-07,2.8041180980545406e-07,4.6029752964205833e-05,0.8971000687646273,39,highpass
1.1057898501408151e-07,4.6961839290151647e-07,1.8285041280198944e-07,2.8041180980545406e-07,4.6752208600283974e-05,0.8971722982938426,39,highpass
1.1057898501408151e-07,4.6961839290151647e-07,1.8285041280198944e-07,2.8387998200795826e-07,4.6029752964205833e-05,0.8969470541110822,39,highpass
1.1057898501408151e-07,4.6961839290151647e-07,1.8285041280198944e-07,2.8041180980545406e-07,4.6029752964205833e-05,0.8971000687646273,39,highpass
1.1057898501408151e-07,4.6961839290151647e-07,1.8285041280198944e-07,2.380237297207847e-07,4.6029752964205833e-05,0.8887288259338085,39,highpass
1.1057898501408151e-07,4.6961839290151647e-07,1.8285041280198944e-07,2.8041180980545406e-07,4.6752208600283974e-05,0.8971722982938426,39,highpass
1.1057898501408151e-07,4.6961839290151647e-07,1.8285041280198944e-07,2.8041180980545406e-07,4.6029752964205833e-05,0.8971000687646273,39,highpass
1.1057898501408151e-07,4.6961839290151647e-07,1.8285041280198944e-07,2.8041180980545406e-07,4.6752208600283974e-05,0.8971722982938426,39,highpass
1.1057898501408151e-07,4.6961839290151647e-07,1.8285041280198944e-07,2.8041180980545406e-07,4.6029752964205833e-05,0.8971000687646273,39,highpass
1.1057898501408151e-07,4.6961839290151647e-07,1.8285041280198944e-07,2.8041180980545406e-07,4.6029752964205833e-05,0.8971000687646273,39,highpass
1.1057898501408151e-07,4.6961839290151647e-07,1.8285041280198944e-07,2.8041180980545406e-07,4.6752208600283974e-05,0.8971722982938426,39,highpass
1.1057898501408151e-07,4.6961839290151647e-07,1.8285041280198944e-07,2.8041180980545406e-07,4.6752208600283974e-05,0.8971722982938426,39,highpass
1.1057898501408151e-07,4.6961839290151647e-07,1.8285041280198944e-07,2.8041180980545406e-07,4.6752208600283974e-05,0.8971722982938426,39,highpass
1.1057898501408151e-07,4.6961839290151647e-07,1.8285041280198944e-07,2.8041180980545406e-07,4.6752208600283974e-05,0.8971722982938426,39,highpass
1.1057898501408151e-07,4.6961839290151647e-07,1.8285041280198944e-07,2.8041180980545406e-07,4.6752208600283974e-05,0.8971722982938426,39,highpass
1.1057898501408151e-07,4.6961839290151647e-07,1.8285041280198944e-07,2.8041180980545406e-07,4.6029752964205833e-05,0.8971000687646273,39,highpass
1.1057898501408151e-07,4.6961839290151647e-07,1.8285041280198944e-07,2.8041180980545406e-07,4.6029752964205833e-05,0.8971000687646273,39,highpass
1.1057898501408151e-07,4.6961839290151647e-07,1.8285041280198944e-07,2.8041180980545406e-07,4.6029752964205833e-05,0.8971000687646273,39,highpass
1.1057898501408151e-07,6.950332528846944e-07,1.8285041280198944e-07,2.8041180980545406e-07,4.6752208600283974e-05,0.7406672103180126,39,highpass
1.1057898501408151e-07,4.6961839290151647e-07,1.8285041280198944e-07,2.8041180980545406e-07,4.6029752964205833e-05,0.8971000687646273,39,highpass
1.1057898501408151e-07,4.6961839290151647e-07,1.8285041280198944e-07,2.8041180980545406e-07,4.6752208600283974e-05,0.8971722982938426,39,highpass
1.1057898501408151e-07,4.74466734933828e-07,1.8285041280198944e-07,2.8041180980545406e-07,4.6752208600283974e-05,0.8940446965274738,39,highpass
1.1057898501408151e-07,4.6961839290151647e-07,1.8285041280198944e-07,2.8041180980545406e-07,4.6029752964205833e-05,0.8971000687646273,39,highpass
1.1057898501408151e-07,4.6961839290151647e-07,1.8285041280198944e-07,2.8041180980545406e-07,4.6029752964205833e-05,0.8971000687646273,39,highpass
1.0597386693079143e-07,4.6961839290151647e-07,1.8285041280198944e-07,2.8041180980545406e-07,4.6752208600283974e-05,0.8924299508505089,39,highpass
1.1057898501408151e-07,4.6961839290151647e-07,1.8285041280198944e-07,2.8041180980545406e-07,4.6752208600283974e-05,0.8971722982938426,39,highpass
1.1033849250864494e-07,4.6961839290151647e-07,1.8285041280198944e-07,2.8041180980545406e-07,4.6752208600283974e-05,0.8971895219672616,40,highpass
1.1033849250864494e-07,4.6961839290151647e-07,1.8285041280198944e-07,2.8041180980545406e-07,4.6752208600283974e-05,0.8971895219672616,40,highpass
1.1057898501408151e-07,4.6961839290151647e-07,1.8285041280198944e-07,2.8041180980545406e-07,4.6752208600283974e-05,0.8971722982938426,40,highpass
1.1057898501408151e-07,4.6961839290151647e-07,1.8285041280198944e-07,2.8041180980545406e-07,4.6752208600283974e-05,0.8971722982938426,40,highpass
1.1033849250864494e-07,4.6961839290151647e-07,1.8285041280198944e-07,2.8041180980545406e-07,4.6752208600283974e-05,0.8971895219672616,40,highpass
1.1057898501408151e-07,4.6961839290151647e-07,1.8285041280198944e-07,2.8041180980545406e-07,4.6752208600283974e-05,0.8971722982938426,40,highpass
1.1057898501408151e-07,4.6961839290151647e-07,1.8285041280198944e-07,2.8041180980545406e-07,4.6752208600283974e-05,0.8971722982938426,40,highpass
1.1057898501408151e-07,4.6961839290151647e-07,1.8285041280198944e-07,2.8041180980545406e-07,4.6752208600283974e-05,0.8971722982938426,40,highpass
1.1057898501408151e-07,4.6961839290151647e-07,1.8285041280198944e-07,2.8041180980545406e-07,4.6752208600283974e-05,0.8971722982938426,40,highpass
1.1057898501408151e-07,4.6961839290151647e-07,1.8285041280198944e-07,2.8041180980545406e-07,4.6752208600283974e-05,0.8971722982938426,40,highpass
1.1057898501408151e-07,4.6961839290151647e-07,1.8285041280198944e-07,2.771593524660879e-07,4.6752208600283974e-05,0.8971753787468707,40,highpass
1.1057898501408151e-07,4.6961839290151647e-07,1.8285041280198944e-07,2.8041180980545406e-07,4.6752208600283974e-05,0.8971722982938426,40,highpass
1.1057898501408151e-07,4.6961839290151647e-07,1.8285041280198944e-07,2.8041180980545406e-07,4.6752208600283974e-05,0.8971722982938426,40,highpass
1.1033849250864494e-07,4.6961839290151647e-07,1.8285041280198944e-07,2.8041180980545406e-07,4.6752208600283974e-05,0.8971895219672616,40,highpass
1.1057898501408151e-07,4.6961839290151647e-07,1.8285041280198944e-07,2.8041180980545406e-07,4.6752208600283974e-05,0.8971722982938426,40,highpass
2.1896366636817606e-07,4.6961839290151647e-07,1.8285041280198944e-07,2.8041180980545406e-07,4.6752208600283974e-05,0.7576833581464852,40,highpass
1.1057898501408151e-07,4.6961839290151647e-07,1.8285041280198944e-07,2.8041180980545406e-07,4.6752208600283974e-05,0.8971722982938426,40,highpass
1.1057898501408151e-07,4.6961839290151647e-07,1.8285041280198944e-07,2.8041180980545406e-07,4.6752208600283974e-05,0.8971722982938426,40,highpass
1.1057898501408151e-07,4.6961839290151647e-07,1.8285041280198944e-07,2.8041180980545406e-07,4.6752208600283974e-05,0.8971722982938426,40,highpass
1.1057898501408151e-07,4.6961839290151647e-07,1.8285041280198944e-07,2.8041180980545406e-07,4.6752208600283974e-05,0.8971722982938426,40,highpass
1.1057898501408151e-07,4.6961839290151647e-07,1.8285041280198944e-07,2.8041180980545406e-07,4.6752208600283974e-05,0.8971722982938426,40,highpass
1.1057898501408151e-07,4.6961839290151647e-07,1.8285041280198944e-07,2.8041180980545406e-07,4.6752208600283974e-05,0.8971722982938426,40,highpass
1.1057898501408151e-07,4.6961839290151647e-07,1.8285041280198944e-07,2.3318273595611766e-07,4.6752208600283974e-05,0.88803627902866,40,highpass
1.1057898501408151e-07,4.6961839290151647e-07,1.8285041280198944e-07,2.8041180980545406e-07,4.6752208600283974e-05,0.8971722982938426,40,highpass
1.1057898501408151e-07,4.6961839290151647e-07,1.8285041280198944e-07,2.8041180980545406e-07,4.6752208600283974e-05,0.8971722982938426,40,highpass
1.1057898501408151e-07,4.6961839290151647e-07,1.8285041280198944e-07,2.8041180980545406e-07,4.6752208600283974e-05,0.8971722982938426,40,highpass
1.1057898501408151e-07,4.537600475910229e-07,1.8285041280198944e-07,2.8041180980545406e-07,4.6752208600283974e-05,0.8967040582723583,40,highpass
1.1057898501408151e-07,4.6961839290151647e-07,1.8285041280198944e-07,2.852040538070169e-07,4.6752208600283974e-05,0.8969040309931111,40,highpass
1.1057898501408151e-07,4.6961839290151647e-07,1.8285041280198944e-07,2.8041180980545406e-07,4.6752208600283974e-05,0.8971722982938426,40,highpass
1.1057898501408151e-07,4.6961839290151647e-07,1.8285041280198944e-07,2.8041180980545406e-07,4.6752208600283974e-05,0.8971722982938426,40,highpass
1.1033849250864494e-07,4.6961839290151647e-07,1.8285041280198944e-07,2.8041180980545406e-07,4.6752208600283974e-05,0.8971895219672616,40,highpass
1.1057898501408151e-07,4.6961839290151647e-07,1.8285041280198944e-07,2.8041180980545406e-07,4.6752208600283974e-05,0.8971722982938426,40,highpass
1.1057898501408151e-07,4.6961839290151647e-07,1.8285041280198944e-07,2.8041180980545406e-07,4.6752208600283974e-05,0.8971722982938426,40,highpass
1.1057898501408151e-07,4.6961839290151647e-07,1.8285041280198944e-07,2.8041180980545406e-07,4.6752208600283974e-05,0.8971722982938426,40,highpass
1.1057898501408151e-07,4.6961839290151647e-07,1.8285041280198944e-07,2.8041180980545406e-07,4.6752208600283974e-05,0.8971722982938426,40,highpass
1.1057898501408151e-07,4.6961839290151647e-07,1.8285041280198944e-07,2.8041180980545406e-07,4.6752208600283974e-05,0.8971722982938426,40,highpass
1.1057898501408151e-07,4.6961839290151647e-07,1.8285041280198944e-07,2.8041180980545406e-07,4.6752208600283974e-05,0.8971722982938426,40,highpass
1.1057898501408151e-07,4.6961839290151647e-07,1.8285041280198944e-07,2.8041180980545406e-07,4.6752208600283974e-05,0.8971722982938426,40,highpass
1.1057898501408151e-07,4.6961839290151647e-07,1.8285041280198944e-07,2.8041180980545406e-07,4.6752208600283974e-05,0.8971722982938426,40,highpass
1.1057898501408151e-07,4.6961839290151647e-07,1.8285041280198944e-07,2.8041180980545406e-07,4.6752208600283974e-05,0.8971722982938426,40,highpass
1.1033849250864494e-07,4.6961839290151647e-07,1.8285041280198944e-07,2.8041180980545406e-07,4.6752208600283974e-05,0.8971895219672616,41,highpass
1.1033849250864494e-07,4.6961839290151647e-07,1.8285041280198944e-07,2.8041180980545406e-07,4.6752208600283974e-05,0.8971895219672616,41,highpass
1.1462389430694909e-07,4.6961839290151647e-07,1.8285041280198944e-07,2.8041180980545406e-07,4.6752208600283974e-05,0.8912688700291443,41,highpass
1.1033849250864494e-07,4.6961839290151647e-07,1.8285041280198944e-07,2.8041180980545406e-07,4.6752208600283974e-05,0.8971895219672616,41,highpass
1.1033849250864494e-07,4.6961839290151647e-07,1.8285041280198944e-07,2.8041180980545406e-07,4.6752208600283974e-05,0.8971895219672616,41,highpass
1.1057898501408151e-07,4.6961839290151647e-07,1.8285041280198944e-07,2.8041180980545406e-07,4.6752208600283974e-05,0.8971722982938426,41,highpass
1.1033849250864494e-07,4.6961839290151647e-07,1.8285041280198944e-07,2.8041180980545406e-07,4.6752208600283974e-05,0.8971895219672616,41,highpass
1.1057898501408151e-07,4.6961839290151647e-07,1.8285041280198944e-07,2.8041180980545406e-07,4.6752208600283974e-05,0.8971722982938426,41,highpass
1.1033849250864494e-07,4.6961839290151647e-07,1.8285041280198944e-07,2.8041180980545406e-07,4.6752208600283974e-05,0.8971895219672616,41,highpass
1.1057898501408151e-07,4.6961839290151647e-07,1.8285041280198944e-07,2.8041180980545406e-07,4.6752208600283974e-05,0.8971722982938426,41,highpass
1.1033849250864494e-07,4.6961839290151647e-07,1.8285041280198944e-07,2.771593524660879e-07,4.6752208600283974e-05,0.8971894497527604,41,highpass
1.1314877469277769e-07,4.6961839290151647e-07,1.8285041280198944e-07,2.8041180980545406e-07,4.6752208600283974e-05,0.8931811964178891,41,highpass
1.1057898501408151e-07,4.6961839290151647e-07,1.8285041280198944e-07,2.8041180980545406e-07,4.6752208600283974e-05,0.8971722982938426,41,highpass
1.1057898501408151e-07,4.689099035876633e-07,1.8285041280198944e-07,2.8041180980545406e-07,4.6752208600283974e-05,0.8971624935434127,41,highpass
1.1412170913156215e-07,4.6961839290151647e-07,1.8285041280198944e-07,2.8041180980545406e-07,4.6752208600283974e-05,0.8901955352907841,41,highpass
1.1057898501408151e-07,4.6961839290151647e-07,1.8285041280198944e-07,2.8041180980545406e-07,4.6752208600283974e-05,0.8971722982938426,41,highpass
1.1057898501408151e-07,4.6961839290151647e-07,1.8285041280198944e-07,2.8041180980545406e-07,4.6752208600283974e-05,0.8971722982938426,41,highpass
1.1033849250864494e-07,4.6961839290151647e-07,1.8285041280198944e-07,2.8041180980545406e-07,4.6752208600283974e-05,0.8971895219672616,41,highpass
1.1057898501408151e-07,4.6961839290151647e-07,1.8285041280198944e-07,2.8041180980545406e-07,4.6752208600283974e-05,0.8971722982938426,41,highpass
1.1033849250864494e-07,4.6961839290151647e-07,1.8285041280198944e-07,2.8041180980545406e-07,4.6752208600283974e-05,0.8971895219672616,41,highpass
1.1057898501408151e-07,4.6961839290151647e-07,1.8285041280198944e-07,2.8041180980545406e-07,4.6752208600283974e-05,0.8971722982938426,41,highpass
1.1057898501408151e-07,4.6961839290151647e-07,1.8285041280198944e-07,2.8041180980545406e-07,4.6752208600283974e-05,0.8971722982938426,41,highpass
1.1057898501408151e-07,4.6961839290151647e-07,1.8285041280198944e-07,2.8041180980545406e-07,4.6752208600283974e-05,0.8971722982938426,41,highpass
1.1033849250864494e-07,4.6961839290151647e-07,1.8285041280198944e-07,2.8041180980545406e-07,3.3903474793655134e-05,0.8962121070861225,41,highpass
1.8633997522541622e-07,4.6961839290151647e-07,1.8285041280198944e-07,2.8041180980545406e-07,4.6752208600283974e-05,0.8485844338697346,41,highpass
1.1057898501408151e-07,4.6961839290151647e-07,1.8285041280198944e-07,2.8041180980545406e-07,4.6752208600283974e-05,0.8971722982938426,41,highpass
1.1033849250864494e-07,4.6961839290151647e-07,1.8285041280198944e-07,2.8041180980545406e-07,4.6752208600283974e-05,0.8971895219672616,41,highpass
1.1057898501408151e-07,4.6961839290151647e-07,1.8285041280198944e-07,2.8041180980545406e-07,4.6752208600283974e-05,0.8971722982938426,41,highpass
1.1057898501408151e-07,4.6961839290151647e-07,1.8285041280198944e-07,2.8041180980545406e-07,4.6752208600283974e-05,0.8971722982938426,41,highpass
1.1033849250864494e-07,4.6961839290151647e-07,1.8285041280198944e-07,2.8041180980545406e-07,4.6752208600283974e-05,0.8971895219672616,41,highpass
1.1033849250864494e-07,4.6961839290151647e-07,1.8285041280198944e-07,2.8041180980545406e-07,4.6752208600283974e-05,0.8971895219672616,41,highpass
1.1033849250864494e-07,4.6961839290151647e-07,1.8285041280198944e-07,2.8041180980545406e-07,4.6752208600283974e-05,0.8971895219672616,41,highpass
1.1057898501408151e-07,4.6961839290151647e-07,1.8285041280198944e-07,2.8041180980545406e-07,4.6752208600283974e-05,0.8971722982938426,41,highpass
1.1033849250864494e-07,4.6961839290151647e-07,1.8285041280198944e-07,2.8041180980545406e-07,4.6752208600283974e-05,0.8971895219672616,41,highpass
1.1033849250864494e-07,4.6961839290151647e-07,1.8285041280198944e-07,2.8041180980545406e-07,4.6752208600283974e-05,0.8971895219672616,41,highpass
1.1033849250864494e-07,4.6961839290151647e-07,1.8285041280198944e-07,2.8041180980545406e-07,4.6752208600283974e-05,0.8971895219672616,41,highpass
1.1057898501408151e-07,4.6961839290151647e-07,1.8285041280198944e-07,2.8041180980545406e-07,4.6752208600283974e-05,0.8971722982938426,41,highpass
1.1033849250864494e-07,4.6961839290151647e-07,1.8285041280198944e-07,2.8041180980545406e-07,4.6752208600283974e-05,0.8971895219672616,41,highpass
1.1033849250864494e-07,4.6961839290151647e-07,1.8285041280198944e-07,2.8041180980545406e-07,4.6752208600283974e-05,0.8971895219672616,41,highpass
1.1033849250864494e-07,4.6961839290151647e-07,1.851982982186108e-07,2.8041180980545406e-07,4.6752208600283974e-05,0.8933286806729416,41,highpass
1.1033849250864494e-07,4.6961839290151647e-07,1.8285041280198944e-07,2.8041180980545406e-07,4.6752208600283974e-05,0.8971895219672616,42,highpass
1.1033849250864494e-07,4.6961839290151647e-07,1.8285041280198944e-07,2.8041180980545406e-07,4.6752208600283974e-05,0.8971895219672616,42,highpass
1.1033849250864494e-07,4.6961839290151647e-07,1.8285041280198944e-07,2.8041180980545406e-07,4.6752208600283974e-05,0.8971895219672616,42,highpass
1.1033849250864494e-07,4.6961839290151647e-07,1.8285041280198944e-07,2.8041180980545406e-07,4.6752208600283974e-05,0.8971895219672616,42,highpass
1.1033849250864494e-07,4.6961839290151647e-07,1.8285041280198944e-07,2.8041180980545406e-07,4.6752208600283974e-05,0.8971895219672616,42,highpass
1.1033849250864494e-07,4.6961839290151647e-07,1.8285041280198944e-07,2.8041180980545406e-07,4.6752208600283974e-05,0.8971895219672616,42,highpass
1.1033849250864494e-07,4.6961839290151647e-07,1.8285041280198944e-07,2.8041180980545406e-07,4.6752208600283974e-05,0.8971895219672616,42,highpass
1.1033849250864494e-07,4.6961839290151647e-07,1.8285041280198944e-07,2.8041180980545406e-07,4.6752208600283974e-05,0.8971895219672616,42,highpass
1.1033849250864494e-07,4.6961839290151647e-07,1.8285041280198944e-07,2.8041180980545406e-07,4.550275332460211e-05,0.8920502897492069,42,highpass
1.1033849250864494e-07,4.6961839290151647e-07,1.8285041280198944e-07,2.8041180980545406e-07,4.6752208600283974e-05,0.8971895219672616,42,highpass
1.1033849250864494e-07,4.6961839290151647e-07,1.8285041280198944e-07,2.8041180980545406e-07,4.6752208600283974e-05,0.8971895219672616,42,highpass
1.1033849250864494e-07,4.6961839290151647e-07,1.8285041280198944e-07,2.8041180980545406e-07,4.6752208600283974e-05,0.8971895219672616,42,highpass
1.1033849250864494e-07,4.6961839290151647e-07,1.8285041280198944e-07,2.8041180980545406e-07,4.503079074272032e-05,0.8923211137778224,42,highpass
1.1033849250864494e-07,4.6961839290151647e-07,1.8285041280198944e-07,2.8041180980545406e-07,4.6752208600283974e-05,0.8971895219672616,42,highpass
1.1033849250864494e-07,4.6961839290151647e-07,1.8285041280198944e-07,2.8041180980545406e-07,4.6752208600283974e-05,0.8971895219672616,42,highpass
1.1033849250864494e-07,4.6961839290151647e-07,1.8285041280198944e-07,2.8041180980545406e-07,4.6752208600283974e-05,0.8971895219672616,42,highpass
1.1033849250864494e-07,4.6961839290151647e-07,1.8285041280198944e-07,2.8041180980545406e-07,4.6752208600283974e-05,0.8971895219672616,42,highpass
1.1033849250864494e-07,4.6961839290151647e-07,1.1752053179154546e-07,2.8041180980545406e-07,4.6752208600283974e-05,0.8326289656667879,42,highpass
1.1033849250864494e-07,4.6961839290151647e-07,1.8285041280198944e-07,2.8041180980545406e-07,4.6752208600283974e-05,0.8971895219672616,42,highpass
1.1033849250864494e-07,4.6961839290151647e-07,1.8285041280198944e-07,2.8041180980545406e-07,4.6752208600283974e-05,0.8971895219672616,42,highpass
1.1033849250864494e-07,4.6961839290151647e-07,1.8285041280198944e-07,2.8041180980545406e-07,4.6752208600283974e-05,0.8971895219672616,42,highpass
1.1033849250864494e-07,4.6961839290151647e-07,1.8285041280198944e-07,2.8041180980545406e-07,4.6752208600283974e-05,0.8971895219672616,42,highpass
1.1033849250864494e-07,4.6961839290151647e-07,1.8285041280198944e-07,2.8041180980545406e-07,4.6752208600283974e-05,0.8971895219672616,42,highpass
1.1033849250864494e-07,4.6961839290151647e-07,1.8285041280198944e-07,2.8041180980545406e-07,4.6752208600283974e-05,0.8971895219672616,42,highpass
1.1033849250864494e-07,4.6961839290151647e-07,1.8285041280198944e-07,2.8041180980545406e-07,4.6752208600283974e-05,0.8971895219672616,42,highpass
1.1033849250864494e-07,4.6961839290151647e-07,1.8285041280198944e-07,2.8041180980545406e-07,4.6752208600283974e-05,0.8971895219672616,42,highpass
1.1057898501408151e-07,4.6961839290151647e-07,1.8285041280198944e-07,2.8041180980545406e-07,4.6752208600283974e-05,0.8971722982938426,42,highpass
1.1033849250864494e-07,4.6961839290151647e-07,1.8285041280198944e-07,2.8041180980545406e-07,4.6752208600283974e-05,0.8971895219672616,42,highpass
1.1033849250864494e-07,4.6961839290151647e-07,1.8285041280198944e-07,2.8041180980545406e-07,4.6752208600283974e-05,0.8971895219672616,42,highpass
1.1594685928827361e-07,4.6961839290151647e-07,1.8285041280198944e-07,2.8041180980545406e-07,4.6752208600283974e-05,0.8934832083965654,42,highpass
1.1033849250864494e-07,4.6961839290151647e-07,1.8285041280198944e-07,2.8041180980545406e-07,4.6752208600283974e-05,0.8971895219672616,42,highpass
1.1033849250864494e-07,4.6961839290151647e-07,1.7619849903851283e-07,2.8041180980545406e-07,4.6752208600283974e-05,0.8926235327237192,42,highpass
1.1033849250864494e-07,4.6961839290151647e-07,1.8285041280198944e-07,2.8041180980545406e-07,4.6752208600283974e-05,0.8971895219672616,42,highpass
1.1033849250864494e-07,4.6961839290151647e-07,1.8285041280198944e-07,2.8041180980545406e-07,4.6752208600283974e-05,0.8971895219672616,42,highpass
1.1033849250864494e-07,4.6961839290151647e-07,1.8285041280198944e-07,2.8041180980545406e-07,4.6752208600283974e-05,0.8971895219672616,42,highpass
1.1033849250864494e-07,4.6961839290151647e-07,1.8285041280198944e-07,2.8041180980545406e-07,4.6752208600283974e-05,0.8971895219672616,42,highpass
1.1033849250864494e-07,4.6961839290151647e-07,1.8285041280198944e-07,2.8041180980545406e-07,4.6752208600283974e-05,0.8971895219672616,42,highpass
1.1033849250864494e-07,4.523264315187417e-07,1.8285041280198944e-07,2.8041180980545406e-07,4.6752208600283974e-05,0.8966278336927392,42,highpass
1.1033849250864494e-07,4.6961839290151647e-07,1.8285041280198944e-07,2.8041180980545406e-07,4.6752208600283974e-05,0.8971895219672616,42,highpass
1.1033849250864494e-07,4.6961839290151647e-07,1.8285041280198944e-07,2.8041180980545406e-07,4.6752208600283974e-05,0.8971895219672616,42,highpass
1.1033849250864494e-07,4.6961839290151647e-07,1.8285041280198944e-07,2.8041180980545406e-07,4.6752208600283974e-05,0.8971895219672616,43,highpass
1.1033849250864494e-07,4.6961839290151647e-07,1.8285041280198944e-07,2.8041180980545406e-07,4.6752208600283974e-05,0.8971895219672616,43,highpass
1.1033849250864494e-07,4.824189032171718e-07,1.8285041280198944e-07,2.8041180980545406e-07,4.6752208600283974e-05,0.8911591084890638,43,highpass
1.1033849250864494e-07,4.6961839290151647e-07,1.8285041280198944e-07,2.8041180980545406e-07,4.6752208600283974e-05,0.8971895219672616,43,highpass
1.1033849250864494e-07,4.6961839290151647e-07,1.8285041280198944e-07,2.8041180980545406e-07,4.6752208600283974e-05,0.8971895219672616,43,highpass
1.1033849250864494e-07,4.6961839290151647e-07,1.8285041280198944e-07,2.8041180980545406e-07,4.6752208600283974e-05,0.8971895219672616,43,highpass
1.1033849250864494e-07,4.6961839290151647e-07,1.8285041280198944e-07,2.8041180980545406e-07,4.6752208600283974e-05,0.8971895219672616,43,highpass
1.1033849250864494e-07,4.6961839290151647e-07,1.8285041280198944e-07,2.8041180980545406e-07,4.6752208600283974e-05,0.8971895219672616,43,highpass
1.1033849250864494e-07,4.6961839290151647e-07,1.8285041280198944e-07,2.8041180980545406e-07,4.6752208600283974e-05,0.8971895219672616,43,highpass
1.1033849250864494e-07,4.6961839290151647e-07,1.8285041280198944e-07,2.830751482616717e-07,4.6752208600283974e-05,0.897092518753521,43,highpass
1.1033849250864494e-07,4.6961839290151647e-07,1.8285041280198944e-07,2.8041180980545406e-07,4.6752208600283974e-05,0.8971895219672616,43,highpass
1.0877116901666101e-07,4.6961839290151647e-07,1.8285041280198944e-07,2.8041180980545406e-07,4.6752208600283974e-05,0.8944422714072203,43,highpass
1.1033849250864494e-07,4.6961839290151647e-07,1.8285041280198944e-07,2.8041180980545406e-07,4.6752208600283974e-05,0.8971895219672616,43,highpass
1.1033849250864494e-07,4.6961839290151647e-07,1.8285041280198944e-07,2.8041180980545406e-07,4.6752208600283974e-05,0.8971895219672616,43,highpass
1.1033849250864494e-07,4.6961839290151647e-07,1.8285041280198944e-07,2.8041180980545406e-07,4.6752208600283974e-05,0.8971895219672616,43,highpass
1.1033849250864494e-07,4.6961839290151647e-07,1.8285041280198944e-07,2.8041180980545406e-07,4.508848979775756e-05,0.8922636794913784,43,highpass
1.1033849250864494e-07,4.6961839290151647e-07,1.8285041280198944e-07,2.8041180980545406e-07,4.6752208600283974e-05,0.8971895219672616,43,highpass
1.1033849250864494e-07,4.6961839290151647e-07,1.8285041280198944e-07,2.8041180980545406e-07,4.6752208600283974e-05,0.8971895219672616,43,highpass
1.1033849250864494e-07,4.6961839290151647e-07,1.8285041280198944e-07,2.8041180980545406e-07,4.6752208600283974e-05,0.8971895219672616,43,highpass
1.1033849250864494e-07,4.6961839290151647e-07,1.8285041280198944e-07,2.8041180980545406e-07,4.6752208600283974e-05,0.8971895219672616,43,highpass
1.1033849250864494e-07,4.6961839290151647e-07,1.8285041280198944e-07,2.8041180980545406e-07,4.6752208600283974e-05,0.8971895219672616,43,highpass
1.1033849250864494e-07,4.6961839290151647e-07,1.8285041280198944e-07,2.8041180980545406e-07,4.6752208600283974e-05,0.8971895219672616,43,highpass
1.1033849250864494e-07,4.6961839290151647e-07,1.8285041280198944e-07,2.8041180980545406e-07,4.6752208600283974e-05,0.8971895219672616,43,highpass
1.1033849250864494e-07,4.6961839290151647e-07,1.8285041280198944e-07,2.8041180980545406e-07,4.5055780852395156e-05,0.8922636794913784,43,highpass
1.1033849250864494e-07,4.6961839290151647e-07,1.8285041280198944e-07,2.8041180980545406e-07,4.6752208600283974e-05,0.8971895219672616,43,highpass
1.1033849250864494e-07,4.6961839290151647e-07,1.8285041280198944e-07,2.8041180980545406e-07,4.6752208600283974e-05,0.8971895219672616,43,highpass
1.1033849250864494e-07,4.6961839290151647e-07,1.8285041280198944e-07,2.8041180980545406e-07,4.6752208600283974e-05,0.8971895219672616,43,highpass
1.1033849250864494e-07,4.6961839290151647e-07,1.7193785562237174e-07,2.8041180980545406e-07,4.6752208600283974e-05,0.8933451724643219,43,highpass
1.1033849250864494e-07,4.6961839290151647e-07,1.8285041280198944e-07,2.8041180980545406e-07,4.6752208600283974e-05,0.8971895219672616,43,highpass
1.1033849250864494e-07,4.6961839290151647e-07,1.8285041280198944e-07,2.8041180980545406e-07,4.6752208600283974e-05,0.8971895219672616,43,highpass
1.1033849250864494e-07,4.6961839290151647e-07,2.45553678435251e-07,2.8041180980545406e-07,4.6752208600283974e-05,0.7780984759223862,43,highpass
1.840581514746745e-07,4.6961839290151647e-07,1.8285041280198944e-07,2.8041180980545406e-07,4.6752208600283974e-05,0.8406784270227271,43,highpass
1.1033849250864494e-07,4.6961839290151647e-07,1.8285041280198944e-07,2.8041180980545406e-07,4.6752208600283974e-05,0.8971895219672616,43,highpass
1.1033849250864494e-07,4.6961839290151647e-07,1.8285041280198944e-07,2.8041180980545406e-07,1.7076025035291887e-05,0.8952757389264568,43,highpass
1.1033849250864494e-07,4.6961839290151647e-07,1.8285041280198944e-07,2.8041180980545406e-07,4.6752208600283974e-05,0.8971895219672616,43,highpass
1.1033849250864494e-07,4.6961839290151647e-07,1.8285041280198944e-07,2.8041180980545406e-07,4.6752208600283974e-05,0.8971895219672616,43,highpass
1.1033849250864494e-07,4.6961839290151647e-07,1.8285041280198944e-07,2.8041180980545406e-07,4.6752208600283974e-05,0.8971895219672616,43,highpass
1.1033849250864494e-07,4.6961839290151647e-07,1.8285041280198944e-07,2.8041180980545406e-07,4.6752208600283974e-05,0.8971895219672616,43,highpass
1.1033849250864494e-07,4.6961839290151647e-07,1.8285041280198944e-07,2.8041180980545406e-07,4.6752208600283974e-05,0.8971895219672616,43,highpass
1.1033849250864494e-07,4.6961839290151647e-07,1.8285041280198944e-07,2.8041180980545406e-07,4.6752208600283974e-05,0.8971895219672616,43,highpass
1.1033849250864494e-07,4.6961839290151647e-07,1.8285041280198944e-07,2.8041180980545406e-07,4.6752208600283974e-05,0.8971895219672616,44,highpass
1.1033849250864494e-07,4.6961839290151647e-07,1.8285041280198944e-07,2.8041180980545406e-07,4.6752208600283974e-05,0.8971895219672616,44,highpass
1.1033849250864494e-07,4.6961839290151647e-07,1.8285041280198944e-07,2.8041180980545406e-07,4.6752208600283974e-05,0.8971895219672616,44,highpass
1.1033849250864494e-07,4.6961839290151647e-07,1.8285041280198944e-07,2.8041180980545406e-07,4.6752208600283974e-05,0.8971895219672616,44,highpass
1.1148625246690077e-07,4.6961839290151647e-07,1.8285041280198944e-07,2.8041180980545406e-07,4.6752208600283974e-05,0.8932874207509621,44,highpass
1.1033849250864494e-07,4.6961839290151647e-07,1.8285041280198944e-07,2.8041180980545406e-07,4.6752208600283974e-05,0.8971895219672616,44,highpass
1.1033849250864494e-07,4.6961839290151647e-07,1.8285041280198944e-07,2.8041180980545406e-07,4.6752208600283974e-05,0.8971895219672616,44,highpass
1.1033849250864494e-07,4.6961839290151647e-07,1.8285041280198944e-07,2.8041180980545406e-07,4.6752208600283974e-05,0.8971895219672616,44,highpass
1.1033849250864494e-07,4.6961839290151647e-07,1.8285041280198944e-07,2.8041180980545406e-07,4.6752208600283974e-05,0.8971895219672616,44,highpass
1.1033849250864494e-07,4.6961839290151647e-07,1.8285041280198944e-07,2.8041180980545406e-07,4.6752208600283974e-05,0.8971895219672616,44,highpass
1.1033849250864494e-07,4.6961839290151647e-07,1.8285041280198944e-07,2.8041180980545406e-07,4.6752208600283974e-05,0.8971895219672616,44,highpass
1.1033849250864494e-07,4.6961839290151647e-07,1.8285041280198944e-07,2.8041180980545406e-07,4.6752208600283974e-05,0.8971895219672616,44,highpass
1.1033849250864494e-07,4.6961839290151647e-07,1.8285041280198944e-07,2.8041180980545406e-07,4.6752208600283974e-05,0.8971895219672616,44,highpass
1.1033849250864494e-07,4.6961839290151647e-07,1.8285041280198944e-07,2.8041180980545406e-07,4.6752208600283974e-05,0.8971895219672616,44,highpass
1.1033849250864494e-07,4.6961839290151647e-07,1.8285041280198944e-07,2.8041180980545406e-07,4.6752208600283974e-05,0.8971895219672616,44,highpass
2.325531739690612e-07,4.6961839290151647e-07,1.8285041280198944e-07,2.8041180980545406e-07,4.6752208600283974e-05,0.7261196912116873,44,highpass
1.1033849250864494e-07,5.272571302175869e-07,1.8285041280198944e-07,2.8041180980545406e-07,4.6752208600283974e-05,0.8717758649151369,44,highpass
1.1033849250864494e-07,4.6961839290151647e-07,1.7923856961914753e-07,2.8041180980545406e-07,4.6752208600283974e-05,0.8940741832846292,44,highpass
1.1033849250864494e-07,4.6961839290151647e-07,1.8285041280198944e-07,2.8041180980545406e-07,4.6752208600283974e-05,0.8971895219672616,44,highpass
1.1033849250864494e-07,4.6961839290151647e-07,1.8285041280198944e-07,2.8041180980545406e-07,4.6752208600283974e-05,0.8971895219672616,44,highpass
1.0351666773921704e-07,4.6961839290151647e-07,1.8285041280198944e-07,2.8041180980545406e-07,4.6752208600283974e-05,0.8917829741316989,44,highpass
1.1033849250864494e-07,4.6961839290151647e-07,1.775481689013918e-07,2.8041180980545406e-07,4.6752208600283974e-05,0.8938827684924132,44,highpass
1.1033849250864494e-07,4.6961839290151647e-07,1.8285041280198944e-07,2.8041180980545406e-07,4.6752208600283974e-05,0.8971895219672616,44,highpass
1.1033849250864494e-07,5.333427675356258e-07,1.8285041280198944e-07,2.8041180980545406e-07,4.6752208600283974e-05,0.8682109367781282,44,highpass
1.1033849250864494e-07,4.6961839290151647e-07,1.8285041280198944e-07,2.8041180980545406e-07,4.9272753118949716e-05,0.8926536207407362,44,highpass
1.1033849250864494e-07,4.6961839290151647e-07,1.8285041280198944e-07,2.8041180980545406e-07,4.6752208600283974e-05,0.8971895219672616,44,highpass
1.1033849250864494e-07,4.6961839290151647e-07,1.8285041280198944e-07,2.8041180980545406e-07,4.6752208600283974e-05,0.8971895219672616,44,highpass
1.1033849250864494e-07,4.6961839290151647e-07,1.8285041280198944e-07,2.8041180980545406e-07,4.6752208600283974e-05,0.8971895219672616,44,highpass
1.1033849250864494e-07,4.6961839290151647e-07,1.8285041280198944e-07,2.8041180980545406e-07,4.6752208600283974e-05,0.8971895219672616,44,highpass
1.1033849250864494e-07,4.6961839290151647e-07,1.8285041280198944e-07,2.8041180980545406e-07,4.6752208600283974e-05,0.8971895219672616,44,highpass
1.1033849250864494e-07,4.6961839290151647e-07,1.8285041280198944e-07,2.762056210163295e-07,4.6752208600283974e-05,0.8965730290046592,44,highpass
1.1033849250864494e-07,4.6961839290151647e-07,1.8285041280198944e-07,2.8041180980545406e-07,4.6752208600283974e-05,0.8971895219672616,44,highpass
1.1033849250864494e-07,4.6961839290151647e-07,1.8285041280198944e-07,2.8041180980545406e-07,4.6752208600283974e-05,0.8971895219672616,44,highpass
1.1033849250864494e-07,4.6961839290151647e-07,1.8285041280198944e-07,2.8041180980545406e-07,4.6752208600283974e-05,0.8971895219672616,44,highpass
1.1475205603607256e-07,4.6961839290151647e-07,1.8285041280198944e-07,2.8041180980545406e-07,4.6752208600283974e-05,0.8922652596599009,44,highpass
1.1033849250864494e-07,4.6961839290151647e-07,1.8285041280198944e-07,2.8041180980545406e-07,4.6752208600283974e-05,0.8971895219672616,44,highpass
1.1033849250864494e-07,4.6961839290151647e-07,1.8285041280198944e-07,2.8041180980545406e-07,4.6752208600283974e-05,0.8971895219672616,44,highpass
1.1033849250864494e-07,4.6961839290151647e-07,1.8441302503285038e-07,2.8041180980545406e-07,4.6752208600283974e-05,0.8942602569426079,44,highpass
1.1033849250864494e-07,4.6961839290151647e-07,1.8285041280198944e-07,2.8041180980545406e-07,4.6752208600283974e-05,0.8971895219672616,44,highpass
1.1033849250864494e-07,4.6961839290151647e-07,1.8285041280198944e-07,2.8041180980545406e-07,4.6752208600283974e-05,0.8971895219672616,44,highpass
1.1033849250864494e-07,4.6961839290151647e-07,1.8285041280198944e-07,2.8041180980545406e-07,4.6752208600283974e-05,0.8971895219672616,45,highpass
1.1033849250864494e-07,4.6961839290151647e-07,1.8285041280198944e-07,2.8041180980545406e-07,4.6752208600283974e-05,0.8971895219672616,45,highpass
1.1033849250864494e-07,4.6961839290151647e-07,1.8285041280198944e-07,2.8041180980545406e-07,4.6752208600283974e-05,0.8971895219672616,45,highpass
1.1033849250864494e-07,4.6961839290151647e-07,1.8285041280198944e-07,2.8041180980545406e-07,4.6752208600283974e-05,0.8971895219672616,45,highpass
1.1033849250864494e-07,4.6961839290151647e-07,1.8285041280198944e-07,2.8041180980545406e-07,4.6752208600283974e-05,0.8971895219672616,45,highpass
1.1033849250864494e-07,4.6961839290151647e-07,1.8285041280198944e-07,2.8041180980545406e-07,4.6752208600283974e-05,0.8971895219672616,45,highpass
1.1033849250864494e-07,4.6961839290151647e-07,1.8285041280198944e-07,2.8041180980545406e-07,4.6752208600283974e-05,0.8971895219672616,45,highpass
1.1033849250864494e-07,4.6961839290151647e-07,1.8285041280198944e-07,2.8041180980545406e-07,4.6752208600283974e-05,0.8971895219672616,45,highpass
1.1033849250864494e-07,4.6961839290151647e-07,1.8285041280198944e-07,2.8041180980545406e-07,4.6752208600283974e-05,0.8971895219672616,45,highpass
1.1033849250864494e-07,4.6961839290151647e-07,1.8285041280198944e-07,2.8041180980545406e-07,4.6752208600283974e-05,0.8971895219672616,45,highpass
1.1033849250864494e-07,4.6961839290151647e-07,1.8285041280198944e-07,2.8041180980545406e-07,4.6752208600283974e-05,0.8971895219672616,45,highpass
1.1033849250864494e-07,4.6961839290151647e-07,1.8285041280198944e-07,2.8041180980545406e-07,4.6752208600283974e-05,0.8971895219672616,45,highpass
1.1033849250864494e-07,4.6961839290151647e-07,1.8285041280198944e-07,2.8041180980545406e-07,4.6752208600283974e-05,0.8971895219672616,45,highpass
1.1033849250864494e-07,4.6961839290151647e-07,1.8285041280198944e-07,2.8041180980545406e-07,4.651141952948485e-05,0.8971798372523588,45,highpass
1.1033849250864494e-07,4.6961839290151647e-07,1.8285041280198944e-07,2.8041180980545406e-07,4.6752208600283974e-05,0.8971895219672616,45,highpass
1.1033849250864494e-07,4.6961839290151647e-07,1.8285041280198944e-07,2.8041180980545406e-07,4.6752208600283974e-05,0.8971895219672616,45,highpass
1.1033849250864494e-07,4.6961839290151647e-07,1.8285041280198944e-07,2.8041180980545406e-07,4.6752208600283974e-05,0.8971895219672616,45,highpass
1.1033849250864494e-07,4.6961839290151647e-07,1.8285041280198944e-07,2.8041180980545406e-07,4.6752208600283974e-05,0.8971895219672616,45,highpass
1.1033849250864494e-07,4.6961839290151647e-07,1.8285041280198944e-07,2.8041180980545406e-07,4.6752208600283974e-05,0.8971895219672616,45,highpass
1.1033849250864494e-07,4.6961839290151647e-07,1.8285041280198944e-07,2.8041180980545406e-07,4.6752208600283974e-05,0.8971895219672616,45,highpass
1.1033849250864494e-07,4.6961839290151647e-07,1.8285041280198944e-07,2.8041180980545406e-07,4.6752208600283974e-05,0.8971895219672616,45,highpass
1.1033849250864494e-07,4.6961839290151647e-07,1.8285041280198944e-07,2.8041180980545406e-07,4.6752208600283974e-05,0.8971895219672616,45,highpass
1.1033849250864494e-07,4.6801642572286647e-07,1.8285041280198944e-07,2.8041180980545406e-07,4.6752208600283974e-05,0.8971500909253132,45,highpass
1.1033849250864494e-07,4.6961839290151647e-07,1.8285041280198944e-07,2.8041180980545406e-07,4.6752208600283974e-05,0.8971895219672616,45,highpass
1.1033849250864494e-07,4.6961839290151647e-07,1.8285041280198944e-07,2.8041180980545406e-07,4.6752208600283974e-05,0.8971895219672616,45,highpass
1.1033849250864494e-07,4.6961839290151647e-07,1.8285041280198944e-07,2.8041180980545406e-07,4.6752208600283974e-05,0.8971895219672616,45,highpass
1.1033849250864494e-07,4.6961839290151647e-07,1.8285041280198944e-07,2.8041180980545406e-07,4.6752208600283974e-05,0.8971895219672616,45,highpass
1.1033849250864494e-07,4.6961839290151647e-07,1.8285041280198944e-07,2.8041180980545406e-07,4.6752208600283974e-05,0.8971895219672616,45,highpass
1.1033849250864494e-07,4.6961839290151647e-07,1.8285041280198944e-07,2.8041180980545406e-07,4.6752208600283974e-05,0.8971895219672616,45,highpass
1.1033849250864494e-07,4.6961839290151647e-07,1.8285041280198944e-07,2.8041180980545406e-07,4.6752208600283974e-05,0.8971895219672616,45,highpass
1.1033849250864494e-07,4.6961839290151647e-07,1.8285041280198944e-07,2.8041180980545406e-07,4.6752208600283974e-05,0.8971895219672616,45,highpass
1.1033849250864494e-07,4.6961839290151647e-07,1.8285041280198944e-07,2.8041180980545406e-07,4.6752208600283974e-05,0.8971895219672616,45,highpass
1.1033849250864494e-07,4.6961839290151647e-07,1.8285041280198944e-07,2.8041180980545406e-07,4.6752208600283974e-05,0.8971895219672616,45,highpass
1.1033849250864494e-07,4.6961839290151647e-07,1.8285041280198944e-07,2.8041180980545406e-07,4.6752208600283974e-05,0.8971895219672616,45,highpass
1.1033849250864494e-07,4.6961839290151647e-07,1.8285041280198944e-07,2.8041180980545406e-07,4.6752208600283974e-05,0.8971895219672616,45,highpass
1.1033849250864494e-07,4.6961839290151647e-07,1.8285041280198944e-07,2.8041180980545406e-07,4.6752208600283974e-05,0.8971895219672616,45,highpass
1.1033849250864494e-07,4.6961839290151647e-07,1.8285041280198944e-07,2.8041180980545406e-07,4.6752208600283974e-05,0.8971895219672616,45,highpass
1.1709159107883985e-07,4.6961839290151647e-07,1.8285041280198944e-07,2.8041180980545406e-07,4.6752208600283974e-05,0.8888052908639211,45,highpass
1.1033849250864494e-07,4.6961839290151647e-07,1.8285041280198944e-07,2.8041180980545406e-07,4.6752208600283974e-05,0.8971895219672616,45,highpass
1.1033849250864494e-07,4.6961839290151647e-07,1.8285041280198944e-07,2.8041180980545406e-07,4.6752208600283974e-05,0.8971895219672616,45,highpass
1.1033849250864494e-07,4.6961839290151647e-07,1.8285041280198944e-07,2.8041180980545406e-07,4.6752208600283974e-05,0.8971895219672616,46,highpass
1.1033849250864494e-07,4.6961839290151647e-07,1.8285041280198944e-07,2.8041180980545406e-07,4.6752208600283974e-05,0.8971895219672616,46,highpass
1.1033849250864494e-07,4.6961839290151647e-07,1.8285041280198944e-07,2.8041180980545406e-07,4.6752208600283974e-05,0.8971895219672616,46,highpass
1.1033849250864494e-07,4.6961839290151647e-07,1.8285041280198944e-07,2.8041180980545406e-07,4.6752208600283974e-05,0.8971895219672616,46,highpass
1.1033849250864494e-07,4.6961839290151647e-07,1.8285041280198944e-07,2.8041180980545406e-07,4.6752208600283974e-05,0.8971895219672616,46,highpass
1.1033849250864494e-07,4.6961839290151647e-07,1.8285041280198944e-07,2.8041180980545406e-07,4.6752208600283974e-05,0.8971895219672616,46,highpass
1.1033849250864494e-07,4.6961839290151647e-07,1.8285041280198944e-07,2.8041180980545406e-07,4.6752208600283974e-05,0.8971895219672616,46,highpass
1.1033849250864494e-07,4.6961839290151647e-07,1.8285041280198944e-07,2.8041180980545406e-07,4.6752208600283974e-05,0.8971895219672616,46,highpass
1.1033849250864494e-07,4.6961839290151647e-07,1.8285041280198944e-07,2.8041180980545406e-07,4.6752208600283974e-05,0.8971895219672616,46,highpass
1.1033849250864494e-07,4.6961839290151647e-07,1.8285041280198944e-07,2.8041180980545406e-07,4.6752208600283974e-05,0.8971895219672616,46,highpass
1.1033849250864494e-07,4.6961839290151647e-07,1.8285041280198944e-07,2.8041180980545406e-07,4.6752208600283974e-05,0.8971895219672616,46,highpass
1.1033849250864494e-07,4.6961839290151647e-07,1.8285041280198944e-07,2.8041180980545406e-07,4.6752208600283974e-05,0.8971895219672616,46,highpass
1.1033849250864494e-07,4.6961839290151647e-07,1.8285041280198944e-07,2.8041180980545406e-07,4.6752208600283974e-05,0.8971895219672616,46,highpass
1.1033849250864494e-07,4.6961839290151647e-07,1.8285041280198944e-07,2.8041180980545406e-07,4.6752208600283974e-05,0.8971895219672616,46,highpass
1.1033849250864494e-07,4.6961839290151647e-07,1.8285041280198944e-07,2.8041180980545406e-07,4.6752208600283974e-05,0.8971895219672616,46,highpass
1.1033849250864494e-07,4.6961839290151647e-07,1.8285041280198944e-07,2.8041180980545406e-07,4.6752208600283974e-05,0.8971895219672616,46,highpass
1.1033849250864494e-07,4.6961839290151647e-07,1.8285041280198944e-07,2.8041180980545406e-07,4.6752208600283974e-05,0.8971895219672616,46,highpass
1.1033849250864494e-07,5.949247011958695e-07,1.8285041280198944e-07,2.8041180980545406e-07,4.6752208600283974e-05,0.8341380712763262,46,highpass
1.1033849250864494e-07,4.6961839290151647e-07,1.8285041280198944e-07,2.8041180980545406e-07,4.6752208600283974e-05,0.8971895219672616,46,highpass
1.1033849250864494e-07,4.6961839290151647e-07,1.8285041280198944e-07,2.8041180980545406e-07,4.6752208600283974e-05,0.8971895219672616,46,highpass
1.1033849250864494e-07,4.6961839290151647e-07,1.8285041280198944e-07,2.8041180980545406e-07,4.6752208600283974e-05,0.8971895219672616,46,highpass
1.040723386889577e-07,4.6961839290151647e-07,1.8285041280198944e-07,2.8041180980545406e-07,4.6752208600283974e-05,0.8938129652861019,46,highpass
1.1033849250864494e-07,4.6961839290151647e-07,1.8285041280198944e-07,2.8041180980545406e-07,4.6752208600283974e-05,0.8971895219672616,46,highpass
1.1033849250864494e-07,4.6961839290151647e-07,1.8285041280198944e-07,2.8287841833250753e-07,4.6752208600283974e-05,0.8971030540312733,46,highpass
1.1033849250864494e-07,4.6961839290151647e-07,1.8285041280198944e-07,2.872722848026817e-07,4.6752208600283974e-05,0.8966816694822144,46,highpass
1.1033849250864494e-07,4.6961839290151647e-07,1.8285041280198944e-07,2.8041180980545406e-07,4.6752208600283974e-05,0.8971895219672616,46,highpass
1.1033849250864494e-07,4.6961839290151647e-07,1.8285041280198944e-07,2.8041180980545406e-07,4.6752208600283974e-05,0.8971895219672616,46,highpass
1.1033849250864494e-07,4.6961839290151647e-07,1.8285041280198944e-07,2.8041180980545406e-07,4.6752208600283974e-05,0.8971895219672616,46,highpass
1.1033849250864494e-07,4.6961839290151647e-07,1.8285041280198944e-07,2.8041180980545406e-07,4.6752208600283974e-05,0.8971895219672616,46,highpass
1.1033849250864494e-07,4.6961839290151647e-07,1.8285041280198944e-07,2.8041180980545406e-07,4.6752208600283974e-05,0.8971895219672616,46,highpass
1.1033849250864494e-07,4.6961839290151647e-07,1.8285041280198944e-07,2.8041180980545406e-07,4.6752208600283974e-05,0.8971895219672616,46,highpass
1.1033849250864494e-07,4.6961839290151647e-07,1.8285041280198944e-07,2.8041180980545406e-07,4.6752208600283974e-05,0.8971895219672616,46,highpass
1.1033849250864494e-07,4.6961839290151647e-07,1.8285041280198944e-07,2.8041180980545406e-07,4.6752208600283974e-05,0.8971895219672616,46,highpass
1.1033849250864494e-07,4.6961839290151647e-07,1.8285041280198944e-07,2.8041180980545406e-07,4.6752208600283974e-05,0.8971895219672616,46,highpass
1.1033849250864494e-07,4.6961839290151647e-07,1.8285041280198944e-07,2.8041180980545406e-07,4.6752208600283974e-05,0.8971895219672616,46,highpass
1.1033849250864494e-07,4.6961839290151647e-07,1.8285041280198944e-07,2.8041180980545406e-07,4.6752208600283974e-05,0.8971895219672616,46,highpass
1.1033849250864494e-07,4.6961839290151647e-07,1.8285041280198944e-07,2.8041180980545406e-07,4.6752208600283974e-05,0.8971895219672616,46,highpass
1.1033849250864494e-07,4.6961839290151647e-07,1.8285041280198944e-07,2.8041180980545406e-07,4.6752208600283974e-05,0.8971895219672616,46,highpass
1.1033849250864494e-07,4.6961839290151647e-07,1.8285041280198944e-07,2.8041180980545406e-07,4.6752208600283974e-05,0.8971895219672616,46,highpass
1.1033849250864494e-07,4.6961839290151647e-07,1.8285041280198944e-07,2.8041180980545406e-07,4.6752208600283974e-05,0.8971895219672616,46,highpass
1.1033849250864494e-07,4.6961839290151647e-07,1.8285041280198944e-07,2.8041180980545406e-07,4.6752208600283974e-05,0.8971895219672616,47,highpass
1.1033849250864494e-07,4.6961839290151647e-07,1.8285041280198944e-07,2.8041180980545406e-07,4.6752208600283974e-05,0.8971895219672616,47,highpass
1.1033849250864494e-07,4.6961839290151647e-07,1.8285041280198944e-07,2.8041180980545406e-07,4.6752208600283974e-05,0.8971895219672616,47,highpass
1.1033849250864494e-07,4.6961839290151647e-07,1.8285041280198944e-07,2.8041180980545406e-07,4.6752208600283974e-05,0.8971895219672616,47,highpass
1.1033849250864494e-07,4.6961839290151647e-07,1.8285041280198944e-07,2.8041180980545406e-07,4.6752208600283974e-05,0.8971895219672616,47,highpass
1.1033849250864494e-07,4.6961839290151647e-07,1.8285041280198944e-07,2.8041180980545406e-07,2.5951530201642304e-05,0.8910189775073859,47,highpass
1.1033849250864494e-07,4.6961839290151647e-07,1.7892449161888065e-07,2.8041180980545406e-07,4.6752208600283974e-05,0.8934714002762065,47,highpass
1.1033849250864494e-07,4.6961839290151647e-07,1.8285041280198944e-07,2.8041180980545406e-07,4.6752208600283974e-05,0.8971895219672616,47,highpass
1.1033849250864494e-07,4.6961839290151647e-07,1.8285041280198944e-07,2.8041180980545406e-07,4.6752208600283974e-05,0.8971895219672616,47,highpass
1.1033849250864494e-07,4.6961839290151647e-07,1.8285041280198944e-07,2.8041180980545406e-07,4.6752208600283974e-05,0.8971895219672616,47,highpass
1.1033849250864494e-07,4.6961839290151647e-07,1.8285041280198944e-07,2.8041180980545406e-07,4.6752208600283974e-05,0.8971895219672616,47,highpass
1.1033849250864494e-07,4.6961839290151647e-07,1.8285041280198944e-07,2.8041180980545406e-07,4.6752208600283974e-05,0.8971895219672616,47,highpass
1.1033849250864494e-07,4.6961839290151647e-07,1.8285041280198944e-07,2.8041180980545406e-07,4.6752208600283974e-05,0.8971895219672616,47,highpass
1.1033849250864494e-07,4.6961839290151647e-07,1.8285041280198944e-07,2.8041180980545406e-07,4.6752208600283974e-05,0.8971895219672616,47,highpass
1.1033849250864494e-07,4.6961839290151647e-07,1.8285041280198944e-07,2.8041180980545406e-07,4.6752208600283974e-05,0.8971895219672616,47,highpass
1.1033849250864494e-07,4.6961839290151647e-07,1.8285041280198944e-07,2.8041180980545406e-07,4.6752208600283974e-05,0.8971895219672616,47,highpass
1.1033849250864494e-07,4.6961839290151647e-07,1.8285041280198944e-07,2.8041180980545406e-07,4.6752208600283974e-05,0.8971895219672616,47,highpass
1.1033849250864494e-07,4.6961839290151647e-07,1.8285041280198944e-07,2.8041180980545406e-07,4.6752208600283974e-05,0.8971895219672616,47,highpass
1.1033849250864494e-07,4.6961839290151647e-07,2.31976243658832e-07,2.8041180980545406e-07,4.6752208600283974e-05,0.8639568113339753,47,highpass
1.1033849250864494e-07,4.6961839290151647e-07,1.8285041280198944e-07,2.8041180980545406e-07,4.6752208600283974e-05,0.8971895219672616,47,highpass
1.1033849250864494e-07,4.6961839290151647e-07,1.8285041280198944e-07,2.8041180980545406e-07,4.6752208600283974e-05,0.8971895219672616,47,highpass
1.1033849250864494e-07,4.6961839290151647e-07,1.8285041280198944e-07,2.8041180980545406e-07,4.6752208600283974e-05,0.8971895219672616,47,highpass
1.1033849250864494e-07,4.6961839290151647e-07,1.8285041280198944e-07,2.8041180980545406e-07,4.6752208600283974e-05,0.8971895219672616,47,highpass
1.1033849250864494e-07,4.6961839290151647e-07,1.8285041280198944e-07,2.8041180980545406e-07,4.6752208600283974e-05,0.8971895219672616,47,highpass
1.1033849250864494e-07,4.6961839290151647e-07,1.8285041280198944e-07,2.8041180980545406e-07,4.6752208600283974e-05,0.8971895219672616,47,highpass
1.1033849250864494e-07,4.6961839290151647e-07,1.8285041280198944e-07,2.8041180980545406e-07,4.804827995984289e-05,0.8924881271357425,47,highpass
1.1033849250864494e-07,4.6961839290151647e-07,1.8285041280198944e-07,2.8041180980545406e-07,4.6752208600283974e-05,0.8971895219672616,47,highpass
1.1033849250864494e-07,4.6961839290151647e-07,1.8285041280198944e-07,2.8041180980545406e-07,4.6752208600283974e-05,0.8971895219672616,47,highpass
1.1033849250864494e-07,4.6961839290151647e-07,1.8285041280198944e-07,2.8041180980545406e-07,4.6752208600283974e-05,0.8971895219672616,47,highpass
1.1033849250864494e-07,4.6961839290151647e-07,1.8285041280198944e-07,2.8041180980545406e-07,4.6752208600283974e-05,0.8971895219672616,47,highpass
1.1033849250864494e-07,4.6961839290151647e-07,1.8285041280198944e-07,2.8041180980545406e-07,4.6752208600283974e-05,0.8971895219672616,47,highpass
1.1033849250864494e-07,4.6961839290151647e-07,1.8285041280198944e-07,2.8041180980545406e-07,4.6752208600283974e-05,0.8971895219672616,47,highpass
1.1033849250864494e-07,4.6961839290151647e-07,1.8285041280198944e-07,2.8041180980545406e-07,4.6752208600283974e-05,0.8971895219672616,47,highpass
1.1033849250864494e-07,4.6961839290151647e-07,1.8285041280198944e-07,2.8041180980545406e-07,4.6752208600283974e-05,0.8971895219672616,47,highpass
1.1033849250864494e-07,4.6961839290151647e-07,1.8285041280198944e-07,2.737264565590315e-07,4.6752208600283974e-05,0.896561031059548,47,highpass
1.1033849250864494e-07,4.6961839290151647e-07,1.8285041280198944e-07,2.8041180980545406e-07,4.6752208600283974e-05,0.8971895219672616,47,highpass
1.1033849250864494e-07,4.6961839290151647e-07,1.8285041280198944e-07,2.8041180980545406e-07,4.6752208600283974e-05,0.8971895219672616,47,highpass
1.1033849250864494e-07,4.6961839290151647e-07,1.8285041280198944e-07,2.8041180980545406e-07,4.6752208600283974e-05,0.8971895219672616,47,highpass
1.1033849250864494e-07,4.6961839290151647e-07,1.8285041280198944e-07,2.8041180980545406e-07,4.6752208600283974e-05,0.8971895219672616,47,highpass
1.1033849250864494e-07,4.6961839290151647e-07,1.8285041280198944e-07,2.8041180980545406e-07,4.6752208600283974e-05,0.8971895219672616,47,highpass
1.1033849250864494e-07,4.6961839290151647e-07,1.8285041280198944e-07,2.8041180980545406e-07,4.6752208600283974e-05,0.8971895219672616,48,highpass
1.1033849250864494e-07,4.6961839290151647e-07,1.8285041280198944e-07,2.8041180980545406e-07,4.6752208600283974e-05,0.8971895219672616,48,highpass
1.1033849250864494e-07,4.6961839290151647e-07,1.8285041280198944e-07,2.23609851661918e-07,4.6752208600283974e-05,0.8831747454899114,48,highpass
1.1033849250864494e-07,4.5302599187054435e-07,1.8285041280198944e-07,2.8041180980545406e-07,4.6752208600283974e-05,0.8966842398173325,48,highpass
1.1033849250864494e-07,4.6961839290151647e-07,1.8285041280198944e-07,2.8041180980545406e-07,4.6752208600283974e-05,0.8971895219672616,48,highpass
1.1033849250864494e-07,4.6961839290151647e-07,1.8285041280198944e-07,2.8041180980545406e-07,4.6752208600283974e-05,0.8971895219672616,48,highpass
1.1033849250864494e-07,4.6961839290151647e-07,1.8285041280198944e-07,2.8041180980545406e-07,4.6752208600283974e-05,0.8971895219672616,48,highpass
1.1033849250864494e-07,4.6961839290151647e-07,1.8285041280198944e-07,2.8041180980545406e-07,4.6752208600283974e-05,0.8971895219672616,48,highpass
1.1033849250864494e-07,4.6961839290151647e-07,1.8285041280198944e-07,2.8041180980545406e-07,4.6752208600283974e-05,0.8971895219672616,48,highpass
1.1033849250864494e-07,4.6961839290151647e-07,1.8285041280198944e-07,2.8041180980545406e-07,4.6752208600283974e-05,0.8971895219672616,48,highpass
1.1033849250864494e-07,4.6961839290151647e-07,1.8285041280198944e-07,2.8041180980545406e-07,4.6752208600283974e-05,0.8971895219672616,48,highpass
1.0903691178489594e-07,4.6961839290151647e-07,1.8285041280198944e-07,2.8041180980545406e-07,4.6752208600283974e-05,0.8942481959187101,48,highpass
1.1033849250864494e-07,4.6961839290151647e-07,1.8285041280198944e-07,2.8041180980545406e-07,4.6752208600283974e-05,0.8971895219672616,48,highpass
1.1033849250864494e-07,4.6961839290151647e-07,1.8285041280198944e-07,2.8041180980545406e-07,4.6752208600283974e-05,0.8971895219672616,48,highpass
1.1033849250864494e-07,4.6961839290151647e-07,1.8285041280198944e-07,2.8041180980545406e-07,4.6752208600283974e-05,0.8971895219672616,48,highpass
1.1033849250864494e-07,4.53178472680811e-07,1.8285041280198944e-07,2.8041180980545406e-07,4.6752208600283974e-05,0.8966842398173325,48,highpass
1.1033849250864494e-07,4.6961839290151647e-07,1.8285041280198944e-07,2.8041180980545406e-07,4.6752208600283974e-05,0.8971895219672616,48,highpass
1.1033849250864494e-07,4.6961839290151647e-07,1.8285041280198944e-07,2.8041180980545406e-07,4.6752208600283974e-05,0.8971895219672616,48,highpass
1.1033849250864494e-07,4.6961839290151647e-07,1.8285041280198944e-07,2.8041180980545406e-07,4.6752208600283974e-05,0.8971895219672616,48,highpass
1.1033849250864494e-07,4.6961839290151647e-07,1.8285041280198944e-07,2.8041180980545406e-07,4.6752208600283974e-05,0.8971895219672616,48,highpass
1.1033849250864494e-07,4.6961839290151647e-07,1.8285041280198944e-07,2.8041180980545406e-07,4.6752208600283974e-05,0.8971895219672616,48,highpass
1.1033849250864494e-07,4.889791252425255e-07,1.8285041280198944e-07,2.8041180980545406e-07,4.6752208600283974e-05,0.8887632130648766,48,highpass
1.1033849250864494e-07,4.6961839290151647e-07,1.8285041280198944e-07,2.8041180980545406e-07,4.6752208600283974e-05,0.8971895219672616,48,highpass
1.1033849250864494e-07,4.6961839290151647e-07,1.8285041280198944e-07,2.8041180980545406e-07,4.6752208600283974e-05,0.8971895219672616,48,highpass
1.8403619350313954e-07,4.6961839290151647e-07,1.8285041280198944e-07,2.8041180980545406e-07,4.6752208600283974e-05,0.8406957710392006,48,highpass
1.1033849250864494e-07,4.6961839290151647e-07,1.8285041280198944e-07,2.819311285374383e-07,4.6752208600283974e-05,0.8971539471647645,48,highpass
1.1033849250864494e-07,4.6961839290151647e-07,1.8285041280198944e-07,2.8041180980545406e-07,4.6752208600283974e-05,0.8971895219672616,48,highpass
1.0701977935242219e-07,4.6961839290151647e-07,1.8285041280198944e-07,2.8041180980545406e-07,4.6752208600283974e-05,0.8945518914311745,48,highpass
1.1033849250864494e-07,4.6961839290151647e-07,1.8285041280198944e-07,2.8041180980545406e-07,4.6752208600283974e-05,0.8971895219672616,48,highpass
1.1033849250864494e-07,4.6961839290151647e-07,1.8285041280198944e-07,2.8041180980545406e-07,4.6752208600283974e-05,0.8971895219672616,48,highpass
1.1033849250864494e-07,4.6961839290151647e-07,1.8285041280198944e-07,2.8041180980545406e-07,4.6752208600283974e-05,0.8971895219672616,48,highpass
1.1033849250864494e-07,4.6961839290151647e-07,1.8285041280198944e-07,2.8041180980545406e-07,4.6752208600283974e-05,0.8971895219672616,48,highpass
1.1033849250864494e-07,4.6961839290151647e-07,1.8285041280198944e-07,2.8041180980545406e-07,4.6752208600283974e-05,0.8971895219672616,48,highpass
1.1033849250864494e-07,4.6961839290151647e-07,1.8285041280198944e-07,2.8041180980545406e-07,4.6752208600283974e-05,0.8971895219672616,48,highpass
1.1033849250864494e-07,4.6961839290151647e-07,1.8285041280198944e-07,2.8041180980545406e-07,4.6752208600283974e-05,0.8971895219672616,48,highpass
1.1033849250864494e-07,4.6961839290151647e-07,1.8285041280198944e-07,2.8041180980545406e-07,4.6752208600283974e-05,0.8971895219672616,48,highpass
1.1033849250864494e-07,4.6961839290151647e-07,1.8285041280198944e-07,2.8041180980545406e-07,4.6752208600283974e-05,0.8971895219672616,48,highpass
1.1033849250864494e-07,4.6961839290151647e-07,1.8285041280198944e-07,2.8041180980545406e-07,4.6752208600283974e-05,0.8971895219672616,48,highpass
1.1033849250864494e-07,4.6961839290151647e-07,1.8285041280198944e-07,2.8041180980545406e-07,4.6752208600283974e-05,0.8971895219672616,48,highpass
1.1033849250864494e-07,4.6961839290151647e-07,1.8285041280198944e-07,2.8041180980545406e-07,4.6752208600283974e-05,0.8971895219672616,48,highpass
1.1033849250864494e-07,4.6961839290151647e-07,1.8285041280198944e-07,2.8041180980545406e-07,4.6752208600283974e-05,0.8971895219672616,49,highpass
1.1033849250864494e-07,4.6961839290151647e-07,1.8285041280198944e-07,2.8041180980545406e-07,4.6752208600283974e-05,0.8971895219672616,49,highpass
1.1033849250864494e-07,4.6961839290151647e-07,1.8285041280198944e-07,2.8041180980545406e-07,4.6752208600283974e-05,0.8971895219672616,49,highpass
1.1033849250864494e-07,4.6961839290151647e-07,1.8285041280198944e-07,2.8041180980545406e-07,4.6752208600283974e-05,0.8971895219672616,49,highpass
1.1033849250864494e-07,4.6961839290151647e-07,1.8285041280198944e-07,2.8041180980545406e-07,4.6752208600283974e-05,0.8971895219672616,49,highpass
1.1033849250864494e-07,4.6961839290151647e-07,1.8285041280198944e-07,2.8041180980545406e-07,4.6752208600283974e-05,0.8971895219672616,49,highpass
1.1033849250864494e-07,4.6961839290151647e-07,1.8285041280198944e-07,2.8041180980545406e-07,4.6752208600283974e-05,0.8971895219672616,49,highpass
1.1033849250864494e-07,4.6961839290151647e-07,2.2834711059584766e-07,2.8041180980545406e-07,4.6752208600283974e-05,0.8599701457607327,49,highpass
1.1033849250864494e-07,4.6961839290151647e-07,1.8285041280198944e-07,2.8041180980545406e-07,4.6752208600283974e-05,0.8971895219672616,49,highpass
1.1033849250864494e-07,5.616311311864078e-07,1.8285041280198944e-07,2.8041180980545406e-07,4.6752208600283974e-05,0.8524036101995457,49,highpass
1.1033849250864494e-07,4.6961839290151647e-07,1.8285041280198944e-07,2.8041180980545406e-07,4.6752208600283974e-05,0.8971895219672616,49,highpass
1.1033849250864494e-07,4.6961839290151647e-07,1.8285041280198944e-07,2.8041180980545406e-07,4.6752208600283974e-05,0.8971895219672616,49,highpass
1.1033849250864494e-07,4.6961839290151647e-07,1.8285041280198944e-07,2.8041180980545406e-07,4.6752208600283974e-05,0.8971895219672616,49,highpass
1.1033849250864494e-07,4.6961839290151647e-07,1.8285041280198944e-07,2.8041180980545406e-07,4.6752208600283974e-05,0.8971895219672616,49,highpass
1.1033849250864494e-07,4.6961839290151647e-07,1.8285041280198944e-07,2.8041180980545406e-07,4.6752208600283974e-05,0.8971895219672616,49,highpass
1.1033849250864494e-07,4.6961839290151647e-07,1.8285041280198944e-07,2.8041180980545406e-07,4.6752208600283974e-05,0.8971895219672616,49,highpass
1.1033849250864494e-07,4.6961839290151647e-07,1.8285041280198944e-07,2.8041180980545406e-07,4.6752208600283974e-05,0.8971895219672616,49,highpass
1.1033849250864494e-07,4.6961839290151647e-07,1.8285041280198944e-07,2.8041180980545406e-07,4.6752208600283974e-05,0.8971895219672616,49,highpass
1.1033849250864494e-07,4.6961839290151647e-07,1.8285041280198944e-07,2.8041180980545406e-07,4.6752208600283974e-05,0.8971895219672616,49,highpass
1.1033849250864494e-07,4.6961839290151647e-07,1.8285041280198944e-07,2.8041180980545406e-07,4.6752208600283974e-05,0.8971895219672616,49,highpass
1.1033849250864494e-07,4.6961839290151647e-07,1.8285041280198944e-07,2.8041180980545406e-07,4.6752208600283974e-05,0.8971895219672616,49,highpass
1.1033849250864494e-07,4.6961839290151647e-07,1.8285041280198944e-07,2.8041180980545406e-07,4.6752208600283974e-05,0.8971895219672616,49,highpass
1.1033849250864494e-07,4.6961839290151647e-07,1.8285041280198944e-07,2.8041180980545406e-07,4.6752208600283974e-05,0.8971895219672616,49,highpass
1.1033849250864494e-07,4.6961839290151647e-07,1.8285041280198944e-07,2.8041180980545406e-07,4.6752208600283974e-05,0.8971895219672616,49,highpass
1.0181621266710096e-07,4.6961839290151647e-07,1.8285041280198944e-07,2.8041180980545406e-07,4.6752208600283974e-05,0.8932109608949476,49,highpass
1.1033849250864494e-07,4.5723671398361216e-07,1.8285041280198944e-07,2.8041180980545406e-07,4.6752208600283974e-05,0.8969229784877353,49,highpass
1.1033849250864494e-07,4.6961839290151647e-07,1.8285041280198944e-07,2.8041180980545406e-07,4.6752208600283974e-05,0.8971895219672616,49,highpass
1.1033849250864494e-07,4.788855396814477e-07,1.8285041280198944e-07,2.8041180980545406e-07,4.6752208600283974e-05,0.8924049409895372,49,highpass
1.1033849250864494e-07,4.6961839290151647e-07,1.8285041280198944e-07,2.8041180980545406e-07,4.6752208600283974e-05,0.8971895219672616,49,highpass
1.1033849250864494e-07,4.6961839290151647e-07,1.8584973213442762e-07,2.8041180980545406e-07,4.6752208600283974e-05,0.8923087681346655,49,highpass
1.1033849250864494e-07,4.6961839290151647e-07,1.8285041280198944e-07,2.8041180980545406e-07,4.6752208600283974e-05,0.8971895219672616,49,highpass
1.1033849250864494e-07,4.6961839290151647e-07,1.8285041280198944e-07,2.8041180980545406e-07,4.6752208600283974e-05,0.8971895219672616,49,highpass
1.1033849250864494e-07,4.6961839290151647e-07,1.8285041280198944e-07,2.8041180980545406e-07,4.6752208600283974e-05,0.8971895219672616,49,highpass
1.1033849250864494e-07,4.6961839290151647e-07,1.8285041280198944e-07,2.8041180980545406e-07,4.6752208600283974e-05,0.8971895219672616,49,highpass
1.1033849250864494e-07,4.6961839290151647e-07,1.8285041280198944e-07,2.8041180980545406e-07,4.106818367731995e-05,0.8963499301066429,49,highpass
1.1033849250864494e-07,4.6961839290151647e-07,1.8285041280198944e-07,2.8041180980545406e-07,4.6752208600283974e-05,0.8971895219672616,49,highpass
1.1033849250864494e-07,4.6961839290151647e-07,1.8285041280198944e-07,2.8041180980545406e-07,4.5400187887574266e-05,0.8920323002144316,49,highpass
1.1033849250864494e-07,4.6961839290151647e-07,1.8285041280198944e-07,2.8041180980545406e-07,4.6752208600283974e-05,0.8971895219672616,49,highpass
1.1033849250864494e-07,4.6961839290151647e-07,1.8285041280198944e-07,2.8041180980545406e-07,4.6752208600283974e-05,0.8971895219672616,49,highpass
1.1033849250864494e-07,4.6961839290151647e-07,1.8285041280198944e-07,2.8041180980545406e-07,4.6752208600283974e-05,0.8971895219672616,49,highpass
1.1033849250864494e-07,4.6961839290151647e-07,1.8285041280198944e-07,2.8041180980545406e-07,4.6752208600283974e-05,0.8971895219672616,50,highpass
1.1033849250864494e-07,4.6961839290151647e-07,1.8285041280198944e-07,2.809653399462292e-07,4.6752208600283974e-05,0.8971758966218203,50,highpass
1.121082913743883e-07,4.6961839290151647e-07,1.8285041280198944e-07,2.8041180980545406e-07,4.6752208600283974e-05,0.8905597242368978,50,highpass
1.1033849250864494e-07,4.6961839290151647e-07,1.8285041280198944e-07,2.8041180980545406e-07,4.6752208600283974e-05,0.8971895219672616,50,highpass
1.1033849250864494e-07,4.6961839290151647e-07,1.8534770399370076e-07,2.8041180980545406e-07,4.6752208600283974e-05,0.8938851026692541,50,highpass
1.1033849250864494e-07,4.6961839290151647e-07,1.8285041280198944e-07,2.8041180980545406e-07,4.6752208600283974e-05,0.8971895219672616,50,highpass
1.1033849250864494e-07,4.828984772340071e-07,1.8285041280198944e-07,2.8041180980545406e-07,4.6752208600283974e-05,0.8909819557459635,50,highpass
1.1033849250864494e-07,4.6961839290151647e-07,1.8285041280198944e-07,2.8041180980545406e-07,4.6752208600283974e-05,0.8971895219672616,50,highpass
1.1033849250864494e-07,4.6961839290151647e-07,1.8285041280198944e-07,2.8041180980545406e-07,4.6752208600283974e-05,0.8971895219672616,50,highpass
1.1033849250864494e-07,4.6961839290151647e-07,1.8285041280198944e-07,2.7681549971354293e-07,4.6752208600283974e-05,0.897188598540037,50,highpass
1.1033849250864494e-07,4.6961839290151647e-07,1.8285041280198944e-07,2.8041180980545406e-07,4.6752208600283974e-05,0.8971895219672616,50,highpass
1.1033849250864494e-07,4.6961839290151647e-07,1.8285041280198944e-07,2.8041180980545406e-07,4.6752208600283974e-05,0.8971895219672616,50,highpass
1.1033849250864494e-07,4.6961839290151647e-07,1.8285041280198944e-07,2.8041180980545406e-07,4.6752208600283974e-05,0.8971895219672616,50,highpass
1.1033849250864494e-07,4.6961839290151647e-07,1.8285041280198944e-07,2.8041180980545406e-07,4.6752208600283974e-05,0.8971895219672616,50,highpass
1.1033849250864494e-07,3.882014474044396e-07,1.8285041280198944e-07,2.8041180980545406e-07,4.6752208600283974e-05,0.8582463726659443,50,highpass
1.1033849250864494e-07,4.6961839290151647e-07,1.8285041280198944e-07,2.8041180980545406e-07,4.6752208600283974e-05,0.8971895219672616,50,highpass
1.1033849250864494e-07,4.6961839290151647e-07,1.8285041280198944e-07,2.8041180980545406e-07,4.6752208600283974e-05,0.8971895219672616,50,highpass
1.1033849250864494e-07,4.6961839290151647e-07,1.8285041280198944e-07,2.8041180980545406e-07,4.6752208600283974e-05,0.8971895219672616,50,highpass
1.1033849250864494e-07,4.6961839290151647e-07,1.8285041280198944e-07,2.7513126679461584e-07,4.6752208600283974e-05,0.8965657013832723,50,highpass
1.1033849250864494e-07,4.6961839290151647e-07,1.8285041280198944e-07,2.8041180980545406e-07,4.6752208600283974e-05,0.8971895219672616,50,highpass
1.1033849250864494e-07,4.6961839290151647e-07,1.8285041280198944e-07,2.8041180980545406e-07,4.6752208600283974e-05,0.8971895219672616,50,highpass
1.1033849250864494e-07,4.6961839290151647e-07,1.8285041280198944e-07,2.8041180980545406e-07,4.6752208600283974e-05,0.8971895219672616,50,highpass
1.1033849250864494e-07,4.6961839290151647e-07,1.8110376052368474e-07,2.8041180980545406e-07,4.6752208600283974e-05,0.8945717442764818,50,highpass
1.1033849250864494e-07,3.8613191539866155e-07,1.8285041280198944e-07,2.8041180980545406e-07,4.6752208600283974e-05,0.856632531455054,50,highpass
1.1033849250864494e-07,4.6961839290151647e-07,1.7724102949388693e-07,2.8041180980545406e-07,4.6752208600283974e-05,0.8939314254116378,50,highpass
1.1033849250864494e-07,4.6961839290151647e-07,1.8285041280198944e-07,2.8041180980545406e-07,4.6752208600283974e-05,0.8971895219672616,50,highpass
1.1033849250864494e-07,4.6961839290151647e-07,1.8285041280198944e-07,2.7327890097118125e-07,4.6752208600283974e-05,0.896561005945497,50,highpass
1.1033849250864494e-07,4.6961839290151647e-07,1.8285041280198944e-07,2.8041180980545406e-07,4.6752208600283974e-05,0.8971895219672616,50,highpass
1.1033849250864494e-07,4.6961839290151647e-07,1.8285041280198944e-07,2.8041180980545406e-07,4.6752208600283974e-05,0.8971895219672616,50,highpass
1.1033849250864494e-07,4.6961839290151647e-07,1.8285041280198944e-07,2.8041180980545406e-07,4.6752208600283974e-05,0.8971895219672616,50,highpass
1.1033849250864494e-07,4.6961839290151647e-07,1.8285041280198944e-07,2.8041180980545406e-07,4.6752208600283974e-05,0.8971895219672616,50,highpass
1.1033849250864494e-07,4.6961839290151647e-07,1.8285041280198944e-07,2.8041180980545406e-07,4.6752208600283974e-05,0.8971895219672616,50,highpass
1.1033849250864494e-07,4.6961839290151647e-07,1.8691267865387296e-07,2.8041180980545406e-07,4.6752208600283974e-05,0.8931018285227071,50,highpass
1.1033849250864494e-07,4.6961839290151647e-07,1.8285041280198944e-07,2.8041180980545406e-07,4.6752208600283974e-05,0.8971895219672616,50,highpass
1.1033849250864494e-07,4.6961839290151647e-07,1.8285041280198944e-07,2.8041180980545406e-07,4.6752208600283974e-05,0.8971895219672616,50,highpass
1.1033849250864494e-07,4.6961839290151647e-07,1.8285041280198944e-07,2.8041180980545406e-07,4.6752208600283974e-05,0.8971895219672616,50,highpass
1.1033849250864494e-07,4.6961839290151647e-07,1.8285041280198944e-07,2.8041180980545406e-07,4.6752208600283974e-05,0.8971895219672616,50,highpass
1.1033849250864494e-07,4.6961839290151647e-07,1.8285041280198944e-07,2.8041180980545406e-07,4.6752208600283974e-05,0.8971895219672616,50,highpass
1.1033849250864494e-07,4.6961839290151647e-07,1.8285041280198944e-07,2.8041180980545406e-07,4.6752208600283974e-05,0.8971895219672616,50,highpass
1.1033849250864494e-07,4.6961839290151647e-07,1.8285041280198944e-07,2.8041180980545406e-07,4.6752208600283974e-05,0.8971895219672616,50,highpass
1.1033849250864494e-07,4.6961839290151647e-07,1.8285041280198944e-07,2.8041180980545406e-07,4.6752208600283974e-05,0.8971895219672616,51,highpass
1.1033849250864494e-07,4.6961839290151647e-07,1.8285041280198944e-07,2.8041180980545406e-07,4.6752208600283974e-05,0.8971895219672616,51,highpass
1.1033849250864494e-07,4.6961839290151647e-07,1.8285041280198944e-07,2.8041180980545406e-07,4.6752208600283974e-05,0.8971895219672616,51,highpass
1.1033849250864494e-07,4.6961839290151647e-07,1.8285041280198944e-07,1.703978564526579e-07,4.6752208600283974e-05,0.8422639250270915,51,highpass
1.1033849250864494e-07,4.6961839290151647e-07,1.8285041280198944e-07,2.8041180980545406e-07,4.6752208600283974e-05,0.8971895219672616,51,highpass
1.1033849250864494e-07,4.6961839290151647e-07,1.8285041280198944e-07,2.8041180980545406e-07,4.6752208600283974e-05,0.8971895219672616,51,highpass
1.1033849250864494e-07,4.6961839290151647e-07,1.8285041280198944e-07,2.8041180980545406e-07,4.6752208600283974e-05,0.8971895219672616,51,highpass
1.1033849250864494e-07,4.6961839290151647e-07,1.8285041280198944e-07,2.8041180980545406e-07,4.6752208600283974e-05,0.8971895219672616,51,highpass
1.1033849250864494e-07,4.6961839290151647e-07,1.8285041280198944e-07,2.8041180980545406e-07,4.6752208600283974e-05,0.8971895219672616,51,highpass
1.1033849250864494e-07,4.6961839290151647e-07,1.8285041280198944e-07,2.8041180980545406e-07,4.6752208600283974e-05,0.8971895219672616,51,highpass
1.1033849250864494e-07,4.6961839290151647e-07,1.8285041280198944e-07,2.8041180980545406e-07,4.6752208600283974e-05,0.8971895219672616,51,highpass
1.1033849250864494e-07,4.6961839290151647e-07,1.8285041280198944e-07,2.8041180980545406e-07,4.6752208600283974e-05,0.8971895219672616,51,highpass
1.1033849250864494e-07,4.6961839290151647e-07,1.8285041280198944e-07,2.8041180980545406e-07,4.6752208600283974e-05,0.8971895219672616,51,highpass
1.1033849250864494e-07,4.6961839290151647e-07,1.8285041280198944e-07,2.8041180980545406e-07,4.6752208600283974e-05,0.8971895219672616,51,highpass
1.1033849250864494e-07,4.6961839290151647e-07,1.8285041280198944e-07,2.8041180980545406e-07,4.6752208600283974e-05,0.8971895219672616,51,highpass
1.1033849250864494e-07,4.6961839290151647e-07,1.8285041280198944e-07,2.8041180980545406e-07,3.326944519621155e-05,0.8911403098778052,51,highpass
1.1033849250864494e-07,4.6961839290151647e-07,1.8285041280198944e-07,2.8041180980545406e-07,4.6752208600283974e-05,0.8971895219672616,51,highpass
1.1033849250864494e-07,4.6961839290151647e-07,1.8285041280198944e-07,2.8041180980545406e-07,4.6752208600283974e-05,0.8971895219672616,51,highpass
1.0716081573648749e-07,4.6961839290151647e-07,1.8285041280198944e-07,2.8041180980545406e-07,4.6752208600283974e-05,0.894534283573111,51,highpass
1.1033849250864494e-07,4.6961839290151647e-07,1.8285041280198944e-07,2.8041180980545406e-07,4.6752208600283974e-05,0.8971895219672616,51,highpass
1.1033849250864494e-07,4.6961839290151647e-07,1.8285041280198944e-07,2.8041180980545406e-07,4.6752208600283974e-05,0.8971895219672616,51,highpass
1.1033849250864494e-07,6.300091216201347e-07,1.8285041280198944e-07,2.8041180980545406e-07,4.6752208600283974e-05,0.8228004534521497,51,highpass
1.4347930974055576e-07,4.6961839290151647e-07,1.8285041280198944e-07,2.8041180980545406e-07,4.6752208600283974e-05,0.8836877044084017,51,highpass
1.1033849250864494e-07,4.6961839290151647e-07,1.8285041280198944e-07,2.8041180980545406e-07,4.6752208600283974e-05,0.8971895219672616,51,highpass
1.1033849250864494e-07,4.6961839290151647e-07,1.8285041280198944e-07,2.8041180980545406e-07,4.6819448444499695e-05,0.8971895219672616,51,highpass
1.1033849250864494e-07,4.6961839290151647e-07,1.8285041280198944e-07,2.8041180980545406e-07,4.6752208600283974e-05,0.8971895219672616,51,highpass
1.1033849250864494e-07,4.6961839290151647e-07,1.8285041280198944e-07,2.8041180980545406e-07,4.6752208600283974e-05,0.8971895219672616,51,highpass
1.1033849250864494e-07,4.6961839290151647e-07,1.8285041280198944e-07,2.8041180980545406e-07,4.6752208600283974e-05,0.8971895219672616,51,highpass
1.1033849250864494e-07,4.6961839290151647e-07,1.8285041280198944e-07,2.8041180980545406e-07,4.6752208600283974e-05,0.8971895219672616,51,highpass
1.1033849250864494e-07,4.605482303206467e-07,1.8285041280198944e-07,2.8041180980545406e-07,4.6752208600283974e-05,0.8967546891746249,51,highpass
1.1033849250864494e-07,4.6961839290151647e-07,1.8285041280198944e-07,2.8041180980545406e-07,4.6752208600283974e-05,0.8971895219672616,51,highpass
1.1033849250864494e-07,4.6961839290151647e-07,1.8285041280198944e-07,2.8041180980545406e-07,4.6752208600283974e-05,0.8971895219672616,51,highpass
1.1033849250864494e-07,4.6961839290151647e-07,1.8285041280198944e-07,2.8041180980545406e-07,4.6752208600283974e-05,0.8971895219672616,51,highpass
1.1033849250864494e-07,4.6961839290151647e-07,1.8285041280198944e-07,2.8041180980545406e-07,4.6752208600283974e-05,0.8971895219672616,51,highpass
1.1033849250864494e-07,4.6961839290151647e-07,1.8285041280198944e-07,2.8041180980545406e-07,1.3944789685938328e-05,0.8942189138676109,51,highpass
1.1033849250864494e-07,4.6961839290151647e-07,1.8285041280198944e-07,2.8041180980545406e-07,4.6752208600283974e-05,0.8971895219672616,51,highpass
1.1033849250864494e-07,4.6961839290151647e-07,1.8285041280198944e-07,2.8041180980545406e-07,4.6752208600283974e-05,0.8971895219672616,51,highpass
1.1033849250864494e-07,4.6961839290151647e-07,1.8285041280198944e-07,2.8041180980545406e-07,4.6752208600283974e-05,0.8971895219672616,51,highpass
1.1033849250864494e-07,4.6961839290151647e-07,1.8285041280198944e-07,2.8041180980545406e-07,4.6752208600283974e-05,0.8971895219672616,51,highpass
1.1033849250864494e-07,4.6961839290151647e-07,1.8285041280198944e-07,2.8041180980545406e-07,4.6752208600283974e-05,0.8971895219672616,51,highpass
1.1033849250864494e-07,4.6961839290151647e-07,1.8285041280198944e-07,2.8041180980545406e-07,4.6752208600283974e-05,0.8971895219672616,52,highpass
1.1033849250864494e-07,4.6961839290151647e-07,1.6812581027892398e-07,2.8041180980545406e-07,4.6752208600283974e-05,0.8899562910084975,52,highpass
1.1033849250864494e-07,4.6961839290151647e-07,1.8285041280198944e-07,2.8041180980545406e-07,4.6752208600283974e-05,0.8971895219672616,52,highpass
1.1033849250864494e-07,4.6961839290151647e-07,1.8285041280198944e-07,2.8041180980545406e-07,4.6752208600283974e-05,0.8971895219672616,52,highpass
1.1033849250864494e-07,4.6961839290151647e-07,1.8285041280198944e-07,2.8041180980545406e-07,4.6752208600283974e-05,0.8971895219672616,52,highpass
1.1033849250864494e-07,4.6961839290151647e-07,1.8285041280198944e-07,2.8041180980545406e-07,4.6752208600283974e-05,0.8971895219672616,52,highpass
1.1033849250864494e-07,4.6961839290151647e-07,1.8285041280198944e-07,2.8041180980545406e-07,1.807699532014986e-05,0.8907700453128274,52,highpass
1.1033849250864494e-07,4.6961839290151647e-07,1.8285041280198944e-07,2.8041180980545406e-07,4.6819448444499695e-05,0.8971895219672616,52,highpass
1.1033849250864494e-07,4.6961839290151647e-07,1.8285041280198944e-07,2.8041180980545406e-07,4.6752208600283974e-05,0.8971895219672616,52,highpass
1.1033849250864494e-07,4.6961839290151647e-07,1.8285041280198944e-07,2.8041180980545406e-07,4.6752208600283974e-05,0.8971895219672616,52,highpass
1.1033849250864494e-07,4.6961839290151647e-07,1.8285041280198944e-07,2.8041180980545406e-07,4.6752208600283974e-05,0.8971895219672616,52,highpass
1.1033849250864494e-07,4.6961839290151647e-07,1.8285041280198944e-07,2.8041180980545406e-07,4.6752208600283974e-05,0.8971895219672616,52,highpass
1.1033849250864494e-07,4.6961839290151647e-07,1.8285041280198944e-07,2.8041180980545406e-07,4.6752208600283974e-05,0.8971895219672616,52,highpass
1.1033849250864494e-07,4.6961839290151647e-07,1.8285041280198944e-07,2.8041180980545406e-07,4.6752208600283974e-05,0.8971895219672616,52,highpass
1.1033849250864494e-07,4.6961839290151647e-07,1.8285041280198944e-07,2.8041180980545406e-07,4.6752208600283974e-05,0.8971895219672616,52,highpass
1.1033849250864494e-07,4.6961839290151647e-07,1.8285041280198944e-07,2.8041180980545406e-07,4.6752208600283974e-05,0.8971895219672616,52,highpass
1.1033849250864494e-07,4.6961839290151647e-07,1.8285041280198944e-07,2.8041180980545406e-07,4.6752208600283974e-05,0.8971895219672616,52,highpass
1.1033849250864494e-07,4.6961839290151647e-07,1.8285041280198944e-07,2.8041180980545406e-07,4.6752208600283974e-05,0.8971895219672616,52,highpass
1.1033849250864494e-07,4.6961839290151647e-07,1.8285041280198944e-07,2.8041180980545406e-07,4.6752208600283974e-05,0.8971895219672616,52,highpass
1.1033849250864494e-07,4.6961839290151647e-07,1.8285041280198944e-07,2.8041180980545406e-07,4.6752208600283974e-05,0.8971895219672616,52,highpass
1.1033849250864494e-07,4.6961839290151647e-07,1.8285041280198944e-07,2.8041180980545406e-07,4.6752208600283974e-05,0.8971895219672616,52,highpass
1.1033849250864494e-07,4.6961839290151647e-07,1.8285041280198944e-07,2.8041180980545406e-07,4.6752208600283974e-05,0.8971895219672616,52,highpass
1.1033849250864494e-07,4.6961839290151647e-07,1.8285041280198944e-07,2.8041180980545406e-07,4.6752208600283974e-05,0.8971895219672616,52,highpass
1.1033849250864494e-07,4.6961839290151647e-07,1.8285041280198944e-07,2.8041180980545406e-07,4.6752208600283974e-05,0.8971895219672616,52,highpass
1.1033849250864494e-07,4.6961839290151647e-07,1.8285041280198944e-07,2.8041180980545406e-07,4.6752208600283974e-05,0.8971895219672616,52,highpass
1.1033849250864494e-07,4.6961839290151647e-07,1.8285041280198944e-07,2.8041180980545406e-07,4.6752208600283974e-05,0.8971895219672616,52,highpass
1.1033849250864494e-07,4.6961839290151647e-07,1.8285041280198944e-07,2.8041180980545406e-07,4.6752208600283974e-05,0.8971895219672616,52,highpass
1.1033849250864494e-07,4.6961839290151647e-07,1.8285041280198944e-07,2.8041180980545406e-07,4.6819448444499695e-05,0.8971895219672616,52,highpass
1.1033849250864494e-07,4.6961839290151647e-07,1.8285041280198944e-07,2.8041180980545406e-07,4.6752208600283974e-05,0.8971895219672616,52,highpass
1.1033849250864494e-07,4.6961839290151647e-07,1.8285041280198944e-07,2.8041180980545406e-07,4.6752208600283974e-05,0.8971895219672616,52,highpass
1.1033849250864494e-07,4.6961839290151647e-07,1.8285041280198944e-07,2.3158925417379082e-07,4.6752208600283974e-05,0.8874966262520969,52,highpass
1.1033849250864494e-07,4.6961839290151647e-07,1.8285041280198944e-07,2.8041180980545406e-07,4.6752208600283974e-05,0.8971895219672616,52,highpass
1.1033849250864494e-07,4.6961839290151647e-07,1.8285041280198944e-07,2.8041180980545406e-07,4.6752208600283974e-05,0.8971895219672616,52,highpass
1.1033849250864494e-07,4.6961839290151647e-07,1.8285041280198944e-07,2.8041180980545406e-07,4.0215296181860146e-05,0.8962814627733604,52,highpass
1.1033849250864494e-07,4.6961839290151647e-07,1.8285041280198944e-07,2.8041180980545406e-07,4.6752208600283974e-05,0.8971895219672616,52,highpass
1.1033849250864494e-07,4.760381427384498e-07,1.8285041280198944e-07,2.8041180980545406e-07,4.6819448444499695e-05,0.8936895139031027,52,highpass
1.1033849250864494e-07,4.6961839290151647e-07,1.8285041280198944e-07,2.8041180980545406e-07,4.6752208600283974e-05,0.8971895219672616,52,highpass
1.1033849250864494e-07,4.6961839290151647e-07,1.8285041280198944e-07,2.8041180980545406e-07,4.6752208600283974e-05,0.8971895219672616,52,highpass
1.1033849250864494e-07,4.6961839290151647e-07,1.8285041280198944e-07,2.8041180980545406e-07,4.6752208600283974e-05,0.8971895219672616,52,highpass
1.1033849250864494e-07,4.3466849868904925e-07,1.8285041280198944e-07,2.8041180980545406e-07,4.6752208600283974e-05,0.8883952598276612,52,highpass
1.1033849250864494e-07,4.6961839290151647e-07,1.8285041280198944e-07,2.8041180980545406e-07,4.6752208600283974e-05,0.8971895219672616,53,highpass
1.1033849250864494e-07,4.6961839290151647e-07,1.0718237807045228e-07,2.8041180980545406e-07,4.6819448444499695e-05,0.8212381364791266,53,highpass
1.1033849250864494e-07,4.6961839290151647e-07,1.8285041280198944e-07,2.8041180980545406e-07,4.6752208600283974e-05,0.8971895219672616,53,highpass
1.1033849250864494e-07,4.6961839290151647e-07,1.8285041280198944e-07,2.8041180980545406e-07,4.6752208600283974e-05,0.8971895219672616,53,highpass
1.2703223044982742e-07,4.6961839290151647e-07,1.8285041280198944e-07,2.8041180980545406e-07,4.6752208600283974e-05,0.8880880585746408,53,highpass
1.1539030345551994e-07,4.6961839290151647e-07,1.8285041280198944e-07,2.8041180980545406e-07,4.6752208600283974e-05,0.8921302598060917,53,highpass
1.1033849250864494e-07,4.6961839290151647e-07,1.8285041280198944e-07,2.8041180980545406e-07,4.6752208600283974e-05,0.8971895219672616,53,highpass
1.1033849250864494e-07,4.6961839290151647e-07,1.8285041280198944e-07,2.8041180980545406e-07,4.6752208600283974e-05,0.8971895219672616,53,highpass
1.1033849250864494e-07,4.6961839290151647e-07,1.8285041280198944e-07,2.8041180980545406e-07,4.6752208600283974e-05,0.8971895219672616,53,highpass
1.1033849250864494e-07,4.6961839290151647e-07,1.8285041280198944e-07,2.8041180980545406e-07,4.6752208600283974e-05,0.8971895219672616,53,highpass
1.1033849250864494e-07,5.400244562648745e-07,1.8285041280198944e-07,2.8041180980545406e-07,4.6752208600283974e-05,0.8642430433508371,53,highpass
1.1033849250864494e-07,4.6961839290151647e-07,1.8285041280198944e-07,2.8041180980545406e-07,4.6752208600283974e-05,0.8971895219672616,53,highpass
1.1033849250864494e-07,4.6961839290151647e-07,1.8285041280198944e-07,2.8041180980545406e-07,4.6752208600283974e-05,0.8971895219672616,53,highpass
1.1033849250864494e-07,4.6961839290151647e-07,1.8285041280198944e-07,2.8041180980545406e-07,4.6752208600283974e-05,0.8971895219672616,53,highpass
1.1033849250864494e-07,4.6961839290151647e-07,1.8285041280198944e-07,2.8041180980545406e-07,4.6752208600283974e-05,0.8971895219672616,53,highpass
1.1033849250864494e-07,4.6961839290151647e-07,1.8285041280198944e-07,2.8041180980545406e-07,4.6752208600283974e-05,0.8971895219672616,53,highpass
1.1033849250864494e-07,4.6961839290151647e-07,1.8285041280198944e-07,2.8041180980545406e-07,4.6752208600283974e-05,0.8971895219672616,53,highpass
1.1033849250864494e-07,4.6961839290151647e-07,1.8285041280198944e-07,2.8041180980545406e-07,4.6752208600283974e-05,0.8971895219672616,53,highpass
1.1033849250864494e-07,4.6961839290151647e-07,1.8285041280198944e-07,2.8041180980545406e-07,4.6752208600283974e-05,0.8971895219672616,53,highpass
1.1033849250864494e-07,4.6961839290151647e-07,1.8285041280198944e-07,2.8041180980545406e-07,4.6752208600283974e-05,0.8971895219672616,53,highpass
1.1033849250864494e-07,4.6961839290151647e-07,1.8285041280198944e-07,2.8041180980545406e-07,4.6752208600283974e-05,0.8971895219672616,53,highpass
1.1033849250864494e-07,4.6961839290151647e-07,1.8285041280198944e-07,2.8041180980545406e-07,4.6752208600283974e-05,0.8971895219672616,53,highpass
1.1033849250864494e-07,4.6961839290151647e-07,1.8285041280198944e-07,2.8041180980545406e-07,4.6752208600283974e-05,0.8971895219672616,53,highpass
1.1033849250864494e-07,4.6961839290151647e-07,1.8285041280198944e-07,2.8041180980545406e-07,4.6752208600283974e-05,0.8971895219672616,53,highpass
1.1033849250864494e-07,4.6961839290151647e-07,1.8285041280198944e-07,2.8041180980545406e-07,4.6752208600283974e-05,0.8971895219672616,53,highpass
1.1123529501280383e-07,4.6961839290151647e-07,1.8285041280198944e-07,2.8041180980545406e-07,4.6752208600283974e-05,0.893285646132138,53,highpass
1.1033849250864494e-07,4.6961839290151647e-07,1.8285041280198944e-07,2.8041180980545406e-07,4.6819448444499695e-05,0.8971895219672616,53,highpass
1.1266208221923689e-07,4.6961839290151647e-07,1.8285041280198944e-07,2.8041180980545406e-07,4.6752208600283974e-05,0.8925916713792997,53,highpass
1.1033849250864494e-07,4.6961839290151647e-07,1.8285041280198944e-07,2.8041180980545406e-07,4.6752208600283974e-05,0.8971895219672616,53,highpass
1.1033849250864494e-07,4.6961839290151647e-07,1.8285041280198944e-07,2.8041180980545406e-07,4.6752208600283974e-05,0.8971895219672616,53,highpass
1.1033849250864494e-07,4.6961839290151647e-07,1.8285041280198944e-07,2.8041180980545406e-07,4.6752208600283974e-05,0.8971895219672616,53,highpass
1.1033849250864494e-07,4.6961839290151647e-07,1.8285041280198944e-07,2.8041180980545406e-07,4.6752208600283974e-05,0.8971895219672616,53,highpass
1.1033849250864494e-07,4.6961839290151647e-07,1.8285041280198944e-07,2.8041180980545406e-07,4.6752208600283974e-05,0.8971895219672616,53,highpass
1.1033849250864494e-07,4.6961839290151647e-07,1.8285041280198944e-07,2.8041180980545406e-07,4.6752208600283974e-05,0.8971895219672616,53,highpass
1.1124626957393228e-07,4.6961839290151647e-07,1.8285041280198944e-07,2.8041180980545406e-07,4.6752208600283974e-05,0.893285646132138,53,highpass
1.1033849250864494e-07,4.6961839290151647e-07,1.8285041280198944e-07,2.8041180980545406e-07,4.6752208600283974e-05,0.8971895219672616,53,highpass
1.1033849250864494e-07,4.6961839290151647e-07,1.8285041280198944e-07,2.8041180980545406e-07,4.6752208600283974e-05,0.8971895219672616,53,highpass
1.1033849250864494e-07,4.6961839290151647e-07,1.8285041280198944e-07,2.8041180980545406e-07,4.6752208600283974e-05,0.8971895219672616,53,highpass
1.1033849250864494e-07,4.6961839290151647e-07,1.8285041280198944e-07,2.8041180980545406e-07,4.6752208600283974e-05,0.8971895219672616,53,highpass
1.1033849250864494e-07,4.6961839290151647e-07,1.8285041280198944e-07,2.8041180980545406e-07,4.6752208600283974e-05,0.8971895219672616,53,highpass
1.1033849250864494e-07,4.6961839290151647e-07,1.8285041280198944e-07,2.8041180980545406e-07,4.6752208600283974e-05,0.8971895219672616,54,highpass
1.1033849250864494e-07,4.6961839290151647e-07,1.8285041280198944e-07,2.8041180980545406e-07,4.6752208600283974e-05,0.8971895219672616,54,highpass
1.1033849250864494e-07,4.6961839290151647e-07,1.8285041280198944e-07,2.8041180980545406e-07,4.6752208600283974e-05,0.8971895219672616,54,highpass
1.1033849250864494e-07,4.6961839290151647e-07,1.8285041280198944e-07,2.8041180980545406e-07,4.6752208600283974e-05,0.8971895219672616,54,highpass
1.1033849250864494e-07,4.6961839290151647e-07,1.8285041280198944e-07,2.8041180980545406e-07,4.6752208600283974e-05,0.8971895219672616,54,highpass
1.1033849250864494e-07,4.6961839290151647e-07,1.8285041280198944e-07,2.8041180980545406e-07,4.6752208600283974e-05,0.8971895219672616,54,highpass
1.1033849250864494e-07,4.6961839290151647e-07,1.8285041280198944e-07,2.8041180980545406e-07,4.6752208600283974e-05,0.8971895219672616,54,highpass
1.1033849250864494e-07,4.6961839290151647e-07,1.8285041280198944e-07,2.8041180980545406e-07,4.80527299116008e-05,0.8924874436598803,54,highpass
1.1033849250864494e-07,4.6961839290151647e-07,1.8285041280198944e-07,2.764731867527449e-07,4.6752208600283974e-05,0.8965746221022928,54,highpass
1.1033849250864494e-07,4.6961839290151647e-07,1.8285041280198944e-07,2.8041180980545406e-07,4.6752208600283974e-05,0.8971895219672616,54,highpass
1.1033849250864494e-07,4.6961839290151647e-07,1.8285041280198944e-07,2.8041180980545406e-07,4.368176958370345e-05,0.8925208410219853,54,highpass
1.1033849250864494e-07,4.6961839290151647e-07,1.8285041280198944e-07,2.8041180980545406e-07,4.6752208600283974e-05,0.8971895219672616,54,highpass
1.1033849250864494e-07,4.6961839290151647e-07,1.8285041280198944e-07,2.8041180980545406e-07,4.6752208600283974e-05,0.8971895219672616,54,highpass
1.1033849250864494e-07,4.6961839290151647e-07,1.8285041280198944e-07,2.8041180980545406e-07,4.6752208600283974e-05,0.8971895219672616,54,highpass
1.1033849250864494e-07,4.6895883994545474e-07,1.8285041280198944e-07,2.8041180980545406e-07,4.6752208600283974e-05,0.8971762960558269,54,highpass
1.1033849250864494e-07,4.6961839290151647e-07,1.8285041280198944e-07,2.8041180980545406e-07,4.6752208600283974e-05,0.8971895219672616,54,highpass
1.1033849250864494e-07,4.6961839290151647e-07,1.8285041280198944e-07,2.8041180980545406e-07,4.6752208600283974e-05,0.8971895219672616,54,highpass
1.1033849250864494e-07,4.6961839290151647e-07,1.8285041280198944e-07,2.8041180980545406e-07,4.6752208600283974e-05,0.8971895219672616,54,highpass
1.1033849250864494e-07,4.6961839290151647e-07,1.8285041280198944e-07,2.8041180980545406e-07,4.6752208600283974e-05,0.8971895219672616,54,highpass
1.1033849250864494e-07,4.6961839290151647e-07,1.8285041280198944e-07,2.8041180980545406e-07,4.6752208600283974e-05,0.8971895219672616,54,highpass
1.1033849250864494e-07,4.6961839290151647e-07,1.8285041280198944e-07,2.8041180980545406e-07,6.8252742230599605e-06,0.889844470690843,54,highpass
1.1033849250864494e-07,4.6961839290151647e-07,1.8285041280198944e-07,2.8041180980545406e-07,4.6752208600283974e-05,0.8971895219672616,54,highpass
1.1033849250864494e-07,4.6961839290151647e-07,1.8285041280198944e-07,2.8041180980545406e-07,4.6752208600283974e-05,0.8971895219672616,54,highpass
1.1033849250864494e-07,4.6961839290151647e-07,1.8285041280198944e-07,2.8041180980545406e-07,4.6752208600283974e-05,0.8971895219672616,54,highpass
1.1033849250864494e-07,4.6961839290151647e-07,1.8285041280198944e-07,2.8041180980545406e-07,4.6752208600283974e-05,0.8971895219672616,54,highpass
1.1033849250864494e-07,4.6961839290151647e-07,1.8285041280198944e-07,2.3539463288984613e-07,4.6819448444499695e-05,0.888441301605862,54,highpass
1.1033849250864494e-07,4.6961839290151647e-07,1.8285041280198944e-07,2.8041180980545406e-07,4.6752208600283974e-05,0.8971895219672616,54,highpass
1.1033849250864494e-07,4.6961839290151647e-07,1.8285041280198944e-07,2.8041180980545406e-07,4.6752208600283974e-05,0.8971895219672616,54,highpass
1.1033849250864494e-07,4.6961839290151647e-07,1.7690749226224206e-07,2.8041180980545406e-07,4.6752208600283974e-05,0.8954244200708794,54,highpass
1.1033849250864494e-07,4.6961839290151647e-07,1.8285041280198944e-07,2.8041180980545406e-07,4.6752208600283974e-05,0.8971895219672616,54,highpass
1.1033849250864494e-07,5.353493848120168e-07,1.8285041280198944e-07,2.8041180980545406e-07,4.6752208600283974e-05,0.8671395041529171,54,highpass
1.1033849250864494e-07,4.6961839290151647e-07,1.8285041280198944e-07,2.8041180980545406e-07,4.6752208600283974e-05,0.8971895219672616,54,highpass
1.1033849250864494e-07,4.6961839290151647e-07,1.8285041280198944e-07,2.8041180980545406e-07,4.6752208600283974e-05,0.8971895219672616,54,highpass
1.1033849250864494e-07,4.6961839290151647e-07,1.8285041280198944e-07,2.8041180980545406e-07,4.6752208600283974e-05,0.8971895219672616,54,highpass
1.1033849250864494e-07,4.6961839290151647e-07,1.8285041280198944e-07,2.8041180980545406e-07,4.6752208600283974e-05,0.8971895219672616,54,highpass
1.1033849250864494e-07,4.6961839290151647e-07,1.8285041280198944e-07,2.8041180980545406e-07,4.6752208600283974e-05,0.8971895219672616,54,highpass
1.1033849250864494e-07,4.6961839290151647e-07,1.8285041280198944e-07,2.8041180980545406e-07,4.6819448444499695e-05,0.8971895219672616,54,highpass
1.1033849250864494e-07,4.6961839290151647e-07,1.8285041280198944e-07,2.8041180980545406e-07,4.6752208600283974e-05,0.8971895219672616,54,highpass
1.1033849250864494e-07,4.6961839290151647e-07,1.8285041280198944e-07,2.8041180980545406e-07,4.6752208600283974e-05,0.8971895219672616,54,highpass
1.1033849250864494e-07,4.6961839290151647e-07,1.8285041280198944e-07,2.8041180980545406e-07,4.6752208600283974e-05,0.8971895219672616,54,highpass
1.1033849250864494e-07,4.6961839290151647e-07,1.8285041280198944e-07,2.8041180980545406e-07,4.6752208600283974e-05,0.8971895219672616,55,highpass
1.1033849250864494e-07,4.6961839290151647e-07,1.8285041280198944e-07,2.8041180980545406e-07,4.6752208600283974e-05,0.8971895219672616,55,highpass
1.1033849250864494e-07,4.6961839290151647e-07,1.8285041280198944e-07,2.8041180980545406e-07,4.6752208600283974e-05,0.8971895219672616,55,highpass
1.1033849250864494e-07,4.6961839290151647e-07,1.8285041280198944e-07,2.8041180980545406e-07,4.6752208600283974e-05,0.8971895219672616,55,highpass
1.1033849250864494e-07,4.6961839290151647e-07,1.8285041280198944e-07,2.8041180980545406e-07,4.6752208600283974e-05,0.8971895219672616,55,highpass
1.1033849250864494e-07,4.6961839290151647e-07,1.8285041280198944e-07,2.8041180980545406e-07,4.6752208600283974e-05,0.8971895219672616,55,highpass
1.1033849250864494e-07,4.6961839290151647e-07,1.8285041280198944e-07,2.8041180980545406e-07,4.6752208600283974e-05,0.8971895219672616,55,highpass
1.1033849250864494e-07,4.6961839290151647e-07,1.8285041280198944e-07,2.8041180980545406e-07,4.6752208600283974e-05,0.8971895219672616,55,highpass
1.1033849250864494e-07,4.6961839290151647e-07,1.8285041280198944e-07,2.8041180980545406e-07,4.722609255420116e-05,0.8946341520694548,55,highpass
1.1033849250864494e-07,4.6961839290151647e-07,1.8285041280198944e-07,2.8041180980545406e-07,4.6752208600283974e-05,0.8971895219672616,55,highpass
1.1191156288026631e-07,4.6961839290151647e-07,1.8285041280198944e-07,2.8041180980545406e-07,4.6752208600283974e-05,0.8942219374922333,55,highpass
1.1033849250864494e-07,4.6961839290151647e-07,1.8285041280198944e-07,2.8041180980545406e-07,4.6752208600283974e-05,0.8971895219672616,55,highpass
1.1033849250864494e-07,4.6961839290151647e-07,1.8285041280198944e-07,2.8041180980545406e-07,4.6752208600283974e-05,0.8971895219672616,55,highpass
1.1033849250864494e-07,4.6961839290151647e-07,1.8285041280198944e-07,2.8041180980545406e-07,4.6752208600283974e-05,0.8971895219672616,55,highpass
1.1033849250864494e-07,4.6961839290151647e-07,1.8285041280198944e-07,2.8041180980545406e-07,4.6752208600283974e-05,0.8971895219672616,55,highpass
1.1033849250864494e-07,4.6961839290151647e-07,1.8285041280198944e-07,2.8041180980545406e-07,4.6752208600283974e-05,0.8971895219672616,55,highpass
1.1033849250864494e-07,4.6961839290151647e-07,1.8285041280198944e-07,2.8041180980545406e-07,4.6752208600283974e-05,0.8971895219672616,55,highpass
1.1033849250864494e-07,4.6961839290151647e-07,1.8285041280198944e-07,2.8041180980545406e-07,4.6752208600283974e-05,0.8971895219672616,55,highpass
1.1033849250864494e-07,4.6961839290151647e-07,1.8285041280198944e-07,2.8041180980545406e-07,4.6752208600283974e-05,0.8971895219672616,55,highpass
1.1033849250864494e-07,4.6961839290151647e-07,1.8285041280198944e-07,2.8041180980545406e-07,4.6752208600283974e-05,0.8971895219672616,55,highpass
1.1033849250864494e-07,4.6961839290151647e-07,1.8285041280198944e-07,2.8041180980545406e-07,4.6752208600283974e-05,0.8971895219672616,55,highpass
1.1033849250864494e-07,4.6961839290151647e-07,1.8285041280198944e-07,2.8041180980545406e-07,4.6752208600283974e-05,0.8971895219672616,55,highpass
1.1033849250864494e-07,4.6961839290151647e-07,1.8285041280198944e-07,2.8041180980545406e-07,4.6752208600283974e-05,0.8971895219672616,55,highpass
1.1033849250864494e-07,4.6961839290151647e-07,1.8285041280198944e-07,2.8041180980545406e-07,4.6752208600283974e-05,0.8971895219672616,55,highpass
1.1033849250864494e-07,4.6961839290151647e-07,1.8285041280198944e-07,2.8041180980545406e-07,4.6752208600283974e-05,0.8971895219672616,55,highpass
1.1033849250864494e-07,4.6961839290151647e-07,1.8285041280198944e-07,2.8041180980545406e-07,4.6752208600283974e-05,0.8971895219672616,55,highpass
1.1033849250864494e-07,4.6961839290151647e-07,1.8285041280198944e-07,2.8041180980545406e-07,4.6752208600283974e-05,0.8971895219672616,55,highpass
1.1033849250864494e-07,4.6961839290151647e-07,1.8285041280198944e-07,2.8041180980545406e-07,4.6752208600283974e-05,0.8971895219672616,55,highpass
1.1033849250864494e-07,4.6961839290151647e-07,1.8285041280198944e-07,2.0915711940302273e-07,4.6752208600283974e-05,0.8791824656499624,55,highpass
1.1033849250864494e-07,4.6961839290151647e-07,1.8285041280198944e-07,2.8041180980545406e-07,4.6752208600283974e-05,0.8971895219672616,55,highpass
1.1033849250864494e-07,4.6961839290151647e-07,1.8427830628715209e-07,2.8041180980545406e-07,4.6752208600283974e-05,0.8938995360436233,55,highpass
1.1033849250864494e-07,4.6961839290151647e-07,1.8285041280198944e-07,2.8041180980545406e-07,4.6752208600283974e-05,0.8971895219672616,55,highpass
1.1033849250864494e-07,4.6961839290151647e-07,1.8285041280198944e-07,2.8041180980545406e-07,4.6752208600283974e-05,0.8971895219672616,55,highpass
1.1033849250864494e-07,4.6961839290151647e-07,1.8285041280198944e-07,2.8041180980545406e-07,4.6752208600283974e-05,0.8971895219672616,55,highpass
1.1033849250864494e-07,4.6961839290151647e-07,1.8285041280198944e-07,2.8041180980545406e-07,4.6752208600283974e-05,0.8971895219672616,55,highpass
1.1033849250864494e-07,4.6961839290151647e-07,1.8285041280198944e-07,2.8041180980545406e-07,4.6752208600283974e-05,0.8971895219672616,55,highpass
1.1033849250864494e-07,4.6961839290151647e-07,1.8285041280198944e-07,2.8041180980545406e-07,4.6752208600283974e-05,0.8971895219672616,55,highpass
1.1033849250864494e-07,4.6961839290151647e-07,1.8285041280198944e-07,2.8041180980545406e-07,4.6752208600283974e-05,0.8971895219672616,55,highpass
1.1033849250864494e-07,4.6961839290151647e-07,1.8285041280198944e-07,2.8041180980545406e-07,4.6752208600283974e-05,0.8971895219672616,55,highpass
1.1033849250864494e-07,4.6961839290151647e-07,1.8285041280198944e-07,2.8041180980545406e-07,4.6752208600283974e-05,0.8971895219672616,55,highpass
1.1033849250864494e-07,4.6961839290151647e-07,1.8285041280198944e-07,2.8041180980545406e-07,4.6752208600283974e-05,0.8971895219672616,56,highpass
1.1033849250864494e-07,4.6961839290151647e-07,1.8285041280198944e-07,2.959652954917269e-07,4.6752208600283974e-05,0.8925765954516569,56,highpass
1.1033849250864494e-07,4.6961839290151647e-07,1.8285041280198944e-07,2.792944527490564e-07,4.6752208600283974e-05,0.8972004343649247,56,highpass
1.1033849250864494e-07,4.6961839290151647e-07,1.8285041280198944e-07,2.8041180980545406e-07,4.6752208600283974e-05,0.8971895219672616,56,highpass
1.1033849250864494e-07,4.6961839290151647e-07,1.8285041280198944e-07,2.8041180980545406e-07,4.6752208600283974e-05,0.8971895219672616,56,highpass
1.1033849250864494e-07,4.6961839290151647e-07,1.8285041280198944e-07,2.8041180980545406e-07,4.6752208600283974e-05,0.8971895219672616,56,highpass
1.1033849250864494e-07,4.5985717430053746e-07,1.8285041280198944e-07,2.8041180980545406e-07,4.6752208600283974e-05,0.8966879574493911,56,highpass
1.1033849250864494e-07,4.6961839290151647e-07,1.8285041280198944e-07,2.8041180980545406e-07,4.6752208600283974e-05,0.8971895219672616,56,highpass
1.1033849250864494e-07,4.6961839290151647e-07,1.8285041280198944e-07,2.8041180980545406e-07,4.6752208600283974e-05,0.8971895219672616,56,highpass
1.1033849250864494e-07,4.6961839290151647e-07,1.8285041280198944e-07,2.8041180980545406e-07,4.6752208600283974e-05,0.8971895219672616,56,highpass
1.1033849250864494e-07,4.6961839290151647e-07,1.8285041280198944e-07,2.8041180980545406e-07,4.6752208600283974e-05,0.8971895219672616,56,highpass
1.1033849250864494e-07,4.6961839290151647e-07,1.8285041280198944e-07,2.8041180980545406e-07,4.6752208600283974e-05,0.8971895219672616,56,highpass
1.1033849250864494e-07,4.6961839290151647e-07,1.8285041280198944e-07,2.8041180980545406e-07,4.6752208600283974e-05,0.8971895219672616,56,highpass
1.1033849250864494e-07,4.6961839290151647e-07,1.8285041280198944e-07,2.8041180980545406e-07,4.6752208600283974e-05,0.8971895219672616,56,highpass
2.089319242686417e-07,4.6961839290151647e-07,1.8285041280198944e-07,2.8041180980545406e-07,4.6752208600283974e-05,0.7880035809698757,56,highpass
1.1033849250864494e-07,4.6961839290151647e-07,1.8285041280198944e-07,2.8041180980545406e-07,4.6752208600283974e-05,0.8971895219672616,56,highpass
1.1033849250864494e-07,4.6961839290151647e-07,1.8285041280198944e-07,2.8041180980545406e-07,4.6752208600283974e-05,0.8971895219672616,56,highpass
1.1033849250864494e-07,4.6961839290151647e-07,1.8285041280198944e-07,2.8041180980545406e-07,4.6752208600283974e-05,0.8971895219672616,56,highpass
1.1033849250864494e-07,4.6961839290151647e-07,1.8285041280198944e-07,2.8041180980545406e-07,4.6752208600283974e-05,0.8971895219672616,56,highpass
1.0472987391298124e-07,4.6961839290151647e-07,1.8285041280198944e-07,2.8041180980545406e-07,4.6752208600283974e-05,0.8954786904950235,56,highpass
1.1033849250864494e-07,4.6961839290151647e-07,1.8285041280198944e-07,2.8041180980545406e-07,4.6752208600283974e-05,0.8971895219672616,56,highpass
1.1033849250864494e-07,4.6961839290151647e-07,1.8285041280198944e-07,2.8041180980545406e-07,4.6752208600283974e-05,0.8971895219672616,56,highpass
1.1033849250864494e-07,4.6961839290151647e-07,1.8285041280198944e-07,2.8041180980545406e-07,4.6752208600283974e-05,0.8971895219672616,56,highpass
1.1033849250864494e-07,4.6961839290151647e-07,1.8285041280198944e-07,2.8041180980545406e-07,4.6752208600283974e-05,0.8971895219672616,56,highpass
1.1033849250864494e-07,4.6961839290151647e-07,1.8285041280198944e-07,2.8041180980545406e-07,4.6752208600283974e-05,0.8971895219672616,56,highpass
1.1033849250864494e-07,4.6961839290151647e-07,1.8285041280198944e-07,2.8041180980545406e-07,4.6752208600283974e-05,0.8971895219672616,56,highpass
1.1033849250864494e-07,4.6961839290151647e-07,1.8285041280198944e-07,2.8041180980545406e-07,4.6752208600283974e-05,0.8971895219672616,56,highpass
1.1033849250864494e-07,4.6961839290151647e-07,2.089865298207532e-07,2.8041180980545406e-07,4.6752208600283974e-05,0.8853032294400565,56,highpass
1.1033849250864494e-07,3.1036559633659364e-07,1.8285041280198944e-07,2.8041180980545406e-07,4.6752208600283974e-05,0.7846198974979234,56,highpass
1.1033849250864494e-07,4.6961839290151647e-07,1.8386919117795608e-07,2.8041180980545406e-07,4.6752208600283974e-05,0.8943537399614683,56,highpass
1.1033849250864494e-07,4.6961839290151647e-07,1.8285041280198944e-07,2.8041180980545406e-07,4.6752208600283974e-05,0.8971895219672616,56,highpass
1.1033849250864494e-07,4.6961839290151647e-07,1.8285041280198944e-07,2.8041180980545406e-07,4.6752208600283974e-05,0.8971895219672616,56,highpass
1.1033849250864494e-07,4.6961839290151647e-07,1.8285041280198944e-07,2.8041180980545406e-07,4.6752208600283974e-05,0.8971895219672616,56,highpass
1.1033849250864494e-07,4.6961839290151647e-07,1.8285041280198944e-07,2.8041180980545406e-07,4.6752208600283974e-05,0.8971895219672616,56,highpass
1.1033849250864494e-07,4.6961839290151647e-07,2.262577331255085e-07,2.8041180980545406e-07,4.6752208600283974e-05,0.873257548898134,56,highpass
1.1033849250864494e-07,4.6961839290151647e-07,1.8285041280198944e-07,2.8041180980545406e-07,4.6752208600283974e-05,0.8971895219672616,56,highpass
1.1033849250864494e-07,4.6961839290151647e-07,1.8285041280198944e-07,2.8041180980545406e-07,4.6752208600283974e-05,0.8971895219672616,56,highpass
1.1033849250864494e-07,4.6961839290151647e-07,1.8285041280198944e-07,2.8041180980545406e-07,4.6752208600283974e-05,0.8971895219672616,56,highpass
1.1033849250864494e-07,4.6961839290151647e-07,1.8285041280198944e-07,2.8041180980545406e-07,4.6752208600283974e-05,0.8971895219672616,56,highpass
1.1033849250864494e-07,4.6961839290151647e-07,1.8285041280198944e-07,2.8041180980545406e-07,4.6752208600283974e-05,0.8971895219672616,56,highpass
1.1033849250864494e-07,4.6961839290151647e-07,1.8285041280198944e-07,2.792944527490564e-07,4.6752208600283974e-05,0.8972004343649247,57,highpass
1.1033849250864494e-07,4.6961839290151647e-07,1.8285041280198944e-07,2.8361835819918114e-07,4.6752208600283974e-05,0.8970607391603524,57,highpass
1.1033849250864494e-07,4.6961839290151647e-07,1.8285041280198944e-07,2.8041180980545406e-07,4.6752208600283974e-05,0.8971895219672616,57,highpass
1.1033849250864494e-07,4.773306314674276e-07,1.8285041280198944e-07,2.8041180980545406e-07,4.6752208600283974e-05,0.8930145009018294,57,highpass
1.1033849250864494e-07,4.6961839290151647e-07,1.8285041280198944e-07,2.8041180980545406e-07,4.6752208600283974e-05,0.8971895219672616,57,highpass
1.1033849250864494e-07,4.6961839290151647e-07,1.88916229331408e-07,2.8041180980545406e-07,4.6752208600283974e-05,0.8916746149997434,57,highpass
1.1033849250864494e-07,4.6961839290151647e-07,1.8285041280198944e-07,2.8041180980545406e-07,4.6752208600283974e-05,0.8971895219672616,57,highpass
1.1033849250864494e-07,4.6961839290151647e-07,1.8285041280198944e-07,2.8041180980545406e-07,4.6752208600283974e-05,0.8971895219672616,57,highpass
1.1033849250864494e-07,4.6961839290151647e-07,1.8285041280198944e-07,2.8041180980545406e-07,4.6752208600283974e-05,0.8971895219672616,57,highpass
1.1033849250864494e-07,4.6961839290151647e-07,1.8285041280198944e-07,2.8041180980545406e-07,4.6752208600283974e-05,0.8971895219672616,57,highpass
1.1033849250864494e-07,4.6961839290151647e-07,1.8285041280198944e-07,2.8041180980545406e-07,4.6752208600283974e-05,0.8971895219672616,57,highpass
1.0551157549053056e-07,4.6961839290151647e-07,1.8285041280198944e-07,2.8041180980545406e-07,4.6752208600283974e-05,0.8945817458909036,57,highpass
1.1033849250864494e-07,4.6961839290151647e-07,1.8285041280198944e-07,2.8041180980545406e-07,4.6752208600283974e-05,0.8971895219672616,57,highpass
1.1033849250864494e-07,4.6961839290151647e-07,1.8285041280198944e-07,2.8041180980545406e-07,4.6752208600283974e-05,0.8971895219672616,57,highpass
1.1033849250864494e-07,4.6961839290151647e-07,1.8285041280198944e-07,2.8041180980545406e-07,4.6752208600283974e-05,0.8971895219672616,57,highpass
1.1033849250864494e-07,4.6961839290151647e-07,1.8285041280198944e-07,2.8041180980545406e-07,4.6752208600283974e-05,0.8971895219672616,57,highpass
1.1033849250864494e-07,4.6961839290151647e-07,1.8285041280198944e-07,2.8041180980545406e-07,4.6752208600283974e-05,0.8971895219672616,57,highpass
1.1033849250864494e-07,4.6961839290151647e-07,1.8285041280198944e-07,2.8041180980545406e-07,4.6752208600283974e-05,0.8971895219672616,57,highpass
1.1033849250864494e-07,4.6961839290151647e-07,1.8285041280198944e-07,2.8041180980545406e-07,4.6752208600283974e-05,0.8971895219672616,57,highpass
1.1033849250864494e-07,4.6961839290151647e-07,1.8285041280198944e-07,2.8041180980545406e-07,4.6752208600283974e-05,0.8971895219672616,57,highpass
1.1033849250864494e-07,4.6961839290151647e-07,1.8285041280198944e-07,2.762729257004251e-07,4.6752208600283974e-05,0.8965731836553169,57,highpass
1.1033849250864494e-07,4.6961839290151647e-07,1.8285041280198944e-07,2.8041180980545406e-07,4.6752208600283974e-05,0.8971895219672616,57,highpass
1.1033849250864494e-07,4.6961839290151647e-07,1.8285041280198944e-07,2.8041180980545406e-07,4.6752208600283974e-05,0.8971895219672616,57,highpass
1.1033849250864494e-07,4.6961839290151647e-07,1.8285041280198944e-07,2.792944527490564e-07,4.6752208600283974e-05,0.8972004343649247,57,highpass
1.1033849250864494e-07,4.6961839290151647e-07,1.8285041280198944e-07,2.8041180980545406e-07,4.6752208600283974e-05,0.8971895219672616,57,highpass
1.1033849250864494e-07,4.6961839290151647e-07,1.8285041280198944e-07,2.792944527490564e-07,4.6752208600283974e-05,0.8972004343649247,57,highpass
1.1033849250864494e-07,4.6961839290151647e-07,1.8285041280198944e-07,2.8041180980545406e-07,4.6752208600283974e-05,0.8971895219672616,57,highpass
1.1033849250864494e-07,4.6961839290151647e-07,1.8285041280198944e-07,2.792944527490564e-07,4.6752208600283974e-05,0.8972004343649247,57,highpass
1.1033849250864494e-07,4.6961839290151647e-07,1.8285041280198944e-07,2.8041180980545406e-07,4.6752208600283974e-05,0.8971895219672616,57,highpass
1.1033849250864494e-07,4.6961839290151647e-07,1.8285041280198944e-07,2.8041180980545406e-07,4.6752208600283974e-05,0.8971895219672616,57,highpass
1.1033849250864494e-07,4.6961839290151647e-07,1.8285041280198944e-07,2.8041180980545406e-07,4.6752208600283974e-05,0.8971895219672616,57,highpass
1.1033849250864494e-07,4.6961839290151647e-07,1.8285041280198944e-07,2.8041180980545406e-07,4.6752208600283974e-05,0.8971895219672616,57,highpass
1.1033849250864494e-07,4.6961839290151647e-07,1.8285041280198944e-07,2.8041180980545406e-07,4.6752208600283974e-05,0.8971895219672616,57,highpass
1.1033849250864494e-07,4.6961839290151647e-07,1.8285041280198944e-07,2.8041180980545406e-07,4.6752208600283974e-05,0.8971895219672616,57,highpass
1.5478607844459625e-07,4.6961839290151647e-07,1.8285041280198944e-07,2.8041180980545406e-07,4.6752208600283974e-05,0.8734960630188476,57,highpass
1.1033849250864494e-07,4.6961839290151647e-07,1.8285041280198944e-07,2.8041180980545406e-07,4.6752208600283974e-05,0.8971895219672616,57,highpass
1.1033849250864494e-07,4.6961839290151647e-07,1.8285041280198944e-07,2.8041180980545406e-07,4.6752208600283974e-05,0.8971895219672616,57,highpass
1.1033849250864494e-07,4.6961839290151647e-07,1.8285041280198944e-07,2.8041180980545406e-07,4.6752208600283974e-05,0.8971895219672616,57,highpass
1.1033849250864494e-07,4.6961839290151647e-07,1.8285041280198944e-07,2.8041180980545406e-07,4.6752208600283974e-05,0.8971895219672616,57,highpass
1.1033849250864494e-07,4.6961839290151647e-07,1.8285041280198944e-07,2.792944527490564e-07,4.6752208600283974e-05,0.8972004343649247,57,highpass
1.1033849250864494e-07,4.6961839290151647e-07,1.8285041280198944e-07,2.792944527490564e-07,4.6752208600283974e-05,0.8972004343649247,58,highpass
1.1033849250864494e-07,4.6961839290151647e-07,1.8285041280198944e-07,2.8041180980545406e-07,4.6752208600283974e-05,0.8971895219672616,58,highpass
1.1033849250864494e-07,4.6961839290151647e-07,1.8285041280198944e-07,2.792944527490564e-07,4.6752208600283974e-05,0.8972004343649247,58,highpass
1.1033849250864494e-07,4.6961839290151647e-07,1.8285041280198944e-07,2.792944527490564e-07,4.6752208600283974e-05,0.8972004343649247,58,highpass
1.1033849250864494e-07,4.6961839290151647e-07,1.8285041280198944e-07,2.792944527490564e-07,4.6752208600283974e-05,0.8972004343649247,58,highpass
1.1033849250864494e-07,4.6961839290151647e-07,1.8285041280198944e-07,2.792944527490564e-07,4.6752208600283974e-05,0.8972004343649247,58,highpass
1.1033849250864494e-07,4.6961839290151647e-07,1.8285041280198944e-07,2.792944527490564e-07,4.6752208600283974e-05,0.8972004343649247,58,highpass
1.1033849250864494e-07,4.6961839290151647e-07,1.793098146770147e-07,2.792944527490564e-07,4.6752208600283974e-05,0.8941634010696132,58,highpass
1.1033849250864494e-07,4.7242877811777333e-07,1.8285041280198944e-07,2.8041180980545406e-07,4.6752208600283974e-05,0.897142554004909,58,highpass
1.1033849250864494e-07,4.6961839290151647e-07,1.8285041280198944e-07,2.8041180980545406e-07,4.6752208600283974e-05,0.8971895219672616,58,highpass
1.1033849250864494e-07,4.6961839290151647e-07,1.8285041280198944e-07,2.792944527490564e-07,4.6752208600283974e-05,0.8972004343649247,58,highpass
1.1033849250864494e-07,4.6961839290151647e-07,1.8285041280198944e-07,2.792944527490564e-07,4.6752208600283974e-05,0.8972004343649247,58,highpass
1.1033849250864494e-07,4.6961839290151647e-07,1.8285041280198944e-07,2.792944527490564e-07,4.6752208600283974e-05,0.8972004343649247,58,highpass
1.1033849250864494e-07,4.6961839290151647e-07,1.8285041280198944e-07,2.792944527490564e-07,4.6752208600283974e-05,0.8972004343649247,58,highpass
1.1033849250864494e-07,4.6961839290151647e-07,1.8285041280198944e-07,2.792944527490564e-07,4.6752208600283974e-05,0.8972004343649247,58,highpass
1.1033849250864494e-07,4.6961839290151647e-07,1.8285041280198944e-07,2.792944527490564e-07,4.6752208600283974e-05,0.8972004343649247,58,highpass
1.1033849250864494e-07,4.6961839290151647e-07,1.8285041280198944e-07,2.8041180980545406e-07,4.375463876196921e-05,0.8925283243878248,58,highpass
1.1033849250864494e-07,4.6961839290151647e-07,1.8285041280198944e-07,2.792944527490564e-07,4.6752208600283974e-05,0.8972004343649247,58,highpass
1.1033849250864494e-07,4.6961839290151647e-07,1.8285041280198944e-07,2.792944527490564e-07,4.6752208600283974e-05,0.8972004343649247,58,highpass
1.1033849250864494e-07,4.6961839290151647e-07,1.8285041280198944e-07,2.8041180980545406e-07,4.6752208600283974e-05,0.8971895219672616,58,highpass
1.1033849250864494e-07,4.6961839290151647e-07,1.8285041280198944e-07,2.792944527490564e-07,4.6752208600283974e-05,0.8972004343649247,58,highpass
1.625385145519372e-07,4.6961839290151647e-07,1.8285041280198944e-07,2.8041180980545406e-07,4.6752208600283974e-05,0.8630180580565743,58,highpass
1.1033849250864494e-07,4.6961839290151647e-07,1.8285041280198944e-07,2.8041180980545406e-07,4.6752208600283974e-05,0.8971895219672616,58,highpass
1.1033849250864494e-07,4.6961839290151647e-07,1.8285041280198944e-07,2.8041180980545406e-07,4.503972909869336e-05,0.8923338350666087,58,highpass
1.1033849250864494e-07,4.6961839290151647e-07,1.8285041280198944e-07,2.792944527490564e-07,4.6752208600283974e-05,0.8972004343649247,58,highpass
1.1033849250864494e-07,4.6961839290151647e-07,1.8285041280198944e-07,2.792944527490564e-07,4.6752208600283974e-05,0.8972004343649247,58,highpass
1.1033849250864494e-07,4.6961839290151647e-07,1.8285041280198944e-07,2.792944527490564e-07,4.649823348705973e-05,0.8923281555789074,58,highpass
1.1033849250864494e-07,4.6961839290151647e-07,1.8285041280198944e-07,2.792944527490564e-07,4.6752208600283974e-05,0.8972004343649247,58,highpass
1.1033849250864494e-07,4.6961839290151647e-07,1.8285041280198944e-07,2.8041180980545406e-07,4.6752208600283974e-05,0.8971895219672616,58,highpass
1.1033849250864494e-07,4.6961839290151647e-07,1.8285041280198944e-07,2.792944527490564e-07,4.6752208600283974e-05,0.8972004343649247,58,highpass
1.1033849250864494e-07,4.6961839290151647e-07,1.8285041280198944e-07,2.792944527490564e-07,4.6752208600283974e-05,0.8972004343649247,58,highpass
1.1033849250864494e-07,4.6961839290151647e-07,1.0250639751111893e-07,2.792944527490564e-07,4.6752208600283974e-05,0.8148016931139109,58,highpass
1.1033849250864494e-07,4.6961839290151647e-07,1.8285041280198944e-07,2.792944527490564e-07,4.6752208600283974e-05,0.8972004343649247,58,highpass
1.1033849250864494e-07,4.0353622496887873e-07,1.8285041280198944e-07,2.792944527490564e-07,4.6752208600283974e-05,0.8788407543686112,58,highpass
1.1033849250864494e-07,4.6961839290151647e-07,1.8285041280198944e-07,2.8041180980545406e-07,4.6752208600283974e-05,0.8971895219672616,58,highpass
1.1033849250864494e-07,4.6961839290151647e-07,1.8285041280198944e-07,2.792944527490564e-07,4.6752208600283974e-05,0.8972004343649247,58,highpass
1.1033849250864494e-07,4.6961839290151647e-07,1.8285041280198944e-07,2.8041180980545406e-07,4.6752208600283974e-05,0.8971895219672616,58,highpass
1.1033849250864494e-07,4.6961839290151647e-07,1.8285041280198944e-07,2.8041180980545406e-07,4.6752208600283974e-05,0.8971895219672616,58,highpass
1.1033849250864494e-07,4.6961839290151647e-07,1.8285041280198944e-07,2.8041180980545406e-07,4.6752208600283974e-05,0.8971895219672616,58,highpass
1.1033849250864494e-07,5.970343335794009e-07,1.8285041280198944e-07,2.792944527490564e-07,4.6752208600283974e-05,0.8338284251590586,58,highpass
1.1033849250864494e-07,4.6961839290151647e-07,1.8285041280198944e-07,2.792944527490564e-07,4.6752208600283974e-05,0.8972004343649247,59,highpass
1.1033849250864494e-07,4.6961839290151647e-07,1.8285041280198944e-07,2.792944527490564e-07,4.6752208600283974e-05,0.8972004343649247,59,highpass
1.1033849250864494e-07,4.6961839290151647e-07,1.8285041280198944e-07,2.792944527490564e-07,4.6752208600283974e-05,0.8972004343649247,59,highpass
1.1033849250864494e-07,6.830601941766384e-07,1.8285041280198944e-07,2.792944527490564e-07,4.6752208600283974e-05,0.758172075338224,59,highpass
1.1033849250864494e-07,4.6961839290151647e-07,1.8285041280198944e-07,2.792944527490564e-07,4.6752208600283974e-05,0.8972004343649247,59,highpass
1.1033849250864494e-07,4.6961839290151647e-07,1.8285041280198944e-07,2.8041180980545406e-07,4.6752208600283974e-05,0.8971895219672616,59,highpass
1.1033849250864494e-07,3.121629337706827e-07,1.8285041280198944e-07,2.792944527490564e-07,4.6752208600283974e-05,0.7857304222701316,59,highpass
1.1033849250864494e-07,4.6961839290151647e-07,1.8285041280198944e-07,2.792944527490564e-07,4.6752208600283974e-05,0.8972004343649247,59,highpass
1.1033849250864494e-07,5.697866725622773e-07,1.8285041280198944e-07,2.792944527490564e-07,4.6752208600283974e-05,0.8475451882430095,59,highpass
1.1033849250864494e-07,4.6961839290151647e-07,1.8285041280198944e-07,2.792944527490564e-07,4.6752208600283974e-05,0.8972004343649247,59,highpass
1.1033849250864494e-07,4.6961839290151647e-07,1.8285041280198944e-07,2.792944527490564e-07,4.6752208600283974e-05,0.8972004343649247,59,highpass
1.1033849250864494e-07,4.6961839290151647e-07,1.8285041280198944e-07,2.792944527490564e-07,4.6752208600283974e-05,0.8972004343649247,59,highpass
1.1033849250864494e-07,4.6961839290151647e-07,1.8285041280198944e-07,2.792944527490564e-07,4.6752208600283974e-05,0.8972004343649247,59,highpass
1.2909389851219704e-07,4.6961839290151647e-07,1.8285041280198944e-07,2.792944527490564e-07,4.6752208600283974e-05,0.8840660846281172,59,highpass
1.1033849250864494e-07,4.6961839290151647e-07,1.8229693309038729e-07,2.792944527490564e-07,4.6752208600283974e-05,0.8944178966456626,59,highpass
1.1033849250864494e-07,4.6961839290151647e-07,1.8285041280198944e-07,2.792944527490564e-07,4.6752208600283974e-05,0.8972004343649247,59,highpass
1.1033849250864494e-07,4.6961839290151647e-07,1.8285041280198944e-07,2.792944527490564e-07,4.6752208600283974e-05,0.8972004343649247,59,highpass
1.1033849250864494e-07,4.6961839290151647e-07,1.8285041280198944e-07,2.792944527490564e-07,4.077575254640413e-05,0.8962094396814678,59,highpass
1.1033849250864494e-07,4.6961839290151647e-07,1.8285041280198944e-07,2.792944527490564e-07,4.6752208600283974e-05,0.8972004343649247,59,highpass
1.1033849250864494e-07,4.6961839290151647e-07,1.8285041280198944e-07,2.792944527490564e-07,4.6752208600283974e-05,0.8972004343649247,59,highpass
1.1033849250864494e-07,4.6961839290151647e-07,1.8285041280198944e-07,2.792944527490564e-07,4.6752208600283974e-05,0.8972004343649247,59,highpass
1.1033849250864494e-07,4.6961839290151647e-07,1.8285041280198944e-07,2.792944527490564e-07,4.6752208600283974e-05,0.8972004343649247,59,highpass
1.1033849250864494e-07,4.6961839290151647e-07,1.8285041280198944e-07,2.792944527490564e-07,4.6752208600283974e-05,0.8972004343649247,59,highpass
1.1033849250864494e-07,4.6961839290151647e-07,1.8285041280198944e-07,2.792944527490564e-07,4.6752208600283974e-05,0.8972004343649247,59,highpass
1.1033849250864494e-07,4.6961839290151647e-07,1.8285041280198944e-07,2.792944527490564e-07,4.6752208600283974e-05,0.8972004343649247,59,highpass
1.1033849250864494e-07,4.6961839290151647e-07,1.8285041280198944e-07,2.792944527490564e-07,4.589228396423327e-05,0.8923748445071588,59,highpass
1.1033849250864494e-07,4.6961839290151647e-07,1.8285041280198944e-07,2.792944527490564e-07,4.6752208600283974e-05,0.8972004343649247,59,highpass
1.1033849250864494e-07,4.6961839290151647e-07,1.8285041280198944e-07,2.792944527490564e-07,4.6752208600283974e-05,0.8972004343649247,59,highpass
1.1033849250864494e-07,4.6961839290151647e-07,1.8285041280198944e-07,2.792944527490564e-07,4.6752208600283974e-05,0.8972004343649247,59,highpass
1.1033849250864494e-07,4.6961839290151647e-07,1.8285041280198944e-07,2.792944527490564e-07,4.6752208600283974e-05,0.8972004343649247,59,highpass
1.1033849250864494e-07,4.6961839290151647e-07,1.8285041280198944e-07,2.792944527490564e-07,4.6752208600283974e-05,0.8972004343649247,59,highpass
2.1716508006591954e-07,4.6961839290151647e-07,1.8285041280198944e-07,2.792944527490564e-07,4.6752208600283974e-05,0.7646172639521006,59,highpass
1.1033849250864494e-07,4.6961839290151647e-07,1.8285041280198944e-07,2.792944527490564e-07,4.6752208600283974e-05,0.8972004343649247,59,highpass
1.1033849250864494e-07,4.6961839290151647e-07,1.8285041280198944e-07,2.792944527490564e-07,4.6752208600283974e-05,0.8972004343649247,59,highpass
1.1033849250864494e-07,4.6961839290151647e-07,1.8285041280198944e-07,2.942696228549024e-07,4.6752208600283974e-05,0.8928776969877213,59,highpass
1.1033849250864494e-07,4.6961839290151647e-07,1.8285041280198944e-07,2.792944527490564e-07,4.6752208600283974e-05,0.8972004343649247,59,highpass
1.1033849250864494e-07,4.6961839290151647e-07,1.8285041280198944e-07,2.792944527490564e-07,4.6752208600283974e-05,0.8972004343649247,59,highpass
1.1033849250864494e-07,4.6961839290151647e-07,1.8285041280198944e-07,2.792944527490564e-07,4.6752208600283974e-05,0.8972004343649247,59,highpass
1.1033849250864494e-07,4.6961839290151647e-07,1.8285041280198944e-07,2.792944527490564e-07,4.6752208600283974e-05,0.8972004343649247,59,highpass
1.1033849250864494e-07,4.6961839290151647e-07,1.8285041280198944e-07,2.792944527490564e-07,4.6752208600283974e-05,0.8972004343649247,59,highpass
1.1033849250864494e-07,4.6961839290151647e-07,1.8285041280198944e-07,2.792944527490564e-07,4.6752208600283974e-05,0.8972004343649247,60,highpass
1.1033849250864494e-07,4.6961839290151647e-07,1.8285041280198944e-07,2.3616702374156517e-07,4.6752208600283974e-05,0.8889857921553069,60,highpass
1.1033849250864494e-07,4.6961839290151647e-07,1.8285041280198944e-07,2.792944527490564e-07,4.6752208600283974e-05,0.8972004343649247,60,highpass
1.1033849250864494e-07,4.6961839290151647e-07,1.8285041280198944e-07,2.792944527490564e-07,4.6752208600283974e-05,0.8972004343649247,60,highpass
1.1033849250864494e-07,4.6961839290151647e-07,1.8285041280198944e-07,2.792944527490564e-07,4.6752208600283974e-05,0.8972004343649247,60,highpass
1.1033849250864494e-07,4.6961839290151647e-07,1.2952436842109902e-07,2.792944527490564e-07,4.6752208600283974e-05,0.8516444123677281,60,highpass
1.1033849250864494e-07,4.6961839290151647e-07,1.8285041280198944e-07,2.792944527490564e-07,4.6752208600283974e-05,0.8972004343649247,60,highpass
1.1033849250864494e-07,4.6961839290151647e-07,1.8285041280198944e-07,2.792944527490564e-07,4.6752208600283974e-05,0.8972004343649247,60,highpass
1.1033849250864494e-07,4.6961839290151647e-07,1.8285041280198944e-07,2.792944527490564e-07,4.6752208600283974e-05,0.8972004343649247,60,highpass
1.1033849250864494e-07,4.6961839290151647e-07,1.8285041280198944e-07,2.792944527490564e-07,4.6752208600283974e-05,0.8972004343649247,60,highpass
1.1033849250864494e-07,4.6961839290151647e-07,1.8285041280198944e-07,2.792944527490564e-07,4.6752208600283974e-05,0.8972004343649247,60,highpass
1.1033849250864494e-07,4.6961839290151647e-07,1.8285041280198944e-07,2.792944527490564e-07,4.6752208600283974e-05,0.8972004343649247,60,highpass
1.1033849250864494e-07,4.6961839290151647e-07,1.8285041280198944e-07,2.792944527490564e-07,4.6752208600283974e-05,0.8972004343649247,60,highpass
1.1033849250864494e-07,4.6961839290151647e-07,1.8285041280198944e-07,2.792944527490564e-07,4.6752208600283974e-05,0.8972004343649247,60,highpass
1.1033849250864494e-07,4.6961839290151647e-07,1.8285041280198944e-07,2.792944527490564e-07,4.6752208600283974e-05,0.8972004343649247,60,highpass
1.1033849250864494e-07,4.6961839290151647e-07,1.8285041280198944e-07,2.792944527490564e-07,4.6752208600283974e-05,0.8972004343649247,60,highpass
1.1033849250864494e-07,4.6961839290151647e-07,1.8285041280198944e-07,2.792944527490564e-07,4.6752208600283974e-05,0.8972004343649247,60,highpass
1.1033849250864494e-07,4.6961839290151647e-07,1.8285041280198944e-07,2.792944527490564e-07,4.6752208600283974e-05,0.8972004343649247,60,highpass
1.1033849250864494e-07,4.6961839290151647e-07,1.8285041280198944e-07,2.792944527490564e-07,4.6752208600283974e-05,0.8972004343649247,60,highpass
1.1033849250864494e-07,4.6961839290151647e-07,1.8285041280198944e-07,2.792944527490564e-07,4.6752208600283974e-05,0.8972004343649247,60,highpass
1.1033849250864494e-07,4.6961839290151647e-07,1.8285041280198944e-07,2.792944527490564e-07,4.6752208600283974e-05,0.8972004343649247,60,highpass
1.1033849250864494e-07,4.6961839290151647e-07,1.8285041280198944e-07,2.792944527490564e-07,4.6752208600283974e-05,0.8972004343649247,60,highpass
1.1033849250864494e-07,4.6961839290151647e-07,1.8285041280198944e-07,2.792944527490564e-07,4.6752208600283974e-05,0.8972004343649247,60,highpass
1.1033849250864494e-07,4.6961839290151647e-07,1.8285041280198944e-07,2.792944527490564e-07,4.6752208600283974e-05,0.8972004343649247,60,highpass
1.1033849250864494e-07,4.6961839290151647e-07,1.8285041280198944e-07,2.792944527490564e-07,4.6752208600283974e-05,0.8972004343649247,60,highpass
1.1033849250864494e-07,4.6961839290151647e-07,1.8285041280198944e-07,2.792944527490564e-07,4.6752208600283974e-05,0.8972004343649247,60,highpass
1.1033849250864494e-07,4.6961839290151647e-07,1.8285041280198944e-07,2.792944527490564e-07,4.6752208600283974e-05,0.8972004343649247,60,highpass
1.1033849250864494e-07,4.6961839290151647e-07,1.8285041280198944e-07,2.792944527490564e-07,4.6752208600283974e-05,0.8972004343649247,60,highpass
1.1033849250864494e-07,4.6961839290151647e-07,1.8285041280198944e-07,2.792944527490564e-07,4.6752208600283974e-05,0.8972004343649247,60,highpass
1.1033849250864494e-07,4.6961839290151647e-07,1.8285041280198944e-07,2.792944527490564e-07,4.6752208600283974e-05,0.8972004343649247,60,highpass
1.1033849250864494e-07,4.6961839290151647e-07,1.8285041280198944e-07,2.792944527490564e-07,4.6752208600283974e-05,0.8972004343649247,60,highpass
1.1033849250864494e-07,4.6961839290151647e-07,1.8285041280198944e-07,2.792944527490564e-07,4.6752208600283974e-05,0.8972004343649247,60,highpass
1.1033849250864494e-07,4.6961839290151647e-07,1.8285041280198944e-07,2.792944527490564e-07,4.6752208600283974e-05,0.8972004343649247,60,highpass
1.1033849250864494e-07,4.6961839290151647e-07,1.8285041280198944e-07,2.792944527490564e-07,4.6752208600283974e-05,0.8972004343649247,60,highpass
1.1033849250864494e-07,4.6961839290151647e-07,1.8285041280198944e-07,2.792944527490564e-07,4.647868880850684e-05,0.8923326463366343,60,highpass
1.1033849250864494e-07,4.6961839290151647e-07,1.8285041280198944e-07,2.792944527490564e-07,4.6752208600283974e-05,0.8972004343649247,60,highpass
1.1033849250864494e-07,4.66650032238894e-07,1.8285041280198944e-07,2.792944527490564e-07,4.6752208600283974e-05,0.8971002356008669,60,highpass
1.1033849250864494e-07,4.6961839290151647e-07,1.8285041280198944e-07,2.792944527490564e-07,4.6752208600283974e-05,0.8972004343649247,60,highpass
1.1033849250864494e-07,4.6961839290151647e-07,1.8285041280198944e-07,2.792944527490564e-07,4.6752208600283974e-05,0.8972004343649247,60,highpass
1.1033849250864494e-07,4.6961839290151647e-07,1.8285041280198944e-07,2.792944527490564e-07,4.6752208600283974e-05,0.8972004343649247,60,highpass
1.1033849250864494e-07,4.6961839290151647e-07,1.8285041280198944e-07,2.792944527490564e-07,4.6752208600283974e-05,0.8972004343649247,61,highpass
1.1033849250864494e-07,4.6961839290151647e-07,1.8285041280198944e-07,2.792944527490564e-07,4.6752208600283974e-05,0.8972004343649247,61,highpass
1.1033849250864494e-07,4.6961839290151647e-07,1.8285041280198944e-07,2.792944527490564e-07,4.6752208600283974e-05,0.8972004343649247,61,highpass
1.1033849250864494e-07,6.278833770946733e-07,1.8285041280198944e-07,2.792944527490564e-07,4.6752208600283974e-05,0.8242789231023436,61,highpass
1.1033849250864494e-07,4.6961839290151647e-07,1.8285041280198944e-07,2.792944527490564e-07,4.6752208600283974e-05,0.8972004343649247,61,highpass
1.1033849250864494e-07,4.6961839290151647e-07,1.8285041280198944e-07,2.792944527490564e-07,4.6752208600283974e-05,0.8972004343649247,61,highpass
1.1033849250864494e-07,4.6961839290151647e-07,1.8285041280198944e-07,2.792944527490564e-07,4.6752208600283974e-05,0.8972004343649247,61,highpass
1.1033849250864494e-07,4.6961839290151647e-07,1.8285041280198944e-07,2.792944527490564e-07,4.6752208600283974e-05,0.8972004343649247,61,highpass
1.1033849250864494e-07,4.6961839290151647e-07,1.8285041280198944e-07,2.792944527490564e-07,4.6752208600283974e-05,0.8972004343649247,61,highpass
1.1033849250864494e-07,4.6961839290151647e-07,1.8285041280198944e-07,2.792944527490564e-07,4.6752208600283974e-05,0.8972004343649247,61,highpass
1.1033849250864494e-07,4.6961839290151647e-07,1.8285041280198944e-07,2.792944527490564e-07,4.6752208600283974e-05,0.8972004343649247,61,highpass
1.1033849250864494e-07,4.6961839290151647e-07,1.8285041280198944e-07,2.792944527490564e-07,4.6752208600283974e-05,0.8972004343649247,61,highpass
1.0389867388132154e-07,4.6961839290151647e-07,1.8285041280198944e-07,2.792944527490564e-07,4.6752208600283974e-05,0.8940268209999341,61,highpass
1.1033849250864494e-07,4.6961839290151647e-07,1.8285041280198944e-07,2.792944527490564e-07,4.6752208600283974e-05,0.8972004343649247,61,highpass
1.1033849250864494e-07,4.6961839290151647e-07,1.8285041280198944e-07,2.792944527490564e-07,4.6752208600283974e-05,0.8972004343649247,61,highpass
1.1033849250864494e-07,4.6961839290151647e-07,1.8285041280198944e-07,2.792944527490564e-07,4.6752208600283974e-05,0.8972004343649247,61,highpass
1.1033849250864494e-07,4.6961839290151647e-07,1.8285041280198944e-07,2.792944527490564e-07,4.6752208600283974e-05,0.8972004343649247,61,highpass
1.1033849250864494e-07,4.6961839290151647e-07,1.8285041280198944e-07,2.792944527490564e-07,4.6752208600283974e-05,0.8972004343649247,61,highpass
1.1033849250864494e-07,4.6961839290151647e-07,1.8441190635746474e-07,2.792944527490564e-07,4.6752208600283974e-05,0.894468687831986,61,highpass
1.1033849250864494e-07,4.6961839290151647e-07,1.8285041280198944e-07,2.792944527490564e-07,4.6752208600283974e-05,0.8972004343649247,61,highpass
1.1033849250864494e-07,4.6961839290151647e-07,1.8285041280198944e-07,2.792944527490564e-07,4.6752208600283974e-05,0.8972004343649247,61,highpass
1.1033849250864494e-07,4.6961839290151647e-07,1.8285041280198944e-07,2.792944527490564e-07,4.6752208600283974e-05,0.8972004343649247,61,highpass
1.1033849250864494e-07,4.6961839290151647e-07,1.8285041280198944e-07,2.792944527490564e-07,4.6752208600283974e-05,0.8972004343649247,61,highpass
1.1033849250864494e-07,4.6961839290151647e-07,1.8285041280198944e-07,2.792944527490564e-07,4.6752208600283974e-05,0.8972004343649247,61,highpass
1.1033849250864494e-07,4.6961839290151647e-07,1.8285041280198944e-07,2.792944527490564e-07,4.6752208600283974e-05,0.8972004343649247,61,highpass
1.1033849250864494e-07,4.6961839290151647e-07,1.8285041280198944e-07,2.792944527490564e-07,4.6752208600283974e-05,0.8972004343649247,61,highpass
1.1033849250864494e-07,4.6961839290151647e-07,1.8285041280198944e-07,2.792944527490564e-07,4.6752208600283974e-05,0.8972004343649247,61,highpass
1.1033849250864494e-07,4.6961839290151647e-07,1.8285041280198944e-07,2.792944527490564e-07,4.6752208600283974e-05,0.8972004343649247,61,highpass
1.1033849250864494e-07,4.6961839290151647e-07,1.8285041280198944e-07,2.792944527490564e-07,4.6752208600283974e-05,0.8972004343649247,61,highpass
1.1033849250864494e-07,4.6961839290151647e-07,1.8285041280198944e-07,2.792944527490564e-07,4.6752208600283974e-05,0.8972004343649247,61,highpass
1.1033849250864494e-07,4.6961839290151647e-07,1.8285041280198944e-07,2.792944527490564e-07,4.6752208600283974e-05,0.8972004343649247,61,highpass
1.1033849250864494e-07,4.6961839290151647e-07,1.8285041280198944e-07,2.792944527490564e-07,4.6752208600283974e-05,0.8972004343649247,61,highpass
1.1033849250864494e-07,4.6961839290151647e-07,1.8285041280198944e-07,2.792944527490564e-07,4.6752208600283974e-05,0.8972004343649247,61,highpass
1.1033849250864494e-07,4.6961839290151647e-07,1.8281690171942555e-07,2.792944527490564e-07,4.6752208600283974e-05,0.8972004343649247,61,highpass
1.1033849250864494e-07,3.8384091123043626e-07,1.8285041280198944e-07,2.792944527490564e-07,4.6752208600283974e-05,0.8543123731542183,61,highpass
1.1033849250864494e-07,4.6961839290151647e-07,1.8285041280198944e-07,2.792944527490564e-07,4.6752208600283974e-05,0.8972004343649247,61,highpass
1.1033849250864494e-07,4.6961839290151647e-07,1.8285041280198944e-07,2.792944527490564e-07,4.6752208600283974e-05,0.8972004343649247,61,highpass
2.438320425422809e-07,4.6961839290151647e-07,1.8285041280198944e-07,2.792944527490564e-07,4.6752208600283974e-05,0.7059023176536492,61,highpass
1.1033849250864494e-07,5.350714631595254e-07,1.8285041280198944e-07,2.792944527490564e-07,4.6752208600283974e-05,0.8678553341517716,61,highpass
1.0506469570117202e-07,4.6961839290151647e-07,1.8285041280198944e-07,2.792944527490564e-07,4.6752208600283974e-05,0.894735992141073,61,highpass
1.1033849250864494e-07,4.6961839290151647e-07,1.8285041280198944e-07,2.792944527490564e-07,4.6752208600283974e-05,0.8972004343649247,62,highpass
1.1033849250864494e-07,4.6961839290151647e-07,1.8285041280198944e-07,2.792944527490564e-07,4.6752208600283974e-05,0.8972004343649247,62,highpass
1.1033849250864494e-07,4.6961839290151647e-07,1.8285041280198944e-07,2.792944527490564e-07,4.6752208600283974e-05,0.8972004343649247,62,highpass
1.1033849250864494e-07,4.6961839290151647e-07,1.8285041280198944e-07,2.792944527490564e-07,4.6752208600283974e-05,0.8972004343649247,62,highpass
1.1033849250864494e-07,4.6961839290151647e-07,1.8285041280198944e-07,2.792944527490564e-07,4.5629885058102036e-05,0.8923663336262324,62,highpass
1.1033849250864494e-07,4.6961839290151647e-07,1.8285041280198944e-07,2.861828654382116e-07,4.6752208600283974e-05,0.8968294490180332,62,highpass
1.1033849250864494e-07,4.6961839290151647e-07,1.8285041280198944e-07,2.792944527490564e-07,4.6752208600283974e-05,0.8972004343649247,62,highpass
1.1033849250864494e-07,4.6961839290151647e-07,1.8285041280198944e-07,2.792944527490564e-07,4.6752208600283974e-05,0.8972004343649247,62,highpass
1.1033849250864494e-07,4.6961839290151647e-07,1.8285041280198944e-07,2.792944527490564e-07,4.6752208600283974e-05,0.8972004343649247,62,highpass
1.1033849250864494e-07,4.6700704692343826e-07,1.8285041280198944e-07,2.792944527490564e-07,4.6752208600283974e-05,0.8971161949274972,62,highpass
1.1033849250864494e-07,4.6961839290151647e-07,1.8285041280198944e-07,2.792944527490564e-07,4.6752208600283974e-05,0.8972004343649247,62,highpass
1.1033849250864494e-07,4.6961839290151647e-07,1.8285041280198944e-07,2.792944527490564e-07,4.6752208600283974e-05,0.8972004343649247,62,highpass
1.1033849250864494e-07,4.5141031214891994e-07,1.8285041280198944e-07,2.792944527490564e-07,4.6752208600283974e-05,0.8964924404306907,62,highpass
1.1033849250864494e-07,4.6961839290151647e-07,1.8285041280198944e-07,2.792944527490564e-07,4.6752208600283974e-05,0.8972004343649247,62,highpass
1.1033849250864494e-07,4.6961839290151647e-07,1.8281690171942555e-07,2.792944527490564e-07,4.6752208600283974e-05,0.8972004343649247,62,highpass
1.1033849250864494e-07,4.6961839290151647e-07,1.7785489340235776e-07,2.792944527490564e-07,4.6752208600283974e-05,0.8949486260560413,62,highpass
1.1033849250864494e-07,4.6961839290151647e-07,1.8285041280198944e-07,2.792944527490564e-07,4.6752208600283974e-05,0.8972004343649247,62,highpass
1.1033849250864494e-07,4.6961839290151647e-07,1.8285041280198944e-07,2.792944527490564e-07,4.6752208600283974e-05,0.8972004343649247,62,highpass
1.1033849250864494e-07,4.6961839290151647e-07,1.8285041280198944e-07,2.792944527490564e-07,4.6752208600283974e-05,0.8972004343649247,62,highpass
1.1033849250864494e-07,4.6961839290151647e-07,1.8285041280198944e-07,2.792944527490564e-07,4.6752208600283974e-05,0.8972004343649247,62,highpass
1.1033849250864494e-07,4.6961839290151647e-07,1.8285041280198944e-07,2.792944527490564e-07,4.6752208600283974e-05,0.8972004343649247,62,highpass
1.1033849250864494e-07,4.6961839290151647e-07,1.8285041280198944e-07,2.792944527490564e-07,4.6752208600283974e-05,0.8972004343649247,62,highpass
1.1033849250864494e-07,4.6961839290151647e-07,1.8285041280198944e-07,2.792944527490564e-07,4.6752208600283974e-05,0.8972004343649247,62,highpass
1.1033849250864494e-07,4.6961839290151647e-07,1.8285041280198944e-07,2.792944527490564e-07,4.6752208600283974e-05,0.8972004343649247,62,highpass
1.1033849250864494e-07,4.6961839290151647e-07,1.8285041280198944e-07,2.792944527490564e-07,4.6752208600283974e-05,0.8972004343649247,62,highpass
1.1033849250864494e-07,4.6961839290151647e-07,1.8285041280198944e-07,2.792944527490564e-07,4.6752208600283974e-05,0.8972004343649247,62,highpass
1.1033849250864494e-07,4.6961839290151647e-07,1.8285041280198944e-07,2.792944527490564e-07,4.6752208600283974e-05,0.8972004343649247,62,highpass
1.1033849250864494e-07,4.6961839290151647e-07,1.8285041280198944e-07,2.792944527490564e-07,4.6752208600283974e-05,0.8972004343649247,62,highpass
1.1033849250864494e-07,4.6961839290151647e-07,1.8285041280198944e-07,2.792944527490564e-07,4.6752208600283974e-05,0.8972004343649247,62,highpass
1.1033849250864494e-07,4.6961839290151647e-07,1.8285041280198944e-07,2.792944527490564e-07,4.6752208600283974e-05,0.8972004343649247,62,highpass
1.1033849250864494e-07,4.6961839290151647e-07,1.8285041280198944e-07,2.792944527490564e-07,4.6752208600283974e-05,0.8972004343649247,62,highpass
1.1033849250864494e-07,4.6961839290151647e-07,1.8285041280198944e-07,2.792944527490564e-07,4.6752208600283974e-05,0.8972004343649247,62,highpass
1.1033849250864494e-07,4.6961839290151647e-07,1.8285041280198944e-07,2.792944527490564e-07,4.6752208600283974e-05,0.8972004343649247,62,highpass
1.8207711439247646e-07,4.6961839290151647e-07,1.8285041280198944e-07,2.792944527490564e-07,4.6752208600283974e-05,0.8410721574834233,62,highpass
1.1033849250864494e-07,4.6961839290151647e-07,1.8285041280198944e-07,2.792944527490564e-07,4.6752208600283974e-05,0.8972004343649247,62,highpass
2.4206198913403513e-07,4.6961839290151647e-07,1.8285041280198944e-07,2.792944527490564e-07,4.6752208600283974e-05,0.7087197660393068,62,highpass
1.1033849250864494e-07,4.6961839290151647e-07,1.8285041280198944e-07,2.792944527490564e-07,4.6752208600283974e-05,0.8972004343649247,62,highpass
1.1033849250864494e-07,4.6961839290151647e-07,1.8285041280198944e-07,2.792944527490564e-07,4.6752208600283974e-05,0.8972004343649247,62,highpass
1.1033849250864494e-07,4.6961839290151647e-07,1.8285041280198944e-07,2.792944527490564e-07,4.6752208600283974e-05,0.8972004343649247,62,highpass
1.1033849250864494e-07,4.6961839290151647e-07,1.8285041280198944e-07,2.830142546288873e-07,4.6752208600283974e-05,0.8970958703263282,62,highpass
1.1033849250864494e-07,4.6961839290151647e-07,1.8285041280198944e-07,2.792944527490564e-07,4.6752208600283974e-05,0.8972004343649247,63,highpass
1.1033849250864494e-07,4.6961839290151647e-07,1.8285041280198944e-07,2.792944527490564e-07,4.6752208600283974e-05,0.8972004343649247,63,highpass
1.1033849250864494e-07,4.6961839290151647e-07,1.8281690171942555e-07,2.792944527490564e-07,4.6752208600283974e-05,0.8972004343649247,63,highpass
1.1033849250864494e-07,4.6961839290151647e-07,1.8285041280198944e-07,2.792944527490564e-07,4.6752208600283974e-05,0.8972004343649247,63,highpass
1.1033849250864494e-07,4.6961839290151647e-07,1.8285041280198944e-07,2.792944527490564e-07,4.6752208600283974e-05,0.8972004343649247,63,highpass
1.1033849250864494e-07,4.6961839290151647e-07,1.8285041280198944e-07,2.792944527490564e-07,4.6752208600283974e-05,0.8972004343649247,63,highpass
1.1033849250864494e-07,4.6961839290151647e-07,1.8285041280198944e-07,2.792944527490564e-07,3.0784329552905176e-05,0.8917933298437067,63,highpass
1.1033849250864494e-07,4.6961839290151647e-07,1.8285041280198944e-07,2.792944527490564e-07,4.6752208600283974e-05,0.8972004343649247,63,highpass
1.1033849250864494e-07,4.6961839290151647e-07,1.8285041280198944e-07,2.792944527490564e-07,4.6752208600283974e-05,0.8972004343649247,63,highpass
1.1033849250864494e-07,4.79335763868038e-07,1.8285041280198944e-07,2.792944527490564e-07,4.6752208600283974e-05,0.89260932439849,63,highpass
1.1033849250864494e-07,4.6961839290151647e-07,1.8285041280198944e-07,2.792944527490564e-07,4.6752208600283974e-05,0.8972004343649247,63,highpass
1.1033849250864494e-07,4.6961839290151647e-07,1.8285041280198944e-07,2.792944527490564e-07,4.6752208600283974e-05,0.8972004343649247,63,highpass
1.1033849250864494e-07,4.6961839290151647e-07,1.8285041280198944e-07,2.792944527490564e-07,4.6752208600283974e-05,0.8972004343649247,63,highpass
1.1033849250864494e-07,4.6961839290151647e-07,1.8285041280198944e-07,2.792944527490564e-07,4.6752208600283974e-05,0.8972004343649247,63,highpass
1.1033849250864494e-07,4.6961839290151647e-07,1.8285041280198944e-07,2.792944527490564e-07,4.6752208600283974e-05,0.8972004343649247,63,highpass
1.1033849250864494e-07,4.6961839290151647e-07,1.8001193488363802e-07,2.792944527490564e-07,4.6752208600283974e-05,0.8953626825485892,63,highpass
1.1325085975334564e-07,4.6961839290151647e-07,1.8281690171942555e-07,2.792944527490564e-07,4.6752208600283974e-05,0.8940090979896871,63,highpass
1.1033849250864494e-07,4.6961839290151647e-07,1.8285041280198944e-07,2.792944527490564e-07,4.6752208600283974e-05,0.8972004343649247,63,highpass
1.1033849250864494e-07,4.6961839290151647e-07,1.8285041280198944e-07,2.792944527490564e-07,4.6752208600283974e-05,0.8972004343649247,63,highpass
1.1033849250864494e-07,4.6961839290151647e-07,1.8285041280198944e-07,2.792944527490564e-07,4.6752208600283974e-05,0.8972004343649247,63,highpass
1.1033849250864494e-07,4.6961839290151647e-07,1.8285041280198944e-07,2.792944527490564e-07,4.6752208600283974e-05,0.8972004343649247,63,highpass
1.1033849250864494e-07,4.6961839290151647e-07,1.8285041280198944e-07,2.792944527490564e-07,4.6752208600283974e-05,0.8972004343649247,63,highpass
1.1033849250864494e-07,4.6961839290151647e-07,1.8285041280198944e-07,2.792944527490564e-07,4.6752208600283974e-05,0.8972004343649247,63,highpass
1.1033849250864494e-07,4.6961839290151647e-07,1.8285041280198944e-07,2.792944527490564e-07,4.6752208600283974e-05,0.8972004343649247,63,highpass
1.1033849250864494e-07,4.6961839290151647e-07,1.8285041280198944e-07,2.792944527490564e-07,4.6752208600283974e-05,0.8972004343649247,63,highpass
1.1033849250864494e-07,4.6961839290151647e-07,1.8285041280198944e-07,2.792944527490564e-07,4.6752208600283974e-05,0.8972004343649247,63,highpass
1.1033849250864494e-07,4.6961839290151647e-07,1.8285041280198944e-07,2.953853781010028e-07,4.6752208600283974e-05,0.8926607763500324,63,highpass
1.1033849250864494e-07,4.6961839290151647e-07,1.8285041280198944e-07,2.792944527490564e-07,4.6752208600283974e-05,0.8972004343649247,63,highpass
1.1033849250864494e-07,4.6961839290151647e-07,1.8285041280198944e-07,2.792944527490564e-07,4.6752208600283974e-05,0.8972004343649247,63,highpass
1.1033849250864494e-07,4.6961839290151647e-07,1.8281690171942555e-07,2.792944527490564e-07,4.6752208600283974e-05,0.8972004343649247,63,highpass
1.1033849250864494e-07,4.6961839290151647e-07,1.8285041280198944e-07,2.792944527490564e-07,4.6752208600283974e-05,0.8972004343649247,63,highpass
1.1033849250864494e-07,4.6961839290151647e-07,1.8285041280198944e-07,2.792944527490564e-07,4.6752208600283974e-05,0.8972004343649247,63,highpass
1.1033849250864494e-07,4.6961839290151647e-07,1.8285041280198944e-07,2.792944527490564e-07,4.6752208600283974e-05,0.8972004343649247,63,highpass
1.1033849250864494e-07,4.6961839290151647e-07,1.8285041280198944e-07,2.792944527490564e-07,4.6752208600283974e-05,0.8972004343649247,63,highpass
1.1033849250864494e-07,4.6961839290151647e-07,1.8285041280198944e-07,2.792944527490564e-07,4.6752208600283974e-05,0.8972004343649247,63,highpass
1.1033849250864494e-07,4.6961839290151647e-07,1.8285041280198944e-07,2.792944527490564e-07,4.6752208600283974e-05,0.8972004343649247,63,highpass
1.1033849250864494e-07,4.6961839290151647e-07,1.8285041280198944e-07,2.792944527490564e-07,4.6752208600283974e-05,0.8972004343649247,63,highpass
1.1033849250864494e-07,4.6961839290151647e-07,1.8285041280198944e-07,2.792944527490564e-07,4.5459787260706576e-05,0.8920929926351949,63,highpass
1.1033849250864494e-07,4.6961839290151647e-07,1.8285041280198944e-07,2.792944527490564e-07,4.6752208600283974e-05,0.8972004343649247,63,highpass
1.1033849250864494e-07,4.6961839290151647e-07,1.8285041280198944e-07,2.792944527490564e-07,4.6752208600283974e-05,0.8972004343649247,63,highpass
1.1033849250864494e-07,4.6961839290151647e-07,1.8285041280198944e-07,2.792944527490564e-07,4.6752208600283974e-05,0.8972004343649247,64,highpass
1.1033849250864494e-07,4.6961839290151647e-07,1.8285041280198944e-07,2.792944527490564e-07,4.6752208600283974e-05,0.8972004343649247,64,highpass
1.1033849250864494e-07,4.6961839290151647e-07,1.8281690171942555e-07,2.792944527490564e-07,4.6752208600283974e-05,0.8972004343649247,64,highpass
1.1033849250864494e-07,4.6961839290151647e-07,1.8285041280198944e-07,2.792944527490564e-07,4.6752208600283974e-05,0.8972004343649247,64,highpass
1.1033849250864494e-07,4.6961839290151647e-07,1.8285041280198944e-07,2.792944527490564e-07,4.6752208600283974e-05,0.8972004343649247,64,highpass
1.1033849250864494e-07,4.6961839290151647e-07,1.8285041280198944e-07,2.792944527490564e-07,4.6752208600283974e-05,0.8972004343649247,64,highpass
1.1033849250864494e-07,4.6961839290151647e-07,1.8285041280198944e-07,2.792944527490564e-07,4.6752208600283974e-05,0.8972004343649247,64,highpass
1.1033849250864494e-07,4.6961839290151647e-07,1.8285041280198944e-07,2.792944527490564e-07,4.6752208600283974e-05,0.8972004343649247,64,highpass
1.1033849250864494e-07,4.6961839290151647e-07,1.8285041280198944e-07,2.792944527490564e-07,4.6752208600283974e-05,0.8972004343649247,64,highpass
1.1033849250864494e-07,4.6961839290151647e-07,1.8285041280198944e-07,2.2526294757399147e-07,4.6752208600283974e-05,0.8835319788854001,64,highpass
1.1033849250864494e-07,4.6961839290151647e-07,1.8285041280198944e-07,2.4846374766608345e-07,4.6752208600283974e-05,0.8924466830657707,64,highpass
1.1033849250864494e-07,4.6961839290151647e-07,1.8285041280198944e-07,2.792944527490564e-07,4.488653394823472e-05,0.8924138928280444,64,highpass
1.1033849250864494e-07,4.6961839290151647e-07,1.8285041280198944e-07,2.792944527490564e-07,4.6752208600283974e-05,0.8972004343649247,64,highpass
1.1033849250864494e-07,4.6961839290151647e-07,1.8285041280198944e-07,2.792944527490564e-07,4.6752208600283974e-05,0.8972004343649247,64,highpass
1.1033849250864494e-07,4.6961839290151647e-07,1.8285041280198944e-07,2.792944527490564e-07,4.6752208600283974e-05,0.8972004343649247,64,highpass
1.1033849250864494e-07,4.6961839290151647e-07,1.8285041280198944e-07,2.792944527490564e-07,2.6057975656092458e-05,0.8910297847643134,64,highpass
1.1033849250864494e-07,4.6961839290151647e-07,1.8285041280198944e-07,2.792944527490564e-07,4.6752208600283974e-05,0.8972004343649247,64,highpass
1.1033849250864494e-07,4.6961839290151647e-07,1.8285041280198944e-07,2.792944527490564e-07,4.6752208600283974e-05,0.8972004343649247,64,highpass
1.1033849250864494e-07,4.6961839290151647e-07,1.8285041280198944e-07,2.792944527490564e-07,4.6752208600283974e-05,0.8972004343649247,64,highpass
1.1033849250864494e-07,4.787574955905603e-07,1.8285041280198944e-07,2.792944527490564e-07,4.6752208600283974e-05,0.8928228028909057,64,highpass
1.1033849250864494e-07,4.6961839290151647e-07,1.8285041280198944e-07,2.792944527490564e-07,4.6752208600283974e-05,0.8972004343649247,64,highpass
1.1033849250864494e-07,4.6961839290151647e-07,1.8285041280198944e-07,2.792944527490564e-07,4.6752208600283974e-05,0.8972004343649247,64,highpass
1.1033849250864494e-07,4.6961839290151647e-07,1.8285041280198944e-07,2.792944527490564e-07,4.6752208600283974e-05,0.8972004343649247,64,highpass
1.1033849250864494e-07,4.6961839290151647e-07,1.8285041280198944e-07,2.3197774128434804e-07,4.6752208600283974e-05,0.8876289952501625,64,highpass
1.1033849250864494e-07,4.6961839290151647e-07,1.8285041280198944e-07,2.792944527490564e-07,4.6752208600283974e-05,0.8972004343649247,64,highpass
1.1033849250864494e-07,4.6961839290151647e-07,1.8285041280198944e-07,2.792944527490564e-07,4.6752208600283974e-05,0.8972004343649247,64,highpass
1.1033849250864494e-07,4.6961839290151647e-07,1.8285041280198944e-07,2.792944527490564e-07,4.6752208600283974e-05,0.8972004343649247,64,highpass
1.1033849250864494e-07,4.6961839290151647e-07,1.8285041280198944e-07,2.792944527490564e-07,4.6752208600283974e-05,0.8972004343649247,64,highpass
1.1033849250864494e-07,4.6961839290151647e-07,1.8285041280198944e-07,2.792944527490564e-07,4.6752208600283974e-05,0.8972004343649247,64,highpass
1.1033849250864494e-07,4.6961839290151647e-07,1.8285041280198944e-07,2.792944527490564e-07,4.6752208600283974e-05,0.8972004343649247,64,highpass
1.1033849250864494e-07,4.6961839290151647e-07,1.8285041280198944e-07,2.792944527490564e-07,4.6752208600283974e-05,0.8972004343649247,64,highpass
1.1033849250864494e-07,4.6961839290151647e-07,1.8285041280198944e-07,2.792944527490564e-07,4.6752208600283974e-05,0.8972004343649247,64,highpass
1.1033849250864494e-07,4.6961839290151647e-07,1.8285041280198944e-07,2.792944527490564e-07,4.6752208600283974e-05,0.8972004343649247,64,highpass
1.1033849250864494e-07,4.6961839290151647e-07,1.8285041280198944e-07,2.792944527490564e-07,4.6752208600283974e-05,0.8972004343649247,64,highpass
1.1033849250864494e-07,6.570341341433857e-07,1.8285041280198944e-07,2.792944527490564e-07,4.6752208600283974e-05,0.7926601725569873,64,highpass
1.1033849250864494e-07,4.6961839290151647e-07,1.8285041280198944e-07,2.792944527490564e-07,4.6752208600283974e-05,0.8972004343649247,64,highpass
1.1033849250864494e-07,4.6961839290151647e-07,1.8285041280198944e-07,2.792944527490564e-07,4.6752208600283974e-05,0.8972004343649247,64,highpass
1.1033849250864494e-07,4.6961839290151647e-07,1.8285041280198944e-07,2.792944527490564e-07,4.6752208600283974e-05,0.8972004343649247,64,highpass
1.1033849250864494e-07,4.6961839290151647e-07,1.8281690171942555e-07,2.792944527490564e-07,4.6752208600283974e-05,0.8972004343649247,64,highpass
1.1033849250864494e-07,4.6961839290151647e-07,1.8285041280198944e-07,2.792944527490564e-07,4.6752208600283974e-05,0.8972004343649247,64,highpass
1.1033849250864494e-07,4.6961839290151647e-07,1.8285041280198944e-07,2.792944527490564e-07,4.6752208600283974e-05,0.8972004343649247,65,highpass
1.1033849250864494e-07,4.6961839290151647e-07,1.8285041280198944e-07,2.792944527490564e-07,4.6752208600283974e-05,0.8972004343649247,65,highpass
1.1033849250864494e-07,4.6961839290151647e-07,1.8285041280198944e-07,2.792944527490564e-07,4.6752208600283974e-05,0.8972004343649247,65,highpass
1.1168688891345e-07,4.6961839290151647e-07,1.8285041280198944e-07,2.792944527490564e-07,4.6752208600283974e-05,0.894385105657455,65,highpass
1.1033849250864494e-07,4.6961839290151647e-07,1.8285041280198944e-07,2.792944527490564e-07,4.6752208600283974e-05,0.8972004343649247,65,highpass
1.1033849250864494e-07,4.6961839290151647e-07,1.8285041280198944e-07,2.792944527490564e-07,4.6752208600283974e-05,0.8972004343649247,65,highpass
1.1033849250864494e-07,4.6961839290151647e-07,1.8285041280198944e-07,2.792944527490564e-07,4.6752208600283974e-05,0.8972004343649247,65,highpass
1.1033849250864494e-07,4.6961839290151647e-07,1.8285041280198944e-07,2.792944527490564e-07,4.6752208600283974e-05,0.8972004343649247,65,highpass
1.1033849250864494e-07,4.6961839290151647e-07,1.8285041280198944e-07,2.792944527490564e-07,4.6752208600283974e-05,0.8972004343649247,65,highpass
1.1033849250864494e-07,4.6961839290151647e-07,1.8285041280198944e-07,2.792944527490564e-07,4.6752208600283974e-05,0.8972004343649247,65,highpass
1.1033849250864494e-07,4.6961839290151647e-07,1.8281690171942555e-07,2.792944527490564e-07,4.6752208600283974e-05,0.8972004343649247,65,highpass
1.1033849250864494e-07,4.6961839290151647e-07,1.8285041280198944e-07,2.792944527490564e-07,4.6752208600283974e-05,0.8972004343649247,65,highpass
1.1033849250864494e-07,4.6961839290151647e-07,1.8285041280198944e-07,2.792944527490564e-07,4.6752208600283974e-05,0.8972004343649247,65,highpass
1.1033849250864494e-07,4.6961839290151647e-07,1.8285041280198944e-07,2.792944527490564e-07,4.6752208600283974e-05,0.8972004343649247,65,highpass
1.1033849250864494e-07,4.6961839290151647e-07,1.8285041280198944e-07,2.792944527490564e-07,4.6752208600283974e-05,0.8972004343649247,65,highpass
1.1033849250864494e-07,4.6961839290151647e-07,1.8285041280198944e-07,2.792944527490564e-07,4.6752208600283974e-05,0.8972004343649247,65,highpass
1.1033849250864494e-07,4.6961839290151647e-07,1.7909114379934072e-07,2.792944527490564e-07,4.6752208600283974e-05,0.8946675057133049,65,highpass
1.1033849250864494e-07,4.6961839290151647e-07,1.8281690171942555e-07,2.792944527490564e-07,4.6752208600283974e-05,0.8972004343649247,65,highpass
1.1033849250864494e-07,4.6961839290151647e-07,1.8285041280198944e-07,2.819423121544462e-07,4.6752208600283974e-05,0.8971535101760103,65,highpass
1.1033849250864494e-07,4.6961839290151647e-07,1.8196747249425553e-07,2.792944527490564e-07,4.6752208600283974e-05,0.8935665515345202,65,highpass
1.1033849250864494e-07,4.6961839290151647e-07,1.8285041280198944e-07,2.792944527490564e-07,4.6752208600283974e-05,0.8972004343649247,65,highpass
1.1033849250864494e-07,4.6961839290151647e-07,1.8285041280198944e-07,2.792944527490564e-07,4.6752208600283974e-05,0.8972004343649247,65,highpass
1.1033849250864494e-07,4.6961839290151647e-07,1.8285041280198944e-07,2.834448159804549e-07,4.6752208600283974e-05,0.8970716523996032,65,highpass
1.1033849250864494e-07,4.6961839290151647e-07,1.8285041280198944e-07,2.792944527490564e-07,4.6752208600283974e-05,0.8972004343649247,65,highpass
1.1033849250864494e-07,4.6961839290151647e-07,1.8285041280198944e-07,2.792944527490564e-07,4.6752208600283974e-05,0.8972004343649247,65,highpass
1.1033849250864494e-07,4.6961839290151647e-07,1.8285041280198944e-07,2.792944527490564e-07,4.6752208600283974e-05,0.8972004343649247,65,highpass
1.1033849250864494e-07,4.6961839290151647e-07,1.8285041280198944e-07,2.792944527490564e-07,4.6752208600283974e-05,0.8972004343649247,65,highpass
1.1033849250864494e-07,4.6961839290151647e-07,1.8285041280198944e-07,2.792944527490564e-07,4.6752208600283974e-05,0.8972004343649247,65,highpass
1.1033849250864494e-07,4.6961839290151647e-07,1.8285041280198944e-07,2.792944527490564e-07,4.6752208600283974e-05,0.8972004343649247,65,highpass
1.1033849250864494e-07,4.6961839290151647e-07,1.8281690171942555e-07,2.792944527490564e-07,4.6752208600283974e-05,0.8972004343649247,65,highpass
1.1033849250864494e-07,4.6961839290151647e-07,1.8285041280198944e-07,2.792944527490564e-07,4.6752208600283974e-05,0.8972004343649247,65,highpass
1.1033849250864494e-07,4.6961839290151647e-07,1.8285041280198944e-07,2.792944527490564e-07,4.6752208600283974e-05,0.8972004343649247,65,highpass
1.1033849250864494e-07,4.6961839290151647e-07,1.8285041280198944e-07,2.792944527490564e-07,4.6752208600283974e-05,0.8972004343649247,65,highpass
1.1033849250864494e-07,4.6961839290151647e-07,1.8285041280198944e-07,2.792944527490564e-07,4.6752208600283974e-05,0.8972004343649247,65,highpass
1.1033849250864494e-07,4.6961839290151647e-07,1.8285041280198944e-07,2.792944527490564e-07,4.6752208600283974e-05,0.8972004343649247,65,highpass
1.1610143810134372e-07,4.6961839290151647e-07,1.8285041280198944e-07,2.792944527490564e-07,4.6752208600283974e-05,0.8925498087444507,65,highpass
1.1033849250864494e-07,4.6961839290151647e-07,1.8285041280198944e-07,2.792944527490564e-07,4.8350475004177996e-05,0.8922019952424535,65,highpass
1.1033849250864494e-07,4.6961839290151647e-07,1.8281690171942555e-07,2.731836848196644e-07,4.6752208600283974e-05,0.8924296917701238,65,highpass
1.1033849250864494e-07,4.6961839290151647e-07,1.8285041280198944e-07,2.792944527490564e-07,4.6752208600283974e-05,0.8972004343649247,65,highpass
1.1033849250864494e-07,4.6961839290151647e-07,1.8285041280198944e-07,2.792944527490564e-07,4.6752208600283974e-05,0.8972004343649247,65,highpass
1.1033849250864494e-07,4.6961839290151647e-07,1.8285041280198944e-07,2.792944527490564e-07,4.6752208600283974e-05,0.8972004343649247,66,highpass
1.1033849250864494e-07,4.6961839290151647e-07,1.8281690171942555e-07,2.792944527490564e-07,4.6752208600283974e-05,0.8972004343649247,66,highpass
1.1033849250864494e-07,4.6961839290151647e-07,1.8285041280198944e-07,2.792944527490564e-07,4.6752208600283974e-05,0.8972004343649247,66,highpass
1.1033849250864494e-07,4.6961839290151647e-07,1.8285041280198944e-07,2.792944527490564e-07,4.6752208600283974e-05,0.8972004343649247,66,highpass
1.1033849250864494e-07,4.6961839290151647e-07,1.8285041280198944e-07,2.792944527490564e-07,4.6752208600283974e-05,0.8972004343649247,66,highpass
1.1033849250864494e-07,4.6961839290151647e-07,1.8285041280198944e-07,2.792944527490564e-07,4.6752208600283974e-05,0.8972004343649247,66,highpass
1.1033849250864494e-07,4.6961839290151647e-07,1.8281690171942555e-07,2.792944527490564e-07,4.6752208600283974e-05,0.8972004343649247,66,highpass
1.1033849250864494e-07,4.6961839290151647e-07,1.8285041280198944e-07,2.792944527490564e-07,4.6752208600283974e-05,0.8972004343649247,66,highpass
1.1141392344574e-07,4.6961839290151647e-07,1.8285041280198944e-07,2.792944527490564e-07,4.6752208600283974e-05,0.8933165790134103,66,highpass
1.1033849250864494e-07,4.6961839290151647e-07,1.8285041280198944e-07,2.792944527490564e-07,4.6752208600283974e-05,0.8972004343649247,66,highpass
1.1033849250864494e-07,4.6961839290151647e-07,1.8285041280198944e-07,2.792944527490564e-07,4.6752208600283974e-05,0.8972004343649247,66,highpass
1.1033849250864494e-07,4.6961839290151647e-07,1.8281690171942555e-07,2.792944527490564e-07,4.6752208600283974e-05,0.8972004343649247,66,highpass
1.1033849250864494e-07,4.6961839290151647e-07,1.8285041280198944e-07,2.792944527490564e-07,4.6752208600283974e-05,0.8972004343649247,66,highpass
1.1033849250864494e-07,4.6961839290151647e-07,1.8285041280198944e-07,2.792944527490564e-07,4.6752208600283974e-05,0.8972004343649247,66,highpass
1.1033849250864494e-07,4.6961839290151647e-07,1.8281690171942555e-07,2.792944527490564e-07,4.6752208600283974e-05,0.8972004343649247,66,highpass
1.1033849250864494e-07,4.6961839290151647e-07,1.8285041280198944e-07,2.792944527490564e-07,4.6752208600283974e-05,0.8972004343649247,66,highpass
1.1033849250864494e-07,4.6961839290151647e-07,1.8285041280198944e-07,2.792944527490564e-07,4.6752208600283974e-05,0.8972004343649247,66,highpass
1.1033849250864494e-07,4.6961839290151647e-07,1.718890766453965e-07,2.792944527490564e-07,4.6752208600283974e-05,0.8922339045444329,66,highpass
1.554784943010628e-07,4.6961839290151647e-07,1.8285041280198944e-07,2.792944527490564e-07,4.6752208600283974e-05,0.8718034363710417,66,highpass
1.1033849250864494e-07,4.6961839290151647e-07,1.8285041280198944e-07,2.787351002911538e-07,4.6752208600283974e-05,0.8972004343649247,66,highpass
1.1033849250864494e-07,4.6961839290151647e-07,1.8285041280198944e-07,2.792944527490564e-07,4.6752208600283974e-05,0.8972004343649247,66,highpass
1.1033849250864494e-07,4.6961839290151647e-07,1.8285041280198944e-07,2.792944527490564e-07,4.6752208600283974e-05,0.8972004343649247,66,highpass
1.1033849250864494e-07,4.6961839290151647e-07,2.0280041780696487e-07,2.792944527490564e-07,4.6752208600283974e-05,0.8871943939041744,66,highpass
1.1033849250864494e-07,4.6961839290151647e-07,1.8285041280198944e-07,2.792944527490564e-07,4.6752208600283974e-05,0.8972004343649247,66,highpass
1.1033849250864494e-07,4.6961839290151647e-07,1.8285041280198944e-07,2.792944527490564e-07,4.6752208600283974e-05,0.8972004343649247,66,highpass
1.1033849250864494e-07,4.6961839290151647e-07,1.783368561632842e-07,2.792944527490564e-07,4.6752208600283974e-05,0.8932497465728341,66,highpass
1.1033849250864494e-07,4.6961839290151647e-07,2.3819071601184554e-07,2.792944527490564e-07,4.6752208600283974e-05,0.8294398586925141,66,highpass
1.1033849250864494e-07,4.6961839290151647e-07,1.8285041280198944e-07,2.792944527490564e-07,4.6752208600283974e-05,0.8972004343649247,66,highpass
1.1033849250864494e-07,4.6961839290151647e-07,1.8285041280198944e-07,2.792944527490564e-07,4.6752208600283974e-05,0.8972004343649247,66,highpass
1.1033849250864494e-07,4.6961839290151647e-07,1.8285041280198944e-07,2.792944527490564e-07,4.6752208600283974e-05,0.8972004343649247,66,highpass
1.1033849250864494e-07,4.6961839290151647e-07,1.8285041280198944e-07,2.792944527490564e-07,4.6752208600283974e-05,0.8972004343649247,66,highpass
1.228685203969652e-07,4.6961839290151647e-07,1.8285041280198944e-07,2.792944527490564e-07,4.6752208600283974e-05,0.8847490113062348,66,highpass
1.1033849250864494e-07,4.6961839290151647e-07,1.8285041280198944e-07,2.792944527490564e-07,4.6752208600283974e-05,0.8972004343649247,66,highpass
1.1033849250864494e-07,4.6961839290151647e-07,1.8285041280198944e-07,2.792944527490564e-07,4.693948523930055e-05,0.8971383066393519,66,highpass
1.1033849250864494e-07,4.6961839290151647e-07,1.8285041280198944e-07,2.792944527490564e-07,4.6752208600283974e-05,0.8972004343649247,66,highpass
1.1033849250864494e-07,4.6961839290151647e-07,1.8285041280198944e-07,2.792944527490564e-07,4.6752208600283974e-05,0.8972004343649247,66,highpass
1.1033849250864494e-07,4.6961839290151647e-07,1.8281690171942555e-07,2.792944527490564e-07,4.6752208600283974e-05,0.8972004343649247,66,highpass
1.1033849250864494e-07,4.6961839290151647e-07,1.8285041280198944e-07,2.792944527490564e-07,4.6752208600283974e-05,0.8972004343649247,66,highpass
2.2540793919912029e-07,4.6961839290151647e-07,1.8285041280198944e-07,2.792944527490564e-07,4.6752208600283974e-05,0.7400399390389977,66,highpass
1.1033849250864494e-07,4.6961839290151647e-07,1.8285041280198944e-07,2.792944527490564e-07,4.6752208600283974e-05,0.8972004343649247,66,highpass
1.1033849250864494e-07,4.6961839290151647e-07,1.8285041280198944e-07,2.792944527490564e-07,4.6752208600283974e-05,0.8972004343649247,67,highpass
1.1033849250864494e-07,4.6961839290151647e-07,1.8281690171942555e-07,2.792944527490564e-07,4.6752208600283974e-05,0.8972004343649247,67,highpass
1.1033849250864494e-07,4.6961839290151647e-07,1.8281690171942555e-07,2.792944527490564e-07,4.6752208600283974e-05,0.8972004343649247,67,highpass
1.1033849250864494e-07,4.6961839290151647e-07,1.8285041280198944e-07,2.792944527490564e-07,4.6752208600283974e-05,0.8972004343649247,67,highpass
1.1261982926128656e-07,4.6961839290151647e-07,1.8285041280198944e-07,2.792944527490564e-07,4.6752208600283974e-05,0.8926935919908299,67,highpass
1.1033849250864494e-07,4.6961839290151647e-07,1.8285041280198944e-07,2.792944527490564e-07,4.6752208600283974e-05,0.8972004343649247,67,highpass
1.1033849250864494e-07,4.6961839290151647e-07,1.8285041280198944e-07,2.792944527490564e-07,4.829206966193826e-05,0.8921963265529499,67,highpass
1.1033849250864494e-07,4.6961839290151647e-07,1.8107624714829977e-07,2.792944527490564e-07,4.6752208600283974e-05,0.8946578656136615,67,highpass
1.1033849250864494e-07,4.6961839290151647e-07,1.8281690171942555e-07,2.792944527490564e-07,4.6752208600283974e-05,0.8972004343649247,67,highpass
1.1033849250864494e-07,4.6961839290151647e-07,1.8285041280198944e-07,2.792944527490564e-07,4.6752208600283974e-05,0.8972004343649247,67,highpass
1.1033849250864494e-07,4.6961839290151647e-07,1.8285041280198944e-07,2.792944527490564e-07,4.6752208600283974e-05,0.8972004343649247,67,highpass
1.1033849250864494e-07,4.6961839290151647e-07,1.8285041280198944e-07,2.792944527490564e-07,4.6752208600283974e-05,0.8972004343649247,67,highpass
1.1033849250864494e-07,4.6961839290151647e-07,1.8281690171942555e-07,2.792944527490564e-07,4.6752208600283974e-05,0.8972004343649247,67,highpass
1.1033849250864494e-07,4.6961839290151647e-07,1.8285041280198944e-07,2.792944527490564e-07,4.6752208600283974e-05,0.8972004343649247,67,highpass
1.1033849250864494e-07,4.6961839290151647e-07,1.8285041280198944e-07,2.792944527490564e-07,4.6752208600283974e-05,0.8972004343649247,67,highpass
1.1033849250864494e-07,4.6961839290151647e-07,1.8285041280198944e-07,2.792944527490564e-07,4.6752208600283974e-05,0.8972004343649247,67,highpass
1.1033849250864494e-07,4.6961839290151647e-07,1.8281690171942555e-07,2.792944527490564e-07,4.6752208600283974e-05,0.8972004343649247,67,highpass
1.1033849250864494e-07,4.6961839290151647e-07,1.8285041280198944e-07,2.792944527490564e-07,4.6752208600283974e-05,0.8972004343649247,67,highpass
1.1033849250864494e-07,4.6961839290151647e-07,1.8285041280198944e-07,2.792944527490564e-07,4.6752208600283974e-05,0.8972004343649247,67,highpass
1.1033849250864494e-07,4.6961839290151647e-07,1.8285041280198944e-07,2.792944527490564e-07,4.6752208600283974e-05,0.8972004343649247,67,highpass
1.1033849250864494e-07,4.6961839290151647e-07,1.8281690171942555e-07,2.792944527490564e-07,4.6752208600283974e-05,0.8972004343649247,67,highpass
1.1033849250864494e-07,4.6961839290151647e-07,1.8285041280198944e-07,2.792944527490564e-07,4.6752208600283974e-05,0.8972004343649247,67,highpass
1.1033849250864494e-07,4.6961839290151647e-07,1.8281690171942555e-07,2.792944527490564e-07,4.6752208600283974e-05,0.8972004343649247,67,highpass
1.1033849250864494e-07,4.6961839290151647e-07,1.8285041280198944e-07,2.792944527490564e-07,4.6752208600283974e-05,0.8972004343649247,67,highpass
1.1033849250864494e-07,4.6961839290151647e-07,1.8281690171942555e-07,2.792944527490564e-07,4.6752208600283974e-05,0.8972004343649247,67,highpass
1.1033849250864494e-07,4.6961839290151647e-07,1.810458563143323e-07,2.792944527490564e-07,4.6752208600283974e-05,0.8946578656136615,67,highpass
1.1033849250864494e-07,4.6961839290151647e-07,1.8285041280198944e-07,2.792944527490564e-07,4.6752208600283974e-05,0.8972004343649247,67,highpass
1.1033849250864494e-07,4.6961839290151647e-07,1.8285041280198944e-07,2.792944527490564e-07,4.6752208600283974e-05,0.8972004343649247,67,highpass
1.1033849250864494e-07,4.6961839290151647e-07,1.8281690171942555e-07,2.792944527490564e-07,4.6752208600283974e-05,0.8972004343649247,67,highpass
1.1033849250864494e-07,4.6961839290151647e-07,1.8285041280198944e-07,2.792944527490564e-07,4.6752208600283974e-05,0.8972004343649247,67,highpass
1.2049995097569416e-07,4.6961839290151647e-07,1.8285041280198944e-07,2.792944527490564e-07,4.6752208600283974e-05,0.8880482352371624,67,highpass
1.1033849250864494e-07,4.6961839290151647e-07,1.8281690171942555e-07,2.792944527490564e-07,4.6752208600283974e-05,0.8972004343649247,67,highpass
1.1033849250864494e-07,4.6961839290151647e-07,1.8285041280198944e-07,2.792944527490564e-07,4.6752208600283974e-05,0.8972004343649247,67,highpass
1.1033849250864494e-07,4.533920520060896e-07,1.8285041280198944e-07,2.792944527490564e-07,4.6752208600283974e-05,0.8966591314527174,67,highpass
1.1033849250864494e-07,4.6961839290151647e-07,1.8281690171942555e-07,2.792944527490564e-07,4.6752208600283974e-05,0.8972004343649247,67,highpass
1.1033849250864494e-07,4.6961839290151647e-07,1.8285041280198944e-07,2.792944527490564e-07,4.6752208600283974e-05,0.8972004343649247,67,highpass
1.1033849250864494e-07,4.6961839290151647e-07,1.8285041280198944e-07,2.787351002911538e-07,4.6752208600283974e-05,0.8972004343649247,67,highpass
1.1033849250864494e-07,4.6961839290151647e-07,1.8285041280198944e-07,2.792944527490564e-07,4.6752208600283974e-05,0.8972004343649247,67,highpass
1.1033849250864494e-07,4.6961839290151647e-07,1.8285041280198944e-07,2.792944527490564e-07,4.6752208600283974e-05,0.8972004343649247,67,highpass
1.1033849250864494e-07,4.6961839290151647e-07,1.8285041280198944e-07,2.792944527490564e-07,4.6752208600283974e-05,0.8972004343649247,67,highpass
1.1033849250864494e-07,4.6961839290151647e-07,1.8285041280198944e-07,2.792944527490564e-07,4.6752208600283974e-05,0.8919759891939973,68,highpass
1.1033849250864494e-07,4.6961839290151647e-07,1.8281690171942555e-07,2.792944527490564e-07,4.6752208600283974e-05,0.8919759891939973,68,highpass
1.1033849250864494e-07,4.679116379824395e-07,1.8281690171942555e-07,2.792944527490564e-07,4.6752208600283974e-05,0.8921141114157225,68,highpass
1.1033849250864494e-07,4.6961839290151647e-07,1.8281690171942555e-07,2.792944527490564e-07,4.6752208600283974e-05,0.8919759891939973,68,highpass
1.1033849250864494e-07,4.6961839290151647e-07,1.8285041280198944e-07,2.792944527490564e-07,4.6752208600283974e-05,0.8919759891939973,68,highpass
1.1033849250864494e-07,4.6961839290151647e-07,1.8285041280198944e-07,2.792944527490564e-07,4.6752208600283974e-05,0.8919759891939973,68,highpass
1.1033849250864494e-07,4.6961839290151647e-07,1.8281690171942555e-07,2.792944527490564e-07,4.6752208600283974e-05,0.8919759891939973,68,highpass
1.1033849250864494e-07,4.6961839290151647e-07,1.8285041280198944e-07,2.792944527490564e-07,4.6752208600283974e-05,0.8919759891939973,68,highpass
1.1033849250864494e-07,4.0402527890813597e-07,1.8285041280198944e-07,2.792944527490564e-07,4.6752208600283974e-05,0.8790938397293773,68,highpass
1.1033849250864494e-07,4.6961839290151647e-07,1.8285041280198944e-07,2.792944527490564e-07,4.6752208600283974e-05,0.8919759891939973,68,highpass
1.1033849250864494e-07,4.6961839290151647e-07,1.8285041280198944e-07,2.792944527490564e-07,4.6752208600283974e-05,0.8919759891939973,68,highpass
1.1033849250864494e-07,4.6961839290151647e-07,1.8281690171942555e-07,2.792944527490564e-07,4.6752208600283974e-05,0.8919759891939973,68,highpass
1.1033849250864494e-07,4.6961839290151647e-07,1.9321758704626138e-07,2.792944527490564e-07,4.6752208600283974e-05,0.8766427215171694,68,highpass
1.1033849250864494e-07,4.6961839290151647e-07,1.8285041280198944e-07,2.792944527490564e-07,4.6752208600283974e-05,0.8919759891939973,68,highpass
1.1033849250864494e-07,4.6961839290151647e-07,1.8281690171942555e-07,1.9613495967133959e-07,4.6752208600283974e-05,0.8654144660175432,68,highpass
1.1033849250864494e-07,4.6961839290151647e-07,1.8281690171942555e-07,2.792944527490564e-07,4.6752208600283974e-05,0.8919759891939973,68,highpass
1.1033849250864494e-07,4.6961839290151647e-07,1.8285041280198944e-07,2.792944527490564e-07,4.6752208600283974e-05,0.8919759891939973,68,highpass
1.1033849250864494e-07,4.6961839290151647e-07,1.8285041280198944e-07,2.792944527490564e-07,8.527866678168761e-06,0.8932269144741917,68,highpass
1.1033849250864494e-07,4.6961839290151647e-07,1.8285041280198944e-07,2.792944527490564e-07,4.6752208600283974e-05,0.8919759891939973,68,highpass
1.1033849250864494e-07,4.6961839290151647e-07,1.8285041280198944e-07,2.792944527490564e-07,4.6752208600283974e-05,0.8919759891939973,68,highpass
1.1033849250864494e-07,4.6961839290151647e-07,1.8285041280198944e-07,2.792944527490564e-07,4.6752208600283974e-05,0.8919759891939973,68,highpass
1.1544658766663397e-07,4.6961839290151647e-07,1.8281690171942555e-07,2.792944527490564e-07,4.6752208600283974e-05,0.8921115003257731,68,highpass
1.1033849250864494e-07,4.6961839290151647e-07,1.8285041280198944e-07,2.792944527490564e-07,4.6752208600283974e-05,0.8919759891939973,68,highpass
1.1033849250864494e-07,4.6961839290151647e-07,1.8285041280198944e-07,2.792944527490564e-07,4.6752208600283974e-05,0.8919759891939973,68,highpass
1.1033849250864494e-07,4.6961839290151647e-07,1.8285041280198944e-07,2.792944527490564e-07,4.6752208600283974e-05,0.8919759891939973,68,highpass
1.1033849250864494e-07,4.6961839290151647e-07,1.8285041280198944e-07,2.792944527490564e-07,4.6752208600283974e-05,0.8919759891939973,68,highpass
1.1033849250864494e-07,4.6961839290151647e-07,1.8285041280198944e-07,2.792944527490564e-07,4.6752208600283974e-05,0.8919759891939973,68,highpass
1.1033849250864494e-07,4.544397170821069e-07,1.8281690171942555e-07,2.792944527490564e-07,4.6752208600283974e-05,0.8918504801903927,68,highpass
1.1033849250864494e-07,4.6961839290151647e-07,1.8285041280198944e-07,2.792944527490564e-07,4.6752208600283974e-05,0.8919759891939973,68,highpass
1.1033849250864494e-07,4.6961839290151647e-07,1.8285041280198944e-07,2.988562607988555e-07,4.6752208600283974e-05,0.8921579661911915,68,highpass
2.2934386540841576e-07,4.6961839290151647e-07,1.8285041280198944e-07,2.792944527490564e-07,4.6752208600283974e-05,0.7356405120245516,68,highpass
1.1033849250864494e-07,4.6961839290151647e-07,1.8285041280198944e-07,2.792944527490564e-07,4.6752208600283974e-05,0.8919759891939973,68,highpass
1.1033849250864494e-07,4.6961839290151647e-07,1.8281690171942555e-07,2.792944527490564e-07,4.617581557934473e-05,0.8919578615147389,68,highpass
2.1483134220803433e-07,4.6961839290151647e-07,1.8285041280198944e-07,2.792944527490564e-07,4.6752208600283974e-05,0.7700386670803718,68,highpass
1.1033849250864494e-07,4.6961839290151647e-07,1.8285041280198944e-07,2.792944527490564e-07,4.6752208600283974e-05,0.8919759891939973,68,highpass
1.1033849250864494e-07,4.6961839290151647e-07,1.8285041280198944e-07,2.792944527490564e-07,4.6752208600283974e-05,0.8919759891939973,68,highpass
1.1033849250864494e-07,4.4768426858459627e-07,1.8285041280198944e-07,2.792944527490564e-07,4.6752208600283974e-05,0.8958765371908182,68,highpass
1.1033849250864494e-07,4.6961839290151647e-07,1.8281690171942555e-07,2.792944527490564e-07,4.6752208600283974e-05,0.8919759891939973,68,highpass
1.1033849250864494e-07,4.6961839290151647e-07,1.8285041280198944e-07,2.792944527490564e-07,4.6752208600283974e-05,0.8919759891939973,68,highpass
1.1033849250864494e-07,4.6961839290151647e-07,1.8281690171942555e-07,2.792944527490564e-07,4.6752208600283974e-05,0.8919759891939973,68,highpass
1.1033849250864494e-07,4.6961839290151647e-07,1.8285041280198944e-07,2.792944527490564e-07,4.6752208600283974e-05,0.8972004343649247,69,highpass
1.1544658766663397e-07,4.6961839290151647e-07,1.8281690171942555e-07,2.792944527490564e-07,4.6752208600283974e-05,0.8921115003257731,69,highpass
1.1033849250864494e-07,4.6961839290151647e-07,1.8285041280198944e-07,2.792944527490564e-07,4.6752208600283974e-05,0.8972004343649247,69,highpass
1.1544658766663397e-07,4.6961839290151647e-07,1.8281690171942555e-07,2.792944527490564e-07,4.6752208600283974e-05,0.8921115003257731,69,highpass
1.1544658766663397e-07,4.6961839290151647e-07,1.8281690171942555e-07,1.9037741309700084e-07,4.6752208600283974e-05,0.8574312234569593,69,highpass
1.1033849250864494e-07,4.6961839290151647e-07,1.8281690171942555e-07,2.792944527490564e-07,4.6752208600283974e-05,0.8972004343649247,69,highpass
1.1033849250864494e-07,4.6961839290151647e-07,1.8285041280198944e-07,2.792944527490564e-07,8.527866678168761e-06,0.8932269144741917,69,highpass
1.1033849250864494e-07,4.4768426858459627e-07,1.8285041280198944e-07,2.792944527490564e-07,4.6752208600283974e-05,0.8958765371908182,69,highpass
1.1033849250864494e-07,4.4768426858459627e-07,1.8285041280198944e-07,2.792944527490564e-07,4.6752208600283974e-05,0.8958765371908182,69,highpass
1.1033849250864494e-07,4.6961839290151647e-07,1.8281690171942555e-07,2.792944527490564e-07,4.6752208600283974e-05,0.8972004343649247,69,highpass
1.1033849250864494e-07,4.6961839290151647e-07,1.8285041280198944e-07,2.792944527490564e-07,8.527866678168761e-06,0.8932269144741917,69,highpass
1.1033849250864494e-07,4.6961839290151647e-07,1.8285041280198944e-07,2.792944527490564e-07,4.6752208600283974e-05,0.8972004343649247,69,highpass
1.1544658766663397e-07,4.6961839290151647e-07,1.8281690171942555e-07,2.792944527490564e-07,8.527866678168761e-06,0.8913755371795821,69,highpass
1.2534304197039957e-07,4.6961839290151647e-07,1.8281690171942555e-07,2.792944527490564e-07,4.6752208600283974e-05,0.8841434655541602,69,highpass
1.1033849250864494e-07,4.6961839290151647e-07,1.8285041280198944e-07,2.996222401635903e-07,4.6752208600283974e-05,0.8920530364826994,69,highpass
1.1033849250864494e-07,4.6961839290151647e-07,1.8285041280198944e-07,2.792944527490564e-07,4.6752208600283974e-05,0.8972004343649247,69,highpass
1.1033849250864494e-07,4.6961839290151647e-07,1.8281690171942555e-07,2.792944527490564e-07,4.6752208600283974e-05,0.8972004343649247,69,highpass
1.1033849250864494e-07,4.6961839290151647e-07,1.8285041280198944e-07,2.792944527490564e-07,4.6752208600283974e-05,0.8972004343649247,69,highpass
1.1033849250864494e-07,4.6961839290151647e-07,1.8285041280198944e-07,2.792944527490564e-07,8.527866678168761e-06,0.8932269144741917,69,highpass
1.1033849250864494e-07,4.679116379824395e-07,1.8281690171942555e-07,2.792944527490564e-07,4.6752208600283974e-05,0.8921141114157225,69,highpass
1.1033849250864494e-07,4.6961839290151647e-07,1.8285041280198944e-07,2.8308329772673194e-07,4.6752208600283974e-05,0.8970921454295973,69,highpass
1.1033849250864494e-07,4.417294767954884e-07,1.8285041280198944e-07,2.792944527490564e-07,4.6752208600283974e-05,0.8944917548114604,69,highpass
1.1033849250864494e-07,4.6961839290151647e-07,1.8285041280198944e-07,2.988562607988555e-07,4.6752208600283974e-05,0.8921579661911915,69,highpass
1.1033849250864494e-07,4.4768426858459627e-07,1.8285041280198944e-07,2.792944527490564e-07,4.6752208600283974e-05,0.8958765371908182,69,highpass
1.1033849250864494e-07,4.587966641273925e-07,1.8285041280198944e-07,2.792944527490564e-07,4.6752208600283974e-05,0.8963726233309851,69,highpass
1.1033849250864494e-07,4.6961839290151647e-07,1.8285041280198944e-07,2.792944527490564e-07,4.6752208600283974e-05,0.8972004343649247,69,highpass
1.1033849250864494e-07,4.4768426858459627e-07,1.8285041280198944e-07,2.792944527490564e-07,4.6752208600283974e-05,0.8958765371908182,69,highpass
1.1033849250864494e-07,4.6961839290151647e-07,1.7758624181613423e-07,2.792944527490564e-07,4.6752208600283974e-05,0.8938802925732783,69,highpass
1.1033849250864494e-07,4.6961839290151647e-07,1.719383537206523e-07,2.792944527490564e-07,4.6752208600283974e-05,0.8932585192983641,69,highpass
1.1033849250864494e-07,4.4768426858459627e-07,1.8285041280198944e-07,2.792944527490564e-07,8.527866678168761e-06,0.8936572864353602,69,highpass
1.1033849250864494e-07,4.7174597036542713e-07,1.8285041280198944e-07,2.792944527490564e-07,4.6752208600283974e-05,0.8972150829863237,69,highpass
1.1033849250864494e-07,4.6961839290151647e-07,1.8281690171942555e-07,2.792944527490564e-07,4.6752208600283974e-05,0.8972004343649247,69,highpass
1.1033849250864494e-07,4.6961839290151647e-07,1.8285041280198944e-07,2.792944527490564e-07,4.6752208600283974e-05,0.8972004343649247,69,highpass
1.1544658766663397e-07,4.6961839290151647e-07,1.8281690171942555e-07,2.792944527490564e-07,4.6752208600283974e-05,0.8921115003257731,69,highpass
1.1033849250864494e-07,4.6961839290151647e-07,1.8285041280198944e-07,2.792944527490564e-07,4.6752208600283974e-05,0.8972004343649247,69,highpass
1.1033849250864494e-07,4.6961839290151647e-07,1.8285041280198944e-07,2.792944527490564e-07,4.6752208600283974e-05,0.8972004343649247,69,highpass
1.1544658766663397e-07,4.6961839290151647e-07,1.8281690171942555e-07,2.792944527490564e-07,8.527866678168761e-06,0.8913755371795821,69,highpass
1.1033849250864494e-07,4.679116379824395e-07,1.8281690171942555e-07,2.792944527490564e-07,4.6752208600283974e-05,0.8921141114157225,69,highpass
1.1033849250864494e-07,4.6961839290151647e-07,1.8285041280198944e-07,2.988562607988555e-07,4.6752208600283974e-05,0.8921579661911915,69,highpass
1.1033849250864494e-07,4.6961839290151647e-07,1.8285041280198944e-07,2.792944527490564e-07,4.6752208600283974e-05,0.8972004343649247,69,highpass
1.1033849250864494e-07,4.7174597036542713e-07,1.8285041280198944e-07,2.792944527490564e-07,4.6752208600283974e-05,0.8972150829863237,70,highpass
1.1033849250864494e-07,4.6961839290151647e-07,1.8281690171942555e-07,2.792944527490564e-07,4.6752208600283974e-05,0.8972004343649247,70,highpass
1.1033849250864494e-07,4.658886208047818e-07,1.8285041280198944e-07,2.792944527490564e-07,4.6752208600283974e-05,0.8970655831803462,70,highpass
1.1033849250864494e-07,4.6961839290151647e-07,1.8285041280198944e-07,2.792944527490564e-07,4.6752208600283974e-05,0.8972004343649247,70,highpass
1.1033849250864494e-07,4.6961839290151647e-07,1.8285041280198944e-07,2.792944527490564e-07,4.6752208600283974e-05,0.8972004343649247,70,highpass
1.1033849250864494e-07,4.6961839290151647e-07,1.7758624181613423e-07,2.792944527490564e-07,4.6752208600283974e-05,0.8938802925732783,70,highpass
1.1033849250864494e-07,4.4768426858459627e-07,1.8285041280198944e-07,2.792944527490564e-07,4.6752208600283974e-05,0.8958765371908182,70,highpass
1.1033849250864494e-07,4.6961839290151647e-07,1.8285041280198944e-07,2.792944527490564e-07,4.6752208600283974e-05,0.8972004343649247,70,highpass
1.1033849250864494e-07,4.6961839290151647e-07,1.8285041280198944e-07,2.792944527490564e-07,4.6752208600283974e-05,0.8972004343649247,70,highpass
1.1033849250864494e-07,4.6961839290151647e-07,1.8281690171942555e-07,2.792944527490564e-07,4.6752208600283974e-05,0.8972004343649247,70,highpass
1.1033849250864494e-07,4.6961839290151647e-07,1.8285041280198944e-07,2.792944527490564e-07,4.6752208600283974e-05,0.8972004343649247,70,highpass
1.1279216892745794e-07,4.6961839290151647e-07,1.8285041280198944e-07,2.792944527490564e-07,4.6752208600283974e-05,0.892038598617322,70,highpass
1.1033849250864494e-07,4.646655098042938e-07,1.8285041280198944e-07,2.792944527490564e-07,4.6752208600283974e-05,0.897003542286093,70,highpass
1.1033849250864494e-07,4.6961839290151647e-07,1.8281690171942555e-07,2.792944527490564e-07,4.6752208600283974e-05,0.8972004343649247,70,highpass
1.1033849250864494e-07,4.6961839290151647e-07,1.8281690171942555e-07,2.792944527490564e-07,4.6752208600283974e-05,0.8972004343649247,70,highpass
1.1033849250864494e-07,4.6961839290151647e-07,1.8285041280198944e-07,2.0039298457247358e-07,4.6752208600283974e-05,0.8649716261971246,70,highpass
1.1033849250864494e-07,4.6961839290151647e-07,1.8285041280198944e-07,2.792944527490564e-07,4.6752208600283974e-05,0.8972004343649247,70,highpass
1.1033849250864494e-07,3.533820674523514e-07,1.8281690171942555e-07,2.792944527490564e-07,4.6752208600283974e-05,0.8257778529663296,70,highpass
1.1033849250864494e-07,4.6961839290151647e-07,1.8285041280198944e-07,2.792944527490564e-07,4.6752208600283974e-05,0.8972004343649247,70,highpass
1.1033849250864494e-07,4.6961839290151647e-07,1.8285041280198944e-07,2.792944527490564e-07,4.6752208600283974e-05,0.8972004343649247,70,highpass
1.1033849250864494e-07,4.6961839290151647e-07,1.8285041280198944e-07,2.792944527490564e-07,4.6752208600283974e-05,0.8972004343649247,70,highpass
1.1033849250864494e-07,4.6961839290151647e-07,1.8281690171942555e-07,2.792944527490564e-07,4.6752208600283974e-05,0.8972004343649247,70,highpass
1.1033849250864494e-07,4.7174597036542713e-07,1.8285041280198944e-07,2.792944527490564e-07,4.6752208600283974e-05,0.8972150829863237,70,highpass
1.1033849250864494e-07,4.6961839290151647e-07,1.8285041280198944e-07,2.792944527490564e-07,4.6752208600283974e-05,0.8972004343649247,70,highpass
1.1033849250864494e-07,4.6961839290151647e-07,1.8285041280198944e-07,2.792944527490564e-07,4.6752208600283974e-05,0.8972004343649247,70,highpass
1.1033849250864494e-07,4.6961839290151647e-07,1.8285041280198944e-07,2.792944527490564e-07,4.6752208600283974e-05,0.8972004343649247,70,highpass
1.1033849250864494e-07,4.6961839290151647e-07,1.8281690171942555e-07,2.792944527490564e-07,4.6752208600283974e-05,0.8972004343649247,70,highpass
1.1033849250864494e-07,4.6961839290151647e-07,1.8285041280198944e-07,2.792944527490564e-07,4.6752208600283974e-05,0.8972004343649247,70,highpass
1.1033849250864494e-07,4.6961839290151647e-07,1.8285041280198944e-07,2.8308329772673194e-07,4.843113740170107e-05,0.892258983260626,70,highpass
1.1033849250864494e-07,4.6961839290151647e-07,1.8285041280198944e-07,2.792944527490564e-07,4.6752208600283974e-05,0.8972004343649247,70,highpass
1.1033849250864494e-07,4.7174597036542713e-07,1.8285041280198944e-07,2.792944527490564e-07,4.6752208600283974e-05,0.8972150829863237,70,highpass
1.1033849250864494e-07,4.6961839290151647e-07,1.8285041280198944e-07,2.792944527490564e-07,4.6752208600283974e-05,0.8972004343649247,70,highpass
1.1033849250864494e-07,4.4768426858459627e-07,1.8285041280198944e-07,2.792944527490564e-07,4.6752208600283974e-05,0.8958765371908182,70,highpass
1.1033849250864494e-07,4.6961839290151647e-07,1.8285041280198944e-07,2.792944527490564e-07,4.6752208600283974e-05,0.8972004343649247,70,highpass
1.1033849250864494e-07,4.6961839290151647e-07,1.8285041280198944e-07,2.792944527490564e-07,4.6752208600283974e-05,0.8972004343649247,70,highpass
1.1033849250864494e-07,4.4768426858459627e-07,1.8285041280198944e-07,2.792944527490564e-07,4.6752208600283974e-05,0.8958765371908182,70,highpass
1.1033849250864494e-07,4.6961839290151647e-07,1.8285041280198944e-07,2.792944527490564e-07,4.6752208600283974e-05,0.8972004343649247,70,highpass
1.1033849250864494e-07,4.6961839290151647e-07,1.8285041280198944e-07,2.792944527490564e-07,4.6752208600283974e-05,0.8972004343649247,70,highpass
1.1033849250864494e-07,4.371577663441923e-07,1.8281690171942555e-07,2.792944527490564e-07,4.6752208600283974e-05,0.8907775767676511,70,highpass
1.1033849250864494e-07,4.6961839290151647e-07,1.7014971581939378e-07,2.792944527490564e-07,4.6752208600283974e-05,0.8926609216193212,70,highpass
1.1033849250864494e-07,4.7174597036542713e-07,1.8285041280198944e-07,2.792944527490564e-07,4.6752208600283974e-05,0.8972150829863237,71,highpass
1.1033849250864494e-07,4.7174597036542713e-07,1.8285041280198944e-07,2.792944527490564e-07,4.6752208600283974e-05,0.8972150829863237,71,highpass
1.1033849250864494e-07,4.7174597036542713e-07,1.8285041280198944e-07,2.792944527490564e-07,4.6752208600283974e-05,0.8972150829863237,71,highpass
1.1033849250864494e-07,4.6961839290151647e-07,1.8285041280198944e-07,2.792944527490564e-07,4.6752208600283974e-05,0.8972004343649247,71,highpass
1.1033849250864494e-07,4.7174597036542713e-07,1.8285041280198944e-07,2.792944527490564e-07,4.6752208600283974e-05,0.8972150829863237,71,highpass
1.1033849250864494e-07,4.6961839290151647e-07,1.8285041280198944e-07,2.792944527490564e-07,4.6752208600283974e-05,0.8972004343649247,71,highpass
1.1033849250864494e-07,4.7174597036542713e-07,1.8285041280198944e-07,2.792944527490564e-07,4.6752208600283974e-05,0.8972150829863237,71,highpass
1.1033849250864494e-07,4.6961839290151647e-07,1.8285041280198944e-07,2.792944527490564e-07,4.6752208600283974e-05,0.8972004343649247,71,highpass
1.1337256601173084e-07,4.7174597036542713e-07,1.8285041280198944e-07,2.792944527490564e-07,4.6752208600283974e-05,0.8947733269121526,71,highpass
1.1033849250864494e-07,4.7174597036542713e-07,1.8285041280198944e-07,2.792944527490564e-07,4.6752208600283974e-05,0.8972150829863237,71,highpass
1.1033849250864494e-07,4.7174597036542713e-07,1.8285041280198944e-07,2.792944527490564e-07,4.6752208600283974e-05,0.8972150829863237,71,highpass
1.1033849250864494e-07,4.7174597036542713e-07,1.8285041280198944e-07,2.792944527490564e-07,4.6752208600283974e-05,0.8972150829863237,71,highpass
1.1033849250864494e-07,4.7174597036542713e-07,1.8285041280198944e-07,2.792944527490564e-07,4.614396454430949e-05,0.8918512425115178,71,highpass
1.1033849250864494e-07,4.6961839290151647e-07,1.8285041280198944e-07,2.792944527490564e-07,4.6752208600283974e-05,0.8972004343649247,71,highpass
1.1033849250864494e-07,4.6961839290151647e-07,1.8285041280198944e-07,2.792944527490564e-07,4.6752208600283974e-05,0.8972004343649247,71,highpass
1.1033849250864494e-07,4.6961839290151647e-07,1.8281690171942555e-07,2.792944527490564e-07,4.6752208600283974e-05,0.8972004343649247,71,highpass
1.1033849250864494e-07,4.7174597036542713e-07,1.8285041280198944e-07,2.792944527490564e-07,4.6752208600283974e-05,0.8972150829863237,71,highpass
1.1033849250864494e-07,4.6961839290151647e-07,1.8285041280198944e-07,2.792944527490564e-07,4.6752208600283974e-05,0.8972004343649247,71,highpass
1.1033849250864494e-07,4.6961839290151647e-07,1.8285041280198944e-07,2.792944527490564e-07,4.6752208600283974e-05,0.8972004343649247,71,highpass
1.1033849250864494e-07,4.6961839290151647e-07,1.8285041280198944e-07,2.792944527490564e-07,4.6752208600283974e-05,0.8972004343649247,71,highpass
1.1033849250864494e-07,4.6961839290151647e-07,1.8161211674927348e-07,2.792944527490564e-07,4.6752208600283974e-05,0.8950948031567433,71,highpass
1.1581629478983389e-07,4.6961839290151647e-07,1.8285041280198944e-07,2.792944527490564e-07,4.6752208600283974e-05,0.8934648302597091,71,highpass
1.1033849250864494e-07,4.7174597036542713e-07,1.8285041280198944e-07,2.792944527490564e-07,4.6752208600283974e-05,0.8972150829863237,71,highpass
1.1033849250864494e-07,4.6961839290151647e-07,1.8285041280198944e-07,2.792944527490564e-07,4.6752208600283974e-05,0.8972004343649247,71,highpass
1.1033849250864494e-07,4.6961839290151647e-07,1.8285041280198944e-07,2.792944527490564e-07,4.6752208600283974e-05,0.8972004343649247,71,highpass
1.1033849250864494e-07,4.7174597036542713e-07,1.8285041280198944e-07,2.792944527490564e-07,4.6752208600283974e-05,0.8972150829863237,71,highpass
1.1033849250864494e-07,4.6961839290151647e-07,1.8285041280198944e-07,2.792944527490564e-07,4.6752208600283974e-05,0.8972004343649247,71,highpass
1.1033849250864494e-07,4.6961839290151647e-07,1.8281690171942555e-07,2.792944527490564e-07,4.6752208600283974e-05,0.8972004343649247,71,highpass
1.1033849250864494e-07,4.6961839290151647e-07,1.8285041280198944e-07,2.792944527490564e-07,4.6752208600283974e-05,0.8972004343649247,71,highpass
1.1033849250864494e-07,4.6961839290151647e-07,1.8281690171942555e-07,2.792944527490564e-07,4.6752208600283974e-05,0.8972004343649247,71,highpass
1.1033849250864494e-07,4.6961839290151647e-07,1.8281690171942555e-07,2.792944527490564e-07,4.6752208600283974e-05,0.8972004343649247,71,highpass
1.1033849250864494e-07,4.6961839290151647e-07,1.8281690171942555e-07,2.792944527490564e-07,4.6752208600283974e-05,0.8972004343649247,71,highpass
1.1033849250864494e-07,4.6961839290151647e-07,1.8285041280198944e-07,2.792944527490564e-07,4.6752208600283974e-05,0.8972004343649247,71,highpass
1.1033849250864494e-07,4.6961839290151647e-07,1.8285041280198944e-07,2.792944527490564e-07,4.6752208600283974e-05,0.8972004343649247,71,highpass
1.1033849250864494e-07,4.7174597036542713e-07,1.8285041280198944e-07,2.792944527490564e-07,4.6752208600283974e-05,0.8972150829863237,71,highpass
1.1033849250864494e-07,4.6961839290151647e-07,1.8281690171942555e-07,2.792944527490564e-07,4.6752208600283974e-05,0.8972004343649247,71,highpass
1.1033849250864494e-07,4.7174597036542713e-07,1.8285041280198944e-07,2.792944527490564e-07,4.6752208600283974e-05,0.8972150829863237,71,highpass
1.1033849250864494e-07,4.6961839290151647e-07,1.8285041280198944e-07,2.792944527490564e-07,4.6752208600283974e-05,0.8972004343649247,71,highpass
1.1033849250864494e-07,4.7174597036542713e-07,1.8285041280198944e-07,2.7185569818624143e-07,4.6752208600283974e-05,0.8966370088221404,71,highpass
1.1033849250864494e-07,4.7174597036542713e-07,1.8285041280198944e-07,2.792944527490564e-07,4.6752208600283974e-05,0.8972150829863237,71,highpass
1.1033849250864494e-07,4.7174597036542713e-07,1.8285041280198944e-07,2.792944527490564e-07,4.6752208600283974e-05,0.8972150829863237,72,highpass
1.1033849250864494e-07,4.7174597036542713e-07,1.8285041280198944e-07,2.792944527490564e-07,4.6752208600283974e-05,0.8972150829863237,72,highpass
1.1033849250864494e-07,4.7174597036542713e-07,1.8285041280198944e-07,2.792944527490564e-07,4.6752208600283974e-05,0.8972150829863237,72,highpass
1.1033849250864494e-07,4.7174597036542713e-07,1.8285041280198944e-07,2.792944527490564e-07,4.6752208600283974e-05,0.8972150829863237,72,highpass
1.1033849250864494e-07,4.7174597036542713e-07,1.8285041280198944e-07,2.792944527490564e-07,4.6752208600283974e-05,0.8972150829863237,72,highpass
1.1033849250864494e-07,4.7174597036542713e-07,1.8285041280198944e-07,2.792944527490564e-07,4.6752208600283974e-05,0.8972150829863237,72,highpass
1.1425682677839479e-07,4.7174597036542713e-07,1.8285041280198944e-07,2.792944527490564e-07,4.6752208600283974e-05,0.8900178198001842,72,highpass
1.1033849250864494e-07,4.7174597036542713e-07,1.8285041280198944e-07,2.792944527490564e-07,4.6752208600283974e-05,0.8972150829863237,72,highpass
1.1033849250864494e-07,4.7174597036542713e-07,1.8285041280198944e-07,2.792944527490564e-07,4.6752208600283974e-05,0.8972150829863237,72,highpass
1.1033849250864494e-07,4.508941657090035e-07,1.8285041280198944e-07,2.792944527490564e-07,4.6752208600283974e-05,0.8964343647867612,72,highpass
1.1033849250864494e-07,4.7174597036542713e-07,1.8285041280198944e-07,2.792944527490564e-07,4.6752208600283974e-05,0.8972150829863237,72,highpass
1.1033849250864494e-07,4.7174597036542713e-07,1.870223358869251e-07,2.792944527490564e-07,4.6752208600283974e-05,0.8929596369341719,72,highpass
1.1033849250864494e-07,4.7174597036542713e-07,1.8285041280198944e-07,2.792944527490564e-07,4.6752208600283974e-05,0.8972150829863237,72,highpass
1.1033849250864494e-07,4.7174597036542713e-07,1.8285041280198944e-07,2.792944527490564e-07,4.6752208600283974e-05,0.8972150829863237,72,highpass
1.1033849250864494e-07,4.7174597036542713e-07,1.8285041280198944e-07,2.792944527490564e-07,4.6752208600283974e-05,0.8972150829863237,72,highpass
2.2495227168467107e-07,4.7174597036542713e-07,1.8285041280198944e-07,2.792944527490564e-07,4.6752208600283974e-05,0.7397505934077446,72,highpass
1.1033849250864494e-07,4.6961839290151647e-07,1.8285041280198944e-07,2.825898363671591e-07,4.6752208600283974e-05,0.8971182014034604,72,highpass
1.1033849250864494e-07,4.7174597036542713e-07,1.8285041280198944e-07,2.792944527490564e-07,4.6752208600283974e-05,0.8972150829863237,72,highpass
1.1033849250864494e-07,4.7174597036542713e-07,1.8285041280198944e-07,2.792944527490564e-07,4.6752208600283974e-05,0.8972150829863237,72,highpass
1.1033849250864494e-07,4.6961839290151647e-07,1.8281690171942555e-07,2.792944527490564e-07,4.6752208600283974e-05,0.8972004343649247,72,highpass
1.1033849250864494e-07,4.6961839290151647e-07,1.8285041280198944e-07,2.792944527490564e-07,4.6752208600283974e-05,0.8972004343649247,72,highpass
1.1033849250864494e-07,4.7174597036542713e-07,1.8285041280198944e-07,2.792944527490564e-07,4.6752208600283974e-05,0.8972150829863237,72,highpass
1.1033849250864494e-07,4.7174597036542713e-07,1.8285041280198944e-07,2.792944527490564e-07,4.6752208600283974e-05,0.8972150829863237,72,highpass
1.1033849250864494e-07,4.7174597036542713e-07,1.8285041280198944e-07,2.419461486337336e-07,4.6752208600283974e-05,0.8907625174630276,72,highpass
1.1033849250864494e-07,4.7174597036542713e-07,1.8285041280198944e-07,2.792944527490564e-07,4.6752208600283974e-05,0.8972150829863237,72,highpass
1.1033849250864494e-07,5.883064316708212e-07,1.8285041280198944e-07,2.792944527490564e-07,4.6752208600283974e-05,0.8434882012168364,72,highpass
1.1033849250864494e-07,4.7174597036542713e-07,1.8285041280198944e-07,2.792944527490564e-07,4.6752208600283974e-05,0.8972150829863237,72,highpass
1.1033849250864494e-07,4.7174597036542713e-07,1.8285041280198944e-07,2.792944527490564e-07,4.6752208600283974e-05,0.8972150829863237,72,highpass
1.1033849250864494e-07,4.7174597036542713e-07,1.8285041280198944e-07,2.792944527490564e-07,4.6752208600283974e-05,0.8972150829863237,72,highpass
1.1033849250864494e-07,4.7174597036542713e-07,1.8285041280198944e-07,2.792944527490564e-07,4.6752208600283974e-05,0.8972150829863237,72,highpass
1.1033849250864494e-07,4.7174597036542713e-07,1.8285041280198944e-07,2.792944527490564e-07,4.6752208600283974e-05,0.8972150829863237,72,highpass
1.1033849250864494e-07,4.5583878945130713e-07,1.8285041280198944e-07,2.792944527490564e-07,4.6752208600283974e-05,0.8968173858340722,72,highpass
1.1033849250864494e-07,4.7174597036542713e-07,1.8285041280198944e-07,2.792944527490564e-07,4.6752208600283974e-05,0.8972150829863237,72,highpass
1.1033849250864494e-07,4.7174597036542713e-07,1.8285041280198944e-07,2.792944527490564e-07,4.6752208600283974e-05,0.8972150829863237,72,highpass
1.1033849250864494e-07,4.7174597036542713e-07,1.8285041280198944e-07,2.792944527490564e-07,4.6752208600283974e-05,0.8972150829863237,72,highpass
1.1033849250864494e-07,4.7174597036542713e-07,1.8285041280198944e-07,2.792944527490564e-07,4.6752208600283974e-05,0.8972150829863237,72,highpass
1.1033849250864494e-07,4.7174597036542713e-07,1.8285041280198944e-07,2.792944527490564e-07,4.6752208600283974e-05,0.8972150829863237,72,highpass
1.1033849250864494e-07,4.7174597036542713e-07,1.8285041280198944e-07,2.792944527490564e-07,4.6752208600283974e-05,0.8972150829863237,72,highpass
1.1033849250864494e-07,4.7174597036542713e-07,1.8285041280198944e-07,2.792944527490564e-07,4.6752208600283974e-05,0.8972150829863237,72,highpass
1.1033849250864494e-07,4.7174597036542713e-07,1.8285041280198944e-07,2.792944527490564e-07,4.6752208600283974e-05,0.8972150829863237,72,highpass
1.1033849250864494e-07,4.7174597036542713e-07,1.8285041280198944e-07,2.792944527490564e-07,4.6752208600283974e-05,0.8972150829863237,73,highpass
1.0784274342455361e-07,4.7174597036542713e-07,1.8285041280198944e-07,2.792944527490564e-07,4.6752208600283974e-05,0.8941233673480812,73,highpass
1.1033849250864494e-07,4.7174597036542713e-07,1.8285041280198944e-07,2.792944527490564e-07,4.6752208600283974e-05,0.8972150829863237,73,highpass
1.1033849250864494e-07,4.7174597036542713e-07,1.8285041280198944e-07,2.792944527490564e-07,4.6752208600283974e-05,0.8972150829863237,73,highpass
1.1033849250864494e-07,4.7174597036542713e-07,1.8285041280198944e-07,2.792944527490564e-07,4.6752208600283974e-05,0.8972150829863237,73,highpass
1.1033849250864494e-07,4.7174597036542713e-07,1.8285041280198944e-07,2.792944527490564e-07,4.6752208600283974e-05,0.8972150829863237,73,highpass
1.1033849250864494e-07,4.7174597036542713e-07,1.8285041280198944e-07,2.792944527490564e-07,4.6752208600283974e-05,0.8972150829863237,73,highpass
1.1033849250864494e-07,4.7174597036542713e-07,1.8285041280198944e-07,2.792944527490564e-07,4.6752208600283974e-05,0.8972150829863237,73,highpass
1.1033849250864494e-07,4.7174597036542713e-07,1.8285041280198944e-07,2.792944527490564e-07,4.8307464726524824e-05,0.8922174202874592,73,highpass
1.1033849250864494e-07,4.7174597036542713e-07,1.8285041280198944e-07,2.792944527490564e-07,4.6752208600283974e-05,0.8972150829863237,73,highpass
1.1033849250864494e-07,4.7174597036542713e-07,1.8285041280198944e-07,2.792944527490564e-07,4.6752208600283974e-05,0.8972150829863237,73,highpass
1.1033849250864494e-07,4.7174597036542713e-07,1.8285041280198944e-07,2.792944527490564e-07,4.6752208600283974e-05,0.8972150829863237,73,highpass
1.1033849250864494e-07,4.7174597036542713e-07,1.8285041280198944e-07,2.792944527490564e-07,4.6752208600283974e-05,0.8972150829863237,73,highpass
1.1033849250864494e-07,4.7174597036542713e-07,1.8285041280198944e-07,2.792944527490564e-07,4.6752208600283974e-05,0.8972150829863237,73,highpass
1.1033849250864494e-07,4.7174597036542713e-07,1.8285041280198944e-07,2.792944527490564e-07,4.6752208600283974e-05,0.8972150829863237,73,highpass
1.1666489888282506e-07,4.7174597036542713e-07,1.8285041280198944e-07,2.792944527490564e-07,4.6752208600283974e-05,0.8925070090592809,73,highpass
1.1033849250864494e-07,4.7174597036542713e-07,1.8285041280198944e-07,2.792944527490564e-07,4.6752208600283974e-05,0.8972150829863237,73,highpass
1.0667193443278213e-07,4.7174597036542713e-07,1.8285041280198944e-07,2.792944527490564e-07,4.6752208600283974e-05,0.8947202255787855,73,highpass
1.1033849250864494e-07,4.7174597036542713e-07,1.8285041280198944e-07,2.792944527490564e-07,4.6752208600283974e-05,0.8972150829863237,73,highpass
1.1033849250864494e-07,4.7174597036542713e-07,1.8285041280198944e-07,2.792944527490564e-07,4.6752208600283974e-05,0.8972150829863237,73,highpass
1.1033849250864494e-07,4.7174597036542713e-07,1.8285041280198944e-07,2.792944527490564e-07,4.6752208600283974e-05,0.8972150829863237,73,highpass
1.1033849250864494e-07,4.7174597036542713e-07,1.8285041280198944e-07,2.792944527490564e-07,4.6752208600283974e-05,0.8972150829863237,73,highpass
1.1033849250864494e-07,4.7174597036542713e-07,1.8285041280198944e-07,2.792944527490564e-07,4.6752208600283974e-05,0.8972150829863237,73,highpass
1.1033849250864494e-07,4.7174597036542713e-07,2.4271720954344557e-07,2.792944527490564e-07,4.6752208600283974e-05,0.7915043893395423,73,highpass
1.1033849250864494e-07,4.7174597036542713e-07,1.8285041280198944e-07,2.792944527490564e-07,4.6752208600283974e-05,0.8972150829863237,73,highpass
1.1033849250864494e-07,4.7174597036542713e-07,1.8285041280198944e-07,2.792944527490564e-07,4.6752208600283974e-05,0.8972150829863237,73,highpass
1.1033849250864494e-07,4.7174597036542713e-07,1.8285041280198944e-07,2.792944527490564e-07,4.6752208600283974e-05,0.8972150829863237,73,highpass
1.1033849250864494e-07,4.7174597036542713e-07,1.8285041280198944e-07,2.792944527490564e-07,4.6752208600283974e-05,0.8972150829863237,73,highpass
1.1033849250864494e-07,4.7174597036542713e-07,1.8285041280198944e-07,2.792944527490564e-07,4.6752208600283974e-05,0.8972150829863237,73,highpass
1.1033849250864494e-07,4.7174597036542713e-07,1.8285041280198944e-07,2.792944527490564e-07,4.6752208600283974e-05,0.8972150829863237,73,highpass
1.1033849250864494e-07,4.7174597036542713e-07,1.8285041280198944e-07,2.792944527490564e-07,4.6752208600283974e-05,0.8972150829863237,73,highpass
1.1033849250864494e-07,4.7174597036542713e-07,1.8285041280198944e-07,2.792944527490564e-07,4.6752208600283974e-05,0.8972150829863237,73,highpass
1.1033849250864494e-07,4.7174597036542713e-07,1.8285041280198944e-07,2.792944527490564e-07,4.6752208600283974e-05,0.8972150829863237,73,highpass
1.1033849250864494e-07,4.7174597036542713e-07,1.8285041280198944e-07,2.792944527490564e-07,4.6752208600283974e-05,0.8972150829863237,73,highpass
1.1033849250864494e-07,4.5840238408125205e-07,1.8285041280198944e-07,2.792944527490564e-07,4.6752208600283974e-05,0.8963204661299228,73,highpass
1.1033849250864494e-07,4.7174597036542713e-07,1.8285041280198944e-07,2.792944527490564e-07,4.6752208600283974e-05,0.8972150829863237,73,highpass
1.1033849250864494e-07,5.854760194500825e-07,1.8285041280198944e-07,2.792944527490564e-07,4.6752208600283974e-05,0.8450722539893283,73,highpass
1.1033849250864494e-07,4.819630985357222e-07,1.8285041280198944e-07,2.792944527490564e-07,4.6752208600283974e-05,0.8916468948971227,73,highpass
1.1033849250864494e-07,4.7174597036542713e-07,1.8285041280198944e-07,2.792944527490564e-07,4.6752208600283974e-05,0.8972150829863237,73,highpass
1.1033849250864494e-07,4.7174597036542713e-07,1.350355187029242e-07,2.792944527490564e-07,4.6752208600283974e-05,0.8601942853411177,73,highpass
1.1033849250864494e-07,4.7174597036542713e-07,1.8285041280198944e-07,2.792944527490564e-07,4.6752208600283974e-05,0.8972150829863237,74,highpass
1.1033849250864494e-07,4.7174597036542713e-07,1.8285041280198944e-07,2.792944527490564e-07,4.6752208600283974e-05,0.8972150829863237,74,highpass
1.1033849250864494e-07,4.7174597036542713e-07,1.8285041280198944e-07,2.9869196450297765e-07,4.6752208600283974e-05,0.8915845611900658,74,highpass
1.1033849250864494e-07,4.7174597036542713e-07,1.8285041280198944e-07,2.792944527490564e-07,4.6752208600283974e-05,0.8972150829863237,74,highpass
1.1033849250864494e-07,4.7174597036542713e-07,1.8285041280198944e-07,2.792944527490564e-07,4.6752208600283974e-05,0.8972150829863237,74,highpass
1.1033849250864494e-07,4.7174597036542713e-07,1.8285041280198944e-07,2.792944527490564e-07,4.6752208600283974e-05,0.8972150829863237,74,highpass
1.1033849250864494e-07,4.7174597036542713e-07,1.8285041280198944e-07,2.792944527490564e-07,4.6752208600283974e-05,0.8972150829863237,74,highpass
1.1033849250864494e-07,4.7174597036542713e-07,1.8285041280198944e-07,2.792944527490564e-07,4.6752208600283974e-05,0.8972150829863237,74,highpass
1.1033849250864494e-07,4.7174597036542713e-07,1.8285041280198944e-07,2.792944527490564e-07,4.6752208600283974e-05,0.8972150829863237,74,highpass
1.1033849250864494e-07,4.7174597036542713e-07,1.8285041280198944e-07,2.792944527490564e-07,4.6752208600283974e-05,0.8972150829863237,74,highpass
1.1033849250864494e-07,4.7174597036542713e-07,1.8285041280198944e-07,2.792944527490564e-07,4.6752208600283974e-05,0.8972150829863237,74,highpass
1.1033849250864494e-07,4.7174597036542713e-07,1.8285041280198944e-07,2.792944527490564e-07,4.6752208600283974e-05,0.8972150829863237,74,highpass
1.1033849250864494e-07,4.7174597036542713e-07,1.8285041280198944e-07,2.792944527490564e-07,4.6752208600283974e-05,0.8972150829863237,74,highpass
1.1033849250864494e-07,4.7174597036542713e-07,1.8285041280198944e-07,2.792944527490564e-07,4.6752208600283974e-05,0.8972150829863237,74,highpass
1.1033849250864494e-07,4.7174597036542713e-07,1.8285041280198944e-07,2.792944527490564e-07,4.6752208600283974e-05,0.8972150829863237,74,highpass
1.1033849250864494e-07,4.7174597036542713e-07,1.8285041280198944e-07,2.792944527490564e-07,4.6752208600283974e-05,0.8972150829863237,74,highpass
1.1033849250864494e-07,4.7174597036542713e-07,1.8285041280198944e-07,2.792944527490564e-07,4.6752208600283974e-05,0.8972150829863237,74,highpass
1.1033849250864494e-07,4.7174597036542713e-07,1.8285041280198944e-07,2.792944527490564e-07,4.6752208600283974e-05,0.8972150829863237,74,highpass
1.1033849250864494e-07,4.7174597036542713e-07,1.8285041280198944e-07,2.792944527490564e-07,4.6752208600283974e-05,0.8972150829863237,74,highpass
1.3450331220343642e-07,4.7174597036542713e-07,1.8285041280198944e-07,2.792944527490564e-07,4.6752208600283974e-05,0.8840207248123547,74,highpass
1.1033849250864494e-07,4.7174597036542713e-07,1.8285041280198944e-07,2.792944527490564e-07,4.6752208600283974e-05,0.8972150829863237,74,highpass
1.1033849250864494e-07,5.126038794349407e-07,1.8285041280198944e-07,2.792944527490564e-07,4.6752208600283974e-05,0.8848991612937896,74,highpass
1.1033849250864494e-07,4.7174597036542713e-07,1.8285041280198944e-07,2.792944527490564e-07,4.6752208600283974e-05,0.8972150829863237,74,highpass
1.1033849250864494e-07,4.7174597036542713e-07,1.8285041280198944e-07,2.792944527490564e-07,4.6752208600283974e-05,0.8972150829863237,74,highpass
1.1033849250864494e-07,4.7174597036542713e-07,1.8285041280198944e-07,2.792944527490564e-07,4.6752208600283974e-05,0.8972150829863237,74,highpass
1.1033849250864494e-07,4.7174597036542713e-07,1.8285041280198944e-07,2.792944527490564e-07,4.6752208600283974e-05,0.8972150829863237,74,highpass
1.1033849250864494e-07,4.7174597036542713e-07,1.8285041280198944e-07,2.792944527490564e-07,4.6752208600283974e-05,0.8972150829863237,74,highpass
1.1033849250864494e-07,4.7174597036542713e-07,1.8285041280198944e-07,2.792944527490564e-07,4.6752208600283974e-05,0.8972150829863237,74,highpass
1.1033849250864494e-07,3.428005222240455e-07,1.8285041280198944e-07,2.792944527490564e-07,4.6752208600283974e-05,0.8149739259528784,74,highpass
1.1033849250864494e-07,4.7174597036542713e-07,1.8285041280198944e-07,2.792944527490564e-07,4.6752208600283974e-05,0.8972150829863237,74,highpass
1.1033849250864494e-07,4.7174597036542713e-07,1.8285041280198944e-07,2.792944527490564e-07,4.6752208600283974e-05,0.8972150829863237,74,highpass
1.1033849250864494e-07,4.7174597036542713e-07,1.8285041280198944e-07,2.792944527490564e-07,4.6752208600283974e-05,0.8972150829863237,74,highpass
1.1033849250864494e-07,4.7174597036542713e-07,1.8285041280198944e-07,2.792944527490564e-07,4.6752208600283974e-05,0.8972150829863237,74,highpass
1.1033849250864494e-07,4.7174597036542713e-07,1.8285041280198944e-07,2.792944527490564e-07,4.6752208600283974e-05,0.8972150829863237,74,highpass
1.1033849250864494e-07,4.7174597036542713e-07,1.8285041280198944e-07,2.792944527490564e-07,4.6752208600283974e-05,0.8972150829863237,74,highpass
1.1033849250864494e-07,4.7174597036542713e-07,1.8285041280198944e-07,2.792944527490564e-07,4.6752208600283974e-05,0.8972150829863237,74,highpass
1.1033849250864494e-07,4.7174597036542713e-07,1.8285041280198944e-07,2.792944527490564e-07,4.6752208600283974e-05,0.8972150829863237,74,highpass
1.1033849250864494e-07,4.7174597036542713e-07,1.8285041280198944e-07,2.792944527490564e-07,4.6752208600283974e-05,0.8972150829863237,74,highpass
1.1033849250864494e-07,4.7174597036542713e-07,1.8285041280198944e-07,2.792944527490564e-07,4.6752208600283974e-05,0.8972150829863237,74,highpass
1.1033849250864494e-07,4.7174597036542713e-07,1.8285041280198944e-07,2.792944527490564e-07,4.66804838861251e-05,0.8972142744424664,74,highpass
1.1033849250864494e-07,4.7174597036542713e-07,1.8285041280198944e-07,2.792944527490564e-07,4.6752208600283974e-05,0.8972150829863237,75,highpass
1.0606019280746307e-07,4.7174597036542713e-07,1.8285041280198944e-07,2.792944527490564e-07,4.6752208600283974e-05,0.8923336046810203,75,highpass
1.1033849250864494e-07,4.7219781512363856e-07,1.8285041280198944e-07,2.792944527490564e-07,4.6752208600283974e-05,0.8972150829863237,75,highpass
1.1033849250864494e-07,4.7174597036542713e-07,1.8285041280198944e-07,2.792944527490564e-07,4.6752208600283974e-05,0.8972150829863237,75,highpass
1.1033849250864494e-07,4.7174597036542713e-07,1.8285041280198944e-07,2.792944527490564e-07,4.6752208600283974e-05,0.8972150829863237,75,highpass
1.1033849250864494e-07,4.7174597036542713e-07,1.8285041280198944e-07,2.801801399969175e-07,4.6752208600283974e-05,0.8971831298502593,75,highpass
1.1033849250864494e-07,4.7174597036542713e-07,1.8285041280198944e-07,2.792944527490564e-07,4.6752208600283974e-05,0.8972150829863237,75,highpass
1.1033849250864494e-07,4.7174597036542713e-07,1.8285041280198944e-07,2.792944527490564e-07,4.6752208600283974e-05,0.8972150829863237,75,highpass
1.1033849250864494e-07,4.7174597036542713e-07,1.8285041280198944e-07,2.792944527490564e-07,4.6752208600283974e-05,0.8972150829863237,75,highpass
1.1033849250864494e-07,4.7174597036542713e-07,1.8285041280198944e-07,2.792944527490564e-07,4.6752208600283974e-05,0.8972150829863237,75,highpass
1.1033849250864494e-07,4.7174597036542713e-07,1.8285041280198944e-07,2.792944527490564e-07,4.6752208600283974e-05,0.8972150829863237,75,highpass
1.1033849250864494e-07,4.769489914850688e-07,1.8285041280198944e-07,2.792944527490564e-07,4.6752208600283974e-05,0.8935493727736344,75,highpass
1.1033849250864494e-07,4.7174597036542713e-07,1.8285041280198944e-07,2.792944527490564e-07,4.6752208600283974e-05,0.8972150829863237,75,highpass
1.1033849250864494e-07,4.7174597036542713e-07,1.8285041280198944e-07,2.792944527490564e-07,4.6752208600283974e-05,0.8972150829863237,75,highpass
1.1033849250864494e-07,4.7174597036542713e-07,1.8285041280198944e-07,2.792944527490564e-07,4.6752208600283974e-05,0.8972150829863237,75,highpass
1.1033849250864494e-07,4.7174597036542713e-07,1.8285041280198944e-07,2.792944527490564e-07,4.6752208600283974e-05,0.8972150829863237,75,highpass
1.1033849250864494e-07,4.7174597036542713e-07,1.8285041280198944e-07,2.792944527490564e-07,4.6752208600283974e-05,0.8972150829863237,75,highpass
1.1033849250864494e-07,4.7174597036542713e-07,1.8285041280198944e-07,2.792944527490564e-07,4.6752208600283974e-05,0.8972150829863237,75,highpass
1.1033849250864494e-07,4.7174597036542713e-07,1.8285041280198944e-07,2.792944527490564e-07,4.6752208600283974e-05,0.8972150829863237,75,highpass
1.2400228632134038e-07,4.7174597036542713e-07,1.8285041280198944e-07,2.792944527490564e-07,4.6752208600283974e-05,0.8853011839941671,75,highpass
1.1033849250864494e-07,4.7174597036542713e-07,1.8285041280198944e-07,2.792944527490564e-07,4.6752208600283974e-05,0.8972150829863237,75,highpass
1.1033849250864494e-07,4.7174597036542713e-07,1.8285041280198944e-07,2.792944527490564e-07,4.6752208600283974e-05,0.8972150829863237,75,highpass
1.1033849250864494e-07,4.7174597036542713e-07,1.8285041280198944e-07,2.792944527490564e-07,4.6752208600283974e-05,0.8972150829863237,75,highpass
1.1033849250864494e-07,4.7174597036542713e-07,1.8285041280198944e-07,2.792944527490564e-07,4.6752208600283974e-05,0.8972150829863237,75,highpass
1.1033849250864494e-07,4.7174597036542713e-07,1.8285041280198944e-07,2.792944527490564e-07,4.6752208600283974e-05,0.8972150829863237,75,highpass
1.1033849250864494e-07,4.7174597036542713e-07,1.8285041280198944e-07,2.792944527490564e-07,4.6752208600283974e-05,0.8972150829863237,75,highpass
1.1033849250864494e-07,4.7174597036542713e-07,1.8285041280198944e-07,2.792944527490564e-07,4.6752208600283974e-05,0.8972150829863237,75,highpass
1.1033849250864494e-07,4.7174597036542713e-07,1.8285041280198944e-07,2.0568088261370417e-07,4.6752208600283974e-05,0.8697645741154438,75,highpass
1.1033849250864494e-07,4.7174597036542713e-07,1.8285041280198944e-07,2.84940763440816e-07,4.6752208600283974e-05,0.8967150711506829,75,highpass
1.1033849250864494e-07,4.7174597036542713e-07,1.8285041280198944e-07,2.792944527490564e-07,4.6752208600283974e-05,0.8972150829863237,75,highpass
1.1033849250864494e-07,4.7174597036542713e-07,1.8285041280198944e-07,2.792944527490564e-07,4.6752208600283974e-05,0.8972150829863237,75,highpass
1.1033849250864494e-07,4.7174597036542713e-07,1.8285041280198944e-07,2.792944527490564e-07,4.6752208600283974e-05,0.8972150829863237,75,highpass
1.1033849250864494e-07,4.7174597036542713e-07,1.8285041280198944e-07,2.792944527490564e-07,4.6752208600283974e-05,0.8972150829863237,75,highpass
1.1033849250864494e-07,4.7174597036542713e-07,1.8285041280198944e-07,2.792944527490564e-07,4.6752208600283974e-05,0.8972150829863237,75,highpass
1.1033849250864494e-07,4.7174597036542713e-07,1.8285041280198944e-07,2.792944527490564e-07,4.6752208600283974e-05,0.8972150829863237,75,highpass
1.1033849250864494e-07,4.7174597036542713e-07,1.8285041280198944e-07,2.792944527490564e-07,4.6752208600283974e-05,0.8972150829863237,75,highpass
1.1033849250864494e-07,4.7174597036542713e-07,1.8285041280198944e-07,2.792944527490564e-07,4.6752208600283974e-05,0.8972150829863237,75,highpass
1.1033849250864494e-07,4.7174597036542713e-07,1.8285041280198944e-07,2.792944527490564e-07,4.6752208600283974e-05,0.8972150829863237,75,highpass
1.1033849250864494e-07,4.7174597036542713e-07,1.8285041280198944e-07,2.792944527490564e-07,4.6752208600283974e-05,0.8972150829863237,75,highpass
1.1033849250864494e-07,4.7174597036542713e-07,1.8285041280198944e-07,2.792944527490564e-07,4.6752208600283974e-05,0.8972150829863237,75,highpass
1.1033849250864494e-07,4.7174597036542713e-07,1.8285041280198944e-07,2.792944527490564e-07,4.6752208600283974e-05,0.8972150829863237,76,highpass
1.1033849250864494e-07,4.7219781512363856e-07,1.8285041280198944e-07,2.792944527490564e-07,4.6752208600283974e-05,0.8972150829863237,76,highpass
1.1033849250864494e-07,4.7174597036542713e-07,1.8285041280198944e-07,2.792944527490564e-07,4.6752208600283974e-05,0.8972150829863237,76,highpass
1.1033849250864494e-07,4.7219781512363856e-07,1.8285041280198944e-07,2.792944527490564e-07,4.6752208600283974e-05,0.8972150829863237,76,highpass
1.1033849250864494e-07,4.7174597036542713e-07,1.8285041280198944e-07,2.792944527490564e-07,4.6752208600283974e-05,0.8972150829863237,76,highpass
1.1033849250864494e-07,4.7174597036542713e-07,1.8285041280198944e-07,2.792944527490564e-07,4.6752208600283974e-05,0.8972150829863237,76,highpass
1.1033849250864494e-07,4.7174597036542713e-07,1.8285041280198944e-07,2.792944527490564e-07,4.6752208600283974e-05,0.8972150829863237,76,highpass
1.1033849250864494e-07,4.7174597036542713e-07,1.8285041280198944e-07,2.792944527490564e-07,4.6752208600283974e-05,0.8972150829863237,76,highpass
1.1033849250864494e-07,4.7174597036542713e-07,1.8285041280198944e-07,2.792944527490564e-07,4.6752208600283974e-05,0.8972150829863237,76,highpass
1.1033849250864494e-07,4.7174597036542713e-07,1.8285041280198944e-07,2.792944527490564e-07,4.6752208600283974e-05,0.8972150829863237,76,highpass
1.1033849250864494e-07,4.7174597036542713e-07,1.8285041280198944e-07,2.792944527490564e-07,4.6752208600283974e-05,0.8972150829863237,76,highpass
1.1033849250864494e-07,4.7174597036542713e-07,1.8285041280198944e-07,2.792944527490564e-07,4.6752208600283974e-05,0.8972150829863237,76,highpass
1.1033849250864494e-07,4.7174597036542713e-07,1.8285041280198944e-07,2.792944527490564e-07,4.6752208600283974e-05,0.8972150829863237,76,highpass
1.1033849250864494e-07,4.7174597036542713e-07,1.8285041280198944e-07,2.792944527490564e-07,4.6752208600283974e-05,0.8972150829863237,76,highpass
1.1033849250864494e-07,4.7174597036542713e-07,1.8285041280198944e-07,2.792944527490564e-07,4.6752208600283974e-05,0.8972150829863237,76,highpass
1.1033849250864494e-07,4.7174597036542713e-07,1.8285041280198944e-07,2.792944527490564e-07,4.6752208600283974e-05,0.8972150829863237,76,highpass
1.1033849250864494e-07,4.7174597036542713e-07,1.8285041280198944e-07,2.792944527490564e-07,4.6752208600283974e-05,0.8972150829863237,76,highpass
1.1033849250864494e-07,4.7174597036542713e-07,1.8285041280198944e-07,2.792944527490564e-07,4.6752208600283974e-05,0.8972150829863237,76,highpass
1.1033849250864494e-07,4.7174597036542713e-07,1.8285041280198944e-07,2.792944527490564e-07,4.6752208600283974e-05,0.8972150829863237,76,highpass
1.1033849250864494e-07,4.7174597036542713e-07,1.8285041280198944e-07,2.792944527490564e-07,4.6752208600283974e-05,0.8972150829863237,76,highpass
1.1033849250864494e-07,4.792898181522186e-07,1.8285041280198944e-07,2.792944527490564e-07,4.6752208600283974e-05,0.8926261217627469,76,highpass
1.1033849250864494e-07,4.7174597036542713e-07,1.8285041280198944e-07,2.792944527490564e-07,4.6752208600283974e-05,0.8972150829863237,76,highpass
1.1033849250864494e-07,4.7174597036542713e-07,1.8285041280198944e-07,2.792944527490564e-07,4.6752208600283974e-05,0.8972150829863237,76,highpass
1.1033849250864494e-07,4.7174597036542713e-07,1.8285041280198944e-07,2.792944527490564e-07,4.6752208600283974e-05,0.8972150829863237,76,highpass
1.1033849250864494e-07,4.7174597036542713e-07,1.8285041280198944e-07,2.792944527490564e-07,4.6752208600283974e-05,0.8972150829863237,76,highpass
1.1033849250864494e-07,4.7174597036542713e-07,1.8285041280198944e-07,2.792944527490564e-07,4.6752208600283974e-05,0.8972150829863237,76,highpass
1.1033849250864494e-07,4.7174597036542713e-07,1.8285041280198944e-07,2.792944527490564e-07,4.6752208600283974e-05,0.8972150829863237,76,highpass
1.1033849250864494e-07,4.7174597036542713e-07,1.8285041280198944e-07,2.792944527490564e-07,4.6752208600283974e-05,0.8972150829863237,76,highpass
1.1033849250864494e-07,4.7174597036542713e-07,1.8285041280198944e-07,2.792944527490564e-07,4.6752208600283974e-05,0.8972150829863237,76,highpass
1.1033849250864494e-07,4.7174597036542713e-07,1.8285041280198944e-07,2.792944527490564e-07,3.238655807688059e-05,0.8910416893603764,76,highpass
1.1033849250864494e-07,4.7174597036542713e-07,1.8285041280198944e-07,2.792944527490564e-07,4.825732013883078e-05,0.8925081974060154,76,highpass
1.1033849250864494e-07,4.7174597036542713e-07,1.8285041280198944e-07,2.792944527490564e-07,4.6752208600283974e-05,0.8972150829863237,76,highpass
1.1033849250864494e-07,4.7174597036542713e-07,1.8285041280198944e-07,2.792944527490564e-07,4.6752208600283974e-05,0.8972150829863237,76,highpass
1.1033849250864494e-07,4.7174597036542713e-07,1.8285041280198944e-07,2.792944527490564e-07,4.6752208600283974e-05,0.8972150829863237,76,highpass
1.1033849250864494e-07,4.7174597036542713e-07,1.8285041280198944e-07,2.792944527490564e-07,4.562703569816581e-05,0.8919740324487989,76,highpass
1.1033849250864494e-07,4.7174597036542713e-07,1.8285041280198944e-07,2.792944527490564e-07,4.6752208600283974e-05,0.8972150829863237,76,highpass
1.1033849250864494e-07,4.7174597036542713e-07,1.8285041280198944e-07,2.792944527490564e-07,4.6752208600283974e-05,0.8972150829863237,76,highpass
1.1033849250864494e-07,4.7174597036542713e-07,1.8285041280198944e-07,2.792944527490564e-07,4.6752208600283974e-05,0.8972150829863237,76,highpass
1.1033849250864494e-07,4.7174597036542713e-07,1.7762873615081303e-07,2.792944527490564e-07,4.6752208600283974e-05,0.8938865755370655,76,highpass
1.1033849250864494e-07,4.7174597036542713e-07,1.8285041280198944e-07,2.792944527490564e-07,4.6752208600283974e-05,0.8972150829863237,76,highpass
