s,w,l,height,total_length,fitness_score,generation,fitness_strategy
1.0397996398137245e-07,6.315839376073809e-07,1.8073267481610424e-07,2.6645634850213855e-07,2.4556770302691333e-05,-0.051996351824369014,1,highpass
2.0530603194804436e-07,6.743785817319214e-07,2.2018337040931406e-07,2.3310367081840822e-07,7.386134919480252e-06,0.2999958075760469,1,highpass
1.6224140731343821e-07,3.4018238438868593e-07,1.5901876726700777e-07,2.070754871841294e-07,4.7429240098758755e-05,0.2728960636648109,1,highpass
1.3734245296648446e-07,6.586568112674485e-07,2.304368714344876e-07,2.449399579501918e-07,1.8521611136048398e-05,-0.12251481765573075,1,highpass
2.1188022041785416e-07,6.707246398716561e-07,2.2480703656741007e-07,2.319094504597251e-07,4.655117336928788e-05,0.2999943082704757,1,highpass
1e-07,7e-07,1.4207500392135595e-07,1.5e-07,4.451679891418778e-05,0.12572268076856208,1,highpass
1.926580345632892e-07,6.474299230945873e-07,1.9857244091258972e-07,1.853386127908808e-07,3.40514345759131e-05,0.15372594389630523,1,highpass
1.836980614366025e-07,5.188922379693637e-07,2.0006669478537383e-07,3e-07,4.112015828478204e-05,0.1478403416106547,1,highpass
1.808429389597122e-07,6.722600393965005e-07,1.509118247831351e-07,2.955039138781667e-07,3.480488739804793e-05,0.09145729579932534,1,highpass
1.000830313160889e-07,4.798903346361845e-07,1.257129888757333e-07,3e-07,4.346412944629506e-05,0.15089905796906644,1,highpass
1.476468497912877e-07,3.846784327652607e-07,1.877697523097896e-07,2.4209500103201975e-07,1.083641431987181e-05,0.21706986788557547,1,highpass
1.0948632729368739e-07,3.1693527565956125e-07,1.0167247988763169e-07,2.3208843046971384e-07,3.382571262394445e-05,0.2756863430431659,1,highpass
1.1884435762573903e-07,3e-07,1.5111346614962314e-07,2.468748262430209e-07,3.212920725130424e-05,0.26873920794447664,1,highpass
1.1478212106794005e-07,4.351246081032032e-07,1e-07,2.660807208645024e-07,3.789184400692378e-05,0.22446986626830612,1,highpass
1.9079478191735427e-07,4.24481943213406e-07,2.15711796027676e-07,2.8315566937046565e-07,4.588604266381245e-05,0.19382531608266043,1,highpass
1.6195955165191802e-07,6.60106862250462e-07,2.0233868980335575e-07,2.4780979809199556e-07,4.9490345916384935e-05,0.09027782145333259,1,highpass
1.5365374393820877e-07,3.2523950988685105e-07,1e-07,2.877163368376601e-07,4.322788014789733e-05,0.2765730796169296,1,highpass
2.2539369579969513e-07,5.629724020235177e-07,1.7583963053785899e-07,2.9452239365552686e-07,9.158664347219384e-06,0.13017969092986867,1,highpass
2.1073865136176155e-07,3.65278281201532e-07,2.449498683735571e-07,2.4321011288329776e-07,3.683597454431125e-05,0.22428756663697938,1,highpass
1.4516892886748355e-07,7e-07,1e-07,2.097526661247533e-07,3.9255928207382236e-05,0.17853387206273846,1,highpass
2.274678495561133e-07,3.883000558495159e-07,1.3479505961144758e-07,2.7449944692477107e-07,1.7858230130070203e-05,0.2696330337372575,1,highpass
2.3559014498617775e-07,4.3309229106540536e-07,1.5913510329554174e-07,1.8334975848508124e-07,1.6447015142939674e-05,0.2638146736442352,1,highpass
1.0831037844734075e-07,3.2442336575832003e-07,1.5594502012963173e-07,2.7249902994327326e-07,2.5524615818850383e-05,0.24432805880571362,1,highpass
1.0989307831264283e-07,5.941000656461526e-07,1.7972648326328297e-07,2.2923758931419665e-07,3.365831720311514e-05,0.016757974355340675,1,highpass
1.8474285335552802e-07,5.049286640603613e-07,1.222734183930507e-07,2.7237661775967803e-07,4.116668295532214e-05,0.21004782330933067,1,highpass
1.6990140011651987e-07,6.63405282644837e-07,1.72667574552584e-07,2.9453688395422323e-07,2.4304324506851572e-05,-0.01904139175687598,1,highpass
1e-07,5.504948757042226e-07,2.111956657551413e-07,2.5006058562751267e-07,4.012376707729728e-05,0.08104154259929733,1,highpass
1.644836302327758e-07,5.115957814307226e-07,2.2816503008795167e-07,2.709725517406165e-07,3.778277836137663e-05,0.1551464781149029,1,highpass
1.5449852851094882e-07,6.634662719473937e-07,2.3958717873335866e-07,2.2360937658202018e-07,3.595007991600904e-05,0.2993140082463392,1,highpass
1.1107502953184596e-07,4.1635410833241905e-07,2.0470652840131488e-07,3e-07,3.752363980138738e-05,0.13255203131338814,1,highpass
1.482111753243801e-07,4.106469019013302e-07,1.521689198932011e-07,1.9662606115720215e-07,3.547200759702315e-05,0.24669528777990346,1,highpass
1.4151036889912853e-07,6.525317187614595e-07,2.0777079825137375e-07,1.735197498678218e-07,3.590304265667797e-05,0.10185932770392436,1,highpass
1e-07,3e-07,1.5638335240891205e-07,3e-07,4.227071530500541e-05,0.23353871134573229,1,highpass
2.496014529902305e-07,4.8761158863355e-07,2.3245844402793316e-07,2.7997094868790614e-07,1.7483313958273935e-05,0.30014454329669216,1,highpass
1.2884534874634292e-07,6.876557851905909e-07,1.2846092229287017e-07,1.987521217849249e-07,4.0272677854020714e-05,0.12197753917758034,1,highpass
1.2061202338697542e-07,5.75651761743821e-07,1.0171801303112951e-07,1.5918996042940904e-07,2.5980080533099438e-05,0.23411548021289288,1,highpass
1.120828618497505e-07,4.4644723919379e-07,2.405974754109747e-07,1.8477244424964242e-07,2.552415198396944e-05,0.1407905815412362,1,highpass
1.036711400092355e-07,3.8806115697901075e-07,1.55426660913691e-07,1.7025726453947644e-07,7.621634612001389e-06,0.25198611547250277,1,highpass
1.9698773146166577e-07,6.226515361897335e-07,1.4949336419403367e-07,3e-07,3.8074043192012224e-05,0.14416079117775812,1,highpass
1.4304367899015607e-07,3.666011396608308e-07,1.6027905381361068e-07,1.9263082099620795e-07,3.24884259535666e-05,0.2598170910291086,1,highpass
1.200049645748955e-07,4.916475658574383e-07,2.2697296706646476e-07,2.0288210141445026e-07,2.827326638077902e-05,0.11340723219310592,1,highpass
1.8090388108933554e-07,5.029639636452482e-07,1.2069954309206128e-07,2.474891340406324e-07,5.891240568569078e-06,0.23885507473815062,1,highpass
1.8534953818515912e-07,6.406737865701511e-07,1.6915495190663894e-07,2.695863380625855e-07,3.79347403296928e-05,0.13167053126718753,1,highpass
1.1950270449585115e-07,4.551241085908069e-07,1.1683587543091745e-07,1.5e-07,3.8556454277524094e-05,0.2593854416329682,1,highpass
2.1799060131846982e-07,6.417898581736953e-07,2.072459860765585e-07,2.2828582628027583e-07,3.6152685896269417e-05,0.29964024027163216,1,highpass
1.4306875409140727e-07,4.87714734639424e-07,2.2706384836860188e-07,2.566385892125563e-07,2.4229730912013234e-05,0.057127311178964746,1,highpass
1.3553258481912745e-07,3.5590125199028934e-07,1.194948666524686e-07,3e-07,4.4851028623452324e-05,0.24870342193262102,1,highpass
2.430167073710612e-07,5.544736291312e-07,2.250297126148457e-07,2.4102946178112503e-07,3.3989841584804276e-05,0.2999877880657417,1,highpass
1e-07,6.23121631371557e-07,1.7489657266357447e-07,2.1630503335642928e-07,4.158277715888061e-05,0.07394802710402096,1,highpass
1.0948477541195976e-07,3.872291532687238e-07,2.2448176758358417e-07,1.5e-07,3.2945448194198115e-05,0.23439288171141628,1,highpass
2.496014529902305e-07,4.8761158863355e-07,2.3245844402793316e-07,2.7997094868790614e-07,1.7483313958273935e-05,0.30014454329669216,2,highpass
2.274678495561133e-07,3.883000558495159e-07,1.3479505961144758e-07,2.7449944692477107e-07,1.7858230130070203e-05,0.2696330337372575,2,highpass
2.1188022041785416e-07,6.707246398716561e-07,2.2480703656741007e-07,2.319094504597251e-07,1.7483313958273935e-05,0.29999935084687607,2,highpass
1.0948632729368739e-07,6.743785817319214e-07,2.2018337040931406e-07,2.3310367081840822e-07,7.386134919480252e-06,-0.01247837937560141,2,highpass
1.8090388108933554e-07,5.029639636452482e-07,2.3245844402793316e-07,2.7997094868790614e-07,1.7483313958273935e-05,0.1198858422846754,2,highpass
1.0948632729368739e-07,3.1693527565956125e-07,1.0167247988763169e-07,2.7237661775967803e-07,4.116668295532214e-05,0.2704638741752314,2,highpass
1.6224140731343821e-07,6.417898581736953e-07,2.072459860765585e-07,2.2828582628027583e-07,3.6152685896269417e-05,0.12415166819410589,2,highpass
1.4304367899015607e-07,3.8806115697901075e-07,1.55426660913691e-07,1.7025726453947644e-07,7.621634612001389e-06,0.26790621826722,2,highpass
1.6224140731343821e-07,4.106469019013302e-07,1.521689198932011e-07,1.9662606115720215e-07,3.547200759702315e-05,0.24940818482187907,2,highpass
2.1799060131846982e-07,6.417898581736953e-07,1.0171801303112951e-07,1.5918996042940904e-07,2.5980080533099438e-05,0.2544923205261278,2,highpass
2.430167073710612e-07,5.544736291312e-07,2.250297126148457e-07,2.4102946178112503e-07,3.6152685896269417e-05,0.2999858473587608,2,highpass
2.1188022041785416e-07,3.8806115697901075e-07,1.55426660913691e-07,1.7025726453947644e-07,7.621634612001389e-06,0.28430540370073093,2,highpass
2.3559014498617775e-07,5.544736291312e-07,2.3127889462467582e-07,2.4102946178112503e-07,3.3989841584804276e-05,0.2999988020850809,2,highpass
2.430167073710612e-07,5.544736291312e-07,2.250297126148457e-07,2.4102946178112503e-07,3.24884259535666e-05,0.29999132975835424,2,highpass
1.5449852851094882e-07,6.634662719473937e-07,1e-07,2.877163368376601e-07,4.322788014789733e-05,0.12664679714045038,2,highpass
2.1188022041785416e-07,6.707246398716561e-07,2.2480703656741007e-07,2.3208843046971384e-07,3.382571262394445e-05,0.29999781940069314,2,highpass
1.5365374393820877e-07,3.2523950988685105e-07,1e-07,2.877163368376601e-07,4.7429240098758755e-05,0.2760802717370486,2,highpass
2.274678495561133e-07,3.883000558495159e-07,1.3479505961144758e-07,2.7449944692477107e-07,1.7483313958273935e-05,0.2644441041713924,2,highpass
1.1730754573413326e-07,5.544736291312e-07,2.250297126148457e-07,2.4102946178112503e-07,3.3989841584804276e-05,0.039585597042970266,2,highpass
1.036711400092355e-07,3.8806115697901075e-07,1.55426660913691e-07,2.3310367081840822e-07,7.386134919480252e-06,0.21628437925257835,2,highpass
1.0948632729368739e-07,3.1693527565956125e-07,2.250297126148457e-07,2.4102946178112503e-07,3.3989841584804276e-05,0.2129671985420087,2,highpass
2.1188022041785416e-07,3.086445723391853e-07,1.5594502012963173e-07,2.7249902994327326e-07,2.5524615818850383e-05,0.2797530273438203,2,highpass
1.3553258481912745e-07,3.5590125199028934e-07,1.194948666524686e-07,3e-07,4.227071530500541e-05,0.2514019611240648,2,highpass
2.1188022041785416e-07,6.417898581736953e-07,1.4615845500410646e-07,2.2828582628027583e-07,3.6152685896269417e-05,0.15472264553926604,2,highpass
2.0530603194804436e-07,3.4018238438868593e-07,1.5901876726700777e-07,2.070754871841294e-07,4.7429240098758755e-05,0.2822210305653174,2,highpass
2.274678495561133e-07,3.883000558495159e-07,1.5913510329554174e-07,1.8334975848508124e-07,1.6447015142939674e-05,0.2766040774000214,2,highpass
2.430167073710612e-07,5.544736291312e-07,1e-07,2.877163368376601e-07,4.322788014789733e-05,0.22218951781514473,2,highpass
2.430167073710612e-07,5.544736291312e-07,2.250297126148457e-07,2.4102946178112503e-07,3.3989841584804276e-05,0.2999877880657417,2,highpass
2.1188022041785416e-07,6.707246398716561e-07,2.2480703656741007e-07,2.319094504597251e-07,4.655117336928788e-05,0.2999943082704757,2,highpass
1.0948477541195976e-07,3.872291532687238e-07,1e-07,2.877163368376601e-07,4.322788014789733e-05,0.25210301399167956,2,highpass
2.430167073710612e-07,6.634662719473937e-07,2.3958717873335866e-07,2.2360937658202018e-07,3.595007991600904e-05,0.30020775407122885,2,highpass
1.3553258481912745e-07,3.5590125199028934e-07,1.194948666524686e-07,3e-07,4.4851028623452324e-05,0.24870342193262102,2,highpass
2.496014529902305e-07,4.8761158863355e-07,2.2480703656741007e-07,2.319094504597251e-07,4.655117336928788e-05,0.2889299298769881,2,highpass
1.036711400092355e-07,6.743785817319214e-07,2.2018337040931406e-07,2.3310367081840822e-07,7.386134919480252e-06,-0.033663287822296835,2,highpass
2.0530603194804436e-07,3.1693527565956125e-07,1.0167247988763169e-07,2.3208843046971384e-07,3.382571262394445e-05,0.2915390104690772,2,highpass
2.0530603194804436e-07,6.743785817319214e-07,2.2018337040931406e-07,2.3310367081840822e-07,7.386134919480252e-06,0.2999958075760469,2,highpass
2.070952728139146e-07,6.707246398716561e-07,2.2480703656741007e-07,2.3208843046971384e-07,3.382571262394445e-05,0.2999959028409314,2,highpass
2.1799060131846982e-07,3.2523950988685105e-07,1e-07,2.877163368376601e-07,4.322788014789733e-05,0.2875775632346912,2,highpass
2.274678495561133e-07,3.883000558495159e-07,1.3479505961144758e-07,2.3208843046971384e-07,3.382571262394445e-05,0.2697428223036038,2,highpass
2.1188022041785416e-07,6.743785817319214e-07,2.2018337040931406e-07,2.3310367081840822e-07,7.386134919480252e-06,0.29999933124962497,2,highpass
2.496014529902305e-07,4.8761158863355e-07,2.3245844402793316e-07,2.7997094868790614e-07,1.7483313958273935e-05,0.30014454329669216,2,highpass
2.1799060131846982e-07,6.417898581736953e-07,2.2018337040931406e-07,2.3310367081840822e-07,7.386134919480252e-06,0.29999921270293445,2,highpass
1.2061202338697542e-07,5.75651761743821e-07,1.0171801303112951e-07,1.5918996042940904e-07,4.655117336928788e-05,0.23785178461580322,2,highpass
1.5449852851094882e-07,6.634662719473937e-07,1.2069954309206128e-07,2.474891340406324e-07,5.891240568569078e-06,0.16104181147845453,2,highpass
1.5449852851094882e-07,6.606387945539586e-07,2.3958717873335866e-07,1.5e-07,3.8556454277524094e-05,0.14055411809894236,2,highpass
1.5365374393820877e-07,3.2523950988685105e-07,1e-07,2.2828582628027583e-07,3.414476779134722e-05,0.2848485035340609,2,highpass
1.5365374393820877e-07,3.8806115697901075e-07,1.55426660913691e-07,1.7025726453947644e-07,7.621634612001389e-06,0.27091839403325507,2,highpass
1.0948632729368739e-07,3.1693527565956125e-07,1.6027905381361068e-07,1.9263082099620795e-07,3.24884259535666e-05,0.26254669278490145,2,highpass
2.274678495561133e-07,3.883000558495159e-07,1.9656309314257571e-07,1.9662606115720215e-07,3.547200759702315e-05,0.2548888046082509,2,highpass
2.274678495561133e-07,4.80907919733982e-07,1.0167247988763169e-07,2.3208843046971384e-07,3.382571262394445e-05,0.26042146791084964,2,highpass
2.430167073710612e-07,6.634662719473937e-07,2.3958717873335866e-07,2.2360937658202018e-07,3.595007991600904e-05,0.30020775407122885,3,highpass
2.430167073710612e-07,6.634662719473937e-07,2.3958717873335866e-07,2.2360937658202018e-07,1.7483313958273935e-05,0.3286662290346984,3,highpass
1.4304367899015607e-07,3.8806115697901075e-07,1.55426660913691e-07,2.2360937658202018e-07,3.595007991600904e-05,0.24839902747940962,3,highpass
2.430167073710612e-07,6.634662719473937e-07,2.2018337040931406e-07,2.3310367081840822e-07,7.386134919480252e-06,0.3000000354439064,3,highpass
1.5365374393820877e-07,3.2523950988685105e-07,1e-07,2.2828582628027583e-07,3.3989841584804276e-05,0.28469412969738084,3,highpass
2.496014529902305e-07,4.8761158863355e-07,2.3245844402793316e-07,2.3310367081840822e-07,7.386134919480252e-06,0.29869020626601916,3,highpass
2.1188022041785416e-07,6.707246398716561e-07,2.2480703656741007e-07,2.319094504597251e-07,3.595007991600904e-05,0.2999949158659433,3,highpass
2.3559014498617775e-07,5.544736291312e-07,2.3127889462467582e-07,1.7025726453947644e-07,7.621634612001389e-06,0.20608521842393704,3,highpass
2.0530603194804436e-07,6.743785817319214e-07,2.2018337040931406e-07,2.3208843046971384e-07,3.382571262394445e-05,0.2999878856060735,3,highpass
2.3559014498617775e-07,5.544736291312e-07,2.3127889462467582e-07,2.4102946178112503e-07,3.414476779134722e-05,0.29999880257350753,3,highpass
2.1799060131846982e-07,3.2523950988685105e-07,2.3127889462467582e-07,2.4102946178112503e-07,3.3989841584804276e-05,0.23632840104933964,3,highpass
2.496014529902305e-07,6.707246398716561e-07,1.451373884212968e-07,2.319094504597251e-07,4.655117336928788e-05,0.19146082297877362,3,highpass
2.430167073710612e-07,3.2523950988685105e-07,1e-07,2.2828582628027583e-07,3.414476779134722e-05,0.29387829658825193,3,highpass
2.070952728139146e-07,6.707246398716561e-07,1.347966850663269e-07,2.3208843046971384e-07,3.414476779134722e-05,0.1371756900088989,3,highpass
2.1188022041785416e-07,6.707246398716561e-07,2.2480703656741007e-07,2.3208843046971384e-07,3.382571262394445e-05,0.29999781940069314,3,highpass
1.5365374393820877e-07,3.2523950988685105e-07,2.250297126148457e-07,2.4102946178112503e-07,3.6152685896269417e-05,0.22261523649858322,3,highpass
2.496014529902305e-07,4.8761158863355e-07,2.3245844402793316e-07,2.4102946178112503e-07,3.6152685896269417e-05,0.2998456461584476,3,highpass
2.0530603194804436e-07,3.1693527565956125e-07,2.3245844402793316e-07,2.7997094868790614e-07,1.7483313958273935e-05,0.22928791174520605,3,highpass
2.430167073710612e-07,6.634662719473937e-07,2.250297126148457e-07,2.4102946178112503e-07,3.24884259535666e-05,0.30000188733482297,3,highpass
2.496014529902305e-07,3.1693527565956125e-07,1.0167247988763169e-07,2.3208843046971384e-07,3.382571262394445e-05,0.2944334429345997,3,highpass
2.430167073710612e-07,5.544736291312e-07,2.250297126148457e-07,2.7997094868790614e-07,1.932412542479341e-05,0.3000020516084246,3,highpass
1.5365374393820877e-07,3.2523950988685105e-07,1e-07,2.319094504597251e-07,1.7483313958273935e-05,0.2836531419703857,3,highpass
2.430167073710612e-07,5.544736291312e-07,1.6943622870084966e-07,2.319094504597251e-07,1.7483313958273935e-05,0.1812616201548876,3,highpass
2.1188022041785416e-07,6.707246398716561e-07,2.2480703656741007e-07,2.3208843046971384e-07,3.382571262394445e-05,0.29999781940069314,3,highpass
2.1188022041785416e-07,6.707246398716561e-07,2.2480703656741007e-07,2.319094504597251e-07,7.386134919480252e-06,0.30000135505568515,3,highpass
2.1188022041785416e-07,6.707246398716561e-07,2.2480703656741007e-07,2.319094504597251e-07,3.595007991600904e-05,0.2999949158659433,3,highpass
2.4518628252585806e-07,4.8761158863355e-07,2.3958717873335866e-07,2.2360937658202018e-07,3.595007991600904e-05,0.2997982506949617,3,highpass
2.3559014498617775e-07,6.743785817319214e-07,2.2018337040931406e-07,2.3310367081840822e-07,7.386134919480252e-06,0.29999315093894674,3,highpass
2.496014529902305e-07,6.634662719473937e-07,2.3958717873335866e-07,2.2360937658202018e-07,3.595007991600904e-05,0.30003156608919385,3,highpass
2.430167073710612e-07,5.544736291312e-07,2.2480703656741007e-07,2.319094504597251e-07,4.655117336928788e-05,0.29997010139179914,3,highpass
2.1799060131846982e-07,6.417898581736953e-07,2.2018337040931406e-07,2.877163368376601e-07,4.322788014789733e-05,0.3000052139070438,3,highpass
2.1188022041785416e-07,6.743785817319214e-07,2.2018337040931406e-07,2.3310367081840822e-07,1.7483313958273935e-05,0.2999984165377814,3,highpass
2.430167073710612e-07,6.634662719473937e-07,2.3958717873335866e-07,2.2360937658202018e-07,7.386134919480252e-06,0.33318587634907654,3,highpass
1.0948632729368739e-07,3.1693527565956125e-07,2.2018337040931406e-07,2.3310367081840822e-07,7.386134919480252e-06,0.21924056918196472,3,highpass
2.274678495561133e-07,4.80907919733982e-07,1.0167247988763169e-07,2.7997094868790614e-07,1.7483313958273935e-05,0.24485000802577378,3,highpass
2.1799060131846982e-07,6.634662719473937e-07,2.3958717873335866e-07,2.2360937658202018e-07,3.595007991600904e-05,0.30046468367043616,3,highpass
2.496014529902305e-07,4.8761158863355e-07,2.3245844402793316e-07,2.3310367081840822e-07,7.386134919480252e-06,0.29869020626601916,3,highpass
2.430167073710612e-07,6.634662719473937e-07,2.3958717873335866e-07,2.070754871841294e-07,4.7429240098758755e-05,0.30000531266092384,3,highpass
2.496014529902305e-07,4.8761158863355e-07,1.55426660913691e-07,1.7025726453947644e-07,7.621634612001389e-06,0.2568214043499846,3,highpass
2.496014529902305e-07,4.8761158863355e-07,2.3245844402793316e-07,2.7997094868790614e-07,1.7483313958273935e-05,0.30014454329669216,3,highpass
2.1188022041785416e-07,6.707246398716561e-07,2.2480703656741007e-07,2.3208843046971384e-07,3.382571262394445e-05,0.29999781940069314,3,highpass
2.1188022041785416e-07,5.544736291312e-07,2.250297126148457e-07,2.4102946178112503e-07,3.6152685896269417e-05,0.2953102428844802,3,highpass
2.430167073710612e-07,3.2523950988685105e-07,1e-07,2.877163368376601e-07,4.322788014789733e-05,0.29041487067432,3,highpass
2.3559014498617775e-07,5.544736291312e-07,2.3127889462467582e-07,3e-07,4.227071530500541e-05,0.2996135056908336,3,highpass
1.5365374393820877e-07,3.147122427369964e-07,2.2018337040931406e-07,2.3310367081840822e-07,7.386134919480252e-06,0.2532332505103771,3,highpass
2.070952728139146e-07,6.707246398716561e-07,2.2480703656741007e-07,2.3208843046971384e-07,1.7483313958273935e-05,0.2999990127743727,3,highpass
2.1188022041785416e-07,6.707246398716561e-07,2.2480703656741007e-07,2.3208843046971384e-07,3.382571262394445e-05,0.29999781940069314,3,highpass
2.1188022041785416e-07,6.707246398716561e-07,2.2480703656741007e-07,2.3208843046971384e-07,3.24884259535666e-05,0.29999550213627996,3,highpass
2.430167073710612e-07,6.634662719473937e-07,2.2480703656741007e-07,2.3208843046971384e-07,3.382571262394445e-05,0.3000011827407286,3,highpass
2.1188022041785416e-07,6.743785817319214e-07,2.3245844402793316e-07,2.7997094868790614e-07,1.7483313958273935e-05,0.34272007386516024,3,highpass
2.1188022041785416e-07,6.743785817319214e-07,2.3245844402793316e-07,2.7997094868790614e-07,1.7483313958273935e-05,0.34272007386516024,4,highpass
2.1188022041785416e-07,4.8761158863355e-07,2.3245844402793316e-07,2.3310367081840822e-07,7.386134919480252e-06,0.18098481318907142,4,highpass
2.496014529902305e-07,6.417898581736953e-07,2.2018337040931406e-07,2.877163368376601e-07,4.322788014789733e-05,0.2999423552893354,4,highpass
2.430167073710612e-07,6.634662719473937e-07,2.3245844402793316e-07,2.7997094868790614e-07,1.7483313958273935e-05,0.3005760685386297,4,highpass
2.496014529902305e-07,6.634662719473937e-07,2.3958717873335866e-07,2.2360937658202018e-07,1.7483313958273935e-05,0.29820639536636223,4,highpass
2.430167073710612e-07,6.634662719473937e-07,2.3958717873335866e-07,2.2360937658202018e-07,1.7483313958273935e-05,0.3286662290346984,4,highpass
2.1188022041785416e-07,3.543632004687183e-07,2.2480703656741007e-07,2.3208843046971384e-07,3.382571262394445e-05,0.24180446838443798,4,highpass
2.1799060131846982e-07,5.838160227575211e-07,2.3245844402793316e-07,2.7997094868790614e-07,1.7483313958273935e-05,0.3003681363671537,4,highpass
2.496014529902305e-07,6.634662719473937e-07,2.2480703656741007e-07,2.319094504597251e-07,7.386134919480252e-06,0.3000155781851716,4,highpass
2.3559014498617775e-07,5.544736291312e-07,2.3958717873335866e-07,2.2360937658202018e-07,3.595007991600904e-05,0.30000845353175937,4,highpass
2.1188022041785416e-07,6.634662719473937e-07,2.3958717873335866e-07,2.2360937658202018e-07,1.7483313958273935e-05,0.30015977509634745,4,highpass
2.1188022041785416e-07,6.743785817319214e-07,2.3245844402793316e-07,2.7997094868790614e-07,1.7483313958273935e-05,0.34272007386516024,4,highpass
2.496014529902305e-07,4.8761158863355e-07,2.3245844402793316e-07,2.4102946178112503e-07,3.414476779134722e-05,0.2998449837167531,4,highpass
1.0900512186415363e-07,5.544736291312e-07,2.2480703656741007e-07,2.319094504597251e-07,7.386134919480252e-06,0.005209080038092206,4,highpass
2.430167073710612e-07,6.634662719473937e-07,2.3958717873335866e-07,2.2360937658202018e-07,3.595007991600904e-05,0.30020775407122885,4,highpass
2.496014529902305e-07,6.634662719473937e-07,2.3958717873335866e-07,2.2360937658202018e-07,3.595007991600904e-05,0.30003156608919385,4,highpass
2.496014529902305e-07,4.8761158863355e-07,2.3245844402793316e-07,2.3310367081840822e-07,7.386134919480252e-06,0.29869020626601916,4,highpass
2.430167073710612e-07,6.634662719473937e-07,2.250297126148457e-07,2.4102946178112503e-07,3.595007991600904e-05,0.30000075270085197,4,highpass
2.430167073710612e-07,6.634662719473937e-07,2.3958717873335866e-07,2.070754871841294e-07,3.595007991600904e-05,0.3000192611179993,4,highpass
2.1188022041785416e-07,6.707246398716561e-07,2.2480703656741007e-07,2.2360937658202018e-07,1.7483313958273935e-05,0.299999404631964,4,highpass
2.496014529902305e-07,4.8761158863355e-07,2.3245844402793316e-07,2.7997094868790614e-07,1.7483313958273935e-05,0.30014454329669216,4,highpass
2.430167073710612e-07,6.634662719473937e-07,2.2018337040931406e-07,2.3310367081840822e-07,7.386134919480252e-06,0.3000000354439064,4,highpass
2.1188022041785416e-07,6.743785817319214e-07,2.3245844402793316e-07,2.2360937658202018e-07,1.7483313958273935e-05,0.3000028190161018,4,highpass
2.430167073710612e-07,6.634662719473937e-07,2.250297126148457e-07,2.4102946178112503e-07,3.24884259535666e-05,0.30000188733482297,4,highpass
2.1799060131846982e-07,6.719977621914816e-07,2.2480703656741007e-07,2.3208843046971384e-07,1.7483313958273935e-05,0.30000022318093783,4,highpass
2.430167073710612e-07,6.634662719473937e-07,2.3958717873335866e-07,2.2360937658202018e-07,7.386134919480252e-06,0.33318587634907654,4,highpass
2.430167073710612e-07,6.506530458532663e-07,2.3958717873335866e-07,2.2360937658202018e-07,3.595007991600904e-05,0.3001071609851358,4,highpass
2.430167073710612e-07,5.544736291312e-07,2.3127889462467582e-07,2.4102946178112503e-07,3.414476779134722e-05,0.2999973989737931,4,highpass
2.496014529902305e-07,6.634662719473937e-07,2.3958717873335866e-07,2.2360937658202018e-07,3.595007991600904e-05,0.30003156608919385,4,highpass
2.1188022041785416e-07,6.743785817319214e-07,2.3245844402793316e-07,2.3310367081840822e-07,7.386134919480252e-06,0.30002519151440193,4,highpass
2.1188022041785416e-07,6.707246398716561e-07,2.2480703656741007e-07,2.3208843046971384e-07,1.7483313958273935e-05,0.2999994340175319,4,highpass
2.430167073710612e-07,5.544736291312e-07,2.3958717873335866e-07,2.070754871841294e-07,4.7429240098758755e-05,0.2999837851383446,4,highpass
2.1188022041785416e-07,6.743785817319214e-07,2.3245844402793316e-07,2.7997094868790614e-07,1.7483313958273935e-05,0.34272007386516024,4,highpass
2.1188022041785416e-07,6.707246398716561e-07,2.3245844402793316e-07,2.7997094868790614e-07,1.7483313958273935e-05,0.333471545976785,4,highpass
2.070952728139146e-07,6.707246398716561e-07,2.2480703656741007e-07,2.4102946178112503e-07,3.414476779134722e-05,0.29999685348521804,4,highpass
2.1188022041785416e-07,6.743785817319214e-07,2.3127889462467582e-07,2.4102946178112503e-07,3.414476779134722e-05,0.3000111882077324,4,highpass
2.1799060131846982e-07,6.634662719473937e-07,2.3958717873335866e-07,2.2360937658202018e-07,1.7483313958273935e-05,0.3005673546864175,4,highpass
2.1799060131846982e-07,6.743785817319214e-07,2.0742802546775264e-07,2.7997094868790614e-07,1.7483313958273935e-05,0.3000075717803467,4,highpass
2.496014529902305e-07,6.634662719473937e-07,2.3958717873335866e-07,2.2360937658202018e-07,7.386134919480252e-06,0.3232342478268298,4,highpass
2.1799060131846982e-07,6.634662719473937e-07,2.3958717873335866e-07,2.3310367081840822e-07,1.7483313958273935e-05,0.3054639179643835,4,highpass
2.430167073710612e-07,6.634662719473937e-07,2.3958717873335866e-07,2.2360937658202018e-07,7.386134919480252e-06,0.33318587634907654,4,highpass
2.496014529902305e-07,6.634662719473937e-07,2.3958717873335866e-07,2.2360937658202018e-07,3.382571262394445e-05,0.3001419703155303,4,highpass
2.1799060131846982e-07,6.707246398716561e-07,2.196825754764429e-07,2.3208843046971384e-07,3.24884259535666e-05,0.2999952431055059,4,highpass
2.496014529902305e-07,4.8761158863355e-07,2.3245844402793316e-07,2.7997094868790614e-07,1.7483313958273935e-05,0.30014454329669216,4,highpass
2.430167073710612e-07,6.634662719473937e-07,2.3958717873335866e-07,2.070754871841294e-07,4.7429240098758755e-05,0.30000531266092384,4,highpass
2.1188022041785416e-07,6.707246398716561e-07,2.2480703656741007e-07,2.2360937658202018e-07,3.595007991600904e-05,0.2999896173531083,4,highpass
2.496014529902305e-07,6.634662719473937e-07,2.250297126148457e-07,2.4102946178112503e-07,3.24884259535666e-05,0.2999994099387392,4,highpass
2.430167073710612e-07,5.544736291312e-07,2.250297126148457e-07,2.7997094868790614e-07,1.932412542479341e-05,0.3000020516084246,4,highpass
2.430167073710612e-07,6.634662719473937e-07,2.3958717873335866e-07,2.7997094868790614e-07,1.7483313958273935e-05,0.22713332555177979,4,highpass
2.430167073710612e-07,6.634662719473937e-07,2.3958717873335866e-07,2.3208843046971384e-07,3.382571262394445e-05,0.30067806710943945,4,highpass
2.1188022041785416e-07,6.743785817319214e-07,2.3245844402793316e-07,2.7997094868790614e-07,1.7483313958273935e-05,0.34272007386516024,5,highpass
2.430167073710612e-07,6.634662719473937e-07,2.3958717873335866e-07,2.7997094868790614e-07,1.7483313958273935e-05,0.22713332555177979,5,highpass
2.1799060131846982e-07,6.634662719473937e-07,2.3958717873335866e-07,2.3310367081840822e-07,1.7483313958273935e-05,0.3054639179643835,5,highpass
2.1188022041785416e-07,6.743785817319214e-07,2.3245844402793316e-07,2.2360937658202018e-07,7.386134919480252e-06,0.30001218713678446,5,highpass
2.1188022041785416e-07,6.707246398716561e-07,2.3245844402793316e-07,2.2360937658202018e-07,7.386134919480252e-06,0.30001460924078327,5,highpass
2.1799060131846982e-07,6.634662719473937e-07,2.3958717873335866e-07,2.2360937658202018e-07,7.386134919480252e-06,0.3000414654493302,5,highpass
2.1188022041785416e-07,6.743785817319214e-07,2.3245844402793316e-07,2.7997094868790614e-07,1.7483313958273935e-05,0.34272007386516024,5,highpass
2.496014529902305e-07,6.634662719473937e-07,2.3958717873335866e-07,2.2360937658202018e-07,1.3169943108093407e-05,0.3080817835830235,5,highpass
2.496014529902305e-07,4.8761158863355e-07,2.3245844402793316e-07,2.7997094868790614e-07,3.595007991600904e-05,0.3000013123214466,5,highpass
2.1188022041785416e-07,6.707246398716561e-07,1.0797857675582239e-07,2.7997094868790614e-07,1.7483313958273935e-05,0.16560810163171147,5,highpass
2.1188022041785416e-07,6.634662719473937e-07,2.3958717873335866e-07,2.3310367081840822e-07,1.7483313958273935e-05,0.30078035138655224,5,highpass
2.1188022041785416e-07,6.743785817319214e-07,2.3245844402793316e-07,2.3770039216586992e-07,1.7483313958273935e-05,0.3000034710938792,5,highpass
2.430167073710612e-07,6.713032635363423e-07,2.3245844402793316e-07,2.7997094868790614e-07,1.7483313958273935e-05,0.2936366911424556,5,highpass
2.430167073710612e-07,6.634662719473937e-07,2.3958717873335866e-07,2.3208843046971384e-07,1.7483313958273935e-05,0.3056998422033175,5,highpass
2.496014529902305e-07,4.8761158863355e-07,2.3245844402793316e-07,2.7997094868790614e-07,1.7483313958273935e-05,0.30014454329669216,5,highpass
2.1188022041785416e-07,6.743785817319214e-07,2.3245844402793316e-07,2.7997094868790614e-07,1.7483313958273935e-05,0.34272007386516024,5,highpass
2.1188022041785416e-07,6.743785817319214e-07,2.3245844402793316e-07,2.7997094868790614e-07,1.7483313958273935e-05,0.34272007386516024,5,highpass
2.1188022041785416e-07,6.743785817319214e-07,2.3958717873335866e-07,2.2360937658202018e-07,7.386134919480252e-06,0.3000705596874501,5,highpass
2.1188022041785416e-07,6.707246398716561e-07,2.3245844402793316e-07,2.2360937658202018e-07,3.595007991600904e-05,0.30000877606541965,5,highpass
2.430167073710612e-07,6.634662719473937e-07,2.3958717873335866e-07,2.2360937658202018e-07,1.7483313958273935e-05,0.3286662290346984,5,highpass
2.1188022041785416e-07,6.634662719473937e-07,2.3958717873335866e-07,2.070754871841294e-07,4.7429240098758755e-05,0.29999700952315306,5,highpass
2.1188022041785416e-07,6.634662719473937e-07,2.3958717873335866e-07,2.2360937658202018e-07,1.7483313958273935e-05,0.30015977509634745,5,highpass
2.430167073710612e-07,6.634662719473937e-07,2.3958717873335866e-07,2.070754871841294e-07,1.6710203590172272e-05,0.30007144024941806,5,highpass
2.430167073710612e-07,6.634662719473937e-07,2.3958717873335866e-07,2.2914835551138944e-07,1.7483313958273935e-05,0.31347256644022575,5,highpass
2.496014529902305e-07,6.634662719473937e-07,2.3958717873335866e-07,2.3208843046971384e-07,3.382571262394445e-05,0.2998367166861284,5,highpass
2.1188022041785416e-07,6.743785817319214e-07,2.3245844402793316e-07,2.7997094868790614e-07,1.7483313958273935e-05,0.34272007386516024,5,highpass
2.1188022041785416e-07,5.838160227575211e-07,2.3245844402793316e-07,1.6345339414152968e-07,1.7483313958273935e-05,0.19114302326613844,5,highpass
2.1188022041785416e-07,6.743785817319214e-07,2.3245844402793316e-07,2.2360937658202018e-07,3.595007991600904e-05,0.3000062706103074,5,highpass
2.496014529902305e-07,6.634662719473937e-07,2.3958717873335866e-07,2.2360937658202018e-07,8.182317950984221e-06,0.3207732171872734,5,highpass
2.1188022041785416e-07,6.743785817319214e-07,2.3245844402793316e-07,2.7997094868790614e-07,1.7483313958273935e-05,0.34272007386516024,5,highpass
2.496014529902305e-07,4.8761158863355e-07,2.3245844402793316e-07,2.7997094868790614e-07,7.386134919480252e-06,0.30018110241785717,5,highpass
1.2531017166537835e-07,6.634662719473937e-07,2.3958717873335866e-07,2.2360937658202018e-07,7.386134919480252e-06,0.0407013753880921,5,highpass
2.430167073710612e-07,6.634662719473937e-07,2.3958717873335866e-07,2.3208843046971384e-07,1.7483313958273935e-05,0.3056998422033175,5,highpass
2.1188022041785416e-07,6.743785817319214e-07,2.3245844402793316e-07,2.7997094868790614e-07,1.7483313958273935e-05,0.34272007386516024,5,highpass
2.1188022041785416e-07,6.743785817319214e-07,2.3245844402793316e-07,2.7997094868790614e-07,1.7483313958273935e-05,0.34272007386516024,5,highpass
2.430167073710612e-07,6.634662719473937e-07,2.3958717873335866e-07,2.2360937658202018e-07,7.386134919480252e-06,0.33318587634907654,5,highpass
2.1188022041785416e-07,6.707246398716561e-07,2.2480703656741007e-07,2.2360937658202018e-07,7.386134919480252e-06,0.2999959800172775,5,highpass
2.430167073710612e-07,6.634662719473937e-07,2.3958717873335866e-07,2.2360937658202018e-07,7.386134919480252e-06,0.33318587634907654,5,highpass
2.1188022041785416e-07,6.743785817319214e-07,2.3958717873335866e-07,2.2360937658202018e-07,6.763541286869158e-06,0.30030165152277327,5,highpass
2.1188022041785416e-07,6.634662719473937e-07,2.3958717873335866e-07,2.2360937658202018e-07,1.9868745737721236e-05,0.30030630938931874,5,highpass
2.430167073710612e-07,6.743785817319214e-07,2.3245844402793316e-07,2.7997094868790614e-07,1.7483313958273935e-05,0.2879422913493897,5,highpass
2.1799060131846982e-07,5.838160227575211e-07,2.3245844402793316e-07,2.7997094868790614e-07,1.7483313958273935e-05,0.3003681363671537,5,highpass
2.496014529902305e-07,6.634662719473937e-07,2.3245844402793316e-07,2.7997094868790614e-07,1.7483313958273935e-05,0.27923266498557825,5,highpass
2.430167073710612e-07,6.634662719473937e-07,2.3958717873335866e-07,2.2360937658202018e-07,3.595007991600904e-05,0.30020775407122885,5,highpass
2.1799060131846982e-07,6.634662719473937e-07,2.3708272645801286e-07,2.2360937658202018e-07,7.386134919480252e-06,0.2999915334325387,5,highpass
2.430167073710612e-07,6.634662719473937e-07,2.3958717873335866e-07,2.7997094868790614e-07,1.7483313958273935e-05,0.22713332555177979,5,highpass
2.1188022041785416e-07,6.707246398716561e-07,2.3245844402793316e-07,2.7997094868790614e-07,1.7483313958273935e-05,0.333471545976785,5,highpass
2.1188022041785416e-07,6.743785817319214e-07,2.3245844402793316e-07,2.838085241669219e-07,1.7483313958273935e-05,0.33333566150274224,5,highpass
2.430167073710612e-07,6.634662719473937e-07,2.3958717873335866e-07,2.2360937658202018e-07,7.386134919480252e-06,0.33318587634907654,5,highpass
2.430167073710612e-07,6.634662719473937e-07,2.3958717873335866e-07,2.2360937658202018e-07,1.7483313958273935e-05,0.3286662290346984,5,highpass
2.1188022041785416e-07,6.743785817319214e-07,2.3245844402793316e-07,2.7997094868790614e-07,1.7483313958273935e-05,0.34272007386516024,6,highpass
2.1188022041785416e-07,6.743785817319214e-07,2.3245844402793316e-07,2.7997094868790614e-07,1.7483313958273935e-05,0.34272007386516024,6,highpass
2.1188022041785416e-07,6.634662719473937e-07,2.3958717873335866e-07,2.2360937658202018e-07,1.7483313958273935e-05,0.30015977509634745,6,highpass
2.1188022041785416e-07,6.743785817319214e-07,2.3245844402793316e-07,2.7997094868790614e-07,1.7483313958273935e-05,0.34272007386516024,6,highpass
2.1188022041785416e-07,6.743785817319214e-07,2.3245844402793316e-07,2.7997094868790614e-07,1.7483313958273935e-05,0.34272007386516024,6,highpass
2.1188022041785416e-07,6.743785817319214e-07,2.3245844402793316e-07,2.7997094868790614e-07,1.7483313958273935e-05,0.34272007386516024,6,highpass
2.496014529902305e-07,6.634662719473937e-07,2.3958717873335866e-07,2.7997094868790614e-07,1.7483313958273935e-05,0.22618127513263633,6,highpass
2.1799060131846982e-07,6.634662719473937e-07,2.3958717873335866e-07,2.2360937658202018e-07,1.7483313958273935e-05,0.3005673546864175,6,highpass
2.1188022041785416e-07,6.743785817319214e-07,2.3245844402793316e-07,2.7997094868790614e-07,1.7483313958273935e-05,0.34272007386516024,6,highpass
2.430167073710612e-07,6.743785817319214e-07,2.3245844402793316e-07,2.7997094868790614e-07,1.7483313958273935e-05,0.2879422913493897,6,highpass
2.1188022041785416e-07,6.743785817319214e-07,2.3245844402793316e-07,2.7997094868790614e-07,1.7483313958273935e-05,0.34272007386516024,6,highpass
2.1188022041785416e-07,6.743785817319214e-07,2.3958717873335866e-07,2.2360937658202018e-07,7.386134919480252e-06,0.3000705596874501,6,highpass
2.1188022041785416e-07,6.707246398716561e-07,2.3245844402793316e-07,2.7997094868790614e-07,1.7483313958273935e-05,0.333471545976785,6,highpass
2.1188022041785416e-07,6.743785817319214e-07,2.3245844402793316e-07,2.7997094868790614e-07,1.7483313958273935e-05,0.34272007386516024,6,highpass
2.1188022041785416e-07,6.743785817319214e-07,2.3245844402793316e-07,2.7997094868790614e-07,1.7483313958273935e-05,0.34272007386516024,6,highpass
1.713565743473886e-07,6.743785817319214e-07,2.3245844402793316e-07,2.7997094868790614e-07,1.7483313958273935e-05,0.29994698560279026,6,highpass
2.1188022041785416e-07,6.743785817319214e-07,2.3245844402793316e-07,2.7997094868790614e-07,1.7483313958273935e-05,0.34272007386516024,6,highpass
2.1188022041785416e-07,6.743785817319214e-07,2.3245844402793316e-07,2.7997094868790614e-07,1.7483313958273935e-05,0.34272007386516024,6,highpass
2.1188022041785416e-07,6.743785817319214e-07,2.3245844402793316e-07,2.7997094868790614e-07,1.7483313958273935e-05,0.34272007386516024,6,highpass
2.430167073710612e-07,6.634662719473937e-07,2.3958717873335866e-07,2.2914835551138944e-07,1.7483313958273935e-05,0.31347256644022575,6,highpass
2.1188022041785416e-07,6.743785817319214e-07,2.3958717873335866e-07,2.2360937658202018e-07,7.386134919480252e-06,0.3000705596874501,6,highpass
2.430167073710612e-07,6.634662719473937e-07,2.3958717873335866e-07,2.7997094868790614e-07,1.7483313958273935e-05,0.22713332555177979,6,highpass
2.1188022041785416e-07,6.743785817319214e-07,2.3245844402793316e-07,2.2914835551138944e-07,1.7483313958273935e-05,0.3000085564028101,6,highpass
2.1188022041785416e-07,6.743785817319214e-07,2.3245844402793316e-07,2.7997094868790614e-07,1.7483313958273935e-05,0.34272007386516024,6,highpass
2.1188022041785416e-07,6.743785817319214e-07,2.3958717873335866e-07,2.2360937658202018e-07,7.386134919480252e-06,0.3000705596874501,6,highpass
2.1188022041785416e-07,6.743785817319214e-07,2.3245844402793316e-07,2.7997094868790614e-07,1.7483313958273935e-05,0.34272007386516024,6,highpass
2.4141955827713053e-07,6.634662719473937e-07,2.3958717873335866e-07,2.3208843046971384e-07,7.386134919480252e-06,0.34254319925170384,6,highpass
2.1188022041785416e-07,6.743785817319214e-07,2.3245844402793316e-07,2.7997094868790614e-07,1.7483313958273935e-05,0.34272007386516024,6,highpass
2.430167073710612e-07,6.634662719473937e-07,2.3958717873335866e-07,2.2914835551138944e-07,1.7483313958273935e-05,0.31347256644022575,6,highpass
2.1188022041785416e-07,6.743785817319214e-07,2.3245844402793316e-07,2.7997094868790614e-07,7.386134919480252e-06,0.3599752610844421,6,highpass
2.1188022041785416e-07,6.743785817319214e-07,2.3245844402793316e-07,2.7997094868790614e-07,1.7483313958273935e-05,0.34272007386516024,6,highpass
2.1188022041785416e-07,6.743785817319214e-07,2.3958717873335866e-07,2.2360937658202018e-07,1.3169943108093407e-05,0.3002457340472579,6,highpass
2.1188022041785416e-07,6.743785817319214e-07,2.3245844402793316e-07,2.7997094868790614e-07,1.7483313958273935e-05,0.34272007386516024,6,highpass
2.430167073710612e-07,6.634662719473937e-07,2.3958717873335866e-07,2.2360937658202018e-07,1.3169943108093407e-05,0.32598401135883504,6,highpass
2.430167073710612e-07,6.743785817319214e-07,2.3245844402793316e-07,2.7997094868790614e-07,1.7483313958273935e-05,0.2879422913493897,6,highpass
2.1799060131846982e-07,5.838160227575211e-07,2.3245844402793316e-07,2.208342438376197e-07,1.7483313958273935e-05,0.2999501943134611,6,highpass
2.1188022041785416e-07,6.743785817319214e-07,2.3245844402793316e-07,2.7997094868790614e-07,1.816379014264569e-05,0.3223803700402982,6,highpass
2.430167073710612e-07,6.743785817319214e-07,2.3245844402793316e-07,2.7997094868790614e-07,1.7483313958273935e-05,0.2879422913493897,6,highpass
2.1188022041785416e-07,6.743785817319214e-07,1.2038525306139704e-07,2.7997094868790614e-07,1.7483313958273935e-05,0.11115952576478788,6,highpass
2.1188022041785416e-07,6.743785817319214e-07,2.3245844402793316e-07,2.7997094868790614e-07,1.7483313958273935e-05,0.34272007386516024,6,highpass
2.1188022041785416e-07,6.743785817319214e-07,2.3958717873335866e-07,2.2360937658202018e-07,1.7483313958273935e-05,0.3003986093021587,6,highpass
2.1188022041785416e-07,6.743785817319214e-07,2.3958717873335866e-07,2.2360937658202018e-07,1.7483313958273935e-05,0.3003986093021587,6,highpass
2.1188022041785416e-07,6.743785817319214e-07,2.3245844402793316e-07,2.2117693201485705e-07,1.3169943108093407e-05,0.29999682473069605,6,highpass
2.1704695287085753e-07,6.743785817319214e-07,2.3245844402793316e-07,2.7997094868790614e-07,1.7483313958273935e-05,0.35270293040306655,6,highpass
2.1188022041785416e-07,6.707246398716561e-07,2.3958717873335866e-07,2.2360937658202018e-07,7.386134919480252e-06,0.3003735545015004,6,highpass
2.1188022041785416e-07,6.743785817319214e-07,2.3245844402793316e-07,2.7997094868790614e-07,1.7483313958273935e-05,0.34272007386516024,6,highpass
2.1188022041785416e-07,6.743785817319214e-07,2.3245844402793316e-07,2.7997094868790614e-07,1.7483313958273935e-05,0.34272007386516024,6,highpass
2.496014529902305e-07,6.634662719473937e-07,2.3958717873335866e-07,2.2360937658202018e-07,1.7483313958273935e-05,0.29820639536636223,6,highpass
2.1188022041785416e-07,6.743785817319214e-07,2.3245844402793316e-07,2.3310367081840822e-07,1.7483313958273935e-05,0.3000026538498382,6,highpass
2.1188022041785416e-07,6.743785817319214e-07,2.3245844402793316e-07,2.2360937658202018e-07,3.595007991600904e-05,0.3000062706103074,6,highpass
2.1188022041785416e-07,6.743785817319214e-07,2.3245844402793316e-07,2.7997094868790614e-07,7.386134919480252e-06,0.3599752610844421,7,highpass
2.1188022041785416e-07,6.743785817319214e-07,2.3245844402793316e-07,2.7997094868790614e-07,1.7483313958273935e-05,0.34272007386516024,7,highpass
2.1188022041785416e-07,6.743785817319214e-07,2.3245844402793316e-07,2.7997094868790614e-07,7.386134919480252e-06,0.3599752610844421,7,highpass
2.1188022041785416e-07,6.743785817319214e-07,2.3245844402793316e-07,2.7997094868790614e-07,1.7483313958273935e-05,0.34272007386516024,7,highpass
2.1704695287085753e-07,6.743785817319214e-07,2.3245844402793316e-07,2.7581563955847413e-07,1.7483313958273935e-05,0.38016648636990225,7,highpass
2.1704695287085753e-07,6.743785817319214e-07,2.3245844402793316e-07,2.7997094868790614e-07,7.386134919480252e-06,0.4043126865860738,7,highpass
2.1188022041785416e-07,6.743785817319214e-07,2.3245844402793316e-07,2.7997094868790614e-07,1.7483313958273935e-05,0.34272007386516024,7,highpass
2.1188022041785416e-07,6.743785817319214e-07,2.3245844402793316e-07,2.2360937658202018e-07,1.7483313958273935e-05,0.3000028190161018,7,highpass
2.4141955827713053e-07,6.634662719473937e-07,2.3245844402793316e-07,2.7997094868790614e-07,1.7483313958273935e-05,0.3083109087545316,7,highpass
2.1188022041785416e-07,6.743785817319214e-07,2.3245844402793316e-07,2.7997094868790614e-07,1.7483313958273935e-05,0.34272007386516024,7,highpass
2.1188022041785416e-07,6.743785817319214e-07,2.3245844402793316e-07,2.0261724097130704e-07,1.7483313958273935e-05,0.29999861544239825,7,highpass
2.1704695287085753e-07,6.743785817319214e-07,2.3245844402793316e-07,2.7997094868790614e-07,1.7483313958273935e-05,0.35270293040306655,7,highpass
2.1188022041785416e-07,6.743785817319214e-07,2.3245844402793316e-07,2.7997094868790614e-07,1.7483313958273935e-05,0.34272007386516024,7,highpass
2.1704695287085753e-07,6.634662719473937e-07,2.3958717873335866e-07,2.4086250793173893e-07,1.3169943108093407e-05,0.3080744434550672,7,highpass
2.1188022041785416e-07,6.743785817319214e-07,2.3245844402793316e-07,2.7997094868790614e-07,1.7483313958273935e-05,0.34272007386516024,7,highpass
2.1704695287085753e-07,6.743785817319214e-07,2.3245844402793316e-07,2.7997094868790614e-07,1.7483313958273935e-05,0.35270293040306655,7,highpass
2.1188022041785416e-07,6.743785817319214e-07,2.3245844402793316e-07,2.7997094868790614e-07,1.7483313958273935e-05,0.34272007386516024,7,highpass
2.1188022041785416e-07,6.743785817319214e-07,2.3245844402793316e-07,2.7997094868790614e-07,1.7576684821506173e-05,0.325207892926471,7,highpass
2.1188022041785416e-07,3.534787059460921e-07,2.3245844402793316e-07,2.7997094868790614e-07,1.7483313958273935e-05,0.21531721308312776,7,highpass
2.1188022041785416e-07,6.743785817319214e-07,2.3245844402793316e-07,2.7997094868790614e-07,1.7483313958273935e-05,0.34272007386516024,7,highpass
2.1188022041785416e-07,6.743785817319214e-07,2.3245844402793316e-07,2.7997094868790614e-07,7.386134919480252e-06,0.3599752610844421,7,highpass
2.1188022041785416e-07,6.743785817319214e-07,2.3245844402793316e-07,2.7997094868790614e-07,1.7483313958273935e-05,0.34272007386516024,7,highpass
2.1188022041785416e-07,6.743785817319214e-07,2.3245844402793316e-07,2.7605467080807355e-07,1.7483313958273935e-05,0.3451263500478663,7,highpass
2.1188022041785416e-07,6.743785817319214e-07,2.3245844402793316e-07,2.7997094868790614e-07,1.7483313958273935e-05,0.34272007386516024,7,highpass
2.1188022041785416e-07,6.743785817319214e-07,2.3245844402793316e-07,2.7997094868790614e-07,1.7483313958273935e-05,0.34272007386516024,7,highpass
2.1704695287085753e-07,6.743785817319214e-07,2.3245844402793316e-07,2.2360937658202018e-07,1.7483313958273935e-05,0.3000122366328015,7,highpass
2.1188022041785416e-07,6.743785817319214e-07,2.3245844402793316e-07,2.7997094868790614e-07,7.386134919480252e-06,0.3599752610844421,7,highpass
2.1188022041785416e-07,6.743785817319214e-07,2.3245844402793316e-07,2.7997094868790614e-07,1.7483313958273935e-05,0.34272007386516024,7,highpass
2.1188022041785416e-07,6.743785817319214e-07,2.3245844402793316e-07,1.7336710894059013e-07,1.7483313958273935e-05,0.2999261259550906,7,highpass
2.1188022041785416e-07,6.743785817319214e-07,2.3245844402793316e-07,2.7997094868790614e-07,1.7483313958273935e-05,0.34272007386516024,7,highpass
2.1188022041785416e-07,6.743785817319214e-07,2.3245844402793316e-07,2.7997094868790614e-07,7.386134919480252e-06,0.3599752610844421,7,highpass
2.1188022041785416e-07,6.743785817319214e-07,2.3245844402793316e-07,2.7997094868790614e-07,7.386134919480252e-06,0.3599752610844421,7,highpass
2.1188022041785416e-07,6.743785817319214e-07,2.3245844402793316e-07,2.7997094868790614e-07,1.7483313958273935e-05,0.34272007386516024,7,highpass
2.1704695287085753e-07,6.743785817319214e-07,2.3245844402793316e-07,2.7997094868790614e-07,1.7483313958273935e-05,0.35270293040306655,7,highpass
2.1188022041785416e-07,6.743785817319214e-07,2.3245844402793316e-07,2.7997094868790614e-07,1.7483313958273935e-05,0.34272007386516024,7,highpass
2.1188022041785416e-07,6.743785817319214e-07,2.3245844402793316e-07,2.7997094868790614e-07,1.7483313958273935e-05,0.34272007386516024,7,highpass
2.1704695287085753e-07,4.0668418795098806e-07,2.3245844402793316e-07,2.7997094868790614e-07,1.7483313958273935e-05,0.20393813353901555,7,highpass
2.1188022041785416e-07,6.743785817319214e-07,2.3245844402793316e-07,2.7915086513288165e-07,1.7483313958273935e-05,0.32976991063769057,7,highpass
2.1188022041785416e-07,6.743785817319214e-07,2.3245844402793316e-07,2.7997094868790614e-07,1.7483313958273935e-05,0.34272007386516024,7,highpass
2.1188022041785416e-07,6.743785817319214e-07,2.3245844402793316e-07,2.7997094868790614e-07,1.7483313958273935e-05,0.34272007386516024,7,highpass
2.1188022041785416e-07,6.743785817319214e-07,2.3245844402793316e-07,2.7997094868790614e-07,7.386134919480252e-06,0.3599752610844421,7,highpass
2.1188022041785416e-07,6.743785817319214e-07,2.3245844402793316e-07,2.7997094868790614e-07,1.7483313958273935e-05,0.34272007386516024,7,highpass
2.1188022041785416e-07,6.743785817319214e-07,2.3245844402793316e-07,2.7997094868790614e-07,1.7483313958273935e-05,0.34272007386516024,7,highpass
2.430167073710612e-07,6.634662719473937e-07,2.3958717873335866e-07,2.7997094868790614e-07,1.7483313958273935e-05,0.22713332555177979,7,highpass
2.1188022041785416e-07,6.743785817319214e-07,2.3245844402793316e-07,2.7997094868790614e-07,1.7483313958273935e-05,0.34272007386516024,7,highpass
2.1188022041785416e-07,6.743785817319214e-07,2.3245844402793316e-07,2.7997094868790614e-07,1.5236850699574753e-05,0.34479755387657773,7,highpass
2.1188022041785416e-07,6.743785817319214e-07,2.3245844402793316e-07,2.7997094868790614e-07,1.7483313958273935e-05,0.34272007386516024,7,highpass
2.1188022041785416e-07,6.743785817319214e-07,2.3245844402793316e-07,2.7997094868790614e-07,7.386134919480252e-06,0.3599752610844421,7,highpass
2.1188022041785416e-07,6.743785817319214e-07,2.3245844402793316e-07,2.7997094868790614e-07,1.8816314944616957e-05,0.3235523171777775,7,highpass
2.1188022041785416e-07,6.743785817319214e-07,2.3245844402793316e-07,2.7997094868790614e-07,1.7483313958273935e-05,0.34272007386516024,7,highpass
2.1704695287085753e-07,6.743785817319214e-07,2.3245844402793316e-07,2.7997094868790614e-07,7.386134919480252e-06,0.4043126865860738,8,highpass
2.1704695287085753e-07,6.743785817319214e-07,2.3245844402793316e-07,2.7581563955847413e-07,1.7483313958273935e-05,0.38016648636990225,8,highpass
2.1188022041785416e-07,6.743785817319214e-07,2.3245844402793316e-07,2.7997094868790614e-07,7.386134919480252e-06,0.3599752610844421,8,highpass
2.1188022041785416e-07,6.743785817319214e-07,2.3245844402793316e-07,2.7605467080807355e-07,1.7483313958273935e-05,0.3446958267274633,8,highpass
2.1188022041785416e-07,6.743785817319214e-07,2.3245844402793316e-07,2.7997094868790614e-07,1.7483313958273935e-05,0.34272007386516024,8,highpass
2.1188022041785416e-07,6.743785817319214e-07,2.3245844402793316e-07,2.5352225768694816e-07,7.386134919480252e-06,0.3035176368625189,8,highpass
2.1188022041785416e-07,6.743785817319214e-07,2.3245844402793316e-07,2.7581563955847413e-07,1.7483313958273935e-05,0.3446958267274633,8,highpass
2.1188022041785416e-07,6.743785817319214e-07,2.3245844402793316e-07,2.8015129323404236e-07,7.386134919480252e-06,0.3599752610844421,8,highpass
2.1188022041785416e-07,6.743785817319214e-07,2.3245844402793316e-07,2.7997094868790614e-07,1.7483313958273935e-05,0.34272007386516024,8,highpass
2.1188022041785416e-07,6.743785817319214e-07,2.3245844402793316e-07,2.7997094868790614e-07,7.386134919480252e-06,0.3599752610844421,8,highpass
2.1188022041785416e-07,6.743785817319214e-07,2.3245844402793316e-07,2.7997094868790614e-07,7.386134919480252e-06,0.3599752610844421,8,highpass
2.1188022041785416e-07,6.743785817319214e-07,2.3245844402793316e-07,2.7997094868790614e-07,3.882869889795638e-05,0.3010356830170527,8,highpass
2.1704695287085753e-07,6.743785817319214e-07,2.3245844402793316e-07,2.7997094868790614e-07,1.7483313958273935e-05,0.35270293040306655,8,highpass
2.1704695287085753e-07,6.816083063383222e-07,2.3245844402793316e-07,2.7581563955847413e-07,1.7483313958273935e-05,0.406489961840523,8,highpass
2.1704695287085753e-07,6.743785817319214e-07,2.3245844402793316e-07,2.7997094868790614e-07,7.386134919480252e-06,0.4043126865860738,8,highpass
2.1188022041785416e-07,6.743785817319214e-07,2.3245844402793316e-07,2.7997094868790614e-07,1.7483313958273935e-05,0.34272007386516024,8,highpass
2.1188022041785416e-07,6.743785817319214e-07,2.3245844402793316e-07,2.7997094868790614e-07,7.386134919480252e-06,0.3599752610844421,8,highpass
2.1188022041785416e-07,6.743785817319214e-07,2.3245844402793316e-07,2.7997094868790614e-07,7.386134919480252e-06,0.3599752610844421,8,highpass
2.1188022041785416e-07,6.743785817319214e-07,2.3245844402793316e-07,2.7997094868790614e-07,7.386134919480252e-06,0.3599752610844421,8,highpass
2.1188022041785416e-07,6.743785817319214e-07,2.3245844402793316e-07,2.7997094868790614e-07,1.7483313958273935e-05,0.34272007386516024,8,highpass
2.1188022041785416e-07,6.743785817319214e-07,2.3245844402793316e-07,2.7997094868790614e-07,7.386134919480252e-06,0.3599752610844421,8,highpass
2.1188022041785416e-07,6.743785817319214e-07,2.3245844402793316e-07,2.7581563955847413e-07,1.7483313958273935e-05,0.3446958267274633,8,highpass
2.1188022041785416e-07,6.743785817319214e-07,2.3245844402793316e-07,2.150223572568869e-07,7.386134919480252e-06,0.29999093330009435,8,highpass
2.1188022041785416e-07,6.743785817319214e-07,2.3245844402793316e-07,2.7997094868790614e-07,7.386134919480252e-06,0.3599752610844421,8,highpass
2.1704695287085753e-07,6.743785817319214e-07,2.3245844402793316e-07,2.7997094868790614e-07,1.7483313958273935e-05,0.35270293040306655,8,highpass
2.1806688678539412e-07,6.743785817319214e-07,2.3245844402793316e-07,2.7997094868790614e-07,7.386134919480252e-06,0.4134748173019372,8,highpass
2.1188022041785416e-07,6.743785817319214e-07,2.3245844402793316e-07,2.7997094868790614e-07,7.386134919480252e-06,0.3599752610844421,8,highpass
2.1704695287085753e-07,6.743785817319214e-07,2.3245844402793316e-07,2.7997094868790614e-07,1.7483313958273935e-05,0.35270293040306655,8,highpass
2.1188022041785416e-07,6.743785817319214e-07,2.3245844402793316e-07,2.7997094868790614e-07,1.7483313958273935e-05,0.34272007386516024,8,highpass
2.1704695287085753e-07,6.743785817319214e-07,2.3245844402793316e-07,2.7997094868790614e-07,1.7483313958273935e-05,0.35270293040306655,8,highpass
2.1188022041785416e-07,5.148660639831236e-07,2.3245844402793316e-07,2.7997094868790614e-07,1.7483313958273935e-05,0.2998759582357196,8,highpass
2.1188022041785416e-07,6.743785817319214e-07,2.3245844402793316e-07,2.7997094868790614e-07,8.692589724779947e-06,0.3578072018894938,8,highpass
2.1704695287085753e-07,6.743785817319214e-07,2.3245844402793316e-07,2.7997094868790614e-07,1.7483313958273935e-05,0.35270293040306655,8,highpass
2.1188022041785416e-07,6.743785817319214e-07,2.3245844402793316e-07,2.7605467080807355e-07,1.7483313958273935e-05,0.3446958267274633,8,highpass
2.2396645557028403e-07,6.743785817319214e-07,2.3245844402793316e-07,2.7997094868790614e-07,7.386134919480252e-06,0.35895660025877296,8,highpass
2.1188022041785416e-07,6.743785817319214e-07,2.3245844402793316e-07,2.7997094868790614e-07,7.386134919480252e-06,0.3599752610844421,8,highpass
2.1704695287085753e-07,6.743785817319214e-07,2.3245844402793316e-07,2.7997094868790614e-07,1.7483313958273935e-05,0.35270293040306655,8,highpass
2.1188022041785416e-07,6.743785817319214e-07,2.3245844402793316e-07,2.7997094868790614e-07,7.386134919480252e-06,0.3599752610844421,8,highpass
2.1188022041785416e-07,6.743785817319214e-07,2.3245844402793316e-07,2.805940452503279e-07,1.7483313958273935e-05,0.3535562871167568,8,highpass
2.1704695287085753e-07,6.644483252450744e-07,2.3245844402793316e-07,2.7997094868790614e-07,1.7483313958273935e-05,0.3564823408859097,8,highpass
2.1188022041785416e-07,6.743785817319214e-07,2.3245844402793316e-07,2.7997094868790614e-07,1.7483313958273935e-05,0.34272007386516024,8,highpass
2.1188022041785416e-07,5.580274230882734e-07,2.3245844402793316e-07,2.7997094868790614e-07,7.386134919480252e-06,0.30010986511925103,8,highpass
2.1188022041785416e-07,6.743785817319214e-07,2.3245844402793316e-07,2.7997094868790614e-07,7.386134919480252e-06,0.3599752610844421,8,highpass
2.1188022041785416e-07,6.743785817319214e-07,2.3245844402793316e-07,2.7581563955847413e-07,1.7483313958273935e-05,0.3446958267274633,8,highpass
2.1188022041785416e-07,6.743785817319214e-07,2.3245844402793316e-07,2.7997094868790614e-07,7.386134919480252e-06,0.3599752610844421,8,highpass
2.1188022041785416e-07,6.743785817319214e-07,2.3245844402793316e-07,2.7997094868790614e-07,1.7483313958273935e-05,0.34272007386516024,8,highpass
2.1188022041785416e-07,6.743785817319214e-07,2.3245844402793316e-07,2.7997094868790614e-07,7.386134919480252e-06,0.3599752610844421,8,highpass
2.1704695287085753e-07,6.743785817319214e-07,2.3245844402793316e-07,2.7997094868790614e-07,1.7483313958273935e-05,0.35270293040306655,8,highpass
2.1188022041785416e-07,6.743785817319214e-07,2.3245844402793316e-07,2.7997094868790614e-07,7.386134919480252e-06,0.3599752610844421,8,highpass
2.1188022041785416e-07,6.743785817319214e-07,2.3245844402793316e-07,2.7997094868790614e-07,1.7483313958273935e-05,0.34272007386516024,8,highpass
2.1806688678539412e-07,6.743785817319214e-07,2.3245844402793316e-07,2.7997094868790614e-07,7.386134919480252e-06,0.4134748173019372,9,highpass
2.1704695287085753e-07,6.743785817319214e-07,1.1226396242623119e-07,2.7997094868790614e-07,7.386134919480252e-06,0.15738539585812267,9,highpass
2.1188022041785416e-07,6.743785817319214e-07,2.3245844402793316e-07,2.7997094868790614e-07,1.7483313958273935e-05,0.34272007386516024,9,highpass
2.1806688678539412e-07,6.743785817319214e-07,2.3245844402793316e-07,2.7997094868790614e-07,7.386134919480252e-06,0.4134748173019372,9,highpass
2.1704695287085753e-07,6.743785817319214e-07,2.3245844402793316e-07,2.7997094868790614e-07,7.386134919480252e-06,0.4067072217345578,9,highpass
2.1704695287085753e-07,6.816083063383222e-07,2.3245844402793316e-07,2.7581563955847413e-07,1.7483313958273935e-05,0.406489961840523,9,highpass
2.1188022041785416e-07,6.743785817319214e-07,2.3245844402793316e-07,2.7581563955847413e-07,1.7483313958273935e-05,0.3446958267274633,9,highpass
2.1704695287085753e-07,6.743785817319214e-07,2.3245844402793316e-07,2.7581563955847413e-07,7.386134919480252e-06,0.37747115512700374,9,highpass
2.1188022041785416e-07,6.743785817319214e-07,2.3245844402793316e-07,2.7997094868790614e-07,7.386134919480252e-06,0.362057835936584,9,highpass
2.1704695287085753e-07,6.743785817319214e-07,2.3245844402793316e-07,2.807119429251681e-07,1.7483313958273935e-05,0.3490742898994994,9,highpass
2.1806688678539412e-07,6.743785817319214e-07,2.3245844402793316e-07,2.7997094868790614e-07,7.386134919480252e-06,0.4134748173019372,9,highpass
2.1188022041785416e-07,6.743785817319214e-07,2.3245844402793316e-07,2.7997094868790614e-07,7.386134919480252e-06,0.362057835936584,9,highpass
2.1704695287085753e-07,6.743785817319214e-07,2.3245844402793316e-07,2.7581563955847413e-07,7.386134919480252e-06,0.37747115512700374,9,highpass
2.1188022041785416e-07,6.743785817319214e-07,2.3245844402793316e-07,2.7997094868790614e-07,7.827260059837243e-06,0.35530232389769834,9,highpass
2.1704695287085753e-07,6.743785817319214e-07,1.4925597838697796e-07,2.7997094868790614e-07,7.386134919480252e-06,0.09324005806186704,9,highpass
2.1188022041785416e-07,6.743785817319214e-07,2.3245844402793316e-07,2.7997094868790614e-07,7.386134919480252e-06,0.362057835936584,9,highpass
2.1704695287085753e-07,6.743785817319214e-07,2.3245844402793316e-07,2.8015129323404236e-07,7.386134919480252e-06,0.4067072217345578,9,highpass
2.1188022041785416e-07,6.743785817319214e-07,2.3245844402793316e-07,2.7581563955847413e-07,1.7483313958273935e-05,0.3446958267274633,9,highpass
2.1704695287085753e-07,6.743785817319214e-07,2.3245844402793316e-07,2.7997094868790614e-07,7.386134919480252e-06,0.4067072217345578,9,highpass
2.1704695287085753e-07,6.743785817319214e-07,2.3245844402793316e-07,2.7997094868790614e-07,7.386134919480252e-06,0.4067072217345578,9,highpass
2.1188022041785416e-07,6.743785817319214e-07,2.3470646179071893e-07,2.7997094868790614e-07,7.386134919480252e-06,0.37359902091755265,9,highpass
2.1704695287085753e-07,6.743785817319214e-07,2.3245844402793316e-07,2.7997094868790614e-07,7.386134919480252e-06,0.4067072217345578,9,highpass
2.1704695287085753e-07,6.743785817319214e-07,2.3245844402793316e-07,2.7997094868790614e-07,1.7483313958273935e-05,0.35270293040306655,9,highpass
2.1188022041785416e-07,6.743785817319214e-07,2.3245844402793316e-07,2.7997094868790614e-07,7.386134919480252e-06,0.362057835936584,9,highpass
2.1704695287085753e-07,6.816083063383222e-07,2.3245844402793316e-07,2.7997094868790614e-07,7.386134919480252e-06,0.4221731092041313,9,highpass
2.1188022041785416e-07,6.743785817319214e-07,2.3245844402793316e-07,2.7997094868790614e-07,6.307729760359291e-06,0.3486555747480335,9,highpass
2.1806688678539412e-07,6.743785817319214e-07,2.3245844402793316e-07,2.7997094868790614e-07,7.386134919480252e-06,0.4134748173019372,9,highpass
2.1188022041785416e-07,6.743785817319214e-07,2.3245844402793316e-07,2.7997094868790614e-07,7.386134919480252e-06,0.362057835936584,9,highpass
2.1188022041785416e-07,6.743785817319214e-07,2.3245844402793316e-07,2.7997094868790614e-07,7.386134919480252e-06,0.362057835936584,9,highpass
2.1188022041785416e-07,6.816083063383222e-07,2.3245844402793316e-07,2.7581563955847413e-07,1.7483313958273935e-05,0.3508366899135023,9,highpass
2.1188022041785416e-07,6.743785817319214e-07,2.3245844402793316e-07,2.7997094868790614e-07,7.386134919480252e-06,0.362057835936584,9,highpass
2.1806688678539412e-07,6.743785817319214e-07,2.3245844402793316e-07,2.7997094868790614e-07,7.386134919480252e-06,0.4134748173019372,9,highpass
2.1188022041785416e-07,6.743785817319214e-07,2.3245844402793316e-07,2.7997094868790614e-07,7.386134919480252e-06,0.362057835936584,9,highpass
2.1188022041785416e-07,6.816083063383222e-07,2.3245844402793316e-07,1.8335220822840474e-07,1.7483313958273935e-05,0.29999181020666743,9,highpass
2.1704695287085753e-07,6.816083063383222e-07,2.3245844402793316e-07,2.8015129323404236e-07,5.388904061383968e-06,0.41196418895429054,9,highpass
2.1704695287085753e-07,6.743785817319214e-07,2.3245844402793316e-07,2.7997094868790614e-07,7.386134919480252e-06,0.4067072217345578,9,highpass
2.1188022041785416e-07,6.743785817319214e-07,2.3245844402793316e-07,2.7581563955847413e-07,1.7483313958273935e-05,0.3446958267274633,9,highpass
2.1188022041785416e-07,6.743785817319214e-07,2.3245844402793316e-07,2.7997094868790614e-07,7.386134919480252e-06,0.362057835936584,9,highpass
2.1806688678539412e-07,6.743785817319214e-07,2.3245844402793316e-07,2.7997094868790614e-07,7.386134919480252e-06,0.4134748173019372,9,highpass
2.1704695287085753e-07,6.743785817319214e-07,2.3245844402793316e-07,2.7997094868790614e-07,7.386134919480252e-06,0.4067072217345578,9,highpass
2.1188022041785416e-07,6.743785817319214e-07,2.3245844402793316e-07,2.7997094868790614e-07,1.7483313958273935e-05,0.34272007386516024,9,highpass
2.1704695287085753e-07,6.743785817319214e-07,2.3245844402793316e-07,2.7997094868790614e-07,7.386134919480252e-06,0.4067072217345578,9,highpass
2.1188022041785416e-07,3.4798832244772794e-07,2.3245844402793316e-07,2.7997094868790614e-07,7.386134919480252e-06,0.24217631264704992,9,highpass
2.1188022041785416e-07,6.743785817319214e-07,2.3245844402793316e-07,2.7997094868790614e-07,7.386134919480252e-06,0.362057835936584,9,highpass
2.1188022041785416e-07,6.743785817319214e-07,2.3245844402793316e-07,2.7997094868790614e-07,7.386134919480252e-06,0.362057835936584,9,highpass
2.1704695287085753e-07,6.743785817319214e-07,2.3245844402793316e-07,2.7997094868790614e-07,1.7483313958273935e-05,0.35270293040306655,9,highpass
2.1806688678539412e-07,6.743785817319214e-07,2.3245844402793316e-07,2.7581563955847413e-07,1.7483313958273935e-05,0.3795773668152874,9,highpass
2.1188022041785416e-07,6.743785817319214e-07,2.3245844402793316e-07,2.7997094868790614e-07,7.386134919480252e-06,0.362057835936584,9,highpass
2.1704695287085753e-07,6.743785817319214e-07,2.3245844402793316e-07,2.8015129323404236e-07,7.386134919480252e-06,0.4067072217345578,9,highpass
2.1188022041785416e-07,6.743785817319214e-07,2.3245844402793316e-07,2.8015129323404236e-07,7.386134919480252e-06,0.362057835936584,9,highpass
2.1704695287085753e-07,6.816083063383222e-07,2.3245844402793316e-07,2.7997094868790614e-07,7.386134919480252e-06,0.4221731092041313,10,highpass
2.1806688678539412e-07,6.743785817319214e-07,2.3245844402793316e-07,2.7997094868790614e-07,7.386134919480252e-06,0.4134748173019372,10,highpass
2.1806688678539412e-07,6.743785817319214e-07,2.3245844402793316e-07,2.7997094868790614e-07,7.386134919480252e-06,0.4134748173019372,10,highpass
2.1704695287085753e-07,6.743785817319214e-07,2.3245844402793316e-07,2.7997094868790614e-07,7.386134919480252e-06,0.4043126865860738,10,highpass
2.1704695287085753e-07,6.743785817319214e-07,2.3245844402793316e-07,2.7581563955847413e-07,7.386134919480252e-06,0.37747115512700374,10,highpass
2.1806688678539412e-07,6.743785817319214e-07,2.3245844402793316e-07,2.7997094868790614e-07,7.386134919480252e-06,0.4134748173019372,10,highpass
2.1806688678539412e-07,6.743785817319214e-07,2.3245844402793316e-07,2.7997094868790614e-07,7.386134919480252e-06,0.4134748173019372,10,highpass
2.1704695287085753e-07,6.743785817319214e-07,2.3245844402793316e-07,2.7997094868790614e-07,7.386134919480252e-06,0.4043126865860738,10,highpass
2.1704695287085753e-07,6.743785817319214e-07,2.3245844402793316e-07,2.7997094868790614e-07,7.386134919480252e-06,0.4043126865860738,10,highpass
2.1806688678539412e-07,6.743785817319214e-07,2.3245844402793316e-07,2.7997094868790614e-07,7.386134919480252e-06,0.4134748173019372,10,highpass
2.1704695287085753e-07,6.743785817319214e-07,2.3245844402793316e-07,2.7997094868790614e-07,7.386134919480252e-06,0.4043126865860738,10,highpass
2.1188022041785416e-07,6.743785817319214e-07,2.3245844402793316e-07,2.7997094868790614e-07,7.386134919480252e-06,0.362057835936584,10,highpass
2.1806688678539412e-07,6.743785817319214e-07,2.3245844402793316e-07,2.7997094868790614e-07,7.386134919480252e-06,0.4134748173019372,10,highpass
2.1704695287085753e-07,6.816083063383222e-07,2.3245844402793316e-07,2.7997094868790614e-07,7.386134919480252e-06,0.4221731092041313,10,highpass
2.1806688678539412e-07,6.743785817319214e-07,2.3245844402793316e-07,2.7997094868790614e-07,7.386134919480252e-06,0.4134748173019372,10,highpass
2.1704695287085753e-07,6.743785817319214e-07,2.3245844402793316e-07,2.7997094868790614e-07,7.386134919480252e-06,0.4043126865860738,10,highpass
2.1806688678539412e-07,6.743785817319214e-07,2.3245844402793316e-07,2.7997094868790614e-07,7.386134919480252e-06,0.4134748173019372,10,highpass
2.1806688678539412e-07,6.743785817319214e-07,2.3245844402793316e-07,2.7581563955847413e-07,1.7483313958273935e-05,0.3795773668152874,10,highpass
2.1704695287085753e-07,6.743785817319214e-07,2.3245844402793316e-07,2.7581563955847413e-07,1.7483313958273935e-05,0.38016648636990225,10,highpass
2.1806688678539412e-07,6.743785817319214e-07,2.3245844402793316e-07,2.7997094868790614e-07,1.7483313958273935e-05,0.3407344913035509,10,highpass
2.1806688678539412e-07,6.743785817319214e-07,2.365987653084514e-07,2.7997094868790614e-07,7.386134919480252e-06,0.3765889236914416,10,highpass
2.1806688678539412e-07,6.743785817319214e-07,2.3470646179071893e-07,2.7997094868790614e-07,7.386134919480252e-06,0.40984465812516546,10,highpass
2.1806688678539412e-07,6.743785817319214e-07,2.3245844402793316e-07,2.7997094868790614e-07,7.386134919480252e-06,0.4134748173019372,10,highpass
2.1704695287085753e-07,6.743785817319214e-07,1.0192614923022875e-07,2.7997094868790614e-07,7.386134919480252e-06,0.19531361203458883,10,highpass
2.1806688678539412e-07,6.743785817319214e-07,2.3245844402793316e-07,2.7581563955847413e-07,1.7483313958273935e-05,0.3795773668152874,10,highpass
2.1704695287085753e-07,6.816083063383222e-07,2.3245844402793316e-07,2.7997094868790614e-07,7.386134919480252e-06,0.4221731092041313,10,highpass
2.1806688678539412e-07,6.743785817319214e-07,2.3245844402793316e-07,2.7997094868790614e-07,7.386134919480252e-06,0.4134748173019372,10,highpass
2.1704695287085753e-07,6.743785817319214e-07,2.3245844402793316e-07,2.7997094868790614e-07,7.386134919480252e-06,0.4043126865860738,10,highpass
2.1704695287085753e-07,6.743785817319214e-07,2.3245844402793316e-07,2.7997094868790614e-07,7.386134919480252e-06,0.4043126865860738,10,highpass
2.1188022041785416e-07,6.743785817319214e-07,2.3245844402793316e-07,2.8015129323404236e-07,7.386134919480252e-06,0.362057835936584,10,highpass
2.1806688678539412e-07,6.743785817319214e-07,2.3245844402793316e-07,2.7997094868790614e-07,7.386134919480252e-06,0.4134748173019372,10,highpass
2.1806688678539412e-07,6.743785817319214e-07,2.3245844402793316e-07,2.7997094868790614e-07,7.386134919480252e-06,0.4134748173019372,10,highpass
1.8600887345231268e-07,6.743785817319214e-07,2.3245844402793316e-07,2.7997094868790614e-07,7.386134919480252e-06,0.3000514735060532,10,highpass
2.1704695287085753e-07,6.743785817319214e-07,2.3417296537153882e-07,2.8015129323404236e-07,7.386134919480252e-06,0.36488943296925797,10,highpass
2.1704695287085753e-07,6.743785817319214e-07,2.3245844402793316e-07,2.7997094868790614e-07,7.386134919480252e-06,0.4043126865860738,10,highpass
2.294396701017393e-07,6.743785817319214e-07,2.3245844402793316e-07,2.7997094868790614e-07,7.386134919480252e-06,0.37561117265908267,10,highpass
2.1806688678539412e-07,6.743785817319214e-07,2.3245844402793316e-07,2.7997094868790614e-07,7.386134919480252e-06,0.4134748173019372,10,highpass
2.1704695287085753e-07,6.743785817319214e-07,2.3245844402793316e-07,2.7997094868790614e-07,7.386134919480252e-06,0.4043126865860738,10,highpass
2.1806688678539412e-07,6.743785817319214e-07,2.3245844402793316e-07,2.7997094868790614e-07,5.388904061383968e-06,0.3596535070239573,10,highpass
2.1806688678539412e-07,6.743785817319214e-07,2.3245844402793316e-07,2.8015129323404236e-07,5.388904061383968e-06,0.3596535070239573,10,highpass
2.1806688678539412e-07,6.743785817319214e-07,2.3245844402793316e-07,2.7997094868790614e-07,7.386134919480252e-06,0.4134748173019372,10,highpass
2.1704695287085753e-07,6.743785817319214e-07,2.3245844402793316e-07,2.7997094868790614e-07,7.386134919480252e-06,0.4043126865860738,10,highpass
2.1806688678539412e-07,6.743785817319214e-07,2.3245844402793316e-07,2.7997094868790614e-07,7.386134919480252e-06,0.4134748173019372,10,highpass
2.1806688678539412e-07,6.743785817319214e-07,2.3245844402793316e-07,2.7581563955847413e-07,1.7483313958273935e-05,0.3795773668152874,10,highpass
2.1806688678539412e-07,6.743785817319214e-07,2.3245844402793316e-07,2.7997094868790614e-07,5.596926997965327e-06,0.353068282726705,10,highpass
2.1704695287085753e-07,6.816083063383222e-07,2.3245844402793316e-07,2.8015129323404236e-07,5.388904061383968e-06,0.41196418895429054,10,highpass
2.1704695287085753e-07,6.743785817319214e-07,2.3245844402793316e-07,2.7997094868790614e-07,7.386134919480252e-06,0.4043126865860738,10,highpass
2.1806688678539412e-07,6.743785817319214e-07,2.3245844402793316e-07,2.8015129323404236e-07,7.386134919480252e-06,0.4134748173019372,10,highpass
2.1806688678539412e-07,6.743785817319214e-07,2.3245844402793316e-07,2.7997094868790614e-07,7.386134919480252e-06,0.4134748173019372,10,highpass
2.1806688678539412e-07,6.743785817319214e-07,2.3245844402793316e-07,2.7997094868790614e-07,7.386134919480252e-06,0.4134748173019372,10,highpass
2.1704695287085753e-07,6.816083063383222e-07,2.3245844402793316e-07,2.7997094868790614e-07,7.386134919480252e-06,0.4221731092041313,11,highpass
2.1806688678539412e-07,6.743785817319214e-07,2.3245844402793316e-07,2.7997094868790614e-07,7.386134919480252e-06,0.4134748173019372,11,highpass
2.1806688678539412e-07,6.743785817319214e-07,2.287160450687067e-07,2.7997094868790614e-07,7.386134919480252e-06,0.3011025963656076,11,highpass
2.1806688678539412e-07,6.743785817319214e-07,2.3245844402793316e-07,2.7997094868790614e-07,7.386134919480252e-06,0.4134748173019372,11,highpass
2.1806688678539412e-07,6.743785817319214e-07,2.3245844402793316e-07,2.7997094868790614e-07,7.386134919480252e-06,0.4134748173019372,11,highpass
2.1806688678539412e-07,6.743785817319214e-07,2.3245844402793316e-07,2.7997094868790614e-07,7.386134919480252e-06,0.4134748173019372,11,highpass
2.1806688678539412e-07,6.743785817319214e-07,2.3245844402793316e-07,2.7997094868790614e-07,7.386134919480252e-06,0.4134748173019372,11,highpass
2.1704695287085753e-07,6.816083063383222e-07,2.3245844402793316e-07,2.8015129323404236e-07,7.386134919480252e-06,0.4221731092041313,11,highpass
2.1704695287085753e-07,6.816083063383222e-07,2.3245844402793316e-07,2.7997094868790614e-07,7.386134919480252e-06,0.4221731092041313,11,highpass
2.1806688678539412e-07,6.743785817319214e-07,2.3245844402793316e-07,2.7997094868790614e-07,4.56088597557149e-05,0.29995159880711747,11,highpass
2.1806688678539412e-07,6.743785817319214e-07,2.3245844402793316e-07,2.7997094868790614e-07,7.386134919480252e-06,0.4134748173019372,11,highpass
2.1704695287085753e-07,6.743785817319214e-07,2.3245844402793316e-07,2.7997094868790614e-07,7.386134919480252e-06,0.4043126865860738,11,highpass
2.1806688678539412e-07,6.743785817319214e-07,2.3245844402793316e-07,2.7997094868790614e-07,7.386134919480252e-06,0.4134748173019372,11,highpass
2.1806688678539412e-07,6.893909260804959e-07,2.3245844402793316e-07,2.7997094868790614e-07,7.386134919480252e-06,0.41599540531226403,11,highpass
2.1704695287085753e-07,6.816083063383222e-07,2.3245844402793316e-07,2.7997094868790614e-07,7.386134919480252e-06,0.4221731092041313,11,highpass
2.1806688678539412e-07,6.743785817319214e-07,2.3245844402793316e-07,2.7997094868790614e-07,7.386134919480252e-06,0.4134748173019372,11,highpass
2.1806688678539412e-07,6.816083063383222e-07,2.3245844402793316e-07,2.7997094868790614e-07,7.386134919480252e-06,0.4367293885530569,11,highpass
2.1704695287085753e-07,6.816083063383222e-07,2.3245844402793316e-07,2.7997094868790614e-07,7.386134919480252e-06,0.4221731092041313,11,highpass
2.1806688678539412e-07,6.743785817319214e-07,2.397639102397841e-07,2.7997094868790614e-07,7.386134919480252e-06,0.1161877523567495,11,highpass
2.1806688678539412e-07,6.743785817319214e-07,2.3245844402793316e-07,2.7997094868790614e-07,7.386134919480252e-06,0.4134748173019372,11,highpass
2.1806688678539412e-07,6.743785817319214e-07,2.3245844402793316e-07,2.8015129323404236e-07,7.386134919480252e-06,0.4134748173019372,11,highpass
2.1806688678539412e-07,6.743785817319214e-07,2.3245844402793316e-07,2.7997094868790614e-07,7.386134919480252e-06,0.4134748173019372,11,highpass
2.2312165172880947e-07,6.743785817319214e-07,2.3245844402793316e-07,2.7997094868790614e-07,5.388904061383968e-06,0.4120900941493554,11,highpass
2.1704695287085753e-07,6.743785817319214e-07,2.3245844402793316e-07,2.7997094868790614e-07,7.386134919480252e-06,0.4043126865860738,11,highpass
2.1704695287085753e-07,6.743785817319214e-07,2.3245844402793316e-07,2.7997094868790614e-07,7.386134919480252e-06,0.4043126865860738,11,highpass
2.1806688678539412e-07,6.816083063383222e-07,2.3245844402793316e-07,2.7997094868790614e-07,7.386134919480252e-06,0.4367293885530569,11,highpass
2.1806688678539412e-07,6.743785817319214e-07,2.3245844402793316e-07,2.7997094868790614e-07,7.386134919480252e-06,0.4134748173019372,11,highpass
2.1806688678539412e-07,6.743785817319214e-07,2.3245844402793316e-07,2.7997094868790614e-07,7.386134919480252e-06,0.4134748173019372,11,highpass
2.1806688678539412e-07,6.743785817319214e-07,2.3245844402793316e-07,2.7997094868790614e-07,7.386134919480252e-06,0.4134748173019372,11,highpass
2.1806688678539412e-07,6.743785817319214e-07,2.3245844402793316e-07,2.7997094868790614e-07,7.386134919480252e-06,0.4134748173019372,11,highpass
2.1704695287085753e-07,6.816083063383222e-07,2.3245844402793316e-07,2.7997094868790614e-07,7.386134919480252e-06,0.4221731092041313,11,highpass
2.1806688678539412e-07,6.743785817319214e-07,2.3245844402793316e-07,2.7997094868790614e-07,7.386134919480252e-06,0.4134748173019372,11,highpass
2.1704695287085753e-07,6.816083063383222e-07,2.3245844402793316e-07,2.7997094868790614e-07,7.386134919480252e-06,0.4221731092041313,11,highpass
2.1806688678539412e-07,6.743785817319214e-07,2.3245844402793316e-07,2.7997094868790614e-07,7.386134919480252e-06,0.4134748173019372,11,highpass
2.1806688678539412e-07,6.743785817319214e-07,2.3245844402793316e-07,2.7997094868790614e-07,7.386134919480252e-06,0.4134748173019372,11,highpass
2.1806688678539412e-07,6.743785817319214e-07,2.3245844402793316e-07,2.7997094868790614e-07,7.386134919480252e-06,0.4134748173019372,11,highpass
2.1704695287085753e-07,3.939798737036658e-07,2.3245844402793316e-07,2.7997094868790614e-07,7.386134919480252e-06,0.19627648970359604,11,highpass
2.1806688678539412e-07,6.743785817319214e-07,2.3245844402793316e-07,2.7997094868790614e-07,7.386134919480252e-06,0.4134748173019372,11,highpass
2.1806688678539412e-07,5.205886975657233e-07,2.3245844402793316e-07,2.7997094868790614e-07,7.386134919480252e-06,0.29996351068896304,11,highpass
2.1704695287085753e-07,6.816083063383222e-07,2.3245844402793316e-07,2.7997094868790614e-07,7.386134919480252e-06,0.4221731092041313,11,highpass
2.1704695287085753e-07,6.816083063383222e-07,2.3245844402793316e-07,2.788817949910735e-07,7.386134919480252e-06,0.40512945292285546,11,highpass
2.1704695287085753e-07,6.743785817319214e-07,2.3245844402793316e-07,2.744910417702672e-07,7.386134919480252e-06,0.39638227499637924,11,highpass
2.1704695287085753e-07,6.816083063383222e-07,2.3245844402793316e-07,2.7997094868790614e-07,7.386134919480252e-06,0.4221731092041313,11,highpass
2.1806688678539412e-07,3.8098168081353636e-07,2.3245844402793316e-07,2.7997094868790614e-07,7.386134919480252e-06,0.20066567858625747,11,highpass
2.1704695287085753e-07,6.816083063383222e-07,2.3245844402793316e-07,2.7997094868790614e-07,7.386134919480252e-06,0.4221731092041313,11,highpass
2.1806688678539412e-07,6.743785817319214e-07,2.3245844402793316e-07,2.7997094868790614e-07,7.386134919480252e-06,0.4134748173019372,11,highpass
2.1806688678539412e-07,6.743785817319214e-07,2.3245844402793316e-07,2.7997094868790614e-07,7.386134919480252e-06,0.4134748173019372,11,highpass
2.1806688678539412e-07,6.743785817319214e-07,2.3245844402793316e-07,2.8015129323404236e-07,5.388904061383968e-06,0.3596535070239573,11,highpass
1.1450142718731153e-07,6.743785817319214e-07,2.3245844402793316e-07,2.7997094868790614e-07,7.386134919480252e-06,0.13815453760927845,11,highpass
2.1806688678539412e-07,6.743785817319214e-07,2.3245844402793316e-07,2.8626815973403354e-07,7.386134919480252e-06,0.35107501947099895,11,highpass
2.1806688678539412e-07,6.816083063383222e-07,2.3245844402793316e-07,2.7997094868790614e-07,7.386134919480252e-06,0.4367293885530569,12,highpass
2.1704695287085753e-07,6.816083063383222e-07,2.3245844402793316e-07,2.7997094868790614e-07,7.386134919480252e-06,0.4221731092041313,12,highpass
1.576121948181324e-07,6.816083063383222e-07,2.3245844402793316e-07,2.7997094868790614e-07,7.386134919480252e-06,0.30003387466499604,12,highpass
2.1704695287085753e-07,6.816083063383222e-07,2.3245844402793316e-07,2.7997094868790614e-07,7.386134919480252e-06,0.4221731092041313,12,highpass
2.1704695287085753e-07,6.816083063383222e-07,2.3245844402793316e-07,2.8015129323404236e-07,7.386134919480252e-06,0.4221731092041313,12,highpass
2.1704695287085753e-07,6.816083063383222e-07,2.3245844402793316e-07,2.7997094868790614e-07,7.386134919480252e-06,0.4221731092041313,12,highpass
2.1704695287085753e-07,6.816083063383222e-07,2.3245844402793316e-07,2.7997094868790614e-07,7.386134919480252e-06,0.4221731092041313,12,highpass
2.1704695287085753e-07,6.816083063383222e-07,2.2994613081936515e-07,2.7997094868790614e-07,7.386134919480252e-06,0.326469258488458,12,highpass
2.1704695287085753e-07,6.816083063383222e-07,2.3245844402793316e-07,2.7997094868790614e-07,7.386134919480252e-06,0.4221731092041313,12,highpass
2.1704695287085753e-07,6.816083063383222e-07,2.3245844402793316e-07,1.908948341581252e-07,7.386134919480252e-06,0.29999127188213454,12,highpass
2.1704695287085753e-07,6.816083063383222e-07,2.3245844402793316e-07,2.7997094868790614e-07,7.386134919480252e-06,0.4221731092041313,12,highpass
2.1704695287085753e-07,6.743785817319214e-07,2.3245844402793316e-07,2.7997094868790614e-07,7.386134919480252e-06,0.4067072217345578,12,highpass
2.1704695287085753e-07,6.816083063383222e-07,2.3245844402793316e-07,2.7997094868790614e-07,7.386134919480252e-06,0.4221731092041313,12,highpass
2.1704695287085753e-07,6.816083063383222e-07,2.3245844402793316e-07,2.7997094868790614e-07,7.386134919480252e-06,0.4221731092041313,12,highpass
2.1704695287085753e-07,6.816083063383222e-07,2.3245844402793316e-07,2.8015129323404236e-07,7.386134919480252e-06,0.4221731092041313,12,highpass
2.1806688678539412e-07,6.816083063383222e-07,2.3245844402793316e-07,2.7997094868790614e-07,7.386134919480252e-06,0.4367293885530569,12,highpass
2.1704695287085753e-07,6.637686726506046e-07,2.3245844402793316e-07,2.7997094868790614e-07,7.386134919480252e-06,0.3736330406907444,12,highpass
2.1806688678539412e-07,6.816083063383222e-07,2.3245844402793316e-07,2.8015129323404236e-07,7.386134919480252e-06,0.4367293885530569,12,highpass
2.1704695287085753e-07,7e-07,2.3245844402793316e-07,2.7997094868790614e-07,7.386134919480252e-06,0.37443159146297633,12,highpass
2.1704695287085753e-07,6.816083063383222e-07,2.3245844402793316e-07,2.7997094868790614e-07,9.035675881335151e-06,0.33697092460629596,12,highpass
2.1704695287085753e-07,6.816083063383222e-07,2.3245844402793316e-07,2.7997094868790614e-07,7.386134919480252e-06,0.4221731092041313,12,highpass
2.1704695287085753e-07,6.816083063383222e-07,2.3245844402793316e-07,2.7997094868790614e-07,7.386134919480252e-06,0.4221731092041313,12,highpass
2.1704695287085753e-07,6.816083063383222e-07,2.3245844402793316e-07,2.7997094868790614e-07,7.386134919480252e-06,0.4221731092041313,12,highpass
2.1806688678539412e-07,6.816083063383222e-07,2.3245844402793316e-07,2.7997094868790614e-07,7.386134919480252e-06,0.4367293885530569,12,highpass
2.1806688678539412e-07,6.743785817319214e-07,2.3245844402793316e-07,2.7997094868790614e-07,7.386134919480252e-06,0.4134748173019372,12,highpass
2.1806688678539412e-07,6.816083063383222e-07,2.3709598633404155e-07,2.7997094868790614e-07,7.386134919480252e-06,0.3531432847091112,12,highpass
2.1704695287085753e-07,6.816083063383222e-07,2.3245844402793316e-07,2.7997094868790614e-07,7.386134919480252e-06,0.4221731092041313,12,highpass
2.1806688678539412e-07,6.816083063383222e-07,2.3245844402793316e-07,2.7997094868790614e-07,7.386134919480252e-06,0.4367293885530569,12,highpass
2.1806688678539412e-07,6.816083063383222e-07,1.2372984960436954e-07,2.7997094868790614e-07,7.386134919480252e-06,0.10349795668538442,12,highpass
2.1806688678539412e-07,6.816083063383222e-07,2.3245844402793316e-07,2.7997094868790614e-07,7.386134919480252e-06,0.4367293885530569,12,highpass
2.1806688678539412e-07,6.743785817319214e-07,2.3245844402793316e-07,2.7997094868790614e-07,7.386134919480252e-06,0.4134748173019372,12,highpass
2.1806688678539412e-07,6.743785817319214e-07,2.3245844402793316e-07,2.7997094868790614e-07,7.386134919480252e-06,0.4134748173019372,12,highpass
2.1806688678539412e-07,6.816083063383222e-07,2.3245844402793316e-07,2.7997094868790614e-07,7.386134919480252e-06,0.4367293885530569,12,highpass
2.1704695287085753e-07,6.816083063383222e-07,2.3245844402793316e-07,2.67598325535786e-07,7.386134919480252e-06,0.3972393979095571,12,highpass
2.1704695287085753e-07,6.816083063383222e-07,1.868458868753447e-07,2.7997094868790614e-07,7.386134919480252e-06,0.2999082580721385,12,highpass
2.3634768968425783e-07,6.816083063383222e-07,2.3245844402793316e-07,2.7997094868790614e-07,7.386134919480252e-06,0.35830890940668314,12,highpass
2.1806688678539412e-07,6.816083063383222e-07,2.3245844402793316e-07,2.7997094868790614e-07,7.386134919480252e-06,0.4367293885530569,12,highpass
2.1704695287085753e-07,6.816083063383222e-07,2.3245844402793316e-07,2.7997094868790614e-07,7.386134919480252e-06,0.4221731092041313,12,highpass
2.1704695287085753e-07,6.816083063383222e-07,2.3245844402793316e-07,2.7997094868790614e-07,7.386134919480252e-06,0.4221731092041313,12,highpass
2.1806688678539412e-07,6.743785817319214e-07,2.3245844402793316e-07,2.7997094868790614e-07,7.386134919480252e-06,0.4134748173019372,12,highpass
2.1704695287085753e-07,6.816083063383222e-07,2.3245844402793316e-07,2.7997094868790614e-07,7.386134919480252e-06,0.4221731092041313,12,highpass
2.1704695287085753e-07,6.816083063383222e-07,2.3245844402793316e-07,2.7997094868790614e-07,7.386134919480252e-06,0.4221731092041313,12,highpass
2.1704695287085753e-07,6.816083063383222e-07,2.3245844402793316e-07,2.7997094868790614e-07,7.386134919480252e-06,0.4221731092041313,12,highpass
2.1704695287085753e-07,6.743785817319214e-07,2.3245844402793316e-07,2.8015129323404236e-07,7.386134919480252e-06,0.4067072217345578,12,highpass
2.1806688678539412e-07,6.816083063383222e-07,2.3245844402793316e-07,2.7997094868790614e-07,7.386134919480252e-06,0.4367293885530569,12,highpass
2.1806688678539412e-07,6.743785817319214e-07,2.3245844402793316e-07,2.7997094868790614e-07,7.386134919480252e-06,0.4134748173019372,12,highpass
2.1806688678539412e-07,6.816083063383222e-07,2.3245844402793316e-07,2.7997094868790614e-07,7.386134919480252e-06,0.4367293885530569,12,highpass
2.1704695287085753e-07,6.816083063383222e-07,2.3245844402793316e-07,2.7997094868790614e-07,7.386134919480252e-06,0.4221731092041313,12,highpass
2.1704695287085753e-07,6.816083063383222e-07,2.3245844402793316e-07,2.7997094868790614e-07,7.386134919480252e-06,0.4221731092041313,12,highpass
2.1806688678539412e-07,6.816083063383222e-07,2.3245844402793316e-07,2.7997094868790614e-07,7.82417962338842e-06,0.41232803808415747,12,highpass
2.1806688678539412e-07,6.816083063383222e-07,2.3245844402793316e-07,2.7997094868790614e-07,7.386134919480252e-06,0.4367293885530569,13,highpass
2.1704695287085753e-07,6.816083063383222e-07,2.3245844402793316e-07,1.6414056976298278e-07,7.386134919480252e-06,0.2956742683833942,13,highpass
2.1704695287085753e-07,6.816083063383222e-07,2.3245844402793316e-07,2.7997094868790614e-07,7.386134919480252e-06,0.4260914009998237,13,highpass
2.1806688678539412e-07,6.816083063383222e-07,2.3245844402793316e-07,2.7997094868790614e-07,7.386134919480252e-06,0.4367293885530569,13,highpass
2.1806688678539412e-07,6.816083063383222e-07,2.3245844402793316e-07,2.7997094868790614e-07,7.386134919480252e-06,0.4367293885530569,13,highpass
2.1806688678539412e-07,6.816083063383222e-07,2.3245844402793316e-07,2.7997094868790614e-07,7.386134919480252e-06,0.4367293885530569,13,highpass
2.1806688678539412e-07,6.816083063383222e-07,2.3245844402793316e-07,2.749061264508241e-07,7.386134919480252e-06,0.342815738520475,13,highpass
2.1704695287085753e-07,6.816083063383222e-07,2.3245844402793316e-07,2.7997094868790614e-07,8.176588932020053e-06,0.398407285355143,13,highpass
2.1704695287085753e-07,6.816083063383222e-07,2.3245844402793316e-07,2.7997094868790614e-07,7.386134919480252e-06,0.4260914009998237,13,highpass
2.1806688678539412e-07,6.816083063383222e-07,2.3245844402793316e-07,2.7997094868790614e-07,7.386134919480252e-06,0.4367293885530569,13,highpass
2.1806688678539412e-07,6.816083063383222e-07,2.3245844402793316e-07,2.7997094868790614e-07,7.386134919480252e-06,0.4367293885530569,13,highpass
2.1806688678539412e-07,6.816083063383222e-07,2.3245844402793316e-07,2.7997094868790614e-07,7.386134919480252e-06,0.4367293885530569,13,highpass
2.1806688678539412e-07,6.816083063383222e-07,2.3245844402793316e-07,2.7997094868790614e-07,7.386134919480252e-06,0.4367293885530569,13,highpass
2.180570703270826e-07,6.816083063383222e-07,2.3245844402793316e-07,2.7997094868790614e-07,7.386134919480252e-06,0.4367293885530569,13,highpass
2.1806688678539412e-07,6.816083063383222e-07,2.3245844402793316e-07,2.7858106891801416e-07,7.386134919480252e-06,0.4086820011106966,13,highpass
2.1806688678539412e-07,6.816083063383222e-07,2.3245844402793316e-07,2.8015129323404236e-07,7.386134919480252e-06,0.4367293885530569,13,highpass
2.1704695287085753e-07,6.816083063383222e-07,1.4454927071376685e-07,2.7997094868790614e-07,7.386134919480252e-06,0.1018256314520038,13,highpass
2.1806688678539412e-07,6.816083063383222e-07,2.3245844402793316e-07,2.8015129323404236e-07,7.386134919480252e-06,0.4367293885530569,13,highpass
2.1806688678539412e-07,6.816083063383222e-07,2.3245844402793316e-07,2.7997094868790614e-07,3.1825637361530715e-05,0.3059475819058452,13,highpass
2.1806688678539412e-07,6.816083063383222e-07,2.3245844402793316e-07,2.7997094868790614e-07,7.386134919480252e-06,0.4367293885530569,13,highpass
2.1806688678539412e-07,6.816083063383222e-07,2.3245844402793316e-07,2.7997094868790614e-07,7.386134919480252e-06,0.4367293885530569,13,highpass
2.1806688678539412e-07,6.816083063383222e-07,2.3245844402793316e-07,1.7129309277605978e-07,7.386134919480252e-06,0.29993983044248795,13,highpass
2.1806688678539412e-07,6.816083063383222e-07,2.3245844402793316e-07,2.7997094868790614e-07,7.386134919480252e-06,0.4367293885530569,13,highpass
2.1704695287085753e-07,6.816083063383222e-07,2.3245844402793316e-07,2.7997094868790614e-07,7.386134919480252e-06,0.4260914009998237,13,highpass
2.1806688678539412e-07,6.816083063383222e-07,2.3245844402793316e-07,2.7997094868790614e-07,7.386134919480252e-06,0.4367293885530569,13,highpass
2.1806688678539412e-07,6.816083063383222e-07,2.3245844402793316e-07,2.8015129323404236e-07,7.386134919480252e-06,0.4367293885530569,13,highpass
2.1806688678539412e-07,6.816083063383222e-07,2.3245844402793316e-07,2.7997094868790614e-07,7.386134919480252e-06,0.4367293885530569,13,highpass
2.1806688678539412e-07,6.816083063383222e-07,2.3245844402793316e-07,2.7997094868790614e-07,7.386134919480252e-06,0.4367293885530569,13,highpass
2.1806688678539412e-07,6.816083063383222e-07,2.3245844402793316e-07,2.8015129323404236e-07,7.386134919480252e-06,0.4367293885530569,13,highpass
2.1806688678539412e-07,6.816083063383222e-07,2.3245844402793316e-07,2.7997094868790614e-07,7.386134919480252e-06,0.4367293885530569,13,highpass
2.1704695287085753e-07,3.632122874705433e-07,2.3245844402793316e-07,2.7997094868790614e-07,7.386134919480252e-06,0.20170207090142758,13,highpass
2.1806688678539412e-07,6.743785817319214e-07,2.3245844402793316e-07,2.7997094868790614e-07,7.386134919480252e-06,0.4134748173019372,13,highpass
2.1806688678539412e-07,6.816083063383222e-07,2.3245844402793316e-07,2.7997094868790614e-07,7.386134919480252e-06,0.4367293885530569,13,highpass
2.1806688678539412e-07,6.816083063383222e-07,2.3245844402793316e-07,2.8015129323404236e-07,7.386134919480252e-06,0.4367293885530569,13,highpass
2.1704695287085753e-07,6.816083063383222e-07,2.3245844402793316e-07,2.7997094868790614e-07,7.386134919480252e-06,0.4260914009998237,13,highpass
2.1806688678539412e-07,6.816083063383222e-07,2.3245844402793316e-07,2.7997094868790614e-07,7.386134919480252e-06,0.4367293885530569,13,highpass
2.1806688678539412e-07,6.816083063383222e-07,2.3245844402793316e-07,2.7997094868790614e-07,7.386134919480252e-06,0.4367293885530569,13,highpass
2.1704695287085753e-07,6.816083063383222e-07,2.3245844402793316e-07,2.8015129323404236e-07,7.386134919480252e-06,0.4260914009998237,13,highpass
2.1806688678539412e-07,6.816083063383222e-07,2.3245844402793316e-07,2.7997094868790614e-07,7.386134919480252e-06,0.4367293885530569,13,highpass
2.1704695287085753e-07,6.816083063383222e-07,2.3245844402793316e-07,2.7997094868790614e-07,7.386134919480252e-06,0.4260914009998237,13,highpass
2.1704695287085753e-07,6.816083063383222e-07,2.3245844402793316e-07,2.7997094868790614e-07,7.386134919480252e-06,0.4260914009998237,13,highpass
2.1806688678539412e-07,6.816083063383222e-07,2.3245844402793316e-07,2.7997094868790614e-07,7.386134919480252e-06,0.4367293885530569,13,highpass
2.1806688678539412e-07,6.816083063383222e-07,2.3245844402793316e-07,2.7997094868790614e-07,2.3884483174809414e-05,0.32313178885780164,13,highpass
2.1806688678539412e-07,6.816083063383222e-07,2.3245844402793316e-07,2.6434317858172506e-07,7.386134919480252e-06,0.3874896182980116,13,highpass
2.1806688678539412e-07,6.816083063383222e-07,2.3245844402793316e-07,2.7997094868790614e-07,7.386134919480252e-06,0.4367293885530569,13,highpass
2.1806688678539412e-07,6.816083063383222e-07,1.615368306047705e-07,2.7997094868790614e-07,7.386134919480252e-06,0.0915262872428899,13,highpass
2.1704695287085753e-07,6.816083063383222e-07,2.3245844402793316e-07,2.7997094868790614e-07,7.386134919480252e-06,0.4260914009998237,13,highpass
2.1806688678539412e-07,6.816083063383222e-07,2.3245844402793316e-07,2.7997094868790614e-07,7.386134919480252e-06,0.4367293885530569,13,highpass
2.1806688678539412e-07,6.816083063383222e-07,2.3245844402793316e-07,2.7997094868790614e-07,6.890574304543035e-06,0.44735896001887165,13,highpass
2.1704695287085753e-07,6.816083063383222e-07,2.3245844402793316e-07,2.8015129323404236e-07,7.386134919480252e-06,0.4260914009998237,13,highpass
2.1806688678539412e-07,6.816083063383222e-07,2.3245844402793316e-07,2.7997094868790614e-07,6.890574304543035e-06,0.44735896001887165,14,highpass
2.1806688678539412e-07,6.816083063383222e-07,2.3245844402793316e-07,2.7997094868790614e-07,7.386134919480252e-06,0.44037323948944157,14,highpass
2.1806688678539412e-07,6.816083063383222e-07,2.3245844402793316e-07,2.7997094868790614e-07,7.386134919480252e-06,0.44037323948944157,14,highpass
2.1806688678539412e-07,6.816083063383222e-07,2.3245844402793316e-07,2.7997094868790614e-07,7.386134919480252e-06,0.44037323948944157,14,highpass
2.1806688678539412e-07,3.4562160183104724e-07,2.3245844402793316e-07,2.7997094868790614e-07,7.386134919480252e-06,0.22737720174209133,14,highpass
2.1806688678539412e-07,6.816083063383222e-07,2.3245844402793316e-07,2.7997094868790614e-07,7.386134919480252e-06,0.44037323948944157,14,highpass
2.1806688678539412e-07,6.816083063383222e-07,2.332990199648594e-07,2.7997094868790614e-07,7.386134919480252e-06,0.36895264003336303,14,highpass
2.1806688678539412e-07,6.816083063383222e-07,2.3245844402793316e-07,2.7997094868790614e-07,7.386134919480252e-06,0.44037323948944157,14,highpass
2.1806688678539412e-07,6.816083063383222e-07,2.3245844402793316e-07,2.7997094868790614e-07,7.386134919480252e-06,0.44037323948944157,14,highpass
2.1806688678539412e-07,6.816083063383222e-07,2.3245844402793316e-07,2.7997094868790614e-07,7.386134919480252e-06,0.44037323948944157,14,highpass
2.1806688678539412e-07,6.816083063383222e-07,2.3245844402793316e-07,2.7997094868790614e-07,7.386134919480252e-06,0.44037323948944157,14,highpass
2.1806688678539412e-07,6.816083063383222e-07,2.3245844402793316e-07,2.8015129323404236e-07,7.386134919480252e-06,0.44037323948944157,14,highpass
2.1806688678539412e-07,6.816083063383222e-07,2.3245844402793316e-07,2.7997094868790614e-07,7.386134919480252e-06,0.44037323948944157,14,highpass
2.1806688678539412e-07,6.816083063383222e-07,2.3245844402793316e-07,2.8015129323404236e-07,7.386134919480252e-06,0.44037323948944157,14,highpass
2.1806688678539412e-07,6.816083063383222e-07,2.3245844402793316e-07,2.7997094868790614e-07,7.386134919480252e-06,0.44037323948944157,14,highpass
2.1806688678539412e-07,6.816083063383222e-07,2.3245844402793316e-07,2.7997094868790614e-07,7.386134919480252e-06,0.44037323948944157,14,highpass
2.1806688678539412e-07,6.816083063383222e-07,2.3245844402793316e-07,2.7997094868790614e-07,7.386134919480252e-06,0.44037323948944157,14,highpass
2.1806688678539412e-07,6.816083063383222e-07,2.3245844402793316e-07,2.7997094868790614e-07,7.386134919480252e-06,0.44037323948944157,14,highpass
2.1806688678539412e-07,6.816083063383222e-07,2.3245844402793316e-07,1.7938421880824872e-07,7.386134919480252e-06,0.29997537407326125,14,highpass
2.1806688678539412e-07,6.816083063383222e-07,2.3245844402793316e-07,2.8015129323404236e-07,6.890574304543035e-06,0.44735896001887165,14,highpass
2.1806688678539412e-07,6.816083063383222e-07,2.3245844402793316e-07,2.7997094868790614e-07,7.386134919480252e-06,0.44037323948944157,14,highpass
2.1806688678539412e-07,6.816083063383222e-07,2.3245844402793316e-07,2.7997094868790614e-07,7.386134919480252e-06,0.44037323948944157,14,highpass
2.1704695287085753e-07,6.816083063383222e-07,1.1499936543013855e-07,2.7997094868790614e-07,7.386134919480252e-06,0.11518743452709075,14,highpass
2.1806688678539412e-07,6.816083063383222e-07,2.3245844402793316e-07,2.7997094868790614e-07,7.386134919480252e-06,0.44037323948944157,14,highpass
2.1806688678539412e-07,6.816083063383222e-07,2.3245844402793316e-07,2.7997094868790614e-07,6.890574304543035e-06,0.44735896001887165,14,highpass
2.1806688678539412e-07,6.816083063383222e-07,2.3245844402793316e-07,2.7997094868790614e-07,6.890574304543035e-06,0.44735896001887165,14,highpass
2.1806688678539412e-07,6.816083063383222e-07,2.3245844402793316e-07,2.7997094868790614e-07,7.386134919480252e-06,0.44037323948944157,14,highpass
2.1806688678539412e-07,6.816083063383222e-07,2.3245844402793316e-07,2.7997094868790614e-07,7.386134919480252e-06,0.44037323948944157,14,highpass
2.1806688678539412e-07,6.816083063383222e-07,2.3245844402793316e-07,2.7997094868790614e-07,6.890574304543035e-06,0.44735896001887165,14,highpass
2.1806688678539412e-07,6.816083063383222e-07,2.3245844402793316e-07,2.7997094868790614e-07,7.386134919480252e-06,0.44037323948944157,14,highpass
2.1806688678539412e-07,6.816083063383222e-07,2.3245844402793316e-07,2.7997094868790614e-07,7.386134919480252e-06,0.44037323948944157,14,highpass
2.1806688678539412e-07,6.816083063383222e-07,2.3245844402793316e-07,2.7997094868790614e-07,7.386134919480252e-06,0.44037323948944157,14,highpass
2.1806688678539412e-07,6.958660842827437e-07,2.3245844402793316e-07,2.7997094868790614e-07,7.386134919480252e-06,0.36849340041117445,14,highpass
2.1806688678539412e-07,6.816083063383222e-07,2.3245844402793316e-07,2.8015129323404236e-07,7.386134919480252e-06,0.44037323948944157,14,highpass
2.1806688678539412e-07,6.816083063383222e-07,2.3245844402793316e-07,2.7997094868790614e-07,6.890574304543035e-06,0.44735896001887165,14,highpass
2.1935842641639391e-07,6.816083063383222e-07,2.3245844402793316e-07,2.7997094868790614e-07,7.386134919480252e-06,0.43319049536084275,14,highpass
2.1806688678539412e-07,6.669531879889957e-07,2.3245844402793316e-07,2.7997094868790614e-07,7.386134919480252e-06,0.40180051963366026,14,highpass
2.1806688678539412e-07,6.816083063383222e-07,2.3245844402793316e-07,2.7997094868790614e-07,7.386134919480252e-06,0.44037323948944157,14,highpass
2.1806688678539412e-07,6.816083063383222e-07,2.3245844402793316e-07,2.7997094868790614e-07,7.386134919480252e-06,0.44037323948944157,14,highpass
2.1806688678539412e-07,6.816083063383222e-07,2.3245844402793316e-07,2.412271058173549e-07,7.386134919480252e-06,0.30008505661172613,14,highpass
2.1806688678539412e-07,6.816083063383222e-07,2.3245844402793316e-07,2.7997094868790614e-07,7.386134919480252e-06,0.44037323948944157,14,highpass
2.1806688678539412e-07,6.816083063383222e-07,2.3245844402793316e-07,2.7997094868790614e-07,7.386134919480252e-06,0.44037323948944157,14,highpass
2.1806688678539412e-07,6.816083063383222e-07,2.3245844402793316e-07,2.0434799915674913e-07,7.386134919480252e-06,0.29999818670514833,14,highpass
2.1806688678539412e-07,6.816083063383222e-07,2.3245844402793316e-07,2.8015129323404236e-07,7.386134919480252e-06,0.44037323948944157,14,highpass
2.1806688678539412e-07,6.816083063383222e-07,2.3245844402793316e-07,2.7997094868790614e-07,7.386134919480252e-06,0.44037323948944157,14,highpass
2.1806688678539412e-07,6.816083063383222e-07,2.3245844402793316e-07,2.7997094868790614e-07,7.386134919480252e-06,0.44037323948944157,14,highpass
2.1806688678539412e-07,6.816083063383222e-07,2.3245844402793316e-07,2.7997094868790614e-07,7.386134919480252e-06,0.44037323948944157,14,highpass
2.1806688678539412e-07,6.816083063383222e-07,2.3245844402793316e-07,2.7997094868790614e-07,7.386134919480252e-06,0.44037323948944157,14,highpass
2.1806688678539412e-07,6.816083063383222e-07,2.3245844402793316e-07,2.8015129323404236e-07,7.386134919480252e-06,0.44037323948944157,14,highpass
2.1806688678539412e-07,6.816083063383222e-07,2.3245844402793316e-07,2.7997094868790614e-07,6.890574304543035e-06,0.44735896001887165,14,highpass
2.1806688678539412e-07,6.816083063383222e-07,2.3245844402793316e-07,2.7997094868790614e-07,6.890574304543035e-06,0.4471595481377709,15,highpass
2.1806688678539412e-07,6.816083063383222e-07,2.3245844402793316e-07,2.7997094868790614e-07,6.890574304543035e-06,0.4471595481377709,15,highpass
2.1806688678539412e-07,6.816083063383222e-07,2.3245844402793316e-07,2.7997094868790614e-07,7.386134919480252e-06,0.4367293885530569,15,highpass
2.1806688678539412e-07,6.816083063383222e-07,2.3245844402793316e-07,2.8015129323404236e-07,6.890574304543035e-06,0.4471595481377709,15,highpass
2.1806688678539412e-07,6.816083063383222e-07,2.3245844402793316e-07,2.7997094868790614e-07,6.890574304543035e-06,0.4471595481377709,15,highpass
2.1806688678539412e-07,6.816083063383222e-07,2.3245844402793316e-07,2.7997094868790614e-07,7.386134919480252e-06,0.4367293885530569,15,highpass
2.1806688678539412e-07,6.816083063383222e-07,2.3245844402793316e-07,2.7997094868790614e-07,6.890574304543035e-06,0.4471595481377709,15,highpass
2.1806688678539412e-07,6.816083063383222e-07,2.3245844402793316e-07,2.7997094868790614e-07,6.890574304543035e-06,0.4471595481377709,15,highpass
2.1806688678539412e-07,6.816083063383222e-07,2.3245844402793316e-07,2.7997094868790614e-07,6.890574304543035e-06,0.4471595481377709,15,highpass
2.1806688678539412e-07,6.816083063383222e-07,2.3245844402793316e-07,2.7997094868790614e-07,7.386134919480252e-06,0.4367293885530569,15,highpass
2.1806688678539412e-07,6.816083063383222e-07,2.3245844402793316e-07,2.7997094868790614e-07,6.890574304543035e-06,0.4471595481377709,15,highpass
2.1806688678539412e-07,6.816083063383222e-07,2.3245844402793316e-07,2.7997094868790614e-07,7.386134919480252e-06,0.4367293885530569,15,highpass
2.1806688678539412e-07,6.816083063383222e-07,2.3245844402793316e-07,2.7997094868790614e-07,7.386134919480252e-06,0.4367293885530569,15,highpass
2.1806688678539412e-07,6.816083063383222e-07,2.3245844402793316e-07,2.7997094868790614e-07,6.890574304543035e-06,0.4471595481377709,15,highpass
2.1806688678539412e-07,6.816083063383222e-07,2.3245844402793316e-07,2.7997094868790614e-07,7.386134919480252e-06,0.4367293885530569,15,highpass
2.1806688678539412e-07,6.816083063383222e-07,2.3245844402793316e-07,2.7997094868790614e-07,7.386134919480252e-06,0.4367293885530569,15,highpass
2.1806688678539412e-07,6.681211122722229e-07,2.3245844402793316e-07,2.8015129323404236e-07,7.386134919480252e-06,0.4063445610531547,15,highpass
2.1806688678539412e-07,6.816083063383222e-07,2.3245844402793316e-07,2.7997094868790614e-07,7.386134919480252e-06,0.4367293885530569,15,highpass
2.1806688678539412e-07,6.816083063383222e-07,2.3245844402793316e-07,2.7997094868790614e-07,6.890574304543035e-06,0.4471595481377709,15,highpass
2.1806688678539412e-07,6.816083063383222e-07,2.3245844402793316e-07,2.7997094868790614e-07,7.386134919480252e-06,0.4367293885530569,15,highpass
2.1806688678539412e-07,6.816083063383222e-07,2.3245844402793316e-07,2.7997094868790614e-07,6.890574304543035e-06,0.4471595481377709,15,highpass
2.1806688678539412e-07,6.816083063383222e-07,2.282799271871188e-07,2.7997094868790614e-07,7.386134919480252e-06,0.30371016064270134,15,highpass
2.1806688678539412e-07,6.816083063383222e-07,2.3245844402793316e-07,2.7997094868790614e-07,6.890574304543035e-06,0.4471595481377709,15,highpass
2.1806688678539412e-07,6.816083063383222e-07,2.3245844402793316e-07,2.8015129323404236e-07,6.890574304543035e-06,0.4471595481377709,15,highpass
2.1806688678539412e-07,6.816083063383222e-07,2.3245844402793316e-07,2.7997094868790614e-07,6.890574304543035e-06,0.4471595481377709,15,highpass
2.1806688678539412e-07,6.816083063383222e-07,2.3245844402793316e-07,2.7997094868790614e-07,6.890574304543035e-06,0.4471595481377709,15,highpass
2.1806688678539412e-07,6.816083063383222e-07,2.3245844402793316e-07,2.7899277364482155e-07,7.386134919480252e-06,0.41508183191943654,15,highpass
2.1806688678539412e-07,6.816083063383222e-07,2.3245844402793316e-07,2.7997094868790614e-07,7.386134919480252e-06,0.4367293885530569,15,highpass
2.1806688678539412e-07,6.816083063383222e-07,2.3245844402793316e-07,2.7997094868790614e-07,6.890574304543035e-06,0.4471595481377709,15,highpass
2.1806688678539412e-07,6.816083063383222e-07,2.3245844402793316e-07,2.7997094868790614e-07,7.386134919480252e-06,0.4367293885530569,15,highpass
2.1806688678539412e-07,6.816083063383222e-07,2.3245844402793316e-07,2.7997094868790614e-07,6.890574304543035e-06,0.4471595481377709,15,highpass
2.1806688678539412e-07,6.816083063383222e-07,2.3245844402793316e-07,2.7997094868790614e-07,7.386134919480252e-06,0.4367293885530569,15,highpass
2.1806688678539412e-07,6.816083063383222e-07,2.3245844402793316e-07,2.7997094868790614e-07,7.386134919480252e-06,0.4367293885530569,15,highpass
2.1806688678539412e-07,6.816083063383222e-07,2.3245844402793316e-07,2.8015129323404236e-07,6.890574304543035e-06,0.4471595481377709,15,highpass
2.1806688678539412e-07,6.816083063383222e-07,2.3245844402793316e-07,2.7997094868790614e-07,6.890574304543035e-06,0.4471595481377709,15,highpass
2.1806688678539412e-07,6.816083063383222e-07,2.3245844402793316e-07,2.7997094868790614e-07,7.386134919480252e-06,0.4367293885530569,15,highpass
2.1806688678539412e-07,6.816083063383222e-07,2.3245844402793316e-07,2.7997094868790614e-07,6.890574304543035e-06,0.4471595481377709,15,highpass
2.1806688678539412e-07,6.816083063383222e-07,2.3245844402793316e-07,2.7997094868790614e-07,7.386134919480252e-06,0.4367293885530569,15,highpass
2.1806688678539412e-07,6.816083063383222e-07,2.3245844402793316e-07,2.7997094868790614e-07,6.890574304543035e-06,0.4471595481377709,15,highpass
2.1806688678539412e-07,6.625833854939466e-07,2.3245844402793316e-07,2.7997094868790614e-07,7.386134919480252e-06,0.38415280011030417,15,highpass
2.1806688678539412e-07,6.816083063383222e-07,2.3245844402793316e-07,2.7997094868790614e-07,6.890574304543035e-06,0.4471595481377709,15,highpass
2.1806688678539412e-07,6.816083063383222e-07,2.3245844402793316e-07,2.7997094868790614e-07,6.890574304543035e-06,0.4471595481377709,15,highpass
2.1806688678539412e-07,6.816083063383222e-07,2.3245844402793316e-07,2.2316871383984873e-07,7.386134919480252e-06,0.3000153761065616,15,highpass
2.1806688678539412e-07,6.816083063383222e-07,2.3245844402793316e-07,2.7997094868790614e-07,6.890574304543035e-06,0.4471595481377709,15,highpass
2.1806688678539412e-07,6.816083063383222e-07,2.3245844402793316e-07,2.7997094868790614e-07,6.890574304543035e-06,0.4471595481377709,15,highpass
2.1806688678539412e-07,6.816083063383222e-07,2.3245844402793316e-07,2.7997094868790614e-07,7.386134919480252e-06,0.4367293885530569,15,highpass
1.26795496008342e-07,6.816083063383222e-07,2.3245844402793316e-07,2.7997094868790614e-07,7.386134919480252e-06,0.29660868642878313,15,highpass
2.1806688678539412e-07,6.816083063383222e-07,2.3245844402793316e-07,2.7997094868790614e-07,7.386134919480252e-06,0.4367293885530569,15,highpass
2.1806688678539412e-07,6.816083063383222e-07,2.3245844402793316e-07,2.8015129323404236e-07,6.890574304543035e-06,0.4471595481377709,15,highpass
2.1806688678539412e-07,6.816083063383222e-07,2.3245844402793316e-07,2.7997094868790614e-07,7.386134919480252e-06,0.4367293885530569,15,highpass
2.1806688678539412e-07,6.816083063383222e-07,2.3245844402793316e-07,2.7997094868790614e-07,6.890574304543035e-06,0.4471595481377709,16,highpass
2.1806688678539412e-07,6.816083063383222e-07,2.3245844402793316e-07,2.7997094868790614e-07,6.890574304543035e-06,0.4471595481377709,16,highpass
2.1806688678539412e-07,6.832620087309594e-07,2.3245844402793316e-07,2.7997094868790614e-07,6.890574304543035e-06,0.4466630799214055,16,highpass
2.1806688678539412e-07,6.816083063383222e-07,2.3245844402793316e-07,2.7997094868790614e-07,6.890574304543035e-06,0.4471595481377709,16,highpass
2.1806688678539412e-07,6.816083063383222e-07,2.3245844402793316e-07,2.7997094868790614e-07,6.890574304543035e-06,0.4471595481377709,16,highpass
2.1806688678539412e-07,6.816083063383222e-07,2.3245844402793316e-07,2.8015129323404236e-07,6.890574304543035e-06,0.4471595481377709,16,highpass
2.1806688678539412e-07,6.816083063383222e-07,2.3245844402793316e-07,2.8015129323404236e-07,6.890574304543035e-06,0.4471595481377709,16,highpass
2.1806688678539412e-07,6.816083063383222e-07,2.3245844402793316e-07,2.7997094868790614e-07,6.890574304543035e-06,0.4471595481377709,16,highpass
2.1806688678539412e-07,6.816083063383222e-07,2.3245844402793316e-07,2.7997094868790614e-07,6.890574304543035e-06,0.4471595481377709,16,highpass
2.1806688678539412e-07,6.816083063383222e-07,2.3245844402793316e-07,2.7997094868790614e-07,6.890574304543035e-06,0.4471595481377709,16,highpass
2.1806688678539412e-07,7e-07,2.3245844402793316e-07,2.7997094868790614e-07,6.890574304543035e-06,0.3513768108293527,16,highpass
2.1806688678539412e-07,6.816083063383222e-07,2.3245844402793316e-07,2.7997094868790614e-07,6.890574304543035e-06,0.4471595481377709,16,highpass
2.1806688678539412e-07,6.816083063383222e-07,2.3434841730580145e-07,2.7997094868790614e-07,6.890574304543035e-06,0.39476999619940933,16,highpass
2.1806688678539412e-07,6.816083063383222e-07,2.3245844402793316e-07,2.7997094868790614e-07,6.890574304543035e-06,0.4471595481377709,16,highpass
2.1806688678539412e-07,6.816083063383222e-07,2.3245844402793316e-07,2.7997094868790614e-07,6.890574304543035e-06,0.4471595481377709,16,highpass
2.1806688678539412e-07,6.816083063383222e-07,2.3245844402793316e-07,2.8015129323404236e-07,6.890574304543035e-06,0.4471595481377709,16,highpass
2.1806688678539412e-07,6.816083063383222e-07,2.3245844402793316e-07,2.7997094868790614e-07,6.890574304543035e-06,0.4471595481377709,16,highpass
2.1806688678539412e-07,6.816083063383222e-07,2.3245844402793316e-07,2.7997094868790614e-07,6.890574304543035e-06,0.4471595481377709,16,highpass
2.1806688678539412e-07,6.816083063383222e-07,2.3245844402793316e-07,2.5991210805387153e-07,6.890574304543035e-06,0.34881444570510434,16,highpass
2.1806688678539412e-07,6.816083063383222e-07,2.3245844402793316e-07,2.7997094868790614e-07,6.890574304543035e-06,0.4471595481377709,16,highpass
2.1806688678539412e-07,6.816083063383222e-07,2.3245844402793316e-07,2.7997094868790614e-07,6.890574304543035e-06,0.4471595481377709,16,highpass
2.1806688678539412e-07,6.816083063383222e-07,2.3245844402793316e-07,2.7997094868790614e-07,6.890574304543035e-06,0.4471595481377709,16,highpass
2.1806688678539412e-07,6.816083063383222e-07,2.3245844402793316e-07,2.7997094868790614e-07,6.890574304543035e-06,0.4471595481377709,16,highpass
2.1806688678539412e-07,6.816083063383222e-07,2.3245844402793316e-07,2.7997094868790614e-07,6.890574304543035e-06,0.4471595481377709,16,highpass
2.1806688678539412e-07,6.816083063383222e-07,2.3245844402793316e-07,2.6477177877086107e-07,6.890574304543035e-06,0.3881351747382583,16,highpass
2.1806688678539412e-07,6.816083063383222e-07,2.3245844402793316e-07,2.7997094868790614e-07,6.890574304543035e-06,0.4471595481377709,16,highpass
2.1806688678539412e-07,6.816083063383222e-07,2.3245844402793316e-07,2.7997094868790614e-07,6.890574304543035e-06,0.4471595481377709,16,highpass
2.1806688678539412e-07,6.816083063383222e-07,2.3245844402793316e-07,2.7997094868790614e-07,6.890574304543035e-06,0.4471595481377709,16,highpass
2.1806688678539412e-07,6.816083063383222e-07,2.3245844402793316e-07,2.7997094868790614e-07,6.890574304543035e-06,0.4471595481377709,16,highpass
2.1806688678539412e-07,6.816083063383222e-07,2.3245844402793316e-07,2.7997094868790614e-07,6.890574304543035e-06,0.4471595481377709,16,highpass
2.1806688678539412e-07,6.816083063383222e-07,2.3245844402793316e-07,2.7997094868790614e-07,6.890574304543035e-06,0.4471595481377709,16,highpass
2.1806688678539412e-07,6.816083063383222e-07,2.3245844402793316e-07,2.7997094868790614e-07,6.890574304543035e-06,0.4471595481377709,16,highpass
2.1806688678539412e-07,6.816083063383222e-07,2.3245844402793316e-07,2.7997094868790614e-07,6.890574304543035e-06,0.4471595481377709,16,highpass
2.1452417020449808e-07,6.816083063383222e-07,2.3245844402793316e-07,2.7997094868790614e-07,6.890574304543035e-06,0.4188108007398783,16,highpass
2.1806688678539412e-07,6.816083063383222e-07,2.3245844402793316e-07,2.7997094868790614e-07,6.890574304543035e-06,0.4471595481377709,16,highpass
2.1806688678539412e-07,6.816083063383222e-07,2.3245844402793316e-07,2.8015129323404236e-07,6.890574304543035e-06,0.4471595481377709,16,highpass
2.1806688678539412e-07,6.816083063383222e-07,2.3245844402793316e-07,2.7997094868790614e-07,6.890574304543035e-06,0.4471595481377709,16,highpass
2.1806688678539412e-07,6.816083063383222e-07,2.3245844402793316e-07,2.7997094868790614e-07,6.890574304543035e-06,0.4471595481377709,16,highpass
2.1806688678539412e-07,6.816083063383222e-07,2.3245844402793316e-07,2.7997094868790614e-07,6.890574304543035e-06,0.4471595481377709,16,highpass
2.1806688678539412e-07,6.816083063383222e-07,2.3245844402793316e-07,2.7997094868790614e-07,6.890574304543035e-06,0.4471595481377709,16,highpass
2.1806688678539412e-07,6.816083063383222e-07,2.3245844402793316e-07,2.7997094868790614e-07,6.890574304543035e-06,0.4471595481377709,16,highpass
2.1806688678539412e-07,6.816083063383222e-07,2.3245844402793316e-07,2.7997094868790614e-07,6.890574304543035e-06,0.4471595481377709,16,highpass
2.1806688678539412e-07,6.816083063383222e-07,2.3245844402793316e-07,2.7997094868790614e-07,6.890574304543035e-06,0.4471595481377709,16,highpass
2.1806688678539412e-07,6.816083063383222e-07,2.3245844402793316e-07,2.7997094868790614e-07,6.890574304543035e-06,0.4471595481377709,16,highpass
2.1806688678539412e-07,6.816083063383222e-07,2.3245844402793316e-07,2.8015129323404236e-07,6.890574304543035e-06,0.4471595481377709,16,highpass
2.025648708207878e-07,6.816083063383222e-07,2.3245844402793316e-07,2.7997094868790614e-07,6.890574304543035e-06,0.3294234066513836,16,highpass
2.1806688678539412e-07,6.816083063383222e-07,2.3245844402793316e-07,2.7997094868790614e-07,6.890574304543035e-06,0.4471595481377709,16,highpass
2.1806688678539412e-07,6.816083063383222e-07,2.3245844402793316e-07,2.8015129323404236e-07,6.890574304543035e-06,0.4471595481377709,16,highpass
2.1618077121756355e-07,6.816083063383222e-07,2.3245844402793316e-07,2.7997094868790614e-07,6.890574304543035e-06,0.43410986674290686,16,highpass
2.1806688678539412e-07,6.634577976634868e-07,2.3245844402793316e-07,2.7997094868790614e-07,6.890574304543035e-06,0.4072332112372753,16,highpass
2.1806688678539412e-07,6.816083063383222e-07,2.3245844402793316e-07,2.7997094868790614e-07,6.890574304543035e-06,0.44735896001887165,17,highpass
2.1806688678539412e-07,6.816083063383222e-07,2.3245844402793316e-07,2.7997094868790614e-07,6.890574304543035e-06,0.44735896001887165,17,highpass
2.1806688678539412e-07,6.816083063383222e-07,2.3245844402793316e-07,2.7997094868790614e-07,6.890574304543035e-06,0.44735896001887165,17,highpass
2.1806688678539412e-07,6.816083063383222e-07,2.3245844402793316e-07,2.7997094868790614e-07,6.890574304543035e-06,0.44735896001887165,17,highpass
2.1806688678539412e-07,6.816083063383222e-07,2.3245844402793316e-07,2.7997094868790614e-07,6.890574304543035e-06,0.44735896001887165,17,highpass
2.1806688678539412e-07,6.816083063383222e-07,2.3245844402793316e-07,2.7997094868790614e-07,6.890574304543035e-06,0.44735896001887165,17,highpass
2.1806688678539412e-07,6.816083063383222e-07,2.3245844402793316e-07,2.7997094868790614e-07,6.890574304543035e-06,0.44735896001887165,17,highpass
2.1806688678539412e-07,6.816083063383222e-07,2.3245844402793316e-07,2.7997094868790614e-07,6.890574304543035e-06,0.44735896001887165,17,highpass
2.1806688678539412e-07,6.816083063383222e-07,2.3245844402793316e-07,2.8015129323404236e-07,6.890574304543035e-06,0.44735896001887165,17,highpass
2.1806688678539412e-07,6.816083063383222e-07,2.3245844402793316e-07,2.7997094868790614e-07,6.890574304543035e-06,0.44735896001887165,17,highpass
2.1806688678539412e-07,6.816083063383222e-07,2.3245844402793316e-07,2.7997094868790614e-07,6.890574304543035e-06,0.44735896001887165,17,highpass
2.1806688678539412e-07,6.816083063383222e-07,2.3245844402793316e-07,2.7997094868790614e-07,6.890574304543035e-06,0.44735896001887165,17,highpass
2.1806688678539412e-07,6.816083063383222e-07,2.3245844402793316e-07,2.7997094868790614e-07,6.890574304543035e-06,0.44735896001887165,17,highpass
2.1806688678539412e-07,6.816083063383222e-07,2.3245844402793316e-07,2.7997094868790614e-07,5.909745015680073e-06,0.4325233538250598,17,highpass
2.1806688678539412e-07,6.816083063383222e-07,2.3245844402793316e-07,2.775790973161379e-07,6.890574304543035e-06,0.4185107430697324,17,highpass
2.1806688678539412e-07,6.816083063383222e-07,2.3245844402793316e-07,2.7997094868790614e-07,6.890574304543035e-06,0.44735896001887165,17,highpass
2.1806688678539412e-07,6.816083063383222e-07,2.3245844402793316e-07,2.766553482903425e-07,6.890574304543035e-06,0.37878245618144313,17,highpass
2.1806688678539412e-07,6.816083063383222e-07,2.3245844402793316e-07,2.8511091756911485e-07,6.890574304543035e-06,0.36080573521549425,17,highpass
2.1806688678539412e-07,6.816083063383222e-07,2.3245844402793316e-07,2.7997094868790614e-07,6.890574304543035e-06,0.44735896001887165,17,highpass
2.1806688678539412e-07,6.816083063383222e-07,2.3245844402793316e-07,2.7997094868790614e-07,6.890574304543035e-06,0.44735896001887165,17,highpass
2.1806688678539412e-07,6.816083063383222e-07,2.3245844402793316e-07,2.7997094868790614e-07,6.890574304543035e-06,0.44735896001887165,17,highpass
2.1806688678539412e-07,6.816083063383222e-07,2.3245844402793316e-07,2.7997094868790614e-07,6.890574304543035e-06,0.44735896001887165,17,highpass
2.1806688678539412e-07,6.816083063383222e-07,2.3245844402793316e-07,2.7997094868790614e-07,6.890574304543035e-06,0.44735896001887165,17,highpass
2.1806688678539412e-07,6.816083063383222e-07,2.3245844402793316e-07,1.823496129809676e-07,6.890574304543035e-06,0.29997218736758374,17,highpass
2.1806688678539412e-07,6.816083063383222e-07,2.3245844402793316e-07,2.7997094868790614e-07,6.890574304543035e-06,0.44735896001887165,17,highpass
2.1806688678539412e-07,6.816083063383222e-07,2.3245844402793316e-07,2.7997094868790614e-07,6.890574304543035e-06,0.44735896001887165,17,highpass
2.1806688678539412e-07,6.816083063383222e-07,2.3245844402793316e-07,2.8015129323404236e-07,6.890574304543035e-06,0.44735896001887165,17,highpass
2.1806688678539412e-07,6.816083063383222e-07,2.3245844402793316e-07,2.7997094868790614e-07,6.890574304543035e-06,0.44735896001887165,17,highpass
2.1806688678539412e-07,6.816083063383222e-07,2.3245844402793316e-07,2.7997094868790614e-07,6.890574304543035e-06,0.44735896001887165,17,highpass
2.1806688678539412e-07,6.816083063383222e-07,2.3245844402793316e-07,2.8015129323404236e-07,6.890574304543035e-06,0.44735896001887165,17,highpass
2.1806688678539412e-07,6.816083063383222e-07,2.3245844402793316e-07,2.7997094868790614e-07,6.890574304543035e-06,0.44735896001887165,17,highpass
2.1806688678539412e-07,6.816083063383222e-07,2.3245844402793316e-07,2.7997094868790614e-07,6.890574304543035e-06,0.44735896001887165,17,highpass
2.1806688678539412e-07,6.816083063383222e-07,2.3245844402793316e-07,2.7675672140578867e-07,6.890574304543035e-06,0.37878245618144313,17,highpass
2.1806688678539412e-07,6.816083063383222e-07,2.3245844402793316e-07,2.7997094868790614e-07,6.890574304543035e-06,0.44735896001887165,17,highpass
2.1806688678539412e-07,6.816083063383222e-07,2.3245844402793316e-07,2.8015129323404236e-07,6.890574304543035e-06,0.44735896001887165,17,highpass
2.1806688678539412e-07,6.816083063383222e-07,2.3245844402793316e-07,2.8015129323404236e-07,4.67875023356036e-05,0.2999124258812264,17,highpass
2.1806688678539412e-07,6.816083063383222e-07,2.3245844402793316e-07,2.7997094868790614e-07,6.890574304543035e-06,0.44735896001887165,17,highpass
2.1806688678539412e-07,6.816083063383222e-07,2.3245844402793316e-07,2.7997094868790614e-07,6.890574304543035e-06,0.44735896001887165,17,highpass
2.1806688678539412e-07,6.816083063383222e-07,2.3245844402793316e-07,2.7997094868790614e-07,6.890574304543035e-06,0.44735896001887165,17,highpass
2.1806688678539412e-07,6.816083063383222e-07,2.3245844402793316e-07,2.7997094868790614e-07,4.70333465967283e-05,0.29991854227843184,17,highpass
2.1806688678539412e-07,6.816083063383222e-07,2.3245844402793316e-07,2.7997094868790614e-07,6.890574304543035e-06,0.44735896001887165,17,highpass
2.1806688678539412e-07,6.816083063383222e-07,2.3245844402793316e-07,2.7997094868790614e-07,6.890574304543035e-06,0.44735896001887165,17,highpass
2.1806688678539412e-07,6.816083063383222e-07,2.3245844402793316e-07,2.7997094868790614e-07,3.499469155931212e-05,0.301999177377198,17,highpass
2.1806688678539412e-07,6.816083063383222e-07,2.3245844402793316e-07,2.7997094868790614e-07,6.890574304543035e-06,0.44735896001887165,17,highpass
2.1806688678539412e-07,6.816083063383222e-07,2.3245844402793316e-07,2.7997094868790614e-07,6.890574304543035e-06,0.44735896001887165,17,highpass
2.1806688678539412e-07,6.816083063383222e-07,2.3245844402793316e-07,2.7997094868790614e-07,6.890574304543035e-06,0.44735896001887165,17,highpass
2.1806688678539412e-07,6.816083063383222e-07,2.3245844402793316e-07,2.8015129323404236e-07,6.890574304543035e-06,0.44735896001887165,17,highpass
2.1806688678539412e-07,6.816083063383222e-07,2.3563804569586408e-07,2.7997094868790614e-07,6.890574304543035e-06,0.387271525633615,17,highpass
2.1806688678539412e-07,6.816083063383222e-07,2.3245844402793316e-07,2.7997094868790614e-07,6.890574304543035e-06,0.44735896001887165,17,highpass
2.1806688678539412e-07,6.816083063383222e-07,2.3245844402793316e-07,2.7997094868790614e-07,6.890574304543035e-06,0.44735896001887165,17,highpass
2.1806688678539412e-07,6.816083063383222e-07,2.3245844402793316e-07,2.7997094868790614e-07,6.890574304543035e-06,0.44735896001887165,18,highpass
2.1806688678539412e-07,6.816083063383222e-07,2.3245844402793316e-07,2.7997094868790614e-07,6.890574304543035e-06,0.44735896001887165,18,highpass
2.1806688678539412e-07,6.816083063383222e-07,2.3245844402793316e-07,2.7997094868790614e-07,2.839754688947751e-05,0.3127635545721711,18,highpass
2.1806688678539412e-07,6.816083063383222e-07,2.3245844402793316e-07,2.7997094868790614e-07,6.890574304543035e-06,0.44735896001887165,18,highpass
2.1806688678539412e-07,6.816083063383222e-07,2.3245844402793316e-07,2.7997094868790614e-07,6.890574304543035e-06,0.44735896001887165,18,highpass
2.1806688678539412e-07,6.816083063383222e-07,2.3245844402793316e-07,2.7997094868790614e-07,6.890574304543035e-06,0.44735896001887165,18,highpass
2.1806688678539412e-07,6.816083063383222e-07,2.3245844402793316e-07,2.8015129323404236e-07,6.890574304543035e-06,0.44735896001887165,18,highpass
2.1806688678539412e-07,5.679382574867066e-07,2.3245844402793316e-07,2.7997094868790614e-07,6.890574304543035e-06,0.30028805210592213,18,highpass
2.1806688678539412e-07,6.816083063383222e-07,2.3245844402793316e-07,2.7997094868790614e-07,6.890574304543035e-06,0.44735896001887165,18,highpass
2.1806688678539412e-07,6.816083063383222e-07,2.3245844402793316e-07,2.7997094868790614e-07,6.890574304543035e-06,0.44735896001887165,18,highpass
2.1806688678539412e-07,6.816083063383222e-07,2.3245844402793316e-07,2.7997094868790614e-07,6.890574304543035e-06,0.44735896001887165,18,highpass
2.1806688678539412e-07,6.816083063383222e-07,2.3245844402793316e-07,2.7997094868790614e-07,6.890574304543035e-06,0.44735896001887165,18,highpass
2.1806688678539412e-07,6.816083063383222e-07,2.3245844402793316e-07,2.7997094868790614e-07,6.890574304543035e-06,0.44735896001887165,18,highpass
2.1806688678539412e-07,6.816083063383222e-07,2.3245844402793316e-07,2.7997094868790614e-07,5.82190887048014e-06,0.4336865252125923,18,highpass
2.1806688678539412e-07,6.816083063383222e-07,2.3245844402793316e-07,2.7997094868790614e-07,6.890574304543035e-06,0.44735896001887165,18,highpass
2.1806688678539412e-07,6.816083063383222e-07,2.3245844402793316e-07,2.7997094868790614e-07,6.890574304543035e-06,0.44735896001887165,18,highpass
2.1806688678539412e-07,6.816083063383222e-07,2.3245844402793316e-07,2.7997094868790614e-07,6.890574304543035e-06,0.44735896001887165,18,highpass
2.1806688678539412e-07,6.816083063383222e-07,2.3245844402793316e-07,2.7997094868790614e-07,6.890574304543035e-06,0.44735896001887165,18,highpass
2.1806688678539412e-07,6.816083063383222e-07,2.3245844402793316e-07,2.7997094868790614e-07,6.890574304543035e-06,0.44735896001887165,18,highpass
2.1806688678539412e-07,6.816083063383222e-07,2.3245844402793316e-07,2.7997094868790614e-07,6.890574304543035e-06,0.44735896001887165,18,highpass
2.1806688678539412e-07,6.816083063383222e-07,2.3245844402793316e-07,2.7997094868790614e-07,6.890574304543035e-06,0.44735896001887165,18,highpass
2.1806688678539412e-07,6.816083063383222e-07,2.3245844402793316e-07,2.798908922713345e-07,6.890574304543035e-06,0.44735896001887165,18,highpass
2.1806688678539412e-07,6.816083063383222e-07,2.3949121798830566e-07,2.7997094868790614e-07,6.890574304543035e-06,0.12541823881200112,18,highpass
2.1806688678539412e-07,6.816083063383222e-07,2.3245844402793316e-07,2.7997094868790614e-07,6.890574304543035e-06,0.44735896001887165,18,highpass
2.1806688678539412e-07,6.816083063383222e-07,2.3245844402793316e-07,2.7997094868790614e-07,6.890574304543035e-06,0.44735896001887165,18,highpass
2.1806688678539412e-07,6.816083063383222e-07,2.3245844402793316e-07,2.7997094868790614e-07,6.890574304543035e-06,0.44735896001887165,18,highpass
2.1806688678539412e-07,6.816083063383222e-07,2.3245844402793316e-07,2.7997094868790614e-07,6.890574304543035e-06,0.44735896001887165,18,highpass
2.1806688678539412e-07,6.816083063383222e-07,2.3245844402793316e-07,2.7997094868790614e-07,6.890574304543035e-06,0.44735896001887165,18,highpass
2.1806688678539412e-07,6.816083063383222e-07,2.3245844402793316e-07,2.8015129323404236e-07,6.890574304543035e-06,0.44735896001887165,18,highpass
2.1806688678539412e-07,6.816083063383222e-07,2.3245844402793316e-07,2.7997094868790614e-07,6.890574304543035e-06,0.44735896001887165,18,highpass
2.1806688678539412e-07,6.816083063383222e-07,2.3245844402793316e-07,2.8015129323404236e-07,6.890574304543035e-06,0.44735896001887165,18,highpass
2.1806688678539412e-07,6.816083063383222e-07,2.3245844402793316e-07,2.7997094868790614e-07,6.890574304543035e-06,0.44735896001887165,18,highpass
2.1806688678539412e-07,6.816083063383222e-07,2.3245844402793316e-07,2.7997094868790614e-07,6.890574304543035e-06,0.44735896001887165,18,highpass
2.1806688678539412e-07,6.816083063383222e-07,2.3245844402793316e-07,2.7997094868790614e-07,6.890574304543035e-06,0.44735896001887165,18,highpass
2.1806688678539412e-07,6.816083063383222e-07,2.2621466171284755e-07,2.7997094868790614e-07,6.890574304543035e-06,0.3007767601115795,18,highpass
2.1806688678539412e-07,6.816083063383222e-07,2.3245844402793316e-07,2.7997094868790614e-07,6.890574304543035e-06,0.44735896001887165,18,highpass
2.1806688678539412e-07,6.816083063383222e-07,2.3245844402793316e-07,2.7997094868790614e-07,6.890574304543035e-06,0.44735896001887165,18,highpass
2.1806688678539412e-07,6.816083063383222e-07,2.3245844402793316e-07,2.7997094868790614e-07,6.890574304543035e-06,0.44735896001887165,18,highpass
2.1806688678539412e-07,6.816083063383222e-07,2.3245844402793316e-07,2.7997094868790614e-07,6.890574304543035e-06,0.44735896001887165,18,highpass
2.1806688678539412e-07,6.816083063383222e-07,2.3245844402793316e-07,2.7997094868790614e-07,6.890574304543035e-06,0.44735896001887165,18,highpass
2.1806688678539412e-07,6.816083063383222e-07,2.3245844402793316e-07,2.8094556460409896e-07,6.890574304543035e-06,0.4295590981897861,18,highpass
2.1806688678539412e-07,6.816083063383222e-07,2.3245844402793316e-07,2.7997094868790614e-07,6.890574304543035e-06,0.44735896001887165,18,highpass
2.1806688678539412e-07,6.816083063383222e-07,2.3245844402793316e-07,2.8015129323404236e-07,6.890574304543035e-06,0.44735896001887165,18,highpass
2.1806688678539412e-07,6.816083063383222e-07,2.3245844402793316e-07,2.7997094868790614e-07,6.890574304543035e-06,0.44735896001887165,18,highpass
2.1806688678539412e-07,6.816083063383222e-07,2.3245844402793316e-07,2.7997094868790614e-07,6.890574304543035e-06,0.44735896001887165,18,highpass
2.1806688678539412e-07,6.816083063383222e-07,2.3245844402793316e-07,2.7997094868790614e-07,6.890574304543035e-06,0.44735896001887165,18,highpass
2.1806688678539412e-07,6.816083063383222e-07,2.3245844402793316e-07,2.7997094868790614e-07,6.890574304543035e-06,0.44735896001887165,18,highpass
2.1806688678539412e-07,6.816083063383222e-07,2.3245844402793316e-07,2.7997094868790614e-07,6.890574304543035e-06,0.44735896001887165,18,highpass
2.1806688678539412e-07,6.816083063383222e-07,2.3245844402793316e-07,2.7997094868790614e-07,6.890574304543035e-06,0.44735896001887165,18,highpass
2.1806688678539412e-07,6.816083063383222e-07,2.3245844402793316e-07,2.7997094868790614e-07,6.890574304543035e-06,0.44735896001887165,18,highpass
2.1806688678539412e-07,6.816083063383222e-07,2.3245844402793316e-07,2.7997094868790614e-07,6.890574304543035e-06,0.4471595481377709,19,highpass
2.1806688678539412e-07,6.816083063383222e-07,2.3245844402793316e-07,2.7997094868790614e-07,6.890574304543035e-06,0.4471595481377709,19,highpass
2.1806688678539412e-07,6.816083063383222e-07,2.3245844402793316e-07,2.7997094868790614e-07,6.890574304543035e-06,0.4471595481377709,19,highpass
2.1806688678539412e-07,6.816083063383222e-07,2.3253892181167477e-07,2.7997094868790614e-07,6.890574304543035e-06,0.44702773397158024,19,highpass
2.1806688678539412e-07,6.816083063383222e-07,2.3245844402793316e-07,2.7997094868790614e-07,6.890574304543035e-06,0.4471595481377709,19,highpass
2.1673559726817114e-07,6.816083063383222e-07,2.3245844402793316e-07,2.8015129323404236e-07,6.890574304543035e-06,0.4398942530963365,19,highpass
2.1806688678539412e-07,6.816083063383222e-07,2.3245844402793316e-07,2.8015129323404236e-07,6.890574304543035e-06,0.4471595481377709,19,highpass
2.1806688678539412e-07,6.816083063383222e-07,2.3245844402793316e-07,2.7997094868790614e-07,6.890574304543035e-06,0.4471595481377709,19,highpass
2.1806688678539412e-07,6.816083063383222e-07,2.3245844402793316e-07,2.7997094868790614e-07,6.890574304543035e-06,0.4471595481377709,19,highpass
2.1806688678539412e-07,6.816083063383222e-07,2.3245844402793316e-07,2.7997094868790614e-07,6.890574304543035e-06,0.4471595481377709,19,highpass
2.1806688678539412e-07,6.816083063383222e-07,2.3245844402793316e-07,2.7997094868790614e-07,6.890574304543035e-06,0.4471595481377709,19,highpass
2.1806688678539412e-07,6.816083063383222e-07,2.3245844402793316e-07,2.24861461321494e-07,6.890574304543035e-06,0.3000204442614532,19,highpass
2.1806688678539412e-07,6.816083063383222e-07,2.3245844402793316e-07,2.846069881534947e-07,6.890574304543035e-06,0.3570394498150218,19,highpass
2.1806688678539412e-07,6.816083063383222e-07,2.3245844402793316e-07,2.7997094868790614e-07,6.890574304543035e-06,0.4471595481377709,19,highpass
2.1806688678539412e-07,6.816083063383222e-07,2.3245844402793316e-07,2.7997094868790614e-07,6.890574304543035e-06,0.4471595481377709,19,highpass
2.1806688678539412e-07,6.816083063383222e-07,2.3245844402793316e-07,2.7997094868790614e-07,6.890574304543035e-06,0.4471595481377709,19,highpass
2.1806688678539412e-07,6.816083063383222e-07,2.3245844402793316e-07,2.7997094868790614e-07,6.890574304543035e-06,0.4471595481377709,19,highpass
2.1806688678539412e-07,6.816083063383222e-07,2.3245844402793316e-07,2.7997094868790614e-07,6.890574304543035e-06,0.4471595481377709,19,highpass
2.1806688678539412e-07,6.909882925417012e-07,2.3245844402793316e-07,2.7997094868790614e-07,6.890574304543035e-06,0.3967194634392147,19,highpass
2.1806688678539412e-07,6.816083063383222e-07,2.3245844402793316e-07,2.7997094868790614e-07,6.890574304543035e-06,0.4471595481377709,19,highpass
2.1806688678539412e-07,6.816083063383222e-07,2.3245844402793316e-07,2.7997094868790614e-07,6.890574304543035e-06,0.4471595481377709,19,highpass
2.1806688678539412e-07,6.816083063383222e-07,2.3245844402793316e-07,2.8015129323404236e-07,6.890574304543035e-06,0.4471595481377709,19,highpass
2.1806688678539412e-07,6.816083063383222e-07,2.3245844402793316e-07,2.7997094868790614e-07,6.890574304543035e-06,0.4471595481377709,19,highpass
2.1806688678539412e-07,6.816083063383222e-07,2.3245844402793316e-07,2.7997094868790614e-07,6.890574304543035e-06,0.4471595481377709,19,highpass
2.1806688678539412e-07,6.816083063383222e-07,2.3245844402793316e-07,2.7997094868790614e-07,6.890574304543035e-06,0.4471595481377709,19,highpass
2.1806688678539412e-07,6.816083063383222e-07,2.3245844402793316e-07,2.7997094868790614e-07,6.890574304543035e-06,0.4471595481377709,19,highpass
2.1806688678539412e-07,6.816083063383222e-07,2.3245844402793316e-07,2.7997094868790614e-07,6.890574304543035e-06,0.4471595481377709,19,highpass
2.1806688678539412e-07,6.816083063383222e-07,1.272604488427873e-07,2.798908922713345e-07,6.890574304543035e-06,0.08708166856569229,19,highpass
2.1806688678539412e-07,6.816083063383222e-07,2.3245844402793316e-07,2.7997094868790614e-07,6.890574304543035e-06,0.4471595481377709,19,highpass
2.1806688678539412e-07,6.816083063383222e-07,2.3245844402793316e-07,2.7997094868790614e-07,6.906265742593203e-06,0.44764812268208115,19,highpass
2.1806688678539412e-07,6.816083063383222e-07,2.3245844402793316e-07,2.7997094868790614e-07,6.890574304543035e-06,0.4471595481377709,19,highpass
2.1806688678539412e-07,6.816083063383222e-07,2.3245844402793316e-07,2.0820212870240886e-07,6.890574304543035e-06,0.2999865582649845,19,highpass
2.1806688678539412e-07,6.816083063383222e-07,2.398711276816265e-07,2.8015129323404236e-07,6.890574304543035e-06,0.11342541262304379,19,highpass
1.1471255369657516e-07,6.816083063383222e-07,2.3245844402793316e-07,2.8015129323404236e-07,6.890574304543035e-06,0.09857151551241097,19,highpass
2.1806688678539412e-07,6.816083063383222e-07,2.3245844402793316e-07,2.7997094868790614e-07,6.890574304543035e-06,0.4471595481377709,19,highpass
2.207596057910882e-07,6.816083063383222e-07,2.3245844402793316e-07,2.7997094868790614e-07,6.890574304543035e-06,0.446699628222328,19,highpass
2.207078362711132e-07,6.816083063383222e-07,2.3245844402793316e-07,2.7997094868790614e-07,6.890574304543035e-06,0.446699628222328,19,highpass
2.1806688678539412e-07,6.816083063383222e-07,2.3245844402793316e-07,2.8015129323404236e-07,6.890574304543035e-06,0.4471595481377709,19,highpass
2.1806688678539412e-07,6.816083063383222e-07,2.3245844402793316e-07,2.7997094868790614e-07,6.890574304543035e-06,0.4471595481377709,19,highpass
2.1806688678539412e-07,6.816083063383222e-07,2.3245844402793316e-07,2.7997094868790614e-07,2.5428197635286477e-05,0.31707916438431744,19,highpass
2.1806688678539412e-07,6.816083063383222e-07,2.3245844402793316e-07,2.7997094868790614e-07,6.890574304543035e-06,0.4471595481377709,19,highpass
2.1806688678539412e-07,6.816083063383222e-07,2.3245844402793316e-07,2.8015129323404236e-07,6.890574304543035e-06,0.4471595481377709,19,highpass
2.1806688678539412e-07,6.816083063383222e-07,2.3245844402793316e-07,2.7997094868790614e-07,6.890574304543035e-06,0.4471595481377709,19,highpass
2.1806688678539412e-07,6.816083063383222e-07,2.3245844402793316e-07,2.7997094868790614e-07,6.890574304543035e-06,0.4471595481377709,19,highpass
1.1348083323532505e-07,6.816083063383222e-07,2.3245844402793316e-07,2.7997094868790614e-07,6.890574304543035e-06,0.09100008696752344,19,highpass
2.1806688678539412e-07,6.816083063383222e-07,2.3245844402793316e-07,2.7997094868790614e-07,6.890574304543035e-06,0.4471595481377709,19,highpass
2.1806688678539412e-07,6.816083063383222e-07,2.3245844402793316e-07,2.7997094868790614e-07,6.890574304543035e-06,0.4471595481377709,19,highpass
2.1806688678539412e-07,6.775123505526265e-07,2.3245844402793316e-07,2.7997094868790614e-07,6.890574304543035e-06,0.43980405096595776,19,highpass
2.1806688678539412e-07,6.816083063383222e-07,2.3245844402793316e-07,2.8015129323404236e-07,6.890574304543035e-06,0.4471595481377709,19,highpass
2.1806688678539412e-07,6.816083063383222e-07,2.3245844402793316e-07,1.6364341381666403e-07,6.890574304543035e-06,0.29697642756924414,19,highpass
2.1806688678539412e-07,6.816083063383222e-07,2.3245844402793316e-07,2.7997094868790614e-07,6.906265742593203e-06,0.44764812268208115,20,highpass
2.1806688678539412e-07,6.816083063383222e-07,2.3245844402793316e-07,2.7997094868790614e-07,6.890574304543035e-06,0.44735896001887165,20,highpass
2.1806688678539412e-07,6.91285101808628e-07,2.3245844402793316e-07,2.7997094868790614e-07,6.890574304543035e-06,0.39444323404895565,20,highpass
2.1806688678539412e-07,6.816083063383222e-07,2.3245844402793316e-07,2.7997094868790614e-07,6.890574304543035e-06,0.44735896001887165,20,highpass
2.196147790096336e-07,6.816083063383222e-07,2.3245844402793316e-07,2.7997094868790614e-07,6.890574304543035e-06,0.4638585418048808,20,highpass
2.1806688678539412e-07,6.816083063383222e-07,2.3245844402793316e-07,2.7997094868790614e-07,6.906265742593203e-06,0.44764812268208115,20,highpass
2.1806688678539412e-07,6.816083063383222e-07,2.2647916823058357e-07,2.7997094868790614e-07,6.890574304543035e-06,0.30050787506981563,20,highpass
2.1806688678539412e-07,6.816083063383222e-07,2.3245844402793316e-07,2.7997094868790614e-07,6.890574304543035e-06,0.44735896001887165,20,highpass
2.1806688678539412e-07,6.816083063383222e-07,2.3245844402793316e-07,2.7997094868790614e-07,6.890574304543035e-06,0.44735896001887165,20,highpass
2.1806688678539412e-07,6.816083063383222e-07,2.3245844402793316e-07,2.7997094868790614e-07,6.890574304543035e-06,0.44735896001887165,20,highpass
2.1806688678539412e-07,6.816083063383222e-07,2.3245844402793316e-07,2.7997094868790614e-07,6.890574304543035e-06,0.44735896001887165,20,highpass
2.1806688678539412e-07,6.816083063383222e-07,2.3245844402793316e-07,2.7997094868790614e-07,6.890574304543035e-06,0.44735896001887165,20,highpass
2.1806688678539412e-07,6.816083063383222e-07,2.3245844402793316e-07,2.7997094868790614e-07,6.890574304543035e-06,0.44735896001887165,20,highpass
2.1806688678539412e-07,6.816083063383222e-07,2.3245844402793316e-07,2.8015129323404236e-07,6.890574304543035e-06,0.44735896001887165,20,highpass
2.1806688678539412e-07,6.816083063383222e-07,2.3245844402793316e-07,2.7997094868790614e-07,6.890574304543035e-06,0.44735896001887165,20,highpass
2.1806688678539412e-07,6.816083063383222e-07,2.3245844402793316e-07,2.7997094868790614e-07,4.5747145601082346e-05,0.2999183286100373,20,highpass
2.1806688678539412e-07,6.816083063383222e-07,2.3245844402793316e-07,2.8015129323404236e-07,6.890574304543035e-06,0.44735896001887165,20,highpass
2.1806688678539412e-07,6.945683839761386e-07,2.3245844402793316e-07,2.7997094868790614e-07,6.890574304543035e-06,0.37229862086570326,20,highpass
2.1806688678539412e-07,6.816083063383222e-07,2.3245844402793316e-07,2.7997094868790614e-07,6.890574304543035e-06,0.44735896001887165,20,highpass
2.1806688678539412e-07,6.816083063383222e-07,2.3245844402793316e-07,2.7997094868790614e-07,6.890574304543035e-06,0.44735896001887165,20,highpass
2.1806688678539412e-07,6.816083063383222e-07,2.3245844402793316e-07,2.7997094868790614e-07,6.890574304543035e-06,0.44735896001887165,20,highpass
2.1806688678539412e-07,6.816083063383222e-07,2.3245844402793316e-07,2.7997094868790614e-07,6.890574304543035e-06,0.44735896001887165,20,highpass
2.1806688678539412e-07,6.816083063383222e-07,2.3245844402793316e-07,2.8015129323404236e-07,6.890574304543035e-06,0.44735896001887165,20,highpass
2.1806688678539412e-07,6.816083063383222e-07,2.3245844402793316e-07,2.7997094868790614e-07,7.886447592498044e-06,0.4123864150302912,20,highpass
2.1806688678539412e-07,6.816083063383222e-07,2.3245844402793316e-07,2.7997094868790614e-07,6.890574304543035e-06,0.44735896001887165,20,highpass
2.1806688678539412e-07,6.816083063383222e-07,2.3245844402793316e-07,2.7997094868790614e-07,6.906265742593203e-06,0.44764812268208115,20,highpass
2.1806688678539412e-07,6.816083063383222e-07,2.3245844402793316e-07,2.4856226212111464e-07,6.906265742593203e-06,0.3001397627008199,20,highpass
2.1806688678539412e-07,6.816083063383222e-07,2.3245844402793316e-07,2.7997094868790614e-07,6.890574304543035e-06,0.44735896001887165,20,highpass
2.1806688678539412e-07,6.816083063383222e-07,2.3245844402793316e-07,2.7997094868790614e-07,6.890574304543035e-06,0.44735896001887165,20,highpass
2.1806688678539412e-07,6.816083063383222e-07,2.3245844402793316e-07,2.7997094868790614e-07,6.890574304543035e-06,0.44735896001887165,20,highpass
2.1806688678539412e-07,6.816083063383222e-07,2.3245844402793316e-07,2.7997094868790614e-07,6.890574304543035e-06,0.44735896001887165,20,highpass
2.1806688678539412e-07,6.816083063383222e-07,2.3245844402793316e-07,2.7992032509671046e-07,6.890574304543035e-06,0.44735896001887165,20,highpass
2.1806688678539412e-07,6.816083063383222e-07,2.3245844402793316e-07,2.7997094868790614e-07,6.890574304543035e-06,0.44735896001887165,20,highpass
2.1806688678539412e-07,6.816083063383222e-07,2.3245844402793316e-07,1.698342913326583e-07,6.890574304543035e-06,0.29989505730629706,20,highpass
2.1806688678539412e-07,6.816083063383222e-07,2.3245844402793316e-07,2.7997094868790614e-07,6.890574304543035e-06,0.44735896001887165,20,highpass
2.1806688678539412e-07,6.816083063383222e-07,2.3245844402793316e-07,2.7997094868790614e-07,6.890574304543035e-06,0.44735896001887165,20,highpass
2.1806688678539412e-07,6.816083063383222e-07,2.3245844402793316e-07,2.8015129323404236e-07,6.890574304543035e-06,0.44735896001887165,20,highpass
2.1806688678539412e-07,6.816083063383222e-07,2.3245844402793316e-07,2.7997094868790614e-07,6.906265742593203e-06,0.44764812268208115,20,highpass
2.1806688678539412e-07,6.816083063383222e-07,2.3245844402793316e-07,2.7997094868790614e-07,6.890574304543035e-06,0.44735896001887165,20,highpass
2.1806688678539412e-07,6.816083063383222e-07,2.3245844402793316e-07,2.7997094868790614e-07,6.890574304543035e-06,0.44735896001887165,20,highpass
2.1806688678539412e-07,6.816083063383222e-07,2.3245844402793316e-07,2.7997094868790614e-07,6.890574304543035e-06,0.44735896001887165,20,highpass
2.1806688678539412e-07,6.816083063383222e-07,2.3245844402793316e-07,2.8015129323404236e-07,6.890574304543035e-06,0.44735896001887165,20,highpass
2.1806688678539412e-07,6.816083063383222e-07,2.3245844402793316e-07,2.7997094868790614e-07,6.890574304543035e-06,0.44735896001887165,20,highpass
2.1806688678539412e-07,6.816083063383222e-07,2.3245844402793316e-07,2.7997094868790614e-07,6.890574304543035e-06,0.44735896001887165,20,highpass
2.1806688678539412e-07,6.816083063383222e-07,2.3245844402793316e-07,2.7997094868790614e-07,6.890574304543035e-06,0.44735896001887165,20,highpass
2.1806688678539412e-07,6.816083063383222e-07,2.3245844402793316e-07,2.7997094868790614e-07,6.906265742593203e-06,0.44764812268208115,20,highpass
2.1806688678539412e-07,6.816083063383222e-07,2.3245844402793316e-07,2.7997094868790614e-07,6.890574304543035e-06,0.44735896001887165,20,highpass
2.1806688678539412e-07,6.816083063383222e-07,2.3245844402793316e-07,2.7997094868790614e-07,6.890574304543035e-06,0.44735896001887165,20,highpass
2.1806688678539412e-07,6.816083063383222e-07,2.3245844402793316e-07,2.7997094868790614e-07,6.890574304543035e-06,0.44735896001887165,20,highpass
2.1806688678539412e-07,6.816083063383222e-07,2.3245844402793316e-07,2.7997094868790614e-07,6.906265742593203e-06,0.44764812268208115,20,highpass
2.196147790096336e-07,6.816083063383222e-07,2.3245844402793316e-07,2.7997094868790614e-07,6.890574304543035e-06,0.4638585418048808,21,highpass
2.1806688678539412e-07,6.816083063383222e-07,2.3245844402793316e-07,2.8015129323404236e-07,6.890574304543035e-06,0.44735896001887165,21,highpass
2.1806688678539412e-07,6.816083063383222e-07,2.3245844402793316e-07,2.7997094868790614e-07,6.890574304543035e-06,0.44735896001887165,21,highpass
2.1806688678539412e-07,6.816083063383222e-07,2.3245844402793316e-07,2.7997094868790614e-07,6.890574304543035e-06,0.44735896001887165,21,highpass
2.1806688678539412e-07,6.816083063383222e-07,2.3245844402793316e-07,2.7997094868790614e-07,6.890574304543035e-06,0.44735896001887165,21,highpass
2.1806688678539412e-07,6.816083063383222e-07,2.3245844402793316e-07,2.7997094868790614e-07,6.890574304543035e-06,0.44735896001887165,21,highpass
2.1806688678539412e-07,6.816083063383222e-07,2.3245844402793316e-07,2.7997094868790614e-07,6.906265742593203e-06,0.44764812268208115,21,highpass
2.1806688678539412e-07,6.816083063383222e-07,2.3245844402793316e-07,2.7997094868790614e-07,6.890574304543035e-06,0.44735896001887165,21,highpass
2.1806688678539412e-07,6.680659690112492e-07,2.3245844402793316e-07,2.7997094868790614e-07,6.906265742593203e-06,0.42404716746444576,21,highpass
2.1806688678539412e-07,6.816083063383222e-07,2.3245844402793316e-07,2.7997094868790614e-07,6.890574304543035e-06,0.44735896001887165,21,highpass
2.1806688678539412e-07,6.816083063383222e-07,2.3245844402793316e-07,2.8015129323404236e-07,6.890574304543035e-06,0.44735896001887165,21,highpass
2.1806688678539412e-07,6.816083063383222e-07,2.3245844402793316e-07,2.7997094868790614e-07,6.890574304543035e-06,0.44735896001887165,21,highpass
2.1806688678539412e-07,6.816083063383222e-07,2.3245844402793316e-07,2.7997094868790614e-07,6.890574304543035e-06,0.44735896001887165,21,highpass
2.1806688678539412e-07,6.816083063383222e-07,2.3245844402793316e-07,2.7997094868790614e-07,6.890574304543035e-06,0.44735896001887165,21,highpass
2.1806688678539412e-07,6.816083063383222e-07,2.3245844402793316e-07,2.7997094868790614e-07,6.906265742593203e-06,0.44764812268208115,21,highpass
2.1806688678539412e-07,6.816083063383222e-07,2.3245844402793316e-07,2.7997094868790614e-07,6.906265742593203e-06,0.44764812268208115,21,highpass
2.1806688678539412e-07,6.816083063383222e-07,2.3245844402793316e-07,2.7997094868790614e-07,6.890574304543035e-06,0.44735896001887165,21,highpass
2.1806688678539412e-07,6.816083063383222e-07,2.3245844402793316e-07,2.8015129323404236e-07,1.5934751826085048e-05,0.3361189457260049,21,highpass
2.1806688678539412e-07,6.816083063383222e-07,2.3245844402793316e-07,2.7997094868790614e-07,6.906265742593203e-06,0.44764812268208115,21,highpass
2.1806688678539412e-07,6.816083063383222e-07,2.3245844402793316e-07,2.7997094868790614e-07,6.906265742593203e-06,0.44764812268208115,21,highpass
1.2375347896906162e-07,6.816083063383222e-07,2.3245844402793316e-07,2.7997094868790614e-07,6.890574304543035e-06,0.2947147404609345,21,highpass
2.1806688678539412e-07,6.816083063383222e-07,2.3245844402793316e-07,2.7997094868790614e-07,6.906265742593203e-06,0.44764812268208115,21,highpass
2.1806688678539412e-07,6.816083063383222e-07,2.3245844402793316e-07,2.7997094868790614e-07,6.890574304543035e-06,0.44735896001887165,21,highpass
2.1806688678539412e-07,6.816083063383222e-07,2.3245844402793316e-07,2.7997094868790614e-07,6.890574304543035e-06,0.44735896001887165,21,highpass
2.196147790096336e-07,6.816083063383222e-07,2.3245844402793316e-07,2.7997094868790614e-07,6.890574304543035e-06,0.4638585418048808,21,highpass
2.1806688678539412e-07,6.816083063383222e-07,2.3245844402793316e-07,2.7997094868790614e-07,6.890574304543035e-06,0.44735896001887165,21,highpass
2.1806688678539412e-07,6.816083063383222e-07,2.3245844402793316e-07,2.7997094868790614e-07,6.890574304543035e-06,0.44735896001887165,21,highpass
2.1806688678539412e-07,6.816083063383222e-07,2.3245844402793316e-07,2.7997094868790614e-07,6.890574304543035e-06,0.44735896001887165,21,highpass
2.1806688678539412e-07,6.816083063383222e-07,2.3245844402793316e-07,2.8015129323404236e-07,6.890574304543035e-06,0.44735896001887165,21,highpass
2.1806688678539412e-07,6.816083063383222e-07,2.3245844402793316e-07,2.7997094868790614e-07,6.906265742593203e-06,0.44764812268208115,21,highpass
2.1806688678539412e-07,6.816083063383222e-07,2.3245844402793316e-07,2.7997094868790614e-07,6.890574304543035e-06,0.44735896001887165,21,highpass
2.1806688678539412e-07,4.783809114769518e-07,2.3245844402793316e-07,2.7997094868790614e-07,6.906265742593203e-06,0.21875789462620257,21,highpass
2.1806688678539412e-07,6.816083063383222e-07,2.3245844402793316e-07,1.7028208687885024e-07,6.906265742593203e-06,0.29989614344867527,21,highpass
2.1806688678539412e-07,6.816083063383222e-07,2.3245844402793316e-07,2.7997094868790614e-07,6.890574304543035e-06,0.44735896001887165,21,highpass
2.1806688678539412e-07,6.816083063383222e-07,2.3245844402793316e-07,2.7997094868790614e-07,6.906265742593203e-06,0.44764812268208115,21,highpass
2.1806688678539412e-07,6.816083063383222e-07,2.3245844402793316e-07,2.7997094868790614e-07,6.906265742593203e-06,0.44764812268208115,21,highpass
2.1806688678539412e-07,6.816083063383222e-07,2.3245844402793316e-07,2.8015129323404236e-07,6.890574304543035e-06,0.44735896001887165,21,highpass
2.1806688678539412e-07,6.816083063383222e-07,2.3245844402793316e-07,2.7997094868790614e-07,6.906265742593203e-06,0.44764812268208115,21,highpass
2.196147790096336e-07,6.816083063383222e-07,2.3245844402793316e-07,2.7997094868790614e-07,6.890574304543035e-06,0.4638585418048808,21,highpass
2.1806688678539412e-07,6.816083063383222e-07,2.3652856206905864e-07,2.7997094868790614e-07,6.906265742593203e-06,0.3749453447994391,21,highpass
2.1806688678539412e-07,6.816083063383222e-07,2.3245844402793316e-07,2.7997094868790614e-07,2.6650883569964048e-05,0.31379489649686515,21,highpass
2.1806688678539412e-07,6.816083063383222e-07,2.3245844402793316e-07,2.7997094868790614e-07,6.906265742593203e-06,0.44764812268208115,21,highpass
2.1806688678539412e-07,6.816083063383222e-07,2.3245844402793316e-07,2.7997094868790614e-07,6.890574304543035e-06,0.44735896001887165,21,highpass
2.1806688678539412e-07,6.816083063383222e-07,2.3245844402793316e-07,2.7997094868790614e-07,6.906265742593203e-06,0.44764812268208115,21,highpass
2.1806688678539412e-07,6.816083063383222e-07,2.3245844402793316e-07,2.7997094868790614e-07,6.890574304543035e-06,0.44735896001887165,21,highpass
2.1806688678539412e-07,6.816083063383222e-07,2.3245844402793316e-07,2.7997094868790614e-07,6.890574304543035e-06,0.44735896001887165,21,highpass
2.1806688678539412e-07,6.867286853329399e-07,2.3245844402793316e-07,2.7997094868790614e-07,6.906265742593203e-06,0.43088001091496353,21,highpass
2.1806688678539412e-07,6.816083063383222e-07,2.3245844402793316e-07,2.7997094868790614e-07,6.890574304543035e-06,0.44735896001887165,21,highpass
2.1806688678539412e-07,6.816083063383222e-07,2.3245844402793316e-07,2.7997094868790614e-07,6.906265742593203e-06,0.44764812268208115,21,highpass
2.1806688678539412e-07,6.816083063383222e-07,2.3245844402793316e-07,2.7997094868790614e-07,6.890574304543035e-06,0.44735896001887165,21,highpass
2.196147790096336e-07,6.816083063383222e-07,2.3245844402793316e-07,2.7997094868790614e-07,6.890574304543035e-06,0.4638585418048808,22,highpass
2.196147790096336e-07,6.816083063383222e-07,2.3245844402793316e-07,2.7997094868790614e-07,6.890574304543035e-06,0.4638585418048808,22,highpass
2.1806688678539412e-07,6.816083063383222e-07,2.3245844402793316e-07,2.7997094868790614e-07,6.906265742593203e-06,0.44764812268208115,22,highpass
2.1806688678539412e-07,6.816083063383222e-07,2.3245844402793316e-07,2.7997094868790614e-07,6.890574304543035e-06,0.44735896001887165,22,highpass
2.1806688678539412e-07,6.816083063383222e-07,2.3245844402793316e-07,2.7997094868790614e-07,6.906265742593203e-06,0.44764812268208115,22,highpass
2.196147790096336e-07,6.816083063383222e-07,2.3245844402793316e-07,2.7997094868790614e-07,6.890574304543035e-06,0.4638585418048808,22,highpass
2.1806688678539412e-07,6.816083063383222e-07,2.3245844402793316e-07,2.7997094868790614e-07,6.906265742593203e-06,0.44764812268208115,22,highpass
2.1806688678539412e-07,6.816083063383222e-07,2.3245844402793316e-07,2.7997094868790614e-07,6.906265742593203e-06,0.44764812268208115,22,highpass
2.1806688678539412e-07,6.628291382617661e-07,2.3245844402793316e-07,2.7997094868790614e-07,6.906265742593203e-06,0.40509454179541093,22,highpass
2.1806688678539412e-07,6.816083063383222e-07,2.3245844402793316e-07,2.7997094868790614e-07,6.890574304543035e-06,0.44735896001887165,22,highpass
2.196147790096336e-07,6.816083063383222e-07,2.3245844402793316e-07,2.7997094868790614e-07,5.892411953374217e-06,0.42347525383077744,22,highpass
2.196147790096336e-07,6.816083063383222e-07,2.3245844402793316e-07,2.7997094868790614e-07,6.906265742593203e-06,0.4638109040170368,22,highpass
2.196147790096336e-07,6.816083063383222e-07,2.338136541548961e-07,2.7997094868790614e-07,6.906265742593203e-06,0.38796807283746615,22,highpass
2.196147790096336e-07,6.816083063383222e-07,2.3245844402793316e-07,2.7997094868790614e-07,6.906265742593203e-06,0.4638109040170368,22,highpass
2.1806688678539412e-07,6.816083063383222e-07,2.3245844402793316e-07,2.7997094868790614e-07,6.890574304543035e-06,0.44735896001887165,22,highpass
2.1806688678539412e-07,6.816083063383222e-07,2.3245844402793316e-07,2.7997094868790614e-07,6.890574304543035e-06,0.44735896001887165,22,highpass
1.9970772532491764e-07,6.816083063383222e-07,2.3245844402793316e-07,2.7997094868790614e-07,6.890574304543035e-06,0.31560897682520644,22,highpass
2.1806688678539412e-07,6.816083063383222e-07,2.3245844402793316e-07,2.5296957381849266e-07,6.906265742593203e-06,0.3207127867120715,22,highpass
2.1806688678539412e-07,6.816083063383222e-07,2.3245844402793316e-07,2.7997094868790614e-07,6.890574304543035e-06,0.44735896001887165,22,highpass
2.1806688678539412e-07,6.816083063383222e-07,2.3245844402793316e-07,2.7997094868790614e-07,6.890574304543035e-06,0.44735896001887165,22,highpass
2.196147790096336e-07,6.816083063383222e-07,2.3245844402793316e-07,2.424865972439815e-07,6.890574304543035e-06,0.3000987534967602,22,highpass
2.1806688678539412e-07,6.816083063383222e-07,2.3245844402793316e-07,2.7997094868790614e-07,6.834998429224591e-06,0.44753385454677375,22,highpass
2.196147790096336e-07,6.816083063383222e-07,2.3245844402793316e-07,2.7997094868790614e-07,6.906265742593203e-06,0.4638109040170368,22,highpass
2.1806688678539412e-07,6.816083063383222e-07,2.3245844402793316e-07,2.7997094868790614e-07,6.890574304543035e-06,0.44735896001887165,22,highpass
2.1806688678539412e-07,6.816083063383222e-07,2.3245844402793316e-07,2.7997094868790614e-07,6.906265742593203e-06,0.44764812268208115,22,highpass
2.1806688678539412e-07,6.816083063383222e-07,2.3245844402793316e-07,2.7997094868790614e-07,6.906265742593203e-06,0.44764812268208115,22,highpass
2.1806688678539412e-07,6.816083063383222e-07,2.3245844402793316e-07,2.7997094868790614e-07,6.906265742593203e-06,0.44764812268208115,22,highpass
2.196147790096336e-07,6.816083063383222e-07,2.3245844402793316e-07,2.7997094868790614e-07,6.906265742593203e-06,0.4638109040170368,22,highpass
2.1806688678539412e-07,6.816083063383222e-07,2.3245844402793316e-07,2.8015129323404236e-07,6.906265742593203e-06,0.44764812268208115,22,highpass
2.1806688678539412e-07,6.816083063383222e-07,2.3245844402793316e-07,2.7997094868790614e-07,6.890574304543035e-06,0.44735896001887165,22,highpass
2.1806688678539412e-07,6.816083063383222e-07,2.3245844402793316e-07,2.7997094868790614e-07,6.906265742593203e-06,0.44764812268208115,22,highpass
2.196147790096336e-07,6.816083063383222e-07,2.3245844402793316e-07,2.7997094868790614e-07,6.906265742593203e-06,0.4638109040170368,22,highpass
2.1806688678539412e-07,6.816083063383222e-07,2.3245844402793316e-07,2.7997094868790614e-07,6.890574304543035e-06,0.44735896001887165,22,highpass
2.1806688678539412e-07,6.816083063383222e-07,2.3245844402793316e-07,2.7997094868790614e-07,6.890574304543035e-06,0.44735896001887165,22,highpass
2.1806688678539412e-07,6.816083063383222e-07,2.3245844402793316e-07,2.7997094868790614e-07,6.906265742593203e-06,0.44764812268208115,22,highpass
2.196147790096336e-07,6.816083063383222e-07,2.3245844402793316e-07,2.7997094868790614e-07,7.288690524164811e-06,0.42529285095626956,22,highpass
2.1806688678539412e-07,6.816083063383222e-07,2.3245844402793316e-07,2.7997094868790614e-07,6.906265742593203e-06,0.44764812268208115,22,highpass
2.1806688678539412e-07,6.816083063383222e-07,2.3245844402793316e-07,2.7997094868790614e-07,6.906265742593203e-06,0.44764812268208115,22,highpass
2.1806688678539412e-07,6.816083063383222e-07,2.3245844402793316e-07,2.488912587419273e-07,6.906265742593203e-06,0.30022201619734024,22,highpass
2.1806688678539412e-07,6.816083063383222e-07,2.3245844402793316e-07,2.7997094868790614e-07,6.890574304543035e-06,0.44735896001887165,22,highpass
2.1806688678539412e-07,6.816083063383222e-07,2.3245844402793316e-07,2.7997094868790614e-07,6.906265742593203e-06,0.44764812268208115,22,highpass
2.2167597162196288e-07,6.816083063383222e-07,2.3245844402793316e-07,2.7997094868790614e-07,6.890574304543035e-06,0.41958558814092944,22,highpass
2.1806688678539412e-07,6.816083063383222e-07,2.3245844402793316e-07,2.7997094868790614e-07,6.890574304543035e-06,0.44735896001887165,22,highpass
2.1806688678539412e-07,6.816083063383222e-07,2.3245844402793316e-07,2.7997094868790614e-07,6.906265742593203e-06,0.44764812268208115,22,highpass
2.1806688678539412e-07,6.816083063383222e-07,2.3245844402793316e-07,2.7997094868790614e-07,6.906265742593203e-06,0.44764812268208115,22,highpass
2.1806688678539412e-07,6.816083063383222e-07,2.3245844402793316e-07,2.7997094868790614e-07,6.906265742593203e-06,0.44764812268208115,22,highpass
2.196147790096336e-07,6.816083063383222e-07,2.3245844402793316e-07,2.7997094868790614e-07,6.906265742593203e-06,0.4638109040170368,22,highpass
2.1806688678539412e-07,6.816083063383222e-07,2.3245844402793316e-07,2.7997094868790614e-07,6.890574304543035e-06,0.44735896001887165,22,highpass
2.1806688678539412e-07,6.816083063383222e-07,2.3245844402793316e-07,2.7997094868790614e-07,6.906265742593203e-06,0.44764812268208115,22,highpass
2.1806688678539412e-07,6.816083063383222e-07,2.1052756732785364e-07,2.7997094868790614e-07,6.906265742593203e-06,0.30002011146538493,22,highpass
2.196147790096336e-07,6.816083063383222e-07,2.3245844402793316e-07,2.7997094868790614e-07,6.890574304543035e-06,0.4638585418048808,23,highpass
2.196147790096336e-07,6.816083063383222e-07,2.3245844402793316e-07,2.7997094868790614e-07,6.906265742593203e-06,0.4638109040170368,23,highpass
2.196147790096336e-07,6.816083063383222e-07,2.3245844402793316e-07,2.7997094868790614e-07,6.890574304543035e-06,0.4638585418048808,23,highpass
2.196147790096336e-07,6.816083063383222e-07,2.3245844402793316e-07,2.7997094868790614e-07,6.890574304543035e-06,0.4638585418048808,23,highpass
2.196147790096336e-07,6.618620015880001e-07,2.3245844402793316e-07,2.7997094868790614e-07,6.890574304543035e-06,0.39333702024289474,23,highpass
2.196147790096336e-07,6.816083063383222e-07,2.3245844402793316e-07,2.7997094868790614e-07,6.890574304543035e-06,0.4638585418048808,23,highpass
2.1806688678539412e-07,6.816083063383222e-07,2.3245844402793316e-07,2.7997094868790614e-07,6.906265742593203e-06,0.44764812268208115,23,highpass
2.196147790096336e-07,6.816083063383222e-07,2.4212166452707366e-07,2.7997094868790614e-07,6.890574304543035e-06,0.12134260384368489,23,highpass
1.41476673418474e-07,6.816083063383222e-07,2.3245844402793316e-07,2.7997094868790614e-07,6.890574304543035e-06,0.29998042477784537,23,highpass
2.196147790096336e-07,6.816083063383222e-07,2.3245844402793316e-07,2.8015129323404236e-07,6.906265742593203e-06,0.4638109040170368,23,highpass
2.1806688678539412e-07,6.816083063383222e-07,2.3245844402793316e-07,2.7997094868790614e-07,6.906265742593203e-06,0.44764812268208115,23,highpass
2.196147790096336e-07,6.816083063383222e-07,2.3245844402793316e-07,2.810715026462277e-07,6.890574304543035e-06,0.4401479625892708,23,highpass
2.1806688678539412e-07,6.880277798982285e-07,2.3245844402793316e-07,2.7997094868790614e-07,6.906265742593203e-06,0.4214765466435253,23,highpass
2.196147790096336e-07,6.816083063383222e-07,2.3245844402793316e-07,2.7997094868790614e-07,6.906265742593203e-06,0.4638109040170368,23,highpass
2.1806688678539412e-07,6.816083063383222e-07,2.3245844402793316e-07,2.7997094868790614e-07,6.890574304543035e-06,0.44735896001887165,23,highpass
2.196147790096336e-07,6.816083063383222e-07,2.3245844402793316e-07,2.7997094868790614e-07,6.890574304543035e-06,0.4638585418048808,23,highpass
2.196147790096336e-07,6.890711113323166e-07,2.3245844402793316e-07,2.7997094868790614e-07,6.906265742593203e-06,0.4365163059019059,23,highpass
2.196147790096336e-07,6.816083063383222e-07,2.3245844402793316e-07,2.7997094868790614e-07,6.906265742593203e-06,0.4638109040170368,23,highpass
2.1806688678539412e-07,6.816083063383222e-07,2.3245844402793316e-07,2.7997094868790614e-07,6.906265742593203e-06,0.44764812268208115,23,highpass
2.196147790096336e-07,6.816083063383222e-07,2.3245844402793316e-07,2.7997094868790614e-07,6.906265742593203e-06,0.4638109040170368,23,highpass
2.1806688678539412e-07,6.816083063383222e-07,2.3245844402793316e-07,2.7997094868790614e-07,6.906265742593203e-06,0.44764812268208115,23,highpass
2.196147790096336e-07,6.816083063383222e-07,2.3245844402793316e-07,2.7997094868790614e-07,6.906265742593203e-06,0.4638109040170368,23,highpass
2.1806688678539412e-07,6.816083063383222e-07,2.3105160694244006e-07,2.7997094868790614e-07,6.906265742593203e-06,0.37573139995509186,23,highpass
2.1806688678539412e-07,6.816083063383222e-07,2.3245844402793316e-07,2.7997094868790614e-07,6.906265742593203e-06,0.44764812268208115,23,highpass
2.1806688678539412e-07,6.816083063383222e-07,2.3245844402793316e-07,2.7997094868790614e-07,6.906265742593203e-06,0.44764812268208115,23,highpass
2.196147790096336e-07,6.816083063383222e-07,2.3245844402793316e-07,2.7997094868790614e-07,6.906265742593203e-06,0.4638109040170368,23,highpass
2.196147790096336e-07,6.816083063383222e-07,2.3245844402793316e-07,2.7997094868790614e-07,6.890574304543035e-06,0.4638585418048808,23,highpass
2.196147790096336e-07,6.816083063383222e-07,2.3245844402793316e-07,2.7997094868790614e-07,6.906265742593203e-06,0.4638109040170368,23,highpass
2.1806688678539412e-07,6.816083063383222e-07,1.995489339667727e-07,2.7997094868790614e-07,6.906265742593203e-06,0.2999993579059394,23,highpass
2.1806688678539412e-07,6.816083063383222e-07,2.3245844402793316e-07,2.7997094868790614e-07,6.906265742593203e-06,0.44764812268208115,23,highpass
2.196147790096336e-07,6.816083063383222e-07,2.3245844402793316e-07,2.7997094868790614e-07,6.906265742593203e-06,0.4638109040170368,23,highpass
2.1806688678539412e-07,6.816083063383222e-07,2.3245844402793316e-07,2.7997094868790614e-07,6.890574304543035e-06,0.44735896001887165,23,highpass
2.196147790096336e-07,6.816083063383222e-07,2.3245844402793316e-07,2.7229320494052457e-07,6.890574304543035e-06,0.40455860817899136,23,highpass
2.196147790096336e-07,6.816083063383222e-07,2.3245844402793316e-07,2.7997094868790614e-07,6.906265742593203e-06,0.4638109040170368,23,highpass
2.1806688678539412e-07,6.816083063383222e-07,2.3245844402793316e-07,2.7997094868790614e-07,6.906265742593203e-06,0.44764812268208115,23,highpass
2.1806688678539412e-07,6.816083063383222e-07,2.3245844402793316e-07,2.7997094868790614e-07,6.890574304543035e-06,0.44735896001887165,23,highpass
1.8353039899321402e-07,6.816083063383222e-07,2.3245844402793316e-07,2.7997094868790614e-07,6.890574304543035e-06,0.30044720121246515,23,highpass
2.196147790096336e-07,6.816083063383222e-07,2.3245844402793316e-07,2.753820142640662e-07,6.890574304543035e-06,0.39865982554598167,23,highpass
2.1806688678539412e-07,6.816083063383222e-07,2.3245844402793316e-07,2.7997094868790614e-07,6.906265742593203e-06,0.44764812268208115,23,highpass
2.196147790096336e-07,6.816083063383222e-07,2.3245844402793316e-07,2.7997094868790614e-07,6.906265742593203e-06,0.4638109040170368,23,highpass
2.196147790096336e-07,6.816083063383222e-07,2.3245844402793316e-07,2.7997094868790614e-07,6.906265742593203e-06,0.4638109040170368,23,highpass
2.1806688678539412e-07,6.816083063383222e-07,2.3245844402793316e-07,2.7997094868790614e-07,6.906265742593203e-06,0.44764812268208115,23,highpass
2.196147790096336e-07,6.816083063383222e-07,2.3245844402793316e-07,2.7997094868790614e-07,6.890574304543035e-06,0.4638585418048808,23,highpass
2.196147790096336e-07,6.816083063383222e-07,2.3245844402793316e-07,2.7997094868790614e-07,6.906265742593203e-06,0.4638109040170368,23,highpass
2.1806688678539412e-07,6.816083063383222e-07,2.3245844402793316e-07,2.7997094868790614e-07,6.906265742593203e-06,0.44764812268208115,23,highpass
2.196147790096336e-07,6.816083063383222e-07,2.3245844402793316e-07,2.7997094868790614e-07,6.890574304543035e-06,0.4638585418048808,23,highpass
2.1806688678539412e-07,6.816083063383222e-07,2.3245844402793316e-07,2.7997094868790614e-07,6.890574304543035e-06,0.44735896001887165,23,highpass
2.196147790096336e-07,6.816083063383222e-07,2.3245844402793316e-07,2.7997094868790614e-07,6.906265742593203e-06,0.4638109040170368,23,highpass
2.196147790096336e-07,6.816083063383222e-07,2.3245844402793316e-07,2.7997094868790614e-07,6.906265742593203e-06,0.4638109040170368,23,highpass
2.1806688678539412e-07,6.816083063383222e-07,2.3245844402793316e-07,2.7997094868790614e-07,6.906265742593203e-06,0.44764812268208115,23,highpass
2.196147790096336e-07,6.816083063383222e-07,2.3245844402793316e-07,2.7997094868790614e-07,6.890574304543035e-06,0.4638585418048808,24,highpass
2.196147790096336e-07,3.390350579092135e-07,2.3245844402793316e-07,2.7997094868790614e-07,6.890574304543035e-06,0.24473816052843567,24,highpass
2.196147790096336e-07,6.816083063383222e-07,2.3245844402793316e-07,2.7997094868790614e-07,6.906265742593203e-06,0.4638109040170368,24,highpass
2.196147790096336e-07,6.816083063383222e-07,2.3245844402793316e-07,2.7997094868790614e-07,6.890574304543035e-06,0.4638585418048808,24,highpass
2.196147790096336e-07,6.816083063383222e-07,2.3245844402793316e-07,2.7997094868790614e-07,6.890574304543035e-06,0.4638585418048808,24,highpass
2.1806688678539412e-07,6.816083063383222e-07,2.3245844402793316e-07,2.7997094868790614e-07,6.890574304543035e-06,0.44735896001887165,24,highpass
2.196147790096336e-07,6.816083063383222e-07,2.3245844402793316e-07,2.369406850072029e-07,6.906265742593203e-06,0.300037892837831,24,highpass
2.196147790096336e-07,6.816083063383222e-07,2.3245844402793316e-07,2.7997094868790614e-07,6.906265742593203e-06,0.4638109040170368,24,highpass
2.196147790096336e-07,6.816083063383222e-07,2.3245844402793316e-07,2.8015129323404236e-07,6.906265742593203e-06,0.4638109040170368,24,highpass
2.196147790096336e-07,6.816083063383222e-07,2.3245844402793316e-07,2.7997094868790614e-07,6.906265742593203e-06,0.4638109040170368,24,highpass
2.196147790096336e-07,6.816083063383222e-07,2.3245844402793316e-07,2.7997094868790614e-07,6.890574304543035e-06,0.4638585418048808,24,highpass
2.196147790096336e-07,6.816083063383222e-07,2.3245844402793316e-07,2.7997094868790614e-07,6.906265742593203e-06,0.4638109040170368,24,highpass
2.196147790096336e-07,6.816083063383222e-07,2.3584047931115106e-07,2.7997094868790614e-07,6.906265742593203e-06,0.37132172385805684,24,highpass
2.196147790096336e-07,6.816083063383222e-07,2.305402669857328e-07,2.7997094868790614e-07,6.906265742593203e-06,0.3352605223613802,24,highpass
2.196147790096336e-07,6.816083063383222e-07,2.3180574551443191e-07,2.7997094868790614e-07,6.906265742593203e-06,0.4638109040170368,24,highpass
2.196147790096336e-07,4.558873822016557e-07,2.3245844402793316e-07,2.7997094868790614e-07,6.890574304543035e-06,0.17797804240701157,24,highpass
2.2110181008562774e-07,6.816083063383222e-07,2.3245844402793316e-07,2.7997094868790614e-07,6.890574304543035e-06,0.43627082267253803,24,highpass
2.196147790096336e-07,6.816083063383222e-07,2.3245844402793316e-07,2.7997094868790614e-07,6.906265742593203e-06,0.4638109040170368,24,highpass
2.196147790096336e-07,6.816083063383222e-07,2.3245844402793316e-07,2.7997094868790614e-07,6.890574304543035e-06,0.4638585418048808,24,highpass
2.196147790096336e-07,6.816083063383222e-07,2.3245844402793316e-07,2.824139020017671e-07,6.890574304543035e-06,0.3991119598719553,24,highpass
2.196147790096336e-07,6.816083063383222e-07,2.3245844402793316e-07,2.7997094868790614e-07,6.906265742593203e-06,0.4638109040170368,24,highpass
2.196147790096336e-07,6.816083063383222e-07,2.3245844402793316e-07,2.7997094868790614e-07,6.890574304543035e-06,0.4638585418048808,24,highpass
2.196147790096336e-07,6.816083063383222e-07,2.3245844402793316e-07,2.7997094868790614e-07,6.890574304543035e-06,0.4638585418048808,24,highpass
2.196147790096336e-07,6.816083063383222e-07,2.3245844402793316e-07,2.7997094868790614e-07,6.906265742593203e-06,0.4638109040170368,24,highpass
2.196147790096336e-07,6.816083063383222e-07,2.3245844402793316e-07,2.7997094868790614e-07,6.890574304543035e-06,0.4638585418048808,24,highpass
2.196147790096336e-07,6.486989905581548e-07,2.3245844402793316e-07,2.7997094868790614e-07,6.890574304543035e-06,0.3412447581978952,24,highpass
2.196147790096336e-07,6.816083063383222e-07,2.3245844402793316e-07,2.7997094868790614e-07,6.906265742593203e-06,0.4638109040170368,24,highpass
2.196147790096336e-07,6.816083063383222e-07,2.3245844402793316e-07,2.7997094868790614e-07,6.890574304543035e-06,0.4638585418048808,24,highpass
2.196147790096336e-07,6.816083063383222e-07,2.3245844402793316e-07,2.7997094868790614e-07,6.890574304543035e-06,0.4638585418048808,24,highpass
2.196147790096336e-07,6.816083063383222e-07,1.4696418206791676e-07,2.7997094868790614e-07,6.906265742593203e-06,0.09429256999397877,24,highpass
2.196147790096336e-07,6.816083063383222e-07,2.3245844402793316e-07,2.7997094868790614e-07,6.906265742593203e-06,0.4638109040170368,24,highpass
2.196147790096336e-07,6.816083063383222e-07,2.3245844402793316e-07,2.7997094868790614e-07,6.890574304543035e-06,0.4638585418048808,24,highpass
2.1473899729634614e-07,6.816083063383222e-07,2.3245844402793316e-07,2.7997094868790614e-07,6.890574304543035e-06,0.42137541079396684,24,highpass
2.196147790096336e-07,6.816083063383222e-07,2.3245844402793316e-07,2.7997094868790614e-07,6.906265742593203e-06,0.4638109040170368,24,highpass
2.1806688678539412e-07,6.816083063383222e-07,2.3245844402793316e-07,2.7997094868790614e-07,6.890574304543035e-06,0.44735896001887165,24,highpass
2.196147790096336e-07,6.816083063383222e-07,2.3245844402793316e-07,2.7997094868790614e-07,6.906265742593203e-06,0.4638109040170368,24,highpass
2.196147790096336e-07,6.816083063383222e-07,2.3245844402793316e-07,2.7997094868790614e-07,6.890574304543035e-06,0.4638585418048808,24,highpass
2.196147790096336e-07,6.816083063383222e-07,2.3245844402793316e-07,2.7997094868790614e-07,6.890574304543035e-06,0.4638585418048808,24,highpass
2.196147790096336e-07,6.816083063383222e-07,2.3245844402793316e-07,2.752159558592015e-07,6.890574304543035e-06,0.3978792627420863,24,highpass
2.196147790096336e-07,6.816083063383222e-07,2.3245844402793316e-07,2.7997094868790614e-07,6.906265742593203e-06,0.4638109040170368,24,highpass
2.196147790096336e-07,6.816083063383222e-07,2.3245844402793316e-07,2.7997094868790614e-07,6.906265742593203e-06,0.4638109040170368,24,highpass
2.196147790096336e-07,6.816083063383222e-07,2.3245844402793316e-07,2.7997094868790614e-07,7.531865020557263e-06,0.37183113073823915,24,highpass
2.196147790096336e-07,6.816083063383222e-07,2.3245844402793316e-07,2.7997094868790614e-07,6.906265742593203e-06,0.4638109040170368,24,highpass
1.317544818446597e-07,6.816083063383222e-07,2.3245844402793316e-07,2.7997094868790614e-07,6.906265742593203e-06,0.2995024538056837,24,highpass
2.196147790096336e-07,6.816083063383222e-07,2.3245844402793316e-07,2.7997094868790614e-07,6.906265742593203e-06,0.4638109040170368,24,highpass
2.196147790096336e-07,6.816083063383222e-07,2.3245844402793316e-07,2.7997094868790614e-07,6.890574304543035e-06,0.4638585418048808,24,highpass
2.1358863955924591e-07,6.816083063383222e-07,2.3245844402793316e-07,2.7997094868790614e-07,6.890574304543035e-06,0.404093494911966,24,highpass
2.196147790096336e-07,6.816083063383222e-07,2.3245844402793316e-07,2.7997094868790614e-07,6.906265742593203e-06,0.4638109040170368,24,highpass
2.196147790096336e-07,3.4887412129717356e-07,2.3245844402793316e-07,2.7997094868790614e-07,6.906265742593203e-06,0.23254819811051852,24,highpass
2.196147790096336e-07,6.816083063383222e-07,2.3245844402793316e-07,2.7997094868790614e-07,6.890574304543035e-06,0.4638585418048808,24,highpass
2.196147790096336e-07,6.816083063383222e-07,2.3245844402793316e-07,2.7997094868790614e-07,6.890574304543035e-06,-inf,25,highpass
2.196147790096336e-07,6.816083063383222e-07,2.3245844402793316e-07,2.7997094868790614e-07,6.890574304543035e-06,-inf,25,highpass
2.196147790096336e-07,6.816083063383222e-07,2.3245844402793316e-07,2.7997094868790614e-07,6.890574304543035e-06,-inf,25,highpass
2.196147790096336e-07,6.816083063383222e-07,2.3245844402793316e-07,2.7997094868790614e-07,6.890574304543035e-06,-inf,25,highpass
2.196147790096336e-07,6.816083063383222e-07,2.3245844402793316e-07,2.7997094868790614e-07,6.890574304543035e-06,-inf,25,highpass
2.196147790096336e-07,6.816083063383222e-07,2.3245844402793316e-07,2.7997094868790614e-07,6.890574304543035e-06,-inf,25,highpass
2.196147790096336e-07,6.816083063383222e-07,2.3245844402793316e-07,2.7997094868790614e-07,6.890574304543035e-06,-inf,25,highpass
2.196147790096336e-07,6.816083063383222e-07,2.3245844402793316e-07,2.7997094868790614e-07,6.890574304543035e-06,-inf,25,highpass
2.196147790096336e-07,6.816083063383222e-07,2.3245844402793316e-07,2.7997094868790614e-07,6.890574304543035e-06,-inf,25,highpass
2.196147790096336e-07,6.816083063383222e-07,2.3245844402793316e-07,2.7997094868790614e-07,6.906265742593203e-06,0.4638109040170368,25,highpass
2.196147790096336e-07,6.816083063383222e-07,2.3245844402793316e-07,2.7997094868790614e-07,6.890574304543035e-06,-inf,25,highpass
2.196147790096336e-07,6.816083063383222e-07,2.3245844402793316e-07,2.7997094868790614e-07,6.890574304543035e-06,-inf,25,highpass
2.196147790096336e-07,6.816083063383222e-07,2.3245844402793316e-07,1.9603835590791097e-07,6.890574304543035e-06,0.2999920213898831,25,highpass
2.196147790096336e-07,6.816083063383222e-07,2.3245844402793316e-07,2.7997094868790614e-07,6.890574304543035e-06,-inf,25,highpass
2.196147790096336e-07,6.816083063383222e-07,2.3245844402793316e-07,2.7997094868790614e-07,6.890574304543035e-06,-inf,25,highpass
2.196147790096336e-07,6.816083063383222e-07,2.3245844402793316e-07,2.7997094868790614e-07,6.890574304543035e-06,-inf,25,highpass
2.196147790096336e-07,6.816083063383222e-07,2.3245844402793316e-07,2.7997094868790614e-07,6.890574304543035e-06,-inf,25,highpass
2.196147790096336e-07,6.816083063383222e-07,2.335723783597381e-07,2.7997094868790614e-07,6.890574304543035e-06,0.39252484057141485,25,highpass
2.196147790096336e-07,6.816083063383222e-07,2.3245844402793316e-07,2.4302986461973034e-07,6.890574304543035e-06,0.30012820617505526,25,highpass
2.196147790096336e-07,6.816083063383222e-07,2.3245844402793316e-07,2.7997094868790614e-07,6.890574304543035e-06,-inf,25,highpass
2.196147790096336e-07,6.816083063383222e-07,2.3245844402793316e-07,2.7997094868790614e-07,5e-06,0.4191439865593509,25,highpass
2.196147790096336e-07,6.816083063383222e-07,2.3245844402793316e-07,2.7997094868790614e-07,6.890574304543035e-06,-inf,25,highpass
2.196147790096336e-07,6.816083063383222e-07,2.3245844402793316e-07,2.8015129323404236e-07,6.906265742593203e-06,0.4638109040170368,25,highpass
2.196147790096336e-07,6.816083063383222e-07,2.3245844402793316e-07,2.7997094868790614e-07,6.890574304543035e-06,-inf,25,highpass
2.196147790096336e-07,6.816083063383222e-07,2.3245844402793316e-07,2.7997094868790614e-07,6.906265742593203e-06,0.4638109040170368,25,highpass
2.196147790096336e-07,6.642114896006053e-07,2.3245844402793316e-07,2.7997094868790614e-07,6.890574304543035e-06,0.4062982124220098,25,highpass
1.7847695940334505e-07,6.816083063383222e-07,2.3245844402793316e-07,2.7997094868790614e-07,6.906265742593203e-06,0.30009125954476934,25,highpass
2.196147790096336e-07,6.816083063383222e-07,2.3245844402793316e-07,2.7997094868790614e-07,6.890574304543035e-06,-inf,25,highpass
2.196147790096336e-07,6.816083063383222e-07,2.3245844402793316e-07,2.7997094868790614e-07,6.890574304543035e-06,-inf,25,highpass
2.196147790096336e-07,6.816083063383222e-07,2.3245844402793316e-07,2.7997094868790614e-07,6.890574304543035e-06,-inf,25,highpass
2.196147790096336e-07,6.816083063383222e-07,2.3180574551443191e-07,2.7997094868790614e-07,6.890574304543035e-06,-inf,25,highpass
2.196147790096336e-07,6.816083063383222e-07,2.3245844402793316e-07,2.7997094868790614e-07,6.890574304543035e-06,-inf,25,highpass
2.196147790096336e-07,6.816083063383222e-07,2.3245844402793316e-07,2.7997094868790614e-07,6.890574304543035e-06,-inf,25,highpass
2.196147790096336e-07,6.816083063383222e-07,2.3245844402793316e-07,2.7997094868790614e-07,6.906265742593203e-06,0.4638109040170368,25,highpass
2.196147790096336e-07,6.816083063383222e-07,2.3245844402793316e-07,2.7997094868790614e-07,6.890574304543035e-06,-inf,25,highpass
2.196147790096336e-07,6.816083063383222e-07,2.3245844402793316e-07,2.7997094868790614e-07,6.890574304543035e-06,-inf,25,highpass
2.196147790096336e-07,6.816083063383222e-07,2.3245844402793316e-07,2.7997094868790614e-07,6.890574304543035e-06,-inf,25,highpass
2.196147790096336e-07,6.816083063383222e-07,2.3245844402793316e-07,2.7997094868790614e-07,6.890574304543035e-06,-inf,25,highpass
2.196147790096336e-07,6.816083063383222e-07,2.3245844402793316e-07,2.7997094868790614e-07,7.736419888798671e-06,0.3719098185468612,25,highpass
2.196147790096336e-07,6.816083063383222e-07,2.3245844402793316e-07,2.7997094868790614e-07,6.890574304543035e-06,-inf,25,highpass
2.196147790096336e-07,6.816083063383222e-07,2.3245844402793316e-07,2.7997094868790614e-07,6.890574304543035e-06,-inf,25,highpass
2.196147790096336e-07,6.671048456496884e-07,2.3180574551443191e-07,2.7997094868790614e-07,6.890574304543035e-06,0.4063909554715561,25,highpass
2.176953216596027e-07,6.816083063383222e-07,2.3245844402793316e-07,2.7997094868790614e-07,6.906265742593203e-06,0.44617534930129,25,highpass
2.196147790096336e-07,6.816083063383222e-07,2.3245844402793316e-07,2.744893553837655e-07,6.890574304543035e-06,0.39575351432860034,25,highpass
2.196147790096336e-07,6.816083063383222e-07,2.3245844402793316e-07,2.7997094868790614e-07,3.320786136763361e-05,0.303939988440901,25,highpass
2.196147790096336e-07,6.816083063383222e-07,2.3245844402793316e-07,2.7997094868790614e-07,6.890574304543035e-06,-inf,25,highpass
2.196147790096336e-07,6.816083063383222e-07,1.3118613995809715e-07,2.7997094868790614e-07,6.890574304543035e-06,0.08542363579318034,25,highpass
2.196147790096336e-07,6.816083063383222e-07,2.3245844402793316e-07,2.7997094868790614e-07,6.890574304543035e-06,-inf,25,highpass
2.196147790096336e-07,6.816083063383222e-07,2.3245844402793316e-07,2.7997094868790614e-07,6.890574304543035e-06,-inf,25,highpass
2.196147790096336e-07,6.816083063383222e-07,2.3245844402793316e-07,2.7997094868790614e-07,6.890574304543035e-06,-inf,25,highpass
2.196147790096336e-07,6.816083063383222e-07,2.3245844402793316e-07,2.7997094868790614e-07,6.890574304543035e-06,0.4638585418048808,26,highpass
2.196147790096336e-07,6.816083063383222e-07,2.3245844402793316e-07,2.7997094868790614e-07,6.906265742593203e-06,0.4638109040170368,26,highpass
2.196147790096336e-07,6.816083063383222e-07,2.3180574551443191e-07,2.7997094868790614e-07,6.906265742593203e-06,0.4638109040170368,26,highpass
2.196147790096336e-07,6.816083063383222e-07,2.3245844402793316e-07,1.6026142166832557e-07,6.906265742593203e-06,0.2935690466393881,26,highpass
2.176953216596027e-07,6.816083063383222e-07,2.3245844402793316e-07,2.7997094868790614e-07,6.890574304543035e-06,0.4459265289118248,26,highpass
1.7847695940334505e-07,6.816083063383222e-07,2.3245844402793316e-07,2.8015129323404236e-07,6.906265742593203e-06,0.3001062319417623,26,highpass
2.196147790096336e-07,6.816083063383222e-07,2.335723783597381e-07,2.7997094868790614e-07,6.890574304543035e-06,0.39252484057141485,26,highpass
2.196147790096336e-07,6.816083063383222e-07,2.3245844402793316e-07,2.7997094868790614e-07,5e-06,0.4191439865593509,26,highpass
2.196147790096336e-07,6.816083063383222e-07,2.3245844402793316e-07,2.7997094868790614e-07,6.890574304543035e-06,0.4638585418048808,26,highpass
2.196147790096336e-07,6.816083063383222e-07,2.3245844402793316e-07,2.7997094868790614e-07,6.906265742593203e-06,0.4638109040170368,26,highpass
2.196147790096336e-07,6.816083063383222e-07,2.3245844402793316e-07,2.7997094868790614e-07,5e-06,0.4191439865593509,26,highpass
2.196147790096336e-07,6.650490538208823e-07,2.3245844402793316e-07,2.8015129323404236e-07,6.906265742593203e-06,0.41534569999223553,26,highpass
2.196147790096336e-07,6.816083063383222e-07,2.3245844402793316e-07,2.7997094868790614e-07,6.906265742593203e-06,0.4638109040170368,26,highpass
2.196147790096336e-07,6.816083063383222e-07,2.3245844402793316e-07,2.7997094868790614e-07,2.753525367112314e-05,0.3143892780508145,26,highpass
2.196147790096336e-07,6.642114896006053e-07,2.335723783597381e-07,2.7997094868790614e-07,6.890574304543035e-06,0.4572822391846354,26,highpass
2.196147790096336e-07,6.671048456496884e-07,2.3180574551443191e-07,2.7997094868790614e-07,6.906265742593203e-06,0.4063601477875284,26,highpass
2.196147790096336e-07,6.816083063383222e-07,2.3245844402793316e-07,2.7997094868790614e-07,7.736419888798671e-06,0.3719098185468612,26,highpass
1.7847695940334505e-07,6.816083063383222e-07,2.3180574551443191e-07,2.7997094868790614e-07,6.890574304543035e-06,0.29998102178060476,26,highpass
2.196147790096336e-07,6.816083063383222e-07,2.3245844402793316e-07,2.7997094868790614e-07,6.890574304543035e-06,0.4638585418048808,26,highpass
2.196147790096336e-07,6.816083063383222e-07,2.335723783597381e-07,2.7997094868790614e-07,6.890574304543035e-06,0.39252484057141485,26,highpass
2.196147790096336e-07,6.642114896006053e-07,2.3245844402793316e-07,2.7997094868790614e-07,3.320786136763361e-05,0.30335524703180644,26,highpass
2.196147790096336e-07,6.816083063383222e-07,2.3245844402793316e-07,2.7997094868790614e-07,6.890574304543035e-06,0.4638585418048808,26,highpass
2.196147790096336e-07,6.816083063383222e-07,2.3245844402793316e-07,2.7997094868790614e-07,5e-06,0.4191439865593509,26,highpass
2.196147790096336e-07,6.816083063383222e-07,2.3245844402793316e-07,2.7997094868790614e-07,6.890574304543035e-06,0.4638585418048808,26,highpass
2.196147790096336e-07,6.816083063383222e-07,2.3245844402793316e-07,2.7997094868790614e-07,6.890574304543035e-06,0.4638585418048808,26,highpass
2.196147790096336e-07,7e-07,2.3180574551443191e-07,2.7997094868790614e-07,6.890574304543035e-06,0.3603347895837774,26,highpass
2.196147790096336e-07,6.816083063383222e-07,2.3245844402793316e-07,2.7997094868790614e-07,6.906265742593203e-06,0.4638109040170368,26,highpass
2.196147790096336e-07,6.816083063383222e-07,2.3245844402793316e-07,2.7997094868790614e-07,6.906265742593203e-06,0.4638109040170368,26,highpass
2.196147790096336e-07,6.816083063383222e-07,2.3245844402793316e-07,2.7997094868790614e-07,6.890574304543035e-06,0.4638585418048808,26,highpass
2.176953216596027e-07,6.816083063383222e-07,2.3245844402793316e-07,2.7997094868790614e-07,6.890574304543035e-06,0.4459265289118248,26,highpass
2.196147790096336e-07,6.816083063383222e-07,2.3245844402793316e-07,2.744893553837655e-07,6.890574304543035e-06,0.39575351432860034,26,highpass
2.196147790096336e-07,6.671048456496884e-07,2.3180574551443191e-07,2.7997094868790614e-07,6.890574304543035e-06,0.4063909554715561,26,highpass
2.196147790096336e-07,6.816083063383222e-07,2.3245844402793316e-07,2.8015129323404236e-07,6.906265742593203e-06,0.4638109040170368,26,highpass
2.196147790096336e-07,6.816083063383222e-07,2.3245844402793316e-07,2.7997094868790614e-07,6.906265742593203e-06,0.4638109040170368,26,highpass
2.176953216596027e-07,6.816083063383222e-07,2.3245844402793316e-07,2.7997094868790614e-07,6.2693622467387314e-06,0.43612684838194343,26,highpass
2.196147790096336e-07,6.816083063383222e-07,2.3245844402793316e-07,2.7997094868790614e-07,6.906265742593203e-06,0.4638109040170368,26,highpass
2.196147790096336e-07,6.816083063383222e-07,2.3245844402793316e-07,2.7997094868790614e-07,6.906265742593203e-06,0.4638109040170368,26,highpass
2.196147790096336e-07,6.671048456496884e-07,2.3180574551443191e-07,1.9603835590791097e-07,6.890574304543035e-06,0.2999707059805229,26,highpass
2.196147790096336e-07,6.816083063383222e-07,2.3245844402793316e-07,2.7997094868790614e-07,6.890574304543035e-06,0.4638585418048808,26,highpass
2.196147790096336e-07,6.816083063383222e-07,2.3245844402793316e-07,2.8015129323404236e-07,6.906265742593203e-06,0.4638109040170368,26,highpass
2.196147790096336e-07,6.816083063383222e-07,2.3245844402793316e-07,2.8281685839639837e-07,6.890574304543035e-06,0.39131815085159555,26,highpass
2.176953216596027e-07,6.816083063383222e-07,2.3245844402793316e-07,2.7997094868790614e-07,5e-06,0.3584041576617776,26,highpass
2.196147790096336e-07,6.642114896006053e-07,2.3245844402793316e-07,2.7997094868790614e-07,6.890574304543035e-06,0.4062982124220098,26,highpass
2.196147790096336e-07,6.816083063383222e-07,2.3245844402793316e-07,2.8015129323404236e-07,6.906265742593203e-06,0.4638109040170368,26,highpass
2.176953216596027e-07,6.816083063383222e-07,2.3245844402793316e-07,1.5444081519816377e-07,6.906265742593203e-06,0.21045284834099678,26,highpass
2.196147790096336e-07,6.671048456496884e-07,2.3180574551443191e-07,2.7997094868790614e-07,6.906265742593203e-06,0.4063601477875284,26,highpass
2.196147790096336e-07,6.816083063383222e-07,2.3245844402793316e-07,2.7997094868790614e-07,6.890574304543035e-06,0.4638585418048808,26,highpass
2.196147790096336e-07,6.671048456496884e-07,2.3245844402793316e-07,2.6805420963786784e-07,3.320786136763361e-05,0.3022966597811062,26,highpass
2.196147790096336e-07,6.816083063383222e-07,2.3245844402793316e-07,2.7997094868790614e-07,6.906265742593203e-06,0.4638109040170368,26,highpass
2.196147790096336e-07,6.671048456496884e-07,2.3180574551443191e-07,2.7997094868790614e-07,6.906265742593203e-06,0.4063601477875284,26,highpass
2.196147790096336e-07,6.816083063383222e-07,2.3245844402793316e-07,2.7997094868790614e-07,6.890574304543035e-06,0.4638585418048808,27,highpass
2.196147790096336e-07,6.816083063383222e-07,2.3245844402793316e-07,2.7997094868790614e-07,6.890574304543035e-06,0.4638585418048808,27,highpass
2.196147790096336e-07,6.816083063383222e-07,2.3245844402793316e-07,2.7997094868790614e-07,6.906265742593203e-06,0.4638109040170368,27,highpass
2.196147790096336e-07,6.816083063383222e-07,2.3245844402793316e-07,2.7997094868790614e-07,6.906265742593203e-06,0.4638109040170368,27,highpass
2.196147790096336e-07,6.816083063383222e-07,2.3245844402793316e-07,2.2371563699441773e-07,6.890574304543035e-06,0.30001469300515127,27,highpass
2.196147790096336e-07,6.816083063383222e-07,2.3245844402793316e-07,2.7997094868790614e-07,6.890574304543035e-06,0.4638585418048808,27,highpass
2.196147790096336e-07,6.816083063383222e-07,2.3245844402793316e-07,2.7997094868790614e-07,6.890574304543035e-06,0.4638585418048808,27,highpass
2.196147790096336e-07,6.816083063383222e-07,2.3245844402793316e-07,2.7997094868790614e-07,6.890574304543035e-06,0.4638585418048808,27,highpass
2.196147790096336e-07,6.816083063383222e-07,2.3245844402793316e-07,2.7997094868790614e-07,6.890574304543035e-06,0.4638585418048808,27,highpass
2.196147790096336e-07,6.816083063383222e-07,2.3245844402793316e-07,2.7739418541788356e-07,6.890574304543035e-06,0.4332097362214816,27,highpass
2.196147790096336e-07,6.816083063383222e-07,2.3245844402793316e-07,2.7997094868790614e-07,6.890574304543035e-06,0.4638585418048808,27,highpass
2.196147790096336e-07,6.816083063383222e-07,2.3245844402793316e-07,2.7997094868790614e-07,6.890574304543035e-06,0.4638585418048808,27,highpass
2.196147790096336e-07,6.816083063383222e-07,2.3245844402793316e-07,2.7997094868790614e-07,6.890574304543035e-06,0.4638585418048808,27,highpass
2.196147790096336e-07,6.816083063383222e-07,2.3245844402793316e-07,2.7997094868790614e-07,6.890574304543035e-06,0.4638585418048808,27,highpass
2.196147790096336e-07,6.816083063383222e-07,2.3245844402793316e-07,2.7997094868790614e-07,6.890574304543035e-06,0.4638585418048808,27,highpass
2.196147790096336e-07,6.816083063383222e-07,2.3245844402793316e-07,2.7997094868790614e-07,6.890574304543035e-06,0.4638585418048808,27,highpass
2.196147790096336e-07,6.816083063383222e-07,2.3245844402793316e-07,2.7997094868790614e-07,6.906265742593203e-06,0.4638109040170368,27,highpass
2.196147790096336e-07,6.816083063383222e-07,2.3245844402793316e-07,2.7997094868790614e-07,6.890574304543035e-06,0.4638585418048808,27,highpass
2.196147790096336e-07,6.816083063383222e-07,2.3245844402793316e-07,2.7997094868790614e-07,6.890574304543035e-06,0.4638585418048808,27,highpass
2.2444774150226898e-07,6.816083063383222e-07,2.3245844402793316e-07,2.7997094868790614e-07,6.890574304543035e-06,0.35228616707942434,27,highpass
2.196147790096336e-07,6.816083063383222e-07,2.3245844402793316e-07,2.7997094868790614e-07,6.890574304543035e-06,0.4638585418048808,27,highpass
2.196147790096336e-07,6.816083063383222e-07,2.3285016144056812e-07,2.7997094868790614e-07,6.890574304543035e-06,0.4453293947290663,27,highpass
2.196147790096336e-07,6.816083063383222e-07,2.3245844402793316e-07,2.7997094868790614e-07,6.890574304543035e-06,0.4638585418048808,27,highpass
2.196147790096336e-07,6.816083063383222e-07,2.257410718540253e-07,2.7997094868790614e-07,6.890574304543035e-06,0.30022211828010253,27,highpass
2.196147790096336e-07,6.816083063383222e-07,2.3245844402793316e-07,2.7997094868790614e-07,6.890574304543035e-06,0.4638585418048808,27,highpass
2.196147790096336e-07,6.816083063383222e-07,2.3245844402793316e-07,2.7997094868790614e-07,6.906265742593203e-06,0.4638109040170368,27,highpass
2.196147790096336e-07,6.816083063383222e-07,2.3245844402793316e-07,2.7997094868790614e-07,7.724585027236822e-06,0.3719181478285415,27,highpass
2.196147790096336e-07,6.816083063383222e-07,2.3245844402793316e-07,2.7997094868790614e-07,6.890574304543035e-06,0.4638585418048808,27,highpass
2.196147790096336e-07,6.816083063383222e-07,2.3245844402793316e-07,2.7997094868790614e-07,6.890574304543035e-06,0.4638585418048808,27,highpass
2.196147790096336e-07,6.816083063383222e-07,2.3245844402793316e-07,2.7997094868790614e-07,6.906265742593203e-06,0.4638109040170368,27,highpass
2.196147790096336e-07,6.816083063383222e-07,2.3245844402793316e-07,2.7997094868790614e-07,6.890574304543035e-06,0.4638585418048808,27,highpass
2.196147790096336e-07,6.816083063383222e-07,2.3245844402793316e-07,2.7997094868790614e-07,6.890574304543035e-06,0.4638585418048808,27,highpass
2.196147790096336e-07,6.816083063383222e-07,2.3245844402793316e-07,2.7997094868790614e-07,6.890574304543035e-06,0.4638585418048808,27,highpass
2.196147790096336e-07,6.816083063383222e-07,2.3180574551443191e-07,2.7997094868790614e-07,6.906265742593203e-06,0.4638109040170368,27,highpass
2.196147790096336e-07,6.816083063383222e-07,2.3245844402793316e-07,2.7997094868790614e-07,6.906265742593203e-06,0.4638109040170368,27,highpass
2.196147790096336e-07,6.816083063383222e-07,2.3245844402793316e-07,2.8015129323404236e-07,6.906265742593203e-06,0.4638109040170368,27,highpass
2.196147790096336e-07,6.816083063383222e-07,2.3245844402793316e-07,2.806658349648396e-07,6.906265742593203e-06,0.4520061072142605,27,highpass
2.196147790096336e-07,6.816083063383222e-07,2.3245844402793316e-07,2.7997094868790614e-07,3.4202986661710405e-05,0.3019532194409325,27,highpass
2.196147790096336e-07,6.816083063383222e-07,2.3245844402793316e-07,2.858384896218109e-07,6.890574304543035e-06,0.4029433416055812,27,highpass
2.196147790096336e-07,6.816083063383222e-07,2.3245844402793316e-07,2.7997094868790614e-07,6.890574304543035e-06,0.4638585418048808,27,highpass
2.196147790096336e-07,6.816083063383222e-07,2.3245844402793316e-07,2.7997094868790614e-07,6.890574304543035e-06,0.4638585418048808,27,highpass
2.196147790096336e-07,6.816083063383222e-07,2.3245844402793316e-07,2.7997094868790614e-07,6.906265742593203e-06,0.4638109040170368,27,highpass
2.196147790096336e-07,6.816083063383222e-07,2.3245844402793316e-07,2.8015129323404236e-07,6.906265742593203e-06,0.4638109040170368,27,highpass
2.196147790096336e-07,6.816083063383222e-07,2.3245844402793316e-07,2.7997094868790614e-07,6.890574304543035e-06,0.4638585418048808,27,highpass
2.196147790096336e-07,6.816083063383222e-07,2.3245844402793316e-07,2.7997094868790614e-07,6.890574304543035e-06,0.4638585418048808,27,highpass
2.196147790096336e-07,6.816083063383222e-07,2.3245844402793316e-07,2.7997094868790614e-07,6.906265742593203e-06,0.4638109040170368,27,highpass
2.196147790096336e-07,6.697359569555882e-07,2.3245844402793316e-07,2.7997094868790614e-07,6.906265742593203e-06,0.4325435956647102,27,highpass
2.196147790096336e-07,6.816083063383222e-07,2.3245844402793316e-07,2.7997094868790614e-07,6.890574304543035e-06,0.4638585418048808,27,highpass
2.196147790096336e-07,6.816083063383222e-07,2.3245844402793316e-07,2.7997094868790614e-07,6.906265742593203e-06,0.4638109040170368,27,highpass
2.196147790096336e-07,6.816083063383222e-07,2.3245844402793316e-07,2.7997094868790614e-07,6.890574304543035e-06,0.4638585418048808,27,highpass
2.196147790096336e-07,6.816083063383222e-07,2.3245844402793316e-07,2.7997094868790614e-07,6.890574304543035e-06,0.4638585418048808,28,highpass
2.196147790096336e-07,6.816083063383222e-07,2.3245844402793316e-07,2.7997094868790614e-07,3.331343639910148e-05,0.30231007066808446,28,highpass
2.196147790096336e-07,6.816083063383222e-07,2.3245844402793316e-07,2.7997094868790614e-07,6.890574304543035e-06,0.4638585418048808,28,highpass
2.196147790096336e-07,6.816083063383222e-07,2.3245844402793316e-07,2.7997094868790614e-07,6.890574304543035e-06,0.4638585418048808,28,highpass
2.196147790096336e-07,6.816083063383222e-07,2.3245844402793316e-07,2.7997094868790614e-07,6.906265742593203e-06,0.4638109040170368,28,highpass
2.196147790096336e-07,6.816083063383222e-07,2.3245844402793316e-07,2.794415299414334e-07,6.890574304543035e-06,0.46356545722245535,28,highpass
2.196147790096336e-07,6.816083063383222e-07,2.3245844402793316e-07,2.7997094868790614e-07,6.890574304543035e-06,0.4638585418048808,28,highpass
2.196147790096336e-07,6.816083063383222e-07,2.3245844402793316e-07,2.7997094868790614e-07,6.890574304543035e-06,0.4638585418048808,28,highpass
2.196147790096336e-07,6.792441965213715e-07,2.3245844402793316e-07,2.7997094868790614e-07,6.890574304543035e-06,0.46399914278207294,28,highpass
2.196147790096336e-07,6.816083063383222e-07,2.3245844402793316e-07,2.7997094868790614e-07,6.890574304543035e-06,0.4638585418048808,28,highpass
2.196147790096336e-07,6.816083063383222e-07,2.3245844402793316e-07,2.7997094868790614e-07,6.890574304543035e-06,0.4638585418048808,28,highpass
2.196147790096336e-07,6.816083063383222e-07,2.3245844402793316e-07,2.7997094868790614e-07,6.890574304543035e-06,0.4638585418048808,28,highpass
2.196147790096336e-07,6.816083063383222e-07,2.3245844402793316e-07,2.7997094868790614e-07,6.890574304543035e-06,0.4638585418048808,28,highpass
2.427640768241293e-07,6.816083063383222e-07,2.3245844402793316e-07,2.7997094868790614e-07,6.890574304543035e-06,0.2347949280776624,28,highpass
2.196147790096336e-07,6.816083063383222e-07,2.3245844402793316e-07,2.7997094868790614e-07,6.890574304543035e-06,0.4638585418048808,28,highpass
2.196147790096336e-07,6.816083063383222e-07,2.3245844402793316e-07,2.7997094868790614e-07,6.890574304543035e-06,0.4638585418048808,28,highpass
2.196147790096336e-07,6.816083063383222e-07,2.3245844402793316e-07,2.7997094868790614e-07,6.890574304543035e-06,0.4638585418048808,28,highpass
2.196147790096336e-07,6.816083063383222e-07,2.3245844402793316e-07,2.7997094868790614e-07,6.890574304543035e-06,0.4638585418048808,28,highpass
2.196147790096336e-07,6.816083063383222e-07,2.3245844402793316e-07,2.7997094868790614e-07,6.890574304543035e-06,0.4638585418048808,28,highpass
1.5825408189691026e-07,6.816083063383222e-07,2.3245844402793316e-07,2.7997094868790614e-07,6.890574304543035e-06,0.3000361971424584,28,highpass
2.196147790096336e-07,6.816083063383222e-07,2.3245844402793316e-07,2.7997094868790614e-07,6.890574304543035e-06,0.4638585418048808,28,highpass
2.196147790096336e-07,6.85472778493263e-07,2.3245844402793316e-07,2.7997094868790614e-07,6.890574304543035e-06,0.4543341193020281,28,highpass
2.196147790096336e-07,6.816083063383222e-07,2.3245844402793316e-07,2.7997094868790614e-07,6.890574304543035e-06,0.4638585418048808,28,highpass
2.196147790096336e-07,6.816083063383222e-07,2.3245844402793316e-07,2.7997094868790614e-07,6.890574304543035e-06,0.4638585418048808,28,highpass
2.196147790096336e-07,6.816083063383222e-07,2.3245844402793316e-07,2.7997094868790614e-07,6.890574304543035e-06,0.4638585418048808,28,highpass
2.196147790096336e-07,6.816083063383222e-07,2.3245844402793316e-07,2.7997094868790614e-07,6.890574304543035e-06,0.4638585418048808,28,highpass
2.196147790096336e-07,6.563963019492155e-07,2.3245844402793316e-07,2.7997094868790614e-07,6.890574304543035e-06,0.36656979052469757,28,highpass
2.196147790096336e-07,6.816083063383222e-07,2.3245844402793316e-07,2.7997094868790614e-07,6.890574304543035e-06,0.4638585418048808,28,highpass
2.196147790096336e-07,6.816083063383222e-07,2.3245844402793316e-07,2.7997094868790614e-07,6.890574304543035e-06,0.4638585418048808,28,highpass
2.196147790096336e-07,6.816083063383222e-07,1.747740915851539e-07,2.7997094868790614e-07,6.890574304543035e-06,0.22295058539487064,28,highpass
2.196147790096336e-07,6.816083063383222e-07,2.3245844402793316e-07,2.7997094868790614e-07,6.890574304543035e-06,0.4638585418048808,28,highpass
2.196147790096336e-07,6.816083063383222e-07,2.3245844402793316e-07,2.7997094868790614e-07,6.890574304543035e-06,0.4638585418048808,28,highpass
2.196147790096336e-07,6.816083063383222e-07,2.3245844402793316e-07,2.7997094868790614e-07,6.890574304543035e-06,0.4638585418048808,28,highpass
2.196147790096336e-07,6.816083063383222e-07,2.3245844402793316e-07,2.7997094868790614e-07,6.890574304543035e-06,0.4638585418048808,28,highpass
2.196147790096336e-07,6.816083063383222e-07,2.3245844402793316e-07,2.7997094868790614e-07,6.890574304543035e-06,0.4638585418048808,28,highpass
2.196147790096336e-07,6.816083063383222e-07,2.3245844402793316e-07,2.7997094868790614e-07,6.890574304543035e-06,0.4638585418048808,28,highpass
2.196147790096336e-07,6.816083063383222e-07,2.3245844402793316e-07,2.7997094868790614e-07,6.890574304543035e-06,0.4638585418048808,28,highpass
2.196147790096336e-07,6.816083063383222e-07,2.3245844402793316e-07,2.7997094868790614e-07,6.890574304543035e-06,0.4638585418048808,28,highpass
2.196147790096336e-07,6.816083063383222e-07,2.3245844402793316e-07,2.3539087477265839e-07,6.890574304543035e-06,0.29999393789742645,28,highpass
2.196147790096336e-07,6.816083063383222e-07,2.3245844402793316e-07,2.7997094868790614e-07,6.890574304543035e-06,0.4638585418048808,28,highpass
2.196147790096336e-07,6.816083063383222e-07,2.3245844402793316e-07,2.7997094868790614e-07,6.890574304543035e-06,0.4638585418048808,28,highpass
2.196147790096336e-07,6.816817688505626e-07,2.3245844402793316e-07,2.7997094868790614e-07,6.890574304543035e-06,0.4638585418048808,28,highpass
2.196147790096336e-07,6.816083063383222e-07,2.3245844402793316e-07,2.7997094868790614e-07,6.890574304543035e-06,0.4638585418048808,28,highpass
2.196147790096336e-07,6.816083063383222e-07,2.3245844402793316e-07,2.7997094868790614e-07,6.890574304543035e-06,0.4638585418048808,28,highpass
2.196147790096336e-07,6.816083063383222e-07,2.3245844402793316e-07,2.7997094868790614e-07,6.890574304543035e-06,0.4638585418048808,28,highpass
2.196147790096336e-07,6.816083063383222e-07,2.3245844402793316e-07,2.7997094868790614e-07,6.890574304543035e-06,0.4638585418048808,28,highpass
2.196147790096336e-07,6.816083063383222e-07,2.393334469628207e-07,2.7997094868790614e-07,6.890574304543035e-06,0.11768553205704571,28,highpass
2.196147790096336e-07,6.816083063383222e-07,2.3245844402793316e-07,2.7997094868790614e-07,6.890574304543035e-06,0.4638585418048808,28,highpass
2.196147790096336e-07,6.816083063383222e-07,2.3245844402793316e-07,2.7997094868790614e-07,3.118518678926817e-05,0.30534500263773073,28,highpass
2.196147790096336e-07,6.816083063383222e-07,2.3245844402793316e-07,2.7997094868790614e-07,6.890574304543035e-06,0.4638585418048808,28,highpass
2.196147790096336e-07,6.792441965213715e-07,2.3245844402793316e-07,2.7997094868790614e-07,6.890574304543035e-06,0.46399914278207294,29,highpass
2.196147790096336e-07,6.816083063383222e-07,2.3245844402793316e-07,2.7997094868790614e-07,6.890574304543035e-06,0.4638585418048808,29,highpass
2.196147790096336e-07,6.792441965213715e-07,2.3245844402793316e-07,2.7997094868790614e-07,6.890574304543035e-06,0.46399914278207294,29,highpass
2.196147790096336e-07,6.816083063383222e-07,2.3245844402793316e-07,2.7997094868790614e-07,6.890574304543035e-06,0.4638585418048808,29,highpass
1.9111982714303272e-07,6.816083063383222e-07,2.3245844402793316e-07,2.7997094868790614e-07,6.890574304543035e-06,0.3014120776567738,29,highpass
2.196147790096336e-07,6.816817688505626e-07,2.3245844402793316e-07,2.7997094868790614e-07,6.890574304543035e-06,0.4638585418048808,29,highpass
2.196147790096336e-07,6.816083063383222e-07,2.3245844402793316e-07,2.7997094868790614e-07,6.890574304543035e-06,0.4638585418048808,29,highpass
2.196147790096336e-07,6.816083063383222e-07,2.3245844402793316e-07,2.7997094868790614e-07,6.890574304543035e-06,0.4638585418048808,29,highpass
2.196147790096336e-07,6.816083063383222e-07,2.3245844402793316e-07,2.7997094868790614e-07,6.890574304543035e-06,0.4638585418048808,29,highpass
2.196147790096336e-07,6.816083063383222e-07,2.3245844402793316e-07,2.7997094868790614e-07,6.890574304543035e-06,0.4638585418048808,29,highpass
2.196147790096336e-07,6.792441965213715e-07,2.3245844402793316e-07,2.7997094868790614e-07,6.890574304543035e-06,0.46399914278207294,29,highpass
2.196147790096336e-07,6.816083063383222e-07,2.3245844402793316e-07,2.7997094868790614e-07,3.1948795003488334e-05,0.3050839549380156,29,highpass
2.196147790096336e-07,6.816083063383222e-07,2.3245844402793316e-07,2.7997094868790614e-07,6.890574304543035e-06,0.4638585418048808,29,highpass
2.196147790096336e-07,6.816083063383222e-07,2.3245844402793316e-07,2.7997094868790614e-07,6.890574304543035e-06,0.4638585418048808,29,highpass
2.196147790096336e-07,6.816083063383222e-07,2.3245844402793316e-07,2.7997094868790614e-07,6.890574304543035e-06,0.4638585418048808,29,highpass
2.196147790096336e-07,6.816083063383222e-07,2.3245844402793316e-07,2.7997094868790614e-07,6.890574304543035e-06,0.4638585418048808,29,highpass
2.196147790096336e-07,6.816083063383222e-07,2.3245844402793316e-07,2.7997094868790614e-07,1.5384075723166172e-05,0.3284714013770631,29,highpass
2.196147790096336e-07,6.816083063383222e-07,2.3245844402793316e-07,2.7997094868790614e-07,6.890574304543035e-06,0.4638585418048808,29,highpass
2.196147790096336e-07,6.816083063383222e-07,2.3245844402793316e-07,2.7997094868790614e-07,6.890574304543035e-06,0.4638585418048808,29,highpass
2.196147790096336e-07,6.816083063383222e-07,2.3245844402793316e-07,2.7997094868790614e-07,6.890574304543035e-06,0.4638585418048808,29,highpass
2.196147790096336e-07,6.816083063383222e-07,2.3245844402793316e-07,2.7997094868790614e-07,6.890574304543035e-06,0.4638585418048808,29,highpass
2.196147790096336e-07,6.816083063383222e-07,2.3245844402793316e-07,2.7997094868790614e-07,6.890574304543035e-06,0.4638585418048808,29,highpass
2.196147790096336e-07,6.792441965213715e-07,2.3245844402793316e-07,2.7997094868790614e-07,6.890574304543035e-06,0.46399914278207294,29,highpass
2.196147790096336e-07,6.816083063383222e-07,2.3245844402793316e-07,2.7997094868790614e-07,6.890574304543035e-06,0.4638585418048808,29,highpass
2.196147790096336e-07,6.816083063383222e-07,2.3245844402793316e-07,2.7997094868790614e-07,6.890574304543035e-06,0.4638585418048808,29,highpass
2.196147790096336e-07,6.816083063383222e-07,2.3245844402793316e-07,2.7997094868790614e-07,6.890574304543035e-06,0.4638585418048808,29,highpass
2.196147790096336e-07,6.816083063383222e-07,2.3245844402793316e-07,2.7997094868790614e-07,6.890574304543035e-06,0.4638585418048808,29,highpass
2.196147790096336e-07,6.816083063383222e-07,2.3245844402793316e-07,2.7997094868790614e-07,6.890574304543035e-06,0.4638585418048808,29,highpass
2.196147790096336e-07,6.816083063383222e-07,2.3245844402793316e-07,2.7997094868790614e-07,6.890574304543035e-06,0.4638585418048808,29,highpass
2.196147790096336e-07,6.816083063383222e-07,2.3245844402793316e-07,2.7997094868790614e-07,6.890574304543035e-06,0.4638585418048808,29,highpass
2.196147790096336e-07,6.816083063383222e-07,2.3245844402793316e-07,2.7997094868790614e-07,6.890574304543035e-06,0.4638585418048808,29,highpass
2.196147790096336e-07,6.816083063383222e-07,2.3245844402793316e-07,2.7997094868790614e-07,6.890574304543035e-06,0.4638585418048808,29,highpass
2.196147790096336e-07,6.816083063383222e-07,2.3245844402793316e-07,2.7997094868790614e-07,6.890574304543035e-06,0.4638585418048808,29,highpass
2.196147790096336e-07,6.816083063383222e-07,2.3245844402793316e-07,2.7997094868790614e-07,6.890574304543035e-06,0.4638585418048808,29,highpass
2.196147790096336e-07,6.816083063383222e-07,1.9955402081213123e-07,2.7997094868790614e-07,6.890574304543035e-06,0.30000056589247925,29,highpass
2.196147790096336e-07,6.816083063383222e-07,2.3550018553268573e-07,2.7997094868790614e-07,6.890574304543035e-06,0.3647764923438005,29,highpass
2.196147790096336e-07,6.816083063383222e-07,2.3245844402793316e-07,2.7997094868790614e-07,6.890574304543035e-06,0.4638585418048808,29,highpass
2.196147790096336e-07,6.816083063383222e-07,2.3245844402793316e-07,2.7997094868790614e-07,6.890574304543035e-06,0.4638585418048808,29,highpass
2.196147790096336e-07,6.816083063383222e-07,2.3245844402793316e-07,2.7997094868790614e-07,6.890574304543035e-06,0.4638585418048808,29,highpass
2.196147790096336e-07,6.816083063383222e-07,2.3245844402793316e-07,2.7997094868790614e-07,6.890574304543035e-06,0.4638585418048808,29,highpass
2.196147790096336e-07,6.816083063383222e-07,2.3245844402793316e-07,2.7997094868790614e-07,6.890574304543035e-06,0.4638585418048808,29,highpass
2.196147790096336e-07,6.816817688505626e-07,2.3245844402793316e-07,2.7997094868790614e-07,6.890574304543035e-06,0.4638585418048808,29,highpass
2.196147790096336e-07,6.816083063383222e-07,2.3245844402793316e-07,2.7997094868790614e-07,6.890574304543035e-06,0.4638585418048808,29,highpass
2.196147790096336e-07,6.816083063383222e-07,2.3245844402793316e-07,2.7997094868790614e-07,6.890574304543035e-06,0.4638585418048808,29,highpass
2.196147790096336e-07,6.816083063383222e-07,2.3245844402793316e-07,2.7997094868790614e-07,6.890574304543035e-06,0.4638585418048808,29,highpass
2.196147790096336e-07,6.792441965213715e-07,2.3245844402793316e-07,2.7997094868790614e-07,6.890574304543035e-06,0.46399914278207294,29,highpass
2.196147790096336e-07,6.816083063383222e-07,2.3245844402793316e-07,2.7997094868790614e-07,6.890574304543035e-06,0.4638585418048808,29,highpass
2.196147790096336e-07,6.816083063383222e-07,2.3245844402793316e-07,2.7997094868790614e-07,6.890574304543035e-06,0.4638585418048808,29,highpass
1.0554422064756103e-07,6.816083063383222e-07,2.3245844402793316e-07,2.7997094868790614e-07,6.890574304543035e-06,-0.15164966167071145,29,highpass
2.196147790096336e-07,6.816083063383222e-07,2.3245844402793316e-07,2.7997094868790614e-07,6.890574304543035e-06,0.4638585418048808,29,highpass
2.196147790096336e-07,6.792441965213715e-07,2.3245844402793316e-07,2.7997094868790614e-07,6.890574304543035e-06,0.46399914278207294,30,highpass
2.196147790096336e-07,6.816083063383222e-07,2.3245844402793316e-07,2.7997094868790614e-07,6.890574304543035e-06,0.4638585418048808,30,highpass
2.196147790096336e-07,6.792441965213715e-07,2.3245844402793316e-07,2.7997094868790614e-07,6.890574304543035e-06,0.46399914278207294,30,highpass
2.196147790096336e-07,6.816083063383222e-07,2.3245844402793316e-07,2.7997094868790614e-07,6.890574304543035e-06,0.4638585418048808,30,highpass
2.196147790096336e-07,6.792441965213715e-07,2.3245844402793316e-07,2.7997094868790614e-07,6.890574304543035e-06,0.46399914278207294,30,highpass
2.196147790096336e-07,6.792441965213715e-07,2.3245844402793316e-07,2.7997094868790614e-07,6.890574304543035e-06,0.46399914278207294,30,highpass
2.196147790096336e-07,6.816083063383222e-07,2.3245844402793316e-07,2.7997094868790614e-07,6.890574304543035e-06,0.4638585418048808,30,highpass
2.196147790096336e-07,6.816817688505626e-07,2.3245844402793316e-07,2.0599924467986298e-07,6.890574304543035e-06,0.29999934207319423,30,highpass
2.196147790096336e-07,6.816083063383222e-07,2.3245844402793316e-07,2.7997094868790614e-07,6.890574304543035e-06,0.4638585418048808,30,highpass
2.196147790096336e-07,6.792441965213715e-07,2.3245844402793316e-07,2.7997094868790614e-07,6.890574304543035e-06,0.46399914278207294,30,highpass
2.196147790096336e-07,6.816083063383222e-07,2.3245844402793316e-07,2.7997094868790614e-07,6.890574304543035e-06,0.4638585418048808,30,highpass
2.196147790096336e-07,6.816083063383222e-07,2.3245844402793316e-07,2.7997094868790614e-07,6.890574304543035e-06,0.4638585418048808,30,highpass
2.196147790096336e-07,6.816083063383222e-07,2.3245844402793316e-07,2.7997094868790614e-07,6.890574304543035e-06,0.4638585418048808,30,highpass
2.196147790096336e-07,6.816083063383222e-07,2.3245844402793316e-07,2.7997094868790614e-07,6.890574304543035e-06,0.4638585418048808,30,highpass
2.196147790096336e-07,6.816083063383222e-07,2.3245844402793316e-07,2.7997094868790614e-07,6.890574304543035e-06,0.4638585418048808,30,highpass
2.196147790096336e-07,6.816083063383222e-07,2.3245844402793316e-07,2.76674849805921e-07,6.890574304543035e-06,0.4071749612289947,30,highpass
2.196147790096336e-07,6.816083063383222e-07,2.3245844402793316e-07,1.8363905542572737e-07,6.890574304543035e-06,0.2999778942280697,30,highpass
2.196147790096336e-07,6.67942354511191e-07,2.3245844402793316e-07,2.7997094868790614e-07,6.890574304543035e-06,0.42598738065051,30,highpass
2.196147790096336e-07,6.792441965213715e-07,2.3245844402793316e-07,2.834786483220772e-07,6.890574304543035e-06,0.3903401169957446,30,highpass
2.196147790096336e-07,6.816083063383222e-07,2.3245844402793316e-07,2.7997094868790614e-07,6.890574304543035e-06,0.4638585418048808,30,highpass
2.196147790096336e-07,6.816083063383222e-07,1.4965104132938002e-07,2.7997094868790614e-07,6.890574304543035e-06,0.09534846001089138,30,highpass
2.196147790096336e-07,6.816083063383222e-07,2.3245844402793316e-07,2.7997094868790614e-07,6.890574304543035e-06,0.4638585418048808,30,highpass
2.196147790096336e-07,6.816083063383222e-07,2.3245844402793316e-07,2.7997094868790614e-07,6.890574304543035e-06,0.4638585418048808,30,highpass
2.196147790096336e-07,6.816083063383222e-07,2.3245844402793316e-07,2.7997094868790614e-07,6.890574304543035e-06,0.4638585418048808,30,highpass
2.196147790096336e-07,6.816083063383222e-07,2.3245844402793316e-07,2.7997094868790614e-07,6.890574304543035e-06,0.4638585418048808,30,highpass
2.196147790096336e-07,6.816083063383222e-07,2.3245844402793316e-07,2.7997094868790614e-07,6.890574304543035e-06,0.4638585418048808,30,highpass
2.196147790096336e-07,6.792441965213715e-07,2.3245844402793316e-07,2.7997094868790614e-07,6.890574304543035e-06,0.46399914278207294,30,highpass
2.196147790096336e-07,6.816083063383222e-07,2.3245844402793316e-07,2.7997094868790614e-07,6.890574304543035e-06,0.4638585418048808,30,highpass
1.826801419014127e-07,6.816083063383222e-07,2.3245844402793316e-07,2.7997094868790614e-07,6.890574304543035e-06,0.3004260637680753,30,highpass
2.196147790096336e-07,6.816083063383222e-07,2.3245844402793316e-07,2.805453223082786e-07,6.890574304543035e-06,0.45501064186477636,30,highpass
2.196147790096336e-07,6.792441965213715e-07,2.3245844402793316e-07,2.7997094868790614e-07,6.890574304543035e-06,0.46399914278207294,30,highpass
2.196147790096336e-07,6.816083063383222e-07,2.3245844402793316e-07,2.7997094868790614e-07,6.890574304543035e-06,0.4638585418048808,30,highpass
2.196147790096336e-07,6.792441965213715e-07,2.3245844402793316e-07,2.7997094868790614e-07,6.890574304543035e-06,0.46399914278207294,30,highpass
2.196147790096336e-07,6.792441965213715e-07,2.3245844402793316e-07,2.7997094868790614e-07,6.890574304543035e-06,0.46399914278207294,30,highpass
2.196147790096336e-07,6.792441965213715e-07,2.3245844402793316e-07,2.7997094868790614e-07,6.890574304543035e-06,0.46399914278207294,30,highpass
2.196147790096336e-07,6.792441965213715e-07,2.3245844402793316e-07,2.7997094868790614e-07,6.890574304543035e-06,0.46399914278207294,30,highpass
2.196147790096336e-07,6.792441965213715e-07,2.3245844402793316e-07,2.7997094868790614e-07,6.890574304543035e-06,0.46399914278207294,30,highpass
2.196147790096336e-07,6.816083063383222e-07,2.3245844402793316e-07,2.7997094868790614e-07,6.890574304543035e-06,0.4638585418048808,30,highpass
2.196147790096336e-07,6.792441965213715e-07,2.3245844402793316e-07,2.7997094868790614e-07,6.890574304543035e-06,0.46399914278207294,30,highpass
2.196147790096336e-07,6.792441965213715e-07,2.3245844402793316e-07,2.7997094868790614e-07,6.890574304543035e-06,0.46399914278207294,30,highpass
2.196147790096336e-07,6.816083063383222e-07,2.3245844402793316e-07,2.7997094868790614e-07,6.890574304543035e-06,0.4638585418048808,30,highpass
2.196147790096336e-07,6.816083063383222e-07,2.3245844402793316e-07,2.7997094868790614e-07,6.890574304543035e-06,0.4638585418048808,30,highpass
2.196147790096336e-07,6.816083063383222e-07,2.3245844402793316e-07,2.7997094868790614e-07,6.890574304543035e-06,0.4638585418048808,30,highpass
2.196147790096336e-07,6.816083063383222e-07,2.3245844402793316e-07,2.7997094868790614e-07,6.890574304543035e-06,0.4638585418048808,30,highpass
2.196147790096336e-07,6.816083063383222e-07,2.3245844402793316e-07,2.2096886750257783e-07,6.890574304543035e-06,0.29998299402912193,30,highpass
2.196147790096336e-07,6.816083063383222e-07,2.3245844402793316e-07,2.7997094868790614e-07,6.890574304543035e-06,0.4638585418048808,30,highpass
2.196147790096336e-07,6.816083063383222e-07,2.3245844402793316e-07,2.7997094868790614e-07,6.890574304543035e-06,0.4638585418048808,30,highpass
2.196147790096336e-07,6.816083063383222e-07,2.3245844402793316e-07,2.7997094868790614e-07,6.890574304543035e-06,0.4638585418048808,30,highpass
2.196147790096336e-07,6.816083063383222e-07,2.3245844402793316e-07,2.7997094868790614e-07,6.890574304543035e-06,0.4638585418048808,30,highpass
2.196147790096336e-07,6.816083063383222e-07,2.3245844402793316e-07,2.7997094868790614e-07,6.890574304543035e-06,0.4638585418048808,30,highpass
2.196147790096336e-07,6.792441965213715e-07,2.3245844402793316e-07,2.7997094868790614e-07,6.890574304543035e-06,0.46399914278207294,31,highpass
2.196147790096336e-07,6.792441965213715e-07,2.3245844402793316e-07,2.7997094868790614e-07,6.890574304543035e-06,0.46399914278207294,31,highpass
2.196147790096336e-07,6.792441965213715e-07,2.3245844402793316e-07,2.7997094868790614e-07,6.890574304543035e-06,0.46399914278207294,31,highpass
2.196147790096336e-07,6.792441965213715e-07,2.3245844402793316e-07,2.7997094868790614e-07,7.652799133322426e-06,0.38546618116652953,31,highpass
2.196147790096336e-07,6.792441965213715e-07,2.3245844402793316e-07,2.7997094868790614e-07,6.890574304543035e-06,0.46399914278207294,31,highpass
2.196147790096336e-07,6.792441965213715e-07,2.3245844402793316e-07,2.7997094868790614e-07,7.585433407760656e-06,0.38543633646752745,31,highpass
2.196147790096336e-07,5.187299336389272e-07,2.3245844402793316e-07,2.7997094868790614e-07,6.890574304543035e-06,0.299911897739776,31,highpass
2.196147790096336e-07,6.792441965213715e-07,2.3245844402793316e-07,2.9887735614404873e-07,6.890574304543035e-06,0.1171819308400326,31,highpass
2.196147790096336e-07,6.792441965213715e-07,2.3245844402793316e-07,2.7997094868790614e-07,6.890574304543035e-06,0.46399914278207294,31,highpass
2.196147790096336e-07,6.792441965213715e-07,2.3245844402793316e-07,2.7997094868790614e-07,6.890574304543035e-06,0.46399914278207294,31,highpass
2.196147790096336e-07,6.792441965213715e-07,2.3245844402793316e-07,2.7997094868790614e-07,6.890574304543035e-06,0.46399914278207294,31,highpass
2.196147790096336e-07,6.70633790379972e-07,2.3245844402793316e-07,2.7997094868790614e-07,6.890574304543035e-06,0.4358501706807252,31,highpass
2.196147790096336e-07,6.792441965213715e-07,2.3245844402793316e-07,2.7997094868790614e-07,6.890574304543035e-06,0.46399914278207294,31,highpass
2.196147790096336e-07,6.792441965213715e-07,2.3245844402793316e-07,2.7997094868790614e-07,6.890574304543035e-06,0.46399914278207294,31,highpass
2.196147790096336e-07,6.894693205495875e-07,2.3245844402793316e-07,2.7997094868790614e-07,6.890574304543035e-06,0.43429376804735775,31,highpass
2.196147790096336e-07,6.792441965213715e-07,2.3245844402793316e-07,2.7997094868790614e-07,6.890574304543035e-06,0.46399914278207294,31,highpass
2.196147790096336e-07,6.792441965213715e-07,2.3245844402793316e-07,2.7997094868790614e-07,6.890574304543035e-06,0.46399914278207294,31,highpass
2.196147790096336e-07,6.792441965213715e-07,2.3245844402793316e-07,2.7997094868790614e-07,6.890574304543035e-06,0.46399914278207294,31,highpass
2.196147790096336e-07,6.792441965213715e-07,2.3245844402793316e-07,2.7997094868790614e-07,6.890574304543035e-06,0.46399914278207294,31,highpass
2.196147790096336e-07,6.816083063383222e-07,2.3788216575953267e-07,2.7997094868790614e-07,6.890574304543035e-06,0.2599905383393612,31,highpass
2.196147790096336e-07,6.792441965213715e-07,2.3245844402793316e-07,2.7997094868790614e-07,6.890574304543035e-06,0.46399914278207294,31,highpass
2.196147790096336e-07,6.792441965213715e-07,2.3245844402793316e-07,2.7997094868790614e-07,6.890574304543035e-06,0.46399914278207294,31,highpass
2.196147790096336e-07,6.792441965213715e-07,2.3245844402793316e-07,2.858773870600204e-07,6.890574304543035e-06,0.40593411640130433,31,highpass
2.123796426423128e-07,6.792441965213715e-07,2.3245844402793316e-07,2.7997094868790614e-07,6.890574304543035e-06,0.38777318168005226,31,highpass
2.196147790096336e-07,6.792441965213715e-07,2.3245844402793316e-07,2.7997094868790614e-07,6.890574304543035e-06,0.46399914278207294,31,highpass
2.196147790096336e-07,6.792441965213715e-07,2.3245844402793316e-07,2.7764325440602444e-07,6.890574304543035e-06,0.4293293521475363,31,highpass
2.196147790096336e-07,6.816083063383222e-07,2.3245844402793316e-07,2.7997094868790614e-07,6.890574304543035e-06,0.4638585418048808,31,highpass
2.196147790096336e-07,6.792441965213715e-07,2.3245844402793316e-07,2.7997094868790614e-07,6.890574304543035e-06,0.46399914278207294,31,highpass
2.196147790096336e-07,6.792441965213715e-07,2.3245844402793316e-07,2.7997094868790614e-07,6.890574304543035e-06,0.46399914278207294,31,highpass
2.196147790096336e-07,6.792441965213715e-07,2.3245844402793316e-07,2.7997094868790614e-07,6.890574304543035e-06,0.46399914278207294,31,highpass
2.196147790096336e-07,6.792441965213715e-07,2.3245844402793316e-07,2.7997094868790614e-07,6.890574304543035e-06,0.46399914278207294,31,highpass
2.196147790096336e-07,6.792441965213715e-07,2.3245844402793316e-07,2.7997094868790614e-07,6.890574304543035e-06,0.46399914278207294,31,highpass
2.196147790096336e-07,6.792441965213715e-07,2.3245844402793316e-07,2.042186873055414e-07,6.890574304543035e-06,0.29999297548291964,31,highpass
2.196147790096336e-07,6.792441965213715e-07,2.3245844402793316e-07,2.7997094868790614e-07,6.890574304543035e-06,0.46399914278207294,31,highpass
2.196147790096336e-07,6.792441965213715e-07,2.3245844402793316e-07,2.7997094868790614e-07,6.890574304543035e-06,0.46399914278207294,31,highpass
2.196147790096336e-07,6.792441965213715e-07,2.3245844402793316e-07,2.7997094868790614e-07,6.890574304543035e-06,0.46399914278207294,31,highpass
2.196147790096336e-07,6.816083063383222e-07,2.3245844402793316e-07,2.7997094868790614e-07,6.890574304543035e-06,0.4638585418048808,31,highpass
2.196147790096336e-07,6.792441965213715e-07,2.3245844402793316e-07,2.7997094868790614e-07,6.890574304543035e-06,0.46399914278207294,31,highpass
2.196147790096336e-07,6.792441965213715e-07,2.3245844402793316e-07,2.7997094868790614e-07,6.890574304543035e-06,0.46399914278207294,31,highpass
2.196147790096336e-07,6.792441965213715e-07,2.3245844402793316e-07,2.7997094868790614e-07,6.890574304543035e-06,0.46399914278207294,31,highpass
2.196147790096336e-07,6.792441965213715e-07,2.3026748513897655e-07,2.7997094868790614e-07,6.890574304543035e-06,0.32170531483701315,31,highpass
2.196147790096336e-07,6.816083063383222e-07,2.3245844402793316e-07,2.7997094868790614e-07,6.890574304543035e-06,0.4638585418048808,31,highpass
2.196147790096336e-07,6.792441965213715e-07,2.3245844402793316e-07,2.7997094868790614e-07,6.890574304543035e-06,0.46399914278207294,31,highpass
2.196147790096336e-07,6.792441965213715e-07,2.4574977219777913e-07,2.7997094868790614e-07,6.890574304543035e-06,0.08053085363485403,31,highpass
2.196147790096336e-07,6.792441965213715e-07,2.3245844402793316e-07,2.7997094868790614e-07,6.890574304543035e-06,0.46399914278207294,31,highpass
2.196147790096336e-07,6.792441965213715e-07,1.7294619598415208e-07,2.7997094868790614e-07,6.890574304543035e-06,0.22205935039922545,31,highpass
2.196147790096336e-07,6.792441965213715e-07,2.3245844402793316e-07,2.7997094868790614e-07,6.890574304543035e-06,0.46399914278207294,31,highpass
2.196147790096336e-07,6.792441965213715e-07,2.3245844402793316e-07,2.7997094868790614e-07,6.890574304543035e-06,0.46399914278207294,31,highpass
2.196147790096336e-07,6.792441965213715e-07,2.3245844402793316e-07,2.7997094868790614e-07,6.890574304543035e-06,0.46399914278207294,31,highpass
2.196147790096336e-07,6.816083063383222e-07,2.3245844402793316e-07,2.7997094868790614e-07,6.890574304543035e-06,0.4638585418048808,31,highpass
2.196147790096336e-07,6.792441965213715e-07,2.3245844402793316e-07,2.7997094868790614e-07,6.890574304543035e-06,0.46399914278207294,32,highpass
2.369230311398511e-07,6.792441965213715e-07,2.3245844402793316e-07,2.7997094868790614e-07,6.890574304543035e-06,0.3579810451628681,32,highpass
2.196147790096336e-07,6.792441965213715e-07,2.3245844402793316e-07,2.7997094868790614e-07,6.890574304543035e-06,0.46399914278207294,32,highpass
2.196147790096336e-07,6.792441965213715e-07,2.3245844402793316e-07,2.7997094868790614e-07,6.890574304543035e-06,0.46399914278207294,32,highpass
2.196147790096336e-07,6.277905726576608e-07,2.3245844402793316e-07,2.7997094868790614e-07,6.890574304543035e-06,0.309196631532964,32,highpass
2.196147790096336e-07,6.792441965213715e-07,2.3245844402793316e-07,2.7997094868790614e-07,6.890574304543035e-06,0.46399914278207294,32,highpass
2.196147790096336e-07,6.792441965213715e-07,2.3245844402793316e-07,2.7997094868790614e-07,6.890574304543035e-06,0.46399914278207294,32,highpass
2.196147790096336e-07,6.792441965213715e-07,2.3245844402793316e-07,2.7997094868790614e-07,6.890574304543035e-06,0.46399914278207294,32,highpass
2.196147790096336e-07,6.792441965213715e-07,2.3245844402793316e-07,2.7997094868790614e-07,6.890574304543035e-06,0.46399914278207294,32,highpass
2.196147790096336e-07,6.792441965213715e-07,2.3245844402793316e-07,2.7997094868790614e-07,6.890574304543035e-06,0.46399914278207294,32,highpass
2.196147790096336e-07,6.792441965213715e-07,2.3245844402793316e-07,2.7997094868790614e-07,6.890574304543035e-06,0.46399914278207294,32,highpass
2.196147790096336e-07,6.792441965213715e-07,2.3245844402793316e-07,2.7997094868790614e-07,6.890574304543035e-06,0.46399914278207294,32,highpass
2.196147790096336e-07,6.792441965213715e-07,2.3245844402793316e-07,2.7997094868790614e-07,6.890574304543035e-06,0.46399914278207294,32,highpass
2.227427396381434e-07,6.792441965213715e-07,2.3245844402793316e-07,2.7997094868790614e-07,6.890574304543035e-06,0.37367073740631646,32,highpass
2.196147790096336e-07,6.792441965213715e-07,2.3245844402793316e-07,2.7997094868790614e-07,6.890574304543035e-06,0.46399914278207294,32,highpass
2.196147790096336e-07,6.792441965213715e-07,2.3245844402793316e-07,2.7997094868790614e-07,6.890574304543035e-06,0.46399914278207294,32,highpass
2.196147790096336e-07,6.792441965213715e-07,2.388179691987564e-07,2.7997094868790614e-07,6.890574304543035e-06,0.1291559765949759,32,highpass
2.196147790096336e-07,6.792441965213715e-07,1.7564436416472888e-07,2.7997094868790614e-07,6.890574304543035e-06,0.19344306782592552,32,highpass
2.196147790096336e-07,6.792441965213715e-07,2.3245844402793316e-07,2.7997094868790614e-07,6.890574304543035e-06,0.46399914278207294,32,highpass
2.196147790096336e-07,6.792441965213715e-07,2.3245844402793316e-07,2.7997094868790614e-07,6.890574304543035e-06,0.46399914278207294,32,highpass
2.196147790096336e-07,6.792441965213715e-07,2.3245844402793316e-07,2.858773870600204e-07,6.890574304543035e-06,0.40593411640130433,32,highpass
2.196147790096336e-07,6.792441965213715e-07,2.3245844402793316e-07,2.7997094868790614e-07,6.890574304543035e-06,0.46399914278207294,32,highpass
2.196147790096336e-07,6.792441965213715e-07,2.3245844402793316e-07,2.7997094868790614e-07,6.890574304543035e-06,0.46399914278207294,32,highpass
2.196147790096336e-07,6.792441965213715e-07,2.3245844402793316e-07,2.7997094868790614e-07,6.890574304543035e-06,0.46399914278207294,32,highpass
2.196147790096336e-07,6.792441965213715e-07,1.911392323091295e-07,2.7997094868790614e-07,6.890574304543035e-06,0.2999859936757532,32,highpass
2.196147790096336e-07,6.792441965213715e-07,2.3245844402793316e-07,2.7997094868790614e-07,6.890574304543035e-06,0.46399914278207294,32,highpass
2.196147790096336e-07,6.792441965213715e-07,2.3245844402793316e-07,2.7997094868790614e-07,6.890574304543035e-06,0.46399914278207294,32,highpass
2.196147790096336e-07,6.792441965213715e-07,2.3245844402793316e-07,2.7997094868790614e-07,6.890574304543035e-06,0.46399914278207294,32,highpass
2.196147790096336e-07,6.792441965213715e-07,2.3245844402793316e-07,2.7997094868790614e-07,6.890574304543035e-06,0.46399914278207294,32,highpass
2.196147790096336e-07,6.792441965213715e-07,2.3245844402793316e-07,2.7997094868790614e-07,6.890574304543035e-06,0.46399914278207294,32,highpass
2.196147790096336e-07,6.792441965213715e-07,2.3245844402793316e-07,2.7997094868790614e-07,6.890574304543035e-06,0.46399914278207294,32,highpass
2.196147790096336e-07,6.792441965213715e-07,2.3245844402793316e-07,2.7997094868790614e-07,6.890574304543035e-06,0.46399914278207294,32,highpass
2.196147790096336e-07,6.792441965213715e-07,2.3245844402793316e-07,2.7997094868790614e-07,6.890574304543035e-06,0.46399914278207294,32,highpass
2.196147790096336e-07,6.792441965213715e-07,2.3245844402793316e-07,2.7997094868790614e-07,6.890574304543035e-06,0.46399914278207294,32,highpass
2.196147790096336e-07,6.905045707562372e-07,2.3245844402793316e-07,2.7997094868790614e-07,6.890574304543035e-06,0.4282972940860271,32,highpass
2.196147790096336e-07,6.792441965213715e-07,2.3245844402793316e-07,2.7997094868790614e-07,5.755858065191296e-06,0.4280043237895084,32,highpass
2.196147790096336e-07,6.792441965213715e-07,2.3245844402793316e-07,2.7997094868790614e-07,6.890574304543035e-06,0.46399914278207294,32,highpass
2.196147790096336e-07,6.792441965213715e-07,2.3245844402793316e-07,2.7997094868790614e-07,6.890574304543035e-06,0.46399914278207294,32,highpass
2.196147790096336e-07,6.792441965213715e-07,2.3245844402793316e-07,2.7997094868790614e-07,6.890574304543035e-06,0.46399914278207294,32,highpass
2.196147790096336e-07,6.792441965213715e-07,2.3245844402793316e-07,2.7997094868790614e-07,6.890574304543035e-06,0.46399914278207294,32,highpass
2.196147790096336e-07,6.792441965213715e-07,2.3245844402793316e-07,2.7997094868790614e-07,6.890574304543035e-06,0.46399914278207294,32,highpass
2.196147790096336e-07,6.792441965213715e-07,2.3245844402793316e-07,2.7997094868790614e-07,6.890574304543035e-06,0.46399914278207294,32,highpass
2.196147790096336e-07,6.792441965213715e-07,2.3245844402793316e-07,2.7997094868790614e-07,6.890574304543035e-06,0.46399914278207294,32,highpass
2.196147790096336e-07,6.792441965213715e-07,2.3245844402793316e-07,2.7997094868790614e-07,6.890574304543035e-06,0.46399914278207294,32,highpass
2.196147790096336e-07,6.792441965213715e-07,2.3245844402793316e-07,2.7997094868790614e-07,6.890574304543035e-06,0.46399914278207294,32,highpass
2.196147790096336e-07,6.792441965213715e-07,2.3245844402793316e-07,2.7997094868790614e-07,6.890574304543035e-06,0.46399914278207294,32,highpass
2.196147790096336e-07,6.792441965213715e-07,2.3245844402793316e-07,2.7997094868790614e-07,6.890574304543035e-06,0.46399914278207294,32,highpass
2.196147790096336e-07,6.792441965213715e-07,2.3245844402793316e-07,2.7997094868790614e-07,6.890574304543035e-06,0.46399914278207294,32,highpass
2.196147790096336e-07,6.792441965213715e-07,2.3245844402793316e-07,2.7997094868790614e-07,6.890574304543035e-06,0.46399914278207294,32,highpass
2.196147790096336e-07,6.792441965213715e-07,2.3245844402793316e-07,2.7997094868790614e-07,6.890574304543035e-06,0.46399914278207294,32,highpass
2.196147790096336e-07,6.792441965213715e-07,2.3245844402793316e-07,2.7997094868790614e-07,6.890574304543035e-06,0.46399914278207294,33,highpass
2.196147790096336e-07,6.792441965213715e-07,2.3245844402793316e-07,2.7997094868790614e-07,6.890574304543035e-06,0.46399914278207294,33,highpass
2.196147790096336e-07,6.792441965213715e-07,2.3245844402793316e-07,2.7997094868790614e-07,6.890574304543035e-06,0.46399914278207294,33,highpass
2.196147790096336e-07,6.792441965213715e-07,2.3245844402793316e-07,2.7997094868790614e-07,6.890574304543035e-06,0.46399914278207294,33,highpass
2.196147790096336e-07,6.792441965213715e-07,2.3245844402793316e-07,2.7997094868790614e-07,6.890574304543035e-06,0.46399914278207294,33,highpass
2.196147790096336e-07,6.792441965213715e-07,2.3245844402793316e-07,2.7997094868790614e-07,6.890574304543035e-06,0.46399914278207294,33,highpass
2.196147790096336e-07,6.792441965213715e-07,2.3245844402793316e-07,2.7997094868790614e-07,6.890574304543035e-06,0.46399914278207294,33,highpass
2.196147790096336e-07,6.937494136516214e-07,2.3245844402793316e-07,2.7997094868790614e-07,6.890574304543035e-06,0.4095385401963867,33,highpass
2.196147790096336e-07,6.792441965213715e-07,2.3245844402793316e-07,2.7997094868790614e-07,6.890574304543035e-06,0.46399914278207294,33,highpass
2.196147790096336e-07,6.792441965213715e-07,2.3245844402793316e-07,2.7997094868790614e-07,6.890574304543035e-06,0.46399914278207294,33,highpass
2.196147790096336e-07,6.792441965213715e-07,2.3245844402793316e-07,2.7997094868790614e-07,6.890574304543035e-06,0.46399914278207294,33,highpass
2.196147790096336e-07,6.792441965213715e-07,2.3245844402793316e-07,2.7997094868790614e-07,6.890574304543035e-06,0.46399914278207294,33,highpass
2.196147790096336e-07,6.792441965213715e-07,2.3245844402793316e-07,2.7997094868790614e-07,6.890574304543035e-06,0.46399914278207294,33,highpass
2.196147790096336e-07,6.792441965213715e-07,2.3245844402793316e-07,2.7997094868790614e-07,6.890574304543035e-06,0.46399914278207294,33,highpass
2.196147790096336e-07,6.792441965213715e-07,2.3245844402793316e-07,2.7997094868790614e-07,6.890574304543035e-06,0.46399914278207294,33,highpass
2.196147790096336e-07,6.792441965213715e-07,2.3245844402793316e-07,2.7997094868790614e-07,6.890574304543035e-06,0.46399914278207294,33,highpass
2.196147790096336e-07,6.792441965213715e-07,2.3245844402793316e-07,2.7997094868790614e-07,6.890574304543035e-06,0.46399914278207294,33,highpass
2.196147790096336e-07,6.792441965213715e-07,2.3245844402793316e-07,2.7997094868790614e-07,6.890574304543035e-06,0.46399914278207294,33,highpass
2.196147790096336e-07,6.77708779614323e-07,2.3245844402793316e-07,2.7997094868790614e-07,6.890574304543035e-06,0.46218615340496844,33,highpass
2.196147790096336e-07,6.792441965213715e-07,2.3268217748453876e-07,2.7997094868790614e-07,6.890574304543035e-06,0.4633611499981799,33,highpass
2.196147790096336e-07,6.792441965213715e-07,2.3245844402793316e-07,2.7997094868790614e-07,6.890574304543035e-06,0.46399914278207294,33,highpass
2.196147790096336e-07,6.792441965213715e-07,2.3245844402793316e-07,2.7997094868790614e-07,6.890574304543035e-06,0.46399914278207294,33,highpass
2.196147790096336e-07,6.792441965213715e-07,2.3245844402793316e-07,2.7997094868790614e-07,6.890574304543035e-06,0.46399914278207294,33,highpass
2.3074289764093817e-07,6.792441965213715e-07,2.3245844402793316e-07,2.7997094868790614e-07,6.890574304543035e-06,0.3848793133064922,33,highpass
2.196147790096336e-07,6.792441965213715e-07,2.3245844402793316e-07,2.7997094868790614e-07,6.890574304543035e-06,0.46399914278207294,33,highpass
2.196147790096336e-07,6.792441965213715e-07,2.3245844402793316e-07,2.7997094868790614e-07,6.890574304543035e-06,0.46399914278207294,33,highpass
2.196147790096336e-07,6.792441965213715e-07,2.3245844402793316e-07,2.7997094868790614e-07,6.890574304543035e-06,0.46399914278207294,33,highpass
2.196147790096336e-07,6.792441965213715e-07,2.3245844402793316e-07,2.7997094868790614e-07,6.890574304543035e-06,0.46399914278207294,33,highpass
2.196147790096336e-07,6.792441965213715e-07,2.3245844402793316e-07,2.7438365946239723e-07,6.890574304543035e-06,0.398825684044868,33,highpass
2.196147790096336e-07,6.792441965213715e-07,2.3245844402793316e-07,2.7997094868790614e-07,6.890574304543035e-06,0.46399914278207294,33,highpass
2.196147790096336e-07,6.792441965213715e-07,2.3245844402793316e-07,2.7997094868790614e-07,6.890574304543035e-06,0.46399914278207294,33,highpass
2.196147790096336e-07,6.792441965213715e-07,2.3245844402793316e-07,2.7997094868790614e-07,6.890574304543035e-06,0.46399914278207294,33,highpass
2.196147790096336e-07,6.792441965213715e-07,2.3245844402793316e-07,2.8297809341731966e-07,6.890574304543035e-06,0.39651558903388456,33,highpass
2.196147790096336e-07,6.792441965213715e-07,2.3245844402793316e-07,2.7997094868790614e-07,6.890574304543035e-06,0.46399914278207294,33,highpass
2.196147790096336e-07,6.792441965213715e-07,2.3245844402793316e-07,2.7997094868790614e-07,6.890574304543035e-06,0.46399914278207294,33,highpass
2.196147790096336e-07,6.792441965213715e-07,2.3245844402793316e-07,2.7997094868790614e-07,2.3628734571326734e-05,0.3260088895459127,33,highpass
2.196147790096336e-07,6.792441965213715e-07,2.3245844402793316e-07,2.7997094868790614e-07,6.890574304543035e-06,0.46399914278207294,33,highpass
2.196147790096336e-07,6.792441965213715e-07,2.3245844402793316e-07,2.7997094868790614e-07,6.890574304543035e-06,0.46399914278207294,33,highpass
2.196147790096336e-07,6.792441965213715e-07,2.3245844402793316e-07,2.7997094868790614e-07,6.890574304543035e-06,0.46399914278207294,33,highpass
2.196147790096336e-07,6.792441965213715e-07,2.3245844402793316e-07,2.7997094868790614e-07,6.890574304543035e-06,0.46399914278207294,33,highpass
2.196147790096336e-07,6.792441965213715e-07,2.3245844402793316e-07,2.7997094868790614e-07,6.890574304543035e-06,0.46399914278207294,33,highpass
2.196147790096336e-07,6.792441965213715e-07,2.3245844402793316e-07,2.7997094868790614e-07,6.890574304543035e-06,0.46399914278207294,33,highpass
2.196147790096336e-07,6.792441965213715e-07,2.3245844402793316e-07,2.7997094868790614e-07,6.890574304543035e-06,0.46399914278207294,33,highpass
2.196147790096336e-07,6.792441965213715e-07,2.3245844402793316e-07,2.7997094868790614e-07,6.890574304543035e-06,0.46399914278207294,33,highpass
2.196147790096336e-07,6.792441965213715e-07,2.3245844402793316e-07,2.7997094868790614e-07,7.092500130660238e-06,0.43797734930620674,33,highpass
2.196147790096336e-07,6.792441965213715e-07,2.3245844402793316e-07,2.7997094868790614e-07,6.890574304543035e-06,0.46399914278207294,33,highpass
2.196147790096336e-07,6.792441965213715e-07,2.3245844402793316e-07,2.7997094868790614e-07,6.890574304543035e-06,0.46399914278207294,33,highpass
2.196147790096336e-07,6.792441965213715e-07,2.3245844402793316e-07,2.7997094868790614e-07,6.890574304543035e-06,0.46399914278207294,33,highpass
2.196147790096336e-07,6.792441965213715e-07,2.3245844402793316e-07,2.7997094868790614e-07,6.890574304543035e-06,0.46399914278207294,33,highpass
2.196147790096336e-07,6.792441965213715e-07,2.3245844402793316e-07,2.7997094868790614e-07,6.890574304543035e-06,0.46399914278207294,33,highpass
2.196147790096336e-07,6.792441965213715e-07,2.3245844402793316e-07,2.7997094868790614e-07,6.890574304543035e-06,0.46399914278207294,34,highpass
2.196147790096336e-07,6.792441965213715e-07,2.3245844402793316e-07,2.7997094868790614e-07,6.890574304543035e-06,0.46399914278207294,34,highpass
2.196147790096336e-07,6.792441965213715e-07,2.2499541350093145e-07,2.7997094868790614e-07,6.890574304543035e-06,0.2999453996416276,34,highpass
2.196147790096336e-07,6.792441965213715e-07,2.3245844402793316e-07,2.490079151258182e-07,6.890574304543035e-06,0.3000306108453578,34,highpass
2.196147790096336e-07,6.792441965213715e-07,2.3245844402793316e-07,2.7997094868790614e-07,6.890574304543035e-06,0.46399914278207294,34,highpass
2.196147790096336e-07,6.792441965213715e-07,2.3245844402793316e-07,2.7997094868790614e-07,6.890574304543035e-06,0.46399914278207294,34,highpass
2.196147790096336e-07,6.792441965213715e-07,2.3245844402793316e-07,2.7997094868790614e-07,6.890574304543035e-06,0.46399914278207294,34,highpass
2.196147790096336e-07,6.792441965213715e-07,2.3245844402793316e-07,2.7997094868790614e-07,6.890574304543035e-06,0.46399914278207294,34,highpass
2.196147790096336e-07,6.792441965213715e-07,2.3245844402793316e-07,2.7997094868790614e-07,6.890574304543035e-06,0.46399914278207294,34,highpass
2.196147790096336e-07,6.792441965213715e-07,2.0110868236205935e-07,2.7997094868790614e-07,6.890574304543035e-06,0.30000326277591793,34,highpass
2.196147790096336e-07,6.792441965213715e-07,2.3245844402793316e-07,2.7997094868790614e-07,6.890574304543035e-06,0.46399914278207294,34,highpass
2.196147790096336e-07,6.792441965213715e-07,2.3245844402793316e-07,2.7997094868790614e-07,6.890574304543035e-06,0.46399914278207294,34,highpass
2.196147790096336e-07,6.792441965213715e-07,2.3245844402793316e-07,2.7997094868790614e-07,6.890574304543035e-06,0.46399914278207294,34,highpass
2.196147790096336e-07,6.792441965213715e-07,2.3245844402793316e-07,2.7997094868790614e-07,6.890574304543035e-06,0.46399914278207294,34,highpass
2.196147790096336e-07,6.792441965213715e-07,2.3245844402793316e-07,2.7997094868790614e-07,6.890574304543035e-06,0.46399914278207294,34,highpass
2.196147790096336e-07,6.792441965213715e-07,2.3245844402793316e-07,2.7997094868790614e-07,6.890574304543035e-06,0.46399914278207294,34,highpass
2.196147790096336e-07,6.792441965213715e-07,2.3245844402793316e-07,2.7997094868790614e-07,6.890574304543035e-06,0.46399914278207294,34,highpass
2.196147790096336e-07,6.792441965213715e-07,2.3245844402793316e-07,2.7997094868790614e-07,6.890574304543035e-06,0.46399914278207294,34,highpass
2.196147790096336e-07,6.792441965213715e-07,2.3245844402793316e-07,2.7997094868790614e-07,6.890574304543035e-06,0.46399914278207294,34,highpass
2.196147790096336e-07,6.792441965213715e-07,2.3245844402793316e-07,2.7997094868790614e-07,6.890574304543035e-06,0.46399914278207294,34,highpass
2.196147790096336e-07,6.792441965213715e-07,2.3245844402793316e-07,2.7997094868790614e-07,6.890574304543035e-06,0.46399914278207294,34,highpass
2.196147790096336e-07,6.792441965213715e-07,2.3245844402793316e-07,2.7997094868790614e-07,6.890574304543035e-06,0.46399914278207294,34,highpass
2.196147790096336e-07,6.792441965213715e-07,2.3245844402793316e-07,2.7997094868790614e-07,6.890574304543035e-06,0.46399914278207294,34,highpass
2.196147790096336e-07,6.792441965213715e-07,2.3245844402793316e-07,2.7997094868790614e-07,6.890574304543035e-06,0.46399914278207294,34,highpass
2.196147790096336e-07,6.792441965213715e-07,2.3245844402793316e-07,2.7997094868790614e-07,6.890574304543035e-06,0.46399914278207294,34,highpass
2.196147790096336e-07,6.792441965213715e-07,2.3245844402793316e-07,2.7997094868790614e-07,6.890574304543035e-06,0.46399914278207294,34,highpass
1.608545396831604e-07,6.792441965213715e-07,2.3245844402793316e-07,2.7997094868790614e-07,6.890574304543035e-06,0.2999817899273929,34,highpass
2.196147790096336e-07,6.792441965213715e-07,2.3245844402793316e-07,2.7997094868790614e-07,6.890574304543035e-06,0.46399914278207294,34,highpass
2.196147790096336e-07,6.792441965213715e-07,2.3245844402793316e-07,2.699068684893603e-07,6.890574304543035e-06,0.42409512220993983,34,highpass
2.196147790096336e-07,6.792441965213715e-07,2.3245844402793316e-07,2.7997094868790614e-07,6.890574304543035e-06,0.46399914278207294,34,highpass
2.196147790096336e-07,6.792441965213715e-07,2.3245844402793316e-07,2.7997094868790614e-07,6.890574304543035e-06,0.46399914278207294,34,highpass
2.196147790096336e-07,6.792441965213715e-07,2.3245844402793316e-07,2.7997094868790614e-07,6.890574304543035e-06,0.46399914278207294,34,highpass
2.196147790096336e-07,6.792441965213715e-07,2.3245844402793316e-07,2.7997094868790614e-07,6.890574304543035e-06,0.46399914278207294,34,highpass
2.196147790096336e-07,6.792441965213715e-07,2.3245844402793316e-07,2.7997094868790614e-07,1.6997803338139598e-05,0.34942697200188155,34,highpass
2.196147790096336e-07,6.792441965213715e-07,2.3245844402793316e-07,2.7997094868790614e-07,6.890574304543035e-06,0.46399914278207294,34,highpass
2.196147790096336e-07,6.792441965213715e-07,2.3245844402793316e-07,2.7997094868790614e-07,6.890574304543035e-06,0.46399914278207294,34,highpass
2.196147790096336e-07,6.792441965213715e-07,2.3245844402793316e-07,2.7997094868790614e-07,6.890574304543035e-06,0.46399914278207294,34,highpass
1.49478982932785e-07,6.792441965213715e-07,2.3245844402793316e-07,2.7997094868790614e-07,6.890574304543035e-06,0.29999501284316304,34,highpass
2.196147790096336e-07,6.792441965213715e-07,2.301100654737139e-07,2.7997094868790614e-07,6.890574304543035e-06,0.31742098075085123,34,highpass
2.196147790096336e-07,6.792441965213715e-07,2.3245844402793316e-07,2.7997094868790614e-07,6.890574304543035e-06,0.46399914278207294,34,highpass
2.196147790096336e-07,6.792441965213715e-07,2.3245844402793316e-07,2.7997094868790614e-07,6.890574304543035e-06,0.46399914278207294,34,highpass
2.196147790096336e-07,6.792441965213715e-07,2.3245844402793316e-07,2.7997094868790614e-07,6.890574304543035e-06,0.46399914278207294,34,highpass
2.196147790096336e-07,6.792441965213715e-07,2.3245844402793316e-07,2.7997094868790614e-07,6.890574304543035e-06,0.46399914278207294,34,highpass
2.196147790096336e-07,6.792441965213715e-07,2.1136325386799522e-07,2.7997094868790614e-07,6.890574304543035e-06,0.3000176596237089,34,highpass
2.196147790096336e-07,6.792441965213715e-07,2.3245844402793316e-07,2.7997094868790614e-07,6.890574304543035e-06,0.46399914278207294,34,highpass
2.196147790096336e-07,6.792441965213715e-07,2.3245844402793316e-07,2.7997094868790614e-07,5e-06,0.4165941428818076,34,highpass
2.196147790096336e-07,6.792441965213715e-07,2.3245844402793316e-07,2.7997094868790614e-07,6.890574304543035e-06,0.46399914278207294,34,highpass
2.196147790096336e-07,6.792441965213715e-07,2.3245844402793316e-07,2.7997094868790614e-07,6.890574304543035e-06,0.46399914278207294,34,highpass
2.196147790096336e-07,6.792441965213715e-07,2.3245844402793316e-07,2.7997094868790614e-07,6.890574304543035e-06,0.46399914278207294,34,highpass
2.2132332512394357e-07,6.792441965213715e-07,2.3245844402793316e-07,2.7997094868790614e-07,6.890574304543035e-06,0.4432153075622748,34,highpass
2.196147790096336e-07,6.792441965213715e-07,2.3245844402793316e-07,2.7997094868790614e-07,6.890574304543035e-06,0.46399914278207294,35,highpass
2.196147790096336e-07,6.792441965213715e-07,2.3245844402793316e-07,2.7997094868790614e-07,5e-06,0.4165941428818076,35,highpass
2.196147790096336e-07,6.792441965213715e-07,2.3245844402793316e-07,2.7997094868790614e-07,6.890574304543035e-06,0.46399914278207294,35,highpass
2.196147790096336e-07,6.792441965213715e-07,1.9273141351367794e-07,2.7997094868790614e-07,6.890574304543035e-06,0.29998480139451994,35,highpass
2.196147790096336e-07,6.792441965213715e-07,2.3245844402793316e-07,2.7997094868790614e-07,6.890574304543035e-06,0.46399914278207294,35,highpass
2.196147790096336e-07,6.792441965213715e-07,2.3245844402793316e-07,2.7997094868790614e-07,1.3808977778577276e-05,0.35268050091851677,35,highpass
2.196147790096336e-07,4.908751737637621e-07,2.3245844402793316e-07,2.7997094868790614e-07,6.890574304543035e-06,0.2974836871520613,35,highpass
2.196147790096336e-07,6.792441965213715e-07,2.3245844402793316e-07,2.7997094868790614e-07,6.890574304543035e-06,0.46399914278207294,35,highpass
2.196147790096336e-07,6.792441965213715e-07,2.3245844402793316e-07,2.7997094868790614e-07,6.890574304543035e-06,0.46399914278207294,35,highpass
2.196147790096336e-07,6.792441965213715e-07,1.9474211387636035e-07,2.7997094868790614e-07,6.890574304543035e-06,0.2999908121446722,35,highpass
2.196147790096336e-07,6.792441965213715e-07,2.3245844402793316e-07,2.7997094868790614e-07,6.890574304543035e-06,0.46399914278207294,35,highpass
2.196147790096336e-07,6.792441965213715e-07,2.3245844402793316e-07,2.7997094868790614e-07,6.890574304543035e-06,0.46399914278207294,35,highpass
2.196147790096336e-07,6.792441965213715e-07,2.3245844402793316e-07,2.7997094868790614e-07,6.890574304543035e-06,0.46399914278207294,35,highpass
2.196147790096336e-07,6.792441965213715e-07,2.3245844402793316e-07,2.7997094868790614e-07,6.890574304543035e-06,0.46399914278207294,35,highpass
2.196147790096336e-07,6.792441965213715e-07,2.3245844402793316e-07,2.7997094868790614e-07,6.890574304543035e-06,0.46399914278207294,35,highpass
2.196147790096336e-07,6.792441965213715e-07,2.3245844402793316e-07,2.7997094868790614e-07,6.890574304543035e-06,0.46399914278207294,35,highpass
2.196147790096336e-07,6.792441965213715e-07,2.3245844402793316e-07,2.7997094868790614e-07,6.890574304543035e-06,0.46399914278207294,35,highpass
2.196147790096336e-07,6.792441965213715e-07,2.3245844402793316e-07,2.7997094868790614e-07,6.890574304543035e-06,0.46399914278207294,35,highpass
2.196147790096336e-07,6.792441965213715e-07,2.3245844402793316e-07,2.1281608560525407e-07,6.890574304543035e-06,0.30001752752517435,35,highpass
2.196147790096336e-07,6.792441965213715e-07,2.3245844402793316e-07,2.7997094868790614e-07,6.890574304543035e-06,0.46399914278207294,35,highpass
2.196147790096336e-07,6.792441965213715e-07,2.3245844402793316e-07,2.7997094868790614e-07,6.890574304543035e-06,0.46399914278207294,35,highpass
2.196147790096336e-07,6.792441965213715e-07,2.3245844402793316e-07,2.7997094868790614e-07,6.890574304543035e-06,0.46399914278207294,35,highpass
2.196147790096336e-07,6.792441965213715e-07,2.3245844402793316e-07,2.7997094868790614e-07,6.890574304543035e-06,0.46399914278207294,35,highpass
2.196147790096336e-07,6.792441965213715e-07,2.3245844402793316e-07,2.7997094868790614e-07,6.890574304543035e-06,0.46399914278207294,35,highpass
2.1958934241310418e-07,6.792441965213715e-07,2.3245844402793316e-07,2.7997094868790614e-07,6.890574304543035e-06,0.46399914278207294,35,highpass
2.196147790096336e-07,6.792441965213715e-07,2.3245844402793316e-07,2.7997094868790614e-07,6.890574304543035e-06,0.46399914278207294,35,highpass
2.196147790096336e-07,6.792441965213715e-07,2.3245844402793316e-07,2.7997094868790614e-07,6.890574304543035e-06,0.46399914278207294,35,highpass
2.196147790096336e-07,6.792441965213715e-07,2.3245844402793316e-07,2.7997094868790614e-07,6.890574304543035e-06,0.46399914278207294,35,highpass
2.196147790096336e-07,6.792441965213715e-07,2.3245844402793316e-07,2.7997094868790614e-07,6.890574304543035e-06,0.46399914278207294,35,highpass
2.196147790096336e-07,6.792441965213715e-07,2.3245844402793316e-07,2.3668249413958398e-07,6.890574304543035e-06,0.300003421650793,35,highpass
2.196147790096336e-07,6.792441965213715e-07,2.3245844402793316e-07,2.7997094868790614e-07,6.890574304543035e-06,0.46399914278207294,35,highpass
2.196147790096336e-07,6.792441965213715e-07,2.3245844402793316e-07,2.7997094868790614e-07,6.890574304543035e-06,0.46399914278207294,35,highpass
2.196147790096336e-07,6.792441965213715e-07,2.3245844402793316e-07,2.7997094868790614e-07,6.890574304543035e-06,0.46399914278207294,35,highpass
2.196147790096336e-07,6.792441965213715e-07,2.3245844402793316e-07,2.7997094868790614e-07,6.890574304543035e-06,0.46399914278207294,35,highpass
2.196147790096336e-07,6.792441965213715e-07,2.3245844402793316e-07,2.7997094868790614e-07,6.890574304543035e-06,0.46399914278207294,35,highpass
2.196147790096336e-07,6.792441965213715e-07,2.3245844402793316e-07,2.7997094868790614e-07,6.890574304543035e-06,0.46399914278207294,35,highpass
2.196147790096336e-07,6.953907446102499e-07,2.3245844402793316e-07,2.7997094868790614e-07,6.890574304543035e-06,0.4008835301236132,35,highpass
2.196147790096336e-07,6.792441965213715e-07,2.3245844402793316e-07,2.7997094868790614e-07,6.890574304543035e-06,0.46399914278207294,35,highpass
2.196147790096336e-07,6.792441965213715e-07,2.3245844402793316e-07,2.7997094868790614e-07,6.890574304543035e-06,0.46399914278207294,35,highpass
2.196147790096336e-07,6.792441965213715e-07,2.3245844402793316e-07,2.7997094868790614e-07,6.890574304543035e-06,0.46399914278207294,35,highpass
2.196147790096336e-07,6.792441965213715e-07,2.3245844402793316e-07,2.7997094868790614e-07,6.890574304543035e-06,0.46399914278207294,35,highpass
2.196147790096336e-07,3.622820458607168e-07,2.3245844402793316e-07,2.7997094868790614e-07,6.890574304543035e-06,0.20113407409892006,35,highpass
2.196147790096336e-07,6.792441965213715e-07,2.3245844402793316e-07,2.7997094868790614e-07,6.890574304543035e-06,0.46399914278207294,35,highpass
2.196147790096336e-07,6.792441965213715e-07,2.3245844402793316e-07,2.7997094868790614e-07,6.890574304543035e-06,0.46399914278207294,35,highpass
2.196147790096336e-07,6.792441965213715e-07,2.3245844402793316e-07,2.7997094868790614e-07,6.890574304543035e-06,0.46399914278207294,35,highpass
2.196147790096336e-07,6.792441965213715e-07,2.3245844402793316e-07,2.7997094868790614e-07,6.890574304543035e-06,0.46399914278207294,35,highpass
1.1563377070074157e-07,6.792441965213715e-07,2.3245844402793316e-07,2.7997094868790614e-07,6.890574304543035e-06,0.11048245246811242,35,highpass
2.196147790096336e-07,6.792441965213715e-07,2.3245844402793316e-07,2.7997094868790614e-07,6.890574304543035e-06,0.46399914278207294,35,highpass
2.196147790096336e-07,6.792441965213715e-07,2.3245844402793316e-07,2.7997094868790614e-07,6.890574304543035e-06,0.46399914278207294,35,highpass
2.196147790096336e-07,6.792441965213715e-07,2.3245844402793316e-07,2.7997094868790614e-07,6.890574304543035e-06,0.46399914278207294,35,highpass
2.196147790096336e-07,6.792441965213715e-07,2.3245844402793316e-07,2.7997094868790614e-07,6.890574304543035e-06,0.46399914278207294,36,highpass
2.196147790096336e-07,6.792441965213715e-07,2.3245844402793316e-07,2.7997094868790614e-07,6.890574304543035e-06,0.46399914278207294,36,highpass
2.196147790096336e-07,6.792441965213715e-07,2.3245844402793316e-07,2.111051750487052e-07,6.890574304543035e-06,0.30000853799644084,36,highpass
2.196147790096336e-07,6.792441965213715e-07,2.3245844402793316e-07,2.7997094868790614e-07,6.890574304543035e-06,0.46399914278207294,36,highpass
2.196147790096336e-07,6.792441965213715e-07,1.9877646981301186e-07,2.7997094868790614e-07,6.890574304543035e-06,0.30000032252993325,36,highpass
2.2405102234153832e-07,6.792441965213715e-07,2.3245844402793316e-07,2.7997094868790614e-07,6.890574304543035e-06,0.35426175588637093,36,highpass
2.196147790096336e-07,6.792441965213715e-07,2.3245844402793316e-07,2.7997094868790614e-07,6.890574304543035e-06,0.46399914278207294,36,highpass
2.196147790096336e-07,6.792441965213715e-07,2.3245844402793316e-07,2.7997094868790614e-07,6.890574304543035e-06,0.46399914278207294,36,highpass
2.196147790096336e-07,6.792441965213715e-07,2.3245844402793316e-07,2.7997094868790614e-07,6.890574304543035e-06,0.46399914278207294,36,highpass
2.196147790096336e-07,6.792441965213715e-07,2.3245844402793316e-07,2.7997094868790614e-07,6.890574304543035e-06,0.46399914278207294,36,highpass
2.196147790096336e-07,6.792441965213715e-07,2.3245844402793316e-07,2.7997094868790614e-07,6.890574304543035e-06,0.46399914278207294,36,highpass
2.196147790096336e-07,6.792441965213715e-07,2.3245844402793316e-07,2.7997094868790614e-07,6.890574304543035e-06,0.46399914278207294,36,highpass
2.196147790096336e-07,6.792441965213715e-07,2.3245844402793316e-07,2.7997094868790614e-07,6.890574304543035e-06,0.46399914278207294,36,highpass
1.8035246179781973e-07,6.792441965213715e-07,2.3245844402793316e-07,2.7997094868790614e-07,6.890574304543035e-06,0.2999930276969001,36,highpass
1.446895626947731e-07,6.792441965213715e-07,2.3245844402793316e-07,2.7997094868790614e-07,6.890574304543035e-06,0.30002110329482423,36,highpass
2.196147790096336e-07,6.792441965213715e-07,2.3245844402793316e-07,2.7997094868790614e-07,6.890574304543035e-06,0.46399914278207294,36,highpass
2.196147790096336e-07,6.792441965213715e-07,2.3245844402793316e-07,2.7997094868790614e-07,6.890574304543035e-06,0.46399914278207294,36,highpass
2.196147790096336e-07,6.792441965213715e-07,2.2814077908726567e-07,2.7997094868790614e-07,6.890574304543035e-06,0.30590923793017855,36,highpass
2.196147790096336e-07,6.792441965213715e-07,2.3245844402793316e-07,2.7997094868790614e-07,6.890574304543035e-06,0.46399914278207294,36,highpass
2.196147790096336e-07,6.861247219238803e-07,2.3245844402793316e-07,2.7997094868790614e-07,6.890574304543035e-06,0.4516549793477975,36,highpass
2.196147790096336e-07,6.792441965213715e-07,2.3245844402793316e-07,2.7997094868790614e-07,6.890574304543035e-06,0.46399914278207294,36,highpass
2.196147790096336e-07,6.792441965213715e-07,2.3245844402793316e-07,2.7997094868790614e-07,6.890574304543035e-06,0.46399914278207294,36,highpass
2.196147790096336e-07,6.792441965213715e-07,2.3245844402793316e-07,2.7997094868790614e-07,6.890574304543035e-06,0.46399914278207294,36,highpass
2.196147790096336e-07,6.792441965213715e-07,2.3245844402793316e-07,2.7997094868790614e-07,6.890574304543035e-06,0.46399914278207294,36,highpass
2.196147790096336e-07,6.792441965213715e-07,2.3245844402793316e-07,2.7997094868790614e-07,6.890574304543035e-06,0.46399914278207294,36,highpass
2.1751099783158252e-07,6.792441965213715e-07,2.3245844402793316e-07,2.7997094868790614e-07,6.890574304543035e-06,0.43875995210138163,36,highpass
2.196147790096336e-07,6.792441965213715e-07,2.3245844402793316e-07,2.7997094868790614e-07,6.890574304543035e-06,0.46399914278207294,36,highpass
2.196147790096336e-07,6.792441965213715e-07,2.3245844402793316e-07,2.737715362939309e-07,6.890574304543035e-06,0.40007715048589176,36,highpass
2.196147790096336e-07,6.792441965213715e-07,2.3245844402793316e-07,2.7997094868790614e-07,6.890574304543035e-06,0.46399914278207294,36,highpass
2.196147790096336e-07,6.792441965213715e-07,2.3245844402793316e-07,2.7997094868790614e-07,6.890574304543035e-06,0.46399914278207294,36,highpass
2.196147790096336e-07,6.792441965213715e-07,2.3245844402793316e-07,2.7997094868790614e-07,6.890574304543035e-06,0.46399914278207294,36,highpass
2.196147790096336e-07,6.792441965213715e-07,2.3245844402793316e-07,2.7997094868790614e-07,6.890574304543035e-06,0.46399914278207294,36,highpass
2.196147790096336e-07,6.792441965213715e-07,2.3245844402793316e-07,2.7997094868790614e-07,8.407011403300097e-06,0.344876350841113,36,highpass
2.196147790096336e-07,6.792441965213715e-07,1.1911190837586183e-07,2.7997094868790614e-07,6.890574304543035e-06,0.10415150657606775,36,highpass
2.196147790096336e-07,6.792441965213715e-07,2.3245844402793316e-07,2.7997094868790614e-07,6.890574304543035e-06,0.46399914278207294,36,highpass
2.2056624842920445e-07,6.792441965213715e-07,2.3245844402793316e-07,2.7997094868790614e-07,6.890574304543035e-06,0.45867842885791515,36,highpass
2.196147790096336e-07,6.792441965213715e-07,2.3245844402793316e-07,2.7997094868790614e-07,6.890574304543035e-06,0.46399914278207294,36,highpass
2.196147790096336e-07,6.792441965213715e-07,2.3245844402793316e-07,2.7997094868790614e-07,6.890574304543035e-06,0.46399914278207294,36,highpass
1.2999113445319235e-07,6.792441965213715e-07,2.3245844402793316e-07,2.7997094868790614e-07,6.890574304543035e-06,0.2993654736912469,36,highpass
2.196147790096336e-07,6.792441965213715e-07,1.6229060599823376e-07,2.7997094868790614e-07,6.890574304543035e-06,0.08784201481314452,36,highpass
2.196147790096336e-07,6.792441965213715e-07,2.3245844402793316e-07,2.7997094868790614e-07,6.890574304543035e-06,0.46399914278207294,36,highpass
2.196147790096336e-07,6.792441965213715e-07,2.3245844402793316e-07,2.7997094868790614e-07,6.890574304543035e-06,0.46399914278207294,36,highpass
2.196147790096336e-07,6.792441965213715e-07,2.3245844402793316e-07,2.7997094868790614e-07,6.890574304543035e-06,0.46399914278207294,36,highpass
2.196147790096336e-07,6.792441965213715e-07,2.3245844402793316e-07,2.7997094868790614e-07,6.890574304543035e-06,0.46399914278207294,36,highpass
2.196147790096336e-07,6.792441965213715e-07,2.3245844402793316e-07,2.7997094868790614e-07,6.890574304543035e-06,0.46399914278207294,36,highpass
2.196147790096336e-07,6.792441965213715e-07,2.3245844402793316e-07,2.7997094868790614e-07,6.890574304543035e-06,0.46399914278207294,36,highpass
2.196147790096336e-07,6.884346400132758e-07,2.3245844402793316e-07,2.7997094868790614e-07,6.890574304543035e-06,0.43999760731689386,36,highpass
2.196147790096336e-07,6.792441965213715e-07,2.3245844402793316e-07,2.7997094868790614e-07,6.890574304543035e-06,0.46399914278207294,36,highpass
1.959055739242104e-07,6.792441965213715e-07,2.3245844402793316e-07,2.7997094868790614e-07,6.890574304543035e-06,0.30229315262240963,36,highpass
2.196147790096336e-07,6.792441965213715e-07,2.3245844402793316e-07,2.7997094868790614e-07,6.890574304543035e-06,0.46399914278207294,36,highpass
2.196147790096336e-07,6.792441965213715e-07,2.3245844402793316e-07,2.7997094868790614e-07,6.890574304543035e-06,0.46399914278207294,37,highpass
2.196147790096336e-07,6.792441965213715e-07,2.3245844402793316e-07,2.7997094868790614e-07,6.890574304543035e-06,0.46399914278207294,37,highpass
2.196147790096336e-07,6.792441965213715e-07,2.3245844402793316e-07,2.7997094868790614e-07,6.890574304543035e-06,0.46399914278207294,37,highpass
2.196147790096336e-07,6.792441965213715e-07,2.3583486415984502e-07,2.7997094868790614e-07,6.890574304543035e-06,0.36847134429037215,37,highpass
2.196147790096336e-07,6.792441965213715e-07,2.3245844402793316e-07,2.7997094868790614e-07,6.890574304543035e-06,0.46399914278207294,37,highpass
2.196147790096336e-07,6.792441965213715e-07,2.3245844402793316e-07,2.7997094868790614e-07,6.890574304543035e-06,0.46399914278207294,37,highpass
2.196147790096336e-07,6.792441965213715e-07,2.3245844402793316e-07,2.7997094868790614e-07,3.88693153559562e-05,0.3002416011022763,37,highpass
2.196147790096336e-07,6.792441965213715e-07,2.3245844402793316e-07,2.7997094868790614e-07,6.890574304543035e-06,0.46399914278207294,37,highpass
2.196147790096336e-07,6.792441965213715e-07,2.3245844402793316e-07,2.7997094868790614e-07,6.890574304543035e-06,0.46399914278207294,37,highpass
2.196147790096336e-07,6.792441965213715e-07,2.3245844402793316e-07,2.7997094868790614e-07,6.890574304543035e-06,0.46399914278207294,37,highpass
2.196147790096336e-07,6.792441965213715e-07,2.3245844402793316e-07,2.7997094868790614e-07,6.890574304543035e-06,0.46399914278207294,37,highpass
2.196147790096336e-07,6.792441965213715e-07,2.3245844402793316e-07,2.7997094868790614e-07,6.890574304543035e-06,0.46399914278207294,37,highpass
2.196147790096336e-07,6.792441965213715e-07,2.3245844402793316e-07,2.7997094868790614e-07,1.4690323623569576e-05,0.3352923805804292,37,highpass
2.196147790096336e-07,6.792441965213715e-07,2.3245844402793316e-07,2.7997094868790614e-07,6.890574304543035e-06,0.46399914278207294,37,highpass
2.196147790096336e-07,6.792441965213715e-07,2.3245844402793316e-07,2.7997094868790614e-07,6.890574304543035e-06,0.46399914278207294,37,highpass
2.196147790096336e-07,6.792441965213715e-07,2.3245844402793316e-07,2.7997094868790614e-07,6.890574304543035e-06,0.46399914278207294,37,highpass
2.196147790096336e-07,6.792441965213715e-07,2.3245844402793316e-07,2.7997094868790614e-07,6.890574304543035e-06,0.46399914278207294,37,highpass
2.196147790096336e-07,6.792441965213715e-07,2.3245844402793316e-07,2.7997094868790614e-07,6.890574304543035e-06,0.46399914278207294,37,highpass
2.196147790096336e-07,6.792441965213715e-07,2.3245844402793316e-07,2.7997094868790614e-07,6.890574304543035e-06,0.46399914278207294,37,highpass
2.196147790096336e-07,6.792441965213715e-07,2.3245844402793316e-07,2.7997094868790614e-07,6.890574304543035e-06,0.46399914278207294,37,highpass
2.196147790096336e-07,6.792441965213715e-07,2.3245844402793316e-07,2.7997094868790614e-07,6.890574304543035e-06,0.46399914278207294,37,highpass
2.2298775651372776e-07,6.792441965213715e-07,2.3245844402793316e-07,2.7997094868790614e-07,6.890574304543035e-06,0.3681656675520946,37,highpass
2.196147790096336e-07,6.792441965213715e-07,2.3245844402793316e-07,2.7997094868790614e-07,6.890574304543035e-06,0.46399914278207294,37,highpass
2.196147790096336e-07,6.792441965213715e-07,2.3245844402793316e-07,2.7997094868790614e-07,6.890574304543035e-06,0.46399914278207294,37,highpass
2.196147790096336e-07,6.792441965213715e-07,2.1670372414860074e-07,2.7997094868790614e-07,6.890574304543035e-06,0.3000271786543908,37,highpass
2.196147790096336e-07,6.792441965213715e-07,2.3245844402793316e-07,2.7997094868790614e-07,6.890574304543035e-06,0.46399914278207294,37,highpass
2.196147790096336e-07,6.792441965213715e-07,2.3245844402793316e-07,2.2753608331521507e-07,6.890574304543035e-06,0.3000448719485011,37,highpass
2.196147790096336e-07,6.792441965213715e-07,2.3245844402793316e-07,2.7997094868790614e-07,6.890574304543035e-06,0.46399914278207294,37,highpass
2.196147790096336e-07,6.792441965213715e-07,2.3245844402793316e-07,2.7997094868790614e-07,6.890574304543035e-06,0.46399914278207294,37,highpass
2.196147790096336e-07,6.792441965213715e-07,2.3245844402793316e-07,2.7997094868790614e-07,6.890574304543035e-06,0.46399914278207294,37,highpass
2.196147790096336e-07,6.792441965213715e-07,2.3245844402793316e-07,2.7997094868790614e-07,6.890574304543035e-06,0.46399914278207294,37,highpass
2.196147790096336e-07,6.792441965213715e-07,2.3245844402793316e-07,2.7997094868790614e-07,6.890574304543035e-06,0.46399914278207294,37,highpass
2.196147790096336e-07,6.792441965213715e-07,2.3245844402793316e-07,2.7997094868790614e-07,6.890574304543035e-06,0.46399914278207294,37,highpass
2.196147790096336e-07,6.792441965213715e-07,2.3245844402793316e-07,2.7997094868790614e-07,6.890574304543035e-06,0.46399914278207294,37,highpass
2.196147790096336e-07,6.792441965213715e-07,2.3245844402793316e-07,2.7997094868790614e-07,6.890574304543035e-06,0.46399914278207294,37,highpass
2.196147790096336e-07,6.792441965213715e-07,2.3245844402793316e-07,2.7997094868790614e-07,6.890574304543035e-06,0.46399914278207294,37,highpass
2.196147790096336e-07,6.792441965213715e-07,2.3245844402793316e-07,2.7997094868790614e-07,6.890574304543035e-06,0.46399914278207294,37,highpass
2.196147790096336e-07,6.792441965213715e-07,2.3245844402793316e-07,2.7997094868790614e-07,6.890574304543035e-06,0.46399914278207294,37,highpass
2.196147790096336e-07,6.792441965213715e-07,2.3245844402793316e-07,2.7997094868790614e-07,6.890574304543035e-06,0.46399914278207294,37,highpass
2.196147790096336e-07,6.792441965213715e-07,2.3245844402793316e-07,2.7997094868790614e-07,6.890574304543035e-06,0.46399914278207294,37,highpass
2.196147790096336e-07,6.792441965213715e-07,2.3245844402793316e-07,2.7997094868790614e-07,6.890574304543035e-06,0.46399914278207294,37,highpass
2.196147790096336e-07,6.792441965213715e-07,2.3245844402793316e-07,2.7997094868790614e-07,6.890574304543035e-06,0.46399914278207294,37,highpass
2.196147790096336e-07,6.792441965213715e-07,2.3245844402793316e-07,2.7997094868790614e-07,6.890574304543035e-06,0.46399914278207294,37,highpass
2.196147790096336e-07,6.792441965213715e-07,2.3245844402793316e-07,2.7997094868790614e-07,6.890574304543035e-06,0.46399914278207294,37,highpass
2.196147790096336e-07,6.792441965213715e-07,2.3245844402793316e-07,2.7997094868790614e-07,6.890574304543035e-06,0.46399914278207294,37,highpass
2.196147790096336e-07,6.792441965213715e-07,2.3245844402793316e-07,2.7997094868790614e-07,6.890574304543035e-06,0.46399914278207294,37,highpass
2.196147790096336e-07,6.792441965213715e-07,2.3245844402793316e-07,2.7997094868790614e-07,6.890574304543035e-06,0.46399914278207294,37,highpass
2.196147790096336e-07,6.792441965213715e-07,2.3245844402793316e-07,2.7997094868790614e-07,6.890574304543035e-06,0.46399914278207294,37,highpass
2.196147790096336e-07,6.792441965213715e-07,2.3245844402793316e-07,2.7997094868790614e-07,6.890574304543035e-06,0.46399914278207294,37,highpass
2.196147790096336e-07,6.792441965213715e-07,2.3245844402793316e-07,2.7997094868790614e-07,6.890574304543035e-06,0.46399914278207294,37,highpass
2.196147790096336e-07,6.792441965213715e-07,2.3245844402793316e-07,2.7997094868790614e-07,6.890574304543035e-06,0.46399914278207294,38,highpass
2.196147790096336e-07,6.792441965213715e-07,2.3245844402793316e-07,2.7997094868790614e-07,6.890574304543035e-06,0.46399914278207294,38,highpass
2.196147790096336e-07,6.792441965213715e-07,2.3245844402793316e-07,2.7997094868790614e-07,6.890574304543035e-06,0.46399914278207294,38,highpass
2.196147790096336e-07,6.792441965213715e-07,2.3245844402793316e-07,2.7997094868790614e-07,6.890574304543035e-06,0.46399914278207294,38,highpass
2.196147790096336e-07,6.792441965213715e-07,2.3245844402793316e-07,2.7997094868790614e-07,6.890574304543035e-06,0.46399914278207294,38,highpass
2.1784272384445397e-07,6.792441965213715e-07,2.3245844402793316e-07,2.7997094868790614e-07,6.890574304543035e-06,0.4417762067225476,38,highpass
2.196147790096336e-07,6.792441965213715e-07,2.3245844402793316e-07,2.7997094868790614e-07,6.890574304543035e-06,0.46399914278207294,38,highpass
2.196147790096336e-07,6.792441965213715e-07,2.3245844402793316e-07,2.7997094868790614e-07,6.890574304543035e-06,0.46399914278207294,38,highpass
2.196147790096336e-07,6.792441965213715e-07,2.3245844402793316e-07,2.7997094868790614e-07,6.890574304543035e-06,0.46399914278207294,38,highpass
2.196147790096336e-07,6.833281430611932e-07,2.3245844402793316e-07,2.7997094868790614e-07,6.890574304543035e-06,0.46107181688534815,38,highpass
2.196147790096336e-07,6.792441965213715e-07,2.3245844402793316e-07,2.7997094868790614e-07,5.9984800269193336e-06,0.41744467873312896,38,highpass
2.196147790096336e-07,6.792441965213715e-07,2.3245844402793316e-07,2.7997094868790614e-07,6.890574304543035e-06,0.46399914278207294,38,highpass
2.196147790096336e-07,6.792441965213715e-07,2.3245844402793316e-07,2.7997094868790614e-07,6.890574304543035e-06,0.46399914278207294,38,highpass
2.196147790096336e-07,6.792441965213715e-07,2.3245844402793316e-07,2.7997094868790614e-07,6.890574304543035e-06,0.46399914278207294,38,highpass
2.196147790096336e-07,6.792441965213715e-07,2.3245844402793316e-07,2.7997094868790614e-07,6.890574304543035e-06,0.46399914278207294,38,highpass
2.196147790096336e-07,6.792441965213715e-07,2.3245844402793316e-07,2.7997094868790614e-07,5.863418417036336e-06,0.4172965685958513,38,highpass
2.196147790096336e-07,6.792441965213715e-07,2.3245844402793316e-07,2.7997094868790614e-07,6.890574304543035e-06,0.46399914278207294,38,highpass
2.196147790096336e-07,6.792441965213715e-07,2.3245844402793316e-07,2.7997094868790614e-07,6.890574304543035e-06,0.46399914278207294,38,highpass
2.196147790096336e-07,6.792441965213715e-07,2.3245844402793316e-07,2.7997094868790614e-07,6.890574304543035e-06,0.46399914278207294,38,highpass
2.196147790096336e-07,6.792441965213715e-07,2.3245844402793316e-07,2.7997094868790614e-07,6.890574304543035e-06,0.46399914278207294,38,highpass
2.196147790096336e-07,6.792441965213715e-07,2.3245844402793316e-07,2.7997094868790614e-07,6.890574304543035e-06,0.46399914278207294,38,highpass
2.196147790096336e-07,6.775322305438919e-07,2.3245844402793316e-07,2.7997094868790614e-07,6.890574304543035e-06,0.46187687214127526,38,highpass
2.196147790096336e-07,6.792441965213715e-07,2.3245844402793316e-07,2.7997094868790614e-07,6.890574304543035e-06,0.46399914278207294,38,highpass
2.196147790096336e-07,6.792441965213715e-07,2.3245844402793316e-07,2.7997094868790614e-07,6.890574304543035e-06,0.46399914278207294,38,highpass
2.196147790096336e-07,6.64095263448043e-07,2.3245844402793316e-07,2.7997094868790614e-07,6.890574304543035e-06,0.40564143257222834,38,highpass
2.196147790096336e-07,6.792441965213715e-07,2.3245844402793316e-07,2.7997094868790614e-07,6.890574304543035e-06,0.46399914278207294,38,highpass
2.196147790096336e-07,6.792441965213715e-07,2.3245844402793316e-07,2.7997094868790614e-07,6.890574304543035e-06,0.46399914278207294,38,highpass
2.196147790096336e-07,6.792441965213715e-07,2.3245844402793316e-07,2.7997094868790614e-07,6.890574304543035e-06,0.46399914278207294,38,highpass
2.196147790096336e-07,6.914289004840774e-07,2.3245844402793316e-07,2.7997094868790614e-07,6.890574304543035e-06,0.4228097163235789,38,highpass
2.196147790096336e-07,6.792441965213715e-07,2.3245844402793316e-07,2.7997094868790614e-07,6.890574304543035e-06,0.46399914278207294,38,highpass
2.196147790096336e-07,6.792441965213715e-07,2.3245844402793316e-07,2.7997094868790614e-07,6.985827036749107e-06,0.464009636972666,38,highpass
2.196147790096336e-07,6.792441965213715e-07,2.3245844402793316e-07,2.7997094868790614e-07,6.890574304543035e-06,0.46399914278207294,38,highpass
2.196147790096336e-07,6.792441965213715e-07,2.3245844402793316e-07,2.7997094868790614e-07,6.890574304543035e-06,0.46399914278207294,38,highpass
2.196147790096336e-07,6.792441965213715e-07,2.3245844402793316e-07,2.7997094868790614e-07,6.890574304543035e-06,0.46399914278207294,38,highpass
2.196147790096336e-07,6.792441965213715e-07,2.3245844402793316e-07,2.7997094868790614e-07,6.890574304543035e-06,0.46399914278207294,38,highpass
2.196147790096336e-07,6.792441965213715e-07,2.3245844402793316e-07,2.7997094868790614e-07,6.890574304543035e-06,0.46399914278207294,38,highpass
2.1547401417741612e-07,6.792441965213715e-07,2.3245844402793316e-07,2.7997094868790614e-07,6.890574304543035e-06,0.42302490246207763,38,highpass
2.196147790096336e-07,6.792441965213715e-07,2.1378827328319418e-07,2.7997094868790614e-07,6.890574304543035e-06,0.30001931361093803,38,highpass
2.2580117365333707e-07,6.792441965213715e-07,2.3245844402793316e-07,2.7997094868790614e-07,6.890574304543035e-06,0.34400493580319547,38,highpass
2.196147790096336e-07,6.792441965213715e-07,2.3245844402793316e-07,2.7997094868790614e-07,6.890574304543035e-06,0.46399914278207294,38,highpass
2.196147790096336e-07,6.792441965213715e-07,2.3245844402793316e-07,2.7997094868790614e-07,6.890574304543035e-06,0.46399914278207294,38,highpass
2.196147790096336e-07,6.792441965213715e-07,2.3245844402793316e-07,2.7997094868790614e-07,6.890574304543035e-06,0.46399914278207294,38,highpass
2.196147790096336e-07,6.792441965213715e-07,2.3245844402793316e-07,2.7997094868790614e-07,6.890574304543035e-06,0.46399914278207294,38,highpass
2.196147790096336e-07,6.792441965213715e-07,2.3245844402793316e-07,2.7997094868790614e-07,6.890574304543035e-06,0.46399914278207294,38,highpass
2.196147790096336e-07,6.792441965213715e-07,2.3245844402793316e-07,2.7997094868790614e-07,6.890574304543035e-06,0.46399914278207294,38,highpass
2.196147790096336e-07,6.792441965213715e-07,2.3245844402793316e-07,1.5021941858871986e-07,6.890574304543035e-06,0.17522447437320718,38,highpass
2.196147790096336e-07,6.792441965213715e-07,2.3245844402793316e-07,2.7997094868790614e-07,6.890574304543035e-06,0.46399914278207294,38,highpass
2.196147790096336e-07,6.792441965213715e-07,2.3245844402793316e-07,2.7997094868790614e-07,6.890574304543035e-06,0.46399914278207294,38,highpass
2.196147790096336e-07,6.792441965213715e-07,2.3245844402793316e-07,2.7997094868790614e-07,6.890574304543035e-06,0.46399914278207294,38,highpass
2.196147790096336e-07,6.792441965213715e-07,2.3245844402793316e-07,2.7997094868790614e-07,6.890574304543035e-06,0.46399914278207294,38,highpass
2.196147790096336e-07,6.792441965213715e-07,2.3245844402793316e-07,2.7997094868790614e-07,6.985827036749107e-06,0.464009636972666,39,highpass
2.196147790096336e-07,6.792441965213715e-07,2.3245844402793316e-07,2.7997094868790614e-07,6.890574304543035e-06,0.46399914278207294,39,highpass
2.196147790096336e-07,6.792441965213715e-07,2.3245844402793316e-07,2.7997094868790614e-07,5.696168066162956e-06,0.41010050541348836,39,highpass
2.196147790096336e-07,6.792441965213715e-07,2.3245844402793316e-07,2.7997094868790614e-07,6.890574304543035e-06,0.46399914278207294,39,highpass
2.196147790096336e-07,6.792441965213715e-07,2.3245844402793316e-07,2.7997094868790614e-07,3.456036079624838e-05,0.301703623565022,39,highpass
2.196147790096336e-07,6.792441965213715e-07,2.3245844402793316e-07,2.7997094868790614e-07,6.890574304543035e-06,0.46399914278207294,39,highpass
2.196147790096336e-07,6.977080607897376e-07,2.3245844402793316e-07,2.7997094868790614e-07,6.890574304543035e-06,0.39025126590060927,39,highpass
2.196147790096336e-07,6.792441965213715e-07,2.3245844402793316e-07,2.7997094868790614e-07,6.890574304543035e-06,0.46399914278207294,39,highpass
2.196147790096336e-07,6.792441965213715e-07,2.3245844402793316e-07,2.4028255240439674e-07,6.890574304543035e-06,0.29998009378107887,39,highpass
2.196147790096336e-07,6.844692344062744e-07,2.3245844402793316e-07,2.7997094868790614e-07,6.985827036749107e-06,0.4578769098614981,39,highpass
2.196147790096336e-07,6.792441965213715e-07,2.3245844402793316e-07,2.7997094868790614e-07,6.890574304543035e-06,0.46399914278207294,39,highpass
2.196147790096336e-07,6.792441965213715e-07,2.3245844402793316e-07,2.7997094868790614e-07,6.890574304543035e-06,0.46399914278207294,39,highpass
2.196147790096336e-07,6.792441965213715e-07,2.3245844402793316e-07,2.7997094868790614e-07,6.890574304543035e-06,0.46399914278207294,39,highpass
2.196147790096336e-07,6.792441965213715e-07,2.3245844402793316e-07,2.7892265144346764e-07,6.890574304543035e-06,0.45121590949291174,39,highpass
2.196147790096336e-07,6.792441965213715e-07,2.3245844402793316e-07,2.7997094868790614e-07,6.890574304543035e-06,0.46399914278207294,39,highpass
2.196147790096336e-07,6.792441965213715e-07,2.3245844402793316e-07,2.7997094868790614e-07,6.890574304543035e-06,0.46399914278207294,39,highpass
2.196147790096336e-07,6.792441965213715e-07,2.3245844402793316e-07,2.7997094868790614e-07,6.890574304543035e-06,0.46399914278207294,39,highpass
2.196147790096336e-07,6.792441965213715e-07,2.3245844402793316e-07,2.7997094868790614e-07,6.890574304543035e-06,0.46399914278207294,39,highpass
2.196147790096336e-07,6.792441965213715e-07,2.3245844402793316e-07,2.7997094868790614e-07,6.890574304543035e-06,0.46399914278207294,39,highpass
2.196147790096336e-07,5.639081935537874e-07,2.3245844402793316e-07,2.7997094868790614e-07,6.985827036749107e-06,0.3002140097393539,39,highpass
2.196147790096336e-07,6.792441965213715e-07,2.3245844402793316e-07,2.7997094868790614e-07,6.890574304543035e-06,0.46399914278207294,39,highpass
2.196147790096336e-07,6.792441965213715e-07,2.3245844402793316e-07,2.2005036104806907e-07,6.890574304543035e-06,0.2999809987768122,39,highpass
2.196147790096336e-07,6.792441965213715e-07,2.3245844402793316e-07,2.7997094868790614e-07,6.890574304543035e-06,0.46399914278207294,39,highpass
2.196147790096336e-07,6.792441965213715e-07,2.3245844402793316e-07,2.7997094868790614e-07,1.03098481443318e-05,0.3463408111740028,39,highpass
2.196147790096336e-07,6.792441965213715e-07,2.3245844402793316e-07,2.7997094868790614e-07,6.890574304543035e-06,0.46399914278207294,39,highpass
2.196147790096336e-07,6.792441965213715e-07,2.3245844402793316e-07,2.7997094868790614e-07,6.890574304543035e-06,0.46399914278207294,39,highpass
2.196147790096336e-07,6.792441965213715e-07,2.3245844402793316e-07,2.7997094868790614e-07,6.890574304543035e-06,0.46399914278207294,39,highpass
2.196147790096336e-07,6.792441965213715e-07,2.3245844402793316e-07,2.7997094868790614e-07,6.890574304543035e-06,0.46399914278207294,39,highpass
2.196147790096336e-07,6.792441965213715e-07,2.3245844402793316e-07,2.7997094868790614e-07,6.890574304543035e-06,0.46399914278207294,39,highpass
2.196147790096336e-07,6.792441965213715e-07,2.3245844402793316e-07,2.7997094868790614e-07,6.890574304543035e-06,0.46399914278207294,39,highpass
2.196147790096336e-07,6.792441965213715e-07,2.3245844402793316e-07,2.7997094868790614e-07,6.890574304543035e-06,0.46399914278207294,39,highpass
2.196147790096336e-07,6.792441965213715e-07,2.3245844402793316e-07,2.7997094868790614e-07,6.890574304543035e-06,0.46399914278207294,39,highpass
2.196147790096336e-07,6.792441965213715e-07,2.3245844402793316e-07,2.7997094868790614e-07,6.890574304543035e-06,0.46399914278207294,39,highpass
2.196147790096336e-07,6.792441965213715e-07,2.3245844402793316e-07,2.7997094868790614e-07,6.890574304543035e-06,0.46399914278207294,39,highpass
2.196147790096336e-07,6.792441965213715e-07,2.3245844402793316e-07,2.7997094868790614e-07,6.985827036749107e-06,0.464009636972666,39,highpass
2.13099227352708e-07,6.792441965213715e-07,2.3245844402793316e-07,2.7997094868790614e-07,6.890574304543035e-06,0.4010266377960967,39,highpass
2.196147790096336e-07,6.792441965213715e-07,2.3245844402793316e-07,2.7997094868790614e-07,6.890574304543035e-06,0.46399914278207294,39,highpass
2.2056112085526483e-07,6.792441965213715e-07,2.3245844402793316e-07,2.7997094868790614e-07,6.890574304543035e-06,0.458732693213185,39,highpass
2.196147790096336e-07,6.792441965213715e-07,2.3245844402793316e-07,2.7997094868790614e-07,6.890574304543035e-06,0.46399914278207294,39,highpass
2.196147790096336e-07,6.642863519691973e-07,2.3245844402793316e-07,2.7997094868790614e-07,6.890574304543035e-06,0.4067216694813963,39,highpass
2.196147790096336e-07,6.792441965213715e-07,2.3245844402793316e-07,2.7997094868790614e-07,6.890574304543035e-06,0.46399914278207294,39,highpass
2.196147790096336e-07,6.792441965213715e-07,2.3245844402793316e-07,2.7997094868790614e-07,6.890574304543035e-06,0.46399914278207294,39,highpass
2.196147790096336e-07,6.792441965213715e-07,2.3245844402793316e-07,2.7997094868790614e-07,6.890574304543035e-06,0.46399914278207294,39,highpass
2.196147790096336e-07,6.792441965213715e-07,2.3245844402793316e-07,2.7997094868790614e-07,6.890574304543035e-06,0.46399914278207294,39,highpass
2.196147790096336e-07,6.792441965213715e-07,2.3245844402793316e-07,2.7997094868790614e-07,8.067793825692017e-06,0.35412447163335536,39,highpass
2.196147790096336e-07,6.792441965213715e-07,2.3245844402793316e-07,2.7997094868790614e-07,6.890574304543035e-06,0.46399914278207294,39,highpass
2.196147790096336e-07,6.792441965213715e-07,2.3245844402793316e-07,2.7997094868790614e-07,6.890574304543035e-06,0.46399914278207294,39,highpass
2.196147790096336e-07,6.792441965213715e-07,2.3245844402793316e-07,2.7997094868790614e-07,6.890574304543035e-06,0.46399914278207294,39,highpass
2.196147790096336e-07,6.792441965213715e-07,2.3245844402793316e-07,2.7997094868790614e-07,6.890574304543035e-06,0.46399914278207294,39,highpass
2.196147790096336e-07,6.792441965213715e-07,2.3245844402793316e-07,2.7997094868790614e-07,6.890574304543035e-06,0.46399914278207294,39,highpass
2.196147790096336e-07,6.792441965213715e-07,2.3245844402793316e-07,2.7997094868790614e-07,6.985827036749107e-06,0.464009636972666,40,highpass
2.196147790096336e-07,6.792441965213715e-07,2.3245844402793316e-07,2.7997094868790614e-07,6.890574304543035e-06,0.46396474442774327,40,highpass
2.196147790096336e-07,6.792441965213715e-07,2.3245844402793316e-07,2.7997094868790614e-07,6.890574304543035e-06,0.46396474442774327,40,highpass
2.196147790096336e-07,6.792441965213715e-07,2.3245844402793316e-07,2.7997094868790614e-07,6.985827036749107e-06,0.464009636972666,40,highpass
2.196147790096336e-07,6.792441965213715e-07,2.3245844402793316e-07,2.7997094868790614e-07,6.985827036749107e-06,0.464009636972666,40,highpass
2.196147790096336e-07,6.792441965213715e-07,2.3245844402793316e-07,2.7997094868790614e-07,3.162755712466494e-05,0.3050080182229332,40,highpass
2.196147790096336e-07,6.792441965213715e-07,2.3245844402793316e-07,2.7997094868790614e-07,6.890574304543035e-06,0.46396474442774327,40,highpass
2.196147790096336e-07,6.792441965213715e-07,2.3245844402793316e-07,2.7997094868790614e-07,6.890574304543035e-06,0.46396474442774327,40,highpass
2.196147790096336e-07,6.792441965213715e-07,2.3245844402793316e-07,2.7997094868790614e-07,6.985827036749107e-06,0.464009636972666,40,highpass
2.196147790096336e-07,6.792441965213715e-07,2.3245844402793316e-07,2.7997094868790614e-07,6.985827036749107e-06,0.464009636972666,40,highpass
2.196147790096336e-07,6.792441965213715e-07,2.3245844402793316e-07,2.7997094868790614e-07,6.890574304543035e-06,0.46396474442774327,40,highpass
2.196147790096336e-07,6.792441965213715e-07,2.3245844402793316e-07,2.7997094868790614e-07,6.890574304543035e-06,0.46396474442774327,40,highpass
2.196147790096336e-07,6.792441965213715e-07,2.3245844402793316e-07,2.7997094868790614e-07,6.890574304543035e-06,0.46396474442774327,40,highpass
2.196147790096336e-07,6.792441965213715e-07,2.3245844402793316e-07,2.7997094868790614e-07,6.890574304543035e-06,0.46396474442774327,40,highpass
2.196147790096336e-07,6.792441965213715e-07,2.3245844402793316e-07,2.7997094868790614e-07,6.890574304543035e-06,0.46396474442774327,40,highpass
2.196147790096336e-07,6.792441965213715e-07,2.3245844402793316e-07,2.7997094868790614e-07,6.890574304543035e-06,0.46396474442774327,40,highpass
2.196147790096336e-07,6.792441965213715e-07,2.3245844402793316e-07,2.7997094868790614e-07,6.051804150116843e-06,0.4156193188540169,40,highpass
2.196147790096336e-07,6.792441965213715e-07,2.3245844402793316e-07,2.7997094868790614e-07,6.985827036749107e-06,0.464009636972666,40,highpass
2.196147790096336e-07,6.792441965213715e-07,2.3245844402793316e-07,2.7997094868790614e-07,6.890574304543035e-06,0.46396474442774327,40,highpass
2.196147790096336e-07,6.792441965213715e-07,2.3245844402793316e-07,2.7997094868790614e-07,6.890574304543035e-06,0.46396474442774327,40,highpass
2.196147790096336e-07,6.792441965213715e-07,2.3245844402793316e-07,2.7997094868790614e-07,6.985827036749107e-06,0.464009636972666,40,highpass
2.196147790096336e-07,6.792441965213715e-07,2.3245844402793316e-07,2.7997094868790614e-07,6.890574304543035e-06,0.46396474442774327,40,highpass
2.196147790096336e-07,6.792441965213715e-07,2.3245844402793316e-07,2.7997094868790614e-07,6.890574304543035e-06,0.46396474442774327,40,highpass
2.196147790096336e-07,6.792441965213715e-07,2.3245844402793316e-07,2.7997094868790614e-07,6.890574304543035e-06,0.46396474442774327,40,highpass
2.196147790096336e-07,6.792441965213715e-07,2.3245844402793316e-07,2.7997094868790614e-07,6.890574304543035e-06,0.46396474442774327,40,highpass
2.196147790096336e-07,6.792441965213715e-07,2.3245844402793316e-07,2.7997094868790614e-07,6.890574304543035e-06,0.46396474442774327,40,highpass
2.196147790096336e-07,6.792441965213715e-07,2.3245844402793316e-07,2.7997094868790614e-07,6.890574304543035e-06,0.46396474442774327,40,highpass
2.196147790096336e-07,6.792441965213715e-07,2.3245844402793316e-07,2.7997094868790614e-07,6.890574304543035e-06,0.46396474442774327,40,highpass
2.196147790096336e-07,6.792441965213715e-07,2.3245844402793316e-07,2.7997094868790614e-07,1.6097862645627967e-05,0.32690855285956977,40,highpass
2.196147790096336e-07,6.792441965213715e-07,2.3245844402793316e-07,2.7997094868790614e-07,6.890574304543035e-06,0.46396474442774327,40,highpass
2.196147790096336e-07,6.792441965213715e-07,2.3245844402793316e-07,2.7997094868790614e-07,6.890574304543035e-06,0.46396474442774327,40,highpass
2.196147790096336e-07,6.792441965213715e-07,2.3245844402793316e-07,2.7997094868790614e-07,6.890574304543035e-06,0.46396474442774327,40,highpass
2.196147790096336e-07,6.792441965213715e-07,2.3245844402793316e-07,2.7997094868790614e-07,6.890574304543035e-06,0.46396474442774327,40,highpass
2.196147790096336e-07,6.792441965213715e-07,2.3245844402793316e-07,2.7997094868790614e-07,6.890574304543035e-06,0.46396474442774327,40,highpass
2.196147790096336e-07,6.792441965213715e-07,2.3245844402793316e-07,2.7997094868790614e-07,6.890574304543035e-06,0.46396474442774327,40,highpass
2.196147790096336e-07,6.792441965213715e-07,2.3245844402793316e-07,2.7997094868790614e-07,6.890574304543035e-06,0.46396474442774327,40,highpass
2.196147790096336e-07,6.792441965213715e-07,2.3245844402793316e-07,2.7997094868790614e-07,6.890574304543035e-06,0.46396474442774327,40,highpass
2.196147790096336e-07,6.792441965213715e-07,2.3245844402793316e-07,2.7997094868790614e-07,6.890574304543035e-06,0.46396474442774327,40,highpass
1.2363346733501895e-07,6.792441965213715e-07,2.3245844402793316e-07,2.7997094868790614e-07,6.890574304543035e-06,0.29327334585532344,40,highpass
2.196147790096336e-07,6.792441965213715e-07,2.3245844402793316e-07,2.7997094868790614e-07,6.890574304543035e-06,0.46396474442774327,40,highpass
2.196147790096336e-07,6.792441965213715e-07,2.3245844402793316e-07,2.7997094868790614e-07,6.890574304543035e-06,0.46396474442774327,40,highpass
2.196147790096336e-07,4.563250241911421e-07,2.3245844402793316e-07,2.7997094868790614e-07,6.890574304543035e-06,0.17790452069733684,40,highpass
2.196147790096336e-07,6.792441965213715e-07,2.3245844402793316e-07,2.7997094868790614e-07,6.890574304543035e-06,0.46396474442774327,40,highpass
2.196147790096336e-07,6.792441965213715e-07,2.3245844402793316e-07,2.7997094868790614e-07,6.985827036749107e-06,0.464009636972666,40,highpass
2.196147790096336e-07,6.792441965213715e-07,2.3245844402793316e-07,2.7997094868790614e-07,6.890574304543035e-06,0.46396474442774327,40,highpass
2.196147790096336e-07,6.792441965213715e-07,2.3245844402793316e-07,2.7997094868790614e-07,6.890574304543035e-06,0.46396474442774327,40,highpass
2.196147790096336e-07,6.792441965213715e-07,2.3245844402793316e-07,2.7997094868790614e-07,6.985827036749107e-06,0.464009636972666,40,highpass
2.196147790096336e-07,6.792441965213715e-07,2.3245844402793316e-07,2.7867158762692745e-07,6.985827036749107e-06,0.44679089706713343,40,highpass
2.1990663852903785e-07,6.792441965213715e-07,2.3245844402793316e-07,2.7997094868790614e-07,6.890574304543035e-06,0.46396474442774327,40,highpass
2.196147790096336e-07,6.792441965213715e-07,1.748059759546033e-07,2.7997094868790614e-07,6.890574304543035e-06,0.2224891002041663,40,highpass
2.196147790096336e-07,6.792441965213715e-07,2.3245844402793316e-07,2.7997094868790614e-07,6.985827036749107e-06,0.464009636972666,41,highpass
2.196147790096336e-07,6.792441965213715e-07,2.3245844402793316e-07,2.7997094868790614e-07,6.890574304543035e-06,0.46399914278207294,41,highpass
2.196147790096336e-07,6.792441965213715e-07,2.3245844402793316e-07,2.7997094868790614e-07,6.985827036749107e-06,0.464009636972666,41,highpass
2.196147790096336e-07,6.792441965213715e-07,2.3245844402793316e-07,2.7997094868790614e-07,6.890574304543035e-06,0.46399914278207294,41,highpass
2.196147790096336e-07,6.792441965213715e-07,2.3245844402793316e-07,2.7997094868790614e-07,6.890574304543035e-06,0.46399914278207294,41,highpass
2.196147790096336e-07,6.792441965213715e-07,2.3245844402793316e-07,2.7997094868790614e-07,6.985827036749107e-06,0.464009636972666,41,highpass
2.196147790096336e-07,6.792441965213715e-07,2.3245844402793316e-07,2.7997094868790614e-07,6.985827036749107e-06,0.464009636972666,41,highpass
2.196147790096336e-07,6.792441965213715e-07,2.3245844402793316e-07,2.7997094868790614e-07,6.890574304543035e-06,0.46399914278207294,41,highpass
2.196147790096336e-07,6.792441965213715e-07,2.3245844402793316e-07,2.7997094868790614e-07,6.890574304543035e-06,0.46399914278207294,41,highpass
2.196147790096336e-07,6.792441965213715e-07,2.3245844402793316e-07,2.7997094868790614e-07,6.985827036749107e-06,0.464009636972666,41,highpass
2.196147790096336e-07,6.792441965213715e-07,2.3245844402793316e-07,2.7997094868790614e-07,6.985827036749107e-06,0.464009636972666,41,highpass
2.196147790096336e-07,6.792441965213715e-07,2.3245844402793316e-07,2.7997094868790614e-07,6.890574304543035e-06,0.46399914278207294,41,highpass
2.196147790096336e-07,6.792441965213715e-07,1.442314228730293e-07,2.7997094868790614e-07,6.985827036749107e-06,0.09434631501236343,41,highpass
2.196147790096336e-07,6.792441965213715e-07,2.3245844402793316e-07,2.7997094868790614e-07,6.985827036749107e-06,0.464009636972666,41,highpass
2.196147790096336e-07,6.792441965213715e-07,2.3245844402793316e-07,2.7997094868790614e-07,6.890574304543035e-06,0.46399914278207294,41,highpass
2.196147790096336e-07,6.792441965213715e-07,2.3245844402793316e-07,2.7997094868790614e-07,6.985827036749107e-06,0.464009636972666,41,highpass
2.196147790096336e-07,6.792441965213715e-07,2.3245844402793316e-07,2.7997094868790614e-07,6.890574304543035e-06,0.46399914278207294,41,highpass
2.196147790096336e-07,6.792441965213715e-07,2.3245844402793316e-07,2.7997094868790614e-07,6.890574304543035e-06,0.46399914278207294,41,highpass
2.196147790096336e-07,6.792441965213715e-07,2.3245844402793316e-07,2.7997094868790614e-07,6.985827036749107e-06,0.464009636972666,41,highpass
2.196147790096336e-07,6.792441965213715e-07,2.3245844402793316e-07,2.7997094868790614e-07,6.890574304543035e-06,0.46399914278207294,41,highpass
2.196147790096336e-07,6.792441965213715e-07,2.3245844402793316e-07,2.7997094868790614e-07,6.985827036749107e-06,0.464009636972666,41,highpass
2.196147790096336e-07,6.792441965213715e-07,2.3245844402793316e-07,2.7997094868790614e-07,6.985827036749107e-06,0.464009636972666,41,highpass
2.196147790096336e-07,6.792441965213715e-07,2.3245844402793316e-07,2.7997094868790614e-07,3.099578188179263e-05,0.3047450590993671,41,highpass
2.196147790096336e-07,6.792441965213715e-07,2.3245844402793316e-07,2.7997094868790614e-07,6.985827036749107e-06,0.464009636972666,41,highpass
2.196147790096336e-07,6.792441965213715e-07,2.3245844402793316e-07,2.7997094868790614e-07,6.890574304543035e-06,0.46399914278207294,41,highpass
2.196147790096336e-07,6.792441965213715e-07,2.3245844402793316e-07,2.7997094868790614e-07,6.890574304543035e-06,0.46399914278207294,41,highpass
2.196147790096336e-07,6.792441965213715e-07,1.5897832418445357e-07,2.7997094868790614e-07,6.985827036749107e-06,0.09092545077682015,41,highpass
2.196147790096336e-07,6.792441965213715e-07,2.3245844402793316e-07,2.7997094868790614e-07,6.985827036749107e-06,0.464009636972666,41,highpass
2.196147790096336e-07,6.792441965213715e-07,2.3245844402793316e-07,2.7997094868790614e-07,6.890574304543035e-06,0.46399914278207294,41,highpass
2.196147790096336e-07,6.792441965213715e-07,2.3245844402793316e-07,2.7997094868790614e-07,6.890574304543035e-06,0.46399914278207294,41,highpass
2.196147790096336e-07,6.792441965213715e-07,2.3245844402793316e-07,2.7997094868790614e-07,6.985827036749107e-06,0.464009636972666,41,highpass
2.196147790096336e-07,6.792441965213715e-07,2.3245844402793316e-07,2.7997094868790614e-07,6.985827036749107e-06,0.464009636972666,41,highpass
2.196147790096336e-07,6.792441965213715e-07,2.3245844402793316e-07,2.7997094868790614e-07,6.985827036749107e-06,0.464009636972666,41,highpass
2.196147790096336e-07,6.792441965213715e-07,2.3473122431259463e-07,2.7997094868790614e-07,6.890574304543035e-06,0.39605873584665857,41,highpass
2.196147790096336e-07,6.792441965213715e-07,2.3245844402793316e-07,2.7997094868790614e-07,6.985827036749107e-06,0.464009636972666,41,highpass
2.196147790096336e-07,6.792441965213715e-07,2.3245844402793316e-07,2.7997094868790614e-07,6.985827036749107e-06,0.464009636972666,41,highpass
2.196147790096336e-07,6.792441965213715e-07,2.3245844402793316e-07,2.7997094868790614e-07,6.985827036749107e-06,0.464009636972666,41,highpass
2.196147790096336e-07,6.792441965213715e-07,2.3245844402793316e-07,2.7997094868790614e-07,6.985827036749107e-06,0.464009636972666,41,highpass
2.196147790096336e-07,6.792441965213715e-07,2.3245844402793316e-07,2.7997094868790614e-07,6.890574304543035e-06,0.46399914278207294,41,highpass
2.196147790096336e-07,6.792441965213715e-07,2.3245844402793316e-07,2.7997094868790614e-07,6.985827036749107e-06,0.464009636972666,41,highpass
2.196147790096336e-07,6.792441965213715e-07,2.3245844402793316e-07,2.7997094868790614e-07,6.890574304543035e-06,0.46399914278207294,41,highpass
2.196147790096336e-07,6.792441965213715e-07,2.3245844402793316e-07,2.7997094868790614e-07,6.985827036749107e-06,0.464009636972666,41,highpass
2.196147790096336e-07,6.792441965213715e-07,2.3245844402793316e-07,2.7997094868790614e-07,6.890574304543035e-06,0.46399914278207294,41,highpass
2.196147790096336e-07,6.792441965213715e-07,2.3245844402793316e-07,2.7997094868790614e-07,6.890574304543035e-06,0.46399914278207294,41,highpass
2.196147790096336e-07,6.792441965213715e-07,2.3245844402793316e-07,2.7997094868790614e-07,6.985827036749107e-06,0.464009636972666,41,highpass
2.196147790096336e-07,6.792441965213715e-07,2.3245844402793316e-07,2.7997094868790614e-07,6.890574304543035e-06,0.46399914278207294,41,highpass
2.196147790096336e-07,6.792441965213715e-07,2.3245844402793316e-07,2.7997094868790614e-07,6.890574304543035e-06,0.46399914278207294,41,highpass
2.196147790096336e-07,6.792441965213715e-07,2.3245844402793316e-07,2.7997094868790614e-07,4.949387006054825e-05,0.29995414351030886,41,highpass
2.196147790096336e-07,6.792441965213715e-07,2.3245844402793316e-07,2.7997094868790614e-07,6.985827036749107e-06,0.464009636972666,41,highpass
2.196147790096336e-07,6.792441965213715e-07,2.3245844402793316e-07,2.7997094868790614e-07,6.985827036749107e-06,0.464009636972666,41,highpass
2.196147790096336e-07,6.792441965213715e-07,2.3245844402793316e-07,2.7997094868790614e-07,6.985827036749107e-06,0.464009636972666,42,highpass
2.196147790096336e-07,6.792441965213715e-07,2.3245844402793316e-07,2.7997094868790614e-07,6.985827036749107e-06,0.464009636972666,42,highpass
2.196147790096336e-07,6.792441965213715e-07,2.3245844402793316e-07,2.7997094868790614e-07,6.985827036749107e-06,0.464009636972666,42,highpass
2.196147790096336e-07,6.792441965213715e-07,2.3245844402793316e-07,2.7997094868790614e-07,6.985827036749107e-06,0.464009636972666,42,highpass
2.196147790096336e-07,6.792441965213715e-07,2.3245844402793316e-07,2.7997094868790614e-07,6.985827036749107e-06,0.464009636972666,42,highpass
2.196147790096336e-07,6.792441965213715e-07,2.3245844402793316e-07,2.7997094868790614e-07,6.985827036749107e-06,0.464009636972666,42,highpass
2.196147790096336e-07,6.792441965213715e-07,2.3245844402793316e-07,2.7997094868790614e-07,6.985827036749107e-06,0.464009636972666,42,highpass
2.196147790096336e-07,6.792441965213715e-07,2.3245844402793316e-07,2.7997094868790614e-07,6.985827036749107e-06,0.464009636972666,42,highpass
2.196147790096336e-07,6.792441965213715e-07,2.3245844402793316e-07,2.7997094868790614e-07,6.985827036749107e-06,0.464009636972666,42,highpass
2.196147790096336e-07,6.92717864339217e-07,2.3245844402793316e-07,2.7997094868790614e-07,6.985827036749107e-06,0.41519361950716316,42,highpass
2.196147790096336e-07,6.792441965213715e-07,2.3245844402793316e-07,2.7997094868790614e-07,6.985827036749107e-06,0.464009636972666,42,highpass
2.196147790096336e-07,6.792441965213715e-07,2.3245844402793316e-07,2.7997094868790614e-07,6.985827036749107e-06,0.464009636972666,42,highpass
2.196147790096336e-07,6.792441965213715e-07,2.3245844402793316e-07,2.7997094868790614e-07,6.985827036749107e-06,0.464009636972666,42,highpass
2.196147790096336e-07,6.792441965213715e-07,2.3245844402793316e-07,2.7997094868790614e-07,6.985827036749107e-06,0.464009636972666,42,highpass
2.196147790096336e-07,6.792441965213715e-07,2.3245844402793316e-07,2.7997094868790614e-07,6.985827036749107e-06,0.464009636972666,42,highpass
2.196147790096336e-07,6.792441965213715e-07,2.3245844402793316e-07,2.7997094868790614e-07,6.985827036749107e-06,0.464009636972666,42,highpass
2.196147790096336e-07,6.792441965213715e-07,2.3245844402793316e-07,2.7997094868790614e-07,6.985827036749107e-06,0.464009636972666,42,highpass
2.196147790096336e-07,6.792441965213715e-07,2.3245844402793316e-07,2.7997094868790614e-07,6.985827036749107e-06,0.464009636972666,42,highpass
2.196147790096336e-07,6.792441965213715e-07,2.3245844402793316e-07,2.7997094868790614e-07,6.985827036749107e-06,0.464009636972666,42,highpass
2.196147790096336e-07,6.792441965213715e-07,2.3245844402793316e-07,2.7997094868790614e-07,6.985827036749107e-06,0.464009636972666,42,highpass
2.196147790096336e-07,6.792441965213715e-07,2.3245844402793316e-07,2.7997094868790614e-07,6.985827036749107e-06,0.464009636972666,42,highpass
2.196147790096336e-07,6.792441965213715e-07,2.3245844402793316e-07,2.7997094868790614e-07,6.985827036749107e-06,0.464009636972666,42,highpass
2.196147790096336e-07,6.792441965213715e-07,2.3245844402793316e-07,2.7997094868790614e-07,6.985827036749107e-06,0.464009636972666,42,highpass
2.196147790096336e-07,6.792441965213715e-07,2.3245844402793316e-07,2.7997094868790614e-07,6.985827036749107e-06,0.464009636972666,42,highpass
2.196147790096336e-07,6.792441965213715e-07,2.2542555489594036e-07,2.7997094868790614e-07,6.985827036749107e-06,0.30027401243648894,42,highpass
2.196147790096336e-07,6.792441965213715e-07,2.3245844402793316e-07,2.7997094868790614e-07,6.985827036749107e-06,0.464009636972666,42,highpass
2.196147790096336e-07,6.792441965213715e-07,2.3245844402793316e-07,2.7997094868790614e-07,6.985827036749107e-06,0.464009636972666,42,highpass
2.196147790096336e-07,6.792441965213715e-07,2.3245844402793316e-07,2.858476215994074e-07,6.985827036749107e-06,0.4059774312234927,42,highpass
2.196147790096336e-07,4.7318393139194917e-07,2.3245844402793316e-07,2.7997094868790614e-07,6.985827036749107e-06,0.17413284664405684,42,highpass
2.196147790096336e-07,6.792441965213715e-07,2.3245844402793316e-07,2.7997094868790614e-07,6.985827036749107e-06,0.464009636972666,42,highpass
2.196147790096336e-07,6.792441965213715e-07,2.3245844402793316e-07,2.7997094868790614e-07,6.985827036749107e-06,0.464009636972666,42,highpass
2.196147790096336e-07,6.792441965213715e-07,2.3245844402793316e-07,2.7997094868790614e-07,2.8261702952439943e-05,0.31123723816501025,42,highpass
2.196147790096336e-07,6.792441965213715e-07,2.3245844402793316e-07,2.7997094868790614e-07,6.985827036749107e-06,0.464009636972666,42,highpass
2.196147790096336e-07,6.792441965213715e-07,2.3245844402793316e-07,2.7997094868790614e-07,6.985827036749107e-06,0.464009636972666,42,highpass
2.196147790096336e-07,6.792441965213715e-07,2.3245844402793316e-07,2.7997094868790614e-07,6.985827036749107e-06,0.464009636972666,42,highpass
2.1430473895601926e-07,6.792441965213715e-07,2.3245844402793316e-07,2.7997094868790614e-07,6.985827036749107e-06,0.40318734421246244,42,highpass
2.196147790096336e-07,6.792441965213715e-07,2.3245844402793316e-07,2.7997094868790614e-07,6.985827036749107e-06,0.464009636972666,42,highpass
2.196147790096336e-07,6.792441965213715e-07,2.3245844402793316e-07,2.7997094868790614e-07,6.985827036749107e-06,0.464009636972666,42,highpass
2.196147790096336e-07,6.792441965213715e-07,2.3245844402793316e-07,2.7997094868790614e-07,6.985827036749107e-06,0.464009636972666,42,highpass
2.196147790096336e-07,6.792441965213715e-07,2.3245844402793316e-07,2.7997094868790614e-07,6.985827036749107e-06,0.464009636972666,42,highpass
2.196147790096336e-07,6.792441965213715e-07,2.3245844402793316e-07,2.7997094868790614e-07,6.985827036749107e-06,0.464009636972666,42,highpass
2.196147790096336e-07,6.792441965213715e-07,2.3245844402793316e-07,2.7997094868790614e-07,6.985827036749107e-06,0.464009636972666,42,highpass
2.196147790096336e-07,6.792441965213715e-07,2.3245844402793316e-07,2.7997094868790614e-07,1.844656114948874e-05,0.33699640516718643,42,highpass
2.196147790096336e-07,6.756426503814301e-07,2.3245844402793316e-07,2.7997094868790614e-07,6.985827036749107e-06,0.4576586981214196,42,highpass
2.196147790096336e-07,6.792441965213715e-07,2.3245844402793316e-07,2.7997094868790614e-07,6.985827036749107e-06,0.464009636972666,42,highpass
2.196147790096336e-07,6.792441965213715e-07,2.3245844402793316e-07,2.7997094868790614e-07,6.985827036749107e-06,0.464009636972666,42,highpass
2.196147790096336e-07,6.792441965213715e-07,2.3245844402793316e-07,2.7997094868790614e-07,6.985827036749107e-06,0.464009636972666,42,highpass
2.196147790096336e-07,6.792441965213715e-07,2.3245844402793316e-07,2.7997094868790614e-07,6.985827036749107e-06,0.464009636972666,42,highpass
2.196147790096336e-07,6.792441965213715e-07,2.3245844402793316e-07,2.7997094868790614e-07,6.985827036749107e-06,0.464009636972666,42,highpass
2.196147790096336e-07,6.792441965213715e-07,2.3245844402793316e-07,2.7997094868790614e-07,6.985827036749107e-06,0.464009636972666,42,highpass
2.196147790096336e-07,6.792441965213715e-07,2.3245844402793316e-07,2.7997094868790614e-07,6.985827036749107e-06,0.464009636972666,43,highpass
2.196147790096336e-07,6.792441965213715e-07,2.3245844402793316e-07,2.7997094868790614e-07,6.985827036749107e-06,0.464009636972666,43,highpass
2.196147790096336e-07,6.792441965213715e-07,2.3245844402793316e-07,2.7997094868790614e-07,6.985827036749107e-06,0.464009636972666,43,highpass
2.196147790096336e-07,6.874932827015317e-07,2.3245844402793316e-07,2.7997094868790614e-07,6.985827036749107e-06,0.4451005314397216,43,highpass
2.196147790096336e-07,6.792441965213715e-07,2.3245844402793316e-07,2.7997094868790614e-07,6.985827036749107e-06,0.464009636972666,43,highpass
2.196147790096336e-07,6.792441965213715e-07,2.3245844402793316e-07,2.7997094868790614e-07,6.985827036749107e-06,0.464009636972666,43,highpass
2.196147790096336e-07,6.792441965213715e-07,2.3245844402793316e-07,1.6624858738417654e-07,6.985827036749107e-06,0.29905642826760126,43,highpass
2.196147790096336e-07,6.792441965213715e-07,2.3245844402793316e-07,2.7997094868790614e-07,6.985827036749107e-06,0.464009636972666,43,highpass
2.196147790096336e-07,6.792441965213715e-07,2.3245844402793316e-07,2.7997094868790614e-07,6.985827036749107e-06,0.464009636972666,43,highpass
2.196147790096336e-07,6.792441965213715e-07,2.3245844402793316e-07,2.7997094868790614e-07,6.985827036749107e-06,0.464009636972666,43,highpass
2.196147790096336e-07,6.792441965213715e-07,2.3245844402793316e-07,2.7997094868790614e-07,6.985827036749107e-06,0.464009636972666,43,highpass
2.196147790096336e-07,6.792441965213715e-07,2.3245844402793316e-07,2.7997094868790614e-07,6.985827036749107e-06,0.464009636972666,43,highpass
2.196147790096336e-07,6.792441965213715e-07,2.3245844402793316e-07,2.7997094868790614e-07,6.985827036749107e-06,0.464009636972666,43,highpass
2.196147790096336e-07,6.792441965213715e-07,2.3245844402793316e-07,2.7997094868790614e-07,6.985827036749107e-06,0.464009636972666,43,highpass
2.196147790096336e-07,6.792441965213715e-07,2.3245844402793316e-07,2.7997094868790614e-07,6.985827036749107e-06,0.464009636972666,43,highpass
2.196147790096336e-07,4.97614607955773e-07,2.3245844402793316e-07,2.7997094868790614e-07,6.985827036749107e-06,0.2988705529027529,43,highpass
2.196147790096336e-07,6.792441965213715e-07,2.3245844402793316e-07,2.7997094868790614e-07,6.985827036749107e-06,0.464009636972666,43,highpass
2.196147790096336e-07,6.792441965213715e-07,2.3245844402793316e-07,2.7997094868790614e-07,6.985827036749107e-06,0.464009636972666,43,highpass
2.196147790096336e-07,6.792441965213715e-07,2.3245844402793316e-07,2.7997094868790614e-07,6.985827036749107e-06,0.464009636972666,43,highpass
2.196147790096336e-07,6.792441965213715e-07,2.3245844402793316e-07,2.7997094868790614e-07,6.985827036749107e-06,0.464009636972666,43,highpass
2.196147790096336e-07,6.792441965213715e-07,2.3245844402793316e-07,2.7997094868790614e-07,6.985827036749107e-06,0.464009636972666,43,highpass
2.196147790096336e-07,6.792441965213715e-07,2.3245844402793316e-07,2.7997094868790614e-07,6.985827036749107e-06,0.464009636972666,43,highpass
2.196147790096336e-07,6.792441965213715e-07,2.3245844402793316e-07,2.7997094868790614e-07,6.985827036749107e-06,0.464009636972666,43,highpass
2.196147790096336e-07,6.792441965213715e-07,2.3245844402793316e-07,2.741457199777169e-07,6.985827036749107e-06,0.39914556047896904,43,highpass
2.196147790096336e-07,6.792441965213715e-07,2.3245844402793316e-07,2.7997094868790614e-07,6.985827036749107e-06,0.464009636972666,43,highpass
2.196147790096336e-07,6.792441965213715e-07,2.3245844402793316e-07,2.7997094868790614e-07,6.985827036749107e-06,0.464009636972666,43,highpass
2.196147790096336e-07,6.792441965213715e-07,2.3245844402793316e-07,2.7997094868790614e-07,6.985827036749107e-06,0.464009636972666,43,highpass
2.196147790096336e-07,6.792441965213715e-07,2.3245844402793316e-07,2.7997094868790614e-07,8.401220818082772e-06,0.3448127190064024,43,highpass
2.215459999205921e-07,6.792441965213715e-07,2.3245844402793316e-07,2.7997094868790614e-07,6.985827036749107e-06,0.4373988748204659,43,highpass
2.0842618021841828e-07,6.792441965213715e-07,2.3245844402793316e-07,2.7997094868790614e-07,6.985827036749107e-06,0.34007776216656416,43,highpass
2.196147790096336e-07,6.792441965213715e-07,2.3245844402793316e-07,2.7997094868790614e-07,6.985827036749107e-06,0.464009636972666,43,highpass
2.196147790096336e-07,6.792441965213715e-07,2.3245844402793316e-07,2.7997094868790614e-07,6.985827036749107e-06,0.464009636972666,43,highpass
2.196147790096336e-07,6.792441965213715e-07,2.3245844402793316e-07,2.7997094868790614e-07,6.985827036749107e-06,0.464009636972666,43,highpass
2.196147790096336e-07,6.792441965213715e-07,2.3245844402793316e-07,2.7997094868790614e-07,6.985827036749107e-06,0.464009636972666,43,highpass
2.196147790096336e-07,6.792441965213715e-07,2.3245844402793316e-07,2.7997094868790614e-07,6.985827036749107e-06,0.464009636972666,43,highpass
2.196147790096336e-07,6.792441965213715e-07,2.3245844402793316e-07,2.7997094868790614e-07,6.985827036749107e-06,0.464009636972666,43,highpass
2.196147790096336e-07,6.792441965213715e-07,2.3245844402793316e-07,2.7997094868790614e-07,6.985827036749107e-06,0.464009636972666,43,highpass
2.196147790096336e-07,6.792441965213715e-07,2.3245844402793316e-07,2.7997094868790614e-07,6.985827036749107e-06,0.464009636972666,43,highpass
2.196147790096336e-07,6.792441965213715e-07,2.3245844402793316e-07,2.7997094868790614e-07,3.5590643545860166e-05,0.3013549935017059,43,highpass
2.196147790096336e-07,6.792441965213715e-07,2.3245844402793316e-07,2.7997094868790614e-07,6.985827036749107e-06,0.464009636972666,43,highpass
2.196147790096336e-07,6.792441965213715e-07,2.3245844402793316e-07,2.7997094868790614e-07,6.985827036749107e-06,0.464009636972666,43,highpass
2.196147790096336e-07,6.792441965213715e-07,2.3245844402793316e-07,2.7997094868790614e-07,6.985827036749107e-06,0.464009636972666,43,highpass
2.196147790096336e-07,6.792441965213715e-07,2.3245844402793316e-07,2.7997094868790614e-07,6.985827036749107e-06,0.464009636972666,43,highpass
2.196147790096336e-07,6.792441965213715e-07,2.3245844402793316e-07,2.7997094868790614e-07,6.985827036749107e-06,0.464009636972666,43,highpass
2.196147790096336e-07,6.792441965213715e-07,2.3245844402793316e-07,2.7997094868790614e-07,6.985827036749107e-06,0.464009636972666,43,highpass
2.196147790096336e-07,6.792441965213715e-07,2.3245844402793316e-07,2.7997094868790614e-07,6.985827036749107e-06,0.464009636972666,43,highpass
2.196147790096336e-07,6.792441965213715e-07,2.3245844402793316e-07,2.7997094868790614e-07,6.985827036749107e-06,0.464009636972666,43,highpass
2.196147790096336e-07,6.792441965213715e-07,2.3245844402793316e-07,2.7997094868790614e-07,6.985827036749107e-06,0.464009636972666,43,highpass
2.1213031938621036e-07,6.792441965213715e-07,2.3245844402793316e-07,2.7997094868790614e-07,6.985827036749107e-06,0.3660968317631532,43,highpass
2.196147790096336e-07,6.792441965213715e-07,2.3245844402793316e-07,2.7997094868790614e-07,6.985827036749107e-06,0.464009636972666,43,highpass
2.196147790096336e-07,6.792441965213715e-07,2.3245844402793316e-07,2.7997094868790614e-07,6.985827036749107e-06,0.464009636972666,44,highpass
2.196147790096336e-07,6.792441965213715e-07,2.3245844402793316e-07,2.7997094868790614e-07,6.985827036749107e-06,0.464009636972666,44,highpass
2.196147790096336e-07,6.792441965213715e-07,2.3245844402793316e-07,2.7997094868790614e-07,6.985827036749107e-06,0.464009636972666,44,highpass
2.196147790096336e-07,6.792441965213715e-07,2.3245844402793316e-07,2.7997094868790614e-07,6.985827036749107e-06,0.464009636972666,44,highpass
2.196147790096336e-07,6.792441965213715e-07,2.3245844402793316e-07,2.7997094868790614e-07,6.985827036749107e-06,0.464009636972666,44,highpass
2.196147790096336e-07,6.792441965213715e-07,2.3245844402793316e-07,2.7997094868790614e-07,6.985827036749107e-06,0.464009636972666,44,highpass
2.196147790096336e-07,6.792441965213715e-07,2.3245844402793316e-07,2.7997094868790614e-07,6.985827036749107e-06,0.464009636972666,44,highpass
2.196147790096336e-07,6.792441965213715e-07,2.3245844402793316e-07,2.7997094868790614e-07,6.985827036749107e-06,0.464009636972666,44,highpass
2.196147790096336e-07,6.792441965213715e-07,2.3245844402793316e-07,2.7997094868790614e-07,6.985827036749107e-06,0.464009636972666,44,highpass
2.196147790096336e-07,6.792441965213715e-07,2.3245844402793316e-07,2.7436907379163934e-07,6.985827036749107e-06,0.39886120883943443,44,highpass
2.196147790096336e-07,6.792441965213715e-07,2.3245844402793316e-07,2.7997094868790614e-07,6.985827036749107e-06,0.464009636972666,44,highpass
2.196147790096336e-07,6.792441965213715e-07,2.3245844402793316e-07,2.7997094868790614e-07,6.985827036749107e-06,0.464009636972666,44,highpass
2.196147790096336e-07,6.792441965213715e-07,2.3245844402793316e-07,2.7997094868790614e-07,6.985827036749107e-06,0.464009636972666,44,highpass
2.196147790096336e-07,6.792441965213715e-07,2.3245844402793316e-07,1.8491910327127548e-07,6.985827036749107e-06,0.29997904457783175,44,highpass
2.196147790096336e-07,6.792441965213715e-07,2.3245844402793316e-07,2.7997094868790614e-07,6.985827036749107e-06,0.464009636972666,44,highpass
2.196147790096336e-07,6.792441965213715e-07,2.3245844402793316e-07,2.7997094868790614e-07,2.0238575545364746e-05,0.3286303849536186,44,highpass
2.196147790096336e-07,6.792441965213715e-07,2.3245844402793316e-07,2.7997094868790614e-07,6.985827036749107e-06,0.464009636972666,44,highpass
2.196147790096336e-07,6.792441965213715e-07,2.2823493458816682e-07,2.7997094868790614e-07,6.985827036749107e-06,0.30383346916332005,44,highpass
2.196147790096336e-07,6.792441965213715e-07,2.3245844402793316e-07,2.7997094868790614e-07,6.985827036749107e-06,0.464009636972666,44,highpass
2.196147790096336e-07,6.792441965213715e-07,2.3245844402793316e-07,2.7997094868790614e-07,6.985827036749107e-06,0.464009636972666,44,highpass
2.196147790096336e-07,6.792441965213715e-07,2.3245844402793316e-07,2.7997094868790614e-07,6.985827036749107e-06,0.464009636972666,44,highpass
2.196147790096336e-07,6.792441965213715e-07,2.3245844402793316e-07,2.7997094868790614e-07,6.985827036749107e-06,0.464009636972666,44,highpass
2.196147790096336e-07,6.792441965213715e-07,2.3245844402793316e-07,2.7997094868790614e-07,6.985827036749107e-06,0.464009636972666,44,highpass
2.196147790096336e-07,6.792441965213715e-07,2.3245844402793316e-07,2.7997094868790614e-07,6.985827036749107e-06,0.464009636972666,44,highpass
2.196147790096336e-07,6.792441965213715e-07,2.3245844402793316e-07,2.7997094868790614e-07,6.985827036749107e-06,0.464009636972666,44,highpass
2.196147790096336e-07,6.792441965213715e-07,2.3245844402793316e-07,2.7997094868790614e-07,6.985827036749107e-06,0.464009636972666,44,highpass
2.196147790096336e-07,6.671903293935307e-07,2.3245844402793316e-07,2.7997094868790614e-07,6.985827036749107e-06,0.42336001169092513,44,highpass
2.196147790096336e-07,6.792441965213715e-07,2.3245844402793316e-07,2.7997094868790614e-07,6.985827036749107e-06,0.464009636972666,44,highpass
2.196147790096336e-07,6.792441965213715e-07,2.3245844402793316e-07,2.7997094868790614e-07,6.985827036749107e-06,0.464009636972666,44,highpass
2.196147790096336e-07,6.792441965213715e-07,2.3245844402793316e-07,1.5765864021230305e-07,6.985827036749107e-06,0.2756494609685495,44,highpass
2.196147790096336e-07,6.792441965213715e-07,2.3245844402793316e-07,2.7997094868790614e-07,6.985827036749107e-06,0.464009636972666,44,highpass
2.196147790096336e-07,6.792441965213715e-07,2.3245844402793316e-07,2.7997094868790614e-07,6.985827036749107e-06,0.464009636972666,44,highpass
2.196147790096336e-07,6.792441965213715e-07,2.3245844402793316e-07,2.7997094868790614e-07,6.985827036749107e-06,0.464009636972666,44,highpass
2.196147790096336e-07,6.792441965213715e-07,2.3245844402793316e-07,2.7997094868790614e-07,6.985827036749107e-06,0.464009636972666,44,highpass
2.196147790096336e-07,6.792441965213715e-07,2.3245844402793316e-07,2.7997094868790614e-07,6.985827036749107e-06,0.464009636972666,44,highpass
2.196147790096336e-07,6.792441965213715e-07,2.3245844402793316e-07,2.7997094868790614e-07,6.985827036749107e-06,0.464009636972666,44,highpass
2.196147790096336e-07,6.759467216582112e-07,2.3245844402793316e-07,2.7997094868790614e-07,6.985827036749107e-06,0.45844089096488716,44,highpass
2.196147790096336e-07,6.792441965213715e-07,2.3245844402793316e-07,2.7997094868790614e-07,6.985827036749107e-06,0.464009636972666,44,highpass
2.196147790096336e-07,6.911005193295244e-07,2.3245844402793316e-07,2.7997094868790614e-07,6.985827036749107e-06,0.4247817662706972,44,highpass
2.196147790096336e-07,6.792441965213715e-07,1.6488183868843034e-07,2.7997094868790614e-07,6.985827036749107e-06,0.08394560249993016,44,highpass
2.196147790096336e-07,6.792441965213715e-07,2.3245844402793316e-07,2.7997094868790614e-07,6.985827036749107e-06,0.464009636972666,44,highpass
2.196147790096336e-07,6.792441965213715e-07,2.3245844402793316e-07,2.7997094868790614e-07,6.985827036749107e-06,0.464009636972666,44,highpass
2.196147790096336e-07,6.792441965213715e-07,2.3245844402793316e-07,2.7997094868790614e-07,6.985827036749107e-06,0.464009636972666,44,highpass
2.196147790096336e-07,6.792441965213715e-07,2.3245844402793316e-07,2.7997094868790614e-07,6.985827036749107e-06,0.464009636972666,44,highpass
2.196147790096336e-07,6.792441965213715e-07,2.3245844402793316e-07,2.7997094868790614e-07,6.985827036749107e-06,0.464009636972666,44,highpass
2.196147790096336e-07,6.792441965213715e-07,2.3245844402793316e-07,2.7997094868790614e-07,6.985827036749107e-06,0.464009636972666,44,highpass
2.196147790096336e-07,6.792441965213715e-07,2.3245844402793316e-07,2.7997094868790614e-07,6.985827036749107e-06,0.464009636972666,44,highpass
2.196147790096336e-07,6.792441965213715e-07,2.3245844402793316e-07,2.7997094868790614e-07,6.985827036749107e-06,0.464009636972666,44,highpass
2.196147790096336e-07,6.792441965213715e-07,2.3245844402793316e-07,2.7997094868790614e-07,6.985827036749107e-06,0.464009636972666,44,highpass
2.196147790096336e-07,6.792441965213715e-07,2.3245844402793316e-07,2.7997094868790614e-07,6.985827036749107e-06,0.464009636972666,44,highpass
2.196147790096336e-07,6.792441965213715e-07,2.3245844402793316e-07,2.7997094868790614e-07,6.985827036749107e-06,0.464009636972666,45,highpass
2.196147790096336e-07,6.792441965213715e-07,2.3245844402793316e-07,2.7997094868790614e-07,6.985827036749107e-06,0.464009636972666,45,highpass
2.196147790096336e-07,6.792441965213715e-07,2.3245844402793316e-07,2.7997094868790614e-07,6.985827036749107e-06,0.464009636972666,45,highpass
2.196147790096336e-07,6.792441965213715e-07,2.3248470884574668e-07,2.7997094868790614e-07,6.985827036749107e-06,0.464009636972666,45,highpass
2.196147790096336e-07,6.792441965213715e-07,2.3058834274813327e-07,2.7997094868790614e-07,6.985827036749107e-06,0.3457920299712803,45,highpass
2.196147790096336e-07,6.792441965213715e-07,2.3245844402793316e-07,2.7997094868790614e-07,6.985827036749107e-06,0.464009636972666,45,highpass
2.196147790096336e-07,6.792441965213715e-07,1.9902180666294937e-07,2.7997094868790614e-07,6.985827036749107e-06,0.2999992396873389,45,highpass
2.196147790096336e-07,6.792441965213715e-07,2.3245844402793316e-07,2.7997094868790614e-07,4.7838575678853185e-05,0.29995098286317906,45,highpass
2.196147790096336e-07,6.792441965213715e-07,2.3245844402793316e-07,2.7997094868790614e-07,6.985827036749107e-06,0.464009636972666,45,highpass
2.196147790096336e-07,6.792441965213715e-07,2.3245844402793316e-07,2.7997094868790614e-07,6.985827036749107e-06,0.464009636972666,45,highpass
2.196147790096336e-07,6.792441965213715e-07,2.3245844402793316e-07,2.7997094868790614e-07,6.985827036749107e-06,0.464009636972666,45,highpass
2.196147790096336e-07,6.792441965213715e-07,2.3245844402793316e-07,2.7997094868790614e-07,6.985827036749107e-06,0.464009636972666,45,highpass
2.196147790096336e-07,6.792441965213715e-07,2.3245844402793316e-07,2.7997094868790614e-07,6.985827036749107e-06,0.464009636972666,45,highpass
2.196147790096336e-07,6.792441965213715e-07,2.3245844402793316e-07,2.7997094868790614e-07,6.985827036749107e-06,0.464009636972666,45,highpass
2.196147790096336e-07,6.792441965213715e-07,2.3245844402793316e-07,2.7997094868790614e-07,6.985827036749107e-06,0.464009636972666,45,highpass
2.1634932422127802e-07,6.792441965213715e-07,2.3245844402793316e-07,2.7997094868790614e-07,6.985827036749107e-06,0.42190156961800174,45,highpass
2.196147790096336e-07,6.594679044652718e-07,2.3245844402793316e-07,2.7997094868790614e-07,6.985827036749107e-06,0.3807167013093592,45,highpass
2.196147790096336e-07,6.792441965213715e-07,2.3245844402793316e-07,2.7997094868790614e-07,6.985827036749107e-06,0.464009636972666,45,highpass
2.196147790096336e-07,6.792441965213715e-07,2.3245844402793316e-07,2.7997094868790614e-07,6.985827036749107e-06,0.464009636972666,45,highpass
2.196147790096336e-07,6.792441965213715e-07,2.3245844402793316e-07,2.7997094868790614e-07,6.985827036749107e-06,0.464009636972666,45,highpass
2.196147790096336e-07,6.792441965213715e-07,2.3245844402793316e-07,2.8518822554228055e-07,6.985827036749107e-06,0.40390799158308766,45,highpass
2.196147790096336e-07,6.792441965213715e-07,2.3245844402793316e-07,2.7997094868790614e-07,6.985827036749107e-06,0.464009636972666,45,highpass
2.196147790096336e-07,6.792441965213715e-07,2.3245844402793316e-07,2.7997094868790614e-07,6.985827036749107e-06,0.464009636972666,45,highpass
2.196147790096336e-07,6.792441965213715e-07,2.3245844402793316e-07,2.7997094868790614e-07,6.985827036749107e-06,0.464009636972666,45,highpass
2.196147790096336e-07,6.792441965213715e-07,2.3245844402793316e-07,2.7997094868790614e-07,6.985827036749107e-06,0.464009636972666,45,highpass
2.196147790096336e-07,6.792441965213715e-07,2.3245844402793316e-07,2.7997094868790614e-07,6.985827036749107e-06,0.464009636972666,45,highpass
2.196147790096336e-07,6.792441965213715e-07,2.3245844402793316e-07,2.7997094868790614e-07,6.985827036749107e-06,0.464009636972666,45,highpass
2.196147790096336e-07,6.792441965213715e-07,2.2770195261909974e-07,2.7997094868790614e-07,6.985827036749107e-06,0.30367241789198024,45,highpass
2.196147790096336e-07,6.792441965213715e-07,2.3245844402793316e-07,2.7997094868790614e-07,6.985827036749107e-06,0.464009636972666,45,highpass
2.196147790096336e-07,6.792441965213715e-07,2.3245844402793316e-07,2.7997094868790614e-07,6.985827036749107e-06,0.464009636972666,45,highpass
2.196147790096336e-07,6.792441965213715e-07,2.3245844402793316e-07,2.7997094868790614e-07,6.7270640379090716e-06,0.4641049780475118,45,highpass
2.196147790096336e-07,6.792441965213715e-07,2.3245844402793316e-07,2.7997094868790614e-07,6.985827036749107e-06,0.464009636972666,45,highpass
2.196147790096336e-07,6.792441965213715e-07,2.3245844402793316e-07,2.7997094868790614e-07,6.985827036749107e-06,0.464009636972666,45,highpass
2.196147790096336e-07,6.792441965213715e-07,2.3245844402793316e-07,2.7997094868790614e-07,6.985827036749107e-06,0.464009636972666,45,highpass
2.196147790096336e-07,6.792441965213715e-07,2.3245844402793316e-07,2.7997094868790614e-07,6.985827036749107e-06,0.464009636972666,45,highpass
2.196147790096336e-07,6.792441965213715e-07,2.3245844402793316e-07,2.7997094868790614e-07,6.985827036749107e-06,0.464009636972666,45,highpass
2.196147790096336e-07,6.792441965213715e-07,2.3245844402793316e-07,2.7997094868790614e-07,6.985827036749107e-06,0.464009636972666,45,highpass
2.196147790096336e-07,6.792441965213715e-07,2.3245844402793316e-07,2.7997094868790614e-07,6.985827036749107e-06,0.464009636972666,45,highpass
2.196147790096336e-07,6.792441965213715e-07,2.3245844402793316e-07,2.7997094868790614e-07,6.985827036749107e-06,0.464009636972666,45,highpass
2.196147790096336e-07,6.792441965213715e-07,2.3245844402793316e-07,2.7997094868790614e-07,6.985827036749107e-06,0.464009636972666,45,highpass
2.196147790096336e-07,6.792441965213715e-07,2.3245844402793316e-07,2.7997094868790614e-07,6.985827036749107e-06,0.464009636972666,45,highpass
2.196147790096336e-07,6.792441965213715e-07,2.3245844402793316e-07,2.7997094868790614e-07,6.985827036749107e-06,0.464009636972666,45,highpass
2.196147790096336e-07,6.792441965213715e-07,2.3245844402793316e-07,2.7997094868790614e-07,6.985827036749107e-06,0.464009636972666,45,highpass
2.196147790096336e-07,6.792441965213715e-07,2.3245844402793316e-07,2.7997094868790614e-07,6.985827036749107e-06,0.464009636972666,45,highpass
2.196147790096336e-07,6.792441965213715e-07,2.3245844402793316e-07,2.7997094868790614e-07,6.985827036749107e-06,0.464009636972666,45,highpass
2.196147790096336e-07,6.792441965213715e-07,2.3245844402793316e-07,2.7997094868790614e-07,6.985827036749107e-06,0.464009636972666,45,highpass
2.196147790096336e-07,6.792441965213715e-07,2.3245844402793316e-07,2.7997094868790614e-07,6.985827036749107e-06,0.464009636972666,45,highpass
2.196147790096336e-07,6.792441965213715e-07,2.3245844402793316e-07,2.7997094868790614e-07,6.985827036749107e-06,0.464009636972666,45,highpass
2.196147790096336e-07,6.792441965213715e-07,2.3245844402793316e-07,2.7997094868790614e-07,6.985827036749107e-06,0.464009636972666,45,highpass
2.196147790096336e-07,6.792441965213715e-07,1.1770068744542393e-07,2.7997094868790614e-07,6.985827036749107e-06,0.1243332542701805,45,highpass
2.196147790096336e-07,6.792441965213715e-07,2.3245844402793316e-07,2.7997094868790614e-07,6.7270640379090716e-06,0.4641049780475118,46,highpass
2.196147790096336e-07,6.792441965213715e-07,2.3245844402793316e-07,2.7997094868790614e-07,6.985827036749107e-06,0.464009636972666,46,highpass
2.196147790096336e-07,6.792441965213715e-07,2.3245844402793316e-07,2.7997094868790614e-07,6.985827036749107e-06,0.464009636972666,46,highpass
2.196147790096336e-07,6.792441965213715e-07,2.3245844402793316e-07,2.7997094868790614e-07,6.7270640379090716e-06,0.4641049780475118,46,highpass
2.196147790096336e-07,6.792441965213715e-07,2.3245844402793316e-07,2.7997094868790614e-07,6.985827036749107e-06,0.464009636972666,46,highpass
2.196147790096336e-07,6.792441965213715e-07,2.3245844402793316e-07,2.7997094868790614e-07,6.985827036749107e-06,0.464009636972666,46,highpass
2.196147790096336e-07,6.792441965213715e-07,2.3245844402793316e-07,2.7997094868790614e-07,6.985827036749107e-06,0.464009636972666,46,highpass
2.196147790096336e-07,6.792441965213715e-07,2.3245844402793316e-07,2.7997094868790614e-07,6.985827036749107e-06,0.464009636972666,46,highpass
2.196147790096336e-07,3.9470524504345123e-07,2.3245844402793316e-07,2.7997094868790614e-07,6.985827036749107e-06,0.19365012489497493,46,highpass
2.196147790096336e-07,6.774610508533175e-07,2.3245844402793316e-07,2.7997094868790614e-07,6.985827036749107e-06,0.46038553283518907,46,highpass
2.196147790096336e-07,6.792441965213715e-07,2.3245844402793316e-07,2.7997094868790614e-07,6.985827036749107e-06,0.464009636972666,46,highpass
2.196147790096336e-07,6.792441965213715e-07,2.3245844402793316e-07,2.7997094868790614e-07,6.985827036749107e-06,0.464009636972666,46,highpass
2.196147790096336e-07,6.792441965213715e-07,2.3245844402793316e-07,2.7997094868790614e-07,6.985827036749107e-06,0.464009636972666,46,highpass
2.196147790096336e-07,6.792441965213715e-07,2.3245844402793316e-07,2.7997094868790614e-07,6.7270640379090716e-06,0.4641049780475118,46,highpass
2.196147790096336e-07,6.792441965213715e-07,2.3245844402793316e-07,2.7997094868790614e-07,6.985827036749107e-06,0.464009636972666,46,highpass
2.196147790096336e-07,6.792441965213715e-07,2.3245844402793316e-07,2.7997094868790614e-07,6.985827036749107e-06,0.464009636972666,46,highpass
1.1957096484211633e-07,6.792441965213715e-07,2.3245844402793316e-07,2.7997094868790614e-07,6.985827036749107e-06,0.12652408940774967,46,highpass
2.196147790096336e-07,6.792441965213715e-07,2.3245844402793316e-07,2.7997094868790614e-07,6.985827036749107e-06,0.464009636972666,46,highpass
2.196147790096336e-07,6.792441965213715e-07,2.3245844402793316e-07,2.7997094868790614e-07,6.985827036749107e-06,0.464009636972666,46,highpass
2.196147790096336e-07,6.792441965213715e-07,2.3245844402793316e-07,2.7997094868790614e-07,6.985827036749107e-06,0.464009636972666,46,highpass
2.196147790096336e-07,6.792441965213715e-07,2.3245844402793316e-07,2.7997094868790614e-07,6.985827036749107e-06,0.464009636972666,46,highpass
2.196147790096336e-07,6.792441965213715e-07,2.3245844402793316e-07,2.7997094868790614e-07,6.985827036749107e-06,0.464009636972666,46,highpass
2.196147790096336e-07,6.792441965213715e-07,2.3245844402793316e-07,2.7997094868790614e-07,6.985827036749107e-06,0.464009636972666,46,highpass
2.196147790096336e-07,6.792441965213715e-07,2.3245844402793316e-07,2.7997094868790614e-07,6.7270640379090716e-06,0.4641049780475118,46,highpass
2.196147790096336e-07,6.792441965213715e-07,2.3245844402793316e-07,2.7997094868790614e-07,6.985827036749107e-06,0.464009636972666,46,highpass
2.196147790096336e-07,6.792441965213715e-07,2.3245844402793316e-07,2.7997094868790614e-07,6.985827036749107e-06,0.464009636972666,46,highpass
2.196147790096336e-07,6.792441965213715e-07,2.3245844402793316e-07,2.7997094868790614e-07,6.7270640379090716e-06,0.4641049780475118,46,highpass
2.196147790096336e-07,6.792441965213715e-07,2.3245844402793316e-07,2.7997094868790614e-07,6.985827036749107e-06,0.464009636972666,46,highpass
2.196147790096336e-07,6.792441965213715e-07,2.3245844402793316e-07,2.7997094868790614e-07,6.985827036749107e-06,0.464009636972666,46,highpass
2.196147790096336e-07,6.792441965213715e-07,2.3245844402793316e-07,2.7997094868790614e-07,6.985827036749107e-06,0.464009636972666,46,highpass
2.196147790096336e-07,6.792441965213715e-07,2.3245844402793316e-07,2.7997094868790614e-07,6.985827036749107e-06,0.464009636972666,46,highpass
2.196147790096336e-07,6.792441965213715e-07,2.3245844402793316e-07,2.7997094868790614e-07,6.985827036749107e-06,0.464009636972666,46,highpass
2.196147790096336e-07,6.792441965213715e-07,2.3245844402793316e-07,2.7997094868790614e-07,6.985827036749107e-06,0.464009636972666,46,highpass
2.196147790096336e-07,6.792441965213715e-07,2.3245844402793316e-07,2.7997094868790614e-07,6.985827036749107e-06,0.464009636972666,46,highpass
2.196147790096336e-07,6.792441965213715e-07,2.3245844402793316e-07,2.7997094868790614e-07,3.0133867494354035e-05,0.3054150803701585,46,highpass
1.8393207220953348e-07,6.792441965213715e-07,2.3245844402793316e-07,2.7997094868790614e-07,6.985827036749107e-06,0.3004390092811414,46,highpass
2.196147790096336e-07,6.792441965213715e-07,2.3245844402793316e-07,2.7997094868790614e-07,6.985827036749107e-06,0.464009636972666,46,highpass
2.196147790096336e-07,6.792441965213715e-07,2.3245844402793316e-07,2.7997094868790614e-07,6.985827036749107e-06,0.464009636972666,46,highpass
2.196147790096336e-07,6.792441965213715e-07,2.3245844402793316e-07,2.7997094868790614e-07,6.985827036749107e-06,0.464009636972666,46,highpass
2.196147790096336e-07,6.792441965213715e-07,2.3245844402793316e-07,2.7997094868790614e-07,6.985827036749107e-06,0.464009636972666,46,highpass
1.8913516627290194e-07,6.792441965213715e-07,2.3245844402793316e-07,2.7997094868790614e-07,6.7270640379090716e-06,0.3004657343433555,46,highpass
2.196147790096336e-07,6.792441965213715e-07,2.3245844402793316e-07,2.7997094868790614e-07,6.985827036749107e-06,0.464009636972666,46,highpass
2.196147790096336e-07,6.792441965213715e-07,2.3245844402793316e-07,2.7997094868790614e-07,6.985827036749107e-06,0.464009636972666,46,highpass
2.196147790096336e-07,6.792441965213715e-07,2.3245844402793316e-07,2.7997094868790614e-07,6.985827036749107e-06,0.464009636972666,46,highpass
2.196147790096336e-07,6.792441965213715e-07,2.3245844402793316e-07,2.7997094868790614e-07,6.985827036749107e-06,0.464009636972666,46,highpass
2.196147790096336e-07,6.792441965213715e-07,2.3245844402793316e-07,2.7997094868790614e-07,6.985827036749107e-06,0.464009636972666,46,highpass
2.196147790096336e-07,6.792441965213715e-07,2.3245844402793316e-07,2.7997094868790614e-07,6.7270640379090716e-06,0.4641049780475118,46,highpass
2.196147790096336e-07,6.767768479947478e-07,2.3245844402793316e-07,2.7997094868790614e-07,6.985827036749107e-06,0.46038553283518907,46,highpass
2.196147790096336e-07,6.792441965213715e-07,2.3245844402793316e-07,2.7997094868790614e-07,6.985827036749107e-06,0.464009636972666,46,highpass
2.196147790096336e-07,6.792441965213715e-07,2.3245844402793316e-07,2.7997094868790614e-07,6.985827036749107e-06,0.464009636972666,46,highpass
2.196147790096336e-07,6.792441965213715e-07,2.3245844402793316e-07,2.7997094868790614e-07,6.7270640379090716e-06,0.4641049780475118,47,highpass
2.196147790096336e-07,6.792441965213715e-07,2.3245844402793316e-07,2.7997094868790614e-07,6.985827036749107e-06,0.464009636972666,47,highpass
2.196147790096336e-07,6.792441965213715e-07,2.3245844402793316e-07,2.991361002300709e-07,6.7270640379090716e-06,0.11546781427166754,47,highpass
2.196147790096336e-07,6.792441965213715e-07,2.3245844402793316e-07,2.7997094868790614e-07,6.985827036749107e-06,0.464009636972666,47,highpass
2.196147790096336e-07,6.792441965213715e-07,1.4391212990821648e-07,2.7997094868790614e-07,6.985827036749107e-06,0.09435218952044049,47,highpass
2.196147790096336e-07,6.792441965213715e-07,2.3245844402793316e-07,2.7997094868790614e-07,6.985827036749107e-06,0.464009636972666,47,highpass
2.196147790096336e-07,6.792441965213715e-07,1.55371485963816e-07,2.7997094868790614e-07,6.7270640379090716e-06,0.08166025111213056,47,highpass
2.196147790096336e-07,6.792441965213715e-07,2.499723331999857e-07,2.7997094868790614e-07,6.985827036749107e-06,0.05864434140358826,47,highpass
2.196147790096336e-07,6.792441965213715e-07,2.3245844402793316e-07,2.7997094868790614e-07,6.7270640379090716e-06,0.4641049780475118,47,highpass
2.196147790096336e-07,6.792441965213715e-07,2.3245844402793316e-07,2.7997094868790614e-07,6.985827036749107e-06,0.464009636972666,47,highpass
2.196147790096336e-07,6.792441965213715e-07,2.3245844402793316e-07,2.7997094868790614e-07,6.985827036749107e-06,0.464009636972666,47,highpass
2.196147790096336e-07,6.792441965213715e-07,2.3245844402793316e-07,2.7997094868790614e-07,6.985827036749107e-06,0.464009636972666,47,highpass
2.1936055100300558e-07,6.792441965213715e-07,2.3245844402793316e-07,2.7997094868790614e-07,6.985827036749107e-06,0.43645399587997885,47,highpass
2.196147790096336e-07,6.664681997331417e-07,2.3245844402793316e-07,2.7997094868790614e-07,6.7270640379090716e-06,0.42063584386801023,47,highpass
2.2296959798070805e-07,6.792441965213715e-07,2.3245844402793316e-07,2.7997094868790614e-07,6.985827036749107e-06,0.3689704882641236,47,highpass
2.196147790096336e-07,6.792441965213715e-07,2.3245844402793316e-07,2.7997094868790614e-07,6.985827036749107e-06,0.464009636972666,47,highpass
2.196147790096336e-07,6.792441965213715e-07,2.3245844402793316e-07,2.7997094868790614e-07,6.985827036749107e-06,0.464009636972666,47,highpass
2.196147790096336e-07,6.792441965213715e-07,2.3245844402793316e-07,2.7997094868790614e-07,6.985827036749107e-06,0.464009636972666,47,highpass
2.196147790096336e-07,6.792441965213715e-07,2.3245844402793316e-07,2.7997094868790614e-07,6.7270640379090716e-06,0.4641049780475118,47,highpass
2.196147790096336e-07,6.792441965213715e-07,2.3245844402793316e-07,2.7997094868790614e-07,6.985827036749107e-06,0.464009636972666,47,highpass
2.196147790096336e-07,6.792441965213715e-07,2.3245844402793316e-07,2.7997094868790614e-07,6.7270640379090716e-06,0.4641049780475118,47,highpass
2.196147790096336e-07,6.792441965213715e-07,2.2641546012846642e-07,2.7997094868790614e-07,6.7270640379090716e-06,0.3004506959790438,47,highpass
2.196147790096336e-07,6.792441965213715e-07,2.3245844402793316e-07,2.7997094868790614e-07,6.7270640379090716e-06,0.4641049780475118,47,highpass
2.196147790096336e-07,6.792441965213715e-07,2.3245844402793316e-07,2.7997094868790614e-07,6.985827036749107e-06,0.464009636972666,47,highpass
2.196147790096336e-07,6.792441965213715e-07,2.466059418303343e-07,2.7997094868790614e-07,6.7270640379090716e-06,0.09188511453824276,47,highpass
2.196147790096336e-07,6.792441965213715e-07,2.3245844402793316e-07,2.7997094868790614e-07,6.7270640379090716e-06,0.4641049780475118,47,highpass
2.196147790096336e-07,6.792441965213715e-07,2.3245844402793316e-07,2.7997094868790614e-07,6.7270640379090716e-06,0.4641049780475118,47,highpass
2.196147790096336e-07,6.792441965213715e-07,2.3245844402793316e-07,2.7997094868790614e-07,6.985827036749107e-06,0.464009636972666,47,highpass
2.196147790096336e-07,6.792441965213715e-07,2.3245844402793316e-07,2.7997094868790614e-07,6.985827036749107e-06,0.464009636972666,47,highpass
2.196147790096336e-07,6.792441965213715e-07,2.3245844402793316e-07,2.7997094868790614e-07,6.985827036749107e-06,0.464009636972666,47,highpass
2.196147790096336e-07,6.792441965213715e-07,2.3245844402793316e-07,2.7997094868790614e-07,6.985827036749107e-06,0.464009636972666,47,highpass
1.0901538959360231e-07,6.792441965213715e-07,2.3245844402793316e-07,2.7997094868790614e-07,6.7270640379090716e-06,0.08238239824362957,47,highpass
2.196147790096336e-07,6.792441965213715e-07,2.3245844402793316e-07,2.7997094868790614e-07,6.7270640379090716e-06,0.4641049780475118,47,highpass
2.196147790096336e-07,6.792441965213715e-07,2.3245844402793316e-07,2.7997094868790614e-07,6.985827036749107e-06,0.464009636972666,47,highpass
2.196147790096336e-07,5.635953853330397e-07,2.3245844402793316e-07,2.7997094868790614e-07,6.985827036749107e-06,0.3002132550426753,47,highpass
2.196147790096336e-07,6.792441965213715e-07,2.3245844402793316e-07,2.7997094868790614e-07,6.7270640379090716e-06,0.4641049780475118,47,highpass
2.196147790096336e-07,6.792441965213715e-07,2.3245844402793316e-07,2.7997094868790614e-07,6.985827036749107e-06,0.464009636972666,47,highpass
2.196147790096336e-07,6.792441965213715e-07,2.3245844402793316e-07,2.7997094868790614e-07,6.7270640379090716e-06,0.4641049780475118,47,highpass
2.196147790096336e-07,6.792441965213715e-07,2.3245844402793316e-07,2.7997094868790614e-07,6.985827036749107e-06,0.464009636972666,47,highpass
2.196147790096336e-07,6.792441965213715e-07,2.3245844402793316e-07,2.7997094868790614e-07,6.985827036749107e-06,0.464009636972666,47,highpass
2.196147790096336e-07,6.792441965213715e-07,2.3245844402793316e-07,2.7997094868790614e-07,6.985827036749107e-06,0.464009636972666,47,highpass
2.196147790096336e-07,6.792441965213715e-07,2.3245844402793316e-07,2.7997094868790614e-07,6.985827036749107e-06,0.464009636972666,47,highpass
2.196147790096336e-07,6.792441965213715e-07,2.3245844402793316e-07,2.7997094868790614e-07,6.985827036749107e-06,0.464009636972666,47,highpass
2.196147790096336e-07,6.792441965213715e-07,2.3245844402793316e-07,2.7997094868790614e-07,6.7270640379090716e-06,0.4641049780475118,47,highpass
2.196147790096336e-07,6.792441965213715e-07,2.3245844402793316e-07,2.7997094868790614e-07,6.985827036749107e-06,0.464009636972666,47,highpass
2.196147790096336e-07,6.792441965213715e-07,2.3245844402793316e-07,2.7997094868790614e-07,6.985827036749107e-06,0.464009636972666,47,highpass
2.196147790096336e-07,6.792441965213715e-07,2.3245844402793316e-07,2.7997094868790614e-07,6.7270640379090716e-06,0.4641049780475118,47,highpass
2.196147790096336e-07,6.792441965213715e-07,2.3245844402793316e-07,2.7997094868790614e-07,6.7270640379090716e-06,0.4641049780475118,47,highpass
2.196147790096336e-07,6.792441965213715e-07,2.3245844402793316e-07,2.7997094868790614e-07,6.7270640379090716e-06,0.4641049780475118,47,highpass
2.196147790096336e-07,6.792441965213715e-07,2.3245844402793316e-07,2.7997094868790614e-07,6.7270640379090716e-06,0.4641049780475118,47,highpass
2.196147790096336e-07,6.792441965213715e-07,2.3245844402793316e-07,2.7997094868790614e-07,6.7270640379090716e-06,0.4641049780475118,48,highpass
2.196147790096336e-07,4.593672463911509e-07,2.3245844402793316e-07,2.7997094868790614e-07,6.7270640379090716e-06,0.17718386186380305,48,highpass
2.196147790096336e-07,6.792441965213715e-07,2.3245844402793316e-07,2.7997094868790614e-07,6.7270640379090716e-06,0.4641049780475118,48,highpass
2.196147790096336e-07,6.792441965213715e-07,2.3245844402793316e-07,2.7997094868790614e-07,6.7270640379090716e-06,0.4641049780475118,48,highpass
2.196147790096336e-07,6.955084429407525e-07,2.3245844402793316e-07,2.7997094868790614e-07,6.7270640379090716e-06,0.4005346494449029,48,highpass
2.196147790096336e-07,6.792441965213715e-07,2.3245844402793316e-07,2.7997094868790614e-07,6.7270640379090716e-06,0.4641049780475118,48,highpass
2.196147790096336e-07,6.792441965213715e-07,2.3245844402793316e-07,2.7997094868790614e-07,6.7270640379090716e-06,0.4641049780475118,48,highpass
2.196147790096336e-07,6.792441965213715e-07,2.3245844402793316e-07,2.7997094868790614e-07,6.7270640379090716e-06,0.4641049780475118,48,highpass
2.196147790096336e-07,6.792441965213715e-07,2.3245844402793316e-07,2.7997094868790614e-07,6.985827036749107e-06,0.464009636972666,48,highpass
2.196147790096336e-07,6.792441965213715e-07,2.3245844402793316e-07,2.7997094868790614e-07,6.7270640379090716e-06,0.4641049780475118,48,highpass
2.196147790096336e-07,6.792441965213715e-07,2.3245844402793316e-07,2.7997094868790614e-07,6.7270640379090716e-06,0.4641049780475118,48,highpass
2.196147790096336e-07,6.792441965213715e-07,2.3245844402793316e-07,2.7997094868790614e-07,6.985827036749107e-06,0.464009636972666,48,highpass
1.5061731343790164e-07,6.792441965213715e-07,2.3245844402793316e-07,2.7997094868790614e-07,6.7270640379090716e-06,0.29998170300056093,48,highpass
2.196147790096336e-07,6.792441965213715e-07,2.3245844402793316e-07,2.7997094868790614e-07,6.7270640379090716e-06,0.4641049780475118,48,highpass
2.196147790096336e-07,6.792441965213715e-07,2.3245844402793316e-07,2.7997094868790614e-07,6.985827036749107e-06,0.464009636972666,48,highpass
2.196147790096336e-07,6.792441965213715e-07,2.3245844402793316e-07,2.7997094868790614e-07,6.7270640379090716e-06,0.4641049780475118,48,highpass
2.196147790096336e-07,6.792441965213715e-07,2.3245844402793316e-07,2.7997094868790614e-07,6.7270640379090716e-06,0.4641049780475118,48,highpass
2.196147790096336e-07,6.792441965213715e-07,2.3245844402793316e-07,2.7997094868790614e-07,6.7270640379090716e-06,0.4641049780475118,48,highpass
2.196147790096336e-07,6.792441965213715e-07,2.3245844402793316e-07,2.7997094868790614e-07,6.7270640379090716e-06,0.4641049780475118,48,highpass
2.196147790096336e-07,6.792441965213715e-07,2.3245844402793316e-07,2.7997094868790614e-07,6.7270640379090716e-06,0.4641049780475118,48,highpass
2.196147790096336e-07,6.792441965213715e-07,2.3245844402793316e-07,2.7997094868790614e-07,6.7270640379090716e-06,0.4641049780475118,48,highpass
2.196147790096336e-07,6.792441965213715e-07,2.3245844402793316e-07,2.7997094868790614e-07,5.407258494092851e-06,0.3880330936448861,48,highpass
2.196147790096336e-07,6.920668896367099e-07,2.3245844402793316e-07,2.7997094868790614e-07,6.7270640379090716e-06,0.4192360293386945,48,highpass
2.196147790096336e-07,6.792441965213715e-07,2.3245844402793316e-07,2.7997094868790614e-07,6.7270640379090716e-06,0.4641049780475118,48,highpass
2.196147790096336e-07,6.792441965213715e-07,2.3245844402793316e-07,2.7997094868790614e-07,6.7270640379090716e-06,0.4641049780475118,48,highpass
2.196147790096336e-07,6.792441965213715e-07,2.3245844402793316e-07,2.7997094868790614e-07,6.7270640379090716e-06,0.4641049780475118,48,highpass
2.196147790096336e-07,6.792441965213715e-07,2.3245844402793316e-07,2.7997094868790614e-07,6.7270640379090716e-06,0.4641049780475118,48,highpass
2.196147790096336e-07,6.792441965213715e-07,2.3245844402793316e-07,2.7997094868790614e-07,6.985827036749107e-06,0.464009636972666,48,highpass
2.196147790096336e-07,5.864556331800958e-07,2.3245844402793316e-07,2.7997094868790614e-07,6.985827036749107e-06,0.3012729355714505,48,highpass
2.196147790096336e-07,6.792441965213715e-07,2.3245844402793316e-07,2.7997094868790614e-07,6.7270640379090716e-06,0.4641049780475118,48,highpass
2.196147790096336e-07,6.792441965213715e-07,2.3245844402793316e-07,2.7997094868790614e-07,6.7270640379090716e-06,0.4641049780475118,48,highpass
2.196147790096336e-07,6.792441965213715e-07,2.3245844402793316e-07,2.7997094868790614e-07,6.985827036749107e-06,0.464009636972666,48,highpass
2.196147790096336e-07,6.792441965213715e-07,2.3245844402793316e-07,2.7997094868790614e-07,6.7270640379090716e-06,0.4641049780475118,48,highpass
2.196147790096336e-07,6.792441965213715e-07,2.3245844402793316e-07,2.7997094868790614e-07,6.7270640379090716e-06,0.4641049780475118,48,highpass
2.1591748194061284e-07,6.792441965213715e-07,2.3245844402793316e-07,2.7997094868790614e-07,6.7270640379090716e-06,0.42722772823135957,48,highpass
2.196147790096336e-07,4.473585290744348e-07,2.3245844402793316e-07,2.7997094868790614e-07,6.7270640379090716e-06,0.1803147486595918,48,highpass
2.196147790096336e-07,5.737123366097794e-07,2.3245844402793316e-07,2.7997094868790614e-07,6.7270640379090716e-06,0.30054086895045495,48,highpass
2.196147790096336e-07,6.792441965213715e-07,2.3245844402793316e-07,2.7997094868790614e-07,6.7270640379090716e-06,0.4641049780475118,48,highpass
2.196147790096336e-07,6.792441965213715e-07,2.3245844402793316e-07,2.7997094868790614e-07,6.985827036749107e-06,0.464009636972666,48,highpass
2.196147790096336e-07,6.792441965213715e-07,2.3245844402793316e-07,2.7997094868790614e-07,6.7270640379090716e-06,0.4641049780475118,48,highpass
2.196147790096336e-07,6.792441965213715e-07,2.3245844402793316e-07,2.7997094868790614e-07,6.7270640379090716e-06,0.4641049780475118,48,highpass
2.196147790096336e-07,6.792441965213715e-07,2.3245844402793316e-07,2.7997094868790614e-07,6.7270640379090716e-06,0.4641049780475118,48,highpass
2.196147790096336e-07,6.792441965213715e-07,2.3245844402793316e-07,2.7997094868790614e-07,6.7270640379090716e-06,0.4641049780475118,48,highpass
2.196147790096336e-07,6.792441965213715e-07,2.3245844402793316e-07,2.7997094868790614e-07,6.7270640379090716e-06,0.4641049780475118,48,highpass
2.196147790096336e-07,6.792441965213715e-07,2.3245844402793316e-07,2.7997094868790614e-07,6.7270640379090716e-06,0.4641049780475118,48,highpass
2.196147790096336e-07,6.792441965213715e-07,2.3245844402793316e-07,2.7997094868790614e-07,6.7270640379090716e-06,0.4641049780475118,48,highpass
2.196147790096336e-07,6.792441965213715e-07,2.3245844402793316e-07,2.7997094868790614e-07,6.7270640379090716e-06,0.4641049780475118,48,highpass
2.196147790096336e-07,6.792441965213715e-07,2.3245844402793316e-07,2.7997094868790614e-07,6.7270640379090716e-06,0.4641049780475118,48,highpass
2.196147790096336e-07,6.792441965213715e-07,2.3245844402793316e-07,2.2512152366516233e-07,6.7270640379090716e-06,0.3000226519667518,48,highpass
2.196147790096336e-07,6.792441965213715e-07,2.3245844402793316e-07,2.7997094868790614e-07,6.7270640379090716e-06,0.4641049780475118,48,highpass
2.196147790096336e-07,6.792441965213715e-07,2.3245844402793316e-07,2.7997094868790614e-07,6.7270640379090716e-06,0.4641049780475118,49,highpass
2.196147790096336e-07,6.792441965213715e-07,2.3245844402793316e-07,2.7997094868790614e-07,6.7270640379090716e-06,0.4641049780475118,49,highpass
2.196147790096336e-07,6.792441965213715e-07,2.3245844402793316e-07,2.7997094868790614e-07,1.7168861114141733e-05,0.3494355265498475,49,highpass
2.196147790096336e-07,6.792441965213715e-07,2.3245844402793316e-07,2.7997094868790614e-07,6.7270640379090716e-06,0.4641049780475118,49,highpass
2.196147790096336e-07,6.792441965213715e-07,2.3245844402793316e-07,2.7997094868790614e-07,6.7270640379090716e-06,0.4641049780475118,49,highpass
1.405136398782341e-07,6.792441965213715e-07,2.3245844402793316e-07,2.7997094868790614e-07,6.7270640379090716e-06,0.2999574761713547,49,highpass
2.196147790096336e-07,6.792441965213715e-07,2.3245844402793316e-07,2.7997094868790614e-07,6.7270640379090716e-06,0.4641049780475118,49,highpass
2.196147790096336e-07,6.792441965213715e-07,2.3245844402793316e-07,2.7997094868790614e-07,6.7270640379090716e-06,0.4641049780475118,49,highpass
2.196147790096336e-07,6.792441965213715e-07,2.3245844402793316e-07,2.7997094868790614e-07,6.7270640379090716e-06,0.4641049780475118,49,highpass
2.196147790096336e-07,6.792441965213715e-07,2.3245844402793316e-07,2.7997094868790614e-07,6.7270640379090716e-06,0.4641049780475118,49,highpass
2.196147790096336e-07,6.792441965213715e-07,2.3245844402793316e-07,2.7997094868790614e-07,6.7270640379090716e-06,0.4641049780475118,49,highpass
2.1127157687615157e-07,6.792441965213715e-07,2.3245844402793316e-07,2.7997094868790614e-07,6.7270640379090716e-06,0.3694378056681698,49,highpass
2.196147790096336e-07,6.792441965213715e-07,2.3245844402793316e-07,2.7997094868790614e-07,6.7270640379090716e-06,0.4641049780475118,49,highpass
2.196147790096336e-07,6.792441965213715e-07,2.3245844402793316e-07,2.7997094868790614e-07,6.7270640379090716e-06,0.4641049780475118,49,highpass
2.196147790096336e-07,6.986515680086612e-07,2.3245844402793316e-07,2.7997094868790614e-07,6.7270640379090716e-06,0.3868123848884202,49,highpass
2.196147790096336e-07,6.792441965213715e-07,2.3245844402793316e-07,2.7997094868790614e-07,6.7270640379090716e-06,0.4641049780475118,49,highpass
2.196147790096336e-07,6.792441965213715e-07,2.3245844402793316e-07,2.7997094868790614e-07,6.7270640379090716e-06,0.4641049780475118,49,highpass
2.196147790096336e-07,6.792441965213715e-07,2.3245844402793316e-07,2.7997094868790614e-07,6.7270640379090716e-06,0.4641049780475118,49,highpass
2.196147790096336e-07,6.792441965213715e-07,2.3245844402793316e-07,2.7997094868790614e-07,6.7270640379090716e-06,0.4641049780475118,49,highpass
2.196147790096336e-07,6.792441965213715e-07,2.3245844402793316e-07,2.7997094868790614e-07,6.7270640379090716e-06,0.4641049780475118,49,highpass
2.196147790096336e-07,6.792441965213715e-07,2.3245844402793316e-07,2.7997094868790614e-07,6.7270640379090716e-06,0.4641049780475118,49,highpass
2.196147790096336e-07,6.792441965213715e-07,2.3245844402793316e-07,2.760445246013302e-07,6.7270640379090716e-06,0.40414088897882017,49,highpass
2.196147790096336e-07,6.792441965213715e-07,2.3245844402793316e-07,2.7997094868790614e-07,6.7270640379090716e-06,0.4641049780475118,49,highpass
2.196147790096336e-07,6.792441965213715e-07,2.3245844402793316e-07,2.7997094868790614e-07,6.7270640379090716e-06,0.4641049780475118,49,highpass
2.196147790096336e-07,6.792441965213715e-07,2.3245844402793316e-07,2.7997094868790614e-07,6.7270640379090716e-06,0.4641049780475118,49,highpass
2.196147790096336e-07,6.792441965213715e-07,2.3245844402793316e-07,2.7997094868790614e-07,6.7270640379090716e-06,0.4641049780475118,49,highpass
2.196147790096336e-07,6.792441965213715e-07,2.3245844402793316e-07,2.7997094868790614e-07,6.7270640379090716e-06,0.4641049780475118,49,highpass
2.196147790096336e-07,6.792441965213715e-07,2.3245844402793316e-07,2.7997094868790614e-07,6.7270640379090716e-06,0.4641049780475118,49,highpass
2.196147790096336e-07,6.792441965213715e-07,2.3245844402793316e-07,2.7997094868790614e-07,6.7270640379090716e-06,0.4641049780475118,49,highpass
2.196147790096336e-07,6.792441965213715e-07,2.3245844402793316e-07,2.7997094868790614e-07,6.7270640379090716e-06,0.4641049780475118,49,highpass
2.196147790096336e-07,6.792441965213715e-07,2.3245844402793316e-07,2.7997094868790614e-07,6.7270640379090716e-06,0.4641049780475118,49,highpass
2.196147790096336e-07,6.792441965213715e-07,2.3245844402793316e-07,2.7997094868790614e-07,8.781163592317318e-06,0.34449540264670786,49,highpass
2.196147790096336e-07,6.792441965213715e-07,2.3245844402793316e-07,2.7997094868790614e-07,6.7270640379090716e-06,0.4641049780475118,49,highpass
2.196147790096336e-07,6.792441965213715e-07,2.3245844402793316e-07,2.7997094868790614e-07,6.7270640379090716e-06,0.4641049780475118,49,highpass
2.196147790096336e-07,6.949708115806772e-07,2.3245844402793316e-07,2.7997094868790614e-07,6.7270640379090716e-06,0.40328069989379806,49,highpass
1.467219972045312e-07,6.792441965213715e-07,2.3245844402793316e-07,2.7997094868790614e-07,6.7270640379090716e-06,0.3000277481086858,49,highpass
2.196147790096336e-07,6.792441965213715e-07,2.3245844402793316e-07,2.8153044711776663e-07,6.7270640379090716e-06,0.4370384139708374,49,highpass
2.196147790096336e-07,6.792441965213715e-07,2.3245844402793316e-07,2.7997094868790614e-07,6.7270640379090716e-06,0.4641049780475118,49,highpass
2.196147790096336e-07,6.792441965213715e-07,2.3245844402793316e-07,2.7997094868790614e-07,6.7270640379090716e-06,0.4641049780475118,49,highpass
2.196147790096336e-07,6.792441965213715e-07,2.3245844402793316e-07,2.7997094868790614e-07,6.7270640379090716e-06,0.4641049780475118,49,highpass
2.196147790096336e-07,6.792441965213715e-07,2.3245844402793316e-07,2.7997094868790614e-07,6.7270640379090716e-06,0.4641049780475118,49,highpass
2.196147790096336e-07,5.305339858473135e-07,2.3245844402793316e-07,2.7997094868790614e-07,6.7270640379090716e-06,0.3000234564695422,49,highpass
2.196147790096336e-07,6.792441965213715e-07,2.3245844402793316e-07,2.7997094868790614e-07,6.7270640379090716e-06,0.4641049780475118,49,highpass
2.196147790096336e-07,6.792441965213715e-07,2.3245844402793316e-07,2.7997094868790614e-07,6.7270640379090716e-06,0.4641049780475118,49,highpass
2.196147790096336e-07,6.792441965213715e-07,2.3245844402793316e-07,2.7997094868790614e-07,6.7270640379090716e-06,0.4641049780475118,49,highpass
2.196147790096336e-07,6.792441965213715e-07,2.3245844402793316e-07,2.7997094868790614e-07,6.7270640379090716e-06,0.4641049780475118,49,highpass
2.196147790096336e-07,6.792441965213715e-07,2.3245844402793316e-07,2.7997094868790614e-07,6.7270640379090716e-06,0.4641049780475118,49,highpass
2.196147790096336e-07,6.792441965213715e-07,2.3245844402793316e-07,2.7997094868790614e-07,6.7270640379090716e-06,0.4641049780475118,49,highpass
2.196147790096336e-07,6.792441965213715e-07,2.3245844402793316e-07,2.7997094868790614e-07,6.7270640379090716e-06,0.4641049780475118,49,highpass
2.196147790096336e-07,6.792441965213715e-07,2.3245844402793316e-07,2.7997094868790614e-07,6.7270640379090716e-06,0.4641049780475118,49,highpass
2.196147790096336e-07,6.792441965213715e-07,2.3245844402793316e-07,2.7997094868790614e-07,6.7270640379090716e-06,0.4641049780475118,50,highpass
2.196147790096336e-07,6.792441965213715e-07,2.3245844402793316e-07,2.7997094868790614e-07,6.7270640379090716e-06,0.4641049780475118,50,highpass
2.196147790096336e-07,6.792441965213715e-07,2.3245844402793316e-07,2.7997094868790614e-07,6.7270640379090716e-06,0.4641049780475118,50,highpass
2.196147790096336e-07,6.792441965213715e-07,2.3245844402793316e-07,2.7997094868790614e-07,6.7270640379090716e-06,0.4641049780475118,50,highpass
2.196147790096336e-07,6.792441965213715e-07,2.3245844402793316e-07,2.7997094868790614e-07,6.7270640379090716e-06,0.4641049780475118,50,highpass
1.803795432588486e-07,6.792441965213715e-07,2.3245844402793316e-07,2.7997094868790614e-07,6.7270640379090716e-06,0.30010704044185404,50,highpass
2.196147790096336e-07,6.792441965213715e-07,2.3245844402793316e-07,2.7997094868790614e-07,6.7270640379090716e-06,0.4641049780475118,50,highpass
2.196147790096336e-07,6.792441965213715e-07,2.3245844402793316e-07,2.7997094868790614e-07,6.7270640379090716e-06,0.4641049780475118,50,highpass
2.196147790096336e-07,6.86986294500774e-07,2.3245844402793316e-07,2.7997094868790614e-07,6.7270640379090716e-06,0.44782245899340795,50,highpass
2.2495466817071335e-07,6.792441965213715e-07,2.3245844402793316e-07,2.7997094868790614e-07,6.7270640379090716e-06,0.35197864549152535,50,highpass
2.196147790096336e-07,6.792441965213715e-07,2.3245844402793316e-07,2.7997094868790614e-07,6.7270640379090716e-06,0.4641049780475118,50,highpass
2.196147790096336e-07,6.792441965213715e-07,2.3245844402793316e-07,1.5319225075146248e-07,6.7270640379090716e-06,0.20332927536248172,50,highpass
2.196147790096336e-07,6.792441965213715e-07,2.3245844402793316e-07,1.763047279857321e-07,6.7270640379090716e-06,0.2999540875072025,50,highpass
2.196147790096336e-07,6.792441965213715e-07,2.3245844402793316e-07,2.7997094868790614e-07,6.7270640379090716e-06,0.4641049780475118,50,highpass
2.196147790096336e-07,6.792441965213715e-07,2.3245844402793316e-07,2.7997094868790614e-07,6.7270640379090716e-06,0.4641049780475118,50,highpass
2.196147790096336e-07,6.979336317454729e-07,2.3245844402793316e-07,2.7997094868790614e-07,6.7270640379090716e-06,0.38958714556417434,50,highpass
2.196147790096336e-07,6.792441965213715e-07,2.3245844402793316e-07,2.7997094868790614e-07,6.7270640379090716e-06,0.4641049780475118,50,highpass
2.196147790096336e-07,6.792441965213715e-07,2.3245844402793316e-07,2.7997094868790614e-07,6.7270640379090716e-06,0.4641049780475118,50,highpass
2.196147790096336e-07,6.792441965213715e-07,2.3245844402793316e-07,2.7997094868790614e-07,6.7270640379090716e-06,0.4641049780475118,50,highpass
2.196147790096336e-07,6.792441965213715e-07,2.3245844402793316e-07,2.7997094868790614e-07,6.7270640379090716e-06,0.4641049780475118,50,highpass
2.196147790096336e-07,6.792441965213715e-07,2.3245844402793316e-07,2.7997094868790614e-07,6.7270640379090716e-06,0.4641049780475118,50,highpass
2.196147790096336e-07,6.792441965213715e-07,2.3245844402793316e-07,2.7997094868790614e-07,6.7270640379090716e-06,0.4641049780475118,50,highpass
2.196147790096336e-07,6.792441965213715e-07,2.3245844402793316e-07,2.7997094868790614e-07,6.7270640379090716e-06,0.4641049780475118,50,highpass
2.196147790096336e-07,6.792441965213715e-07,2.3245844402793316e-07,2.7997094868790614e-07,6.7270640379090716e-06,0.4641049780475118,50,highpass
2.196147790096336e-07,6.792441965213715e-07,2.3245844402793316e-07,2.7997094868790614e-07,6.7270640379090716e-06,0.4641049780475118,50,highpass
2.196147790096336e-07,6.792441965213715e-07,2.3245844402793316e-07,2.7997094868790614e-07,6.7270640379090716e-06,0.4641049780475118,50,highpass
2.196147790096336e-07,6.792441965213715e-07,2.3245844402793316e-07,2.7997094868790614e-07,6.7270640379090716e-06,0.4641049780475118,50,highpass
2.196147790096336e-07,6.792441965213715e-07,2.3245844402793316e-07,2.7997094868790614e-07,6.7270640379090716e-06,0.4641049780475118,50,highpass
2.196147790096336e-07,6.792441965213715e-07,2.3245844402793316e-07,2.7997094868790614e-07,6.7270640379090716e-06,0.4641049780475118,50,highpass
2.196147790096336e-07,6.792441965213715e-07,2.3245844402793316e-07,2.7997094868790614e-07,6.7270640379090716e-06,0.4641049780475118,50,highpass
2.196147790096336e-07,6.792441965213715e-07,2.3245844402793316e-07,2.7997094868790614e-07,6.7270640379090716e-06,0.4641049780475118,50,highpass
2.196147790096336e-07,6.792441965213715e-07,2.3245844402793316e-07,2.7997094868790614e-07,6.7270640379090716e-06,0.4641049780475118,50,highpass
2.196147790096336e-07,6.792441965213715e-07,2.3245844402793316e-07,2.7997094868790614e-07,6.7270640379090716e-06,0.4641049780475118,50,highpass
2.196147790096336e-07,6.792441965213715e-07,2.3245844402793316e-07,2.7997094868790614e-07,6.7270640379090716e-06,0.4641049780475118,50,highpass
2.196147790096336e-07,6.792441965213715e-07,2.3245844402793316e-07,2.7997094868790614e-07,6.7270640379090716e-06,0.4641049780475118,50,highpass
2.196147790096336e-07,6.792441965213715e-07,2.3245844402793316e-07,2.7997094868790614e-07,6.7270640379090716e-06,0.4641049780475118,50,highpass
1.362453434475871e-07,6.792441965213715e-07,2.3245844402793316e-07,2.7997094868790614e-07,6.7270640379090716e-06,0.2998601693664124,50,highpass
2.196147790096336e-07,6.792441965213715e-07,2.3245844402793316e-07,2.7997094868790614e-07,6.7270640379090716e-06,0.4641049780475118,50,highpass
2.196147790096336e-07,6.792441965213715e-07,2.3245844402793316e-07,2.7997094868790614e-07,6.7270640379090716e-06,0.4641049780475118,50,highpass
2.196147790096336e-07,6.792441965213715e-07,2.3245844402793316e-07,2.7997094868790614e-07,6.7270640379090716e-06,0.4641049780475118,50,highpass
2.196147790096336e-07,6.792441965213715e-07,2.3245844402793316e-07,2.7997094868790614e-07,6.7270640379090716e-06,0.4641049780475118,50,highpass
2.196147790096336e-07,6.792441965213715e-07,2.3245844402793316e-07,2.7997094868790614e-07,6.7270640379090716e-06,0.4641049780475118,50,highpass
2.196147790096336e-07,6.792441965213715e-07,2.3245844402793316e-07,2.729549065264311e-07,6.7270640379090716e-06,0.4040120121704334,50,highpass
2.196147790096336e-07,6.792441965213715e-07,2.3245844402793316e-07,2.7997094868790614e-07,6.7270640379090716e-06,0.4641049780475118,50,highpass
2.196147790096336e-07,6.792441965213715e-07,2.3245844402793316e-07,2.7997094868790614e-07,6.7270640379090716e-06,0.4641049780475118,50,highpass
2.196147790096336e-07,6.792441965213715e-07,2.3245844402793316e-07,2.7997094868790614e-07,6.7270640379090716e-06,0.4641049780475118,50,highpass
2.196147790096336e-07,6.792441965213715e-07,1.202578559370574e-07,2.7997094868790614e-07,6.7270640379090716e-06,0.14079746004425148,50,highpass
2.196147790096336e-07,6.792441965213715e-07,2.3245844402793316e-07,2.7997094868790614e-07,6.7270640379090716e-06,0.4641049780475118,50,highpass
2.196147790096336e-07,6.792441965213715e-07,2.3245844402793316e-07,2.7997094868790614e-07,6.7270640379090716e-06,0.4641049780475118,50,highpass
2.196147790096336e-07,6.792441965213715e-07,1.7230492551359933e-07,2.7997094868790614e-07,6.7270640379090716e-06,0.18885324210117002,50,highpass
2.196147790096336e-07,6.792441965213715e-07,2.3245844402793316e-07,2.7997094868790614e-07,6.7270640379090716e-06,-inf,51,highpass
2.196147790096336e-07,6.792441965213715e-07,2.3245844402793316e-07,2.7997094868790614e-07,6.7270640379090716e-06,-inf,51,highpass
1.8171040568241725e-07,6.792441965213715e-07,2.3245844402793316e-07,2.7997094868790614e-07,6.7270640379090716e-06,0.3004111054379507,51,highpass
2.196147790096336e-07,6.792441965213715e-07,2.3245844402793316e-07,2.7997094868790614e-07,6.7270640379090716e-06,-inf,51,highpass
2.196147790096336e-07,6.792441965213715e-07,2.3245844402793316e-07,2.7997094868790614e-07,6.7270640379090716e-06,-inf,51,highpass
2.196147790096336e-07,6.792441965213715e-07,2.3245844402793316e-07,2.7997094868790614e-07,6.7270640379090716e-06,-inf,51,highpass
2.196147790096336e-07,6.792441965213715e-07,2.338183012831407e-07,2.7997094868790614e-07,6.7270640379090716e-06,0.39214939865257004,51,highpass
2.196147790096336e-07,6.792441965213715e-07,2.3982787484002175e-07,2.7997094868790614e-07,6.7270640379090716e-06,0.12045638849340344,51,highpass
2.196147790096336e-07,6.792441965213715e-07,2.3245844402793316e-07,2.733399851215912e-07,6.7270640379090716e-06,0.40243240376749445,51,highpass
2.196147790096336e-07,6.792441965213715e-07,2.3245844402793316e-07,2.7997094868790614e-07,6.7270640379090716e-06,-inf,51,highpass
2.196147790096336e-07,6.792441965213715e-07,2.3245844402793316e-07,2.7997094868790614e-07,6.7270640379090716e-06,-inf,51,highpass
2.196147790096336e-07,6.792441965213715e-07,2.3245844402793316e-07,2.7997094868790614e-07,8.96697542509394e-06,0.33143270067669156,51,highpass
2.196147790096336e-07,6.792441965213715e-07,2.3245844402793316e-07,2.7997094868790614e-07,8.407464143790331e-06,0.3448759976534767,51,highpass
2.196147790096336e-07,6.792441965213715e-07,2.3245844402793316e-07,2.7997094868790614e-07,6.7270640379090716e-06,-inf,51,highpass
2.196147790096336e-07,6.792441965213715e-07,2.3245844402793316e-07,2.7997094868790614e-07,6.7270640379090716e-06,-inf,51,highpass
2.196147790096336e-07,6.792441965213715e-07,2.3245844402793316e-07,2.7997094868790614e-07,6.7270640379090716e-06,-inf,51,highpass
2.196147790096336e-07,6.792441965213715e-07,2.3245844402793316e-07,2.7997094868790614e-07,6.7270640379090716e-06,-inf,51,highpass
2.196147790096336e-07,6.792441965213715e-07,2.3245844402793316e-07,2.7997094868790614e-07,6.7270640379090716e-06,-inf,51,highpass
2.196147790096336e-07,6.792441965213715e-07,2.3245844402793316e-07,2.7997094868790614e-07,6.7270640379090716e-06,-inf,51,highpass
2.196147790096336e-07,6.792441965213715e-07,2.3245844402793316e-07,2.7997094868790614e-07,6.7270640379090716e-06,-inf,51,highpass
2.196147790096336e-07,6.792441965213715e-07,2.3245844402793316e-07,2.7997094868790614e-07,6.7270640379090716e-06,-inf,51,highpass
2.196147790096336e-07,6.792441965213715e-07,2.3245844402793316e-07,2.7997094868790614e-07,6.7270640379090716e-06,-inf,51,highpass
2.196147790096336e-07,6.792441965213715e-07,2.3245844402793316e-07,2.7997094868790614e-07,6.7270640379090716e-06,-inf,51,highpass
2.196147790096336e-07,6.792441965213715e-07,2.3245844402793316e-07,2.7997094868790614e-07,6.7270640379090716e-06,-inf,51,highpass
2.196147790096336e-07,6.792441965213715e-07,2.3245844402793316e-07,2.7997094868790614e-07,6.7270640379090716e-06,-inf,51,highpass
2.196147790096336e-07,6.792441965213715e-07,2.3245844402793316e-07,2.7997094868790614e-07,6.7270640379090716e-06,-inf,51,highpass
2.196147790096336e-07,6.792441965213715e-07,2.3245844402793316e-07,2.7997094868790614e-07,6.7270640379090716e-06,-inf,51,highpass
2.196147790096336e-07,6.792441965213715e-07,2.3245844402793316e-07,2.7997094868790614e-07,6.7270640379090716e-06,-inf,51,highpass
2.196147790096336e-07,6.792441965213715e-07,2.3245844402793316e-07,2.7997094868790614e-07,6.7270640379090716e-06,-inf,51,highpass
2.196147790096336e-07,6.792441965213715e-07,2.3245844402793316e-07,2.7997094868790614e-07,6.7270640379090716e-06,-inf,51,highpass
2.196147790096336e-07,6.792441965213715e-07,2.3245844402793316e-07,2.7997094868790614e-07,6.7270640379090716e-06,-inf,51,highpass
2.196147790096336e-07,6.792441965213715e-07,2.3245844402793316e-07,2.7997094868790614e-07,6.7270640379090716e-06,-inf,51,highpass
2.196147790096336e-07,6.792441965213715e-07,1.2963109884118566e-07,2.7997094868790614e-07,6.7270640379090716e-06,0.08840542828564087,51,highpass
2.196147790096336e-07,6.792441965213715e-07,2.3245844402793316e-07,2.7997094868790614e-07,6.7270640379090716e-06,-inf,51,highpass
2.196147790096336e-07,6.792441965213715e-07,2.3245844402793316e-07,2.7997094868790614e-07,6.7270640379090716e-06,-inf,51,highpass
2.196147790096336e-07,6.792441965213715e-07,2.3245844402793316e-07,2.7997094868790614e-07,6.7270640379090716e-06,-inf,51,highpass
2.196147790096336e-07,6.792441965213715e-07,2.3245844402793316e-07,2.7997094868790614e-07,6.7270640379090716e-06,-inf,51,highpass
2.196147790096336e-07,6.792441965213715e-07,2.3245844402793316e-07,2.7997094868790614e-07,6.7270640379090716e-06,-inf,51,highpass
2.196147790096336e-07,6.792441965213715e-07,2.3245844402793316e-07,2.7997094868790614e-07,6.7270640379090716e-06,-inf,51,highpass
2.196147790096336e-07,6.792441965213715e-07,2.3245844402793316e-07,2.7997094868790614e-07,6.7270640379090716e-06,-inf,51,highpass
2.196147790096336e-07,6.792441965213715e-07,2.3245844402793316e-07,2.732268371553921e-07,6.7270640379090716e-06,0.40243240376749445,51,highpass
2.196147790096336e-07,6.792441965213715e-07,2.3245844402793316e-07,2.7997094868790614e-07,6.7270640379090716e-06,-inf,51,highpass
2.196147790096336e-07,6.792441965213715e-07,2.3245844402793316e-07,2.7997094868790614e-07,6.7270640379090716e-06,-inf,51,highpass
2.196147790096336e-07,6.792441965213715e-07,2.3245844402793316e-07,2.7997094868790614e-07,6.7270640379090716e-06,-inf,51,highpass
2.196147790096336e-07,6.792441965213715e-07,2.3245844402793316e-07,2.7997094868790614e-07,6.7270640379090716e-06,-inf,51,highpass
2.196147790096336e-07,6.792441965213715e-07,2.3245844402793316e-07,2.7997094868790614e-07,6.7270640379090716e-06,-inf,51,highpass
2.196147790096336e-07,6.792441965213715e-07,2.3245844402793316e-07,2.7997094868790614e-07,6.7270640379090716e-06,-inf,51,highpass
2.196147790096336e-07,6.792441965213715e-07,2.3245844402793316e-07,2.7997094868790614e-07,6.7270640379090716e-06,-inf,51,highpass
2.196147790096336e-07,3.837847772109616e-07,2.3245844402793316e-07,2.7997094868790614e-07,6.7270640379090716e-06,0.19657193646412538,51,highpass
2.196147790096336e-07,6.792441965213715e-07,2.3245844402793316e-07,2.7997094868790614e-07,6.7270640379090716e-06,-inf,51,highpass
2.196147790096336e-07,6.792441965213715e-07,2.3245844402793316e-07,2.7997094868790614e-07,6.7270640379090716e-06,0.4641049780475118,52,highpass
2.196147790096336e-07,6.792441965213715e-07,1.3508410693394833e-07,2.7997094868790614e-07,6.7270640379090716e-06,0.09155779140102317,52,highpass
2.196147790096336e-07,6.792441965213715e-07,2.3245844402793316e-07,2.7997094868790614e-07,6.7270640379090716e-06,0.4641049780475118,52,highpass
2.196147790096336e-07,3.837847772109616e-07,2.3245844402793316e-07,2.7997094868790614e-07,6.7270640379090716e-06,0.19657193646412538,52,highpass
2.196147790096336e-07,6.792441965213715e-07,2.3245844402793316e-07,2.732268371553921e-07,6.7270640379090716e-06,0.40243240376749445,52,highpass
1.8171040568241725e-07,6.792441965213715e-07,2.3245844402793316e-07,2.7997094868790614e-07,8.96697542509394e-06,0.30009530257013195,52,highpass
2.0306141752486992e-07,6.792441965213715e-07,2.3245844402793316e-07,2.7997094868790614e-07,6.7270640379090716e-06,0.31488418132155815,52,highpass
2.196147790096336e-07,6.792441965213715e-07,2.3245844402793316e-07,2.7579403963649306e-07,8.407464143790331e-06,0.31850843674937396,52,highpass
2.196147790096336e-07,6.792441965213715e-07,2.3245844402793316e-07,2.6562586534258815e-07,6.7270640379090716e-06,0.4057228338295915,52,highpass
2.196147790096336e-07,6.792441965213715e-07,2.3245844402793316e-07,2.7997094868790614e-07,6.7270640379090716e-06,0.4641049780475118,52,highpass
2.196147790096336e-07,6.792441965213715e-07,1.2137193761843143e-07,2.7997094868790614e-07,6.7270640379090716e-06,0.1071552584029492,52,highpass
2.196147790096336e-07,6.792441965213715e-07,2.3245844402793316e-07,2.775503205480434e-07,6.7270640379090716e-06,0.4279594938180204,52,highpass
2.196147790096336e-07,6.792441965213715e-07,2.3245844402793316e-07,2.7997094868790614e-07,8.96697542509394e-06,0.33143270067669156,52,highpass
1.8171040568241725e-07,6.792441965213715e-07,2.3245844402793316e-07,2.7997094868790614e-07,6.7270640379090716e-06,0.3004111054379507,52,highpass
2.196147790096336e-07,6.792441965213715e-07,1.2963109884118566e-07,2.7997094868790614e-07,6.7270640379090716e-06,0.08840542828564087,52,highpass
2.196147790096336e-07,6.792441965213715e-07,2.338183012831407e-07,2.7997094868790614e-07,8.407464143790331e-06,0.42021557754976646,52,highpass
2.196147790096336e-07,6.792441965213715e-07,1.0704390334248793e-07,2.732268371553921e-07,6.7270640379090716e-06,0.18230612651270633,52,highpass
2.196147790096336e-07,6.792441965213715e-07,2.3245844402793316e-07,2.732268371553921e-07,6.735714190771183e-06,0.40259906502819043,52,highpass
2.196147790096336e-07,6.792441965213715e-07,2.3245844402793316e-07,2.7997094868790614e-07,6.7270640379090716e-06,0.4641049780475118,52,highpass
2.196147790096336e-07,6.792441965213715e-07,2.3245844402793316e-07,2.7997094868790614e-07,6.7270640379090716e-06,0.4641049780475118,52,highpass
2.196147790096336e-07,6.792441965213715e-07,2.3245844402793316e-07,2.7997094868790614e-07,6.7270640379090716e-06,0.4641049780475118,52,highpass
2.196147790096336e-07,6.792441965213715e-07,2.3245844402793316e-07,2.733399851215912e-07,6.7270640379090716e-06,0.40243240376749445,52,highpass
2.1562022321917804e-07,6.792441965213715e-07,2.3245844402793316e-07,2.733399851215912e-07,6.7270640379090716e-06,0.40062711717319804,52,highpass
2.196147790096336e-07,6.792441965213715e-07,2.3245844402793316e-07,2.7997094868790614e-07,6.7270640379090716e-06,0.4641049780475118,52,highpass
2.196147790096336e-07,6.73381163241551e-07,2.3245844402793316e-07,2.7997094868790614e-07,6.7270640379090716e-06,0.4508900804569175,52,highpass
2.196147790096336e-07,6.792441965213715e-07,2.3245844402793316e-07,2.7997094868790614e-07,6.7270640379090716e-06,0.4641049780475118,52,highpass
2.196147790096336e-07,6.792441965213715e-07,2.3245844402793316e-07,2.7997094868790614e-07,6.7270640379090716e-06,0.4641049780475118,52,highpass
2.196147790096336e-07,6.792441965213715e-07,2.3245844402793316e-07,2.732268371553921e-07,6.7270640379090716e-06,0.40243240376749445,52,highpass
1.8171040568241725e-07,6.792441965213715e-07,2.3245844402793316e-07,2.7997094868790614e-07,6.7270640379090716e-06,0.3004111054379507,52,highpass
2.196147790096336e-07,3.837847772109616e-07,2.3245844402793316e-07,2.7997094868790614e-07,6.7270640379090716e-06,0.19657193646412538,52,highpass
2.196147790096336e-07,6.792441965213715e-07,2.3245844402793316e-07,2.732268371553921e-07,6.7270640379090716e-06,0.40243240376749445,52,highpass
2.196147790096336e-07,6.792441965213715e-07,2.3245844402793316e-07,2.7997094868790614e-07,6.7270640379090716e-06,0.4641049780475118,52,highpass
2.196147790096336e-07,6.792441965213715e-07,2.3245844402793316e-07,2.7997094868790614e-07,6.7270640379090716e-06,0.4641049780475118,52,highpass
2.196147790096336e-07,6.792441965213715e-07,2.305440763879866e-07,2.733399851215912e-07,6.7270640379090716e-06,0.331542712761282,52,highpass
2.196147790096336e-07,6.948405358164165e-07,1.2963109884118566e-07,2.7997094868790614e-07,6.7270640379090716e-06,0.08470061263176701,52,highpass
2.196147790096336e-07,6.792441965213715e-07,2.3245844402793316e-07,2.733399851215912e-07,6.7270640379090716e-06,0.40243240376749445,52,highpass
2.196147790096336e-07,6.792441965213715e-07,2.3245844402793316e-07,2.7997094868790614e-07,6.7270640379090716e-06,0.4641049780475118,52,highpass
1.8171040568241725e-07,6.792441965213715e-07,2.3245844402793316e-07,2.7997094868790614e-07,6.7270640379090716e-06,0.3004111054379507,52,highpass
2.196147790096336e-07,6.792441965213715e-07,2.3245844402793316e-07,2.7997094868790614e-07,6.7270640379090716e-06,0.4641049780475118,52,highpass
2.196147790096336e-07,6.792441965213715e-07,2.3245844402793316e-07,2.7997094868790614e-07,8.96697542509394e-06,0.33143270067669156,52,highpass
2.196147790096336e-07,6.792441965213715e-07,2.3245844402793316e-07,2.7997094868790614e-07,6.7270640379090716e-06,0.4641049780475118,52,highpass
2.196147790096336e-07,6.792441965213715e-07,2.3245844402793316e-07,2.8391165808096485e-07,6.7270640379090716e-06,0.3898256165136665,52,highpass
2.196147790096336e-07,3.837847772109616e-07,2.3245844402793316e-07,2.7997094868790614e-07,6.7270640379090716e-06,0.19657193646412538,52,highpass
2.196147790096336e-07,6.792441965213715e-07,2.338183012831407e-07,2.7997094868790614e-07,6.7270640379090716e-06,0.39214939865257004,52,highpass
2.196147790096336e-07,6.792441965213715e-07,2.259774750766105e-07,2.7997094868790614e-07,6.7270640379090716e-06,0.3003470664273989,52,highpass
2.196147790096336e-07,6.792441965213715e-07,2.3245844402793316e-07,2.732268371553921e-07,6.7270640379090716e-06,0.40243240376749445,52,highpass
2.196147790096336e-07,6.792441965213715e-07,2.3245844402793316e-07,2.7997094868790614e-07,6.7270640379090716e-06,0.4641049780475118,52,highpass
2.196147790096336e-07,6.792441965213715e-07,2.3245844402793316e-07,2.7997094868790614e-07,6.7270640379090716e-06,0.4641049780475118,52,highpass
2.196147790096336e-07,3.5888804184586785e-07,2.3245844402793316e-07,2.7997094868790614e-07,6.7270640379090716e-06,0.20190249082374634,52,highpass
2.196147790096336e-07,6.792441965213715e-07,2.3245844402793316e-07,2.7997094868790614e-07,6.7270640379090716e-06,0.4641049780475118,52,highpass
2.196147790096336e-07,6.792441965213715e-07,2.3245844402793316e-07,2.7997094868790614e-07,6.7270640379090716e-06,0.4641049780475118,53,highpass
2.196147790096336e-07,6.792441965213715e-07,2.3245844402793316e-07,2.7997094868790614e-07,6.7270640379090716e-06,0.4641049780475118,53,highpass
2.196147790096336e-07,6.792441965213715e-07,2.3245844402793316e-07,2.0906253180438983e-07,6.7270640379090716e-06,0.2999937319715325,53,highpass
2.196147790096336e-07,6.792441965213715e-07,2.3245844402793316e-07,2.7997094868790614e-07,6.7270640379090716e-06,0.4641049780475118,53,highpass
2.196147790096336e-07,6.792441965213715e-07,2.3245844402793316e-07,2.7997094868790614e-07,7.69598531120184e-06,0.3854148268104509,53,highpass
2.196147790096336e-07,4.339527306374563e-07,2.3245844402793316e-07,2.7997094868790614e-07,6.7270640379090716e-06,0.18472896537300995,53,highpass
2.196147790096336e-07,6.792441965213715e-07,2.3245844402793316e-07,2.7997094868790614e-07,6.7270640379090716e-06,0.4641049780475118,53,highpass
2.196147790096336e-07,6.792441965213715e-07,2.3245844402793316e-07,2.7997094868790614e-07,6.7270640379090716e-06,0.4641049780475118,53,highpass
2.196147790096336e-07,6.792441965213715e-07,2.3245844402793316e-07,2.7997094868790614e-07,6.7270640379090716e-06,0.4641049780475118,53,highpass
2.196147790096336e-07,6.792441965213715e-07,2.3245844402793316e-07,2.839640208348879e-07,6.7270640379090716e-06,0.3900551593830831,53,highpass
2.196147790096336e-07,6.792441965213715e-07,2.3245844402793316e-07,2.732268371553921e-07,6.735714190771183e-06,0.40259906502819043,53,highpass
2.196147790096336e-07,6.792441965213715e-07,2.3245844402793316e-07,2.732268371553921e-07,6.7270640379090716e-06,0.40243240376749445,53,highpass
2.196147790096336e-07,6.792441965213715e-07,2.3245844402793316e-07,2.7997094868790614e-07,6.7270640379090716e-06,0.4641049780475118,53,highpass
2.196147790096336e-07,6.792441965213715e-07,2.3245844402793316e-07,2.7997094868790614e-07,6.7270640379090716e-06,0.4641049780475118,53,highpass
2.196147790096336e-07,6.792441965213715e-07,2.3245844402793316e-07,2.7997094868790614e-07,6.7270640379090716e-06,0.4641049780475118,53,highpass
2.196147790096336e-07,6.792441965213715e-07,2.3245844402793316e-07,2.7997094868790614e-07,6.7270640379090716e-06,0.4641049780475118,53,highpass
2.196147790096336e-07,6.970158509745987e-07,2.3245844402793316e-07,2.7997094868790614e-07,6.7270640379090716e-06,0.3934471445991024,53,highpass
2.196147790096336e-07,6.792441965213715e-07,2.3245844402793316e-07,2.7997094868790614e-07,6.7270640379090716e-06,0.4641049780475118,53,highpass
2.196147790096336e-07,6.792441965213715e-07,2.3245844402793316e-07,2.7997094868790614e-07,3.3254803672749474e-05,0.3021258929071553,53,highpass
2.196147790096336e-07,6.792441965213715e-07,2.338183012831407e-07,2.775503205480434e-07,6.7270640379090716e-06,0.4202015216618223,53,highpass
2.248698720538769e-07,6.792441965213715e-07,2.3245844402793316e-07,2.6562586534258815e-07,6.7270640379090716e-06,0.422542769064479,53,highpass
2.196147790096336e-07,6.792441965213715e-07,2.3245844402793316e-07,2.7997094868790614e-07,6.7270640379090716e-06,0.4641049780475118,53,highpass
2.196147790096336e-07,6.792441965213715e-07,2.1757943196672682e-07,2.7997094868790614e-07,6.7270640379090716e-06,0.29999004930485856,53,highpass
2.196147790096336e-07,6.792441965213715e-07,2.3245844402793316e-07,2.7997094868790614e-07,6.7270640379090716e-06,0.4641049780475118,53,highpass
2.196147790096336e-07,6.792441965213715e-07,2.3245844402793316e-07,2.7997094868790614e-07,6.7270640379090716e-06,0.4641049780475118,53,highpass
2.196147790096336e-07,6.792441965213715e-07,2.3245844402793316e-07,2.7997094868790614e-07,6.7270640379090716e-06,0.4641049780475118,53,highpass
2.196147790096336e-07,6.792441965213715e-07,2.3245844402793316e-07,2.7997094868790614e-07,6.7270640379090716e-06,0.4641049780475118,53,highpass
2.1337216318818062e-07,6.792441965213715e-07,2.3245844402793316e-07,2.7997094868790614e-07,6.7270640379090716e-06,0.406142273789445,53,highpass
2.196147790096336e-07,6.792441965213715e-07,1.4422614019209203e-07,2.7997094868790614e-07,6.7270640379090716e-06,0.09429790543771326,53,highpass
2.196147790096336e-07,6.792441965213715e-07,2.3245844402793316e-07,2.7997094868790614e-07,6.7270640379090716e-06,0.4641049780475118,53,highpass
2.196147790096336e-07,6.792441965213715e-07,2.3245844402793316e-07,2.7997094868790614e-07,6.7270640379090716e-06,0.4641049780475118,53,highpass
2.196147790096336e-07,6.792441965213715e-07,2.3245844402793316e-07,2.7997094868790614e-07,6.7270640379090716e-06,0.4641049780475118,53,highpass
2.196147790096336e-07,6.792441965213715e-07,2.3245844402793316e-07,2.5389656984831473e-07,6.7270640379090716e-06,0.32733806129892257,53,highpass
2.196147790096336e-07,6.792441965213715e-07,2.3245844402793316e-07,2.724949166527049e-07,6.7270640379090716e-06,0.40728244563442484,53,highpass
2.196147790096336e-07,6.792441965213715e-07,2.3245844402793316e-07,2.7997094868790614e-07,3.832751693847809e-05,0.30038160220777144,53,highpass
2.196147790096336e-07,6.792441965213715e-07,2.3245844402793316e-07,2.7997094868790614e-07,6.7270640379090716e-06,0.4641049780475118,53,highpass
2.196147790096336e-07,6.792441965213715e-07,2.3245844402793316e-07,2.7997094868790614e-07,6.7270640379090716e-06,0.4641049780475118,53,highpass
2.196147790096336e-07,6.792441965213715e-07,2.3245844402793316e-07,2.7997094868790614e-07,6.7270640379090716e-06,0.4641049780475118,53,highpass
2.2124939548001193e-07,6.792441965213715e-07,2.3245844402793316e-07,2.7997094868790614e-07,6.7270640379090716e-06,0.44525195202091605,53,highpass
2.196147790096336e-07,6.792441965213715e-07,2.3245844402793316e-07,2.7997094868790614e-07,6.7270640379090716e-06,0.4641049780475118,53,highpass
2.196147790096336e-07,6.792441965213715e-07,2.3245844402793316e-07,2.6562586534258815e-07,6.7270640379090716e-06,0.4057228338295915,53,highpass
2.196147790096336e-07,6.792441965213715e-07,2.3245844402793316e-07,2.7997094868790614e-07,6.7270640379090716e-06,0.4641049780475118,53,highpass
2.196147790096336e-07,6.792441965213715e-07,2.3707748198954743e-07,2.7997094868790614e-07,6.7270640379090716e-06,0.3503923234387285,53,highpass
2.196147790096336e-07,6.792441965213715e-07,2.3245844402793316e-07,2.7997094868790614e-07,6.7270640379090716e-06,0.4641049780475118,53,highpass
2.196147790096336e-07,6.792441965213715e-07,2.3245844402793316e-07,2.7997094868790614e-07,6.7270640379090716e-06,0.4641049780475118,53,highpass
2.196147790096336e-07,6.792441965213715e-07,2.3245844402793316e-07,2.7997094868790614e-07,6.7270640379090716e-06,0.4641049780475118,53,highpass
2.196147790096336e-07,6.73381163241551e-07,2.3245844402793316e-07,2.917272973689401e-07,6.7270640379090716e-06,0.3540322282571836,53,highpass
2.196147790096336e-07,6.792441965213715e-07,2.3245844402793316e-07,2.7997094868790614e-07,6.7270640379090716e-06,0.4641049780475118,53,highpass
2.196147790096336e-07,6.792441965213715e-07,2.3245844402793316e-07,2.7997094868790614e-07,6.7270640379090716e-06,0.4641049780475118,53,highpass
2.196147790096336e-07,6.792441965213715e-07,2.3245844402793316e-07,2.7997094868790614e-07,6.7270640379090716e-06,0.4641049780475118,53,highpass
2.196147790096336e-07,6.792441965213715e-07,2.3245844402793316e-07,2.7997094868790614e-07,6.7270640379090716e-06,0.4641049780475118,54,highpass
2.196147790096336e-07,6.792441965213715e-07,2.3245844402793316e-07,2.7997094868790614e-07,6.7270640379090716e-06,0.4641049780475118,54,highpass
2.196147790096336e-07,5.920078600585687e-07,2.3245844402793316e-07,2.7997094868790614e-07,6.7270640379090716e-06,0.3011416098847388,54,highpass
2.196147790096336e-07,6.792441965213715e-07,2.3245844402793316e-07,2.7997094868790614e-07,6.7270640379090716e-06,0.4641049780475118,54,highpass
2.196147790096336e-07,6.792441965213715e-07,2.3245844402793316e-07,2.7997094868790614e-07,6.7270640379090716e-06,0.4641049780475118,54,highpass
2.196147790096336e-07,6.792441965213715e-07,2.3245844402793316e-07,2.7997094868790614e-07,6.7270640379090716e-06,0.4641049780475118,54,highpass
2.196147790096336e-07,6.792441965213715e-07,2.3245844402793316e-07,2.7997094868790614e-07,6.7270640379090716e-06,0.4641049780475118,54,highpass
2.196147790096336e-07,6.792441965213715e-07,2.3245844402793316e-07,2.7997094868790614e-07,6.7270640379090716e-06,0.4641049780475118,54,highpass
2.196147790096336e-07,6.792441965213715e-07,2.3245844402793316e-07,2.7997094868790614e-07,6.7270640379090716e-06,0.4641049780475118,54,highpass
2.196147790096336e-07,6.792441965213715e-07,2.3245844402793316e-07,2.7997094868790614e-07,6.7270640379090716e-06,0.4641049780475118,54,highpass
2.196147790096336e-07,6.792441965213715e-07,2.3245844402793316e-07,2.7997094868790614e-07,6.7270640379090716e-06,0.4641049780475118,54,highpass
2.196147790096336e-07,6.792441965213715e-07,2.3245844402793316e-07,2.7997094868790614e-07,6.7270640379090716e-06,0.4641049780475118,54,highpass
2.196147790096336e-07,6.600589020466174e-07,2.3245844402793316e-07,2.7997094868790614e-07,6.7270640379090716e-06,0.3839079951566269,54,highpass
2.196147790096336e-07,6.792441965213715e-07,2.3245844402793316e-07,2.7997094868790614e-07,6.7270640379090716e-06,0.4641049780475118,54,highpass
2.1337216318818062e-07,6.792441965213715e-07,2.3245844402793316e-07,2.7997094868790614e-07,6.7270640379090716e-06,0.406142273789445,54,highpass
2.196147790096336e-07,6.792441965213715e-07,2.3245844402793316e-07,2.7997094868790614e-07,6.7270640379090716e-06,0.4641049780475118,54,highpass
2.196147790096336e-07,6.792441965213715e-07,2.3245844402793316e-07,2.7997094868790614e-07,6.7270640379090716e-06,0.4641049780475118,54,highpass
2.196147790096336e-07,6.792441965213715e-07,2.3245844402793316e-07,2.7997094868790614e-07,6.7270640379090716e-06,0.4641049780475118,54,highpass
2.196147790096336e-07,6.792441965213715e-07,2.3245844402793316e-07,2.7997094868790614e-07,6.7270640379090716e-06,0.4641049780475118,54,highpass
2.196147790096336e-07,6.792441965213715e-07,2.3245844402793316e-07,2.7997094868790614e-07,1.607183748743921e-05,0.3269166899347642,54,highpass
2.196147790096336e-07,6.792441965213715e-07,2.3245844402793316e-07,1.6098671197225938e-07,6.7270640379090716e-06,0.2936256747679176,54,highpass
2.196147790096336e-07,6.792441965213715e-07,2.3245844402793316e-07,2.7997094868790614e-07,6.7270640379090716e-06,0.4641049780475118,54,highpass
2.196147790096336e-07,6.792441965213715e-07,2.3245844402793316e-07,2.7997094868790614e-07,6.7270640379090716e-06,0.4641049780475118,54,highpass
2.196147790096336e-07,6.792441965213715e-07,2.3245844402793316e-07,2.8312582856488683e-07,6.7270640379090716e-06,0.3941631453575874,54,highpass
2.196147790096336e-07,6.792441965213715e-07,2.3245844402793316e-07,2.7997094868790614e-07,6.7270640379090716e-06,0.4641049780475118,54,highpass
2.196147790096336e-07,6.792441965213715e-07,2.3245844402793316e-07,2.7997094868790614e-07,6.7270640379090716e-06,0.4641049780475118,54,highpass
2.196147790096336e-07,6.792441965213715e-07,2.3245844402793316e-07,2.7997094868790614e-07,6.7270640379090716e-06,0.4641049780475118,54,highpass
2.196147790096336e-07,6.792441965213715e-07,2.3245844402793316e-07,2.7997094868790614e-07,6.7270640379090716e-06,0.4641049780475118,54,highpass
1.428300123891281e-07,6.792441965213715e-07,2.3245844402793316e-07,2.7997094868790614e-07,6.7270640379090716e-06,0.29999782596968616,54,highpass
2.196147790096336e-07,6.792441965213715e-07,2.3245844402793316e-07,2.7997094868790614e-07,6.7270640379090716e-06,0.4641049780475118,54,highpass
2.196147790096336e-07,6.792441965213715e-07,2.3245844402793316e-07,2.7997094868790614e-07,5.4921105054067315e-06,0.39071227197425207,54,highpass
2.196147790096336e-07,6.792441965213715e-07,2.0304147154586725e-07,2.7997094868790614e-07,6.7270640379090716e-06,0.3000035113910364,54,highpass
2.196147790096336e-07,6.792441965213715e-07,2.3245844402793316e-07,2.7997094868790614e-07,6.7270640379090716e-06,0.4641049780475118,54,highpass
2.196147790096336e-07,6.792441965213715e-07,2.3245844402793316e-07,2.7997094868790614e-07,6.7270640379090716e-06,0.4641049780475118,54,highpass
2.196147790096336e-07,6.792441965213715e-07,2.3245844402793316e-07,2.7997094868790614e-07,6.7270640379090716e-06,0.4641049780475118,54,highpass
2.196147790096336e-07,6.792441965213715e-07,2.3245844402793316e-07,2.7997094868790614e-07,6.7270640379090716e-06,0.4641049780475118,54,highpass
2.196147790096336e-07,6.792441965213715e-07,2.3245844402793316e-07,2.7997094868790614e-07,6.7270640379090716e-06,0.4641049780475118,54,highpass
2.196147790096336e-07,6.792441965213715e-07,2.064888017633716e-07,2.7997094868790614e-07,6.7270640379090716e-06,0.30000856823296734,54,highpass
2.196147790096336e-07,6.792441965213715e-07,2.3245844402793316e-07,2.7997094868790614e-07,6.7270640379090716e-06,0.4641049780475118,54,highpass
2.196147790096336e-07,6.792441965213715e-07,2.3245844402793316e-07,2.7997094868790614e-07,6.7270640379090716e-06,0.4641049780475118,54,highpass
2.196147790096336e-07,6.792441965213715e-07,2.3245844402793316e-07,2.7997094868790614e-07,6.7270640379090716e-06,0.4641049780475118,54,highpass
2.196147790096336e-07,6.792441965213715e-07,2.305833038659963e-07,2.7997094868790614e-07,6.7270640379090716e-06,0.33240795535489587,54,highpass
2.196147790096336e-07,6.792441965213715e-07,2.3245844402793316e-07,2.7997094868790614e-07,6.7270640379090716e-06,0.4641049780475118,54,highpass
2.196147790096336e-07,6.792441965213715e-07,2.3245844402793316e-07,2.7997094868790614e-07,6.7270640379090716e-06,0.4641049780475118,54,highpass
2.196147790096336e-07,6.792441965213715e-07,2.3245844402793316e-07,2.7997094868790614e-07,6.7270640379090716e-06,0.4641049780475118,54,highpass
2.196147790096336e-07,6.019662343267311e-07,2.3245844402793316e-07,2.7997094868790614e-07,6.7270640379090716e-06,0.3044918854751653,54,highpass
2.196147790096336e-07,6.792441965213715e-07,2.3245844402793316e-07,2.7997094868790614e-07,6.7270640379090716e-06,0.4641049780475118,54,highpass
2.196147790096336e-07,6.792441965213715e-07,2.3245844402793316e-07,2.7997094868790614e-07,6.7270640379090716e-06,0.4641049780475118,54,highpass
2.196147790096336e-07,6.792441965213715e-07,2.3245844402793316e-07,2.7997094868790614e-07,6.7270640379090716e-06,0.4641049780475118,54,highpass
2.196147790096336e-07,6.792441965213715e-07,2.3245844402793316e-07,2.7997094868790614e-07,6.7270640379090716e-06,0.4641049780475118,54,highpass
2.196147790096336e-07,6.792441965213715e-07,2.3245844402793316e-07,2.7997094868790614e-07,6.7270640379090716e-06,0.4641049780475118,55,highpass
2.196147790096336e-07,6.792441965213715e-07,2.3245844402793316e-07,2.7997094868790614e-07,6.7270640379090716e-06,0.4641049780475118,55,highpass
2.196147790096336e-07,6.792441965213715e-07,2.3245844402793316e-07,2.7997094868790614e-07,6.7270640379090716e-06,0.4641049780475118,55,highpass
2.196147790096336e-07,6.792441965213715e-07,2.3245844402793316e-07,2.7997094868790614e-07,6.7270640379090716e-06,0.4641049780475118,55,highpass
2.196147790096336e-07,5.917904570487815e-07,2.3245844402793316e-07,2.7997094868790614e-07,6.7270640379090716e-06,0.30114669386124976,55,highpass
2.196147790096336e-07,6.792441965213715e-07,2.3245844402793316e-07,2.7997094868790614e-07,6.7270640379090716e-06,0.4641049780475118,55,highpass
2.196147790096336e-07,6.792441965213715e-07,2.2936328659863142e-07,2.7997094868790614e-07,6.7270640379090716e-06,0.3024791427957266,55,highpass
2.196147790096336e-07,6.792441965213715e-07,2.3245844402793316e-07,2.7997094868790614e-07,6.7270640379090716e-06,0.4641049780475118,55,highpass
2.196147790096336e-07,6.792441965213715e-07,2.3245844402793316e-07,2.7997094868790614e-07,6.7270640379090716e-06,0.4641049780475118,55,highpass
2.196147790096336e-07,6.792441965213715e-07,2.3245844402793316e-07,2.7997094868790614e-07,6.7270640379090716e-06,0.4641049780475118,55,highpass
2.196147790096336e-07,6.792441965213715e-07,2.3245844402793316e-07,2.7997094868790614e-07,6.7270640379090716e-06,0.4641049780475118,55,highpass
2.196147790096336e-07,6.792441965213715e-07,2.3245844402793316e-07,2.7997094868790614e-07,6.7270640379090716e-06,0.4641049780475118,55,highpass
2.196147790096336e-07,6.792441965213715e-07,2.3245844402793316e-07,2.7997094868790614e-07,6.7270640379090716e-06,0.4641049780475118,55,highpass
2.196147790096336e-07,6.792441965213715e-07,2.3245844402793316e-07,2.7997094868790614e-07,6.7270640379090716e-06,0.4641049780475118,55,highpass
2.196147790096336e-07,6.792441965213715e-07,1.1179651165577598e-07,2.7997094868790614e-07,6.7270640379090716e-06,0.15042384507815434,55,highpass
2.196147790096336e-07,6.792441965213715e-07,2.3245844402793316e-07,2.7997094868790614e-07,6.7270640379090716e-06,0.4641049780475118,55,highpass
2.196147790096336e-07,6.792441965213715e-07,2.3245844402793316e-07,2.7997094868790614e-07,6.7270640379090716e-06,0.4641049780475118,55,highpass
2.196147790096336e-07,6.792441965213715e-07,2.3245844402793316e-07,2.7997094868790614e-07,6.7270640379090716e-06,0.4641049780475118,55,highpass
2.196147790096336e-07,6.792441965213715e-07,2.3245844402793316e-07,2.7997094868790614e-07,6.7270640379090716e-06,0.4641049780475118,55,highpass
2.196147790096336e-07,6.792441965213715e-07,2.3245844402793316e-07,2.7997094868790614e-07,6.7270640379090716e-06,0.4641049780475118,55,highpass
2.196147790096336e-07,6.792441965213715e-07,2.3245844402793316e-07,2.7997094868790614e-07,6.7270640379090716e-06,0.4641049780475118,55,highpass
2.196147790096336e-07,6.792441965213715e-07,2.3245844402793316e-07,2.7997094868790614e-07,6.7270640379090716e-06,0.4641049780475118,55,highpass
2.196147790096336e-07,6.792441965213715e-07,2.3245844402793316e-07,2.7997094868790614e-07,7.50466196891077e-06,0.3856450831758732,55,highpass
2.196147790096336e-07,6.792441965213715e-07,2.3245844402793316e-07,2.7997094868790614e-07,6.7270640379090716e-06,0.4641049780475118,55,highpass
2.196147790096336e-07,6.792441965213715e-07,2.3245844402793316e-07,2.7997094868790614e-07,6.7270640379090716e-06,0.4641049780475118,55,highpass
2.196147790096336e-07,6.792441965213715e-07,2.3245844402793316e-07,2.7997094868790614e-07,6.7270640379090716e-06,0.4641049780475118,55,highpass
2.196147790096336e-07,6.792441965213715e-07,2.315187035323705e-07,2.7997094868790614e-07,6.7270640379090716e-06,0.4641049780475118,55,highpass
2.196147790096336e-07,6.792441965213715e-07,2.3245844402793316e-07,2.7997094868790614e-07,6.7270640379090716e-06,0.4641049780475118,55,highpass
2.196147790096336e-07,6.792441965213715e-07,2.3245844402793316e-07,2.7997094868790614e-07,6.7270640379090716e-06,0.4641049780475118,55,highpass
2.196147790096336e-07,6.792441965213715e-07,2.3245844402793316e-07,2.7997094868790614e-07,6.7270640379090716e-06,0.4641049780475118,55,highpass
2.196147790096336e-07,6.792441965213715e-07,2.3245844402793316e-07,2.7997094868790614e-07,6.7270640379090716e-06,0.4641049780475118,55,highpass
2.196147790096336e-07,6.792441965213715e-07,2.3245844402793316e-07,2.7997094868790614e-07,6.7270640379090716e-06,0.4641049780475118,55,highpass
2.196147790096336e-07,6.792441965213715e-07,2.3245844402793316e-07,2.7997094868790614e-07,6.7270640379090716e-06,0.4641049780475118,55,highpass
2.196147790096336e-07,6.792441965213715e-07,2.3245844402793316e-07,2.7997094868790614e-07,6.7270640379090716e-06,0.4641049780475118,55,highpass
1.2004611519441948e-07,6.792441965213715e-07,2.3245844402793316e-07,2.7997094868790614e-07,6.7270640379090716e-06,0.04286591156673457,55,highpass
2.196147790096336e-07,6.792441965213715e-07,2.399053955484991e-07,2.7997094868790614e-07,6.7270640379090716e-06,0.12058140361970514,55,highpass
1.7413389216405813e-07,6.792441965213715e-07,2.3245844402793316e-07,2.7997094868790614e-07,6.7270640379090716e-06,0.3000420290786384,55,highpass
2.196147790096336e-07,6.792441965213715e-07,2.3245844402793316e-07,2.7997094868790614e-07,6.7270640379090716e-06,0.4641049780475118,55,highpass
2.196147790096336e-07,6.792441965213715e-07,2.3245844402793316e-07,2.7997094868790614e-07,6.7270640379090716e-06,0.4641049780475118,55,highpass
2.196147790096336e-07,6.792441965213715e-07,2.3245844402793316e-07,2.94748325671441e-07,6.7270640379090716e-06,0.2274002521483655,55,highpass
2.196147790096336e-07,6.792441965213715e-07,2.3245844402793316e-07,2.7997094868790614e-07,6.7270640379090716e-06,0.4641049780475118,55,highpass
2.196147790096336e-07,6.792441965213715e-07,2.3245844402793316e-07,2.7997094868790614e-07,6.7270640379090716e-06,0.4641049780475118,55,highpass
2.196147790096336e-07,6.792441965213715e-07,2.3245844402793316e-07,2.7997094868790614e-07,6.7270640379090716e-06,0.4641049780475118,55,highpass
2.196147790096336e-07,6.792441965213715e-07,2.3245844402793316e-07,2.7997094868790614e-07,6.7270640379090716e-06,0.4641049780475118,55,highpass
2.196147790096336e-07,6.792441965213715e-07,2.3245844402793316e-07,2.7997094868790614e-07,6.7270640379090716e-06,0.4641049780475118,55,highpass
2.196147790096336e-07,6.792441965213715e-07,2.3245844402793316e-07,2.7997094868790614e-07,6.7270640379090716e-06,0.4641049780475118,55,highpass
2.196147790096336e-07,6.792441965213715e-07,2.3245844402793316e-07,2.7997094868790614e-07,6.7270640379090716e-06,0.4641049780475118,55,highpass
2.196147790096336e-07,6.792441965213715e-07,2.3245844402793316e-07,2.7997094868790614e-07,6.7270640379090716e-06,0.4641049780475118,55,highpass
2.196147790096336e-07,6.792441965213715e-07,2.3245844402793316e-07,2.7997094868790614e-07,6.7270640379090716e-06,0.4641049780475118,55,highpass
2.196147790096336e-07,6.792441965213715e-07,2.3245844402793316e-07,2.7997094868790614e-07,6.7270640379090716e-06,0.4641049780475118,55,highpass
2.196147790096336e-07,6.792441965213715e-07,2.3245844402793316e-07,2.7997094868790614e-07,6.7270640379090716e-06,0.4641049780475118,56,highpass
2.196147790096336e-07,6.792441965213715e-07,2.3245844402793316e-07,2.7997094868790614e-07,6.7270640379090716e-06,0.4641049780475118,56,highpass
2.196147790096336e-07,6.792441965213715e-07,2.3245844402793316e-07,2.7997094868790614e-07,6.7270640379090716e-06,0.4641049780475118,56,highpass
2.196147790096336e-07,6.792441965213715e-07,2.3245844402793316e-07,2.7997094868790614e-07,6.7270640379090716e-06,0.4641049780475118,56,highpass
2.196147790096336e-07,6.792441965213715e-07,2.3245844402793316e-07,2.7997094868790614e-07,6.7270640379090716e-06,0.4641049780475118,56,highpass
2.196147790096336e-07,6.792441965213715e-07,2.3245844402793316e-07,2.7997094868790614e-07,6.7270640379090716e-06,0.4641049780475118,56,highpass
2.196147790096336e-07,6.792441965213715e-07,2.3245844402793316e-07,2.7997094868790614e-07,6.7270640379090716e-06,0.4641049780475118,56,highpass
2.196147790096336e-07,6.792441965213715e-07,2.3245844402793316e-07,2.7997094868790614e-07,6.7270640379090716e-06,0.4641049780475118,56,highpass
2.196147790096336e-07,6.792441965213715e-07,2.3245844402793316e-07,2.2649951867064045e-07,6.7270640379090716e-06,0.3000386481674119,56,highpass
2.196147790096336e-07,6.792441965213715e-07,1.7567717259738254e-07,2.7997094868790614e-07,6.7270640379090716e-06,0.1935667247636706,56,highpass
2.196147790096336e-07,6.792441965213715e-07,2.3245844402793316e-07,2.7997094868790614e-07,6.7270640379090716e-06,0.4641049780475118,56,highpass
2.196147790096336e-07,6.792441965213715e-07,2.3245844402793316e-07,2.7997094868790614e-07,6.7270640379090716e-06,0.4641049780475118,56,highpass
2.196147790096336e-07,6.792441965213715e-07,2.3245844402793316e-07,2.7997094868790614e-07,6.7270640379090716e-06,0.4641049780475118,56,highpass
2.196147790096336e-07,6.792441965213715e-07,2.3245844402793316e-07,2.7997094868790614e-07,6.7270640379090716e-06,0.4641049780475118,56,highpass
2.2128000170983916e-07,6.792441965213715e-07,2.3245844402793316e-07,2.7997094868790614e-07,6.7270640379090716e-06,0.45298315262094235,56,highpass
2.196147790096336e-07,6.697767677024074e-07,2.3245844402793316e-07,2.7997094868790614e-07,6.7270640379090716e-06,0.43293084574918667,56,highpass
2.196147790096336e-07,6.792441965213715e-07,2.3245844402793316e-07,2.7997094868790614e-07,6.7270640379090716e-06,0.4641049780475118,56,highpass
2.196147790096336e-07,6.792441965213715e-07,2.3245844402793316e-07,2.7997094868790614e-07,6.7270640379090716e-06,0.4641049780475118,56,highpass
2.196147790096336e-07,6.792441965213715e-07,2.3245844402793316e-07,2.7997094868790614e-07,6.7270640379090716e-06,0.4641049780475118,56,highpass
2.196147790096336e-07,6.792441965213715e-07,2.3245844402793316e-07,2.7997094868790614e-07,6.7270640379090716e-06,0.4641049780475118,56,highpass
1.9592876821756408e-07,6.792441965213715e-07,2.3245844402793316e-07,2.7997094868790614e-07,6.7270640379090716e-06,0.3022753288196654,56,highpass
2.209039507408042e-07,6.792441965213715e-07,2.3245844402793316e-07,2.7997094868790614e-07,6.7270640379090716e-06,0.45298315262094235,56,highpass
2.196147790096336e-07,6.792441965213715e-07,2.3245844402793316e-07,2.7997094868790614e-07,6.7270640379090716e-06,0.4641049780475118,56,highpass
2.196147790096336e-07,6.792441965213715e-07,2.3245844402793316e-07,2.7997094868790614e-07,6.7270640379090716e-06,0.4641049780475118,56,highpass
2.196147790096336e-07,6.792441965213715e-07,2.3245844402793316e-07,2.7997094868790614e-07,6.7270640379090716e-06,0.4641049780475118,56,highpass
2.196147790096336e-07,6.792441965213715e-07,2.3245844402793316e-07,2.7997094868790614e-07,1.8983018331111254e-05,0.33162633796264795,56,highpass
2.196147790096336e-07,6.792441965213715e-07,2.3245844402793316e-07,2.7997094868790614e-07,6.7270640379090716e-06,0.4641049780475118,56,highpass
2.196147790096336e-07,6.792441965213715e-07,2.3245844402793316e-07,2.7997094868790614e-07,6.7270640379090716e-06,0.4641049780475118,56,highpass
2.196147790096336e-07,6.792441965213715e-07,2.315187035323705e-07,2.7997094868790614e-07,6.7270640379090716e-06,0.4641049780475118,56,highpass
2.196147790096336e-07,6.792441965213715e-07,2.3245844402793316e-07,2.7997094868790614e-07,6.7270640379090716e-06,0.4641049780475118,56,highpass
2.395264570246271e-07,6.792441965213715e-07,2.3245844402793316e-07,2.7997094868790614e-07,6.7270640379090716e-06,0.3505727225384736,56,highpass
2.196147790096336e-07,6.792441965213715e-07,2.3245844402793316e-07,2.7997094868790614e-07,6.7270640379090716e-06,0.4641049780475118,56,highpass
2.196147790096336e-07,6.792441965213715e-07,2.3245844402793316e-07,2.7997094868790614e-07,6.7270640379090716e-06,0.4641049780475118,56,highpass
2.196147790096336e-07,6.792441965213715e-07,2.3245844402793316e-07,2.7997094868790614e-07,6.7270640379090716e-06,0.4641049780475118,56,highpass
2.196147790096336e-07,6.792441965213715e-07,2.3245844402793316e-07,2.7997094868790614e-07,6.7270640379090716e-06,0.4641049780475118,56,highpass
2.196147790096336e-07,6.792441965213715e-07,2.3245844402793316e-07,2.7997094868790614e-07,6.7270640379090716e-06,0.4641049780475118,56,highpass
2.196147790096336e-07,6.792441965213715e-07,2.3245844402793316e-07,2.7997094868790614e-07,6.7270640379090716e-06,0.4641049780475118,56,highpass
2.196147790096336e-07,6.792441965213715e-07,2.3245844402793316e-07,2.7997094868790614e-07,6.7270640379090716e-06,0.4641049780475118,56,highpass
2.196147790096336e-07,6.792441965213715e-07,2.3245844402793316e-07,2.7997094868790614e-07,6.7270640379090716e-06,0.4641049780475118,56,highpass
2.196147790096336e-07,6.792441965213715e-07,2.3245844402793316e-07,2.7997094868790614e-07,6.7270640379090716e-06,0.4641049780475118,56,highpass
2.196147790096336e-07,6.792441965213715e-07,2.3245844402793316e-07,2.7997094868790614e-07,6.7270640379090716e-06,0.4641049780475118,56,highpass
2.196147790096336e-07,6.792441965213715e-07,2.3245844402793316e-07,2.7997094868790614e-07,6.7270640379090716e-06,0.4641049780475118,56,highpass
2.196147790096336e-07,6.792441965213715e-07,2.3245844402793316e-07,2.7997094868790614e-07,6.7270640379090716e-06,0.4641049780475118,56,highpass
2.196147790096336e-07,6.792441965213715e-07,2.3245844402793316e-07,2.7997094868790614e-07,6.7270640379090716e-06,0.4641049780475118,56,highpass
2.196147790096336e-07,6.792441965213715e-07,2.3245844402793316e-07,2.7997094868790614e-07,7.069826626114664e-06,0.43769678687499586,56,highpass
2.196147790096336e-07,6.792441965213715e-07,2.3245844402793316e-07,2.7997094868790614e-07,6.7270640379090716e-06,0.4641049780475118,56,highpass
2.196147790096336e-07,6.792441965213715e-07,2.3245844402793316e-07,2.7997094868790614e-07,6.7270640379090716e-06,0.4641049780475118,56,highpass
2.196147790096336e-07,6.792441965213715e-07,2.3245844402793316e-07,2.7997094868790614e-07,6.7270640379090716e-06,0.4641049780475118,56,highpass
2.196147790096336e-07,6.792441965213715e-07,2.3245844402793316e-07,2.7997094868790614e-07,6.7270640379090716e-06,0.4641049780475118,56,highpass
2.196147790096336e-07,6.792441965213715e-07,2.3245844402793316e-07,2.7997094868790614e-07,6.7270640379090716e-06,0.4641049780475118,56,highpass
2.196147790096336e-07,6.792441965213715e-07,2.3245844402793316e-07,2.7997094868790614e-07,6.7270640379090716e-06,0.4641049780475118,57,highpass
2.196147790096336e-07,6.792441965213715e-07,2.3245844402793316e-07,2.7997094868790614e-07,6.7270640379090716e-06,0.4641049780475118,57,highpass
2.196147790096336e-07,6.792441965213715e-07,2.3245844402793316e-07,2.7997094868790614e-07,6.7270640379090716e-06,0.4641049780475118,57,highpass
2.196147790096336e-07,6.792441965213715e-07,2.3245844402793316e-07,2.7997094868790614e-07,6.7270640379090716e-06,0.4641049780475118,57,highpass
2.435521511231414e-07,6.792441965213715e-07,2.3245844402793316e-07,2.7997094868790614e-07,6.7270640379090716e-06,0.2715272281982483,57,highpass
2.196147790096336e-07,6.792441965213715e-07,2.3245844402793316e-07,2.7997094868790614e-07,6.7270640379090716e-06,0.4641049780475118,57,highpass
2.196147790096336e-07,6.792441965213715e-07,2.3245844402793316e-07,2.7997094868790614e-07,6.7270640379090716e-06,0.4641049780475118,57,highpass
2.196147790096336e-07,6.792441965213715e-07,2.384696606453382e-07,2.7997094868790614e-07,6.7270640379090716e-06,0.1708798550494397,57,highpass
2.196147790096336e-07,6.52451706953781e-07,2.3245844402793316e-07,2.7997094868790614e-07,6.7270640379090716e-06,0.35203826290687645,57,highpass
2.196147790096336e-07,6.792441965213715e-07,2.3245844402793316e-07,2.7997094868790614e-07,6.7270640379090716e-06,0.4641049780475118,57,highpass
2.196147790096336e-07,6.792441965213715e-07,2.3245844402793316e-07,2.7997094868790614e-07,6.7270640379090716e-06,0.4641049780475118,57,highpass
2.196147790096336e-07,6.792441965213715e-07,2.3245844402793316e-07,2.7997094868790614e-07,6.7270640379090716e-06,0.4641049780475118,57,highpass
2.196147790096336e-07,6.792441965213715e-07,2.3245844402793316e-07,2.7997094868790614e-07,6.7270640379090716e-06,0.4641049780475118,57,highpass
2.196147790096336e-07,6.792441965213715e-07,2.3245844402793316e-07,2.7997094868790614e-07,6.7270640379090716e-06,0.4641049780475118,57,highpass
2.196147790096336e-07,6.792441965213715e-07,2.3245844402793316e-07,2.7997094868790614e-07,6.7270640379090716e-06,0.4641049780475118,57,highpass
2.196147790096336e-07,6.792441965213715e-07,2.3245844402793316e-07,2.7997094868790614e-07,6.7270640379090716e-06,0.4641049780475118,57,highpass
2.134285054621701e-07,6.792441965213715e-07,2.3245844402793316e-07,2.7997094868790614e-07,6.7270640379090716e-06,0.40714359683439827,57,highpass
2.196147790096336e-07,6.792441965213715e-07,2.3245844402793316e-07,2.7997094868790614e-07,6.7270640379090716e-06,0.4641049780475118,57,highpass
2.196147790096336e-07,6.792441965213715e-07,2.3245844402793316e-07,2.7997094868790614e-07,6.7270640379090716e-06,0.4641049780475118,57,highpass
2.196147790096336e-07,6.792441965213715e-07,2.3245844402793316e-07,2.7997094868790614e-07,6.7270640379090716e-06,0.4641049780475118,57,highpass
2.196147790096336e-07,6.792441965213715e-07,2.3245844402793316e-07,2.7997094868790614e-07,6.7270640379090716e-06,0.4641049780475118,57,highpass
2.196147790096336e-07,6.792441965213715e-07,2.3245844402793316e-07,2.7997094868790614e-07,6.7270640379090716e-06,0.4641049780475118,57,highpass
2.196147790096336e-07,6.792441965213715e-07,2.3245844402793316e-07,2.7997094868790614e-07,6.7270640379090716e-06,0.4641049780475118,57,highpass
2.196147790096336e-07,6.792441965213715e-07,2.3245844402793316e-07,2.7997094868790614e-07,6.7270640379090716e-06,0.4641049780475118,57,highpass
2.196147790096336e-07,6.106174163883685e-07,2.3245844402793316e-07,2.7997094868790614e-07,6.7270640379090716e-06,0.30810660299809306,57,highpass
2.196147790096336e-07,6.982645088866208e-07,2.3245844402793316e-07,2.7997094868790614e-07,6.7270640379090716e-06,0.38828364624935596,57,highpass
2.196147790096336e-07,6.792441965213715e-07,2.3245844402793316e-07,2.7997094868790614e-07,6.7270640379090716e-06,0.4641049780475118,57,highpass
2.196147790096336e-07,6.853875572945664e-07,2.3245844402793316e-07,2.7997094868790614e-07,6.7270640379090716e-06,0.4548076404604262,57,highpass
2.196147790096336e-07,6.792441965213715e-07,2.3245844402793316e-07,2.7997094868790614e-07,6.7270640379090716e-06,0.4641049780475118,57,highpass
2.196147790096336e-07,6.792441965213715e-07,2.3245844402793316e-07,2.7997094868790614e-07,6.7270640379090716e-06,0.4641049780475118,57,highpass
2.1498832243211597e-07,6.792441965213715e-07,2.3245844402793316e-07,2.7997094868790614e-07,6.7270640379090716e-06,0.41795209494030156,57,highpass
2.196147790096336e-07,6.792441965213715e-07,2.3245844402793316e-07,2.7997094868790614e-07,6.7270640379090716e-06,0.4641049780475118,57,highpass
2.196147790096336e-07,6.792441965213715e-07,2.3245844402793316e-07,2.7997094868790614e-07,6.7270640379090716e-06,0.4641049780475118,57,highpass
2.196147790096336e-07,6.792441965213715e-07,2.3245844402793316e-07,2.7997094868790614e-07,6.7270640379090716e-06,0.4641049780475118,57,highpass
2.196147790096336e-07,6.792441965213715e-07,2.315187035323705e-07,2.7997094868790614e-07,6.7270640379090716e-06,0.4641049780475118,57,highpass
2.196147790096336e-07,6.792441965213715e-07,2.3245844402793316e-07,2.7997094868790614e-07,6.7270640379090716e-06,0.4641049780475118,57,highpass
2.196147790096336e-07,6.792441965213715e-07,2.3245844402793316e-07,2.7997094868790614e-07,6.7270640379090716e-06,0.4641049780475118,57,highpass
1.2658156999591975e-07,6.792441965213715e-07,2.3245844402793316e-07,2.7997094868790614e-07,6.7270640379090716e-06,0.2952280156906643,57,highpass
2.196147790096336e-07,6.792441965213715e-07,2.3245844402793316e-07,2.7997094868790614e-07,6.7270640379090716e-06,0.4641049780475118,57,highpass
2.196147790096336e-07,6.792441965213715e-07,2.3245844402793316e-07,2.7997094868790614e-07,6.7270640379090716e-06,0.4641049780475118,57,highpass
2.196147790096336e-07,6.792441965213715e-07,2.3245844402793316e-07,2.7997094868790614e-07,6.7270640379090716e-06,0.4641049780475118,57,highpass
2.196147790096336e-07,6.792441965213715e-07,2.3245844402793316e-07,2.7997094868790614e-07,6.7270640379090716e-06,0.4641049780475118,57,highpass
2.196147790096336e-07,6.792441965213715e-07,2.3245844402793316e-07,2.7997094868790614e-07,6.7270640379090716e-06,0.4641049780475118,57,highpass
2.196147790096336e-07,6.792441965213715e-07,2.3245844402793316e-07,2.7997094868790614e-07,6.7270640379090716e-06,0.4641049780475118,57,highpass
2.196147790096336e-07,6.792441965213715e-07,2.3245844402793316e-07,2.7997094868790614e-07,6.7270640379090716e-06,0.4641049780475118,57,highpass
2.196147790096336e-07,6.792441965213715e-07,2.3245844402793316e-07,2.7997094868790614e-07,6.7270640379090716e-06,0.4641049780475118,57,highpass
2.196147790096336e-07,6.792441965213715e-07,2.3245844402793316e-07,2.7997094868790614e-07,6.7270640379090716e-06,0.4641049780475118,57,highpass
2.196147790096336e-07,6.792441965213715e-07,2.3245844402793316e-07,2.7997094868790614e-07,6.7270640379090716e-06,0.4641049780475118,57,highpass
2.196147790096336e-07,6.792441965213715e-07,2.3245844402793316e-07,2.7997094868790614e-07,6.7270640379090716e-06,0.4641049780475118,57,highpass
2.196147790096336e-07,6.792441965213715e-07,2.3245844402793316e-07,2.720459686081905e-07,6.7270640379090716e-06,0.41077213024889053,57,highpass
2.196147790096336e-07,6.792441965213715e-07,2.3245844402793316e-07,2.7997094868790614e-07,6.7270640379090716e-06,0.4641049780475118,58,highpass
2.196147790096336e-07,6.792441965213715e-07,2.3245844402793316e-07,2.7997094868790614e-07,6.7270640379090716e-06,0.4641049780475118,58,highpass
2.196147790096336e-07,6.792441965213715e-07,2.3245844402793316e-07,2.7997094868790614e-07,6.7270640379090716e-06,0.4641049780475118,58,highpass
2.196147790096336e-07,6.760112500483002e-07,2.3245844402793316e-07,2.7997094868790614e-07,6.7270640379090716e-06,0.45872277635273806,58,highpass
2.196147790096336e-07,6.792441965213715e-07,2.3245844402793316e-07,2.7997094868790614e-07,6.7270640379090716e-06,0.4641049780475118,58,highpass
2.196147790096336e-07,6.792441965213715e-07,2.3245844402793316e-07,2.7997094868790614e-07,6.7270640379090716e-06,0.4641049780475118,58,highpass
2.196147790096336e-07,6.822602180315257e-07,2.3245844402793316e-07,2.7997094868790614e-07,6.7270640379090716e-06,0.46321469218148137,58,highpass
2.196147790096336e-07,6.792441965213715e-07,2.3245844402793316e-07,2.7997094868790614e-07,6.7270640379090716e-06,0.4641049780475118,58,highpass
2.196147790096336e-07,6.792441965213715e-07,2.3245844402793316e-07,2.7997094868790614e-07,6.7270640379090716e-06,0.4641049780475118,58,highpass
2.196147790096336e-07,6.792441965213715e-07,2.3245844402793316e-07,2.7997094868790614e-07,6.7270640379090716e-06,0.4641049780475118,58,highpass
2.196147790096336e-07,6.792441965213715e-07,2.3245844402793316e-07,2.7997094868790614e-07,6.7270640379090716e-06,0.4641049780475118,58,highpass
2.196147790096336e-07,6.792441965213715e-07,2.3245844402793316e-07,2.7997094868790614e-07,6.7270640379090716e-06,0.4641049780475118,58,highpass
2.196147790096336e-07,6.792441965213715e-07,2.3245844402793316e-07,2.7997094868790614e-07,6.7270640379090716e-06,0.4641049780475118,58,highpass
2.196147790096336e-07,6.792441965213715e-07,2.3245844402793316e-07,2.7997094868790614e-07,6.7270640379090716e-06,0.4641049780475118,58,highpass
2.196147790096336e-07,6.792441965213715e-07,2.3245844402793316e-07,2.7997094868790614e-07,6.7270640379090716e-06,0.4641049780475118,58,highpass
2.196147790096336e-07,6.792441965213715e-07,2.3245844402793316e-07,2.7997094868790614e-07,6.7270640379090716e-06,0.4641049780475118,58,highpass
2.196147790096336e-07,6.792441965213715e-07,2.3245844402793316e-07,2.7997094868790614e-07,6.7270640379090716e-06,0.4641049780475118,58,highpass
2.196147790096336e-07,6.792441965213715e-07,2.3245844402793316e-07,2.7997094868790614e-07,6.7270640379090716e-06,0.4641049780475118,58,highpass
2.196147790096336e-07,6.792441965213715e-07,2.3245844402793316e-07,2.7997094868790614e-07,6.7270640379090716e-06,0.4641049780475118,58,highpass
2.196147790096336e-07,6.792441965213715e-07,2.3245844402793316e-07,2.8576184607528356e-07,6.7270640379090716e-06,0.40641903795704104,58,highpass
2.196147790096336e-07,6.792441965213715e-07,1.113256076394974e-07,2.7997094868790614e-07,6.7270640379090716e-06,0.13457472355002795,58,highpass
2.196147790096336e-07,6.792441965213715e-07,2.3245844402793316e-07,2.7997094868790614e-07,6.7270640379090716e-06,0.4641049780475118,58,highpass
2.196147790096336e-07,6.792441965213715e-07,2.3245844402793316e-07,2.7997094868790614e-07,6.7270640379090716e-06,0.4641049780475118,58,highpass
2.196147790096336e-07,6.792441965213715e-07,2.3245844402793316e-07,2.7997094868790614e-07,6.7270640379090716e-06,0.4641049780475118,58,highpass
2.196147790096336e-07,6.792441965213715e-07,2.3245844402793316e-07,2.7997094868790614e-07,6.7270640379090716e-06,0.4641049780475118,58,highpass
2.196147790096336e-07,6.792441965213715e-07,2.3245844402793316e-07,2.7997094868790614e-07,7.737915832006642e-06,0.3854770616625849,58,highpass
2.196147790096336e-07,6.792441965213715e-07,2.3245844402793316e-07,2.7997094868790614e-07,6.7270640379090716e-06,0.4641049780475118,58,highpass
2.196147790096336e-07,6.792441965213715e-07,2.3245844402793316e-07,2.7997094868790614e-07,6.7270640379090716e-06,0.4641049780475118,58,highpass
2.196147790096336e-07,6.792441965213715e-07,2.3245844402793316e-07,2.7997094868790614e-07,6.7270640379090716e-06,0.4641049780475118,58,highpass
2.196147790096336e-07,6.792441965213715e-07,2.3245844402793316e-07,2.7997094868790614e-07,6.7270640379090716e-06,0.4641049780475118,58,highpass
2.196147790096336e-07,6.792441965213715e-07,2.3245844402793316e-07,2.7997094868790614e-07,6.7270640379090716e-06,0.4641049780475118,58,highpass
2.196147790096336e-07,6.792441965213715e-07,2.3245844402793316e-07,2.7997094868790614e-07,6.7270640379090716e-06,0.4641049780475118,58,highpass
2.196147790096336e-07,6.792441965213715e-07,2.3245844402793316e-07,2.7997094868790614e-07,6.7270640379090716e-06,0.4641049780475118,58,highpass
2.196147790096336e-07,6.792441965213715e-07,2.3245844402793316e-07,2.7997094868790614e-07,6.7270640379090716e-06,0.4641049780475118,58,highpass
2.196147790096336e-07,6.792441965213715e-07,2.3245844402793316e-07,2.7997094868790614e-07,6.7270640379090716e-06,0.4641049780475118,58,highpass
2.196147790096336e-07,3.4643582838065055e-07,2.3245844402793316e-07,2.7997094868790614e-07,6.7270640379090716e-06,0.23346512592079136,58,highpass
2.196147790096336e-07,6.792441965213715e-07,2.3245844402793316e-07,2.7997094868790614e-07,6.7270640379090716e-06,0.4641049780475118,58,highpass
2.196147790096336e-07,6.792441965213715e-07,2.3245844402793316e-07,2.7997094868790614e-07,6.7270640379090716e-06,0.4641049780475118,58,highpass
2.196147790096336e-07,6.792441965213715e-07,2.3245844402793316e-07,2.7997094868790614e-07,6.7270640379090716e-06,0.4641049780475118,58,highpass
2.196147790096336e-07,6.792441965213715e-07,2.3245844402793316e-07,2.7997094868790614e-07,6.7270640379090716e-06,0.4641049780475118,58,highpass
2.196147790096336e-07,6.792441965213715e-07,2.3245844402793316e-07,2.7997094868790614e-07,6.7270640379090716e-06,0.4641049780475118,58,highpass
2.196147790096336e-07,6.792441965213715e-07,2.3245844402793316e-07,2.7997094868790614e-07,6.7270640379090716e-06,0.4641049780475118,58,highpass
2.196147790096336e-07,6.792441965213715e-07,2.3245844402793316e-07,2.7997094868790614e-07,6.7270640379090716e-06,0.4641049780475118,58,highpass
2.196147790096336e-07,6.792441965213715e-07,2.3245844402793316e-07,2.7997094868790614e-07,6.7270640379090716e-06,0.4641049780475118,58,highpass
2.196147790096336e-07,6.792441965213715e-07,2.3245844402793316e-07,2.7997094868790614e-07,6.7270640379090716e-06,0.4641049780475118,58,highpass
2.196147790096336e-07,6.792441965213715e-07,2.3245844402793316e-07,2.7997094868790614e-07,6.7270640379090716e-06,0.4641049780475118,58,highpass
2.196147790096336e-07,6.792441965213715e-07,2.3245844402793316e-07,2.7997094868790614e-07,6.7270640379090716e-06,0.4641049780475118,58,highpass
2.196147790096336e-07,6.792441965213715e-07,2.3245844402793316e-07,2.7997094868790614e-07,6.7270640379090716e-06,0.4641049780475118,58,highpass
2.196147790096336e-07,6.792441965213715e-07,2.3245844402793316e-07,2.7997094868790614e-07,6.7270640379090716e-06,0.4641049780475118,58,highpass
2.196147790096336e-07,6.792441965213715e-07,2.3245844402793316e-07,2.7997094868790614e-07,6.7270640379090716e-06,0.4641049780475118,58,highpass
2.196147790096336e-07,6.792441965213715e-07,2.3245844402793316e-07,2.7997094868790614e-07,6.7270640379090716e-06,0.4641049780475118,59,highpass
2.196147790096336e-07,6.792441965213715e-07,2.3245844402793316e-07,2.7997094868790614e-07,6.7270640379090716e-06,0.4641049780475118,59,highpass
2.196147790096336e-07,6.792441965213715e-07,2.3245844402793316e-07,2.7997094868790614e-07,6.7270640379090716e-06,0.4641049780475118,59,highpass
2.2115651372878554e-07,6.792441965213715e-07,2.3245844402793316e-07,2.7997094868790614e-07,6.7270640379090716e-06,0.4474879862245976,59,highpass
2.196147790096336e-07,6.792441965213715e-07,2.3245844402793316e-07,2.7997094868790614e-07,6.7270640379090716e-06,0.4641049780475118,59,highpass
2.196147790096336e-07,6.792441965213715e-07,2.3245844402793316e-07,2.7997094868790614e-07,6.7270640379090716e-06,0.4641049780475118,59,highpass
2.196147790096336e-07,6.792441965213715e-07,2.3245844402793316e-07,2.7997094868790614e-07,6.7270640379090716e-06,0.4641049780475118,59,highpass
2.196147790096336e-07,6.792441965213715e-07,2.3245844402793316e-07,2.7997094868790614e-07,6.7270640379090716e-06,0.4641049780475118,59,highpass
2.196147790096336e-07,6.792441965213715e-07,2.3245844402793316e-07,2.7997094868790614e-07,6.7270640379090716e-06,0.4641049780475118,59,highpass
2.196147790096336e-07,6.792441965213715e-07,2.3245844402793316e-07,2.7997094868790614e-07,6.7270640379090716e-06,0.4641049780475118,59,highpass
2.196147790096336e-07,6.792441965213715e-07,2.3245844402793316e-07,2.7997094868790614e-07,6.7270640379090716e-06,0.4641049780475118,59,highpass
2.1470611542607908e-07,6.792441965213715e-07,2.3245844402793316e-07,2.7997094868790614e-07,6.7270640379090716e-06,0.4142762843680176,59,highpass
2.196147790096336e-07,6.792441965213715e-07,2.3245844402793316e-07,2.7997094868790614e-07,6.7270640379090716e-06,0.4641049780475118,59,highpass
2.196147790096336e-07,6.599858071514313e-07,2.3245844402793316e-07,2.7997094868790614e-07,6.7270640379090716e-06,0.38352870992293675,59,highpass
2.196147790096336e-07,6.792441965213715e-07,2.3245844402793316e-07,2.7997094868790614e-07,6.7270640379090716e-06,0.4641049780475118,59,highpass
2.196147790096336e-07,6.792441965213715e-07,2.3245844402793316e-07,2.7997094868790614e-07,6.7270640379090716e-06,0.4641049780475118,59,highpass
2.196147790096336e-07,6.792441965213715e-07,2.3245844402793316e-07,2.7997094868790614e-07,6.7270640379090716e-06,0.4641049780475118,59,highpass
2.196147790096336e-07,4.90389981168767e-07,2.3245844402793316e-07,2.7997094868790614e-07,6.7270640379090716e-06,0.2973002333140555,59,highpass
2.196147790096336e-07,6.792441965213715e-07,2.3245844402793316e-07,2.7997094868790614e-07,8.064727497110579e-06,0.35412738069672367,59,highpass
2.196147790096336e-07,6.792441965213715e-07,2.3245844402793316e-07,2.7997094868790614e-07,6.7270640379090716e-06,0.4641049780475118,59,highpass
2.196147790096336e-07,6.792441965213715e-07,2.3245844402793316e-07,2.7997094868790614e-07,6.7270640379090716e-06,0.4641049780475118,59,highpass
2.196147790096336e-07,6.792441965213715e-07,2.3245844402793316e-07,2.7997094868790614e-07,6.7270640379090716e-06,0.4641049780475118,59,highpass
2.196147790096336e-07,6.792441965213715e-07,2.3245844402793316e-07,2.7997094868790614e-07,2.419999991907675e-05,0.31911870751111093,59,highpass
2.196147790096336e-07,5.988169915786631e-07,2.3245844402793316e-07,2.7997094868790614e-07,6.7270640379090716e-06,0.3026776292460069,59,highpass
2.196147790096336e-07,6.792441965213715e-07,2.3245844402793316e-07,2.7997094868790614e-07,6.7270640379090716e-06,0.4641049780475118,59,highpass
2.196147790096336e-07,6.792441965213715e-07,2.3245844402793316e-07,2.7997094868790614e-07,6.7270640379090716e-06,0.4641049780475118,59,highpass
2.196147790096336e-07,6.792441965213715e-07,2.3245844402793316e-07,2.7997094868790614e-07,6.7270640379090716e-06,0.4641049780475118,59,highpass
2.196147790096336e-07,6.792441965213715e-07,2.3245844402793316e-07,2.7997094868790614e-07,6.7270640379090716e-06,0.4641049780475118,59,highpass
2.196147790096336e-07,6.792441965213715e-07,2.280626863286665e-07,2.7997094868790614e-07,6.7270640379090716e-06,0.3053826317042717,59,highpass
2.196147790096336e-07,6.792441965213715e-07,2.3245844402793316e-07,2.7997094868790614e-07,6.7270640379090716e-06,0.4641049780475118,59,highpass
2.196147790096336e-07,6.792441965213715e-07,2.3245844402793316e-07,2.7997094868790614e-07,6.7270640379090716e-06,0.4641049780475118,59,highpass
2.196147790096336e-07,6.792441965213715e-07,2.3245844402793316e-07,2.7997094868790614e-07,6.7270640379090716e-06,0.4641049780475118,59,highpass
2.196147790096336e-07,6.792441965213715e-07,2.3245844402793316e-07,2.7997094868790614e-07,6.7270640379090716e-06,0.4641049780475118,59,highpass
2.196147790096336e-07,6.792441965213715e-07,2.3245844402793316e-07,2.7997094868790614e-07,6.7270640379090716e-06,0.4641049780475118,59,highpass
2.196147790096336e-07,6.792441965213715e-07,2.3245844402793316e-07,2.7997094868790614e-07,6.7270640379090716e-06,0.4641049780475118,59,highpass
2.196147790096336e-07,6.792441965213715e-07,2.3245844402793316e-07,2.7997094868790614e-07,6.7270640379090716e-06,0.4641049780475118,59,highpass
2.196147790096336e-07,6.792441965213715e-07,2.3245844402793316e-07,2.7997094868790614e-07,6.7270640379090716e-06,0.4641049780475118,59,highpass
2.196147790096336e-07,6.792441965213715e-07,2.2515271387714706e-07,2.7997094868790614e-07,6.7270640379090716e-06,0.29988734142681944,59,highpass
2.196147790096336e-07,6.792441965213715e-07,2.3245844402793316e-07,2.7997094868790614e-07,6.7270640379090716e-06,0.4641049780475118,59,highpass
2.196147790096336e-07,6.792441965213715e-07,2.3245844402793316e-07,2.4083499928211443e-07,6.7270640379090716e-06,0.2999990394799862,59,highpass
2.196147790096336e-07,6.792441965213715e-07,2.3245844402793316e-07,2.7997094868790614e-07,6.7270640379090716e-06,0.4641049780475118,59,highpass
2.196147790096336e-07,6.792441965213715e-07,2.3245844402793316e-07,2.737641592094115e-07,6.7270640379090716e-06,0.3999922039686436,59,highpass
2.196147790096336e-07,6.792441965213715e-07,2.3245844402793316e-07,2.7997094868790614e-07,6.7270640379090716e-06,0.4641049780475118,59,highpass
2.196147790096336e-07,6.792441965213715e-07,2.3245844402793316e-07,2.8469947527088654e-07,6.7270640379090716e-06,0.398386943164206,59,highpass
2.196147790096336e-07,6.792441965213715e-07,2.3245844402793316e-07,2.7997094868790614e-07,6.7270640379090716e-06,0.4641049780475118,59,highpass
2.196147790096336e-07,6.792441965213715e-07,2.3245844402793316e-07,2.7997094868790614e-07,6.7270640379090716e-06,0.4641049780475118,59,highpass
2.196147790096336e-07,6.792441965213715e-07,2.3245844402793316e-07,2.7997094868790614e-07,6.7270640379090716e-06,0.4641049780475118,59,highpass
2.196147790096336e-07,6.792441965213715e-07,2.3245844402793316e-07,2.7997094868790614e-07,6.7270640379090716e-06,0.4641049780475118,59,highpass
2.196147790096336e-07,6.792441965213715e-07,1.4368079891344222e-07,2.7997094868790614e-07,6.7270640379090716e-06,0.09406336240683576,59,highpass
2.196147790096336e-07,6.792441965213715e-07,2.3245844402793316e-07,2.7997094868790614e-07,6.7270640379090716e-06,0.4641049780475118,59,highpass
2.196147790096336e-07,6.792441965213715e-07,2.3245844402793316e-07,2.7997094868790614e-07,6.7270640379090716e-06,0.4641049780475118,60,highpass
2.196147790096336e-07,6.792441965213715e-07,2.3245844402793316e-07,2.7997094868790614e-07,6.7270640379090716e-06,0.4641049780475118,60,highpass
2.196147790096336e-07,6.792441965213715e-07,2.3245844402793316e-07,2.7997094868790614e-07,6.7270640379090716e-06,0.4641049780475118,60,highpass
2.196147790096336e-07,6.792441965213715e-07,2.3245844402793316e-07,2.7997094868790614e-07,6.7270640379090716e-06,0.4641049780475118,60,highpass
2.196147790096336e-07,6.792441965213715e-07,2.3245844402793316e-07,2.7997094868790614e-07,6.7270640379090716e-06,0.4641049780475118,60,highpass
2.196147790096336e-07,6.792441965213715e-07,2.3245844402793316e-07,2.7997094868790614e-07,6.7270640379090716e-06,0.4641049780475118,60,highpass
2.196147790096336e-07,6.792441965213715e-07,2.3245844402793316e-07,2.7997094868790614e-07,6.7270640379090716e-06,0.4641049780475118,60,highpass
2.1755453429751452e-07,6.792441965213715e-07,2.3245844402793316e-07,2.7997094868790614e-07,6.7270640379090716e-06,0.4393405106128673,60,highpass
2.196147790096336e-07,6.792441965213715e-07,2.3245844402793316e-07,2.7997094868790614e-07,6.7270640379090716e-06,0.4641049780475118,60,highpass
2.196147790096336e-07,6.792441965213715e-07,1.9259613504393518e-07,2.7997094868790614e-07,6.7270640379090716e-06,0.2999882878738578,60,highpass
2.196147790096336e-07,6.792441965213715e-07,2.3245844402793316e-07,2.7997094868790614e-07,6.7270640379090716e-06,0.4641049780475118,60,highpass
2.196147790096336e-07,6.792441965213715e-07,2.3245844402793316e-07,2.7997094868790614e-07,6.7270640379090716e-06,0.4641049780475118,60,highpass
2.196147790096336e-07,6.792441965213715e-07,2.3245844402793316e-07,2.7997094868790614e-07,8.305072465391681e-06,0.35438652516318986,60,highpass
2.196147790096336e-07,6.792441965213715e-07,2.3245844402793316e-07,2.7997094868790614e-07,6.7270640379090716e-06,0.4641049780475118,60,highpass
2.30797609725781e-07,6.792441965213715e-07,2.3245844402793316e-07,2.7997094868790614e-07,6.7270640379090716e-06,0.3848805753673473,60,highpass
2.196147790096336e-07,6.792441965213715e-07,2.3245844402793316e-07,2.7997094868790614e-07,6.7270640379090716e-06,0.4641049780475118,60,highpass
2.196147790096336e-07,6.792441965213715e-07,2.3245844402793316e-07,2.7997094868790614e-07,6.7270640379090716e-06,0.4641049780475118,60,highpass
2.196147790096336e-07,6.792441965213715e-07,2.3245844402793316e-07,2.7997094868790614e-07,6.7270640379090716e-06,0.4641049780475118,60,highpass
2.196147790096336e-07,6.792441965213715e-07,2.3245844402793316e-07,2.7997094868790614e-07,6.7270640379090716e-06,0.4641049780475118,60,highpass
2.196147790096336e-07,6.792441965213715e-07,2.3245844402793316e-07,2.7997094868790614e-07,6.7270640379090716e-06,0.4641049780475118,60,highpass
2.196147790096336e-07,6.792441965213715e-07,2.3245844402793316e-07,2.7997094868790614e-07,6.7270640379090716e-06,0.4641049780475118,60,highpass
2.196147790096336e-07,6.792441965213715e-07,2.3245844402793316e-07,2.7997094868790614e-07,6.7270640379090716e-06,0.4641049780475118,60,highpass
2.196147790096336e-07,6.792441965213715e-07,2.3245844402793316e-07,2.7997094868790614e-07,6.7270640379090716e-06,0.4641049780475118,60,highpass
2.196147790096336e-07,6.792441965213715e-07,2.3994800155967557e-07,2.7997094868790614e-07,6.7270640379090716e-06,0.12070041380555481,60,highpass
2.196147790096336e-07,6.792441965213715e-07,2.3245844402793316e-07,2.7997094868790614e-07,1.9260837445988588e-05,0.32429830668199433,60,highpass
2.196147790096336e-07,6.792441965213715e-07,2.3245844402793316e-07,2.7997094868790614e-07,6.7270640379090716e-06,0.4641049780475118,60,highpass
2.196147790096336e-07,6.792441965213715e-07,2.3245844402793316e-07,2.7997094868790614e-07,6.7270640379090716e-06,0.4641049780475118,60,highpass
2.196147790096336e-07,6.792441965213715e-07,2.3245844402793316e-07,2.7997094868790614e-07,6.7270640379090716e-06,0.4641049780475118,60,highpass
2.196147790096336e-07,6.792441965213715e-07,2.3245844402793316e-07,2.7997094868790614e-07,6.7270640379090716e-06,0.4641049780475118,60,highpass
2.196147790096336e-07,6.792441965213715e-07,2.3245844402793316e-07,2.7997094868790614e-07,6.7270640379090716e-06,0.4641049780475118,60,highpass
2.196147790096336e-07,6.792441965213715e-07,2.3245844402793316e-07,2.7997094868790614e-07,6.7270640379090716e-06,0.4641049780475118,60,highpass
2.196147790096336e-07,6.792441965213715e-07,2.3245844402793316e-07,2.7997094868790614e-07,6.7270640379090716e-06,0.4641049780475118,60,highpass
2.196147790096336e-07,6.792441965213715e-07,2.3245844402793316e-07,2.7997094868790614e-07,6.7270640379090716e-06,0.4641049780475118,60,highpass
2.196147790096336e-07,6.792441965213715e-07,2.3245844402793316e-07,2.7997094868790614e-07,6.7270640379090716e-06,0.4641049780475118,60,highpass
2.196147790096336e-07,6.792441965213715e-07,2.3245844402793316e-07,2.7997094868790614e-07,6.7270640379090716e-06,0.4641049780475118,60,highpass
2.196147790096336e-07,6.792441965213715e-07,2.3245844402793316e-07,2.7997094868790614e-07,6.7270640379090716e-06,0.4641049780475118,60,highpass
2.196147790096336e-07,6.792441965213715e-07,2.3245844402793316e-07,2.7997094868790614e-07,6.7270640379090716e-06,0.4641049780475118,60,highpass
2.196147790096336e-07,6.792441965213715e-07,2.3245844402793316e-07,2.7997094868790614e-07,6.7270640379090716e-06,0.4641049780475118,60,highpass
2.196147790096336e-07,6.792441965213715e-07,2.3245844402793316e-07,2.7997094868790614e-07,6.7270640379090716e-06,0.4641049780475118,60,highpass
2.196147790096336e-07,6.792441965213715e-07,2.3245844402793316e-07,2.7997094868790614e-07,6.7270640379090716e-06,0.4641049780475118,60,highpass
2.196147790096336e-07,6.792441965213715e-07,2.3245844402793316e-07,2.7997094868790614e-07,4.3253396231909514e-05,0.2998335330803396,60,highpass
2.196147790096336e-07,6.792441965213715e-07,2.3245844402793316e-07,2.7997094868790614e-07,6.7270640379090716e-06,0.4641049780475118,60,highpass
2.196147790096336e-07,6.792441965213715e-07,2.3245844402793316e-07,1.5271879973605267e-07,6.7270640379090716e-06,0.19597239182925444,60,highpass
2.196147790096336e-07,6.792441965213715e-07,2.3245844402793316e-07,2.7997094868790614e-07,6.7270640379090716e-06,0.4641049780475118,60,highpass
2.196147790096336e-07,6.792441965213715e-07,2.3245844402793316e-07,2.7997094868790614e-07,6.7270640379090716e-06,0.4641049780475118,60,highpass
2.196147790096336e-07,6.792441965213715e-07,2.3245844402793316e-07,2.7997094868790614e-07,6.7270640379090716e-06,0.4641049780475118,60,highpass
2.196147790096336e-07,6.792441965213715e-07,2.3245844402793316e-07,2.7997094868790614e-07,6.7270640379090716e-06,0.4641049780475118,60,highpass
2.196147790096336e-07,6.792441965213715e-07,2.3245844402793316e-07,2.7997094868790614e-07,6.7270640379090716e-06,0.4641049780475118,60,highpass
2.196147790096336e-07,6.792441965213715e-07,2.3245844402793316e-07,2.7997094868790614e-07,6.7270640379090716e-06,0.4641049780475118,60,highpass
2.196147790096336e-07,6.792441965213715e-07,2.3245844402793316e-07,2.7997094868790614e-07,6.7270640379090716e-06,0.4641049780475118,60,highpass
2.196147790096336e-07,6.792441965213715e-07,2.3245844402793316e-07,2.7997094868790614e-07,6.7270640379090716e-06,0.4641049780475118,61,highpass
2.196147790096336e-07,6.792441965213715e-07,2.3245844402793316e-07,2.7997094868790614e-07,6.7270640379090716e-06,0.4641049780475118,61,highpass
2.196147790096336e-07,6.673872445394155e-07,2.3245844402793316e-07,2.7997094868790614e-07,6.7270640379090716e-06,0.4243290575670286,61,highpass
2.196147790096336e-07,6.792441965213715e-07,2.3245844402793316e-07,2.7997094868790614e-07,6.7270640379090716e-06,0.4641049780475118,61,highpass
2.196147790096336e-07,6.792441965213715e-07,2.3245844402793316e-07,2.7997094868790614e-07,6.7270640379090716e-06,0.4641049780475118,61,highpass
2.2131660553504884e-07,6.792441965213715e-07,2.3245844402793316e-07,2.7997094868790614e-07,6.7270640379090716e-06,0.44362189021790643,61,highpass
2.196147790096336e-07,6.792441965213715e-07,2.3245844402793316e-07,2.7997094868790614e-07,6.7270640379090716e-06,0.4641049780475118,61,highpass
2.196147790096336e-07,6.792441965213715e-07,2.3245844402793316e-07,2.7997094868790614e-07,6.7270640379090716e-06,0.4641049780475118,61,highpass
2.196147790096336e-07,6.792441965213715e-07,2.3245844402793316e-07,2.7997094868790614e-07,6.7270640379090716e-06,0.4641049780475118,61,highpass
2.196147790096336e-07,6.792441965213715e-07,2.3245844402793316e-07,2.7997094868790614e-07,6.7270640379090716e-06,0.4641049780475118,61,highpass
2.196147790096336e-07,6.792441965213715e-07,2.3245844402793316e-07,2.7997094868790614e-07,6.7270640379090716e-06,0.4641049780475118,61,highpass
2.196147790096336e-07,6.792441965213715e-07,2.3245844402793316e-07,2.7997094868790614e-07,6.7270640379090716e-06,0.4641049780475118,61,highpass
2.196147790096336e-07,6.792441965213715e-07,2.3245844402793316e-07,2.7997094868790614e-07,6.7270640379090716e-06,0.4641049780475118,61,highpass
2.196147790096336e-07,6.792441965213715e-07,2.3245844402793316e-07,2.8600494356935864e-07,6.7270640379090716e-06,0.40612566453715215,61,highpass
2.196147790096336e-07,6.792441965213715e-07,2.3245844402793316e-07,2.7997094868790614e-07,6.7270640379090716e-06,0.4641049780475118,61,highpass
2.196147790096336e-07,6.792441965213715e-07,2.3245844402793316e-07,2.7997094868790614e-07,6.7270640379090716e-06,0.4641049780475118,61,highpass
2.196147790096336e-07,6.792441965213715e-07,2.3245844402793316e-07,2.7997094868790614e-07,6.7270640379090716e-06,0.4641049780475118,61,highpass
2.196147790096336e-07,6.792441965213715e-07,2.3245844402793316e-07,2.7997094868790614e-07,6.7270640379090716e-06,0.4641049780475118,61,highpass
2.196147790096336e-07,6.792441965213715e-07,2.3245844402793316e-07,2.7997094868790614e-07,6.7270640379090716e-06,0.4641049780475118,61,highpass
2.196147790096336e-07,6.792441965213715e-07,2.3245844402793316e-07,2.7997094868790614e-07,6.7270640379090716e-06,0.4641049780475118,61,highpass
2.196147790096336e-07,6.792441965213715e-07,2.3245844402793316e-07,2.7997094868790614e-07,6.7270640379090716e-06,0.4641049780475118,61,highpass
2.196147790096336e-07,6.792441965213715e-07,2.3245844402793316e-07,2.7997094868790614e-07,6.7270640379090716e-06,0.4641049780475118,61,highpass
2.196147790096336e-07,6.792441965213715e-07,2.3245844402793316e-07,2.8213603187188893e-07,6.7270640379090716e-06,0.4175940732666915,61,highpass
2.196147790096336e-07,6.792441965213715e-07,2.3245844402793316e-07,2.7997094868790614e-07,6.7270640379090716e-06,0.4641049780475118,61,highpass
2.196147790096336e-07,6.792441965213715e-07,2.3245844402793316e-07,2.7997094868790614e-07,6.7270640379090716e-06,0.4641049780475118,61,highpass
2.196147790096336e-07,6.792441965213715e-07,2.3245844402793316e-07,2.7997094868790614e-07,6.7270640379090716e-06,0.4641049780475118,61,highpass
2.196147790096336e-07,6.792441965213715e-07,2.3245844402793316e-07,2.7997094868790614e-07,6.7270640379090716e-06,0.4641049780475118,61,highpass
2.196147790096336e-07,6.792441965213715e-07,2.3245844402793316e-07,2.7997094868790614e-07,4.146464635547719e-05,0.3000050790474946,61,highpass
2.196147790096336e-07,6.792441965213715e-07,2.3245844402793316e-07,2.7997094868790614e-07,6.7270640379090716e-06,0.4641049780475118,61,highpass
2.196147790096336e-07,6.792441965213715e-07,2.3245844402793316e-07,2.7997094868790614e-07,6.7270640379090716e-06,0.4641049780475118,61,highpass
2.196147790096336e-07,6.792441965213715e-07,2.3245844402793316e-07,2.7997094868790614e-07,6.7270640379090716e-06,0.4641049780475118,61,highpass
2.196147790096336e-07,6.792441965213715e-07,2.3245844402793316e-07,2.7997094868790614e-07,6.7270640379090716e-06,0.4641049780475118,61,highpass
2.196147790096336e-07,6.792441965213715e-07,2.3245844402793316e-07,2.7997094868790614e-07,3.888200813065628e-05,0.30024159423570823,61,highpass
2.196147790096336e-07,6.792441965213715e-07,2.3245844402793316e-07,2.7997094868790614e-07,8.218523006792072e-06,0.3543342160665382,61,highpass
2.196147790096336e-07,6.792441965213715e-07,2.3245844402793316e-07,2.7997094868790614e-07,6.7270640379090716e-06,0.4641049780475118,61,highpass
2.196147790096336e-07,6.792441965213715e-07,2.3245844402793316e-07,2.1746308367641227e-07,6.7270640379090716e-06,0.29999187189112764,61,highpass
2.196147790096336e-07,6.792441965213715e-07,2.3245844402793316e-07,2.7997094868790614e-07,6.7270640379090716e-06,0.4641049780475118,61,highpass
2.196147790096336e-07,6.792441965213715e-07,2.3245844402793316e-07,2.7997094868790614e-07,6.7270640379090716e-06,0.4641049780475118,61,highpass
2.196147790096336e-07,6.792441965213715e-07,2.3245844402793316e-07,2.7997094868790614e-07,6.7270640379090716e-06,0.4641049780475118,61,highpass
2.196147790096336e-07,6.792441965213715e-07,2.3245844402793316e-07,2.7997094868790614e-07,6.7270640379090716e-06,0.4641049780475118,61,highpass
2.196147790096336e-07,6.792441965213715e-07,2.3245844402793316e-07,2.7997094868790614e-07,6.7270640379090716e-06,0.4641049780475118,61,highpass
2.196147790096336e-07,6.792441965213715e-07,2.3245844402793316e-07,2.7997094868790614e-07,6.7270640379090716e-06,0.4641049780475118,61,highpass
2.196147790096336e-07,6.792441965213715e-07,2.3245844402793316e-07,2.7997094868790614e-07,6.7270640379090716e-06,0.4641049780475118,61,highpass
2.196147790096336e-07,6.792441965213715e-07,2.3245844402793316e-07,2.7997094868790614e-07,6.7270640379090716e-06,0.4641049780475118,61,highpass
2.196147790096336e-07,6.792441965213715e-07,2.3245844402793316e-07,2.7997094868790614e-07,6.7270640379090716e-06,0.4641049780475118,61,highpass
2.196147790096336e-07,6.792441965213715e-07,2.3245844402793316e-07,2.7997094868790614e-07,6.7270640379090716e-06,0.4641049780475118,61,highpass
2.196147790096336e-07,6.792441965213715e-07,2.3245844402793316e-07,2.6201838069049714e-07,6.7270640379090716e-06,0.37093928248521163,61,highpass
2.196147790096336e-07,6.792441965213715e-07,2.3245844402793316e-07,2.7997094868790614e-07,6.7270640379090716e-06,0.4641049780475118,61,highpass
2.196147790096336e-07,6.792441965213715e-07,2.3245844402793316e-07,2.7997094868790614e-07,6.7270640379090716e-06,0.4641049780475118,61,highpass
2.196147790096336e-07,6.792441965213715e-07,2.3245844402793316e-07,2.7997094868790614e-07,6.7270640379090716e-06,0.4641049780475118,61,highpass
2.196147790096336e-07,6.792441965213715e-07,2.3245844402793316e-07,2.7997094868790614e-07,6.7270640379090716e-06,0.4641049780475118,62,highpass
2.3062788290019047e-07,6.792441965213715e-07,2.3245844402793316e-07,2.7997094868790614e-07,6.7270640379090716e-06,0.38528426070005317,62,highpass
2.196147790096336e-07,6.792441965213715e-07,2.3245844402793316e-07,2.844137736280513e-07,6.7270640379090716e-06,0.39449990436689447,62,highpass
2.196147790096336e-07,6.792441965213715e-07,2.3245844402793316e-07,2.7997094868790614e-07,6.7270640379090716e-06,0.4641049780475118,62,highpass
2.196147790096336e-07,6.792441965213715e-07,2.3245844402793316e-07,2.7997094868790614e-07,6.7270640379090716e-06,0.4641049780475118,62,highpass
2.196147790096336e-07,6.792441965213715e-07,2.3245844402793316e-07,2.7997094868790614e-07,6.7270640379090716e-06,0.4641049780475118,62,highpass
2.196147790096336e-07,6.792441965213715e-07,2.3245844402793316e-07,2.7997094868790614e-07,6.7270640379090716e-06,0.4641049780475118,62,highpass
2.196147790096336e-07,6.792441965213715e-07,2.3245844402793316e-07,2.7997094868790614e-07,6.7270640379090716e-06,0.4641049780475118,62,highpass
2.196147790096336e-07,6.792441965213715e-07,2.3245844402793316e-07,2.7997094868790614e-07,6.7270640379090716e-06,0.4641049780475118,62,highpass
2.196147790096336e-07,6.792441965213715e-07,1.6475288968755193e-07,2.7997094868790614e-07,6.7270640379090716e-06,0.08362656015286211,62,highpass
2.196147790096336e-07,6.792441965213715e-07,2.3245844402793316e-07,2.7997094868790614e-07,6.7270640379090716e-06,0.4641049780475118,62,highpass
2.196147790096336e-07,6.792441965213715e-07,2.3245844402793316e-07,2.7997094868790614e-07,6.7270640379090716e-06,0.4641049780475118,62,highpass
2.196147790096336e-07,6.792441965213715e-07,2.3245844402793316e-07,2.7997094868790614e-07,6.7270640379090716e-06,0.4641049780475118,62,highpass
2.196147790096336e-07,6.792441965213715e-07,2.3245844402793316e-07,2.7997094868790614e-07,6.7270640379090716e-06,0.4641049780475118,62,highpass
2.196147790096336e-07,6.792441965213715e-07,2.3245844402793316e-07,2.7997094868790614e-07,6.7270640379090716e-06,0.4641049780475118,62,highpass
2.196147790096336e-07,6.792441965213715e-07,2.3245844402793316e-07,2.7997094868790614e-07,6.7270640379090716e-06,0.4641049780475118,62,highpass
2.196147790096336e-07,6.792441965213715e-07,2.3245844402793316e-07,2.7997094868790614e-07,6.7270640379090716e-06,0.4641049780475118,62,highpass
2.196147790096336e-07,6.792441965213715e-07,2.3245844402793316e-07,2.7997094868790614e-07,6.7270640379090716e-06,0.4641049780475118,62,highpass
2.196147790096336e-07,6.792441965213715e-07,2.3245844402793316e-07,2.7997094868790614e-07,6.7270640379090716e-06,0.4641049780475118,62,highpass
2.196147790096336e-07,6.792441965213715e-07,2.3245844402793316e-07,2.7997094868790614e-07,6.7270640379090716e-06,0.4641049780475118,62,highpass
2.196147790096336e-07,6.792441965213715e-07,2.3245844402793316e-07,2.7997094868790614e-07,6.7270640379090716e-06,0.4641049780475118,62,highpass
2.196147790096336e-07,6.792441965213715e-07,2.3245844402793316e-07,2.7997094868790614e-07,6.7270640379090716e-06,0.4641049780475118,62,highpass
2.196147790096336e-07,6.792441965213715e-07,2.3245844402793316e-07,2.7997094868790614e-07,6.7270640379090716e-06,0.4641049780475118,62,highpass
2.196147790096336e-07,6.792441965213715e-07,2.3245844402793316e-07,2.7997094868790614e-07,6.7270640379090716e-06,0.4641049780475118,62,highpass
2.196147790096336e-07,6.792441965213715e-07,2.3245844402793316e-07,2.7997094868790614e-07,6.7270640379090716e-06,0.4641049780475118,62,highpass
1.0193819580412976e-07,6.792441965213715e-07,2.3245844402793316e-07,2.7997094868790614e-07,6.7270640379090716e-06,-0.08483182818114672,62,highpass
1.1398451372579024e-07,6.792441965213715e-07,2.3245844402793316e-07,2.7997094868790614e-07,6.7270640379090716e-06,0.06828917970508135,62,highpass
2.196147790096336e-07,6.792441965213715e-07,2.3245844402793316e-07,2.7997094868790614e-07,6.7270640379090716e-06,0.4641049780475118,62,highpass
2.196147790096336e-07,6.792441965213715e-07,2.3245844402793316e-07,2.7997094868790614e-07,6.7270640379090716e-06,0.4641049780475118,62,highpass
2.196147790096336e-07,6.792441965213715e-07,2.3245844402793316e-07,2.7997094868790614e-07,6.7270640379090716e-06,0.4641049780475118,62,highpass
2.196147790096336e-07,6.792441965213715e-07,2.3245844402793316e-07,2.7997094868790614e-07,6.7270640379090716e-06,0.4641049780475118,62,highpass
2.196147790096336e-07,6.792441965213715e-07,2.3245844402793316e-07,2.7997094868790614e-07,6.7270640379090716e-06,0.4641049780475118,62,highpass
2.196147790096336e-07,6.792441965213715e-07,2.3245844402793316e-07,2.7997094868790614e-07,6.7270640379090716e-06,0.4641049780475118,62,highpass
2.196147790096336e-07,6.792441965213715e-07,2.3245844402793316e-07,2.7997094868790614e-07,6.7270640379090716e-06,0.4641049780475118,62,highpass
2.196147790096336e-07,6.792441965213715e-07,2.3245844402793316e-07,2.7997094868790614e-07,6.7270640379090716e-06,0.4641049780475118,62,highpass
2.196147790096336e-07,6.792441965213715e-07,2.3245844402793316e-07,2.7997094868790614e-07,5.297851444866743e-06,0.38840602026288684,62,highpass
2.196147790096336e-07,6.792441965213715e-07,2.3502080839211602e-07,2.7997094868790614e-07,6.7270640379090716e-06,0.3929667628808739,62,highpass
2.196147790096336e-07,6.792441965213715e-07,2.3245844402793316e-07,2.7997094868790614e-07,6.7270640379090716e-06,0.4641049780475118,62,highpass
2.196147790096336e-07,6.792441965213715e-07,2.3245844402793316e-07,2.7997094868790614e-07,6.7270640379090716e-06,0.4641049780475118,62,highpass
2.196147790096336e-07,6.631552937668295e-07,2.3245844402793316e-07,2.7997094868790614e-07,6.7270640379090716e-06,0.40057708459731944,62,highpass
2.196147790096336e-07,6.792441965213715e-07,2.3245844402793316e-07,1.5214231753669154e-07,6.7270640379090716e-06,0.187154402420631,62,highpass
2.196147790096336e-07,6.792441965213715e-07,2.3245844402793316e-07,2.7997094868790614e-07,6.7270640379090716e-06,0.4641049780475118,62,highpass
2.196147790096336e-07,6.792441965213715e-07,2.3245844402793316e-07,2.7997094868790614e-07,6.7270640379090716e-06,0.4641049780475118,62,highpass
2.196147790096336e-07,6.792441965213715e-07,2.3245844402793316e-07,2.7997094868790614e-07,6.7270640379090716e-06,0.4641049780475118,62,highpass
2.196147790096336e-07,6.792441965213715e-07,2.3245844402793316e-07,2.7997094868790614e-07,6.7270640379090716e-06,0.4641049780475118,62,highpass
2.196147790096336e-07,6.792441965213715e-07,2.3245844402793316e-07,2.7997094868790614e-07,6.7270640379090716e-06,0.4641049780475118,62,highpass
2.196147790096336e-07,6.792441965213715e-07,2.3245844402793316e-07,2.7997094868790614e-07,6.7270640379090716e-06,0.4641049780475118,62,highpass
2.196147790096336e-07,6.792441965213715e-07,2.3245844402793316e-07,2.7997094868790614e-07,6.7270640379090716e-06,0.4641049780475118,62,highpass
2.196147790096336e-07,6.792441965213715e-07,2.3245844402793316e-07,2.7997094868790614e-07,6.7270640379090716e-06,0.4641049780475118,62,highpass
2.196147790096336e-07,6.792441965213715e-07,2.3245844402793316e-07,2.7997094868790614e-07,6.7270640379090716e-06,0.4641049780475118,62,highpass
2.196147790096336e-07,6.792441965213715e-07,2.3245844402793316e-07,2.7997094868790614e-07,6.7270640379090716e-06,0.4641049780475118,63,highpass
2.196147790096336e-07,6.792441965213715e-07,2.3245844402793316e-07,2.7997094868790614e-07,6.7270640379090716e-06,0.4641049780475118,63,highpass
2.196147790096336e-07,6.792441965213715e-07,2.3245844402793316e-07,2.7997094868790614e-07,6.7270640379090716e-06,0.4641049780475118,63,highpass
2.196147790096336e-07,6.792441965213715e-07,2.3245844402793316e-07,2.7997094868790614e-07,6.7270640379090716e-06,0.4641049780475118,63,highpass
2.196147790096336e-07,6.792441965213715e-07,2.3245844402793316e-07,2.7997094868790614e-07,6.7270640379090716e-06,0.4641049780475118,63,highpass
2.196147790096336e-07,6.792441965213715e-07,2.3245844402793316e-07,2.7997094868790614e-07,6.7270640379090716e-06,0.4641049780475118,63,highpass
2.196147790096336e-07,6.792441965213715e-07,2.3245844402793316e-07,2.7997094868790614e-07,6.7270640379090716e-06,0.4641049780475118,63,highpass
2.196147790096336e-07,6.792441965213715e-07,2.3245844402793316e-07,2.7997094868790614e-07,6.7270640379090716e-06,0.4641049780475118,63,highpass
2.196147790096336e-07,6.792441965213715e-07,2.3245844402793316e-07,2.7997094868790614e-07,6.7270640379090716e-06,0.4641049780475118,63,highpass
2.196147790096336e-07,6.792441965213715e-07,2.3245844402793316e-07,2.7997094868790614e-07,6.7270640379090716e-06,0.4641049780475118,63,highpass
2.196147790096336e-07,6.792441965213715e-07,2.3245844402793316e-07,2.7997094868790614e-07,6.7270640379090716e-06,0.4641049780475118,63,highpass
2.196147790096336e-07,6.792441965213715e-07,2.2999342390467077e-07,2.7997094868790614e-07,6.7270640379090716e-06,0.31465724730596273,63,highpass
2.196147790096336e-07,6.792441965213715e-07,2.3245844402793316e-07,2.7997094868790614e-07,6.7270640379090716e-06,0.4641049780475118,63,highpass
2.196147790096336e-07,6.792441965213715e-07,2.3245844402793316e-07,2.7997094868790614e-07,6.7270640379090716e-06,0.4641049780475118,63,highpass
2.196147790096336e-07,6.792441965213715e-07,2.3245844402793316e-07,2.2805413921268999e-07,6.7270640379090716e-06,0.30004424625822934,63,highpass
2.196147790096336e-07,6.792441965213715e-07,2.3245844402793316e-07,2.7997094868790614e-07,6.7270640379090716e-06,0.4641049780475118,63,highpass
2.196147790096336e-07,6.792441965213715e-07,2.3245844402793316e-07,2.7997094868790614e-07,6.7270640379090716e-06,0.4641049780475118,63,highpass
2.196147790096336e-07,6.792441965213715e-07,2.3245844402793316e-07,2.7997094868790614e-07,6.7270640379090716e-06,0.4641049780475118,63,highpass
2.196147790096336e-07,6.792441965213715e-07,2.3245844402793316e-07,2.7997094868790614e-07,6.7270640379090716e-06,0.4641049780475118,63,highpass
2.196147790096336e-07,6.792441965213715e-07,2.3245844402793316e-07,2.7997094868790614e-07,6.7270640379090716e-06,0.4641049780475118,63,highpass
2.196147790096336e-07,6.792441965213715e-07,2.3245844402793316e-07,2.7997094868790614e-07,6.7270640379090716e-06,0.4641049780475118,63,highpass
2.196147790096336e-07,6.792441965213715e-07,2.3245844402793316e-07,2.7997094868790614e-07,6.7270640379090716e-06,0.4641049780475118,63,highpass
2.196147790096336e-07,6.792441965213715e-07,2.3245844402793316e-07,2.7997094868790614e-07,6.7270640379090716e-06,0.4641049780475118,63,highpass
2.196147790096336e-07,6.722060882853945e-07,2.3245844402793316e-07,2.7997094868790614e-07,6.7270640379090716e-06,0.4464815095493585,63,highpass
2.196147790096336e-07,6.792441965213715e-07,2.3245844402793316e-07,2.7997094868790614e-07,6.7270640379090716e-06,0.4641049780475118,63,highpass
2.2579710072473837e-07,6.792441965213715e-07,2.3245844402793316e-07,2.7997094868790614e-07,6.7270640379090716e-06,0.34430297375202384,63,highpass
2.196147790096336e-07,6.792441965213715e-07,2.3245844402793316e-07,2.7997094868790614e-07,6.7270640379090716e-06,0.4641049780475118,63,highpass
1.866598034040175e-07,6.792441965213715e-07,2.3245844402793316e-07,2.7997094868790614e-07,6.7270640379090716e-06,0.30063322421407895,63,highpass
2.196147790096336e-07,6.792441965213715e-07,2.3245844402793316e-07,2.7997094868790614e-07,6.7270640379090716e-06,0.4641049780475118,63,highpass
2.196147790096336e-07,6.792441965213715e-07,2.3245844402793316e-07,2.7997094868790614e-07,6.7270640379090716e-06,0.4641049780475118,63,highpass
2.196147790096336e-07,6.792441965213715e-07,2.3245844402793316e-07,2.7997094868790614e-07,6.7270640379090716e-06,0.4641049780475118,63,highpass
2.196147790096336e-07,5.61431076299278e-07,2.3245844402793316e-07,2.7997094868790614e-07,6.7270640379090716e-06,0.3002072741785173,63,highpass
2.196147790096336e-07,6.792441965213715e-07,2.3245844402793316e-07,2.7997094868790614e-07,6.7270640379090716e-06,0.4641049780475118,63,highpass
2.196147790096336e-07,6.792441965213715e-07,2.3245844402793316e-07,2.7997094868790614e-07,6.7270640379090716e-06,0.4641049780475118,63,highpass
2.196147790096336e-07,6.792441965213715e-07,2.3245844402793316e-07,2.7997094868790614e-07,6.7270640379090716e-06,0.4641049780475118,63,highpass
2.196147790096336e-07,6.792441965213715e-07,2.3245844402793316e-07,2.7997094868790614e-07,6.7270640379090716e-06,0.4641049780475118,63,highpass
2.196147790096336e-07,6.792441965213715e-07,2.3245844402793316e-07,2.7997094868790614e-07,6.7270640379090716e-06,0.4641049780475118,63,highpass
2.196147790096336e-07,6.792441965213715e-07,2.3245844402793316e-07,2.7997094868790614e-07,6.7270640379090716e-06,0.4641049780475118,63,highpass
2.196147790096336e-07,6.792441965213715e-07,2.3245844402793316e-07,2.7997094868790614e-07,6.7270640379090716e-06,0.4641049780475118,63,highpass
2.196147790096336e-07,6.792441965213715e-07,2.3245844402793316e-07,2.7997094868790614e-07,6.7270640379090716e-06,0.4641049780475118,63,highpass
2.196147790096336e-07,6.792441965213715e-07,2.3245844402793316e-07,2.7997094868790614e-07,2.751524575813288e-05,0.31321188500349584,63,highpass
2.196147790096336e-07,6.792441965213715e-07,2.3245844402793316e-07,2.7536266517171547e-07,6.7270640379090716e-06,0.40045399140760884,63,highpass
2.196147790096336e-07,6.792441965213715e-07,2.3245844402793316e-07,2.7997094868790614e-07,6.7270640379090716e-06,0.4641049780475118,63,highpass
2.196147790096336e-07,6.792441965213715e-07,2.3245844402793316e-07,2.7997094868790614e-07,6.7270640379090716e-06,0.4641049780475118,63,highpass
2.196147790096336e-07,6.792441965213715e-07,2.3245844402793316e-07,2.7997094868790614e-07,6.7270640379090716e-06,0.4641049780475118,63,highpass
2.196147790096336e-07,6.736616257888215e-07,2.3245844402793316e-07,2.7997094868790614e-07,6.7270640379090716e-06,0.4518708303080175,63,highpass
2.196147790096336e-07,6.792441965213715e-07,2.3245844402793316e-07,2.7997094868790614e-07,6.7270640379090716e-06,0.4641049780475118,63,highpass
2.196147790096336e-07,6.792441965213715e-07,2.3245844402793316e-07,2.7997094868790614e-07,6.7270640379090716e-06,0.4641049780475118,63,highpass
2.196147790096336e-07,6.792441965213715e-07,2.3245844402793316e-07,2.7997094868790614e-07,6.7270640379090716e-06,0.4641049780475118,63,highpass
2.196147790096336e-07,6.792441965213715e-07,2.3245844402793316e-07,2.7997094868790614e-07,6.7270640379090716e-06,0.4641049780475118,63,highpass
2.196147790096336e-07,6.792441965213715e-07,2.3245844402793316e-07,2.7997094868790614e-07,6.7270640379090716e-06,0.4641049780475118,64,highpass
1.2502970076004597e-07,6.792441965213715e-07,2.3245844402793316e-07,2.7997094868790614e-07,6.7270640379090716e-06,0.2949610417511032,64,highpass
2.196147790096336e-07,6.792441965213715e-07,2.3245844402793316e-07,2.7895025896145723e-07,6.7270640379090716e-06,0.45181669262996726,64,highpass
2.196147790096336e-07,6.792441965213715e-07,2.3245844402793316e-07,2.7997094868790614e-07,6.7270640379090716e-06,0.4641049780475118,64,highpass
2.2048718268552344e-07,6.792441965213715e-07,2.3245844402793316e-07,2.7997094868790614e-07,6.7270640379090716e-06,0.4641049780475118,64,highpass
2.196147790096336e-07,6.668672055055776e-07,2.3245844402793316e-07,2.7997094868790614e-07,6.7270640379090716e-06,0.42222799472044203,64,highpass
2.196147790096336e-07,6.792441965213715e-07,2.3245844402793316e-07,2.7997094868790614e-07,6.7270640379090716e-06,0.4641049780475118,64,highpass
2.196147790096336e-07,6.792441965213715e-07,2.3245844402793316e-07,2.7997094868790614e-07,6.7270640379090716e-06,0.4641049780475118,64,highpass
2.196147790096336e-07,6.792441965213715e-07,2.3245844402793316e-07,2.7997094868790614e-07,6.7270640379090716e-06,0.4641049780475118,64,highpass
2.196147790096336e-07,6.722005380071622e-07,2.3245844402793316e-07,2.7997094868790614e-07,6.7270640379090716e-06,0.4464604788217764,64,highpass
2.196147790096336e-07,6.945951126274906e-07,2.3245844402793316e-07,2.7997094868790614e-07,6.7270640379090716e-06,0.40524184469138796,64,highpass
2.196147790096336e-07,6.792441965213715e-07,2.3245844402793316e-07,2.7997094868790614e-07,6.7270640379090716e-06,0.4641049780475118,64,highpass
2.196147790096336e-07,6.792441965213715e-07,2.3245844402793316e-07,2.7997094868790614e-07,6.7270640379090716e-06,0.4641049780475118,64,highpass
2.196147790096336e-07,6.792441965213715e-07,2.3245844402793316e-07,2.7997094868790614e-07,6.7270640379090716e-06,0.4641049780475118,64,highpass
2.196147790096336e-07,6.792441965213715e-07,2.3245844402793316e-07,2.7997094868790614e-07,6.7270640379090716e-06,0.4641049780475118,64,highpass
2.196147790096336e-07,6.792441965213715e-07,2.3245844402793316e-07,2.7997094868790614e-07,6.7270640379090716e-06,0.4641049780475118,64,highpass
2.196147790096336e-07,6.792441965213715e-07,2.3245844402793316e-07,2.7997094868790614e-07,6.7270640379090716e-06,0.4641049780475118,64,highpass
2.196147790096336e-07,6.792441965213715e-07,2.3245844402793316e-07,2.7997094868790614e-07,6.7270640379090716e-06,0.4641049780475118,64,highpass
2.196147790096336e-07,6.792441965213715e-07,2.3245844402793316e-07,2.7997094868790614e-07,6.7270640379090716e-06,0.4641049780475118,64,highpass
2.196147790096336e-07,6.792441965213715e-07,2.3245844402793316e-07,2.7997094868790614e-07,6.7270640379090716e-06,0.4641049780475118,64,highpass
2.196147790096336e-07,6.792441965213715e-07,2.3245844402793316e-07,2.7997094868790614e-07,6.7270640379090716e-06,0.4641049780475118,64,highpass
2.196147790096336e-07,6.792441965213715e-07,2.3245844402793316e-07,2.7997094868790614e-07,6.7270640379090716e-06,0.4641049780475118,64,highpass
2.196147790096336e-07,6.792441965213715e-07,2.3245844402793316e-07,2.7997094868790614e-07,5.098135259864248e-06,0.3746165025716933,64,highpass
2.196147790096336e-07,6.792441965213715e-07,2.3245844402793316e-07,2.7997094868790614e-07,6.7270640379090716e-06,0.4641049780475118,64,highpass
2.196147790096336e-07,6.792441965213715e-07,2.3245844402793316e-07,2.7997094868790614e-07,6.7270640379090716e-06,0.4641049780475118,64,highpass
2.196147790096336e-07,6.792441965213715e-07,2.3245844402793316e-07,2.3769860007432579e-07,6.7270640379090716e-06,0.30001925790411504,64,highpass
2.1720598774123686e-07,6.792441965213715e-07,2.3245844402793316e-07,2.7997094868790614e-07,6.7270640379090716e-06,0.4361525772280864,64,highpass
2.196147790096336e-07,6.792441965213715e-07,2.3245844402793316e-07,2.7997094868790614e-07,6.7270640379090716e-06,0.4641049780475118,64,highpass
2.196147790096336e-07,6.792441965213715e-07,2.3245844402793316e-07,2.7997094868790614e-07,6.7270640379090716e-06,0.4641049780475118,64,highpass
2.196147790096336e-07,6.792441965213715e-07,2.3245844402793316e-07,2.7997094868790614e-07,6.7270640379090716e-06,0.4641049780475118,64,highpass
2.196147790096336e-07,6.792441965213715e-07,2.3245844402793316e-07,2.7997094868790614e-07,6.7270640379090716e-06,0.4641049780475118,64,highpass
2.2263869383746043e-07,6.792441965213715e-07,2.3245844402793316e-07,2.7997094868790614e-07,6.7270640379090716e-06,0.3760981304702423,64,highpass
2.196147790096336e-07,6.792441965213715e-07,2.3245844402793316e-07,2.7997094868790614e-07,6.7270640379090716e-06,0.4641049780475118,64,highpass
2.196147790096336e-07,6.792441965213715e-07,2.3245844402793316e-07,2.7997094868790614e-07,6.7270640379090716e-06,0.4641049780475118,64,highpass
2.196147790096336e-07,6.792441965213715e-07,2.3478418150118629e-07,2.7997094868790614e-07,6.7270640379090716e-06,0.39621826150194395,64,highpass
2.196147790096336e-07,6.792441965213715e-07,2.3245844402793316e-07,2.7997094868790614e-07,6.7270640379090716e-06,0.4641049780475118,64,highpass
2.196147790096336e-07,6.792441965213715e-07,2.3245844402793316e-07,2.7997094868790614e-07,6.7270640379090716e-06,0.4641049780475118,64,highpass
1.4232319584700726e-07,6.792441965213715e-07,2.3245844402793316e-07,2.7997094868790614e-07,6.7270640379090716e-06,0.29998780525539465,64,highpass
2.196147790096336e-07,6.792441965213715e-07,2.3245844402793316e-07,2.7997094868790614e-07,6.7270640379090716e-06,0.4641049780475118,64,highpass
2.196147790096336e-07,6.792441965213715e-07,2.3245844402793316e-07,2.7997094868790614e-07,6.7270640379090716e-06,0.4641049780475118,64,highpass
2.196147790096336e-07,6.792441965213715e-07,2.3245844402793316e-07,2.7997094868790614e-07,6.7270640379090716e-06,0.4641049780475118,64,highpass
2.196147790096336e-07,6.792441965213715e-07,2.3245844402793316e-07,2.7997094868790614e-07,6.7270640379090716e-06,0.4641049780475118,64,highpass
2.196147790096336e-07,6.792441965213715e-07,2.3245844402793316e-07,2.7997094868790614e-07,6.7270640379090716e-06,0.4641049780475118,64,highpass
2.196147790096336e-07,6.792441965213715e-07,2.3245844402793316e-07,2.7997094868790614e-07,6.7270640379090716e-06,0.4641049780475118,64,highpass
2.196147790096336e-07,6.792441965213715e-07,2.3245844402793316e-07,2.7997094868790614e-07,6.7270640379090716e-06,0.4641049780475118,64,highpass
2.196147790096336e-07,6.792441965213715e-07,2.3245844402793316e-07,2.7997094868790614e-07,6.7270640379090716e-06,0.4641049780475118,64,highpass
2.196147790096336e-07,6.792441965213715e-07,2.3245844402793316e-07,2.7997094868790614e-07,6.7270640379090716e-06,0.4641049780475118,64,highpass
2.196147790096336e-07,6.792441965213715e-07,2.3245844402793316e-07,2.7997094868790614e-07,6.7270640379090716e-06,0.4641049780475118,64,highpass
2.196147790096336e-07,6.792441965213715e-07,2.3245844402793316e-07,2.7997094868790614e-07,4.739606896970647e-05,0.29994185552318625,64,highpass
2.196147790096336e-07,6.792441965213715e-07,2.3245844402793316e-07,2.7997094868790614e-07,6.7270640379090716e-06,0.4641049780475118,64,highpass
2.196147790096336e-07,6.792441965213715e-07,2.3245844402793316e-07,2.7997094868790614e-07,6.7270640379090716e-06,0.4641049780475118,65,highpass
2.196147790096336e-07,6.792441965213715e-07,2.3245844402793316e-07,2.7997094868790614e-07,6.7270640379090716e-06,0.4641049780475118,65,highpass
2.196147790096336e-07,6.792441965213715e-07,2.3245844402793316e-07,2.7997094868790614e-07,6.7270640379090716e-06,0.4641049780475118,65,highpass
2.196147790096336e-07,6.792441965213715e-07,2.3245844402793316e-07,2.7997094868790614e-07,6.7270640379090716e-06,0.4641049780475118,65,highpass
2.196147790096336e-07,6.792441965213715e-07,2.3245844402793316e-07,2.7997094868790614e-07,6.7270640379090716e-06,0.4641049780475118,65,highpass
2.196147790096336e-07,6.792441965213715e-07,2.3245844402793316e-07,2.7997094868790614e-07,6.7270640379090716e-06,0.4641049780475118,65,highpass
2.196147790096336e-07,6.792441965213715e-07,2.3245844402793316e-07,2.7997094868790614e-07,6.7270640379090716e-06,0.4641049780475118,65,highpass
2.196147790096336e-07,6.792441965213715e-07,2.396427724524557e-07,2.7997094868790614e-07,6.7270640379090716e-06,0.11969484808737858,65,highpass
2.196147790096336e-07,6.792441965213715e-07,2.3245844402793316e-07,2.7997094868790614e-07,6.7270640379090716e-06,0.4641049780475118,65,highpass
2.196147790096336e-07,6.792441965213715e-07,2.3245844402793316e-07,2.7997094868790614e-07,6.7270640379090716e-06,0.4641049780475118,65,highpass
2.196147790096336e-07,6.792441965213715e-07,2.3245844402793316e-07,2.7997094868790614e-07,6.7270640379090716e-06,0.4641049780475118,65,highpass
2.196147790096336e-07,6.792441965213715e-07,2.3245844402793316e-07,2.7997094868790614e-07,6.7270640379090716e-06,0.4641049780475118,65,highpass
2.196147790096336e-07,6.792441965213715e-07,2.3245844402793316e-07,2.7997094868790614e-07,6.7270640379090716e-06,0.4641049780475118,65,highpass
2.196147790096336e-07,6.792441965213715e-07,2.3245844402793316e-07,2.7997094868790614e-07,6.7270640379090716e-06,0.4641049780475118,65,highpass
2.196147790096336e-07,6.792441965213715e-07,2.3245844402793316e-07,2.7997094868790614e-07,6.7270640379090716e-06,0.4641049780475118,65,highpass
2.196147790096336e-07,6.792441965213715e-07,2.3245844402793316e-07,2.7997094868790614e-07,6.7270640379090716e-06,0.4641049780475118,65,highpass
2.196147790096336e-07,6.792441965213715e-07,2.3245844402793316e-07,2.7997094868790614e-07,5.8997312729316265e-06,0.41763700386446084,65,highpass
2.1264665897718e-07,6.792441965213715e-07,2.3245844402793316e-07,2.7997094868790614e-07,6.7270640379090716e-06,0.39287874245709964,65,highpass
2.196147790096336e-07,6.792441965213715e-07,2.3245844402793316e-07,2.7997094868790614e-07,6.7270640379090716e-06,0.4641049780475118,65,highpass
2.196147790096336e-07,6.792441965213715e-07,2.3245844402793316e-07,2.7997094868790614e-07,6.7270640379090716e-06,0.4641049780475118,65,highpass
2.2048718268552344e-07,6.792441965213715e-07,2.3245844402793316e-07,2.7997094868790614e-07,6.7270640379090716e-06,0.4641049780475118,65,highpass
2.196147790096336e-07,6.792441965213715e-07,2.3245844402793316e-07,2.7997094868790614e-07,6.7270640379090716e-06,0.4641049780475118,65,highpass
2.196147790096336e-07,6.792441965213715e-07,2.3245844402793316e-07,2.7997094868790614e-07,6.7270640379090716e-06,0.4641049780475118,65,highpass
2.196147790096336e-07,6.792441965213715e-07,2.3245844402793316e-07,2.7997094868790614e-07,6.7270640379090716e-06,0.4641049780475118,65,highpass
2.196147790096336e-07,6.792441965213715e-07,2.3245844402793316e-07,2.7997094868790614e-07,6.7270640379090716e-06,0.4641049780475118,65,highpass
2.196147790096336e-07,6.792441965213715e-07,2.3245844402793316e-07,2.7997094868790614e-07,6.7270640379090716e-06,0.4641049780475118,65,highpass
2.196147790096336e-07,6.792441965213715e-07,2.3245844402793316e-07,2.7997094868790614e-07,6.7270640379090716e-06,0.4641049780475118,65,highpass
2.196147790096336e-07,6.792441965213715e-07,2.3245844402793316e-07,2.7997094868790614e-07,6.7270640379090716e-06,0.4641049780475118,65,highpass
2.196147790096336e-07,6.792441965213715e-07,2.3245844402793316e-07,2.7997094868790614e-07,6.7270640379090716e-06,0.4641049780475118,65,highpass
2.2048718268552344e-07,6.792441965213715e-07,2.3245844402793316e-07,2.7997094868790614e-07,6.7270640379090716e-06,0.4641049780475118,65,highpass
2.196147790096336e-07,6.792441965213715e-07,2.3245844402793316e-07,2.7997094868790614e-07,6.7270640379090716e-06,0.4641049780475118,65,highpass
2.196147790096336e-07,6.792441965213715e-07,2.3245844402793316e-07,2.7997094868790614e-07,6.7270640379090716e-06,0.4641049780475118,65,highpass
2.196147790096336e-07,6.792441965213715e-07,2.3245844402793316e-07,2.7997094868790614e-07,6.7270640379090716e-06,0.4641049780475118,65,highpass
2.196147790096336e-07,6.792441965213715e-07,2.3245844402793316e-07,2.7997094868790614e-07,6.7270640379090716e-06,0.4641049780475118,65,highpass
2.196147790096336e-07,6.792441965213715e-07,2.3245844402793316e-07,2.7997094868790614e-07,2.3651293907404115e-05,0.32600496469481965,65,highpass
2.196147790096336e-07,6.792441965213715e-07,2.3245844402793316e-07,2.7997094868790614e-07,6.7270640379090716e-06,0.4641049780475118,65,highpass
2.196147790096336e-07,6.792441965213715e-07,2.3245844402793316e-07,2.8031343025804107e-07,6.7270640379090716e-06,0.4641049780475118,65,highpass
2.196147790096336e-07,6.792441965213715e-07,2.3245844402793316e-07,2.7997094868790614e-07,6.7270640379090716e-06,0.4641049780475118,65,highpass
2.196147790096336e-07,6.792441965213715e-07,2.3245844402793316e-07,2.7997094868790614e-07,6.7270640379090716e-06,0.4641049780475118,65,highpass
2.196147790096336e-07,6.792441965213715e-07,2.3245844402793316e-07,2.7997094868790614e-07,6.7270640379090716e-06,0.4641049780475118,65,highpass
2.196147790096336e-07,6.792441965213715e-07,2.3245844402793316e-07,2.7997094868790614e-07,6.7270640379090716e-06,0.4641049780475118,65,highpass
2.196147790096336e-07,6.792441965213715e-07,2.3245844402793316e-07,2.7997094868790614e-07,6.7270640379090716e-06,0.4641049780475118,65,highpass
2.196147790096336e-07,6.792441965213715e-07,2.3245844402793316e-07,2.7997094868790614e-07,6.7270640379090716e-06,0.4641049780475118,65,highpass
2.196147790096336e-07,6.792441965213715e-07,2.3245844402793316e-07,2.7997094868790614e-07,6.7270640379090716e-06,0.4641049780475118,65,highpass
2.196147790096336e-07,6.792441965213715e-07,2.3245844402793316e-07,2.7997094868790614e-07,6.7270640379090716e-06,0.4641049780475118,65,highpass
2.196147790096336e-07,6.792441965213715e-07,2.3245844402793316e-07,2.7997094868790614e-07,6.7270640379090716e-06,0.4641049780475118,65,highpass
2.196147790096336e-07,6.792441965213715e-07,2.3245844402793316e-07,2.7997094868790614e-07,6.7270640379090716e-06,0.4641049780475118,65,highpass
2.196147790096336e-07,6.792441965213715e-07,2.3245844402793316e-07,2.7997094868790614e-07,6.7270640379090716e-06,0.4641049780475118,65,highpass
2.1723579840551502e-07,6.792441965213715e-07,2.3245844402793316e-07,2.7997094868790614e-07,6.7270640379090716e-06,0.43639377286856806,65,highpass
2.196147790096336e-07,6.792441965213715e-07,1.6520067452724607e-07,2.7997094868790614e-07,6.7270640379090716e-06,0.0843663558450509,65,highpass
