s,w,l,height,total_length,fitness_score,generation,fitness_strategy
2.0124908118843045e-07,3.289926454938363e-07,1.1762857559304786e-07,3e-07,3.476586770755583e-05,2.1941065700681737,1,highpass
1.3730977707519732e-07,5.341717057823373e-07,1.0662009954812857e-07,2.826943264696241e-07,3.7515060503013944e-05,32.36718357436329,1,highpass
1.1955811636786288e-07,3.6370178081586595e-07,1.9633536549493865e-07,2.8258426979187353e-07,6.4867064329917025e-06,6.1681693197762995,1,highpass
1.1273790963055766e-07,5.697486143560806e-07,1.1190992826162135e-07,2.934233549454459e-07,4.640835334548856e-05,28.08467983852139,1,highpass
1.7641236446674324e-07,5.84252844638203e-07,1.227306461133428e-07,2.5575240362131315e-07,4.837236685330669e-05,26.954401242411308,1,highpass
2.1890578960454567e-07,4.7094654658379055e-07,2.2053679295411104e-07,2.5359247884551895e-07,2.4042851429387014e-05,37.451494801628336,1,highpass
2.0424281655874293e-07,5.625990151199893e-07,1.855301383125438e-07,1.6950527867242413e-07,3.955458813428505e-05,23.535163475477866,1,highpass
2.2227920955075805e-07,6.940797488868126e-07,1.8618071827659835e-07,2.059310544811672e-07,3.94305262058701e-05,20.51461200805986,1,highpass
1.3425465322266002e-07,6.310978024871717e-07,2.037935186880905e-07,2.043693713697183e-07,2.6701174844882076e-05,247.5205197014496,1,highpass
1e-07,3e-07,1.6498636434633696e-07,3e-07,3.831652513882246e-05,5.651162036727766,1,highpass
1.4655518505785975e-07,3.9199074583799347e-07,1.2340715997499282e-07,2.6324004806498504e-07,4.8256606435234644e-05,8.439928956735955,1,highpass
1.3109198379457507e-07,3.3311765383619894e-07,1.9051430721697658e-07,2.0984993908431573e-07,5.0841875811842366e-06,1.8103968649079696,1,highpass
1.6122211040907942e-07,3.028046319592313e-07,1.283457028731029e-07,2.0671223366605094e-07,3.943670951420204e-05,1.237946048971001,1,highpass
1.2381297740001564e-07,5.1062886567507e-07,1.4576269682179945e-07,2.882891273527252e-07,4.701926109643109e-05,15.004178121344781,1,highpass
1.1711487363341914e-07,5.401956940054645e-07,1.3305497477771408e-07,1.94712578502294e-07,3.7926624653221715e-05,28.22515341670713,1,highpass
1.6875173423189313e-07,6.54192639220236e-07,1.8913854099191577e-07,2.804556410875521e-07,1.029392388427953e-05,149.9241178006844,1,highpass
1.0422097755336747e-07,4.5554300848166054e-07,1.4010700620578053e-07,2.054308009443764e-07,9.057242004256995e-06,5.583963633167131,1,highpass
1e-07,7e-07,1.3572168701848867e-07,2.9814075234927586e-07,3.626710743044226e-05,204.17557592844676,1,highpass
1e-07,7e-07,1.298825692871229e-07,2.3524566327691776e-07,4.004797019140201e-05,257.12511865557775,1,highpass
1.8422593297895827e-07,3.853744633465858e-07,1e-07,1.5e-07,3.2361687303355116e-05,1.1203167271940155,1,highpass
1.0119193421964011e-07,3.628861462750071e-07,1.938483712981426e-07,2.322419209951914e-07,1.7562432442125202e-05,9.661378586261721,1,highpass
1.8229948799813598e-07,3.0397631428945294e-07,1.624321714613579e-07,3e-07,3.384431767409791e-05,4.407194062855956,1,highpass
1e-07,6.910420225299637e-07,1.078945111699287e-07,2.2126611948917643e-07,3.5781720248094905e-05,84.15255345784347,1,highpass
1e-07,3.707099731587873e-07,1.8961062127331958e-07,1.9999374713133552e-07,3.8897008520926556e-05,7.213490563142754,1,highpass
1.9366590068136782e-07,5.674125282275276e-07,2.422961113139837e-07,1.5964366339729087e-07,1.3549544643212422e-05,50.41444240997159,1,highpass
1.3936821041377594e-07,3.2200534752381107e-07,2.053797101183732e-07,1.5181787611691724e-07,3.068149390782231e-05,2.1002072971867984,1,highpass
1.186396762804871e-07,4.953356948882337e-07,1.6147128431287023e-07,1.6743537545564322e-07,3.2063683153981506e-05,14.134510033874909,1,highpass
2.01032974719309e-07,5.462614468847853e-07,2.0761756349319984e-07,1.7433297987830615e-07,4.5224716763021466e-05,21.23103099865434,1,highpass
2.1170628821402205e-07,6.649581152158106e-07,2.349925023666927e-07,2.1055483379543228e-07,3.644665277415726e-05,0.9748761643222195,1,highpass
1.7311807081713278e-07,5.72931650632123e-07,1.0099043229738936e-07,1.712404794140335e-07,4.344119645027212e-05,5.212784321011781,1,highpass
1e-07,7e-07,1.298825692871229e-07,2.3524566327691776e-07,4.004797019140201e-05,257.12511865557775,2,highpass
1e-07,7e-07,1.298825692871229e-07,2.3524566327691776e-07,1.1314716950914036e-05,36.765264732095126,2,highpass
1.7641236446674324e-07,5.84252844638203e-07,1.298825692871229e-07,2.3524566327691776e-07,4.004797019140201e-05,52.17261920901735,2,highpass
1.1711487363341914e-07,5.401956940054645e-07,2.422961113139837e-07,1.5964366339729087e-07,1.3549544643212422e-05,48.57726741979799,2,highpass
1e-07,6.910420225299637e-07,1.078945111699287e-07,2.2126611948917643e-07,4.004797019140201e-05,96.81926435329983,2,highpass
1.6875173423189313e-07,6.54192639220236e-07,1.8913854099191577e-07,2.2126611948917643e-07,3.5781720248094905e-05,49.65508337800553,2,highpass
1.3425465322266002e-07,6.310978024871717e-07,2.037935186880905e-07,1.5964366339729087e-07,1.3549544643212422e-05,59.03718906964262,2,highpass
1e-07,7e-07,1.298825692871229e-07,2.3524566327691776e-07,4.004797019140201e-05,257.12511865557775,2,highpass
1.3730977707519732e-07,7e-07,1.3572168701848867e-07,2.9814075234927586e-07,3.626710743044226e-05,169.12296427482272,2,highpass
1.3730977707519732e-07,7e-07,1.3572168701848867e-07,2.9814075234927586e-07,3.626710743044226e-05,169.12296427482272,2,highpass
1e-07,7e-07,2.422961113139837e-07,1.5964366339729087e-07,1.3549544643212422e-05,1070.084349472149,2,highpass
1e-07,6.910420225299637e-07,1.078945111699287e-07,2.2126611948917643e-07,2.4042851429387014e-05,45.5306344362913,2,highpass
1.6875173423189313e-07,6.54192639220236e-07,1.078945111699287e-07,2.2126611948917643e-07,3.5781720248094905e-05,33.22299330297155,2,highpass
1.3425465322266002e-07,6.109019104254713e-07,2.037935186880905e-07,2.043693713697183e-07,2.6701174844882076e-05,233.31079344313878,2,highpass
2.1890578960454567e-07,4.7094654658379055e-07,2.2053679295411104e-07,2.5359247884551895e-07,2.4042851429387014e-05,37.451494801628336,2,highpass
2.1890578960454567e-07,4.7094654658379055e-07,2.2053679295411104e-07,2.3524566327691776e-07,4.004797019140201e-05,20.41996371280347,2,highpass
1.3425465322266002e-07,6.310978024871717e-07,1.078945111699287e-07,2.2126611948917643e-07,3.5781720248094905e-05,28.332416688534767,2,highpass
1.3425465322266002e-07,7e-07,1.3572168701848867e-07,2.9814075234927586e-07,3.626710743044226e-05,160.6454512790666,2,highpass
1e-07,6.910420225299637e-07,2.037935186880905e-07,2.043693713697183e-07,2.6701174844882076e-05,525.0510563990422,2,highpass
1.8824751596871785e-07,7e-07,1.298825692871229e-07,1.94712578502294e-07,3.7926624653221715e-05,57.708062614475246,2,highpass
1.6875173423189313e-07,6.54192639220236e-07,2.037935186880905e-07,2.043693713697183e-07,2.6701174844882076e-05,168.76538569938876,2,highpass
1.7641236446674324e-07,5.828174775478929e-07,1.227306461133428e-07,2.5575240362131315e-07,1.3549544643212422e-05,20.05894647306765,2,highpass
1e-07,7e-07,1.3572168701848867e-07,2.9814075234927586e-07,3.7515060503013944e-05,225.83064749532343,2,highpass
1.3425465322266002e-07,6.310978024871717e-07,2.037935186880905e-07,2.043693713697183e-07,4.701926109643109e-05,58.41055281277467,2,highpass
1.9366590068136782e-07,5.674125282275276e-07,2.422961113139837e-07,2.3524566327691776e-07,4.004797019140201e-05,1.017851863070543,2,highpass
1.1711487363341914e-07,5.401956940054645e-07,1.3305497477771408e-07,1.94712578502294e-07,2.4042851429387014e-05,19.205649066998443,2,highpass
2.1890578960454567e-07,6.884467625318346e-07,1.3572168701848867e-07,2.9814075234927586e-07,3.626710743044226e-05,66.16992799830189,2,highpass
1e-07,6.910420225299637e-07,1.3572168701848867e-07,2.9814075234927586e-07,3.626710743044226e-05,195.87486498904548,2,highpass
2.1890578960454567e-07,7e-07,1.298825692871229e-07,2.3524566327691776e-07,4.004797019140201e-05,52.107130533816395,2,highpass
1e-07,6.910420225299637e-07,1.078945111699287e-07,2.2126611948917643e-07,3.5781720248094905e-05,84.15255345784347,2,highpass
1e-07,7e-07,2.422961113139837e-07,1.5964366339729087e-07,1.3549544643212422e-05,1070.084349472149,3,highpass
1e-07,7e-07,1.3572168701848867e-07,2.9814075234927586e-07,3.626710743044226e-05,204.17557592844676,3,highpass
1e-07,7e-07,1.298825692871229e-07,2.3524566327691776e-07,4.004797019140201e-05,257.12511865557775,3,highpass
1.3730977707519732e-07,7e-07,1.3572168701848867e-07,2.3524566327691776e-07,4.004797019140201e-05,114.13190257660553,3,highpass
1.3425465322266002e-07,7e-07,2.422961113139837e-07,1.5964366339729087e-07,1.3549544643212422e-05,257.97599441689516,3,highpass
1e-07,7e-07,2.037935186880905e-07,2.043693713697183e-07,2.6701174844882076e-05,549.6626690502054,3,highpass
1e-07,7e-07,1.298825692871229e-07,1.5964366339729087e-07,1.3549544643212422e-05,17.74950695799222,3,highpass
1e-07,7e-07,2.3558449727401715e-07,1.5964366339729087e-07,1.3549544643212422e-05,227.14515407209905,3,highpass
1.3730977707519732e-07,7e-07,1.3572168701848867e-07,2.043693713697183e-07,2.6701174844882076e-05,66.77202896083661,3,highpass
1e-07,6.910420225299637e-07,1.078945111699287e-07,2.2126611948917643e-07,4.004797019140201e-05,96.81926435329983,3,highpass
1e-07,6.910420225299637e-07,1.3572168701848867e-07,2.482668460937595e-07,3.626710743044226e-05,148.31220323921863,3,highpass
1.8824751596871785e-07,7e-07,1.298825692871229e-07,1.5964366339729087e-07,1.3549544643212422e-05,15.330870145666674,3,highpass
1e-07,7e-07,1.3572168701848867e-07,2.9814075234927586e-07,2.6701174844882076e-05,335.24053048450753,3,highpass
1e-07,7e-07,1.3572168701848867e-07,2.929012356422629e-07,3.626710743044226e-05,201.7613741316038,3,highpass
2.1890578960454567e-07,6.884467625318346e-07,2.422961113139837e-07,1.5964366339729087e-07,1.3549544643212422e-05,0.9770168549827628,3,highpass
1e-07,7e-07,1.298825692871229e-07,2.9814075234927586e-07,3.626710743044226e-05,220.30093661058484,3,highpass
1e-07,7e-07,1.298825692871229e-07,2.3524566327691776e-07,4.004797019140201e-05,257.12511865557775,3,highpass
1.438336733782341e-07,6.54192639220236e-07,2.037935186880905e-07,2.043693713697183e-07,2.6701174844882076e-05,219.09796848476307,3,highpass
1.3730977707519732e-07,7e-07,1.3572168701848867e-07,2.9814075234927586e-07,3.626710743044226e-05,169.12296427482272,3,highpass
1e-07,7e-07,1.298825692871229e-07,2.043693713697183e-07,2.6701174844882076e-05,98.50036921534236,3,highpass
1e-07,7e-07,1.298825692871229e-07,2.3524566327691776e-07,4.004797019140201e-05,257.12511865557775,3,highpass
1e-07,6.854834883538395e-07,1.298825692871229e-07,2.3524566327691776e-07,4.004797019140201e-05,265.3710985578444,3,highpass
1e-07,7e-07,1.298825692871229e-07,2.3524566327691776e-07,3.7515060503013944e-05,170.2705077018756,3,highpass
1e-07,6.910420225299637e-07,2.037935186880905e-07,2.043693713697183e-07,2.6701174844882076e-05,525.0510563990422,3,highpass
1.3425465322266002e-07,6.109019104254713e-07,2.037935186880905e-07,2.3524566327691776e-07,4.004797019140201e-05,49.945273154108605,3,highpass
1e-07,7e-07,1.298825692871229e-07,2.9814075234927586e-07,3.7515060503013944e-05,240.5209648251299,3,highpass
1e-07,6.910420225299637e-07,2.037935186880905e-07,2.043693713697183e-07,2.6701174844882076e-05,525.0510563990422,3,highpass
1e-07,6.910420225299637e-07,2.037935186880905e-07,2.043693713697183e-07,2.6701174844882076e-05,525.0510563990422,3,highpass
1e-07,7e-07,1.3572168701848867e-07,2.9814075234927586e-07,3.626710743044226e-05,204.17557592844676,3,highpass
1e-07,6.910420225299637e-07,1.3572168701848867e-07,2.9814075234927586e-07,4.1507062850660603e-05,112.4658759402187,3,highpass
1e-07,7e-07,2.422961113139837e-07,1.5964366339729087e-07,1.3549544643212422e-05,1070.084349472149,4,highpass
1e-07,7e-07,1.3572168701848867e-07,2.9814075234927586e-07,1.3549544643212422e-05,270.96975585733645,4,highpass
1e-07,6.910420225299637e-07,2.037935186880905e-07,1.9854652424792634e-07,2.6701174844882076e-05,513.4155955024601,4,highpass
1e-07,7e-07,2.037935186880905e-07,2.043693713697183e-07,2.6701174844882076e-05,549.6626690502054,4,highpass
1e-07,6.910420225299637e-07,2.422961113139837e-07,1.608798391327131e-07,1.3549544643212422e-05,905.756296391129,4,highpass
1e-07,6.910420225299637e-07,2.422961113139837e-07,1.5964366339729087e-07,1.3549544643212422e-05,950.9557880163933,4,highpass
1e-07,6.910420225299637e-07,2.037935186880905e-07,2.043693713697183e-07,1.3549544643212422e-05,226.26434568124466,4,highpass
1e-07,7e-07,2.037935186880905e-07,2.0940741699689594e-07,2.6701174844882076e-05,600.3494663527584,4,highpass
1e-07,6.910420225299637e-07,2.037935186880905e-07,2.043693713697183e-07,2.6701174844882076e-05,525.0510563990422,4,highpass
1e-07,7e-07,1.3572168701848867e-07,2.929012356422629e-07,1.3549544643212422e-05,267.016091472135,4,highpass
1e-07,6.910420225299637e-07,1.298825692871229e-07,2.3524566327691776e-07,4.004797019140201e-05,288.95920924652694,4,highpass
1e-07,7e-07,2.422961113139837e-07,1.5964366339729087e-07,1.3549544643212422e-05,1070.084349472149,4,highpass
1e-07,6.910420225299637e-07,2.037935186880905e-07,2.043693713697183e-07,2.6701174844882076e-05,525.0510563990422,4,highpass
1e-07,6.976538215682919e-07,2.037935186880905e-07,2.9814075234927586e-07,3.7515060503013944e-05,35.29254939592801,4,highpass
1e-07,7e-07,1.3572168701848867e-07,2.3524566327691776e-07,4.004797019140201e-05,143.25756030518386,4,highpass
1e-07,7e-07,2.037935186880905e-07,2.043693713697183e-07,3.626710743044226e-05,125.74218587027003,4,highpass
1e-07,6.854834883538395e-07,1.298825692871229e-07,2.043693713697183e-07,2.6701174844882076e-05,94.74909359234483,4,highpass
1e-07,6.910420225299637e-07,2.037935186880905e-07,2.043693713697183e-07,2.6701174844882076e-05,525.0510563990422,4,highpass
1e-07,7e-07,2.422961113139837e-07,2.043693713697183e-07,2.6701174844882076e-05,1021.3421585424304,4,highpass
1e-07,7e-07,2.3558449727401715e-07,1.5964366339729087e-07,1.3549544643212422e-05,227.14515407209905,4,highpass
1e-07,6.910420225299637e-07,2.037935186880905e-07,1.5964366339729087e-07,1.3549544643212422e-05,59.00198248525365,4,highpass
1e-07,7e-07,2.037935186880905e-07,2.9814075234927586e-07,3.7515060503013944e-05,36.21031027049978,4,highpass
1e-07,7e-07,2.037935186880905e-07,2.043693713697183e-07,2.6701174844882076e-05,549.6626690502054,4,highpass
1e-07,7e-07,2.037935186880905e-07,2.043693713697183e-07,2.6701174844882076e-05,549.6626690502054,4,highpass
1e-07,7e-07,1.298825692871229e-07,1.5964366339729087e-07,1.3549544643212422e-05,17.74950695799222,4,highpass
1e-07,6.910420225299637e-07,2.037935186880905e-07,2.043693713697183e-07,2.6701174844882076e-05,525.0510563990422,4,highpass
1e-07,7e-07,2.4157531862688695e-07,2.043693713697183e-07,2.6701174844882076e-05,1021.3421585424304,4,highpass
1e-07,7e-07,1.3572168701848867e-07,2.9814075234927586e-07,2.6701174844882076e-05,335.24053048450753,4,highpass
1.3425465322266002e-07,6.910420225299637e-07,2.037935186880905e-07,2.043693713697183e-07,2.6701174844882076e-05,285.86402838270436,4,highpass
1e-07,7e-07,2.422961113139837e-07,1.5964366339729087e-07,1.3549544643212422e-05,1070.084349472149,4,highpass
1e-07,7e-07,2.422961113139837e-07,1.5964366339729087e-07,1.3549544643212422e-05,1114.084714995239,5,highpass
1e-07,7e-07,2.422961113139837e-07,2.043693713697183e-07,2.6701174844882076e-05,784.0373329651145,5,highpass
1e-07,7e-07,2.422961113139837e-07,1.608798391327131e-07,1.3549544643212422e-05,953.3366718572881,5,highpass
1e-07,6.910420225299637e-07,2.037935186880905e-07,2.043693713697183e-07,2.6701174844882076e-05,525.0510563990422,5,highpass
1e-07,7e-07,2.422961113139837e-07,1.6694885040455324e-07,1.3549544643212422e-05,1468.339993871556,5,highpass
1e-07,7e-07,2.422961113139837e-07,1.608798391327131e-07,1.3549544643212422e-05,953.3366718572881,5,highpass
1e-07,7e-07,2.037935186880905e-07,2.043693713697183e-07,2.6701174844882076e-05,549.6626690502054,5,highpass
1e-07,7e-07,2.422961113139837e-07,1.5964366339729087e-07,1.3549544643212422e-05,1114.084714995239,5,highpass
1e-07,7e-07,2.037935186880905e-07,1.5964366339729087e-07,1.3549544643212422e-05,59.83971475949193,5,highpass
1e-07,6.910420225299637e-07,2.422961113139837e-07,2.043693713697183e-07,2.6701174844882076e-05,752.7364417188575,5,highpass
1e-07,7e-07,2.422961113139837e-07,2.043693713697183e-07,2.6701174844882076e-05,784.0373329651145,5,highpass
1.9283515933069528e-07,7e-07,2.422961113139837e-07,2.043693713697183e-07,2.6701174844882076e-05,0.9767199621430067,5,highpass
1e-07,6.910420225299637e-07,2.422961113139837e-07,2.0940741699689594e-07,2.6701174844882076e-05,910.363162221579,5,highpass
1e-07,6.910420225299637e-07,2.422961113139837e-07,2.043693713697183e-07,2.6701174844882076e-05,752.7364417188575,5,highpass
1e-07,7e-07,2.037935186880905e-07,2.043693713697183e-07,2.6701174844882076e-05,549.6626690502054,5,highpass
1e-07,7e-07,2.422961113139837e-07,1.5964366339729087e-07,1.3549544643212422e-05,1114.084714995239,5,highpass
1e-07,6.910420225299637e-07,2.422961113139837e-07,1.5964366339729087e-07,1.3549544643212422e-05,950.9557880163933,5,highpass
1e-07,6.910420225299637e-07,2.422961113139837e-07,1.5964366339729087e-07,1.3549544643212422e-05,950.9557880163933,5,highpass
1e-07,7e-07,2.422961113139837e-07,2.0707087628155228e-07,1.3549544643212422e-05,3560.892681678647,5,highpass
1e-07,7e-07,2.037935186880905e-07,2.0940741699689594e-07,1.3549544643212422e-05,12032.955311650903,5,highpass
1e-07,7e-07,2.422961113139837e-07,2.043693713697183e-07,2.6701174844882076e-05,784.0373329651145,5,highpass
1e-07,7e-07,2.422961113139837e-07,1.5964366339729087e-07,1.3549544643212422e-05,1114.084714995239,5,highpass
1e-07,7e-07,2.037935186880905e-07,2.043693713697183e-07,1.3549544643212422e-05,229.57909124905285,5,highpass
1e-07,6.910420225299637e-07,2.422961113139837e-07,1.608798391327131e-07,1.3549544643212422e-05,905.756296391129,5,highpass
1e-07,7e-07,2.4157531862688695e-07,1.5964366339729087e-07,1.3549544643212422e-05,1114.084714995239,5,highpass
1e-07,7e-07,2.422961113139837e-07,1.608798391327131e-07,1.3549544643212422e-05,953.3366718572881,5,highpass
1e-07,3.5382878963007545e-07,2.422961113139837e-07,1.5964366339729087e-07,1.3549544643212422e-05,3.225534431204381,5,highpass
1e-07,7e-07,2.422961113139837e-07,2.043693713697183e-07,2.6701174844882076e-05,784.0373329651145,5,highpass
1e-07,3.073997321327277e-07,2.422961113139837e-07,2.043693713697183e-07,2.6701174844882076e-05,5.102493742347514,5,highpass
1e-07,7e-07,2.037935186880905e-07,2.020165825765905e-07,2.6701174844882076e-05,551.6382181785575,5,highpass
1e-07,7e-07,2.037935186880905e-07,2.0940741699689594e-07,1.3549544643212422e-05,12032.955311650903,6,highpass
1e-07,7e-07,2.4157531862688695e-07,1.6694885040455324e-07,1.3549544643212422e-05,1468.339993871556,6,highpass
1e-07,7e-07,2.422961113139837e-07,2.0707087628155228e-07,1.3549544643212422e-05,3560.892681678647,6,highpass
1e-07,7e-07,2.422961113139837e-07,1.608798391327131e-07,1.3549544643212422e-05,953.3366718572881,6,highpass
1e-07,7e-07,2.422961113139837e-07,1.5964366339729087e-07,1.3549544643212422e-05,1070.084349472149,6,highpass
1e-07,7e-07,2.3834134446705495e-07,1.5964366339729087e-07,1.3549544643212422e-05,1025.4060553411605,6,highpass
1e-07,7e-07,2.037935186880905e-07,2.0940741699689594e-07,1.3549544643212422e-05,12032.955311650903,6,highpass
1e-07,7e-07,2.422961113139837e-07,1.5964366339729087e-07,1.3549544643212422e-05,1070.084349472149,6,highpass
1e-07,7e-07,2.422961113139837e-07,2.043693713697183e-07,2.6701174844882076e-05,784.0373329651145,6,highpass
1e-07,7e-07,2.422961113139837e-07,2.0707087628155228e-07,1.3549544643212422e-05,3560.892681678647,6,highpass
1e-07,7e-07,2.422961113139837e-07,2.0707087628155228e-07,1.3549544643212422e-05,3560.892681678647,6,highpass
1e-07,7e-07,2.422961113139837e-07,1.5964366339729087e-07,1.3549544643212422e-05,1070.084349472149,6,highpass
1e-07,7e-07,2.422961113139837e-07,1.5964366339729087e-07,1.3549544643212422e-05,1070.084349472149,6,highpass
1e-07,7e-07,2.4157531862688695e-07,1.5964366339729087e-07,1.3549544643212422e-05,1070.084349472149,6,highpass
1e-07,7e-07,2.422961113139837e-07,1.5964366339729087e-07,1.3549544643212422e-05,1070.084349472149,6,highpass
1e-07,7e-07,2.422961113139837e-07,1.6694885040455324e-07,1.3549544643212422e-05,1468.339993871556,6,highpass
1e-07,7e-07,2.422961113139837e-07,2.0707087628155228e-07,1.3861588185697523e-05,4874.134001307685,6,highpass
1e-07,7e-07,2.422961113139837e-07,2.043693713697183e-07,2.6701174844882076e-05,784.0373329651145,6,highpass
1e-07,7e-07,2.422961113139837e-07,1.6694885040455324e-07,1.3549544643212422e-05,1468.339993871556,6,highpass
1.3624829507474248e-07,7e-07,2.422961113139837e-07,1.6694885040455324e-07,1.3549544643212422e-05,369.11015684711253,6,highpass
1e-07,7e-07,2.422961113139837e-07,1.5964366339729087e-07,1.3549544643212422e-05,1070.084349472149,6,highpass
1e-07,7e-07,2.037935186880905e-07,2.0940741699689594e-07,1.3549544643212422e-05,12032.955311650903,6,highpass
1e-07,7e-07,2.422961113139837e-07,1.6694885040455324e-07,1.3549544643212422e-05,1468.339993871556,6,highpass
1e-07,7e-07,2.037935186880905e-07,2.0940741699689594e-07,1.3549544643212422e-05,12032.955311650903,6,highpass
1e-07,7e-07,2.422961113139837e-07,1.6694885040455324e-07,1.3549544643212422e-05,1468.339993871556,6,highpass
1e-07,7e-07,2.422961113139837e-07,1.5964366339729087e-07,1.3549544643212422e-05,1070.084349472149,6,highpass
1e-07,7e-07,2.037935186880905e-07,1.5964366339729087e-07,1.3549544643212422e-05,59.83971475949193,6,highpass
1e-07,7e-07,2.422961113139837e-07,2.3906130576571153e-07,1.3549544643212422e-05,12550.660666831793,6,highpass
1e-07,7e-07,2.422961113139837e-07,2.0940741699689594e-07,1.3549544643212422e-05,4407.811384932549,6,highpass
1e-07,7e-07,2.422961113139837e-07,1.6694885040455324e-07,1.3549544643212422e-05,1468.339993871556,6,highpass
1e-07,7e-07,2.422961113139837e-07,2.3906130576571153e-07,1.3549544643212422e-05,12550.660666831793,7,highpass
1e-07,7e-07,2.422961113139837e-07,2.4481752919975406e-07,1.3549544643212422e-05,4815.480766903918,7,highpass
1e-07,7e-07,2.422961113139837e-07,2.0940741699689594e-07,1.3549544643212422e-05,4407.811384932549,7,highpass
1e-07,7e-07,2.422961113139837e-07,1.5249309245495048e-07,1.3549544643212422e-05,1035.4436123838223,7,highpass
1e-07,6.886091788498803e-07,2.037935186880905e-07,2.0940741699689594e-07,1.3549544643212422e-05,485.30819766558227,7,highpass
1e-07,7e-07,2.422961113139837e-07,2.0707087628155228e-07,1.3549544643212422e-05,3560.892681678647,7,highpass
1e-07,7e-07,1.2167391975763167e-07,2.0940741699689594e-07,1.3549544643212422e-05,32.16116311778494,7,highpass
1e-07,7e-07,2.037935186880905e-07,2.0940741699689594e-07,1.3549544643212422e-05,12032.955311650903,7,highpass
1e-07,7e-07,2.422961113139837e-07,2.3906130576571153e-07,1.3549544643212422e-05,12550.660666831793,7,highpass
1e-07,7e-07,2.422961113139837e-07,2.0707087628155228e-07,1.3549544643212422e-05,3560.892681678647,7,highpass
1e-07,7e-07,2.037935186880905e-07,2.0940741699689594e-07,1.3549544643212422e-05,12032.955311650903,7,highpass
1e-07,7e-07,2.037935186880905e-07,2.0707087628155228e-07,1.3861588185697523e-05,236.3786375292817,7,highpass
1e-07,7e-07,2.422961113139837e-07,2.0707087628155228e-07,1.3861588185697523e-05,4874.134001307685,7,highpass
1e-07,7e-07,2.037935186880905e-07,2.0940741699689594e-07,1.3549544643212422e-05,12032.955311650903,7,highpass
1e-07,7e-07,2.037935186880905e-07,2.0940741699689594e-07,1.3549544643212422e-05,12032.955311650903,7,highpass
1e-07,7e-07,2.422961113139837e-07,1.6694885040455324e-07,1.3549544643212422e-05,1468.339993871556,7,highpass
1e-07,7e-07,2.422961113139837e-07,2.3906130576571153e-07,1.3549544643212422e-05,12550.660666831793,7,highpass
1e-07,7e-07,2.037935186880905e-07,2.0940741699689594e-07,1.3708566798323813e-05,593.6047215818023,7,highpass
1e-07,7e-07,2.4934817761090695e-07,1.5964366339729087e-07,1.3549544643212422e-05,816.5692188925735,7,highpass
2.4579526306707623e-07,7e-07,2.422961113139837e-07,2.0940741699689594e-07,1.3549544643212422e-05,24.288247547767867,7,highpass
1e-07,7e-07,2.037935186880905e-07,2.0940741699689594e-07,1.3549544643212422e-05,12032.955311650903,7,highpass
1e-07,7e-07,2.037935186880905e-07,2.0940741699689594e-07,1.3549544643212422e-05,12032.955311650903,7,highpass
1e-07,7e-07,2.037935186880905e-07,2.0940741699689594e-07,1.3549544643212422e-05,12032.955311650903,7,highpass
1e-07,7e-07,1.5248461901299203e-07,2.0940741699689594e-07,1.3549544643212422e-05,62.936073367605225,7,highpass
1e-07,4.743380625735822e-07,2.037935186880905e-07,2.3906130576571153e-07,1.3549544643212422e-05,50.41236782101799,7,highpass
1e-07,7e-07,2.037935186880905e-07,2.0940741699689594e-07,1.3549544643212422e-05,12032.955311650903,7,highpass
1e-07,7e-07,2.037935186880905e-07,2.0940741699689594e-07,1.3549544643212422e-05,12032.955311650903,7,highpass
1e-07,7e-07,2.037935186880905e-07,2.0940741699689594e-07,1.3549544643212422e-05,12032.955311650903,7,highpass
1e-07,7e-07,2.422961113139837e-07,2.0707087628155228e-07,1.3549544643212422e-05,3560.892681678647,7,highpass
1e-07,7e-07,2.422961113139837e-07,2.3906130576571153e-07,1.3549544643212422e-05,12550.660666831793,7,highpass
1e-07,7e-07,2.422961113139837e-07,2.3906130576571153e-07,1.3549544643212422e-05,12550.660666831793,8,highpass
1e-07,7e-07,2.037935186880905e-07,2.0940741699689594e-07,1.3549544643212422e-05,12032.955311650903,8,highpass
1e-07,7e-07,2.422961113139837e-07,2.3906130576571153e-07,1.3549544643212422e-05,12550.660666831793,8,highpass
1e-07,3.8106183361540213e-07,2.422961113139837e-07,2.3906130576571153e-07,1.3549544643212422e-05,22.41328578299596,8,highpass
1e-07,7e-07,2.037935186880905e-07,2.0940741699689594e-07,1.3549544643212422e-05,12032.955311650903,8,highpass
1.0165826080263103e-07,7e-07,2.422961113139837e-07,2.0940741699689594e-07,1.3549544643212422e-05,3919.0184861637986,8,highpass
1e-07,7e-07,2.422961113139837e-07,2.3906130576571153e-07,1.3549544643212422e-05,12550.660666831793,8,highpass
1e-07,7e-07,2.037935186880905e-07,2.0940741699689594e-07,1.3549544643212422e-05,12032.955311650903,8,highpass
1e-07,7e-07,2.422961113139837e-07,2.0940741699689594e-07,1.3549544643212422e-05,4407.811384932549,8,highpass
1e-07,7e-07,2.422961113139837e-07,2.3906130576571153e-07,1.3549544643212422e-05,12550.660666831793,8,highpass
1e-07,7e-07,2.037935186880905e-07,2.0940741699689594e-07,1.3549544643212422e-05,12032.955311650903,8,highpass
1e-07,7e-07,2.422961113139837e-07,2.0940741699689594e-07,1.3549544643212422e-05,4407.811384932549,8,highpass
1e-07,7e-07,2.422961113139837e-07,2.3906130576571153e-07,1.3549544643212422e-05,12550.660666831793,8,highpass
1e-07,7e-07,2.037935186880905e-07,2.0940741699689594e-07,1.3549544643212422e-05,12032.955311650903,8,highpass
1e-07,7e-07,2.422961113139837e-07,2.0940741699689594e-07,1.3549544643212422e-05,4407.811384932549,8,highpass
1e-07,7e-07,2.037935186880905e-07,2.3906130576571153e-07,3.9699407081819406e-05,26.37622699639866,8,highpass
1e-07,7e-07,2.4575019444314244e-07,2.3906130576571153e-07,1.3549544643212422e-05,17641.020913861346,8,highpass
1e-07,5.124532763943873e-07,2.422961113139837e-07,2.3906130576571153e-07,1.3549544643212422e-05,319.8755918971805,8,highpass
1e-07,7e-07,2.397566968800385e-07,2.3906130576571153e-07,1.3549544643212422e-05,13742.879836674394,8,highpass
1e-07,7e-07,2.422961113139837e-07,2.4481752919975406e-07,1.3549544643212422e-05,4815.480766903918,8,highpass
1e-07,7e-07,2.422961113139837e-07,2.4481752919975406e-07,1.3549544643212422e-05,4815.480766903918,8,highpass
1e-07,7e-07,2.422961113139837e-07,2.0940741699689594e-07,1.3549544643212422e-05,4407.811384932549,8,highpass
1e-07,7e-07,2.422961113139837e-07,2.0940741699689594e-07,1.3549544643212422e-05,4407.811384932549,8,highpass
1e-07,7e-07,2.422961113139837e-07,2.3906130576571153e-07,1.3549544643212422e-05,12550.660666831793,8,highpass
1.0696315739768868e-07,7e-07,2.037935186880905e-07,2.0940741699689594e-07,1.3549544643212422e-05,3436.3282623564564,8,highpass
1e-07,7e-07,2.422961113139837e-07,2.3906130576571153e-07,1.3549544643212422e-05,12550.660666831793,8,highpass
1e-07,7e-07,2.037935186880905e-07,2.0940741699689594e-07,1.3549544643212422e-05,12032.955311650903,8,highpass
1e-07,7e-07,2.037935186880905e-07,2.0940741699689594e-07,1.2280569380941913e-05,379.26834198263117,8,highpass
1e-07,7e-07,2.422961113139837e-07,2.3906130576571153e-07,1.3549544643212422e-05,12550.660666831793,8,highpass
1e-07,7e-07,2.037935186880905e-07,2.3906130576571153e-07,1.3549544643212422e-05,5347.040914097513,8,highpass
1e-07,7e-07,2.4575019444314244e-07,2.3906130576571153e-07,1.3549544643212422e-05,17641.020913861346,9,highpass
1e-07,7e-07,2.422961113139837e-07,2.3906130576571153e-07,1.3549544643212422e-05,12550.660666831793,9,highpass
1e-07,7e-07,2.397566968800385e-07,2.3906130576571153e-07,1.3549544643212422e-05,13742.879836674394,9,highpass
1e-07,7e-07,2.397566968800385e-07,2.3906130576571153e-07,1.3549544643212422e-05,13742.879836674394,9,highpass
1.0723553602367356e-07,7e-07,2.422961113139837e-07,2.3906130576571153e-07,1.3549544643212422e-05,3812.681164946933,9,highpass
1e-07,7e-07,2.4058933293018074e-07,2.3906130576571153e-07,1.3549544643212422e-05,29320.903591475508,9,highpass
1e-07,7e-07,2.4575019444314244e-07,2.3906130576571153e-07,1.3549544643212422e-05,17641.020913861346,9,highpass
1e-07,7e-07,2.4575019444314244e-07,2.3906130576571153e-07,1.3549544643212422e-05,17641.020913861346,9,highpass
1e-07,7e-07,2.422961113139837e-07,2.3906130576571153e-07,1.3549544643212422e-05,12550.660666831793,9,highpass
1e-07,7e-07,2.422961113139837e-07,2.0940741699689594e-07,1.3549544643212422e-05,4407.811384932549,9,highpass
1e-07,7e-07,2.037935186880905e-07,2.3906130576571153e-07,1.3549544643212422e-05,5347.040914097513,9,highpass
1e-07,7e-07,2.422961113139837e-07,2.3906130576571153e-07,1.3549544643212422e-05,12550.660666831793,9,highpass
1.0865694627516139e-07,7e-07,2.037935186880905e-07,2.3906130576571153e-07,1.3549544643212422e-05,6117.404455130875,9,highpass
1e-07,7e-07,2.397566968800385e-07,2.3906130576571153e-07,1.3549544643212422e-05,13742.879836674394,9,highpass
1e-07,7e-07,2.422961113139837e-07,2.4481752919975406e-07,1.3549544643212422e-05,4815.480766903918,9,highpass
1e-07,7e-07,2.037935186880905e-07,2.3906130576571153e-07,1.3549544643212422e-05,5347.040914097513,9,highpass
1e-07,7e-07,2.422961113139837e-07,2.3906130576571153e-07,1.3549544643212422e-05,12550.660666831793,9,highpass
1e-07,7e-07,2.397566968800385e-07,2.3906130576571153e-07,1.3549544643212422e-05,13742.879836674394,9,highpass
1e-07,7e-07,2.4575019444314244e-07,2.3906130576571153e-07,1.3549544643212422e-05,17641.020913861346,9,highpass
1e-07,7e-07,2.037935186880905e-07,2.3906130576571153e-07,1.3549544643212422e-05,5347.040914097513,9,highpass
1e-07,7e-07,2.4575019444314244e-07,2.3906130576571153e-07,1.3549544643212422e-05,17641.020913861346,9,highpass
1e-07,7e-07,2.397566968800385e-07,2.3906130576571153e-07,1.3549544643212422e-05,13742.879836674394,9,highpass
1e-07,7e-07,2.422961113139837e-07,2.3906130576571153e-07,1.3549544643212422e-05,12550.660666831793,9,highpass
1e-07,7e-07,2.422961113139837e-07,2.3906130576571153e-07,1.3549544643212422e-05,12550.660666831793,9,highpass
1e-07,7e-07,2.397566968800385e-07,2.3906130576571153e-07,1.3549544643212422e-05,13742.879836674394,9,highpass
1e-07,7e-07,2.4575019444314244e-07,2.3906130576571153e-07,1.3549544643212422e-05,17641.020913861346,9,highpass
1e-07,7e-07,2.4575019444314244e-07,2.3906130576571153e-07,1.3549544643212422e-05,17641.020913861346,9,highpass
1e-07,7e-07,2.422961113139837e-07,2.3906130576571153e-07,1.3549544643212422e-05,12550.660666831793,9,highpass
1e-07,7e-07,2.4575019444314244e-07,2.3906130576571153e-07,1.3549544643212422e-05,17641.020913861346,9,highpass
1e-07,7e-07,2.422961113139837e-07,2.3906130576571153e-07,1.3549544643212422e-05,12550.660666831793,9,highpass
1e-07,7e-07,2.4058933293018074e-07,2.3906130576571153e-07,1.3549544643212422e-05,29320.903591475508,10,highpass
1e-07,7e-07,2.4058933293018074e-07,2.3906130576571153e-07,1.3549544643212422e-05,29320.903591475508,10,highpass
1e-07,7e-07,2.4575019444314244e-07,2.3906130576571153e-07,1.3549544643212422e-05,17641.020913861346,10,highpass
1e-07,7e-07,2.4058933293018074e-07,2.3906130576571153e-07,1.3549544643212422e-05,29320.903591475508,10,highpass
1e-07,4.816517383793171e-07,2.4575019444314244e-07,2.3906130576571153e-07,1.3549544643212422e-05,121.44767837914301,10,highpass
1e-07,7e-07,2.4575019444314244e-07,2.3906130576571153e-07,1.3549544643212422e-05,17641.020913861346,10,highpass
1e-07,7e-07,2.4575019444314244e-07,2.3906130576571153e-07,1.3549544643212422e-05,17641.020913861346,10,highpass
1e-07,7e-07,2.4575019444314244e-07,2.3906130576571153e-07,1.3549544643212422e-05,17641.020913861346,10,highpass
1e-07,7e-07,2.397566968800385e-07,2.3906130576571153e-07,1.3549544643212422e-05,13742.879836674394,10,highpass
1e-07,7e-07,2.4575019444314244e-07,2.3906130576571153e-07,1.3549544643212422e-05,17641.020913861346,10,highpass
1e-07,7e-07,2.4575019444314244e-07,2.3906130576571153e-07,1.3549544643212422e-05,17641.020913861346,10,highpass
1e-07,7e-07,2.4575019444314244e-07,2.3906130576571153e-07,1.3549544643212422e-05,17641.020913861346,10,highpass
1e-07,7e-07,2.422961113139837e-07,2.3906130576571153e-07,1.3549544643212422e-05,12550.660666831793,10,highpass
1e-07,7e-07,2.4575019444314244e-07,2.3906130576571153e-07,1.3549544643212422e-05,17641.020913861346,10,highpass
1e-07,7e-07,2.397566968800385e-07,2.3906130576571153e-07,1.3549544643212422e-05,13742.879836674394,10,highpass
1e-07,7e-07,2.4575019444314244e-07,2.3906130576571153e-07,1.3549544643212422e-05,17641.020913861346,10,highpass
1e-07,7e-07,2.4058933293018074e-07,2.3906130576571153e-07,1.3549544643212422e-05,29320.903591475508,10,highpass
1e-07,7e-07,2.397566968800385e-07,2.3906130576571153e-07,1.3549544643212422e-05,13742.879836674394,10,highpass
1e-07,7e-07,2.4575019444314244e-07,2.3906130576571153e-07,1.3549544643212422e-05,17641.020913861346,10,highpass
1e-07,7e-07,2.4575019444314244e-07,2.3906130576571153e-07,1.3549544643212422e-05,17641.020913861346,10,highpass
1e-07,7e-07,2.4575019444314244e-07,2.3906130576571153e-07,1.3549544643212422e-05,17641.020913861346,10,highpass
1e-07,7e-07,2.4575019444314244e-07,2.3428610898383187e-07,1.3549544643212422e-05,5451.657230345065,10,highpass
1e-07,7e-07,2.4575019444314244e-07,2.3906130576571153e-07,1.3549544643212422e-05,17641.020913861346,10,highpass
1e-07,7e-07,2.4575019444314244e-07,2.3906130576571153e-07,1.3549544643212422e-05,17641.020913861346,10,highpass
1e-07,7e-07,2.4575019444314244e-07,2.3906130576571153e-07,1.3549544643212422e-05,17641.020913861346,10,highpass
1.130631586326655e-07,7e-07,2.4058933293018074e-07,2.3906130576571153e-07,1.3549544643212422e-05,1577.9234795185716,10,highpass
1e-07,7e-07,2.4575019444314244e-07,2.3906130576571153e-07,1.3549544643212422e-05,17641.020913861346,10,highpass
1e-07,7e-07,2.4575019444314244e-07,2.3906130576571153e-07,1.3549544643212422e-05,17641.020913861346,10,highpass
1e-07,5.408281558015157e-07,2.4575019444314244e-07,2.3906130576571153e-07,1.3549544643212422e-05,394.55000915042086,10,highpass
1e-07,7e-07,2.4575019444314244e-07,2.3906130576571153e-07,1.3549544643212422e-05,17641.020913861346,10,highpass
1e-07,7e-07,2.4058933293018074e-07,2.3906130576571153e-07,1.3549544643212422e-05,29320.903591475508,11,highpass
1e-07,7e-07,2.4058933293018074e-07,2.3906130576571153e-07,1.3549544643212422e-05,29320.903591475508,11,highpass
1e-07,7e-07,2.4058933293018074e-07,2.3906130576571153e-07,1.3549544643212422e-05,29320.903591475508,11,highpass
1e-07,4.5432389204429897e-07,2.4058933293018074e-07,2.3906130576571153e-07,1.3549544643212422e-05,63.54414957977497,11,highpass
1e-07,7e-07,2.4575019444314244e-07,2.3906130576571153e-07,1.3549544643212422e-05,17641.020913861346,11,highpass
1e-07,7e-07,2.4058933293018074e-07,2.3906130576571153e-07,1.3549544643212422e-05,29320.903591475508,11,highpass
1e-07,7e-07,2.4058933293018074e-07,2.3906130576571153e-07,1.3549544643212422e-05,29320.903591475508,11,highpass
1e-07,7e-07,2.4575019444314244e-07,2.3906130576571153e-07,1.3549544643212422e-05,17641.020913861346,11,highpass
1e-07,7e-07,2.4058933293018074e-07,2.3906130576571153e-07,1.3549544643212422e-05,29320.903591475508,11,highpass
1e-07,7e-07,2.4058933293018074e-07,2.3906130576571153e-07,1.3549544643212422e-05,29320.903591475508,11,highpass
1e-07,7e-07,2.4575019444314244e-07,2.3906130576571153e-07,1.3549544643212422e-05,17641.020913861346,11,highpass
1e-07,7e-07,2.4575019444314244e-07,2.3906130576571153e-07,1.3549544643212422e-05,17641.020913861346,11,highpass
1e-07,7e-07,2.4058933293018074e-07,2.3906130576571153e-07,1.3549544643212422e-05,29320.903591475508,11,highpass
1e-07,7e-07,2.4575019444314244e-07,2.3906130576571153e-07,1.3549544643212422e-05,17641.020913861346,11,highpass
1e-07,7e-07,2.4575019444314244e-07,2.3906130576571153e-07,1.2583171188386662e-05,576.064569672986,11,highpass
1e-07,7e-07,2.4575019444314244e-07,2.3906130576571153e-07,1.3549544643212422e-05,17641.020913861346,11,highpass
1e-07,7e-07,2.4575019444314244e-07,2.3906130576571153e-07,1.3549544643212422e-05,17641.020913861346,11,highpass
1e-07,7e-07,2.4058933293018074e-07,2.3906130576571153e-07,1.3549544643212422e-05,29320.903591475508,11,highpass
1e-07,7e-07,2.4058933293018074e-07,2.3906130576571153e-07,1.3549544643212422e-05,29320.903591475508,11,highpass
1e-07,7e-07,2.4575019444314244e-07,2.3906130576571153e-07,1.3549544643212422e-05,17641.020913861346,11,highpass
1e-07,7e-07,2.4058933293018074e-07,2.3906130576571153e-07,3.9964022041330626e-05,33.2085994004091,11,highpass
1e-07,7e-07,2.4058933293018074e-07,2.3906130576571153e-07,1.3549544643212422e-05,29320.903591475508,11,highpass
1e-07,7e-07,2.4058933293018074e-07,2.3906130576571153e-07,1.3549544643212422e-05,29320.903591475508,11,highpass
1e-07,7e-07,2.4575019444314244e-07,2.3906130576571153e-07,1.3549544643212422e-05,17641.020913861346,11,highpass
1e-07,7e-07,2.4058933293018074e-07,2.3906130576571153e-07,1.3549544643212422e-05,29320.903591475508,11,highpass
1e-07,7e-07,2.4575019444314244e-07,2.3906130576571153e-07,1.3549544643212422e-05,17641.020913861346,11,highpass
1e-07,7e-07,2.4575019444314244e-07,2.3906130576571153e-07,1.3549544643212422e-05,17641.020913861346,11,highpass
1e-07,7e-07,2.4058933293018074e-07,2.3906130576571153e-07,1.3549544643212422e-05,29320.903591475508,11,highpass
1e-07,7e-07,2.4058933293018074e-07,2.3906130576571153e-07,1.3549544643212422e-05,29320.903591475508,11,highpass
1e-07,7e-07,2.4575019444314244e-07,2.3906130576571153e-07,1.3549544643212422e-05,17641.020913861346,11,highpass
1e-07,7e-07,2.4058933293018074e-07,2.3906130576571153e-07,1.3549544643212422e-05,29320.903591475508,12,highpass
1e-07,7e-07,2.4058933293018074e-07,2.3906130576571153e-07,1.3549544643212422e-05,29320.903591475508,12,highpass
1e-07,7e-07,2.4058933293018074e-07,2.3906130576571153e-07,1.3549544643212422e-05,29320.903591475508,12,highpass
1e-07,7e-07,2.4058933293018074e-07,2.3906130576571153e-07,1.3549544643212422e-05,29320.903591475508,12,highpass
1.0448505524744568e-07,7e-07,2.4058933293018074e-07,2.3906130576571153e-07,1.3549544643212422e-05,4231.360089277114,12,highpass
1e-07,7e-07,2.4058933293018074e-07,2.3906130576571153e-07,1.3549544643212422e-05,29320.903591475508,12,highpass
1e-07,7e-07,2.4058933293018074e-07,2.3906130576571153e-07,1.3549544643212422e-05,29320.903591475508,12,highpass
1e-07,7e-07,2.4058933293018074e-07,2.3574328284593764e-07,1.3549544643212422e-05,41563.836521453326,12,highpass
1e-07,7e-07,2.4058933293018074e-07,2.3906130576571153e-07,1.3549544643212422e-05,29320.903591475508,12,highpass
1e-07,7e-07,2.4058933293018074e-07,2.3906130576571153e-07,1.3549544643212422e-05,29320.903591475508,12,highpass
1e-07,3.3090821349233856e-07,2.4058933293018074e-07,2.3906130576571153e-07,1.3549544643212422e-05,10.23458353425068,12,highpass
1e-07,7e-07,2.4058933293018074e-07,2.3906130576571153e-07,1.3549544643212422e-05,29320.903591475508,12,highpass
1e-07,7e-07,2.4058933293018074e-07,2.3906130576571153e-07,1.3549544643212422e-05,29320.903591475508,12,highpass
1e-07,7e-07,2.4058933293018074e-07,1.9263746687434487e-07,1.3549544643212422e-05,3663.7115439643985,12,highpass
1e-07,7e-07,2.4058933293018074e-07,2.3906130576571153e-07,1.3549544643212422e-05,29320.903591475508,12,highpass
1e-07,7e-07,2.4058933293018074e-07,2.3906130576571153e-07,1.3549544643212422e-05,29320.903591475508,12,highpass
1.0190508384584665e-07,7e-07,2.4058933293018074e-07,2.3906130576571153e-07,1.3549544643212422e-05,5382.257359234625,12,highpass
1e-07,7e-07,2.4575019444314244e-07,2.3906130576571153e-07,1.3549544643212422e-05,17641.020913861346,12,highpass
1e-07,7e-07,2.4058933293018074e-07,2.3906130576571153e-07,1.3549544643212422e-05,29320.903591475508,12,highpass
1e-07,7e-07,2.4058933293018074e-07,2.3906130576571153e-07,1.3549544643212422e-05,29320.903591475508,12,highpass
1e-07,7e-07,2.4058933293018074e-07,2.3906130576571153e-07,1.3549544643212422e-05,29320.903591475508,12,highpass
1e-07,7e-07,2.4058933293018074e-07,2.3291513286993213e-07,1.3549544643212422e-05,6780.2129118785015,12,highpass
1e-07,7e-07,2.4058933293018074e-07,2.3906130576571153e-07,1.3549544643212422e-05,29320.903591475508,12,highpass
1e-07,7e-07,2.4058933293018074e-07,2.7423212942453327e-07,1.3549544643212422e-05,253.76604207119948,12,highpass
1e-07,7e-07,2.4058933293018074e-07,2.3906130576571153e-07,1.3549544643212422e-05,29320.903591475508,12,highpass
1e-07,7e-07,2.4058933293018074e-07,2.3906130576571153e-07,1.3549544643212422e-05,29320.903591475508,12,highpass
1e-07,7e-07,2.4058933293018074e-07,2.3906130576571153e-07,1.3549544643212422e-05,29320.903591475508,12,highpass
1e-07,7e-07,2.4058933293018074e-07,2.3906130576571153e-07,1.3549544643212422e-05,29320.903591475508,12,highpass
1e-07,7e-07,2.4058933293018074e-07,2.3906130576571153e-07,1.3549544643212422e-05,29320.903591475508,12,highpass
1e-07,7e-07,2.4058933293018074e-07,2.3906130576571153e-07,1.3549544643212422e-05,29320.903591475508,12,highpass
1e-07,7e-07,2.4058933293018074e-07,2.3574328284593764e-07,1.3549544643212422e-05,41563.836521453326,13,highpass
1e-07,7e-07,2.4058933293018074e-07,2.3906130576571153e-07,1.3549544643212422e-05,29320.903591475508,13,highpass
1e-07,7e-07,2.4058933293018074e-07,2.3906130576571153e-07,1.3549544643212422e-05,29320.903591475508,13,highpass
1e-07,7e-07,2.4058933293018074e-07,2.3574328284593764e-07,1.3549544643212422e-05,41563.836521453326,13,highpass
1e-07,7e-07,2.4058933293018074e-07,2.3574328284593764e-07,1.3549544643212422e-05,41563.836521453326,13,highpass
1e-07,7e-07,2.4058933293018074e-07,2.3906130576571153e-07,1.3549544643212422e-05,29320.903591475508,13,highpass
1e-07,7e-07,2.4058933293018074e-07,2.3906130576571153e-07,1.3549544643212422e-05,29320.903591475508,13,highpass
1e-07,7e-07,2.4058933293018074e-07,2.3906130576571153e-07,1.2362545773969043e-05,558.0588888120043,13,highpass
1e-07,7e-07,2.4058933293018074e-07,2.3574328284593764e-07,1.3549544643212422e-05,41563.836521453326,13,highpass
1e-07,7e-07,2.4058933293018074e-07,2.3574328284593764e-07,1.3549544643212422e-05,41563.836521453326,13,highpass
1e-07,7e-07,2.3402068058348278e-07,2.3906130576571153e-07,1.3549544643212422e-05,973.3872700282935,13,highpass
1e-07,7e-07,2.4058933293018074e-07,2.3906130576571153e-07,1.3549544643212422e-05,29320.903591475508,13,highpass
1e-07,7e-07,2.4058933293018074e-07,2.3574328284593764e-07,1.3549544643212422e-05,41563.836521453326,13,highpass
1e-07,7e-07,2.4058933293018074e-07,2.3906130576571153e-07,1.3549544643212422e-05,29320.903591475508,13,highpass
1e-07,7e-07,2.4058933293018074e-07,2.3574328284593764e-07,1.3549544643212422e-05,41563.836521453326,13,highpass
1e-07,7e-07,2.4683161192248253e-07,2.3906130576571153e-07,1.3549544643212422e-05,3918.8076362626707,13,highpass
1e-07,7e-07,2.4058933293018074e-07,2.3574328284593764e-07,1.3549544643212422e-05,41563.836521453326,13,highpass
1e-07,7e-07,2.4058933293018074e-07,2.3906130576571153e-07,1.3549544643212422e-05,29320.903591475508,13,highpass
1e-07,7e-07,2.4058933293018074e-07,2.5804766044131083e-07,1.3549544643212422e-05,21042.31150719788,13,highpass
1e-07,7e-07,2.4058933293018074e-07,2.3574328284593764e-07,1.3934635757384425e-05,4828.90355592341,13,highpass
1e-07,7e-07,2.4058933293018074e-07,2.3906130576571153e-07,1.3549544643212422e-05,29320.903591475508,13,highpass
1e-07,7e-07,2.4058933293018074e-07,2.3906130576571153e-07,1.3549544643212422e-05,29320.903591475508,13,highpass
1e-07,7e-07,2.4058933293018074e-07,2.3906130576571153e-07,2.0954274678356855e-05,1736.1441510818267,13,highpass
1.6682564939090868e-07,7e-07,2.4058933293018074e-07,2.3906130576571153e-07,1.3549544643212422e-05,0.9720954521739599,13,highpass
1e-07,4.064265891160781e-07,2.4058933293018074e-07,2.3906130576571153e-07,1.3549544643212422e-05,43.38269758257128,13,highpass
1e-07,7e-07,2.4058933293018074e-07,2.3906130576571153e-07,1.3549544643212422e-05,29320.903591475508,13,highpass
1e-07,7e-07,2.4058933293018074e-07,2.3574328284593764e-07,1.3549544643212422e-05,41563.836521453326,13,highpass
1e-07,7e-07,2.4058933293018074e-07,2.3906130576571153e-07,1.3549544643212422e-05,29320.903591475508,13,highpass
1e-07,7e-07,2.4058933293018074e-07,2.3906130576571153e-07,1.3549544643212422e-05,29320.903591475508,13,highpass
1e-07,7e-07,2.4058933293018074e-07,2.3906130576571153e-07,1.3549544643212422e-05,29320.903591475508,13,highpass
1e-07,7e-07,2.4058933293018074e-07,2.3574328284593764e-07,1.3549544643212422e-05,-inf,14,highpass
1e-07,7e-07,2.4058933293018074e-07,2.3574328284593764e-07,1.4835247501421982e-05,1011.4257910294041,14,highpass
1e-07,7e-07,2.4058933293018074e-07,2.3906130576571153e-07,1.3549544643212422e-05,29320.903591475508,14,highpass
1e-07,7e-07,2.4058933293018074e-07,2.3574328284593764e-07,1.3549544643212422e-05,-inf,14,highpass
1e-07,7e-07,2.4058933293018074e-07,2.3574328284593764e-07,1.3549544643212422e-05,-inf,14,highpass
1e-07,7e-07,2.4058933293018074e-07,2.3763989402397676e-07,1.3549544643212422e-05,6571.43072483035,14,highpass
1e-07,7e-07,2.4058933293018074e-07,2.3574328284593764e-07,1.3549544643212422e-05,-inf,14,highpass
1e-07,7e-07,2.4058933293018074e-07,2.3574328284593764e-07,1.3549544643212422e-05,-inf,14,highpass
1e-07,7e-07,2.4058933293018074e-07,2.3574328284593764e-07,1.3549544643212422e-05,-inf,14,highpass
1e-07,7e-07,2.4058933293018074e-07,2.3574328284593764e-07,1.3549544643212422e-05,-inf,14,highpass
1e-07,7e-07,2.4058933293018074e-07,2.3906130576571153e-07,1.3549544643212422e-05,29320.903591475508,14,highpass
1e-07,7e-07,2.4058933293018074e-07,2.3574328284593764e-07,1.3549544643212422e-05,-inf,14,highpass
1e-07,7e-07,2.4058933293018074e-07,2.3574328284593764e-07,1.3549544643212422e-05,-inf,14,highpass
1e-07,7e-07,2.4058933293018074e-07,2.3574328284593764e-07,1.3549544643212422e-05,-inf,14,highpass
1e-07,7e-07,2.4058933293018074e-07,2.3574328284593764e-07,1.3549544643212422e-05,-inf,14,highpass
1e-07,7e-07,2.4058933293018074e-07,2.3574328284593764e-07,1.3549544643212422e-05,-inf,14,highpass
1.0342024010188883e-07,7e-07,2.4058933293018074e-07,2.3574328284593764e-07,1.3549544643212422e-05,5252.391661787113,14,highpass
1e-07,7e-07,2.4058933293018074e-07,2.3574328284593764e-07,1.3549544643212422e-05,-inf,14,highpass
1e-07,7e-07,2.4058933293018074e-07,2.3574328284593764e-07,1.3549544643212422e-05,-inf,14,highpass
1e-07,7e-07,2.4058933293018074e-07,1.6489869308171425e-07,1.3549544643212422e-05,1353.5525479160804,14,highpass
1e-07,7e-07,2.4058933293018074e-07,2.3574328284593764e-07,1.3549544643212422e-05,-inf,14,highpass
1e-07,7e-07,2.4058933293018074e-07,2.3574328284593764e-07,1.3549544643212422e-05,-inf,14,highpass
1e-07,7e-07,2.4058933293018074e-07,2.3574328284593764e-07,1.3549544643212422e-05,-inf,14,highpass
1e-07,7e-07,2.4058933293018074e-07,2.3574328284593764e-07,1.3549544643212422e-05,-inf,14,highpass
1e-07,7e-07,2.4058933293018074e-07,2.3574328284593764e-07,1.3549544643212422e-05,-inf,14,highpass
1e-07,7e-07,2.4058933293018074e-07,2.3574328284593764e-07,1.3549544643212422e-05,-inf,14,highpass
1e-07,7e-07,2.4058933293018074e-07,2.3906130576571153e-07,1.3549544643212422e-05,29320.903591475508,14,highpass
1e-07,7e-07,2.4058933293018074e-07,2.3574328284593764e-07,1.3549544643212422e-05,-inf,14,highpass
1e-07,7e-07,2.4058933293018074e-07,2.3574328284593764e-07,1.3549544643212422e-05,-inf,14,highpass
1e-07,7e-07,2.4058933293018074e-07,2.3574328284593764e-07,1.3549544643212422e-05,-inf,14,highpass
1e-07,7e-07,2.4058933293018074e-07,2.3574328284593764e-07,1.3549544643212422e-05,41563.836521453326,15,highpass
1e-07,7e-07,2.4058933293018074e-07,2.3574328284593764e-07,1.3549544643212422e-05,41563.836521453326,15,highpass
1e-07,7e-07,2.4058933293018074e-07,2.3574328284593764e-07,1.3549544643212422e-05,41563.836521453326,15,highpass
1e-07,7e-07,2.3542640945881073e-07,2.3763989402397676e-07,1.3549544643212422e-05,3193.0342577128154,15,highpass
1e-07,7e-07,2.4058933293018074e-07,2.3906130576571153e-07,1.3549544643212422e-05,29320.903591475508,15,highpass
1e-07,7e-07,2.4058933293018074e-07,2.3906130576571153e-07,1.3549544643212422e-05,29320.903591475508,15,highpass
1e-07,7e-07,2.4058933293018074e-07,2.3763989402397676e-07,1.3549544643212422e-05,6571.43072483035,15,highpass
1e-07,7e-07,2.4058933293018074e-07,2.3906130576571153e-07,1.3549544643212422e-05,29320.903591475508,15,highpass
1e-07,7e-07,2.4058933293018074e-07,2.3906130576571153e-07,1.3549544643212422e-05,29320.903591475508,15,highpass
1e-07,7e-07,2.4058933293018074e-07,2.3906130576571153e-07,1.3549544643212422e-05,29320.903591475508,15,highpass
1.0342024010188883e-07,7e-07,2.4058933293018074e-07,2.3574328284593764e-07,1.3549544643212422e-05,5252.391661787113,15,highpass
1e-07,7e-07,2.4058933293018074e-07,2.3797168612770735e-07,1.3549544643212422e-05,6571.43072483035,15,highpass
1e-07,7e-07,2.4058933293018074e-07,2.3906130576571153e-07,1.3549544643212422e-05,29320.903591475508,15,highpass
1e-07,7e-07,2.4058933293018074e-07,2.3763989402397676e-07,1.3549544643212422e-05,6571.43072483035,15,highpass
1e-07,7e-07,2.4058933293018074e-07,2.3574328284593764e-07,1.3549544643212422e-05,41563.836521453326,15,highpass
1e-07,7e-07,2.4058933293018074e-07,2.3906130576571153e-07,9.887824827549878e-06,1078.9722990844846,15,highpass
1e-07,7e-07,2.4058933293018074e-07,2.3906130576571153e-07,1.3549544643212422e-05,29320.903591475508,15,highpass
1.0342024010188883e-07,7e-07,2.4058933293018074e-07,2.3763989402397676e-07,1.3549544643212422e-05,2687.2256394256406,15,highpass
1e-07,7e-07,2.4058933293018074e-07,2.3574328284593764e-07,1.3549544643212422e-05,41563.836521453326,15,highpass
1e-07,7e-07,2.4058933293018074e-07,2.3906130576571153e-07,1.3549544643212422e-05,29320.903591475508,15,highpass
1e-07,7e-07,2.4058933293018074e-07,2.3763989402397676e-07,1.3549544643212422e-05,6571.43072483035,15,highpass
1.0342024010188883e-07,7e-07,2.4058933293018074e-07,2.3906130576571153e-07,1.3549544643212422e-05,4004.3008875157393,15,highpass
1.0342024010188883e-07,7e-07,2.4058933293018074e-07,2.3906130576571153e-07,1.3549544643212422e-05,4004.3008875157393,15,highpass
1e-07,7e-07,2.4058933293018074e-07,2.3906130576571153e-07,1.3549544643212422e-05,29320.903591475508,15,highpass
1e-07,7e-07,2.4058933293018074e-07,2.3763989402397676e-07,1.3549544643212422e-05,6571.43072483035,15,highpass
1e-07,7e-07,2.4058933293018074e-07,2.3574328284593764e-07,1.3549544643212422e-05,41563.836521453326,15,highpass
1e-07,7e-07,2.4058933293018074e-07,2.3906130576571153e-07,1.3549544643212422e-05,29320.903591475508,15,highpass
1e-07,7e-07,2.4058933293018074e-07,2.3574328284593764e-07,1.3549544643212422e-05,41563.836521453326,15,highpass
1e-07,7e-07,2.4058933293018074e-07,2.3906130576571153e-07,1.3549544643212422e-05,29320.903591475508,15,highpass
1e-07,7e-07,2.4058933293018074e-07,2.3906130576571153e-07,1.3549544643212422e-05,29320.903591475508,15,highpass
1e-07,7e-07,2.4058933293018074e-07,2.3574328284593764e-07,1.3549544643212422e-05,41563.836521453326,16,highpass
1e-07,7e-07,2.4058933293018074e-07,2.3574328284593764e-07,1.3549544643212422e-05,41563.836521453326,16,highpass
1e-07,7e-07,2.4058933293018074e-07,2.3574328284593764e-07,1.3549544643212422e-05,41563.836521453326,16,highpass
2.3563984551125893e-07,7e-07,2.4058933293018074e-07,2.3906130576571153e-07,1.3549544643212422e-05,39.858490058908416,16,highpass
1e-07,7e-07,2.4058933293018074e-07,2.3574328284593764e-07,1.2933544993750724e-05,8886.340488170046,16,highpass
1e-07,7e-07,2.4058933293018074e-07,2.3574328284593764e-07,1.3549544643212422e-05,41563.836521453326,16,highpass
1e-07,7e-07,2.4058933293018074e-07,2.3574328284593764e-07,1.3549544643212422e-05,41563.836521453326,16,highpass
1e-07,7e-07,2.4058933293018074e-07,2.3574328284593764e-07,1.3549544643212422e-05,41563.836521453326,16,highpass
1e-07,7e-07,2.4058933293018074e-07,2.3906130576571153e-07,1.3549544643212422e-05,29320.903591475508,16,highpass
1e-07,7e-07,2.4058933293018074e-07,1.963448108420124e-07,1.3549544643212422e-05,2800.090745284481,16,highpass
1e-07,7e-07,2.4058933293018074e-07,2.3906130576571153e-07,1.3549544643212422e-05,29320.903591475508,16,highpass
1e-07,7e-07,2.4058933293018074e-07,2.3574328284593764e-07,1.3549544643212422e-05,41563.836521453326,16,highpass
1e-07,7e-07,2.4058933293018074e-07,2.3906130576571153e-07,1.3549544643212422e-05,29320.903591475508,16,highpass
1e-07,7e-07,2.4058933293018074e-07,2.3574328284593764e-07,1.3549544643212422e-05,41563.836521453326,16,highpass
1e-07,7e-07,2.473699681725352e-07,2.3906130576571153e-07,1.3549544643212422e-05,3622.7638143746317,16,highpass
1e-07,7e-07,2.4058933293018074e-07,2.3574328284593764e-07,1.3549544643212422e-05,41563.836521453326,16,highpass
1e-07,7e-07,2.4058933293018074e-07,2.3574328284593764e-07,1.3549544643212422e-05,41563.836521453326,16,highpass
1e-07,7e-07,2.4058933293018074e-07,2.3906130576571153e-07,1.3549544643212422e-05,29320.903591475508,16,highpass
1e-07,7e-07,2.4058933293018074e-07,2.3574328284593764e-07,1.3549544643212422e-05,41563.836521453326,16,highpass
1e-07,7e-07,2.4058933293018074e-07,2.3574328284593764e-07,1.3549544643212422e-05,41563.836521453326,16,highpass
1e-07,7e-07,1.563811018614023e-07,2.3574328284593764e-07,1.3549544643212422e-05,93.14700854656874,16,highpass
1e-07,7e-07,2.4058933293018074e-07,2.3574328284593764e-07,1.3549544643212422e-05,41563.836521453326,16,highpass
1e-07,7e-07,2.4058933293018074e-07,2.3574328284593764e-07,1.3549544643212422e-05,41563.836521453326,16,highpass
1e-07,7e-07,2.4058933293018074e-07,2.3574328284593764e-07,2.5532447152411607e-05,681.8715376673555,16,highpass
1e-07,7e-07,2.4058933293018074e-07,2.3628254219416367e-07,1.3549544643212422e-05,41563.836521453326,16,highpass
1e-07,7e-07,2.4058933293018074e-07,2.3574328284593764e-07,2.4714155835091234e-05,712.0371532615295,16,highpass
1e-07,7e-07,2.4058933293018074e-07,2.3906130576571153e-07,1.3549544643212422e-05,29320.903591475508,16,highpass
1e-07,7e-07,2.4058933293018074e-07,2.3574328284593764e-07,1.3549544643212422e-05,41563.836521453326,16,highpass
1.6579274020272436e-07,7e-07,2.4058933293018074e-07,2.3906130576571153e-07,1.3549544643212422e-05,0.9725132340288093,16,highpass
1e-07,7e-07,2.4058933293018074e-07,2.3574328284593764e-07,1.3549544643212422e-05,41563.836521453326,16,highpass
1e-07,7e-07,2.4058933293018074e-07,2.3574328284593764e-07,1.3549544643212422e-05,41563.836521453326,17,highpass
1e-07,7e-07,2.4058933293018074e-07,2.3811813433525974e-07,1.3549544643212422e-05,15188.172027423829,17,highpass
1e-07,7e-07,2.4058933293018074e-07,2.3574328284593764e-07,1.3549544643212422e-05,41563.836521453326,17,highpass
1e-07,7e-07,2.4058933293018074e-07,2.3574328284593764e-07,1.3549544643212422e-05,41563.836521453326,17,highpass
1e-07,7e-07,2.4122979280624814e-07,2.3574328284593764e-07,1.3549544643212422e-05,41563.836521453326,17,highpass
1e-07,7e-07,2.4058933293018074e-07,2.3574328284593764e-07,1.3549544643212422e-05,41563.836521453326,17,highpass
1e-07,7e-07,2.4058933293018074e-07,2.3574328284593764e-07,1.3549544643212422e-05,41563.836521453326,17,highpass
1e-07,7e-07,2.4058933293018074e-07,2.3574328284593764e-07,1.3549544643212422e-05,41563.836521453326,17,highpass
1e-07,7e-07,2.4058933293018074e-07,2.3574328284593764e-07,1.3549544643212422e-05,41563.836521453326,17,highpass
1e-07,7e-07,2.4058933293018074e-07,2.3574328284593764e-07,1.3549544643212422e-05,41563.836521453326,17,highpass
1e-07,7e-07,2.4058933293018074e-07,2.3574328284593764e-07,1.3549544643212422e-05,41563.836521453326,17,highpass
1e-07,7e-07,2.4058933293018074e-07,2.8773219357394e-07,1.3549544643212422e-05,32.02300220002985,17,highpass
1e-07,7e-07,2.4058933293018074e-07,2.3574328284593764e-07,1.3549544643212422e-05,41563.836521453326,17,highpass
1e-07,6.714813359724114e-07,2.4058933293018074e-07,2.3574328284593764e-07,1.3549544643212422e-05,12946.175595836825,17,highpass
1e-07,5.69269385504486e-07,2.4058933293018074e-07,2.3574328284593764e-07,1.3549544643212422e-05,929.8029100696033,17,highpass
1e-07,7e-07,2.4058933293018074e-07,2.3574328284593764e-07,1.3549544643212422e-05,41563.836521453326,17,highpass
1e-07,7e-07,2.4058933293018074e-07,2.3574328284593764e-07,4.2838228585642e-05,35.190342039098844,17,highpass
1e-07,7e-07,2.4058933293018074e-07,2.3574328284593764e-07,1.3549544643212422e-05,41563.836521453326,17,highpass
1e-07,7e-07,2.4058933293018074e-07,2.3574328284593764e-07,1.3549544643212422e-05,41563.836521453326,17,highpass
1e-07,7e-07,2.4058933293018074e-07,2.3574328284593764e-07,1.3549544643212422e-05,41563.836521453326,17,highpass
1e-07,7e-07,2.4058933293018074e-07,2.3574328284593764e-07,1.3549544643212422e-05,41563.836521453326,17,highpass
1e-07,4.6865966677892215e-07,2.4058933293018074e-07,2.3574328284593764e-07,1.3549544643212422e-05,61.01388353001593,17,highpass
1e-07,7e-07,2.4058933293018074e-07,2.3574328284593764e-07,1.3549544643212422e-05,41563.836521453326,17,highpass
1e-07,7e-07,2.4058933293018074e-07,2.3574328284593764e-07,1.3549544643212422e-05,41563.836521453326,17,highpass
1e-07,7e-07,2.4058933293018074e-07,2.3574328284593764e-07,1.3549544643212422e-05,41563.836521453326,17,highpass
1e-07,7e-07,2.4058933293018074e-07,2.3574328284593764e-07,1.3549544643212422e-05,41563.836521453326,17,highpass
1e-07,7e-07,2.4058933293018074e-07,2.3574328284593764e-07,1.3549544643212422e-05,41563.836521453326,17,highpass
1e-07,7e-07,2.4058933293018074e-07,2.3574328284593764e-07,1.3549544643212422e-05,41563.836521453326,17,highpass
1e-07,7e-07,2.4058933293018074e-07,2.3574328284593764e-07,1.3549544643212422e-05,41563.836521453326,17,highpass
1e-07,7e-07,2.4058933293018074e-07,2.3574328284593764e-07,1.3549544643212422e-05,41563.836521453326,17,highpass
1e-07,7e-07,2.4058933293018074e-07,2.3574328284593764e-07,1.3549544643212422e-05,41563.836521453326,18,highpass
1e-07,7e-07,2.4058933293018074e-07,2.3574328284593764e-07,1.3549544643212422e-05,41563.836521453326,18,highpass
1e-07,7e-07,2.4058933293018074e-07,2.3574328284593764e-07,1.3549544643212422e-05,41563.836521453326,18,highpass
1e-07,7e-07,2.4058933293018074e-07,2.3574328284593764e-07,1.3549544643212422e-05,41563.836521453326,18,highpass
1e-07,7e-07,2.1326063906145786e-07,2.3574328284593764e-07,1.3549544643212422e-05,5461.689366592309,18,highpass
1e-07,7e-07,2.4058933293018074e-07,2.3574328284593764e-07,1.3549544643212422e-05,41563.836521453326,18,highpass
1e-07,7e-07,2.4058933293018074e-07,2.3574328284593764e-07,1.3549544643212422e-05,41563.836521453326,18,highpass
1e-07,7e-07,2.4058933293018074e-07,2.3574328284593764e-07,1.3549544643212422e-05,41563.836521453326,18,highpass
1e-07,7e-07,2.4058933293018074e-07,2.3574328284593764e-07,1.3549544643212422e-05,41563.836521453326,18,highpass
1e-07,7e-07,2.4058933293018074e-07,2.3574328284593764e-07,1.3549544643212422e-05,41563.836521453326,18,highpass
1e-07,7e-07,2.4058933293018074e-07,2.3574328284593764e-07,1.3549544643212422e-05,41563.836521453326,18,highpass
1e-07,7e-07,2.4058933293018074e-07,2.3574328284593764e-07,1.7431867540344026e-05,1510.9639372111517,18,highpass
1e-07,7e-07,1.245775536744425e-07,2.3574328284593764e-07,1.3549544643212422e-05,67.27191648472639,18,highpass
1e-07,7e-07,2.4058933293018074e-07,2.3574328284593764e-07,1.3549544643212422e-05,41563.836521453326,18,highpass
1e-07,7e-07,2.4058933293018074e-07,2.3574328284593764e-07,1.3549544643212422e-05,41563.836521453326,18,highpass
1e-07,7e-07,2.4058933293018074e-07,2.3574328284593764e-07,1.3549544643212422e-05,41563.836521453326,18,highpass
1e-07,7e-07,1.6777381858564303e-07,2.3574328284593764e-07,1.3549544643212422e-05,108.01375377381535,18,highpass
1e-07,7e-07,2.4058933293018074e-07,2.3574328284593764e-07,1.3549544643212422e-05,41563.836521453326,18,highpass
1e-07,7e-07,2.4058933293018074e-07,2.3574328284593764e-07,1.3549544643212422e-05,41563.836521453326,18,highpass
1e-07,7e-07,2.4058933293018074e-07,2.3574328284593764e-07,1.3549544643212422e-05,41563.836521453326,18,highpass
1e-07,7e-07,2.4122979280624814e-07,2.3574328284593764e-07,1.3549544643212422e-05,41563.836521453326,18,highpass
1e-07,7e-07,2.4058933293018074e-07,2.3574328284593764e-07,1.3549544643212422e-05,41563.836521453326,18,highpass
1e-07,7e-07,2.4058933293018074e-07,2.3574328284593764e-07,1.3549544643212422e-05,41563.836521453326,18,highpass
1e-07,7e-07,2.4058933293018074e-07,2.3574328284593764e-07,1.3549544643212422e-05,41563.836521453326,18,highpass
1e-07,7e-07,2.4058933293018074e-07,2.3574328284593764e-07,1.3549544643212422e-05,41563.836521453326,18,highpass
1e-07,7e-07,2.4058933293018074e-07,2.3574328284593764e-07,1.3549544643212422e-05,41563.836521453326,18,highpass
1e-07,7e-07,2.4058933293018074e-07,2.3574328284593764e-07,1.3549544643212422e-05,41563.836521453326,18,highpass
1e-07,7e-07,2.4058933293018074e-07,2.3574328284593764e-07,1.3549544643212422e-05,41563.836521453326,18,highpass
1e-07,7e-07,2.4058933293018074e-07,2.3574328284593764e-07,1.3549544643212422e-05,41563.836521453326,18,highpass
1e-07,7e-07,2.4058933293018074e-07,2.3574328284593764e-07,1.3549544643212422e-05,41563.836521453326,18,highpass
1e-07,7e-07,2.4058933293018074e-07,2.3574328284593764e-07,1.3549544643212422e-05,41563.836521453326,19,highpass
1e-07,7e-07,2.4122979280624814e-07,2.3574328284593764e-07,1.1568135065693788e-05,2054.1204706813432,19,highpass
1e-07,7e-07,2.4058933293018074e-07,2.3574328284593764e-07,1.3549544643212422e-05,41563.836521453326,19,highpass
1e-07,7e-07,1.4436770224843417e-07,2.3574328284593764e-07,1.3549544643212422e-05,61.22024070018183,19,highpass
1e-07,7e-07,2.4058933293018074e-07,2.3574328284593764e-07,1.3549544643212422e-05,41563.836521453326,19,highpass
1e-07,7e-07,2.4122979280624814e-07,2.3574328284593764e-07,1.3549544643212422e-05,41563.836521453326,19,highpass
1e-07,7e-07,2.4058933293018074e-07,2.3574328284593764e-07,1.3549544643212422e-05,41563.836521453326,19,highpass
1e-07,7e-07,2.4058933293018074e-07,2.3574328284593764e-07,1.3549544643212422e-05,41563.836521453326,19,highpass
1e-07,7e-07,2.4058933293018074e-07,2.3574328284593764e-07,1.3549544643212422e-05,41563.836521453326,19,highpass
1e-07,7e-07,2.4058933293018074e-07,2.3574328284593764e-07,1.3549544643212422e-05,41563.836521453326,19,highpass
1e-07,7e-07,2.4058933293018074e-07,2.3574328284593764e-07,1.3549544643212422e-05,41563.836521453326,19,highpass
1.0714785090674346e-07,7e-07,2.4058933293018074e-07,2.3574328284593764e-07,1.3549544643212422e-05,2628.44123001117,19,highpass
1e-07,7e-07,2.4058933293018074e-07,2.3574328284593764e-07,1.3549544643212422e-05,41563.836521453326,19,highpass
1.8914509114218264e-07,7e-07,2.4058933293018074e-07,2.3574328284593764e-07,1.3549544643212422e-05,1.113510700163618,19,highpass
1e-07,7e-07,2.4058933293018074e-07,2.3574328284593764e-07,1.3549544643212422e-05,41563.836521453326,19,highpass
1e-07,7e-07,2.4058933293018074e-07,2.3574328284593764e-07,1.3549544643212422e-05,41563.836521453326,19,highpass
1e-07,7e-07,2.4058933293018074e-07,2.3574328284593764e-07,1.3549544643212422e-05,41563.836521453326,19,highpass
1e-07,7e-07,2.4058933293018074e-07,2.643433173976128e-07,1.3549544643212422e-05,14026.290655075825,19,highpass
1e-07,7e-07,2.4058933293018074e-07,2.3574328284593764e-07,1.3549544643212422e-05,41563.836521453326,19,highpass
1e-07,7e-07,2.4058933293018074e-07,2.3574328284593764e-07,1.3549544643212422e-05,41563.836521453326,19,highpass
1e-07,7e-07,2.4058933293018074e-07,2.3574328284593764e-07,1.3549544643212422e-05,41563.836521453326,19,highpass
1e-07,7e-07,2.4122979280624814e-07,2.3574328284593764e-07,1.3549544643212422e-05,41563.836521453326,19,highpass
1e-07,7e-07,2.4058933293018074e-07,2.3574328284593764e-07,1.3549544643212422e-05,41563.836521453326,19,highpass
1e-07,7e-07,2.4058933293018074e-07,2.3574328284593764e-07,1.3549544643212422e-05,41563.836521453326,19,highpass
1e-07,7e-07,2.4058933293018074e-07,2.3574328284593764e-07,1.3549544643212422e-05,41563.836521453326,19,highpass
1e-07,7e-07,2.4058933293018074e-07,2.3574328284593764e-07,1.3549544643212422e-05,41563.836521453326,19,highpass
1e-07,7e-07,2.4058933293018074e-07,2.3574328284593764e-07,1.3549544643212422e-05,41563.836521453326,19,highpass
1e-07,7e-07,2.4058933293018074e-07,2.3574328284593764e-07,1.3549544643212422e-05,41563.836521453326,19,highpass
1e-07,7e-07,2.4122979280624814e-07,2.3574328284593764e-07,1.3549544643212422e-05,41563.836521453326,19,highpass
1e-07,7e-07,2.4058933293018074e-07,2.3574328284593764e-07,1.3549544643212422e-05,41563.836521453326,19,highpass
1e-07,7e-07,2.4058933293018074e-07,2.3574328284593764e-07,1.3549544643212422e-05,41563.836521453326,20,highpass
1e-07,7e-07,2.4058933293018074e-07,2.3574328284593764e-07,1.3549544643212422e-05,41563.836521453326,20,highpass
1e-07,7e-07,2.4058933293018074e-07,2.3574328284593764e-07,1.3549544643212422e-05,41563.836521453326,20,highpass
1e-07,7e-07,2.4058933293018074e-07,2.3574328284593764e-07,1.3549544643212422e-05,41563.836521453326,20,highpass
1e-07,7e-07,2.4058933293018074e-07,2.3574328284593764e-07,1.3549544643212422e-05,41563.836521453326,20,highpass
1e-07,7e-07,2.4122979280624814e-07,2.3574328284593764e-07,1.3549544643212422e-05,41563.836521453326,20,highpass
1e-07,7e-07,2.4058933293018074e-07,2.3574328284593764e-07,1.3549544643212422e-05,41563.836521453326,20,highpass
1e-07,7e-07,2.4058933293018074e-07,2.3574328284593764e-07,1.3549544643212422e-05,41563.836521453326,20,highpass
1e-07,7e-07,2.4058933293018074e-07,2.3574328284593764e-07,1.3549544643212422e-05,41563.836521453326,20,highpass
1e-07,7e-07,2.4058933293018074e-07,2.3574328284593764e-07,1.3549544643212422e-05,41563.836521453326,20,highpass
1e-07,7e-07,2.4058933293018074e-07,2.3574328284593764e-07,1.3549544643212422e-05,41563.836521453326,20,highpass
1e-07,7e-07,2.4058933293018074e-07,2.3574328284593764e-07,1.3549544643212422e-05,41563.836521453326,20,highpass
1e-07,7e-07,2.4058933293018074e-07,2.3574328284593764e-07,1.3549544643212422e-05,41563.836521453326,20,highpass
1e-07,7e-07,2.4058933293018074e-07,2.3574328284593764e-07,1.3549544643212422e-05,41563.836521453326,20,highpass
1e-07,7e-07,2.4122979280624814e-07,2.3574328284593764e-07,1.3549544643212422e-05,41563.836521453326,20,highpass
1e-07,7e-07,2.4058933293018074e-07,2.3574328284593764e-07,1.3549544643212422e-05,41563.836521453326,20,highpass
1e-07,7e-07,2.4058933293018074e-07,2.3574328284593764e-07,1.3549544643212422e-05,41563.836521453326,20,highpass
1e-07,7e-07,2.4058933293018074e-07,2.3574328284593764e-07,1.3549544643212422e-05,41563.836521453326,20,highpass
1e-07,7e-07,2.4058933293018074e-07,2.3574328284593764e-07,1.3549544643212422e-05,41563.836521453326,20,highpass
1e-07,7e-07,2.4058933293018074e-07,2.3574328284593764e-07,1.3549544643212422e-05,41563.836521453326,20,highpass
1e-07,7e-07,2.4058933293018074e-07,2.3574328284593764e-07,1.3549544643212422e-05,41563.836521453326,20,highpass
1e-07,7e-07,2.4058933293018074e-07,2.3574328284593764e-07,1.3549544643212422e-05,41563.836521453326,20,highpass
1e-07,7e-07,2.4058933293018074e-07,2.3574328284593764e-07,1.3549544643212422e-05,41563.836521453326,20,highpass
1e-07,6.902147030343005e-07,2.4058933293018074e-07,2.3574328284593764e-07,1.3549544643212422e-05,5471.170605428918,20,highpass
1e-07,7e-07,2.4058933293018074e-07,2.3574328284593764e-07,1.3549544643212422e-05,41563.836521453326,20,highpass
1e-07,7e-07,2.4058933293018074e-07,2.3574328284593764e-07,1.3549544643212422e-05,41563.836521453326,20,highpass
1e-07,7e-07,2.4058933293018074e-07,2.3574328284593764e-07,1.3549544643212422e-05,41563.836521453326,20,highpass
1.0370254615258325e-07,7e-07,2.4058933293018074e-07,2.3574328284593764e-07,1.3549544643212422e-05,3093.6568260790045,20,highpass
1e-07,7e-07,2.4058933293018074e-07,2.3574328284593764e-07,1.3549544643212422e-05,41563.836521453326,20,highpass
1e-07,7e-07,2.4058933293018074e-07,2.3574328284593764e-07,1.3549544643212422e-05,41563.836521453326,20,highpass
1e-07,7e-07,2.4058933293018074e-07,2.3574328284593764e-07,1.3549544643212422e-05,3725.058285407814,21,highpass
1e-07,7e-07,2.4058933293018074e-07,2.3574328284593764e-07,1.3549544643212422e-05,3725.058285407814,21,highpass
1e-07,7e-07,2.4058933293018074e-07,2.3574328284593764e-07,1.3549544643212422e-05,3725.058285407814,21,highpass
1e-07,7e-07,2.4058933293018074e-07,2.3574328284593764e-07,1.3549544643212422e-05,3725.058285407814,21,highpass
1e-07,7e-07,2.4058933293018074e-07,2.3574328284593764e-07,1.3549544643212422e-05,3725.058285407814,21,highpass
1e-07,7e-07,2.4058933293018074e-07,2.3574328284593764e-07,1.3549544643212422e-05,3725.058285407814,21,highpass
1e-07,7e-07,1.326562658556599e-07,2.3574328284593764e-07,1.3549544643212422e-05,87.05596418347871,21,highpass
1e-07,7e-07,2.4058933293018074e-07,2.3574328284593764e-07,1.3549544643212422e-05,3725.058285407814,21,highpass
1e-07,7e-07,2.4058933293018074e-07,2.3574328284593764e-07,1.3549544643212422e-05,3725.058285407814,21,highpass
1e-07,7e-07,2.4058933293018074e-07,2.3574328284593764e-07,1.3549544643212422e-05,3725.058285407814,21,highpass
1e-07,7e-07,2.4058933293018074e-07,2.3574328284593764e-07,1.3549544643212422e-05,3725.058285407814,21,highpass
1e-07,7e-07,2.4058933293018074e-07,2.3574328284593764e-07,1.3549544643212422e-05,3725.058285407814,21,highpass
1e-07,7e-07,2.4058933293018074e-07,2.3574328284593764e-07,1.527243540263658e-05,3426.305373657117,21,highpass
1e-07,7e-07,2.4058933293018074e-07,2.3574328284593764e-07,1.3549544643212422e-05,3725.058285407814,21,highpass
1e-07,7e-07,2.4058933293018074e-07,2.3574328284593764e-07,1.3549544643212422e-05,3725.058285407814,21,highpass
1e-07,7e-07,2.4058933293018074e-07,2.3574328284593764e-07,1.3549544643212422e-05,3725.058285407814,21,highpass
1e-07,7e-07,2.4058933293018074e-07,2.3574328284593764e-07,1.3549544643212422e-05,3725.058285407814,21,highpass
1e-07,7e-07,2.4058933293018074e-07,2.3574328284593764e-07,1.3549544643212422e-05,3725.058285407814,21,highpass
1e-07,7e-07,2.4058933293018074e-07,2.3574328284593764e-07,1.3549544643212422e-05,3725.058285407814,21,highpass
1e-07,7e-07,2.4058933293018074e-07,2.3574328284593764e-07,1.3549544643212422e-05,3725.058285407814,21,highpass
1e-07,7e-07,2.4058933293018074e-07,2.3574328284593764e-07,1.3549544643212422e-05,3725.058285407814,21,highpass
1e-07,7e-07,2.4058933293018074e-07,2.3574328284593764e-07,1.3549544643212422e-05,3725.058285407814,21,highpass
1e-07,7e-07,1.6019601373780096e-07,2.3574328284593764e-07,1.3549544643212422e-05,112.28313951841534,21,highpass
1e-07,7e-07,2.4058933293018074e-07,2.3574328284593764e-07,1.3549544643212422e-05,3725.058285407814,21,highpass
1e-07,7e-07,2.4058933293018074e-07,2.3574328284593764e-07,1.3549544643212422e-05,3725.058285407814,21,highpass
1e-07,7e-07,2.4058933293018074e-07,2.3574328284593764e-07,1.3549544643212422e-05,3725.058285407814,21,highpass
1e-07,7e-07,2.4058933293018074e-07,2.3574328284593764e-07,1.3549544643212422e-05,3725.058285407814,21,highpass
1e-07,7e-07,1.4088662139701113e-07,2.3574328284593764e-07,1.3549544643212422e-05,68.17381616313133,21,highpass
1e-07,7e-07,2.4058933293018074e-07,2.3574328284593764e-07,1.3549544643212422e-05,3725.058285407814,21,highpass
1e-07,7e-07,2.4122979280624814e-07,2.3574328284593764e-07,1.3549544643212422e-05,3725.058285407814,21,highpass
1e-07,7e-07,2.4058933293018074e-07,2.3574328284593764e-07,1.3549544643212422e-05,41563.836521453326,22,highpass
1e-07,4.6117066440982653e-07,2.4058933293018074e-07,2.3574328284593764e-07,1.3549544643212422e-05,59.019229954507,22,highpass
1e-07,7e-07,2.4058933293018074e-07,2.3574328284593764e-07,1.3549544643212422e-05,41563.836521453326,22,highpass
1e-07,7e-07,2.4058933293018074e-07,2.3574328284593764e-07,1.3549544643212422e-05,41563.836521453326,22,highpass
1e-07,7e-07,2.4058933293018074e-07,2.3574328284593764e-07,1.3549544643212422e-05,41563.836521453326,22,highpass
1e-07,7e-07,2.4058933293018074e-07,2.3574328284593764e-07,1.3549544643212422e-05,41563.836521453326,22,highpass
1e-07,7e-07,2.4058933293018074e-07,2.3574328284593764e-07,1.3549544643212422e-05,41563.836521453326,22,highpass
1e-07,7e-07,1.1608925972396606e-07,2.3574328284593764e-07,1.3549544643212422e-05,30.115304539828134,22,highpass
1e-07,7e-07,2.4058933293018074e-07,2.3574328284593764e-07,1.3549544643212422e-05,41563.836521453326,22,highpass
1e-07,7e-07,2.4058933293018074e-07,2.3574328284593764e-07,1.3549544643212422e-05,41563.836521453326,22,highpass
1e-07,7e-07,2.4058933293018074e-07,2.3574328284593764e-07,1.3549544643212422e-05,41563.836521453326,22,highpass
1e-07,6.989708240071884e-07,2.4122979280624814e-07,2.3574328284593764e-07,1.3549544643212422e-05,27675.00036352996,22,highpass
1e-07,7e-07,2.4058933293018074e-07,2.3574328284593764e-07,1.3549544643212422e-05,41563.836521453326,22,highpass
1e-07,7e-07,2.4058933293018074e-07,2.3574328284593764e-07,1.3549544643212422e-05,41563.836521453326,22,highpass
1e-07,7e-07,2.4058933293018074e-07,2.3574328284593764e-07,1.3549544643212422e-05,41563.836521453326,22,highpass
1e-07,7e-07,2.4058933293018074e-07,2.3574328284593764e-07,1.3549544643212422e-05,41563.836521453326,22,highpass
1e-07,7e-07,2.4058933293018074e-07,2.3574328284593764e-07,1.3549544643212422e-05,41563.836521453326,22,highpass
1e-07,7e-07,2.4058933293018074e-07,2.3574328284593764e-07,1.3549544643212422e-05,41563.836521453326,22,highpass
1e-07,7e-07,2.4058933293018074e-07,2.3574328284593764e-07,1.3549544643212422e-05,41563.836521453326,22,highpass
1e-07,7e-07,2.4058933293018074e-07,2.3574328284593764e-07,1.3549544643212422e-05,41563.836521453326,22,highpass
1e-07,7e-07,2.4058933293018074e-07,2.3574328284593764e-07,1.3549544643212422e-05,41563.836521453326,22,highpass
1e-07,7e-07,2.4058933293018074e-07,2.2988579940601316e-07,1.3549544643212422e-05,20087.129027205774,22,highpass
1e-07,7e-07,2.4058933293018074e-07,2.3574328284593764e-07,1.350067174795245e-05,41563.836521453326,22,highpass
1e-07,7e-07,2.4058933293018074e-07,2.3574328284593764e-07,1.3549544643212422e-05,41563.836521453326,22,highpass
1e-07,7e-07,1.0822382340948307e-07,2.3574328284593764e-07,1.3549544643212422e-05,27.022946257695004,22,highpass
1e-07,7e-07,2.4058933293018074e-07,2.3574328284593764e-07,1.3549544643212422e-05,41563.836521453326,22,highpass
1e-07,7e-07,2.4058933293018074e-07,2.3574328284593764e-07,1.3549544643212422e-05,41563.836521453326,22,highpass
1e-07,7e-07,2.4058933293018074e-07,2.3574328284593764e-07,1.3549544643212422e-05,41563.836521453326,22,highpass
1e-07,7e-07,2.4058933293018074e-07,2.3574328284593764e-07,3.944882769304013e-05,31.933268468125455,22,highpass
1e-07,7e-07,2.4058933293018074e-07,2.3408461067875935e-07,1.3549544643212422e-05,6547.82872254172,22,highpass
1e-07,7e-07,2.4058933293018074e-07,2.3574328284593764e-07,1.3549544643212422e-05,41563.836521453326,23,highpass
1e-07,7e-07,2.4058933293018074e-07,2.3574328284593764e-07,1.3549544643212422e-05,41563.836521453326,23,highpass
1e-07,7e-07,2.4058933293018074e-07,2.3574328284593764e-07,1.3549544643212422e-05,41563.836521453326,23,highpass
1e-07,7e-07,2.4058933293018074e-07,2.3574328284593764e-07,1.3549544643212422e-05,41563.836521453326,23,highpass
1e-07,7e-07,2.4058933293018074e-07,2.3574328284593764e-07,1.3549544643212422e-05,41563.836521453326,23,highpass
1e-07,7e-07,2.4058933293018074e-07,2.3574328284593764e-07,1.3549544643212422e-05,41563.836521453326,23,highpass
1e-07,7e-07,2.4058933293018074e-07,2.3574328284593764e-07,1.3549544643212422e-05,41563.836521453326,23,highpass
1e-07,7e-07,2.4058933293018074e-07,2.3574328284593764e-07,1.3549544643212422e-05,41563.836521453326,23,highpass
1e-07,7e-07,2.4058933293018074e-07,2.3574328284593764e-07,1.3549544643212422e-05,41563.836521453326,23,highpass
1e-07,7e-07,2.4058933293018074e-07,2.3574328284593764e-07,1.3549544643212422e-05,41563.836521453326,23,highpass
1e-07,7e-07,2.4058933293018074e-07,2.3574328284593764e-07,1.3549544643212422e-05,41563.836521453326,23,highpass
1e-07,7e-07,2.4058933293018074e-07,2.3574328284593764e-07,1.3549544643212422e-05,41563.836521453326,23,highpass
1e-07,7e-07,2.4058933293018074e-07,2.3574328284593764e-07,1.3549544643212422e-05,41563.836521453326,23,highpass
1e-07,6.234288715717735e-07,2.4058933293018074e-07,2.3574328284593764e-07,1.3549544643212422e-05,4465.906745216565,23,highpass
1e-07,7e-07,2.4058933293018074e-07,2.3574328284593764e-07,1.3549544643212422e-05,41563.836521453326,23,highpass
1e-07,7e-07,2.4058933293018074e-07,2.3574328284593764e-07,1.8856125324021618e-05,2249.3123001168397,23,highpass
1e-07,7e-07,2.4058933293018074e-07,2.3574328284593764e-07,1.3549544643212422e-05,41563.836521453326,23,highpass
1e-07,7e-07,2.4058933293018074e-07,2.3574328284593764e-07,1.3549544643212422e-05,41563.836521453326,23,highpass
1e-07,7e-07,2.4058933293018074e-07,2.3574328284593764e-07,1.3549544643212422e-05,41563.836521453326,23,highpass
1e-07,7e-07,2.4058933293018074e-07,2.3574328284593764e-07,1.350067174795245e-05,41563.836521453326,23,highpass
1e-07,7e-07,2.4058933293018074e-07,2.3574328284593764e-07,1.3549544643212422e-05,41563.836521453326,23,highpass
1e-07,7e-07,2.4058933293018074e-07,2.3574328284593764e-07,1.3549544643212422e-05,41563.836521453326,23,highpass
1e-07,7e-07,2.4058933293018074e-07,2.3574328284593764e-07,1.3549544643212422e-05,41563.836521453326,23,highpass
1e-07,7e-07,2.4058933293018074e-07,2.3574328284593764e-07,1.3549544643212422e-05,41563.836521453326,23,highpass
1e-07,5.98178683110629e-07,2.4058933293018074e-07,2.3574328284593764e-07,1.3549544643212422e-05,2014.6614582036773,23,highpass
1e-07,7e-07,2.4058933293018074e-07,2.3574328284593764e-07,1.3549544643212422e-05,41563.836521453326,23,highpass
1.231939092094817e-07,7e-07,2.4058933293018074e-07,2.3574328284593764e-07,1.3549544643212422e-05,125.88284426714137,23,highpass
1e-07,7e-07,2.4058933293018074e-07,2.3574328284593764e-07,1.3549544643212422e-05,41563.836521453326,23,highpass
1e-07,7e-07,1.638489831993007e-07,2.3574328284593764e-07,1.3549544643212422e-05,107.16052070301636,23,highpass
1e-07,6.811080573329304e-07,2.4058933293018074e-07,2.3574328284593764e-07,1.3549544643212422e-05,6871.652462930615,23,highpass
1e-07,7e-07,2.4058933293018074e-07,2.3574328284593764e-07,1.3549544643212422e-05,41563.836521453326,24,highpass
1e-07,7e-07,2.4058933293018074e-07,2.3574328284593764e-07,1.3549544643212422e-05,41563.836521453326,24,highpass
1e-07,7e-07,2.4058933293018074e-07,2.3574328284593764e-07,1.3549544643212422e-05,41563.836521453326,24,highpass
1e-07,7e-07,2.4058933293018074e-07,2.3574328284593764e-07,1.3549544643212422e-05,41563.836521453326,24,highpass
1e-07,7e-07,2.4058933293018074e-07,2.3574328284593764e-07,1.3549544643212422e-05,41563.836521453326,24,highpass
1e-07,7e-07,2.4058933293018074e-07,2.3574328284593764e-07,1.3549544643212422e-05,41563.836521453326,24,highpass
1e-07,7e-07,2.4058933293018074e-07,2.3574328284593764e-07,1.3549544643212422e-05,41563.836521453326,24,highpass
1e-07,7e-07,2.4058933293018074e-07,2.3574328284593764e-07,1.350067174795245e-05,41563.836521453326,24,highpass
1e-07,7e-07,2.4058933293018074e-07,2.3574328284593764e-07,1.3549544643212422e-05,41563.836521453326,24,highpass
1e-07,7e-07,2.4058933293018074e-07,2.3574328284593764e-07,1.3549544643212422e-05,41563.836521453326,24,highpass
1e-07,7e-07,2.4058933293018074e-07,2.3574328284593764e-07,1.3549544643212422e-05,41563.836521453326,24,highpass
1e-07,7e-07,2.4058933293018074e-07,2.3574328284593764e-07,1.3549544643212422e-05,41563.836521453326,24,highpass
1e-07,5.730568506761655e-07,2.4058933293018074e-07,2.3574328284593764e-07,1.3549544643212422e-05,1126.8239258713832,24,highpass
1e-07,7e-07,2.4058933293018074e-07,2.3574328284593764e-07,1.350067174795245e-05,41563.836521453326,24,highpass
1e-07,7e-07,2.4058933293018074e-07,2.3574328284593764e-07,1.3549544643212422e-05,41563.836521453326,24,highpass
1e-07,7e-07,2.4058933293018074e-07,2.3574328284593764e-07,1.350067174795245e-05,41563.836521453326,24,highpass
1e-07,7e-07,2.4058933293018074e-07,2.3574328284593764e-07,1.3549544643212422e-05,41563.836521453326,24,highpass
1e-07,7e-07,2.4058933293018074e-07,2.3574328284593764e-07,1.3549544643212422e-05,41563.836521453326,24,highpass
1e-07,7e-07,2.4058933293018074e-07,2.3975482825167313e-07,1.3549544643212422e-05,6982.659722126564,24,highpass
1e-07,7e-07,2.4058933293018074e-07,2.3574328284593764e-07,1.3549544643212422e-05,41563.836521453326,24,highpass
1e-07,7e-07,2.4058933293018074e-07,2.3574328284593764e-07,1.3549544643212422e-05,41563.836521453326,24,highpass
1e-07,7e-07,2.4058933293018074e-07,2.3574328284593764e-07,1.3549544643212422e-05,41563.836521453326,24,highpass
1e-07,7e-07,2.4058933293018074e-07,2.3574328284593764e-07,1.3549544643212422e-05,41563.836521453326,24,highpass
1e-07,7e-07,2.4058933293018074e-07,2.3574328284593764e-07,1.3549544643212422e-05,41563.836521453326,24,highpass
1e-07,7e-07,2.4058933293018074e-07,2.3574328284593764e-07,1.350067174795245e-05,41563.836521453326,24,highpass
1e-07,7e-07,2.4058933293018074e-07,2.3574328284593764e-07,1.3549544643212422e-05,41563.836521453326,24,highpass
1e-07,7e-07,2.4058933293018074e-07,2.3574328284593764e-07,1.3549544643212422e-05,41563.836521453326,24,highpass
1e-07,7e-07,2.4058933293018074e-07,2.3574328284593764e-07,1.3549544643212422e-05,41563.836521453326,24,highpass
1e-07,7e-07,2.4058933293018074e-07,2.3574328284593764e-07,1.3549544643212422e-05,41563.836521453326,24,highpass
1e-07,7e-07,2.4058933293018074e-07,2.3574328284593764e-07,1.3549544643212422e-05,41563.836521453326,24,highpass
1e-07,7e-07,2.4058933293018074e-07,2.3574328284593764e-07,1.3549544643212422e-05,41563.836521453326,25,highpass
1e-07,7e-07,2.4058933293018074e-07,2.3574328284593764e-07,1.3549544643212422e-05,41563.836521453326,25,highpass
1e-07,7e-07,2.4058933293018074e-07,2.3574328284593764e-07,1.3549544643212422e-05,41563.836521453326,25,highpass
1e-07,7e-07,2.4058933293018074e-07,2.3574328284593764e-07,1.3549544643212422e-05,41563.836521453326,25,highpass
1e-07,7e-07,2.4058933293018074e-07,2.3574328284593764e-07,1.350067174795245e-05,41563.836521453326,25,highpass
1e-07,7e-07,2.4058933293018074e-07,2.3574328284593764e-07,1.3549544643212422e-05,41563.836521453326,25,highpass
1e-07,7e-07,2.4058933293018074e-07,2.3574328284593764e-07,1.3549544643212422e-05,41563.836521453326,25,highpass
1e-07,7e-07,2.4058933293018074e-07,2.3574328284593764e-07,1.3549544643212422e-05,41563.836521453326,25,highpass
1e-07,7e-07,2.466028513605743e-07,2.3574328284593764e-07,1.3549544643212422e-05,3808.039505417826,25,highpass
1e-07,7e-07,2.4058933293018074e-07,2.3574328284593764e-07,1.3549544643212422e-05,41563.836521453326,25,highpass
1e-07,7e-07,2.4058933293018074e-07,2.3574328284593764e-07,1.3549544643212422e-05,41563.836521453326,25,highpass
1e-07,7e-07,2.4058933293018074e-07,2.3574328284593764e-07,1.350067174795245e-05,41563.836521453326,25,highpass
1e-07,7e-07,2.4058933293018074e-07,2.3574328284593764e-07,1.3549544643212422e-05,41563.836521453326,25,highpass
1e-07,7e-07,2.4058933293018074e-07,2.3574328284593764e-07,1.3549544643212422e-05,41563.836521453326,25,highpass
1e-07,7e-07,2.4058933293018074e-07,2.3574328284593764e-07,1.3549544643212422e-05,41563.836521453326,25,highpass
1e-07,7e-07,2.4058933293018074e-07,2.3574328284593764e-07,1.3549544643212422e-05,41563.836521453326,25,highpass
1e-07,7e-07,2.4058933293018074e-07,2.3574328284593764e-07,1.3549544643212422e-05,41563.836521453326,25,highpass
1e-07,7e-07,2.4058933293018074e-07,2.3574328284593764e-07,1.3549544643212422e-05,41563.836521453326,25,highpass
1e-07,7e-07,2.4058933293018074e-07,2.3574328284593764e-07,1.3549544643212422e-05,41563.836521453326,25,highpass
1e-07,7e-07,2.4058933293018074e-07,2.3574328284593764e-07,1.3549544643212422e-05,41563.836521453326,25,highpass
1e-07,6.809175119207215e-07,2.4058933293018074e-07,2.3574328284593764e-07,1.3549544643212422e-05,26915.6215103071,25,highpass
1e-07,4.32795879996168e-07,2.4058933293018074e-07,2.3574328284593764e-07,1.3549544643212422e-05,48.233661052883235,25,highpass
1e-07,7e-07,2.4058933293018074e-07,2.3574328284593764e-07,1.3549544643212422e-05,41563.836521453326,25,highpass
1e-07,7e-07,2.4058933293018074e-07,2.3574328284593764e-07,1.3549544643212422e-05,41563.836521453326,25,highpass
1e-07,7e-07,2.4058933293018074e-07,2.3574328284593764e-07,1.3549544643212422e-05,41563.836521453326,25,highpass
1e-07,7e-07,2.4058933293018074e-07,2.3574328284593764e-07,1.8322464525472218e-05,2615.9610010297424,25,highpass
1e-07,7e-07,2.446261438141449e-07,2.3574328284593764e-07,1.3549544643212422e-05,8201.449095715347,25,highpass
1e-07,7e-07,2.4058933293018074e-07,2.3574328284593764e-07,1.3549544643212422e-05,41563.836521453326,25,highpass
1e-07,7e-07,2.4058933293018074e-07,2.3574328284593764e-07,1.3549544643212422e-05,41563.836521453326,25,highpass
1e-07,7e-07,2.4399012786579524e-07,2.3574328284593764e-07,1.3549544643212422e-05,7002.353305510838,25,highpass
1e-07,7e-07,2.4058933293018074e-07,2.3574328284593764e-07,1.3549544643212422e-05,41563.836521453326,26,highpass
1e-07,7e-07,2.4058933293018074e-07,2.3574328284593764e-07,1.3549544643212422e-05,41563.836521453326,26,highpass
1e-07,7e-07,2.4058933293018074e-07,2.3574328284593764e-07,1.3549544643212422e-05,41563.836521453326,26,highpass
1e-07,7e-07,2.4058933293018074e-07,2.3427265974552508e-07,1.3549544643212422e-05,12104.149093470818,26,highpass
1e-07,7e-07,1.6372770279787407e-07,2.3574328284593764e-07,1.3549544643212422e-05,108.09385856162415,26,highpass
1e-07,7e-07,2.4058933293018074e-07,2.3574328284593764e-07,1.3549544643212422e-05,41563.836521453326,26,highpass
1e-07,7e-07,2.4058933293018074e-07,2.3574328284593764e-07,1.3549544643212422e-05,41563.836521453326,26,highpass
1e-07,7e-07,2.4058933293018074e-07,2.3574328284593764e-07,1.3549544643212422e-05,41563.836521453326,26,highpass
1e-07,7e-07,2.4058933293018074e-07,2.3574328284593764e-07,1.3549544643212422e-05,41563.836521453326,26,highpass
1e-07,7e-07,2.4058933293018074e-07,2.3574328284593764e-07,1.3549544643212422e-05,41563.836521453326,26,highpass
1e-07,7e-07,2.4058933293018074e-07,2.3574328284593764e-07,1.3549544643212422e-05,41563.836521453326,26,highpass
1e-07,7e-07,2.4058933293018074e-07,2.3574328284593764e-07,1.5050279511175181e-05,1910.9271005779294,26,highpass
1e-07,7e-07,2.4058933293018074e-07,2.3574328284593764e-07,1.2572533460551438e-05,1206.2205502215138,26,highpass
1e-07,7e-07,2.4058933293018074e-07,2.3574328284593764e-07,1.350067174795245e-05,41563.836521453326,26,highpass
1e-07,7e-07,2.4058933293018074e-07,2.3574328284593764e-07,1.3549544643212422e-05,41563.836521453326,26,highpass
1e-07,7e-07,2.4058933293018074e-07,2.3574328284593764e-07,1.3549544643212422e-05,41563.836521453326,26,highpass
1e-07,7e-07,2.4058933293018074e-07,2.6954593258589755e-07,1.350067174795245e-05,299.0771917557823,26,highpass
1e-07,7e-07,2.4058933293018074e-07,2.3574328284593764e-07,1.3549544643212422e-05,41563.836521453326,26,highpass
1e-07,7e-07,1.942010860103762e-07,2.3574328284593764e-07,1.3549544643212422e-05,318.84708750236933,26,highpass
1e-07,7e-07,1.473342970099291e-07,2.3574328284593764e-07,1.3549544643212422e-05,82.36865955223236,26,highpass
1e-07,7e-07,2.4058933293018074e-07,2.3574328284593764e-07,1.3549544643212422e-05,41563.836521453326,26,highpass
1e-07,7e-07,2.4058933293018074e-07,2.3574328284593764e-07,1.3549544643212422e-05,41563.836521453326,26,highpass
1e-07,7e-07,2.4058933293018074e-07,2.3574328284593764e-07,1.3549544643212422e-05,41563.836521453326,26,highpass
1e-07,7e-07,2.4058933293018074e-07,2.3574328284593764e-07,1.3549544643212422e-05,41563.836521453326,26,highpass
1e-07,7e-07,2.4058933293018074e-07,2.3574328284593764e-07,1.3549544643212422e-05,41563.836521453326,26,highpass
1e-07,7e-07,2.4058933293018074e-07,2.3574328284593764e-07,1.3549544643212422e-05,41563.836521453326,26,highpass
1e-07,7e-07,2.4058933293018074e-07,2.3574328284593764e-07,1.3549544643212422e-05,41563.836521453326,26,highpass
1e-07,7e-07,2.4058933293018074e-07,2.3574328284593764e-07,1.3549544643212422e-05,41563.836521453326,26,highpass
1e-07,7e-07,2.4058933293018074e-07,2.3574328284593764e-07,1.3549544643212422e-05,41563.836521453326,26,highpass
1e-07,7e-07,2.4058933293018074e-07,2.3574328284593764e-07,1.3549544643212422e-05,41563.836521453326,26,highpass
1e-07,7e-07,2.4058933293018074e-07,2.3574328284593764e-07,1.3549544643212422e-05,41563.836521453326,27,highpass
1e-07,5.28661744250993e-07,2.4058933293018074e-07,2.3574328284593764e-07,1.3549544643212422e-05,339.08285973843317,27,highpass
1e-07,7e-07,2.4058933293018074e-07,2.3574328284593764e-07,1.3549544643212422e-05,41563.836521453326,27,highpass
1e-07,7e-07,2.4058933293018074e-07,1.5287979101347562e-07,1.3549544643212422e-05,1466.4680692699565,27,highpass
1e-07,7e-07,2.4058933293018074e-07,2.3574328284593764e-07,1.3549544643212422e-05,41563.836521453326,27,highpass
1e-07,7e-07,2.4058933293018074e-07,2.3574328284593764e-07,1.3549544643212422e-05,41563.836521453326,27,highpass
1e-07,7e-07,2.4058933293018074e-07,2.3574328284593764e-07,1.3549544643212422e-05,41563.836521453326,27,highpass
1e-07,7e-07,2.4058933293018074e-07,1.7205677055727433e-07,1.3549544643212422e-05,2077.978554655261,27,highpass
1e-07,7e-07,2.4058933293018074e-07,2.3574328284593764e-07,1.3549544643212422e-05,41563.836521453326,27,highpass
1e-07,7e-07,2.4058933293018074e-07,2.3574328284593764e-07,1.3549544643212422e-05,41563.836521453326,27,highpass
1e-07,7e-07,2.4058933293018074e-07,2.3574328284593764e-07,1.3549544643212422e-05,41563.836521453326,27,highpass
1e-07,7e-07,2.4058933293018074e-07,2.3574328284593764e-07,1.3549544643212422e-05,41563.836521453326,27,highpass
1e-07,7e-07,2.4058933293018074e-07,2.3574328284593764e-07,1.350067174795245e-05,41563.836521453326,27,highpass
1e-07,7e-07,2.4058933293018074e-07,2.3574328284593764e-07,1.350067174795245e-05,41563.836521453326,27,highpass
1e-07,7e-07,2.4058933293018074e-07,2.3574328284593764e-07,1.3549544643212422e-05,41563.836521453326,27,highpass
1e-07,7e-07,2.4058933293018074e-07,2.3574328284593764e-07,1.3549544643212422e-05,41563.836521453326,27,highpass
1e-07,7e-07,2.4058933293018074e-07,2.3574328284593764e-07,1.3549544643212422e-05,41563.836521453326,27,highpass
1e-07,7e-07,2.4058933293018074e-07,2.3574328284593764e-07,1.3549544643212422e-05,41563.836521453326,27,highpass
1e-07,7e-07,2.4058933293018074e-07,2.3574328284593764e-07,1.3549544643212422e-05,41563.836521453326,27,highpass
1e-07,7e-07,2.4058933293018074e-07,2.3574328284593764e-07,1.3549544643212422e-05,41563.836521453326,27,highpass
1e-07,7e-07,2.4058933293018074e-07,2.3574328284593764e-07,1.3549544643212422e-05,41563.836521453326,27,highpass
1e-07,7e-07,2.4058933293018074e-07,2.3574328284593764e-07,1.3549544643212422e-05,41563.836521453326,27,highpass
1e-07,7e-07,2.4058933293018074e-07,2.3575560648206467e-07,1.3549544643212422e-05,41563.836521453326,27,highpass
1e-07,7e-07,2.4058933293018074e-07,2.658763583547628e-07,1.3549544643212422e-05,369.3268802924622,27,highpass
1e-07,7e-07,2.4058933293018074e-07,2.3574328284593764e-07,1.350067174795245e-05,41563.836521453326,27,highpass
1e-07,7e-07,2.4058933293018074e-07,2.3574328284593764e-07,1.3549544643212422e-05,41563.836521453326,27,highpass
1e-07,7e-07,2.4058933293018074e-07,2.3574328284593764e-07,1.3549544643212422e-05,41563.836521453326,27,highpass
1e-07,7e-07,2.4058933293018074e-07,2.3574328284593764e-07,1.3549544643212422e-05,41563.836521453326,27,highpass
1e-07,7e-07,2.4058933293018074e-07,2.3574328284593764e-07,1.3549544643212422e-05,41563.836521453326,27,highpass
1e-07,7e-07,2.4058933293018074e-07,2.3574328284593764e-07,1.3549544643212422e-05,41563.836521453326,27,highpass
1e-07,7e-07,2.4058933293018074e-07,2.3574328284593764e-07,1.3549544643212422e-05,41563.836521453326,28,highpass
1e-07,7e-07,2.4058933293018074e-07,2.3574328284593764e-07,1.3549544643212422e-05,41563.836521453326,28,highpass
1e-07,7e-07,2.4058933293018074e-07,2.3574328284593764e-07,1.3549544643212422e-05,41563.836521453326,28,highpass
1e-07,7e-07,2.4058933293018074e-07,2.3574328284593764e-07,1.3549544643212422e-05,41563.836521453326,28,highpass
1e-07,7e-07,2.4058933293018074e-07,2.3574328284593764e-07,1.3549544643212422e-05,41563.836521453326,28,highpass
1e-07,7e-07,2.4058933293018074e-07,2.3574328284593764e-07,1.3549544643212422e-05,41563.836521453326,28,highpass
1e-07,7e-07,2.4058933293018074e-07,2.3574328284593764e-07,1.3549544643212422e-05,41563.836521453326,28,highpass
1e-07,7e-07,2.4058933293018074e-07,2.3574328284593764e-07,1.3549544643212422e-05,41563.836521453326,28,highpass
1e-07,7e-07,2.4058933293018074e-07,2.3574328284593764e-07,1.3549544643212422e-05,41563.836521453326,28,highpass
1e-07,7e-07,2.4058933293018074e-07,2.3574328284593764e-07,1.3549544643212422e-05,41563.836521453326,28,highpass
1e-07,7e-07,2.4058933293018074e-07,2.3575560648206467e-07,1.3549544643212422e-05,41563.836521453326,28,highpass
1e-07,7e-07,2.4099516820878345e-07,2.3574328284593764e-07,1.3549544643212422e-05,41563.836521453326,28,highpass
1e-07,7e-07,2.4058933293018074e-07,2.3574328284593764e-07,1.3549544643212422e-05,41563.836521453326,28,highpass
1e-07,7e-07,2.4058933293018074e-07,2.3574328284593764e-07,1.3549544643212422e-05,41563.836521453326,28,highpass
1e-07,7e-07,2.4058933293018074e-07,2.3574328284593764e-07,1.3549544643212422e-05,41563.836521453326,28,highpass
1e-07,7e-07,2.4058933293018074e-07,2.3574328284593764e-07,1.3549544643212422e-05,41563.836521453326,28,highpass
1e-07,7e-07,2.4058933293018074e-07,2.3574328284593764e-07,1.350067174795245e-05,41563.836521453326,28,highpass
1e-07,7e-07,1.0446374011863857e-07,2.3574328284593764e-07,1.3549544643212422e-05,20.248129387931417,28,highpass
1e-07,7e-07,2.4058933293018074e-07,2.3574328284593764e-07,1.3549544643212422e-05,41563.836521453326,28,highpass
1e-07,7e-07,2.4058933293018074e-07,2.3574328284593764e-07,1.3549544643212422e-05,41563.836521453326,28,highpass
1.0617334664465894e-07,7e-07,2.4058933293018074e-07,2.3574328284593764e-07,1.3549544643212422e-05,3829.919273670481,28,highpass
1e-07,6.854582812272222e-07,2.4058933293018074e-07,2.3575560648206467e-07,1.3549544643212422e-05,4028.343802574948,28,highpass
1e-07,7e-07,2.4058933293018074e-07,2.3574328284593764e-07,1.350067174795245e-05,41563.836521453326,28,highpass
1e-07,7e-07,2.4321445575514515e-07,2.3574328284593764e-07,1.3549544643212422e-05,3713.490444917511,28,highpass
1e-07,7e-07,2.4058933293018074e-07,2.3574328284593764e-07,1.3549544643212422e-05,41563.836521453326,28,highpass
1e-07,7e-07,2.4058933293018074e-07,2.3574328284593764e-07,1.3549544643212422e-05,41563.836521453326,28,highpass
1.0060908467596776e-07,7e-07,2.4058933293018074e-07,2.3574328284593764e-07,1.3549544643212422e-05,7084.896725882118,28,highpass
1e-07,7e-07,2.4058933293018074e-07,2.3574328284593764e-07,1.3549544643212422e-05,41563.836521453326,28,highpass
1e-07,7e-07,2.4058933293018074e-07,2.3574328284593764e-07,1.3549544643212422e-05,41563.836521453326,28,highpass
1.0323232496261504e-07,7e-07,2.4058933293018074e-07,2.3574328284593764e-07,1.3549544643212422e-05,3235.5945370356385,28,highpass
1e-07,7e-07,2.4058933293018074e-07,2.3574328284593764e-07,1.3549544643212422e-05,5204.414222323181,29,highpass
1e-07,7e-07,2.4058933293018074e-07,2.4321690034384266e-07,1.3549544643212422e-05,3562.931283257052,29,highpass
1e-07,6.318751017005897e-07,2.4058933293018074e-07,2.3574328284593764e-07,1.3549544643212422e-05,2632.328711948207,29,highpass
1e-07,7e-07,2.4058933293018074e-07,2.3574328284593764e-07,1.3549544643212422e-05,5204.414222323181,29,highpass
1e-07,7e-07,2.4058933293018074e-07,2.3574328284593764e-07,1.350067174795245e-05,5204.414222323181,29,highpass
1e-07,7e-07,2.4058933293018074e-07,2.3574328284593764e-07,1.3549544643212422e-05,5204.414222323181,29,highpass
1.0680210174697663e-07,7e-07,2.4058933293018074e-07,2.3574328284593764e-07,1.350067174795245e-05,3481.1834487355145,29,highpass
1e-07,7e-07,2.4058933293018074e-07,2.3574328284593764e-07,1.3549544643212422e-05,5204.414222323181,29,highpass
1e-07,7e-07,2.4058933293018074e-07,2.3574328284593764e-07,1.350067174795245e-05,5204.414222323181,29,highpass
1e-07,7e-07,2.4058933293018074e-07,2.3574328284593764e-07,1.3549544643212422e-05,5204.414222323181,29,highpass
1e-07,7e-07,2.4058933293018074e-07,2.3574328284593764e-07,1.3549544643212422e-05,5204.414222323181,29,highpass
1e-07,7e-07,2.4058933293018074e-07,2.3574328284593764e-07,1.3549544643212422e-05,5204.414222323181,29,highpass
1e-07,7e-07,2.4058933293018074e-07,2.3574328284593764e-07,1.3549544643212422e-05,5204.414222323181,29,highpass
1e-07,7e-07,2.4058933293018074e-07,2.3575560648206467e-07,1.3549544643212422e-05,5204.414222323181,29,highpass
1e-07,7e-07,2.4058933293018074e-07,2.3574328284593764e-07,1.3549544643212422e-05,5204.414222323181,29,highpass
1e-07,7e-07,2.4058933293018074e-07,2.3574328284593764e-07,1.3549544643212422e-05,5204.414222323181,29,highpass
1e-07,7e-07,2.4058933293018074e-07,2.3574328284593764e-07,1.3549544643212422e-05,5204.414222323181,29,highpass
1e-07,6.811754762242377e-07,2.4058933293018074e-07,2.3574328284593764e-07,1.3549544643212422e-05,4848.527457406129,29,highpass
1e-07,7e-07,2.4058933293018074e-07,2.3574328284593764e-07,1.3549544643212422e-05,5204.414222323181,29,highpass
1e-07,7e-07,2.4058933293018074e-07,2.3574328284593764e-07,1.3549544643212422e-05,5204.414222323181,29,highpass
1e-07,7e-07,2.4058933293018074e-07,2.3574328284593764e-07,1.3549544643212422e-05,5204.414222323181,29,highpass
1e-07,7e-07,2.4058933293018074e-07,2.3574328284593764e-07,1.3549544643212422e-05,5204.414222323181,29,highpass
1e-07,7e-07,2.4058933293018074e-07,2.3574328284593764e-07,1.3549544643212422e-05,5204.414222323181,29,highpass
1e-07,7e-07,2.4058933293018074e-07,2.3574328284593764e-07,1.3549544643212422e-05,5204.414222323181,29,highpass
1e-07,7e-07,2.4058933293018074e-07,2.1452000656822547e-07,1.3549544643212422e-05,5582.209632785475,29,highpass
1.4257531357417824e-07,7e-07,2.4058933293018074e-07,2.3574328284593764e-07,1.3549544643212422e-05,0.9778852316737471,29,highpass
1e-07,7e-07,2.4058933293018074e-07,2.3574328284593764e-07,1.3549544643212422e-05,5204.414222323181,29,highpass
1e-07,7e-07,2.4058933293018074e-07,2.3574328284593764e-07,1.3549544643212422e-05,5204.414222323181,29,highpass
1e-07,7e-07,2.4058933293018074e-07,2.3574328284593764e-07,1.3549544643212422e-05,5204.414222323181,29,highpass
1e-07,7e-07,2.4058933293018074e-07,2.3574328284593764e-07,1.350067174795245e-05,5204.414222323181,29,highpass
1e-07,7e-07,2.4058933293018074e-07,2.3574328284593764e-07,1.3549544643212422e-05,41563.836521453326,30,highpass
1e-07,7e-07,2.4058933293018074e-07,2.3574328284593764e-07,1.3549544643212422e-05,41563.836521453326,30,highpass
1e-07,7e-07,2.4058933293018074e-07,2.3574328284593764e-07,1.350067174795245e-05,41563.836521453326,30,highpass
1e-07,7e-07,2.4058933293018074e-07,2.3574328284593764e-07,1.3549544643212422e-05,41563.836521453326,30,highpass
1e-07,7e-07,2.4058933293018074e-07,2.1452000656822547e-07,1.3549544643212422e-05,5582.209632785475,30,highpass
1e-07,7e-07,1.5534601919831475e-07,2.3574328284593764e-07,1.350067174795245e-05,92.60647453542782,30,highpass
1e-07,7e-07,2.4058933293018074e-07,2.397493580990563e-07,1.3549544643212422e-05,7512.415736526666,30,highpass
1e-07,7e-07,2.4058933293018074e-07,2.3574328284593764e-07,1.3549544643212422e-05,41563.836521453326,30,highpass
1e-07,7e-07,2.4058933293018074e-07,2.3574328284593764e-07,1.3549544643212422e-05,41563.836521453326,30,highpass
1e-07,7e-07,2.4058933293018074e-07,2.1452000656822547e-07,1.3549544643212422e-05,5582.209632785475,30,highpass
1e-07,7e-07,2.4058933293018074e-07,2.3574328284593764e-07,1.350067174795245e-05,41563.836521453326,30,highpass
1e-07,7e-07,2.4058933293018074e-07,2.3574328284593764e-07,1.3549544643212422e-05,41563.836521453326,30,highpass
1e-07,7e-07,2.4058933293018074e-07,2.3574328284593764e-07,1.3549544643212422e-05,41563.836521453326,30,highpass
1e-07,7e-07,2.4058933293018074e-07,2.3574328284593764e-07,1.3549544643212422e-05,41563.836521453326,30,highpass
1e-07,7e-07,2.4058933293018074e-07,2.3574328284593764e-07,1.3549544643212422e-05,41563.836521453326,30,highpass
1e-07,7e-07,2.4058933293018074e-07,2.3574328284593764e-07,1.3549544643212422e-05,41563.836521453326,30,highpass
1e-07,7e-07,2.4058933293018074e-07,2.3574328284593764e-07,1.3549544643212422e-05,41563.836521453326,30,highpass
1e-07,7e-07,2.4058933293018074e-07,2.1452000656822547e-07,3.641543465091824e-05,33.2608997694034,30,highpass
1e-07,7e-07,2.4058933293018074e-07,2.1452000656822547e-07,1.3549544643212422e-05,5582.209632785475,30,highpass
1e-07,7e-07,2.4058933293018074e-07,2.3574328284593764e-07,1.3549544643212422e-05,41563.836521453326,30,highpass
1e-07,7e-07,2.4058933293018074e-07,2.3574328284593764e-07,1.3549544643212422e-05,41563.836521453326,30,highpass
1e-07,7e-07,2.4058933293018074e-07,2.3574328284593764e-07,1.3549544643212422e-05,41563.836521453326,30,highpass
1e-07,7e-07,2.4058933293018074e-07,2.3574328284593764e-07,1.3549544643212422e-05,41563.836521453326,30,highpass
1e-07,7e-07,2.4058933293018074e-07,2.3574328284593764e-07,1.3549544643212422e-05,41563.836521453326,30,highpass
1e-07,7e-07,2.4058933293018074e-07,2.3574328284593764e-07,1.3549544643212422e-05,41563.836521453326,30,highpass
1e-07,7e-07,2.4058933293018074e-07,2.3574328284593764e-07,1.3549544643212422e-05,41563.836521453326,30,highpass
1e-07,3.2035793742187897e-07,2.4058933293018074e-07,2.3574328284593764e-07,1.3549544643212422e-05,7.483501361340672,30,highpass
1e-07,7e-07,2.2499607146388043e-07,2.3574328284593764e-07,1.3549544643212422e-05,6229.767217655248,30,highpass
1e-07,7e-07,2.4058933293018074e-07,2.1452000656822547e-07,1.3549544643212422e-05,5582.209632785475,30,highpass
1e-07,7e-07,2.430429897477554e-07,2.3574328284593764e-07,1.350067174795245e-05,9929.575216978466,30,highpass
1e-07,7e-07,2.4058933293018074e-07,2.3574328284593764e-07,1.3549544643212422e-05,41563.836521453326,31,highpass
1e-07,7e-07,2.4058933293018074e-07,2.3574328284593764e-07,4.368407490848631e-05,32.6980278154891,31,highpass
1e-07,7e-07,2.4058933293018074e-07,2.3574328284593764e-07,1.3549544643212422e-05,41563.836521453326,31,highpass
1e-07,7e-07,2.3706357475214742e-07,2.3574328284593764e-07,1.3549544643212422e-05,3646.7510113724475,31,highpass
1e-07,7e-07,2.4058933293018074e-07,2.3574328284593764e-07,1.350067174795245e-05,41563.836521453326,31,highpass
1e-07,7e-07,2.4058933293018074e-07,2.3113698566940562e-07,1.3549544643212422e-05,17661.276470856956,31,highpass
1e-07,7e-07,2.4058933293018074e-07,2.3574328284593764e-07,1.3549544643212422e-05,41563.836521453326,31,highpass
1e-07,7e-07,2.4058933293018074e-07,2.3574328284593764e-07,1.3549544643212422e-05,41563.836521453326,31,highpass
1e-07,7e-07,2.4058933293018074e-07,2.3574328284593764e-07,1.3549544643212422e-05,41563.836521453326,31,highpass
1e-07,7e-07,2.4058933293018074e-07,2.3574328284593764e-07,1.3549544643212422e-05,41563.836521453326,31,highpass
1e-07,7e-07,2.4058933293018074e-07,2.3574328284593764e-07,9.913144466330296e-06,973.0736721259689,31,highpass
1e-07,7e-07,2.429338507756951e-07,2.3574328284593764e-07,1.350067174795245e-05,8611.047542436374,31,highpass
1e-07,7e-07,2.4058933293018074e-07,2.3574328284593764e-07,1.3549544643212422e-05,41563.836521453326,31,highpass
1e-07,7e-07,2.4058933293018074e-07,2.3574328284593764e-07,1.3549544643212422e-05,41563.836521453326,31,highpass
1e-07,7e-07,2.4058933293018074e-07,2.3574328284593764e-07,1.3549544643212422e-05,41563.836521453326,31,highpass
1e-07,7e-07,2.4058933293018074e-07,2.3574328284593764e-07,1.3549544643212422e-05,41563.836521453326,31,highpass
1e-07,7e-07,2.4058933293018074e-07,2.3574328284593764e-07,3.094168852911469e-05,50.82594246161928,31,highpass
1e-07,7e-07,2.4058933293018074e-07,2.3574328284593764e-07,1.3549544643212422e-05,41563.836521453326,31,highpass
1e-07,7e-07,2.4058933293018074e-07,2.3574328284593764e-07,1.350067174795245e-05,41563.836521453326,31,highpass
1e-07,7e-07,2.4058933293018074e-07,2.3574328284593764e-07,1.350067174795245e-05,41563.836521453326,31,highpass
1e-07,7e-07,2.4058933293018074e-07,2.3574328284593764e-07,1.3549544643212422e-05,41563.836521453326,31,highpass
1e-07,7e-07,2.4058933293018074e-07,2.3574328284593764e-07,1.3549544643212422e-05,41563.836521453326,31,highpass
1e-07,7e-07,1.731298868872209e-07,2.3574328284593764e-07,1.3549544643212422e-05,124.81940763369376,31,highpass
1e-07,7e-07,2.4058933293018074e-07,2.3574328284593764e-07,1.1942603959767555e-05,1380.9803914745466,31,highpass
1e-07,7e-07,2.4058933293018074e-07,2.3574328284593764e-07,1.3549544643212422e-05,41563.836521453326,31,highpass
1e-07,7e-07,2.4058933293018074e-07,2.3574328284593764e-07,1.3549544643212422e-05,41563.836521453326,31,highpass
1e-07,7e-07,2.4058933293018074e-07,2.3574328284593764e-07,1.3549544643212422e-05,41563.836521453326,31,highpass
1e-07,7e-07,2.4058933293018074e-07,2.3574328284593764e-07,1.3549544643212422e-05,41563.836521453326,31,highpass
1e-07,7e-07,2.4058933293018074e-07,2.3574328284593764e-07,1.3549544643212422e-05,41563.836521453326,31,highpass
1e-07,7e-07,2.4058933293018074e-07,2.3574328284593764e-07,1.3549544643212422e-05,41563.836521453326,31,highpass
1e-07,7e-07,2.4058933293018074e-07,2.3574328284593764e-07,1.3549544643212422e-05,41563.836521453326,32,highpass
1e-07,7e-07,2.4058933293018074e-07,2.3574328284593764e-07,1.3549544643212422e-05,41563.836521453326,32,highpass
1e-07,7e-07,2.4058933293018074e-07,2.3574328284593764e-07,1.3549544643212422e-05,41563.836521453326,32,highpass
1e-07,7e-07,2.4058933293018074e-07,2.3574328284593764e-07,1.3549544643212422e-05,41563.836521453326,32,highpass
1e-07,7e-07,1.7198364203296934e-07,2.3574328284593764e-07,1.3549544643212422e-05,161.57219812988816,32,highpass
1e-07,7e-07,2.4058933293018074e-07,2.3574328284593764e-07,1.3549544643212422e-05,41563.836521453326,32,highpass
1e-07,7e-07,2.4058933293018074e-07,2.3574328284593764e-07,1.3549544643212422e-05,41563.836521453326,32,highpass
1e-07,7e-07,2.4058933293018074e-07,2.6912296484976036e-07,1.3549544643212422e-05,254.97783723267682,32,highpass
1e-07,7e-07,2.4058933293018074e-07,2.3574328284593764e-07,1.3549544643212422e-05,41563.836521453326,32,highpass
1e-07,7e-07,2.4058933293018074e-07,2.3574328284593764e-07,1.3549544643212422e-05,41563.836521453326,32,highpass
1e-07,7e-07,2.4058933293018074e-07,2.3574328284593764e-07,1.350067174795245e-05,41563.836521453326,32,highpass
1e-07,7e-07,2.4058933293018074e-07,2.3574328284593764e-07,1.3549544643212422e-05,41563.836521453326,32,highpass
1e-07,7e-07,2.4058933293018074e-07,2.3574328284593764e-07,1.3549544643212422e-05,41563.836521453326,32,highpass
1e-07,7e-07,2.4058933293018074e-07,2.3574328284593764e-07,1.3549544643212422e-05,41563.836521453326,32,highpass
1e-07,7e-07,2.4058933293018074e-07,2.3574328284593764e-07,1.3549544643212422e-05,41563.836521453326,32,highpass
1e-07,7e-07,2.4058933293018074e-07,2.3574328284593764e-07,1.3549544643212422e-05,41563.836521453326,32,highpass
1e-07,7e-07,2.4058933293018074e-07,2.3574328284593764e-07,1.3549544643212422e-05,41563.836521453326,32,highpass
1e-07,7e-07,2.4058933293018074e-07,2.3574328284593764e-07,1.3549544643212422e-05,41563.836521453326,32,highpass
1e-07,7e-07,2.4058933293018074e-07,2.3574328284593764e-07,1.3549544643212422e-05,41563.836521453326,32,highpass
1e-07,7e-07,2.4058933293018074e-07,2.3574328284593764e-07,1.3549544643212422e-05,41563.836521453326,32,highpass
1e-07,7e-07,2.4058933293018074e-07,2.3574328284593764e-07,1.3549544643212422e-05,41563.836521453326,32,highpass
1e-07,7e-07,2.4058933293018074e-07,2.3574328284593764e-07,1.350067174795245e-05,41563.836521453326,32,highpass
1e-07,7e-07,2.4058933293018074e-07,2.3574328284593764e-07,1.3549544643212422e-05,41563.836521453326,32,highpass
1e-07,7e-07,2.4058933293018074e-07,2.3574328284593764e-07,1.3549544643212422e-05,41563.836521453326,32,highpass
1e-07,7e-07,2.4058933293018074e-07,2.3574328284593764e-07,1.350067174795245e-05,41563.836521453326,32,highpass
1e-07,7e-07,2.4058933293018074e-07,2.3574328284593764e-07,1.3549544643212422e-05,41563.836521453326,32,highpass
1e-07,7e-07,2.4058933293018074e-07,2.3574328284593764e-07,1.3549544643212422e-05,41563.836521453326,32,highpass
1e-07,7e-07,2.4058933293018074e-07,2.3574328284593764e-07,1.3549544643212422e-05,41563.836521453326,32,highpass
1e-07,7e-07,2.4058933293018074e-07,2.3574328284593764e-07,1.3549544643212422e-05,41563.836521453326,32,highpass
1e-07,7e-07,2.4058933293018074e-07,2.3574328284593764e-07,1.3549544643212422e-05,41563.836521453326,32,highpass
