s,w,l,height,total_length,fitness_score,generation,fitness_strategy
1.6886143181452593e-07,4.835055606120216e-07,1.6430273606949594e-07,1.8779164419920854e-07,1.226415852062918e-05,0.08607079538230869,1,highpass
1.343914518240325e-07,4.367258188097426e-07,1.7504660978248324e-07,1.5e-07,3.607888339813313e-05,0.07023482718139651,1,highpass
1.3115645015460062e-07,4.1353446383350855e-07,1.745238326816913e-07,1.5185326833147766e-07,3.0296952513206997e-05,0.06022972235750905,1,highpass
1.9349949259178128e-07,6.539712640434788e-07,2.0484193711153252e-07,2.2358076953616617e-07,4.528150805047136e-05,-0.01905293684547579,1,highpass
1.0339203530933304e-07,5.871071004390121e-07,1.21326333507437e-07,2.2801303562218703e-07,3.8247955275382304e-05,0.10417048806309243,1,highpass
1.3425068772035465e-07,4.3477084234533926e-07,1.0729387637579671e-07,1.7208119401676964e-07,2.887688770584665e-05,0.03693432590789446,1,highpass
1.490810628152224e-07,6.1309034848288e-07,1.39906368559323e-07,1.7161253420203318e-07,3.539447041242567e-05,0.08653886683023199,1,highpass
1e-07,4.276078060900652e-07,1.3767057299666063e-07,1.5e-07,3.7075892242649705e-05,0.04589100647253175,1,highpass
2.013865699907981e-07,3.89975037467768e-07,2.1161207555708694e-07,2.3778914459791998e-07,3.571294102584324e-05,0.07076527204688657,1,highpass
2.1352891100198807e-07,6.028802853216596e-07,1.6782714241941805e-07,2.9627313056339154e-07,1.515585214160227e-05,-0.31854846398191966,1,highpass
1e-07,3.5793112139323623e-07,1e-07,1.5e-07,3.95791662026994e-05,0.025978910249791622,1,highpass
1.7200610821394144e-07,3.514025014984217e-07,1.8567906672738987e-07,2.8206505104555156e-07,4.694290864210311e-05,0.0722591202509526,1,highpass
2.0243393014042566e-07,3.955600176370219e-07,2.1505131578835963e-07,2.3397005687729141e-07,4.3970040664057354e-05,0.05041940706219078,1,highpass
1.3220541472211963e-07,3.6502325826118116e-07,1e-07,2.2382612659603124e-07,4.275158049619721e-05,0.03345292667822462,1,highpass
1.831901094601602e-07,4.7619510009639595e-07,1.8269064092393348e-07,1.5773263600489877e-07,4.2002224934071764e-05,0.07290188111049759,1,highpass
1.060286386532557e-07,5.607264720047769e-07,2.3581067214848844e-07,2.4061782932780244e-07,1.829312384130583e-05,-0.30159692861069715,1,highpass
1.083774261571133e-07,3.1503005170533197e-07,1.2156683300904792e-07,2.2805743903357098e-07,8.52781722243412e-06,0.03316158165115546,1,highpass
1.14459374169665e-07,3.0946499317581686e-07,1.7105132322562943e-07,2.7774220679021885e-07,4.610889584529607e-05,0.061822011606821645,1,highpass
1.8695204103549064e-07,4.7611276991896905e-07,1.6646123345513954e-07,1.8727023936484788e-07,4.4203346753569655e-05,0.07741340454540813,1,highpass
2.127571640747153e-07,3.070510974457381e-07,1.133228017681738e-07,2.6638463730141987e-07,4.172265139725199e-05,0.012792078824301424,1,highpass
2.323643308227766e-07,6.351786018138339e-07,1.4721732395270157e-07,1.6128086364946027e-07,1.0502349298394352e-05,0.05622532679054265,1,highpass
1.850257160973753e-07,5.074564419369067e-07,1.37722942033565e-07,1.6491511140357597e-07,8.1686281081101e-06,0.06073087917743153,1,highpass
2.205174828277936e-07,3e-07,1e-07,2.378396251878181e-07,3.924712075493712e-05,0.00632516157659055,1,highpass
1.6143389955783233e-07,3e-07,2.2241285339274598e-07,2.0999826178494426e-07,3.3033055397533546e-05,0.05695632989599367,1,highpass
1.6219116990682765e-07,7e-07,1e-07,1.8247733678711418e-07,4.4737691645645815e-05,0.06557944075145028,1,highpass
1.3276795278055807e-07,5.534863021973406e-07,1.1716343040756758e-07,2.7085076688209465e-07,4.7946722947052495e-05,0.09777088562220765,1,highpass
1.624307576110171e-07,3.4361038379186167e-07,2.274439765075951e-07,1.5729962580129441e-07,4.3087412785723154e-05,0.05470772600365393,1,highpass
1.647307553798747e-07,4.2269913494897265e-07,2.259108282946624e-07,2.818870778971787e-07,3.03414180534274e-05,0.02316249448718377,1,highpass
1.5018524265747713e-07,3.473025818715554e-07,2.444388952833895e-07,2.4370528855411435e-07,1.963357010020444e-05,0.10255209887681238,1,highpass
1.628785476923473e-07,4.2396269653341146e-07,1.4431630142237302e-07,1.6796601864327922e-07,4.2470700639414506e-05,0.03915473348871858,1,highpass
1.0339203530933304e-07,5.871071004390121e-07,1.21326333507437e-07,2.2801303562218703e-07,3.8247955275382304e-05,0.10417048806309243,2,highpass
1.6886143181452593e-07,4.835055606120216e-07,1.6430273606949594e-07,2.7085076688209465e-07,4.7946722947052495e-05,0.0868483014241131,2,highpass
1.0339203530933304e-07,5.871071004390121e-07,1.21326333507437e-07,2.2801303562218703e-07,4.7946722947052495e-05,0.1026529847116957,2,highpass
1.6886143181452593e-07,4.835055606120216e-07,1.714407399234653e-07,2.4370528855411435e-07,1.963357010020444e-05,0.08950409671565801,2,highpass
1.5018524265747713e-07,3.473025818715554e-07,2.444388952833895e-07,2.4370528855411435e-07,1.963357010020444e-05,0.10255209887681238,2,highpass
1.0339203530933304e-07,5.871071004390121e-07,1.21326333507437e-07,2.2801303562218703e-07,3.8247955275382304e-05,0.10417048806309243,2,highpass
1.0339203530933304e-07,6.1309034848288e-07,1.39906368559323e-07,1.7161253420203318e-07,3.539447041242567e-05,0.10128340006501174,2,highpass
1.490810628152224e-07,6.1309034848288e-07,1.8269064092393348e-07,1.5773263600489877e-07,4.2002224934071764e-05,0.08658430779778281,2,highpass
1.831901094601602e-07,3.89975037467768e-07,2.1161207555708694e-07,2.3778914459791998e-07,3.571294102584324e-05,0.08465439995087115,2,highpass
1.343914518240325e-07,4.367258188097426e-07,1.8269064092393348e-07,1.5773263600489877e-07,4.2002224934071764e-05,0.07747272007281333,2,highpass
1.8695204103549064e-07,4.7611276991896905e-07,1.6646123345513954e-07,1.8727023936484788e-07,1.963357010020444e-05,0.07898918690917917,2,highpass
1.6886143181452593e-07,4.835055606120216e-07,1.6430273606949594e-07,1.8779164419920854e-07,3.8247955275382304e-05,0.08316242852652475,2,highpass
1.3276795278055807e-07,5.534863021973406e-07,2.1161207555708694e-07,2.3778914459791998e-07,3.571294102584324e-05,-0.06883793281321104,2,highpass
1.6219116990682765e-07,7e-07,1e-07,2.7085076688209465e-07,4.7946722947052495e-05,0.09760788474045717,2,highpass
1.8695204103549064e-07,4.835055606120216e-07,1.6430273606949594e-07,1.8779164419920854e-07,1.226415852062918e-05,0.08003336551564966,2,highpass
2.013865699907981e-07,3.89975037467768e-07,2.1161207555708694e-07,2.7774220679021885e-07,4.610889584529607e-05,0.0600519538330469,2,highpass
1.3276795278055807e-07,4.7611276991896905e-07,1.6646123345513954e-07,1.8727023936484788e-07,4.4203346753569655e-05,0.09387071733545715,2,highpass
1.6886143181452593e-07,4.835055606120216e-07,2.1161207555708694e-07,2.3778914459791998e-07,3.571294102584324e-05,-0.06560353998327673,2,highpass
1.0339203530933304e-07,4.367258188097426e-07,1.7504660978248324e-07,1.5e-07,3.607888339813313e-05,0.08280512550086536,2,highpass
1.0339203530933304e-07,5.871071004390121e-07,1.21326333507437e-07,2.2801303562218703e-07,1.226415852062918e-05,0.10874918048745152,2,highpass
1.6886143181452593e-07,4.835055606120216e-07,1.6430273606949594e-07,1.8779164419920854e-07,4.7946722947052495e-05,0.08087281344129507,2,highpass
1.0339203530933304e-07,5.871071004390121e-07,1.21326333507437e-07,1.8779164419920854e-07,1.226415852062918e-05,0.0880402608190296,2,highpass
2.013865699907981e-07,3.89975037467768e-07,2.1161207555708694e-07,2.714871676729361e-07,4.7946722947052495e-05,0.06037734749325249,2,highpass
1.5018524265747713e-07,3.473025818715554e-07,2.444388952833895e-07,2.4370528855411435e-07,3.539447041242567e-05,0.1053952147118992,2,highpass
1.3276795278055807e-07,5.534863021973406e-07,1.1716343040756758e-07,2.3778914459791998e-07,3.571294102584324e-05,0.08809801196968237,2,highpass
1.3276795278055807e-07,3.514025014984217e-07,1.8567906672738987e-07,2.8206505104555156e-07,4.694290864210311e-05,0.083860524861892,2,highpass
1.5018524265747713e-07,3.473025818715554e-07,2.444388952833895e-07,2.4370528855411435e-07,1.963357010020444e-05,0.10255209887681238,2,highpass
2.013865699907981e-07,5.534863021973406e-07,1.1716343040756758e-07,2.7085076688209465e-07,4.7946722947052495e-05,0.06851810737292108,2,highpass
1.0339203530933304e-07,5.871071004390121e-07,1.39906368559323e-07,2.3352646194136155e-07,3.539447041242567e-05,0.1174125353204794,2,highpass
1.6886143181452593e-07,4.835055606120216e-07,1.6430273606949594e-07,2.7085076688209465e-07,4.7946722947052495e-05,0.0868483014241131,2,highpass
1.0339203530933304e-07,5.871071004390121e-07,1.39906368559323e-07,2.3352646194136155e-07,3.539447041242567e-05,0.1174125353204794,3,highpass
1.3276795278055807e-07,4.7611276991896905e-07,1.6646123345513954e-07,2.4370528855411435e-07,1.963357010020444e-05,0.1181415778874359,3,highpass
1.0339203530933304e-07,5.871071004390121e-07,1.7901845535952346e-07,2.7085076688209465e-07,4.7946722947052495e-05,0.00882032192309612,3,highpass
1.0339203530933304e-07,5.871071004390121e-07,1.21326333507437e-07,2.2801303562218703e-07,3.8247955275382304e-05,0.10417048806309243,3,highpass
1.0339203530933304e-07,5.871071004390121e-07,1.39906368559323e-07,2.3352646194136155e-07,1.963357010020444e-05,0.114477469471984,3,highpass
1.0339203530933304e-07,5.871071004390121e-07,1.39906368559323e-07,2.3352646194136155e-07,3.539447041242567e-05,0.1174125353204794,3,highpass
1.0339203530933304e-07,5.871071004390121e-07,1.21326333507437e-07,2.8206505104555156e-07,4.694290864210311e-05,0.10738737733199288,3,highpass
1.0339203530933304e-07,5.871071004390121e-07,1.21326333507437e-07,2.4370528855411435e-07,3.539447041242567e-05,0.10720675036950567,3,highpass
1.5018524265747713e-07,5.871071004390121e-07,1.21326333507437e-07,2.2801303562218703e-07,4.7946722947052495e-05,0.09064528285051587,3,highpass
1.0339203530933304e-07,5.871071004390121e-07,1.21326333507437e-07,2.2801303562218703e-07,3.8247955275382304e-05,0.10417048806309243,3,highpass
1.0339203530933304e-07,4.549309628806082e-07,1.39906368559323e-07,2.3352646194136155e-07,3.539447041242567e-05,0.08889192269697949,3,highpass
1.6886143181452593e-07,4.835055606120216e-07,1.6430273606949594e-07,2.7085076688209465e-07,3.539447041242567e-05,0.08290357301093887,3,highpass
1.3423842067941288e-07,5.871071004390121e-07,1.21326333507437e-07,2.2801303562218703e-07,3.8247955275382304e-05,0.09062995007829427,3,highpass
1.0339203530933304e-07,5.871071004390121e-07,2.444388952833895e-07,2.4370528855411435e-07,1.963357010020444e-05,-0.5079437195461493,3,highpass
1.3861290031110533e-07,5.534863021973406e-07,1.1716343040756758e-07,2.3778914459791998e-07,1.963357010020444e-05,0.08601214211593328,3,highpass
1.0339203530933304e-07,5.871071004390121e-07,1.21326333507437e-07,2.2801303562218703e-07,3.8247955275382304e-05,0.10417048806309243,3,highpass
1.0339203530933304e-07,5.871071004390121e-07,1.21326333507437e-07,2.2801303562218703e-07,3.539447041242567e-05,0.10590311302109995,3,highpass
1.5018524265747713e-07,3.473025818715554e-07,2.444388952833895e-07,2.4370528855411435e-07,3.8247955275382304e-05,0.10525246214495615,3,highpass
1.0339203530933304e-07,5.871071004390121e-07,1.39906368559323e-07,2.3352646194136155e-07,3.539447041242567e-05,0.1174125353204794,3,highpass
1.0339203530933304e-07,5.871071004390121e-07,1.39906368559323e-07,2.3352646194136155e-07,3.539447041242567e-05,0.1174125353204794,3,highpass
1.0339203530933304e-07,5.871071004390121e-07,1.21326333507437e-07,2.2801303562218703e-07,1.963357010020444e-05,0.10392390737202006,3,highpass
1.0339030818714679e-07,5.871071004390121e-07,1.21326333507437e-07,2.2801303562218703e-07,3.8247955275382304e-05,0.10417048806309243,3,highpass
1.0339203530933304e-07,6.1309034848288e-07,1.39906368559323e-07,2.4370528855411435e-07,3.539447041242567e-05,0.11511715493853603,3,highpass
1.0339203530933304e-07,5.871071004390121e-07,1.21326333507437e-07,2.2801303562218703e-07,3.8247955275382304e-05,0.10417048806309243,3,highpass
1.5018524265747713e-07,3.473025818715554e-07,2.444388952833895e-07,2.7085076688209465e-07,4.7946722947052495e-05,0.10463041314513308,3,highpass
1.5018524265747713e-07,5.871071004390121e-07,1.39906368559323e-07,2.3352646194136155e-07,3.539447041242567e-05,0.09517025617541547,3,highpass
1.5018524265747713e-07,5.871071004390121e-07,1.39906368559323e-07,2.3352646194136155e-07,3.539447041242567e-05,0.09517025617541547,3,highpass
1.0339203530933304e-07,5.871071004390121e-07,1.21326333507437e-07,2.4370528855411435e-07,1.963357010020444e-05,0.1092932082172709,3,highpass
1.5018524265747713e-07,3.473025818715554e-07,1.21326333507437e-07,2.2801303562218703e-07,3.8247955275382304e-05,0.035323138991454575,3,highpass
1.5018524265747713e-07,5.871071004390121e-07,1.21326333507437e-07,2.2801303562218703e-07,4.68673646019733e-05,0.08879052254816128,3,highpass
1.3276795278055807e-07,4.7611276991896905e-07,1.6646123345513954e-07,2.4370528855411435e-07,1.963357010020444e-05,0.1181415778874359,4,highpass
1.0339203530933304e-07,5.871071004390121e-07,1.21326333507437e-07,2.2801303562218703e-07,3.8247955275382304e-05,0.10417048806309243,4,highpass
1.3276795278055807e-07,4.7611276991896905e-07,1.39906368559323e-07,2.3352646194136155e-07,3.539447041242567e-05,0.07884977993796627,4,highpass
1.0339203530933304e-07,5.732452787049957e-07,1.39906368559323e-07,2.3352646194136155e-07,3.539447041242567e-05,0.11887240798827009,4,highpass
1.0339203530933304e-07,5.871071004390121e-07,1.39906368559323e-07,2.3352646194136155e-07,1.963357010020444e-05,0.114477469471984,4,highpass
1.3276795278055807e-07,4.7611276991896905e-07,1.6646123345513954e-07,2.3352646194136155e-07,3.539447041242567e-05,0.11259539313777683,4,highpass
2.0385259199873392e-07,5.871071004390121e-07,1.21326333507437e-07,2.4370528855411435e-07,1.963357010020444e-05,0.07529577417123007,4,highpass
1.0339203530933304e-07,5.871071004390121e-07,1.39906368559323e-07,2.3352646194136155e-07,3.539447041242567e-05,0.1174125353204794,4,highpass
1.0339203530933304e-07,5.871071004390121e-07,1.39906368559323e-07,2.3352646194136155e-07,3.539447041242567e-05,0.1174125353204794,4,highpass
1.0339203530933304e-07,5.871071004390121e-07,1.21326333507437e-07,2.4370528855411435e-07,3.539447041242567e-05,0.10720675036950567,4,highpass
1.0339203530933304e-07,5.871071004390121e-07,1.39906368559323e-07,2.3352646194136155e-07,1.963357010020444e-05,0.114477469471984,4,highpass
1.3276795278055807e-07,4.7611276991896905e-07,1.39906368559323e-07,2.3352646194136155e-07,3.539447041242567e-05,0.07884977993796627,4,highpass
1.0339203530933304e-07,5.871071004390121e-07,1.21326333507437e-07,2.8206505104555156e-07,3.539447041242567e-05,0.1082982608716812,4,highpass
1.0339203530933304e-07,5.871071004390121e-07,1.21326333507437e-07,2.3352646194136155e-07,3.539447041242567e-05,0.10004806015835016,4,highpass
2.132172553025508e-07,4.7611276991896905e-07,1.6646123345513954e-07,2.4370528855411435e-07,1.963357010020444e-05,0.07355242996689706,4,highpass
1.0339203530933304e-07,5.871071004390121e-07,1.21326333507437e-07,2.3352646194136155e-07,3.539447041242567e-05,0.10004806015835016,4,highpass
1.0339203530933304e-07,5.871071004390121e-07,1.21326333507437e-07,2.8206505104555156e-07,4.694290864210311e-05,0.10738737733199288,4,highpass
1.0339203530933304e-07,5.871071004390121e-07,1.39906368559323e-07,2.3352646194136155e-07,3.539447041242567e-05,0.1174125353204794,4,highpass
1.5018524265747713e-07,3.473025818715554e-07,2.444388952833895e-07,2.3352646194136155e-07,3.539447041242567e-05,0.10401880186966944,4,highpass
1.3276795278055807e-07,4.7611276991896905e-07,1.6646123345513954e-07,2.3352646194136155e-07,2.782057363808165e-05,0.1130727486395357,4,highpass
1.0339203530933304e-07,6.1309034848288e-07,1.39906368559323e-07,2.4370528855411435e-07,1.963357010020444e-05,0.12447320208769752,4,highpass
1.0339203530933304e-07,5.871071004390121e-07,1.39906368559323e-07,2.3352646194136155e-07,3.539447041242567e-05,0.1174125353204794,4,highpass
1.0339203530933304e-07,4.7611276991896905e-07,1.6646123345513954e-07,2.4370528855411435e-07,1.963357010020444e-05,0.1280442095573997,4,highpass
1.0339203530933304e-07,5.871071004390121e-07,1.21326333507437e-07,2.4370528855411435e-07,1.963357010020444e-05,0.1092932082172709,4,highpass
1.5018524265747713e-07,5.985762164313511e-07,2.444388952833895e-07,2.7085076688209465e-07,3.539447041242567e-05,0.000503762495259305,4,highpass
1.0339203530933304e-07,5.871071004390121e-07,1.39906368559323e-07,2.3352646194136155e-07,3.539447041242567e-05,0.1174125353204794,4,highpass
1.0339203530933304e-07,5.871071004390121e-07,1.8356007301480755e-07,2.3352646194136155e-07,3.539447041242567e-05,0.10564359305705417,4,highpass
1.3276795278055807e-07,5.871071004390121e-07,1.39906368559323e-07,2.3352646194136155e-07,3.539447041242567e-05,0.1282565963485806,4,highpass
1.0339203530933304e-07,5.871071004390121e-07,1.39906368559323e-07,2.4370528855411435e-07,1.8504745328441632e-05,0.11127361450495815,4,highpass
1.0339203530933304e-07,5.871071004390121e-07,1.39906368559323e-07,2.3352646194136155e-07,3.539447041242567e-05,0.1174125353204794,4,highpass
1.3276795278055807e-07,5.871071004390121e-07,1.39906368559323e-07,2.3352646194136155e-07,3.539447041242567e-05,0.1282565963485806,5,highpass
1.0339203530933304e-07,5.871071004390121e-07,1.39906368559323e-07,2.311323879160277e-07,1.963357010020444e-05,0.11212547569354059,5,highpass
1.0339203530933304e-07,6.1309034848288e-07,1.6646123345513954e-07,2.4370528855411435e-07,1.963357010020444e-05,0.09375765873143549,5,highpass
1.0339203530933304e-07,5.871071004390121e-07,1.39906368559323e-07,2.3352646194136155e-07,3.539447041242567e-05,0.1174125353204794,5,highpass
1.0339203530933304e-07,5.871071004390121e-07,1.39906368559323e-07,2.4370528855411435e-07,1.963357010020444e-05,0.12818517202349183,5,highpass
1.3276795278055807e-07,5.871071004390121e-07,1.39906368559323e-07,2.3352646194136155e-07,1.963357010020444e-05,0.12801039271873105,5,highpass
1.0339203530933304e-07,4.7611276991896905e-07,1.6646123345513954e-07,2.4370528855411435e-07,1.963357010020444e-05,0.1280442095573997,5,highpass
1e-07,5.871071004390121e-07,1.39906368559323e-07,2.3352646194136155e-07,3.539447041242567e-05,0.11649027583711297,5,highpass
1.3276795278055807e-07,5.871071004390121e-07,1.39906368559323e-07,2.3352646194136155e-07,3.539447041242567e-05,0.1282565963485806,5,highpass
1.3276795278055807e-07,4.7611276991896905e-07,1.6646123345513954e-07,2.4370528855411435e-07,1.963357010020444e-05,0.1181415778874359,5,highpass
1.3276795278055807e-07,4.7611276991896905e-07,1.6646123345513954e-07,2.4370528855411435e-07,1.963357010020444e-05,0.1181415778874359,5,highpass
1.0339203530933304e-07,5.871071004390121e-07,1.39906368559323e-07,2.3352646194136155e-07,3.539447041242567e-05,0.1174125353204794,5,highpass
1.0339203530933304e-07,4.7611276991896905e-07,1.39906368559323e-07,2.4370528855411435e-07,1.963357010020444e-05,0.09751632248998254,5,highpass
1.0339203530933304e-07,5.871071004390121e-07,1.39906368559323e-07,2.4370528855411435e-07,1.963357010020444e-05,0.12818517202349183,5,highpass
1.0339203530933304e-07,5.871071004390121e-07,1.39906368559323e-07,2.3352646194136155e-07,3.539447041242567e-05,0.1174125353204794,5,highpass
1.0339203530933304e-07,5.871071004390121e-07,1.39906368559323e-07,2.3352646194136155e-07,1.963357010020444e-05,0.114477469471984,5,highpass
1.3276795278055807e-07,4.7611276991896905e-07,1.6646123345513954e-07,2.4370528855411435e-07,1.963357010020444e-05,0.1181415778874359,5,highpass
1.0339203530933304e-07,6.1309034848288e-07,1.39906368559323e-07,2.3352646194136155e-07,3.539447041242567e-05,0.11616510739113606,5,highpass
1.0339203530933304e-07,5.871071004390121e-07,1.39906368559323e-07,2.3352646194136155e-07,3.539447041242567e-05,0.1174125353204794,5,highpass
1.0339203530933304e-07,5.871071004390121e-07,1.39906368559323e-07,2.4370528855411435e-07,1.963357010020444e-05,0.12818517202349183,5,highpass
1.0339203530933304e-07,5.871071004390121e-07,1.39906368559323e-07,2.3352646194136155e-07,3.539447041242567e-05,0.1174125353204794,5,highpass
1.0339203530933304e-07,5.871071004390121e-07,1.39906368559323e-07,2.3352646194136155e-07,3.539447041242567e-05,0.1174125353204794,5,highpass
1.3806267283335676e-07,4.7611276991896905e-07,1.39906368559323e-07,2.3352646194136155e-07,3.539447041242567e-05,0.08098869683564311,5,highpass
1.0339203530933304e-07,4.7611276991896905e-07,1.6646123345513954e-07,2.4370528855411435e-07,1.963357010020444e-05,0.1280442095573997,5,highpass
1.3276795278055807e-07,5.871071004390121e-07,1.39906368559323e-07,2.3352646194136155e-07,3.539447041242567e-05,0.1282565963485806,5,highpass
1.0339203530933304e-07,5.871071004390121e-07,1.39906368559323e-07,2.3352646194136155e-07,3.539447041242567e-05,0.1174125353204794,5,highpass
1.0339203530933304e-07,4.7611276991896905e-07,1.6646123345513954e-07,2.4370528855411435e-07,1.963357010020444e-05,0.1280442095573997,5,highpass
1.0339203530933304e-07,6.1309034848288e-07,1.39906368559323e-07,2.4370528855411435e-07,1.963357010020444e-05,0.12447320208769752,5,highpass
1.0339203530933304e-07,5.871071004390121e-07,1.39906368559323e-07,2.3907887981767495e-07,3.539447041242567e-05,0.12274438374198238,5,highpass
1.3276795278055807e-07,5.871071004390121e-07,1.39906368559323e-07,2.3352646194136155e-07,3.539447041242567e-05,0.1282565963485806,5,highpass
1.3276795278055807e-07,5.871071004390121e-07,1.39906368559323e-07,2.3352646194136155e-07,3.539447041242567e-05,0.1282565963485806,6,highpass
1.3276795278055807e-07,5.871071004390121e-07,1.39906368559323e-07,2.4370528855411435e-07,1.963357010020444e-05,0.14014225901926503,6,highpass
1.0339203530933304e-07,5.871071004390121e-07,1.39906368559323e-07,2.3352646194136155e-07,3.539447041242567e-05,0.1174125353204794,6,highpass
1.0339203530933304e-07,5.871071004390121e-07,1.39906368559323e-07,2.4370528855411435e-07,1.9502626843918227e-05,0.11678282722888866,6,highpass
1.3276795278055807e-07,4.7611276991896905e-07,1.6646123345513954e-07,2.4370528855411435e-07,1.963357010020444e-05,0.1181415778874359,6,highpass
1.3276795278055807e-07,5.871071004390121e-07,1.39906368559323e-07,2.3352646194136155e-07,1.963357010020444e-05,0.12801039271873105,6,highpass
1.3276795278055807e-07,4.7611276991896905e-07,1.6646123345513954e-07,2.4370528855411435e-07,1.963357010020444e-05,0.1181415778874359,6,highpass
1.0339203530933304e-07,5.95212901929123e-07,1.39906368559323e-07,2.3352646194136155e-07,3.539447041242567e-05,0.11730449511000218,6,highpass
1.3276795278055807e-07,5.871071004390121e-07,1.39906368559323e-07,2.4370528855411435e-07,1.963357010020444e-05,0.14014225901926503,6,highpass
1.0339203530933304e-07,5.871071004390121e-07,1.39906368559323e-07,2.3352646194136155e-07,3.539447041242567e-05,0.1174125353204794,6,highpass
1.3276795278055807e-07,5.871071004390121e-07,1.39906368559323e-07,2.3352646194136155e-07,3.539447041242567e-05,0.1282565963485806,6,highpass
1.3276795278055807e-07,5.871071004390121e-07,1.39906368559323e-07,2.3352646194136155e-07,1.963357010020444e-05,0.12801039271873105,6,highpass
1.3276795278055807e-07,5.871071004390121e-07,1.39906368559323e-07,2.3352646194136155e-07,3.539447041242567e-05,0.1282565963485806,6,highpass
1.3276795278055807e-07,5.871071004390121e-07,1.39906368559323e-07,2.4370528855411435e-07,1.963357010020444e-05,0.14014225901926503,6,highpass
1.3276795278055807e-07,5.871071004390121e-07,1.39906368559323e-07,2.3352646194136155e-07,3.539447041242567e-05,0.1282565963485806,6,highpass
1.3276795278055807e-07,5.871071004390121e-07,1.39906368559323e-07,2.4370528855411435e-07,1.963357010020444e-05,0.14014225901926503,6,highpass
1.3276795278055807e-07,5.871071004390121e-07,1.39906368559323e-07,2.3352646194136155e-07,1.963357010020444e-05,0.12801039271873105,6,highpass
1.0339203530933304e-07,5.871071004390121e-07,1.39906368559323e-07,2.3352646194136155e-07,3.539447041242567e-05,0.1174125353204794,6,highpass
1.0339203530933304e-07,5.871071004390121e-07,1.39906368559323e-07,2.4370528855411435e-07,1.804987887252857e-05,0.12426378807383043,6,highpass
1.3276795278055807e-07,5.871071004390121e-07,1.39906368559323e-07,2.3352646194136155e-07,3.539447041242567e-05,0.1282565963485806,6,highpass
1.3276795278055807e-07,5.871071004390121e-07,1.39906368559323e-07,2.4370528855411435e-07,1.963357010020444e-05,0.14014225901926503,6,highpass
1.3276795278055807e-07,4.7611276991896905e-07,1.6646123345513954e-07,2.4370528855411435e-07,1.963357010020444e-05,0.1181415778874359,6,highpass
1.3276795278055807e-07,5.871071004390121e-07,1.39906368559323e-07,2.4370528855411435e-07,1.963357010020444e-05,0.14014225901926503,6,highpass
1.3276795278055807e-07,5.871071004390121e-07,1.39906368559323e-07,2.3352646194136155e-07,3.539447041242567e-05,0.1282565963485806,6,highpass
1.3276795278055807e-07,5.871071004390121e-07,1.6646123345513954e-07,2.4370528855411435e-07,1.963357010020444e-05,0.10811415982806671,6,highpass
1.3276795278055807e-07,5.871071004390121e-07,1.39906368559323e-07,2.3352646194136155e-07,3.539447041242567e-05,0.1282565963485806,6,highpass
1.3276795278055807e-07,5.871071004390121e-07,1.39906368559323e-07,2.3352646194136155e-07,3.539447041242567e-05,0.1282565963485806,6,highpass
1.2613870567797775e-07,5.871071004390121e-07,1.39906368559323e-07,2.3352646194136155e-07,3.539447041242567e-05,0.0704297954305691,6,highpass
1.0339203530933304e-07,5.871071004390121e-07,1.39906368559323e-07,2.3352646194136155e-07,3.539447041242567e-05,0.1174125353204794,6,highpass
1.3276795278055807e-07,5.871071004390121e-07,1.39906368559323e-07,2.3352646194136155e-07,3.539447041242567e-05,0.1282565963485806,6,highpass
1.3276795278055807e-07,5.871071004390121e-07,1.39906368559323e-07,2.4370528855411435e-07,1.963357010020444e-05,0.14014225901926503,7,highpass
1.3276795278055807e-07,5.791680036647337e-07,1.39906368559323e-07,2.4370528855411435e-07,1.963357010020444e-05,0.13062518262364947,7,highpass
1.3276795278055807e-07,5.871071004390121e-07,1.39906368559323e-07,2.3352646194136155e-07,3.539447041242567e-05,0.1282565963485806,7,highpass
1.3276795278055807e-07,5.871071004390121e-07,1.39906368559323e-07,2.4370528855411435e-07,1.963357010020444e-05,0.14014225901926503,7,highpass
1.3276795278055807e-07,5.871071004390121e-07,1.39906368559323e-07,2.4370528855411435e-07,1.963357010020444e-05,0.14014225901926503,7,highpass
1.3276795278055807e-07,5.871071004390121e-07,1.39906368559323e-07,2.4370528855411435e-07,1.963357010020444e-05,0.14014225901926503,7,highpass
1.3276795278055807e-07,5.871071004390121e-07,1.39906368559323e-07,2.3352646194136155e-07,3.539447041242567e-05,0.1282565963485806,7,highpass
1.3276795278055807e-07,5.871071004390121e-07,1.39906368559323e-07,2.4370528855411435e-07,1.963357010020444e-05,0.14014225901926503,7,highpass
1.3276795278055807e-07,5.871071004390121e-07,1.39906368559323e-07,2.3352646194136155e-07,3.539447041242567e-05,0.1282565963485806,7,highpass
1.3276795278055807e-07,5.871071004390121e-07,1.39906368559323e-07,2.3352646194136155e-07,3.539447041242567e-05,0.1282565963485806,7,highpass
2.1475372698024794e-07,5.871071004390121e-07,1.39906368559323e-07,2.4370528855411435e-07,3.539447041242567e-05,0.056528006080430626,7,highpass
1.3276795278055807e-07,5.871071004390121e-07,1.39906368559323e-07,2.4370528855411435e-07,1.963357010020444e-05,0.14014225901926503,7,highpass
1.3276795278055807e-07,5.871071004390121e-07,1.39906368559323e-07,2.4370528855411435e-07,1.963357010020444e-05,0.14014225901926503,7,highpass
1.3276795278055807e-07,5.871071004390121e-07,1.39906368559323e-07,2.4370528855411435e-07,1.963357010020444e-05,0.14014225901926503,7,highpass
1.3276795278055807e-07,5.871071004390121e-07,1.39906368559323e-07,2.4370528855411435e-07,1.963357010020444e-05,0.14014225901926503,7,highpass
1.3276795278055807e-07,5.871071004390121e-07,1.39906368559323e-07,2.4370528855411435e-07,1.963357010020444e-05,0.14014225901926503,7,highpass
1.3276795278055807e-07,5.871071004390121e-07,1.39906368559323e-07,2.4370528855411435e-07,1.963357010020444e-05,0.14014225901926503,7,highpass
1.3276795278055807e-07,5.871071004390121e-07,1.39906368559323e-07,2.3352646194136155e-07,3.539447041242567e-05,0.1282565963485806,7,highpass
1.3276795278055807e-07,4.513866444714333e-07,1.39906368559323e-07,2.4370528855411435e-07,1.963357010020444e-05,0.0787149552581213,7,highpass
1.3276795278055807e-07,5.871071004390121e-07,1.39906368559323e-07,2.4370528855411435e-07,1.963357010020444e-05,0.14014225901926503,7,highpass
1.3276795278055807e-07,5.871071004390121e-07,1.39906368559323e-07,2.4370528855411435e-07,1.963357010020444e-05,0.14014225901926503,7,highpass
1.3276795278055807e-07,5.871071004390121e-07,1.39906368559323e-07,2.4370528855411435e-07,1.963357010020444e-05,0.14014225901926503,7,highpass
1.3276795278055807e-07,5.871071004390121e-07,1.39906368559323e-07,2.4370528855411435e-07,1.963357010020444e-05,0.14014225901926503,7,highpass
1.3276795278055807e-07,5.871071004390121e-07,1.39906368559323e-07,2.3352646194136155e-07,3.539447041242567e-05,0.1282565963485806,7,highpass
1.3276795278055807e-07,5.871071004390121e-07,1.39906368559323e-07,2.4370528855411435e-07,1.963357010020444e-05,0.14014225901926503,7,highpass
1.3276795278055807e-07,5.871071004390121e-07,1.39906368559323e-07,2.4370528855411435e-07,1.963357010020444e-05,0.14014225901926503,7,highpass
1.3276795278055807e-07,5.871071004390121e-07,1.39906368559323e-07,2.4370528855411435e-07,1.963357010020444e-05,0.14014225901926503,7,highpass
1.3276795278055807e-07,5.871071004390121e-07,1.39906368559323e-07,2.3352646194136155e-07,3.539447041242567e-05,0.1282565963485806,7,highpass
1.3276795278055807e-07,5.871071004390121e-07,1.39906368559323e-07,2.4370528855411435e-07,1.963357010020444e-05,0.14014225901926503,7,highpass
1.3276795278055807e-07,5.871071004390121e-07,1.39906368559323e-07,2.4370528855411435e-07,1.963357010020444e-05,0.14014225901926503,7,highpass
1.3276795278055807e-07,5.871071004390121e-07,1.39906368559323e-07,2.4370528855411435e-07,1.963357010020444e-05,0.14014225901926503,8,highpass
1.3276795278055807e-07,6.745863602541206e-07,1.39906368559323e-07,2.4370528855411435e-07,1.963357010020444e-05,0.09648667986215897,8,highpass
1.3276795278055807e-07,5.871071004390121e-07,1.39906368559323e-07,2.4370528855411435e-07,1.963357010020444e-05,0.14014225901926503,8,highpass
1.3276795278055807e-07,5.871071004390121e-07,1.39906368559323e-07,2.4370528855411435e-07,1.963357010020444e-05,0.14014225901926503,8,highpass
1.3276795278055807e-07,5.871071004390121e-07,1.39906368559323e-07,2.4370528855411435e-07,1.963357010020444e-05,0.14014225901926503,8,highpass
1.3276795278055807e-07,5.871071004390121e-07,1.39906368559323e-07,2.4370528855411435e-07,1.963357010020444e-05,0.14014225901926503,8,highpass
1.3276795278055807e-07,5.871071004390121e-07,1.39906368559323e-07,2.4370528855411435e-07,1.963357010020444e-05,0.14014225901926503,8,highpass
1.3276795278055807e-07,5.871071004390121e-07,1.39906368559323e-07,2.4370528855411435e-07,1.963357010020444e-05,0.14014225901926503,8,highpass
1.3276795278055807e-07,5.871071004390121e-07,1.39906368559323e-07,2.4370528855411435e-07,1.963357010020444e-05,0.14014225901926503,8,highpass
1.3276795278055807e-07,5.871071004390121e-07,1.39906368559323e-07,2.4370528855411435e-07,1.963357010020444e-05,0.14014225901926503,8,highpass
1.3276795278055807e-07,5.871071004390121e-07,1.39906368559323e-07,2.4370528855411435e-07,1.963357010020444e-05,0.14014225901926503,8,highpass
1.3276795278055807e-07,5.871071004390121e-07,1.39906368559323e-07,2.4370528855411435e-07,1.963357010020444e-05,0.14014225901926503,8,highpass
1.3276795278055807e-07,5.871071004390121e-07,1.39906368559323e-07,2.4370528855411435e-07,1.963357010020444e-05,0.14014225901926503,8,highpass
1.3276795278055807e-07,5.871071004390121e-07,1.39906368559323e-07,2.4370528855411435e-07,3.518314147019522e-05,0.13215962183860058,8,highpass
1.3276795278055807e-07,5.871071004390121e-07,1.39906368559323e-07,2.4370528855411435e-07,1.963357010020444e-05,0.14014225901926503,8,highpass
1.3276795278055807e-07,5.871071004390121e-07,1.39906368559323e-07,2.4370528855411435e-07,1.963357010020444e-05,0.14014225901926503,8,highpass
1.3276795278055807e-07,5.871071004390121e-07,1.39906368559323e-07,2.4370528855411435e-07,2.0653720717317e-05,0.12559202390553198,8,highpass
1.3276795278055807e-07,5.871071004390121e-07,1.39906368559323e-07,2.4370528855411435e-07,1.963357010020444e-05,0.14014225901926503,8,highpass
1.3276795278055807e-07,5.871071004390121e-07,1.39906368559323e-07,2.4370528855411435e-07,1.963357010020444e-05,0.14014225901926503,8,highpass
1.3276795278055807e-07,5.871071004390121e-07,1.39906368559323e-07,2.4370528855411435e-07,1.963357010020444e-05,0.14014225901926503,8,highpass
1.3276795278055807e-07,5.871071004390121e-07,1.39906368559323e-07,2.4370528855411435e-07,1.963357010020444e-05,0.14014225901926503,8,highpass
1.3276795278055807e-07,5.871071004390121e-07,1.39906368559323e-07,2.4370528855411435e-07,1.963357010020444e-05,0.14014225901926503,8,highpass
1.3276795278055807e-07,5.871071004390121e-07,1.39906368559323e-07,2.4370528855411435e-07,1.963357010020444e-05,0.14014225901926503,8,highpass
1.3276795278055807e-07,5.871071004390121e-07,1.39906368559323e-07,2.4370528855411435e-07,3.5209080776926836e-05,0.13215962183860058,8,highpass
1.3276795278055807e-07,5.871071004390121e-07,1.39906368559323e-07,2.4370528855411435e-07,1.963357010020444e-05,0.14014225901926503,8,highpass
1.3276795278055807e-07,5.871071004390121e-07,1.39906368559323e-07,2.4370528855411435e-07,1.963357010020444e-05,0.14014225901926503,8,highpass
1.3276795278055807e-07,5.871071004390121e-07,1.39906368559323e-07,2.4370528855411435e-07,1.963357010020444e-05,0.14014225901926503,8,highpass
1.3276795278055807e-07,5.871071004390121e-07,1.39906368559323e-07,2.4370528855411435e-07,1.963357010020444e-05,0.14014225901926503,8,highpass
1.3276795278055807e-07,5.871071004390121e-07,1.39906368559323e-07,2.4370528855411435e-07,2.0145267067033928e-05,0.13420647494500892,8,highpass
1.3276795278055807e-07,5.871071004390121e-07,1.39906368559323e-07,2.4370528855411435e-07,1.963357010020444e-05,0.14014225901926503,8,highpass
1.3276795278055807e-07,5.871071004390121e-07,1.39906368559323e-07,2.4370528855411435e-07,1.963357010020444e-05,0.14014225901926503,9,highpass
1.3276795278055807e-07,5.871071004390121e-07,1.39906368559323e-07,2.4370528855411435e-07,1.963357010020444e-05,0.14014225901926503,9,highpass
1.3276795278055807e-07,5.871071004390121e-07,1.39906368559323e-07,2.4370528855411435e-07,1.963357010020444e-05,0.14014225901926503,9,highpass
1.3276795278055807e-07,5.871071004390121e-07,1.39906368559323e-07,2.4370528855411435e-07,1.963357010020444e-05,0.14014225901926503,9,highpass
1.3276795278055807e-07,6.030398677984375e-07,1.39906368559323e-07,2.4370528855411435e-07,1.963357010020444e-05,0.12731589381248737,9,highpass
1.3276795278055807e-07,5.871071004390121e-07,1.39906368559323e-07,2.4453092530776386e-07,1.963357010020444e-05,0.1405536546079454,9,highpass
1.3276795278055807e-07,5.871071004390121e-07,1.39906368559323e-07,2.4370528855411435e-07,1.963357010020444e-05,0.14014225901926503,9,highpass
1.3276795278055807e-07,4.6615143602435717e-07,1.39906368559323e-07,2.4370528855411435e-07,1.963357010020444e-05,0.07615880705212436,9,highpass
1.3276795278055807e-07,5.871071004390121e-07,1.39906368559323e-07,2.4370528855411435e-07,1.963357010020444e-05,0.14014225901926503,9,highpass
1.3276795278055807e-07,5.871071004390121e-07,1.39906368559323e-07,2.4370528855411435e-07,1.963357010020444e-05,0.14014225901926503,9,highpass
1.3276795278055807e-07,5.871071004390121e-07,1.39906368559323e-07,2.4370528855411435e-07,1.963357010020444e-05,0.14014225901926503,9,highpass
1.3276795278055807e-07,5.871071004390121e-07,1.39906368559323e-07,2.4640668873665645e-07,1.963357010020444e-05,0.14025812667613635,9,highpass
1.3276795278055807e-07,5.871071004390121e-07,1.39906368559323e-07,2.4370528855411435e-07,1.963357010020444e-05,0.14014225901926503,9,highpass
1.3276795278055807e-07,5.871071004390121e-07,1.39906368559323e-07,2.4370528855411435e-07,1.963357010020444e-05,0.14014225901926503,9,highpass
1.3276795278055807e-07,5.871071004390121e-07,1.39906368559323e-07,2.4370528855411435e-07,4.042061414045239e-05,0.1303745781837945,9,highpass
1.3276795278055807e-07,5.871071004390121e-07,1.39906368559323e-07,2.4370528855411435e-07,1.963357010020444e-05,0.14014225901926503,9,highpass
1.3276795278055807e-07,5.871071004390121e-07,1.39906368559323e-07,2.4370528855411435e-07,1.963357010020444e-05,0.14014225901926503,9,highpass
1.3276795278055807e-07,3.759870983958575e-07,1.39906368559323e-07,2.4370528855411435e-07,1.963357010020444e-05,0.05677234145040498,9,highpass
1.3276795278055807e-07,5.871071004390121e-07,1.39906368559323e-07,2.4370528855411435e-07,1.963357010020444e-05,0.14014225901926503,9,highpass
1.3276795278055807e-07,5.871071004390121e-07,1.39906368559323e-07,2.4370528855411435e-07,1.963357010020444e-05,0.14014225901926503,9,highpass
1.3276795278055807e-07,5.871071004390121e-07,1.39906368559323e-07,2.4370528855411435e-07,1.963357010020444e-05,0.14014225901926503,9,highpass
1.3276795278055807e-07,5.871071004390121e-07,1.39906368559323e-07,2.4370528855411435e-07,1.963357010020444e-05,0.14014225901926503,9,highpass
1.3276795278055807e-07,5.871071004390121e-07,1.39906368559323e-07,2.4370528855411435e-07,1.963357010020444e-05,0.14014225901926503,9,highpass
1.3276795278055807e-07,5.871071004390121e-07,1.39906368559323e-07,2.4370528855411435e-07,1.963357010020444e-05,0.14014225901926503,9,highpass
1.3276795278055807e-07,5.871071004390121e-07,1.39906368559323e-07,2.4370528855411435e-07,1.963357010020444e-05,0.14014225901926503,9,highpass
1.3276795278055807e-07,5.767284274324434e-07,1.39906368559323e-07,2.4370528855411435e-07,1.963357010020444e-05,0.13169209449808267,9,highpass
1.3276795278055807e-07,5.871071004390121e-07,1.39906368559323e-07,2.4370528855411435e-07,1.963357010020444e-05,0.14014225901926503,9,highpass
1.3276795278055807e-07,5.871071004390121e-07,1.39906368559323e-07,2.4370528855411435e-07,1.963357010020444e-05,0.14014225901926503,9,highpass
1.3276795278055807e-07,5.871071004390121e-07,1.39906368559323e-07,2.4370528855411435e-07,1.963357010020444e-05,0.14014225901926503,9,highpass
1.3276795278055807e-07,5.871071004390121e-07,1.39906368559323e-07,2.4370528855411435e-07,1.963357010020444e-05,0.14014225901926503,9,highpass
1.3276795278055807e-07,5.871071004390121e-07,1.39906368559323e-07,2.4453092530776386e-07,1.963357010020444e-05,0.14058315881973477,10,highpass
1.3276795278055807e-07,5.871071004390121e-07,1.39906368559323e-07,2.976832925187691e-07,1.963357010020444e-05,0.0865681372168342,10,highpass
1.3276795278055807e-07,5.871071004390121e-07,1.39906368559323e-07,2.4370528855411435e-07,1.963357010020444e-05,0.14014225901926503,10,highpass
1.3276795278055807e-07,5.871071004390121e-07,1.4015317642871665e-07,2.4453092530776386e-07,1.963357010020444e-05,0.14058315881973477,10,highpass
1.3276795278055807e-07,5.871071004390121e-07,1.39906368559323e-07,2.4370528855411435e-07,1.963357010020444e-05,0.14014225901926503,10,highpass
1.3276795278055807e-07,5.871071004390121e-07,1.39906368559323e-07,2.4370528855411435e-07,1.963357010020444e-05,0.14014225901926503,10,highpass
1.3276795278055807e-07,5.871071004390121e-07,1.3336336080907723e-07,2.4370528855411435e-07,1.963357010020444e-05,0.05738446622748966,10,highpass
1.3276795278055807e-07,5.871071004390121e-07,1.39906368559323e-07,2.4370528855411435e-07,1.963357010020444e-05,0.14014225901926503,10,highpass
1.3276795278055807e-07,5.871071004390121e-07,1.39906368559323e-07,2.550416666432069e-07,1.963357010020444e-05,0.11936408925542141,10,highpass
1.3276795278055807e-07,5.871071004390121e-07,2.0239193792008206e-07,2.4453092530776386e-07,1.963357010020444e-05,-0.08274966743248913,10,highpass
1.3276795278055807e-07,5.871071004390121e-07,1.39906368559323e-07,2.4370528855411435e-07,1.963357010020444e-05,0.14014225901926503,10,highpass
1.3276795278055807e-07,5.871071004390121e-07,2.0258582134355137e-07,2.4370528855411435e-07,1.963357010020444e-05,-0.08234103181669095,10,highpass
1.3276795278055807e-07,5.871071004390121e-07,1.39906368559323e-07,2.4370528855411435e-07,1.963357010020444e-05,0.14014225901926503,10,highpass
1.3276795278055807e-07,5.871071004390121e-07,1.39906368559323e-07,2.4370528855411435e-07,1.963357010020444e-05,0.14014225901926503,10,highpass
1.3276795278055807e-07,5.871071004390121e-07,1.39906368559323e-07,2.4370528855411435e-07,1.963357010020444e-05,0.14014225901926503,10,highpass
1.3276795278055807e-07,5.871071004390121e-07,1.39906368559323e-07,2.4640668873665645e-07,1.963357010020444e-05,0.14025812667613635,10,highpass
1.3276795278055807e-07,5.871071004390121e-07,1.39906368559323e-07,2.4453092530776386e-07,1.963357010020444e-05,0.14058315881973477,10,highpass
1.3276795278055807e-07,5.871071004390121e-07,1.39906368559323e-07,2.4370528855411435e-07,1.963357010020444e-05,0.14014225901926503,10,highpass
1.3276795278055807e-07,5.871071004390121e-07,1.39906368559323e-07,2.4640668873665645e-07,1.963357010020444e-05,0.14025812667613635,10,highpass
1.5925089944113267e-07,5.871071004390121e-07,1.39906368559323e-07,2.4453092530776386e-07,1.963357010020444e-05,0.1095397570526177,10,highpass
1.3276795278055807e-07,5.871071004390121e-07,1.39906368559323e-07,2.4370528855411435e-07,1.963357010020444e-05,0.14014225901926503,10,highpass
1.3276795278055807e-07,5.871071004390121e-07,1.39906368559323e-07,2.4453092530776386e-07,1.963357010020444e-05,0.14058315881973477,10,highpass
1.3276795278055807e-07,5.871071004390121e-07,1.39906368559323e-07,2.4465595672013573e-07,1.963357010020444e-05,0.14058315881973477,10,highpass
1.3276795278055807e-07,5.871071004390121e-07,1.39906368559323e-07,2.4370528855411435e-07,1.963357010020444e-05,0.14014225901926503,10,highpass
1.3276795278055807e-07,5.871071004390121e-07,1.39906368559323e-07,2.4370528855411435e-07,2.1949274289043985e-05,0.12659578078286599,10,highpass
1.3276795278055807e-07,5.871071004390121e-07,1.39906368559323e-07,2.4370528855411435e-07,1.963357010020444e-05,0.14014225901926503,10,highpass
1.3276795278055807e-07,5.871071004390121e-07,1.39906368559323e-07,2.4370528855411435e-07,1.963357010020444e-05,0.14014225901926503,10,highpass
1.3276795278055807e-07,5.871071004390121e-07,1.39906368559323e-07,2.4640668873665645e-07,1.963357010020444e-05,0.14025812667613635,10,highpass
1.3276795278055807e-07,5.871071004390121e-07,1.39906368559323e-07,2.4370528855411435e-07,1.963357010020444e-05,0.14014225901926503,10,highpass
1.3276795278055807e-07,5.871071004390121e-07,1.39906368559323e-07,2.4370528855411435e-07,1.963357010020444e-05,0.14014225901926503,10,highpass
1.3276795278055807e-07,5.871071004390121e-07,1.39906368559323e-07,2.4453092530776386e-07,1.963357010020444e-05,0.1405536546079454,11,highpass
1.3276795278055807e-07,5.871071004390121e-07,1.39906368559323e-07,2.4465595672013573e-07,1.963357010020444e-05,0.1405536546079454,11,highpass
1.3276795278055807e-07,5.871071004390121e-07,1.39906368559323e-07,2.4465595672013573e-07,3.146816838693573e-05,0.12490097757769053,11,highpass
1.3276795278055807e-07,5.871071004390121e-07,1.39906368559323e-07,2.4453092530776386e-07,1.963357010020444e-05,0.1405536546079454,11,highpass
1.3276795278055807e-07,5.871071004390121e-07,1.39906368559323e-07,2.4640668873665645e-07,1.963357010020444e-05,0.14025812667613635,11,highpass
1.3276795278055807e-07,5.871071004390121e-07,1.39906368559323e-07,2.4370528855411435e-07,1.963357010020444e-05,0.14014225901926503,11,highpass
1.3276795278055807e-07,5.871071004390121e-07,1.39906368559323e-07,2.4640668873665645e-07,1.963357010020444e-05,0.14025812667613635,11,highpass
1.3276795278055807e-07,5.871071004390121e-07,1.39906368559323e-07,2.4465595672013573e-07,1.963357010020444e-05,0.1405536546079454,11,highpass
1.3276795278055807e-07,5.871071004390121e-07,1.39906368559323e-07,2.4370528855411435e-07,1.963357010020444e-05,0.14014225901926503,11,highpass
1.3276795278055807e-07,5.871071004390121e-07,1.39906368559323e-07,2.4640668873665645e-07,1.963357010020444e-05,0.14025812667613635,11,highpass
1.3276795278055807e-07,5.871071004390121e-07,1.4015317642871665e-07,2.4453092530776386e-07,1.963357010020444e-05,0.1405536546079454,11,highpass
1.3276795278055807e-07,5.871071004390121e-07,1.39906368559323e-07,2.4370528855411435e-07,1.963357010020444e-05,0.14014225901926503,11,highpass
1.3276795278055807e-07,5.871071004390121e-07,1.39906368559323e-07,2.4370528855411435e-07,3.5341476161015395e-05,0.1261738952320952,11,highpass
1.3276795278055807e-07,5.871071004390121e-07,1.4015317642871665e-07,2.4453092530776386e-07,2.066349969263895e-05,0.12622440493210607,11,highpass
1.3276795278055807e-07,5.871071004390121e-07,1.39906368559323e-07,2.4370528855411435e-07,1.963357010020444e-05,0.14014225901926503,11,highpass
1.3276795278055807e-07,5.871071004390121e-07,1.39906368559323e-07,2.4453092530776386e-07,1.963357010020444e-05,0.1405536546079454,11,highpass
1.3276795278055807e-07,5.871071004390121e-07,1.39906368559323e-07,2.4640668873665645e-07,1.963357010020444e-05,0.14025812667613635,11,highpass
1.3276795278055807e-07,5.871071004390121e-07,1.39906368559323e-07,2.4370528855411435e-07,1.963357010020444e-05,0.14014225901926503,11,highpass
1.3276795278055807e-07,5.871071004390121e-07,1.39906368559323e-07,2.4370528855411435e-07,1.963357010020444e-05,0.14014225901926503,11,highpass
1.3276795278055807e-07,3.347089130321851e-07,1.39906368559323e-07,2.4640668873665645e-07,1.963357010020444e-05,0.039135771818676196,11,highpass
1.3276795278055807e-07,5.871071004390121e-07,1.39906368559323e-07,2.4453092530776386e-07,1.963357010020444e-05,0.1405536546079454,11,highpass
1.3276795278055807e-07,5.871071004390121e-07,1.39906368559323e-07,2.4370528855411435e-07,1.963357010020444e-05,0.14014225901926503,11,highpass
1.3276795278055807e-07,6.538004438717261e-07,1.39906368559323e-07,2.4640668873665645e-07,1.963357010020444e-05,0.09469509088749861,11,highpass
1.3276795278055807e-07,5.871071004390121e-07,1.39906368559323e-07,2.4453092530776386e-07,1.963357010020444e-05,0.1405536546079454,11,highpass
1.3276795278055807e-07,5.871071004390121e-07,1.4015317642871665e-07,2.4453092530776386e-07,1.8676435093439842e-05,0.13523583144725154,11,highpass
1.3276795278055807e-07,5.871071004390121e-07,1.39906368559323e-07,2.4640668873665645e-07,1.963357010020444e-05,0.14025812667613635,11,highpass
1.3276795278055807e-07,5.871071004390121e-07,1.39906368559323e-07,2.4640668873665645e-07,1.963357010020444e-05,0.14025812667613635,11,highpass
1.3276795278055807e-07,5.871071004390121e-07,1.39906368559323e-07,2.4640668873665645e-07,1.963357010020444e-05,0.14025812667613635,11,highpass
1.3276795278055807e-07,5.871071004390121e-07,1.8471774912430755e-07,2.4370528855411435e-07,1.963357010020444e-05,0.04501675892058077,11,highpass
1.3276795278055807e-07,5.871071004390121e-07,1.39906368559323e-07,2.4370528855411435e-07,1.963357010020444e-05,0.14014225901926503,11,highpass
1.3276795278055807e-07,5.871071004390121e-07,1.39906368559323e-07,2.4453092530776386e-07,1.963357010020444e-05,0.1405536546079454,12,highpass
1.3276795278055807e-07,5.871071004390121e-07,1.39906368559323e-07,2.4465595672013573e-07,1.963357010020444e-05,0.1405536546079454,12,highpass
1.3276795278055807e-07,5.871071004390121e-07,1.39906368559323e-07,2.4465595672013573e-07,1.963357010020444e-05,0.1405536546079454,12,highpass
1.3276795278055807e-07,5.871071004390121e-07,1.39906368559323e-07,2.4453092530776386e-07,1.963357010020444e-05,0.1405536546079454,12,highpass
1.3276795278055807e-07,5.871071004390121e-07,1.39906368559323e-07,2.4453092530776386e-07,1.963357010020444e-05,0.1405536546079454,12,highpass
1.2749476703189052e-07,5.871071004390121e-07,1.39906368559323e-07,2.4453092530776386e-07,1.963357010020444e-05,0.15469730145054078,12,highpass
1.3276795278055807e-07,5.871071004390121e-07,1.39906368559323e-07,2.4453092530776386e-07,1.963357010020444e-05,0.1405536546079454,12,highpass
1.3276795278055807e-07,5.871071004390121e-07,1.39906368559323e-07,2.4453092530776386e-07,1.963357010020444e-05,0.1405536546079454,12,highpass
1.3276795278055807e-07,5.871071004390121e-07,1.4015317642871665e-07,2.4453092530776386e-07,1.963357010020444e-05,0.1405536546079454,12,highpass
1.3276795278055807e-07,5.871071004390121e-07,1.39906368559323e-07,2.4453092530776386e-07,1.963357010020444e-05,0.1405536546079454,12,highpass
1.3276795278055807e-07,5.871071004390121e-07,1.39906368559323e-07,2.4453092530776386e-07,1.963357010020444e-05,0.1405536546079454,12,highpass
1.3276795278055807e-07,5.871071004390121e-07,1.39906368559323e-07,2.4640668873665645e-07,1.963357010020444e-05,0.14025812667613635,12,highpass
1.3276795278055807e-07,5.871071004390121e-07,1.4015317642871665e-07,2.4453092530776386e-07,1.963357010020444e-05,0.1405536546079454,12,highpass
1.3276795278055807e-07,5.871071004390121e-07,1.39906368559323e-07,2.4465595672013573e-07,1.963357010020444e-05,0.1405536546079454,12,highpass
1.3276795278055807e-07,5.871071004390121e-07,1.39906368559323e-07,2.4640668873665645e-07,1.963357010020444e-05,0.14025812667613635,12,highpass
1.3276795278055807e-07,5.871071004390121e-07,1.39906368559323e-07,2.4465595672013573e-07,1.963357010020444e-05,0.1405536546079454,12,highpass
1.3276795278055807e-07,5.871071004390121e-07,1.39906368559323e-07,2.4453092530776386e-07,1.963357010020444e-05,0.1405536546079454,12,highpass
1.3276795278055807e-07,5.871071004390121e-07,1.39906368559323e-07,2.4453092530776386e-07,1.963357010020444e-05,0.1405536546079454,12,highpass
1.3276795278055807e-07,5.871071004390121e-07,1.39906368559323e-07,2.4453092530776386e-07,1.963357010020444e-05,0.1405536546079454,12,highpass
1.3276795278055807e-07,5.871071004390121e-07,1.39906368559323e-07,2.4453092530776386e-07,1.963357010020444e-05,0.1405536546079454,12,highpass
1.3276795278055807e-07,5.871071004390121e-07,1.39906368559323e-07,2.3822497160005903e-07,1.963357010020444e-05,0.132884751452171,12,highpass
1.3276795278055807e-07,5.871071004390121e-07,1.39906368559323e-07,2.4465595672013573e-07,1.963357010020444e-05,0.1405536546079454,12,highpass
1.3276795278055807e-07,5.871071004390121e-07,1.39906368559323e-07,2.4453092530776386e-07,1.963357010020444e-05,0.1405536546079454,12,highpass
1.3276795278055807e-07,5.871071004390121e-07,1.4161241561155608e-07,2.4453092530776386e-07,1.963357010020444e-05,0.0855868655683934,12,highpass
1.3276795278055807e-07,5.871071004390121e-07,1.39906368559323e-07,2.4453092530776386e-07,1.963357010020444e-05,0.1405536546079454,12,highpass
2.4501568418968204e-07,5.871071004390121e-07,1.39906368559323e-07,2.4453092530776386e-07,1.963357010020444e-05,0.03528561087693036,12,highpass
1.3276795278055807e-07,5.871071004390121e-07,1.39906368559323e-07,2.4640668873665645e-07,1.963357010020444e-05,0.14025812667613635,12,highpass
1.3276795278055807e-07,5.871071004390121e-07,1.39906368559323e-07,2.4453092530776386e-07,1.963357010020444e-05,0.1405536546079454,12,highpass
1.3276795278055807e-07,5.871071004390121e-07,1.39906368559323e-07,2.4453092530776386e-07,1.963357010020444e-05,0.1405536546079454,12,highpass
1.3276795278055807e-07,5.871071004390121e-07,1.39906368559323e-07,2.4453092530776386e-07,1.963357010020444e-05,0.1405536546079454,12,highpass
1.2749476703189052e-07,5.871071004390121e-07,1.39906368559323e-07,2.4453092530776386e-07,1.963357010020444e-05,0.15469730145054078,13,highpass
1.3276795278055807e-07,5.871071004390121e-07,1.39906368559323e-07,2.4465595672013573e-07,1.963357010020444e-05,0.1405536546079454,13,highpass
1.3276795278055807e-07,5.871071004390121e-07,1.39906368559323e-07,2.4465595672013573e-07,1.963357010020444e-05,0.1405536546079454,13,highpass
1.3276795278055807e-07,5.871071004390121e-07,1.39906368559323e-07,2.4453092530776386e-07,1.963357010020444e-05,0.1405536546079454,13,highpass
1.3276795278055807e-07,5.871071004390121e-07,1.39906368559323e-07,2.4465595672013573e-07,1.963357010020444e-05,0.1405536546079454,13,highpass
1.2749476703189052e-07,5.871071004390121e-07,1.39906368559323e-07,2.4453092530776386e-07,1.963357010020444e-05,0.15469730145054078,13,highpass
1.3276795278055807e-07,5.871071004390121e-07,1.39906368559323e-07,2.4453092530776386e-07,1.963357010020444e-05,0.1405536546079454,13,highpass
1.3276795278055807e-07,5.871071004390121e-07,1.39906368559323e-07,2.4465595672013573e-07,1.963357010020444e-05,0.1405536546079454,13,highpass
1.2749476703189052e-07,5.871071004390121e-07,1.39906368559323e-07,2.4465595672013573e-07,1.963357010020444e-05,0.15469730145054078,13,highpass
1.2749476703189052e-07,5.871071004390121e-07,1.39906368559323e-07,2.4453092530776386e-07,1.963357010020444e-05,0.15469730145054078,13,highpass
1.3276795278055807e-07,5.871071004390121e-07,1.39906368559323e-07,2.4453092530776386e-07,1.963357010020444e-05,0.1405536546079454,13,highpass
1.3276795278055807e-07,5.871071004390121e-07,1.39906368559323e-07,2.4453092530776386e-07,1.963357010020444e-05,0.1405536546079454,13,highpass
1.3276795278055807e-07,5.871071004390121e-07,1.39906368559323e-07,2.4453092530776386e-07,1.963357010020444e-05,0.1405536546079454,13,highpass
1.3276795278055807e-07,5.871071004390121e-07,1.39906368559323e-07,2.4789788536344007e-07,1.963357010020444e-05,0.13935280290497937,13,highpass
1.3276795278055807e-07,5.871071004390121e-07,1.39906368559323e-07,2.4453092530776386e-07,1.963357010020444e-05,0.1405536546079454,13,highpass
1.3276795278055807e-07,5.871071004390121e-07,1.39906368559323e-07,2.4465595672013573e-07,1.963357010020444e-05,0.1405536546079454,13,highpass
1.3276795278055807e-07,5.871071004390121e-07,1.39906368559323e-07,2.4453092530776386e-07,1.963357010020444e-05,0.1405536546079454,13,highpass
1.3276795278055807e-07,5.871071004390121e-07,1.39906368559323e-07,2.4465595672013573e-07,1.963357010020444e-05,0.1405536546079454,13,highpass
1.3276795278055807e-07,5.871071004390121e-07,1.4015317642871665e-07,2.4453092530776386e-07,1.963357010020444e-05,0.1405536546079454,13,highpass
1.3276795278055807e-07,5.871071004390121e-07,1.39906368559323e-07,2.4453092530776386e-07,1.963357010020444e-05,0.1405536546079454,13,highpass
1.3276795278055807e-07,5.871071004390121e-07,1.39906368559323e-07,2.4453092530776386e-07,1.963357010020444e-05,0.1405536546079454,13,highpass
1.3276795278055807e-07,5.871071004390121e-07,1.39906368559323e-07,2.4453092530776386e-07,1.963357010020444e-05,0.1405536546079454,13,highpass
1.2749476703189052e-07,5.871071004390121e-07,2.479911562701331e-07,2.4453092530776386e-07,1.963357010020444e-05,-0.3500452244648071,13,highpass
1.3276795278055807e-07,5.871071004390121e-07,1.39906368559323e-07,2.4465595672013573e-07,2.085470929536449e-05,0.12567260019829757,13,highpass
1.3276795278055807e-07,5.871071004390121e-07,1.39906368559323e-07,2.4453092530776386e-07,1.963357010020444e-05,0.1405536546079454,13,highpass
1.3276795278055807e-07,5.871071004390121e-07,1.39906368559323e-07,2.4465595672013573e-07,1.963357010020444e-05,0.1405536546079454,13,highpass
1.2749476703189052e-07,5.871071004390121e-07,1.39906368559323e-07,2.4465595672013573e-07,1.963357010020444e-05,0.15469730145054078,13,highpass
1.2749476703189052e-07,5.871071004390121e-07,1.39906368559323e-07,2.4453092530776386e-07,1.963357010020444e-05,0.15469730145054078,13,highpass
1.3276795278055807e-07,5.871071004390121e-07,1.39906368559323e-07,2.4453092530776386e-07,1.963357010020444e-05,0.1405536546079454,13,highpass
1.3276795278055807e-07,5.871071004390121e-07,1.4443783531065918e-07,2.4453092530776386e-07,1.963357010020444e-05,0.06821508818626837,13,highpass
1.2749476703189052e-07,5.871071004390121e-07,1.39906368559323e-07,2.4453092530776386e-07,1.963357010020444e-05,0.15469730145054078,14,highpass
1.284410991519241e-07,5.871071004390121e-07,1.39906368559323e-07,2.4453092530776386e-07,1.963357010020444e-05,0.11359425589681016,14,highpass
1.3276795278055807e-07,5.871071004390121e-07,1.39906368559323e-07,2.4453092530776386e-07,1.963357010020444e-05,0.1405536546079454,14,highpass
1.2749476703189052e-07,5.712769606502729e-07,1.39906368559323e-07,2.4453092530776386e-07,1.963357010020444e-05,0.14645078007646273,14,highpass
1.2749476703189052e-07,5.987488676464384e-07,1.39906368559323e-07,2.4453092530776386e-07,1.963357010020444e-05,0.14614876059166193,14,highpass
1.2749476703189052e-07,5.871071004390121e-07,1.39906368559323e-07,2.4465595672013573e-07,1.963357010020444e-05,0.15469730145054078,14,highpass
1.2749476703189052e-07,5.871071004390121e-07,1.39906368559323e-07,2.4453092530776386e-07,1.963357010020444e-05,0.15469730145054078,14,highpass
1.3276795278055807e-07,5.871071004390121e-07,1.39906368559323e-07,2.4453092530776386e-07,1.963357010020444e-05,0.1405536546079454,14,highpass
1.3276795278055807e-07,5.871071004390121e-07,1.39906368559323e-07,2.4465595672013573e-07,1.963357010020444e-05,0.1405536546079454,14,highpass
1.2749476703189052e-07,5.871071004390121e-07,1.39906368559323e-07,2.4453092530776386e-07,1.963357010020444e-05,0.15469730145054078,14,highpass
1.2749476703189052e-07,5.871071004390121e-07,1.39906368559323e-07,2.4465595672013573e-07,1.963357010020444e-05,0.15469730145054078,14,highpass
1.2749476703189052e-07,5.871071004390121e-07,1.39906368559323e-07,2.4453092530776386e-07,1.963357010020444e-05,0.15469730145054078,14,highpass
1.2749476703189052e-07,5.871071004390121e-07,1.39906368559323e-07,2.4453092530776386e-07,1.963357010020444e-05,0.15469730145054078,14,highpass
1.2749476703189052e-07,6.624513686778665e-07,1.39906368559323e-07,2.4453092530776386e-07,1.963357010020444e-05,0.1010977132945351,14,highpass
1.2749476703189052e-07,5.871071004390121e-07,1.39906368559323e-07,2.4453092530776386e-07,1.963357010020444e-05,0.15469730145054078,14,highpass
1.2749476703189052e-07,5.871071004390121e-07,1.39906368559323e-07,2.4453092530776386e-07,1.963357010020444e-05,0.15469730145054078,14,highpass
1.2749476703189052e-07,5.871071004390121e-07,1.39906368559323e-07,2.4453092530776386e-07,1.963357010020444e-05,0.15469730145054078,14,highpass
1.2749476703189052e-07,5.871071004390121e-07,1.4015317642871665e-07,2.4453092530776386e-07,1.963357010020444e-05,0.15469730145054078,14,highpass
1.2749476703189052e-07,5.871071004390121e-07,1.39906368559323e-07,2.4453092530776386e-07,1.7667465097157838e-05,0.15276965623638555,14,highpass
1.2749476703189052e-07,5.871071004390121e-07,1.39906368559323e-07,2.4453092530776386e-07,1.963357010020444e-05,0.15469730145054078,14,highpass
1.2749476703189052e-07,5.871071004390121e-07,1.39906368559323e-07,2.4453092530776386e-07,1.963357010020444e-05,0.15469730145054078,14,highpass
1.2749476703189052e-07,5.871071004390121e-07,1.39906368559323e-07,2.4465595672013573e-07,1.963357010020444e-05,0.15469730145054078,14,highpass
1.3276795278055807e-07,5.871071004390121e-07,1.39906368559323e-07,2.4453092530776386e-07,1.963357010020444e-05,0.1405536546079454,14,highpass
1.2749476703189052e-07,5.871071004390121e-07,1.39906368559323e-07,2.4465595672013573e-07,1.963357010020444e-05,0.15469730145054078,14,highpass
1.2749476703189052e-07,5.871071004390121e-07,1.39906368559323e-07,2.4453092530776386e-07,1.963357010020444e-05,0.15469730145054078,14,highpass
1.3276795278055807e-07,5.871071004390121e-07,1.39906368559323e-07,2.4453092530776386e-07,2.5683230476324987e-05,0.1295045430364204,14,highpass
1.2749476703189052e-07,5.871071004390121e-07,1.39906368559323e-07,2.4465595672013573e-07,1.963357010020444e-05,0.15469730145054078,14,highpass
1.2749476703189052e-07,5.871071004390121e-07,1.39906368559323e-07,2.4453092530776386e-07,1.963357010020444e-05,0.15469730145054078,14,highpass
1.2749476703189052e-07,5.871071004390121e-07,1.39906368559323e-07,2.4453092530776386e-07,1.963357010020444e-05,0.15469730145054078,14,highpass
1.2749476703189052e-07,5.871071004390121e-07,1.39906368559323e-07,2.4453092530776386e-07,1.963357010020444e-05,0.15469730145054078,14,highpass
1.2749476703189052e-07,5.871071004390121e-07,1.39906368559323e-07,2.4453092530776386e-07,1.963357010020444e-05,0.15469730145054078,15,highpass
1.2749476703189052e-07,5.871071004390121e-07,1.39906368559323e-07,2.4453092530776386e-07,1.963357010020444e-05,0.15469730145054078,15,highpass
1.2749476703189052e-07,5.871071004390121e-07,1.39906368559323e-07,2.4453092530776386e-07,1.963357010020444e-05,0.15469730145054078,15,highpass
1.4207522604874448e-07,5.871071004390121e-07,1.39906368559323e-07,2.4453092530776386e-07,1.963357010020444e-05,0.10821893634896318,15,highpass
1.2749476703189052e-07,5.871071004390121e-07,1.39906368559323e-07,2.4465595672013573e-07,1.963357010020444e-05,0.15469730145054078,15,highpass
1.2749476703189052e-07,5.871071004390121e-07,1.39906368559323e-07,2.4465595672013573e-07,1.963357010020444e-05,0.15469730145054078,15,highpass
1.2749476703189052e-07,5.871071004390121e-07,1.39906368559323e-07,2.4453092530776386e-07,1.963357010020444e-05,0.15469730145054078,15,highpass
1.2749476703189052e-07,5.871071004390121e-07,1.39906368559323e-07,2.4453092530776386e-07,1.963357010020444e-05,0.15469730145054078,15,highpass
1.2749476703189052e-07,5.871071004390121e-07,1.39906368559323e-07,2.4453092530776386e-07,1.963357010020444e-05,0.15469730145054078,15,highpass
1.2749476703189052e-07,5.871071004390121e-07,1.39906368559323e-07,2.4453092530776386e-07,1.963357010020444e-05,0.15469730145054078,15,highpass
1.2749476703189052e-07,5.871071004390121e-07,1.39906368559323e-07,2.4453092530776386e-07,1.963357010020444e-05,0.15469730145054078,15,highpass
1.2749476703189052e-07,5.871071004390121e-07,1.39906368559323e-07,2.4453092530776386e-07,1.963357010020444e-05,0.15469730145054078,15,highpass
1.2749476703189052e-07,5.871071004390121e-07,1.39906368559323e-07,2.4465595672013573e-07,1.963357010020444e-05,0.15469730145054078,15,highpass
1.2749476703189052e-07,5.871071004390121e-07,1.39906368559323e-07,2.4465595672013573e-07,1.963357010020444e-05,0.15469730145054078,15,highpass
1.2749476703189052e-07,5.871071004390121e-07,1.39906368559323e-07,2.4465595672013573e-07,1.963357010020444e-05,0.15469730145054078,15,highpass
1.2749476703189052e-07,5.871071004390121e-07,1.39906368559323e-07,2.4453092530776386e-07,1.963357010020444e-05,0.15469730145054078,15,highpass
1.2749476703189052e-07,5.871071004390121e-07,1.39906368559323e-07,2.4453092530776386e-07,1.963357010020444e-05,0.15469730145054078,15,highpass
1.2749476703189052e-07,5.871071004390121e-07,1.39906368559323e-07,2.4453092530776386e-07,1.963357010020444e-05,0.15469730145054078,15,highpass
1.2749476703189052e-07,5.871071004390121e-07,1.39906368559323e-07,2.4453092530776386e-07,1.963357010020444e-05,0.15469730145054078,15,highpass
1.2749476703189052e-07,5.871071004390121e-07,1.39906368559323e-07,2.4453092530776386e-07,1.963357010020444e-05,0.15469730145054078,15,highpass
1.2749476703189052e-07,5.871071004390121e-07,1.39906368559323e-07,2.4453092530776386e-07,1.963357010020444e-05,0.15469730145054078,15,highpass
1.2749476703189052e-07,5.871071004390121e-07,1.39906368559323e-07,2.4453092530776386e-07,1.963357010020444e-05,0.15469730145054078,15,highpass
1.2749476703189052e-07,5.871071004390121e-07,1.39906368559323e-07,2.4453092530776386e-07,1.963357010020444e-05,0.15469730145054078,15,highpass
1.2749476703189052e-07,5.871071004390121e-07,1.3450334101254058e-07,2.4453092530776386e-07,1.963357010020444e-05,0.10381806710603658,15,highpass
1.2749476703189052e-07,5.871071004390121e-07,1.39906368559323e-07,2.4453092530776386e-07,1.963357010020444e-05,0.15469730145054078,15,highpass
1.2749476703189052e-07,5.871071004390121e-07,1.39906368559323e-07,2.4465595672013573e-07,1.963357010020444e-05,0.15469730145054078,15,highpass
1.2749476703189052e-07,5.871071004390121e-07,1.39906368559323e-07,2.4453092530776386e-07,1.963357010020444e-05,0.15469730145054078,15,highpass
1.2749476703189052e-07,5.871071004390121e-07,1.39906368559323e-07,2.4453092530776386e-07,1.963357010020444e-05,0.15469730145054078,15,highpass
1.2749476703189052e-07,5.871071004390121e-07,1.39906368559323e-07,2.4465595672013573e-07,1.963357010020444e-05,0.15469730145054078,15,highpass
1.2749476703189052e-07,5.871071004390121e-07,1.39906368559323e-07,2.4453092530776386e-07,1.963357010020444e-05,0.15469730145054078,15,highpass
1.2749476703189052e-07,5.871071004390121e-07,1.39906368559323e-07,2.4453092530776386e-07,1.963357010020444e-05,0.15469730145054078,16,highpass
1.2749476703189052e-07,5.871071004390121e-07,1.39906368559323e-07,2.4453092530776386e-07,1.963357010020444e-05,0.15469730145054078,16,highpass
1.2749476703189052e-07,5.871071004390121e-07,1.39906368559323e-07,2.4453092530776386e-07,1.963357010020444e-05,0.15469730145054078,16,highpass
1.2749476703189052e-07,5.871071004390121e-07,1.39906368559323e-07,2.4453092530776386e-07,1.963357010020444e-05,0.15469730145054078,16,highpass
1.2749476703189052e-07,5.871071004390121e-07,1.39906368559323e-07,2.4453092530776386e-07,1.963357010020444e-05,0.15469730145054078,16,highpass
1.2749476703189052e-07,5.871071004390121e-07,1.4030383166404906e-07,2.4453092530776386e-07,1.963357010020444e-05,0.15469730145054078,16,highpass
1.2749476703189052e-07,5.871071004390121e-07,1.39906368559323e-07,2.4453092530776386e-07,1.963357010020444e-05,0.15469730145054078,16,highpass
1.2749476703189052e-07,5.871071004390121e-07,1.39906368559323e-07,2.4453092530776386e-07,1.963357010020444e-05,0.15469730145054078,16,highpass
1.2749476703189052e-07,5.871071004390121e-07,1.39906368559323e-07,2.4465595672013573e-07,1.963357010020444e-05,0.15469730145054078,16,highpass
1.2749476703189052e-07,5.871071004390121e-07,1.39906368559323e-07,2.4453092530776386e-07,1.963357010020444e-05,0.15469730145054078,16,highpass
1.2749476703189052e-07,5.871071004390121e-07,1.39906368559323e-07,2.4465595672013573e-07,1.963357010020444e-05,0.15469730145054078,16,highpass
1.2749476703189052e-07,5.871071004390121e-07,1.39906368559323e-07,2.4453092530776386e-07,1.963357010020444e-05,0.15469730145054078,16,highpass
1.2749476703189052e-07,5.871071004390121e-07,1.39906368559323e-07,2.4453092530776386e-07,1.963357010020444e-05,0.15469730145054078,16,highpass
1.2749476703189052e-07,5.871071004390121e-07,1.39906368559323e-07,2.4453092530776386e-07,1.963357010020444e-05,0.15469730145054078,16,highpass
1.2749476703189052e-07,5.871071004390121e-07,1.39906368559323e-07,2.509661805627069e-07,1.963357010020444e-05,0.12183209600580719,16,highpass
1.2749476703189052e-07,5.871071004390121e-07,1.39906368559323e-07,2.4453092530776386e-07,1.963357010020444e-05,0.15469730145054078,16,highpass
1.2749476703189052e-07,5.871071004390121e-07,1.39906368559323e-07,2.4453092530776386e-07,1.963357010020444e-05,0.15469730145054078,16,highpass
1.2749476703189052e-07,5.871071004390121e-07,1.39906368559323e-07,2.4453092530776386e-07,1.963357010020444e-05,0.15469730145054078,16,highpass
1.2749476703189052e-07,5.871071004390121e-07,1.39906368559323e-07,2.4453092530776386e-07,1.963357010020444e-05,0.15469730145054078,16,highpass
1.2749476703189052e-07,5.871071004390121e-07,1.39906368559323e-07,2.4453092530776386e-07,1.963357010020444e-05,0.15469730145054078,16,highpass
1.2749476703189052e-07,5.871071004390121e-07,1.39906368559323e-07,2.4453092530776386e-07,2.142985076969713e-05,0.15546674859308496,16,highpass
1.2673038740315393e-07,5.871071004390121e-07,1.39906368559323e-07,2.4453092530776386e-07,1.963357010020444e-05,0.15469730145054078,16,highpass
1.2749476703189052e-07,3.110050580876071e-07,1.39906368559323e-07,2.4465595672013573e-07,1.963357010020444e-05,0.03795744465999063,16,highpass
1.2749476703189052e-07,5.871071004390121e-07,1.39906368559323e-07,2.4453092530776386e-07,1.963357010020444e-05,0.15469730145054078,16,highpass
1.2749476703189052e-07,5.871071004390121e-07,1.39906368559323e-07,2.4453092530776386e-07,1.963357010020444e-05,0.15469730145054078,16,highpass
1.2749476703189052e-07,5.871071004390121e-07,1.39906368559323e-07,2.4453092530776386e-07,1.963357010020444e-05,0.15469730145054078,16,highpass
1.2749476703189052e-07,5.871071004390121e-07,1.39906368559323e-07,2.4453092530776386e-07,1.963357010020444e-05,0.15469730145054078,16,highpass
1.2749476703189052e-07,5.871071004390121e-07,1.39906368559323e-07,2.4453092530776386e-07,1.963357010020444e-05,0.15469730145054078,16,highpass
1.2749476703189052e-07,5.871071004390121e-07,1.39906368559323e-07,2.4465595672013573e-07,1.963357010020444e-05,0.15469730145054078,16,highpass
1.2749476703189052e-07,5.871071004390121e-07,1.39906368559323e-07,2.4453092530776386e-07,1.963357010020444e-05,0.15469730145054078,16,highpass
1.2749476703189052e-07,5.871071004390121e-07,1.39906368559323e-07,2.4453092530776386e-07,2.142985076969713e-05,0.15546674859308496,17,highpass
1.2749476703189052e-07,5.871071004390121e-07,1.39906368559323e-07,2.4453092530776386e-07,2.142985076969713e-05,0.15546674859308496,17,highpass
1.2749476703189052e-07,5.871071004390121e-07,1.39906368559323e-07,2.4453092530776386e-07,1.963357010020444e-05,0.15469730145054078,17,highpass
1.2749476703189052e-07,5.871071004390121e-07,1.39906368559323e-07,2.4453092530776386e-07,1.963357010020444e-05,0.15469730145054078,17,highpass
1.2749476703189052e-07,5.871071004390121e-07,1.4484845837301364e-07,2.4453092530776386e-07,1.963357010020444e-05,0.09379683437327879,17,highpass
1.2749476703189052e-07,5.871071004390121e-07,1.39906368559323e-07,2.4453092530776386e-07,1.963357010020444e-05,0.15469730145054078,17,highpass
1.2749476703189052e-07,5.871071004390121e-07,1.39906368559323e-07,2.4453092530776386e-07,2.0197330882055597e-05,0.15725630605669422,17,highpass
1.2749476703189052e-07,5.871071004390121e-07,1.39906368559323e-07,2.4453092530776386e-07,1.963357010020444e-05,0.15469730145054078,17,highpass
1.2749476703189052e-07,5.871071004390121e-07,1.39906368559323e-07,2.4453092530776386e-07,1.963357010020444e-05,0.15469730145054078,17,highpass
1.2749476703189052e-07,5.871071004390121e-07,1.39906368559323e-07,2.4453092530776386e-07,1.963357010020444e-05,0.15469730145054078,17,highpass
1.2749476703189052e-07,5.871071004390121e-07,1.39906368559323e-07,2.4453092530776386e-07,1.963357010020444e-05,0.15469730145054078,17,highpass
1.2749476703189052e-07,5.871071004390121e-07,1.39906368559323e-07,2.4453092530776386e-07,1.963357010020444e-05,0.15469730145054078,17,highpass
1.2749476703189052e-07,5.871071004390121e-07,1.39906368559323e-07,2.4453092530776386e-07,1.963357010020444e-05,0.15469730145054078,17,highpass
1.2749476703189052e-07,5.871071004390121e-07,1.39906368559323e-07,2.4453092530776386e-07,2.142985076969713e-05,0.15546674859308496,17,highpass
1.2749476703189052e-07,5.871071004390121e-07,1.39906368559323e-07,2.4465595672013573e-07,1.963357010020444e-05,0.15469730145054078,17,highpass
1.2749476703189052e-07,5.871071004390121e-07,1.39906368559323e-07,2.4453092530776386e-07,1.963357010020444e-05,0.15469730145054078,17,highpass
1.2749476703189052e-07,5.871071004390121e-07,1.39906368559323e-07,2.4453092530776386e-07,1.963357010020444e-05,0.15469730145054078,17,highpass
1.2749476703189052e-07,5.871071004390121e-07,1.39906368559323e-07,2.4453092530776386e-07,1.963357010020444e-05,0.15469730145054078,17,highpass
1.2749476703189052e-07,5.871071004390121e-07,1.39906368559323e-07,2.4453092530776386e-07,1.963357010020444e-05,0.15469730145054078,17,highpass
1.2749476703189052e-07,5.871071004390121e-07,1.39906368559323e-07,2.4453092530776386e-07,1.963357010020444e-05,0.15469730145054078,17,highpass
1.2749476703189052e-07,5.871071004390121e-07,1.39906368559323e-07,2.4453092530776386e-07,1.963357010020444e-05,0.15469730145054078,17,highpass
1.2749476703189052e-07,5.871071004390121e-07,1.39906368559323e-07,2.4453092530776386e-07,1.963357010020444e-05,0.15469730145054078,17,highpass
1.2749476703189052e-07,5.871071004390121e-07,1.4030383166404906e-07,2.4453092530776386e-07,1.963357010020444e-05,0.15469730145054078,17,highpass
1.2749476703189052e-07,5.871071004390121e-07,1.39906368559323e-07,2.4453092530776386e-07,1.963357010020444e-05,0.15469730145054078,17,highpass
1.2749476703189052e-07,5.871071004390121e-07,1.39906368559323e-07,2.4465595672013573e-07,1.963357010020444e-05,0.15469730145054078,17,highpass
1.2749476703189052e-07,5.871071004390121e-07,1.39906368559323e-07,2.4453092530776386e-07,2.142985076969713e-05,0.15546674859308496,17,highpass
1.2749476703189052e-07,5.871071004390121e-07,1.39906368559323e-07,2.4453092530776386e-07,1.963357010020444e-05,0.15469730145054078,17,highpass
1.034682911893711e-07,5.871071004390121e-07,1.39906368559323e-07,2.4453092530776386e-07,1.963357010020444e-05,0.12983306760278063,17,highpass
1.2749476703189052e-07,5.871071004390121e-07,1.39906368559323e-07,2.4453092530776386e-07,2.142985076969713e-05,0.15546674859308496,17,highpass
1.2749476703189052e-07,5.871071004390121e-07,1.39906368559323e-07,2.4453092530776386e-07,2.142985076969713e-05,0.15546674859308496,17,highpass
1.2749476703189052e-07,5.871071004390121e-07,1.39906368559323e-07,2.4453092530776386e-07,2.0197330882055597e-05,0.15725630605669422,18,highpass
1.2749476703189052e-07,5.871071004390121e-07,1.39906368559323e-07,2.4453092530776386e-07,2.0197330882055597e-05,0.15725630605669422,18,highpass
1.2749476703189052e-07,5.871071004390121e-07,1.39906368559323e-07,2.4453092530776386e-07,2.3296661293171642e-05,0.15815384839051905,18,highpass
1.2749476703189052e-07,5.871071004390121e-07,1.4107191850172012e-07,2.4453092530776386e-07,2.142985076969713e-05,0.1140562363376576,18,highpass
1.2749476703189052e-07,5.871071004390121e-07,1.39906368559323e-07,2.4453092530776386e-07,2.142985076969713e-05,0.15546674859308496,18,highpass
1.2749476703189052e-07,5.871071004390121e-07,1.39906368559323e-07,2.4453092530776386e-07,2.142985076969713e-05,0.15546674859308496,18,highpass
1.2749476703189052e-07,5.871071004390121e-07,1.39906368559323e-07,2.4465595672013573e-07,1.963357010020444e-05,0.15469730145054078,18,highpass
1.2749476703189052e-07,5.871071004390121e-07,1.39906368559323e-07,2.4453092530776386e-07,2.142985076969713e-05,0.15546674859308496,18,highpass
1.2749476703189052e-07,5.871071004390121e-07,1.39906368559323e-07,2.4453092530776386e-07,1.963357010020444e-05,0.15469730145054078,18,highpass
1.2749476703189052e-07,5.871071004390121e-07,1.39906368559323e-07,2.4453092530776386e-07,2.142985076969713e-05,0.15546674859308496,18,highpass
1.2749476703189052e-07,5.871071004390121e-07,1.39906368559323e-07,2.4453092530776386e-07,2.142985076969713e-05,0.15546674859308496,18,highpass
1.2749476703189052e-07,5.871071004390121e-07,1.39906368559323e-07,2.512378287204252e-07,2.142985076969713e-05,0.12225644556341447,18,highpass
1.2749476703189052e-07,5.871071004390121e-07,1.39906368559323e-07,2.4453092530776386e-07,1.963357010020444e-05,0.15469730145054078,18,highpass
1.2749476703189052e-07,5.871071004390121e-07,1.39906368559323e-07,2.4453092530776386e-07,1.963357010020444e-05,0.15469730145054078,18,highpass
1.2749476703189052e-07,5.871071004390121e-07,1.39906368559323e-07,2.4453092530776386e-07,2.142985076969713e-05,0.15546674859308496,18,highpass
1.2749476703189052e-07,5.871071004390121e-07,1.39906368559323e-07,2.392685111698913e-07,1.963357010020444e-05,0.14678493116605584,18,highpass
1.2749476703189052e-07,5.871071004390121e-07,1.39906368559323e-07,2.4453092530776386e-07,2.142985076969713e-05,0.15546674859308496,18,highpass
1.2749476703189052e-07,5.871071004390121e-07,1.39906368559323e-07,2.4453092530776386e-07,1.963357010020444e-05,0.15469730145054078,18,highpass
1.2749476703189052e-07,5.871071004390121e-07,1.4030383166404906e-07,2.4453092530776386e-07,1.963357010020444e-05,0.15469730145054078,18,highpass
1.2749476703189052e-07,6.98424529730304e-07,1.39906368559323e-07,2.4453092530776386e-07,1.963357010020444e-05,0.09930985050514107,18,highpass
1.2749476703189052e-07,5.871071004390121e-07,1.39906368559323e-07,2.4453092530776386e-07,1.963357010020444e-05,0.15469730145054078,18,highpass
1.2749476703189052e-07,5.871071004390121e-07,1.39906368559323e-07,2.4453092530776386e-07,2.142985076969713e-05,0.15546674859308496,18,highpass
1.2749476703189052e-07,5.871071004390121e-07,1.39906368559323e-07,2.4453092530776386e-07,2.142985076969713e-05,0.15546674859308496,18,highpass
1.2749476703189052e-07,5.871071004390121e-07,1.39906368559323e-07,2.4453092530776386e-07,2.142985076969713e-05,0.15546674859308496,18,highpass
1.2749476703189052e-07,5.871071004390121e-07,1.39906368559323e-07,2.4453092530776386e-07,1.963357010020444e-05,0.15469730145054078,18,highpass
1.2749476703189052e-07,5.871071004390121e-07,1.39906368559323e-07,2.4453092530776386e-07,2.142985076969713e-05,0.15546674859308496,18,highpass
1.5696889410128878e-07,5.871071004390121e-07,1.39906368559323e-07,2.4453092530776386e-07,1.963357010020444e-05,0.09665921899475849,18,highpass
1.2749476703189052e-07,5.871071004390121e-07,1.39906368559323e-07,2.4453092530776386e-07,2.142985076969713e-05,0.15546674859308496,18,highpass
1.2749476703189052e-07,5.871071004390121e-07,1.39906368559323e-07,2.4453092530776386e-07,1.963357010020444e-05,0.15469730145054078,18,highpass
1.2749476703189052e-07,5.871071004390121e-07,1.39906368559323e-07,2.4453092530776386e-07,2.142985076969713e-05,0.15546674859308496,18,highpass
1.2749476703189052e-07,5.871071004390121e-07,1.39906368559323e-07,2.4453092530776386e-07,2.3296661293171642e-05,0.15815384839051905,19,highpass
1.1791360107253724e-07,5.871071004390121e-07,1.39906368559323e-07,2.4453092530776386e-07,2.0197330882055597e-05,0.10852111825089195,19,highpass
1.2749476703189052e-07,5.871071004390121e-07,1.39906368559323e-07,2.4453092530776386e-07,2.142985076969713e-05,0.15546674859308496,19,highpass
1.2749476703189052e-07,5.871071004390121e-07,1.39906368559323e-07,2.4453092530776386e-07,2.142985076969713e-05,0.15546674859308496,19,highpass
1.2749476703189052e-07,5.871071004390121e-07,1.39906368559323e-07,2.4453092530776386e-07,2.0197330882055597e-05,0.15725630605669422,19,highpass
1.2749476703189052e-07,5.871071004390121e-07,1.39906368559323e-07,2.4453092530776386e-07,2.3296661293171642e-05,0.15815384839051905,19,highpass
1.2749476703189052e-07,5.871071004390121e-07,1.39906368559323e-07,2.4453092530776386e-07,2.0197330882055597e-05,0.15725630605669422,19,highpass
1.2749476703189052e-07,5.871071004390121e-07,1.39906368559323e-07,2.4453092530776386e-07,2.0197330882055597e-05,0.15725630605669422,19,highpass
2.288743513497183e-07,5.871071004390121e-07,1.39906368559323e-07,2.4453092530776386e-07,2.3296661293171642e-05,0.037994705067829815,19,highpass
1.2749476703189052e-07,5.871071004390121e-07,1.39906368559323e-07,2.4453092530776386e-07,2.0197330882055597e-05,0.15725630605669422,19,highpass
1.2749476703189052e-07,5.871071004390121e-07,1.39906368559323e-07,2.4453092530776386e-07,2.3296661293171642e-05,0.15815384839051905,19,highpass
1.2749476703189052e-07,5.871071004390121e-07,1.39906368559323e-07,2.5436235502768355e-07,2.0197330882055597e-05,0.12233518451571862,19,highpass
1.2749476703189052e-07,5.871071004390121e-07,1.39906368559323e-07,2.4453092530776386e-07,2.0197330882055597e-05,0.15725630605669422,19,highpass
1.2749476703189052e-07,5.871071004390121e-07,1.39906368559323e-07,2.4453092530776386e-07,2.3296661293171642e-05,0.15815384839051905,19,highpass
1.2749476703189052e-07,5.871071004390121e-07,1.39906368559323e-07,2.4453092530776386e-07,2.0197330882055597e-05,0.15725630605669422,19,highpass
1.2936388036197176e-07,5.871071004390121e-07,1.39906368559323e-07,2.4453092530776386e-07,2.142985076969713e-05,0.08885046003523733,19,highpass
1.2749476703189052e-07,5.871071004390121e-07,1.39906368559323e-07,2.4453092530776386e-07,2.142985076969713e-05,0.15546674859308496,19,highpass
1.2749476703189052e-07,5.871071004390121e-07,1.39906368559323e-07,2.4465595672013573e-07,1.963357010020444e-05,0.1547485356267448,19,highpass
1.2749476703189052e-07,5.871071004390121e-07,1.39906368559323e-07,2.4453092530776386e-07,2.0197330882055597e-05,0.15725630605669422,19,highpass
1.2749476703189052e-07,5.871071004390121e-07,1.39906368559323e-07,2.4453092530776386e-07,2.142985076969713e-05,0.15546674859308496,19,highpass
1.2749476703189052e-07,5.871071004390121e-07,1.3326965106158565e-07,2.4453092530776386e-07,2.0197330882055597e-05,0.11412896401002914,19,highpass
1.2749476703189052e-07,5.871071004390121e-07,1.39906368559323e-07,2.4453092530776386e-07,2.142985076969713e-05,0.15546674859308496,19,highpass
1.2749476703189052e-07,5.871071004390121e-07,1.39906368559323e-07,2.4453092530776386e-07,2.142985076969713e-05,0.15546674859308496,19,highpass
1.2749476703189052e-07,5.871071004390121e-07,1.39906368559323e-07,2.4453092530776386e-07,2.142985076969713e-05,0.15546674859308496,19,highpass
1.2749476703189052e-07,5.871071004390121e-07,1.39906368559323e-07,2.4453092530776386e-07,2.142985076969713e-05,0.15546674859308496,19,highpass
1.2749476703189052e-07,5.871071004390121e-07,1.39906368559323e-07,2.4453092530776386e-07,2.142985076969713e-05,0.15546674859308496,19,highpass
1.2749476703189052e-07,5.871071004390121e-07,1.39906368559323e-07,2.4453092530776386e-07,2.0197330882055597e-05,0.15725630605669422,19,highpass
1.2749476703189052e-07,5.871071004390121e-07,1.39906368559323e-07,2.4453092530776386e-07,4.669782331222451e-05,0.1645052563722369,19,highpass
1.2749476703189052e-07,5.871071004390121e-07,1.39906368559323e-07,2.4453092530776386e-07,2.0197330882055597e-05,0.15725630605669422,19,highpass
1.2749476703189052e-07,5.871071004390121e-07,1.39906368559323e-07,2.4453092530776386e-07,2.0197330882055597e-05,0.15725630605669422,19,highpass
1.2749476703189052e-07,5.871071004390121e-07,1.39906368559323e-07,2.4453092530776386e-07,4.669782331222451e-05,0.1645052563722369,20,highpass
1.2749476703189052e-07,5.871071004390121e-07,1.39906368559323e-07,2.4453092530776386e-07,2.0197330882055597e-05,0.15725630605669422,20,highpass
1.2749476703189052e-07,5.871071004390121e-07,1.39906368559323e-07,2.4453092530776386e-07,4.669782331222451e-05,0.1645052563722369,20,highpass
1.2749476703189052e-07,5.871071004390121e-07,1.39906368559323e-07,2.4453092530776386e-07,2.3296661293171642e-05,0.15815384839051905,20,highpass
1.2749476703189052e-07,5.871071004390121e-07,1.39906368559323e-07,2.4453092530776386e-07,2.3296661293171642e-05,0.15815384839051905,20,highpass
1.2749476703189052e-07,5.871071004390121e-07,1.39906368559323e-07,2.4453092530776386e-07,2.0197330882055597e-05,0.15725630605669422,20,highpass
1.2749476703189052e-07,5.871071004390121e-07,1.39906368559323e-07,2.4453092530776386e-07,2.0197330882055597e-05,0.15725630605669422,20,highpass
1.2749476703189052e-07,5.871071004390121e-07,1.39906368559323e-07,2.4453092530776386e-07,2.3296661293171642e-05,0.15815384839051905,20,highpass
1.2749476703189052e-07,5.871071004390121e-07,1.39906368559323e-07,2.4453092530776386e-07,4.669782331222451e-05,0.1645052563722369,20,highpass
1.2749476703189052e-07,5.871071004390121e-07,1.39906368559323e-07,2.4453092530776386e-07,4.669782331222451e-05,0.1645052563722369,20,highpass
1.2749476703189052e-07,5.871071004390121e-07,1.39906368559323e-07,2.4453092530776386e-07,2.3296661293171642e-05,0.15815384839051905,20,highpass
1.2749476703189052e-07,5.871071004390121e-07,1.39906368559323e-07,2.4453092530776386e-07,2.0197330882055597e-05,0.15725630605669422,20,highpass
1.2749476703189052e-07,5.871071004390121e-07,1.39906368559323e-07,2.4453092530776386e-07,2.3296661293171642e-05,0.15815384839051905,20,highpass
1.2749476703189052e-07,5.871071004390121e-07,1.39906368559323e-07,2.4453092530776386e-07,4.669782331222451e-05,0.1645052563722369,20,highpass
1.2749476703189052e-07,5.871071004390121e-07,1.39906368559323e-07,2.4453092530776386e-07,2.0197330882055597e-05,0.15725630605669422,20,highpass
1.2749476703189052e-07,6.974505474753199e-07,1.39906368559323e-07,2.4453092530776386e-07,2.3296661293171642e-05,0.1048664050127256,20,highpass
1.2749476703189052e-07,5.871071004390121e-07,1.39906368559323e-07,2.4453092530776386e-07,2.3296661293171642e-05,0.15815384839051905,20,highpass
1.2749476703189052e-07,5.871071004390121e-07,1.39906368559323e-07,2.4453092530776386e-07,2.0197330882055597e-05,0.15725630605669422,20,highpass
1.2749476703189052e-07,5.871071004390121e-07,1.39906368559323e-07,2.4453092530776386e-07,2.3296661293171642e-05,0.15815384839051905,20,highpass
1.2749476703189052e-07,5.871071004390121e-07,1.39906368559323e-07,2.4453092530776386e-07,2.3296661293171642e-05,0.15815384839051905,20,highpass
1.2749476703189052e-07,5.871071004390121e-07,1.39906368559323e-07,2.4453092530776386e-07,4.669782331222451e-05,0.1645052563722369,20,highpass
1.2749476703189052e-07,5.871071004390121e-07,1.39906368559323e-07,2.4453092530776386e-07,2.3296661293171642e-05,0.15815384839051905,20,highpass
1.2749476703189052e-07,5.871071004390121e-07,1.39906368559323e-07,2.4453092530776386e-07,2.3296661293171642e-05,0.15815384839051905,20,highpass
1.2749476703189052e-07,5.871071004390121e-07,1.39906368559323e-07,2.4453092530776386e-07,2.0197330882055597e-05,0.15725630605669422,20,highpass
1.2749476703189052e-07,5.871071004390121e-07,1.39906368559323e-07,2.4453092530776386e-07,2.3296661293171642e-05,0.15815384839051905,20,highpass
1.2749476703189052e-07,5.871071004390121e-07,1.39906368559323e-07,2.4453092530776386e-07,2.0197330882055597e-05,0.15725630605669422,20,highpass
1.2749476703189052e-07,5.871071004390121e-07,1.39906368559323e-07,2.4453092530776386e-07,2.3296661293171642e-05,0.15815384839051905,20,highpass
1.2749476703189052e-07,5.871071004390121e-07,1.39906368559323e-07,2.4453092530776386e-07,2.3296661293171642e-05,0.15815384839051905,20,highpass
1.2749476703189052e-07,5.871071004390121e-07,1.39906368559323e-07,2.4453092530776386e-07,2.3296661293171642e-05,0.15815384839051905,20,highpass
1.2749476703189052e-07,5.871071004390121e-07,2.455059522313827e-07,2.4453092530776386e-07,2.3296661293171642e-05,-0.41138692390080317,20,highpass
1.2749476703189052e-07,5.871071004390121e-07,1.39906368559323e-07,2.4453092530776386e-07,4.669782331222451e-05,0.1645052563722369,21,highpass
1.2749476703189052e-07,5.871071004390121e-07,1.39906368559323e-07,2.4453092530776386e-07,4.669782331222451e-05,0.1645052563722369,21,highpass
1.2749476703189052e-07,5.871071004390121e-07,1.39906368559323e-07,2.4453092530776386e-07,4.669782331222451e-05,0.1645052563722369,21,highpass
1.2749476703189052e-07,5.871071004390121e-07,1.39906368559323e-07,2.4453092530776386e-07,4.669782331222451e-05,0.1645052563722369,21,highpass
1.2749476703189052e-07,5.871071004390121e-07,1.39906368559323e-07,2.4453092530776386e-07,4.669782331222451e-05,0.1645052563722369,21,highpass
1.2749476703189052e-07,5.871071004390121e-07,1.39906368559323e-07,2.4453092530776386e-07,4.669782331222451e-05,0.1645052563722369,21,highpass
1.2749476703189052e-07,5.871071004390121e-07,1.39906368559323e-07,2.4453092530776386e-07,2.3296661293171642e-05,0.15815384839051905,21,highpass
1.2749476703189052e-07,5.871071004390121e-07,1.39906368559323e-07,2.4453092530776386e-07,4.669782331222451e-05,0.1645052563722369,21,highpass
1.2749476703189052e-07,5.871071004390121e-07,1.39906368559323e-07,2.4453092530776386e-07,4.669782331222451e-05,0.1645052563722369,21,highpass
1.2749476703189052e-07,5.871071004390121e-07,1.39906368559323e-07,2.4453092530776386e-07,4.669782331222451e-05,0.1645052563722369,21,highpass
1.2749476703189052e-07,5.871071004390121e-07,1.39906368559323e-07,2.4453092530776386e-07,4.669782331222451e-05,0.1645052563722369,21,highpass
1.2749476703189052e-07,5.871071004390121e-07,1.39906368559323e-07,2.4453092530776386e-07,4.669782331222451e-05,0.1645052563722369,21,highpass
1.2749476703189052e-07,5.871071004390121e-07,1.39906368559323e-07,2.4453092530776386e-07,2.3296661293171642e-05,0.15815384839051905,21,highpass
1.2749476703189052e-07,5.871071004390121e-07,1.39906368559323e-07,2.4453092530776386e-07,4.669782331222451e-05,0.1645052563722369,21,highpass
1.2749476703189052e-07,5.871071004390121e-07,1.39906368559323e-07,2.4453092530776386e-07,4.669782331222451e-05,0.1645052563722369,21,highpass
1.2749476703189052e-07,5.871071004390121e-07,1.39906368559323e-07,2.4453092530776386e-07,4.669782331222451e-05,0.1645052563722369,21,highpass
1.2749476703189052e-07,5.871071004390121e-07,1.39906368559323e-07,2.4453092530776386e-07,4.669782331222451e-05,0.1645052563722369,21,highpass
1.2749476703189052e-07,5.871071004390121e-07,1.39906368559323e-07,2.4453092530776386e-07,4.480650251721188e-05,0.16322121016547503,21,highpass
1.2749476703189052e-07,5.871071004390121e-07,1.39906368559323e-07,2.4453092530776386e-07,4.669782331222451e-05,0.1645052563722369,21,highpass
1.2749476703189052e-07,5.871071004390121e-07,1.39906368559323e-07,2.4453092530776386e-07,4.669782331222451e-05,0.1645052563722369,21,highpass
1.2749476703189052e-07,5.871071004390121e-07,1.39906368559323e-07,2.3809420182375873e-07,2.3296661293171642e-05,0.15296891863653705,21,highpass
1.2749476703189052e-07,5.871071004390121e-07,1.39906368559323e-07,2.4453092530776386e-07,2.3296661293171642e-05,0.15815384839051905,21,highpass
1.2749476703189052e-07,5.871071004390121e-07,1.39906368559323e-07,2.4453092530776386e-07,2.3296661293171642e-05,0.15815384839051905,21,highpass
1.2749476703189052e-07,5.871071004390121e-07,1.39906368559323e-07,2.4453092530776386e-07,4.669782331222451e-05,0.1645052563722369,21,highpass
1.2749476703189052e-07,5.871071004390121e-07,1.39906368559323e-07,2.4453092530776386e-07,2.3296661293171642e-05,0.15815384839051905,21,highpass
1.2749476703189052e-07,5.871071004390121e-07,1.39906368559323e-07,1.5897194046356906e-07,4.669782331222451e-05,0.03287182384158016,21,highpass
1.2749476703189052e-07,5.871071004390121e-07,1.39906368559323e-07,2.4453092530776386e-07,4.669782331222451e-05,0.1645052563722369,21,highpass
1.2749476703189052e-07,5.871071004390121e-07,1.39906368559323e-07,2.4453092530776386e-07,2.3296661293171642e-05,0.15815384839051905,21,highpass
2.3480887632936037e-07,5.871071004390121e-07,1.39906368559323e-07,2.4453092530776386e-07,4.669782331222451e-05,0.02573376096470892,21,highpass
1.2749476703189052e-07,5.871071004390121e-07,1.39906368559323e-07,2.4453092530776386e-07,2.3296661293171642e-05,0.15815384839051905,21,highpass
1.2749476703189052e-07,5.871071004390121e-07,1.39906368559323e-07,2.4453092530776386e-07,4.669782331222451e-05,0.1645052563722369,22,highpass
1.2749476703189052e-07,5.871071004390121e-07,1.39906368559323e-07,2.4453092530776386e-07,4.669782331222451e-05,0.1645052563722369,22,highpass
1.3175471544426256e-07,5.871071004390121e-07,1.39906368559323e-07,2.4453092530776386e-07,4.669782331222451e-05,0.09245551534393798,22,highpass
1.2749476703189052e-07,5.871071004390121e-07,1.39906368559323e-07,2.4453092530776386e-07,4.669782331222451e-05,0.1645052563722369,22,highpass
1.2749476703189052e-07,5.871071004390121e-07,1.39906368559323e-07,2.4453092530776386e-07,4.669782331222451e-05,0.1645052563722369,22,highpass
1.2749476703189052e-07,5.871071004390121e-07,1.39906368559323e-07,2.4453092530776386e-07,4.669782331222451e-05,0.1645052563722369,22,highpass
1.2749476703189052e-07,5.871071004390121e-07,1.39906368559323e-07,2.4453092530776386e-07,4.669782331222451e-05,0.1645052563722369,22,highpass
1.7251435467881805e-07,5.871071004390121e-07,1.39906368559323e-07,2.4453092530776386e-07,4.669782331222451e-05,0.08310932846199154,22,highpass
1.2749476703189052e-07,5.871071004390121e-07,1.39906368559323e-07,2.4453092530776386e-07,4.669782331222451e-05,0.1645052563722369,22,highpass
1.2749476703189052e-07,5.871071004390121e-07,1.39906368559323e-07,2.4453092530776386e-07,4.669782331222451e-05,0.1645052563722369,22,highpass
1.2749476703189052e-07,5.871071004390121e-07,1.39906368559323e-07,2.4453092530776386e-07,4.669782331222451e-05,0.1645052563722369,22,highpass
1.2749476703189052e-07,5.871071004390121e-07,1.39906368559323e-07,2.446821369414488e-07,4.669782331222451e-05,0.1645052563722369,22,highpass
1.2749476703189052e-07,5.871071004390121e-07,1.39906368559323e-07,2.4453092530776386e-07,4.669782331222451e-05,0.1645052563722369,22,highpass
1.2749476703189052e-07,5.871071004390121e-07,1.39906368559323e-07,2.4453092530776386e-07,4.669782331222451e-05,0.1645052563722369,22,highpass
1.2749476703189052e-07,5.871071004390121e-07,1.39906368559323e-07,2.491163912940776e-07,4.669782331222451e-05,0.16271680957951318,22,highpass
1.2749476703189052e-07,5.871071004390121e-07,1.39906368559323e-07,2.4453092530776386e-07,4.669782331222451e-05,0.1645052563722369,22,highpass
1.2749476703189052e-07,5.871071004390121e-07,1.39906368559323e-07,2.4453092530776386e-07,4.669782331222451e-05,0.1645052563722369,22,highpass
1.2749476703189052e-07,5.871071004390121e-07,1.39906368559323e-07,2.4453092530776386e-07,4.669782331222451e-05,0.1645052563722369,22,highpass
1.2749476703189052e-07,5.871071004390121e-07,1.39906368559323e-07,2.4453092530776386e-07,6.366590862714152e-06,0.12632627072873026,22,highpass
1.2749476703189052e-07,5.871071004390121e-07,1.39906368559323e-07,2.4453092530776386e-07,4.669782331222451e-05,0.1645052563722369,22,highpass
1.2749476703189052e-07,5.871071004390121e-07,1.39906368559323e-07,2.4453092530776386e-07,4.669782331222451e-05,0.1645052563722369,22,highpass
1.2749476703189052e-07,5.871071004390121e-07,1.39906368559323e-07,2.4453092530776386e-07,4.669782331222451e-05,0.1645052563722369,22,highpass
1.2749476703189052e-07,5.871071004390121e-07,1.39906368559323e-07,2.4453092530776386e-07,4.669782331222451e-05,0.1645052563722369,22,highpass
1.2749476703189052e-07,5.871071004390121e-07,1.39906368559323e-07,2.4453092530776386e-07,4.669782331222451e-05,0.1645052563722369,22,highpass
1.2749476703189052e-07,5.871071004390121e-07,1.39906368559323e-07,2.4453092530776386e-07,4.669782331222451e-05,0.1645052563722369,22,highpass
1.2749476703189052e-07,5.871071004390121e-07,1.39906368559323e-07,2.4453092530776386e-07,4.669782331222451e-05,0.1645052563722369,22,highpass
1.2749476703189052e-07,5.871071004390121e-07,1.39906368559323e-07,2.4453092530776386e-07,4.669782331222451e-05,0.1645052563722369,22,highpass
1.2749476703189052e-07,5.890921221311568e-07,1.39906368559323e-07,2.4453092530776386e-07,4.669782331222451e-05,0.16458755507479322,22,highpass
1.2872479055086432e-07,5.871071004390121e-07,1.39906368559323e-07,2.4453092530776386e-07,4.669782331222451e-05,0.10683455892332461,22,highpass
1.2749476703189052e-07,5.871071004390121e-07,1.39906368559323e-07,2.4453092530776386e-07,4.669782331222451e-05,0.1645052563722369,22,highpass
1.2749476703189052e-07,5.890921221311568e-07,1.39906368559323e-07,2.4453092530776386e-07,4.669782331222451e-05,0.16458755507479322,23,highpass
1.2749476703189052e-07,5.871071004390121e-07,1.39906368559323e-07,2.4453092530776386e-07,4.669782331222451e-05,0.1645052563722369,23,highpass
1.2749476703189052e-07,4.047963161237551e-07,1.39906368559323e-07,2.4453092530776386e-07,4.669782331222451e-05,0.07092448580861252,23,highpass
1.2749476703189052e-07,5.871071004390121e-07,1.39906368559323e-07,2.4453092530776386e-07,4.669782331222451e-05,0.1645052563722369,23,highpass
1.2749476703189052e-07,5.871071004390121e-07,1.39906368559323e-07,2.446821369414488e-07,4.669782331222451e-05,0.1645052563722369,23,highpass
1.2749476703189052e-07,5.871071004390121e-07,1.39906368559323e-07,2.4453092530776386e-07,4.669782331222451e-05,0.1645052563722369,23,highpass
1.2749476703189052e-07,5.871071004390121e-07,1.39906368559323e-07,2.4453092530776386e-07,4.669782331222451e-05,0.1645052563722369,23,highpass
1.6081448247693733e-07,5.890921221311568e-07,1.39906368559323e-07,2.4453092530776386e-07,4.669782331222451e-05,0.08496356613799916,23,highpass
1.2749476703189052e-07,5.871071004390121e-07,1.39906368559323e-07,2.4453092530776386e-07,4.669782331222451e-05,0.1645052563722369,23,highpass
2.154751983558248e-07,5.871071004390121e-07,1.39906368559323e-07,2.4453092530776386e-07,4.669782331222451e-05,0.05343153939369871,23,highpass
1.2749476703189052e-07,5.871071004390121e-07,1.39906368559323e-07,2.4453092530776386e-07,4.669782331222451e-05,0.1645052563722369,23,highpass
1.2749476703189052e-07,5.871071004390121e-07,1.39906368559323e-07,2.4453092530776386e-07,4.669782331222451e-05,0.1645052563722369,23,highpass
1.2749476703189052e-07,5.871071004390121e-07,1.39906368559323e-07,2.4453092530776386e-07,4.669782331222451e-05,0.1645052563722369,23,highpass
1.2749476703189052e-07,5.871071004390121e-07,1.39906368559323e-07,2.4453092530776386e-07,4.878784265712961e-05,0.17435197172955863,23,highpass
1.2749476703189052e-07,5.871071004390121e-07,1.39906368559323e-07,2.4453092530776386e-07,4.669782331222451e-05,0.1645052563722369,23,highpass
1.2749476703189052e-07,5.871071004390121e-07,1.39906368559323e-07,2.4453092530776386e-07,4.669782331222451e-05,0.1645052563722369,23,highpass
1.2749476703189052e-07,5.871071004390121e-07,1.39906368559323e-07,2.4453092530776386e-07,4.669782331222451e-05,0.1645052563722369,23,highpass
1.2749476703189052e-07,5.871071004390121e-07,1.39906368559323e-07,2.4453092530776386e-07,4.669782331222451e-05,0.1645052563722369,23,highpass
1.2749476703189052e-07,5.871071004390121e-07,1.39906368559323e-07,2.4453092530776386e-07,4.669782331222451e-05,0.1645052563722369,23,highpass
1.2749476703189052e-07,5.871071004390121e-07,1.39906368559323e-07,2.4453092530776386e-07,4.669782331222451e-05,0.1645052563722369,23,highpass
1.2749476703189052e-07,5.871071004390121e-07,1.39906368559323e-07,2.4453092530776386e-07,4.669782331222451e-05,0.1645052563722369,23,highpass
1.2749476703189052e-07,5.871071004390121e-07,1.39906368559323e-07,2.4453092530776386e-07,4.669782331222451e-05,0.1645052563722369,23,highpass
1.2749476703189052e-07,5.871071004390121e-07,1.39906368559323e-07,2.4453092530776386e-07,4.669782331222451e-05,0.1645052563722369,23,highpass
1.2749476703189052e-07,5.871071004390121e-07,1.39906368559323e-07,2.4453092530776386e-07,4.7106706045844205e-05,0.16792398966240651,23,highpass
1.2749476703189052e-07,5.871071004390121e-07,1.39906368559323e-07,2.4453092530776386e-07,4.669782331222451e-05,0.1645052563722369,23,highpass
1.2749476703189052e-07,5.871071004390121e-07,1.39906368559323e-07,2.4453092530776386e-07,4.669782331222451e-05,0.1645052563722369,23,highpass
1.2749476703189052e-07,5.871071004390121e-07,1.39906368559323e-07,2.4453092530776386e-07,4.669782331222451e-05,0.1645052563722369,23,highpass
1.2749476703189052e-07,5.871071004390121e-07,1.39906368559323e-07,2.4453092530776386e-07,4.669782331222451e-05,0.1645052563722369,23,highpass
1.2749476703189052e-07,5.871071004390121e-07,1.39906368559323e-07,2.4453092530776386e-07,4.669782331222451e-05,0.1645052563722369,23,highpass
1.2749476703189052e-07,5.871071004390121e-07,2.427162573126813e-07,2.4453092530776386e-07,4.669782331222451e-05,-0.300664627738341,23,highpass
1.2749476703189052e-07,5.871071004390121e-07,1.39906368559323e-07,2.4453092530776386e-07,4.878784265712961e-05,0.17435197172955863,24,highpass
1.2749476703189052e-07,5.871071004390121e-07,1.39906368559323e-07,2.4453092530776386e-07,4.669782331222451e-05,0.1645052563722369,24,highpass
1.2749476703189052e-07,5.871071004390121e-07,1.39906368559323e-07,2.4453092530776386e-07,4.669782331222451e-05,0.1645052563722369,24,highpass
1.2749476703189052e-07,5.871071004390121e-07,1.39906368559323e-07,2.4453092530776386e-07,4.7106706045844205e-05,0.16792398966240651,24,highpass
1.2749476703189052e-07,5.871071004390121e-07,1.39906368559323e-07,2.4453092530776386e-07,4.669782331222451e-05,0.1645052563722369,24,highpass
1.2749476703189052e-07,5.871071004390121e-07,1.39906368559323e-07,2.4453092530776386e-07,4.669782331222451e-05,0.1645052563722369,24,highpass
1.2749476703189052e-07,5.871071004390121e-07,1.3705054364513114e-07,2.4453092530776386e-07,4.669782331222451e-05,0.025749465459390386,24,highpass
1.2681507638325303e-07,5.871071004390121e-07,1.39906368559323e-07,2.4453092530776386e-07,4.669782331222451e-05,0.1645052563722369,24,highpass
1.2749476703189052e-07,5.871071004390121e-07,1.39906368559323e-07,2.4453092530776386e-07,4.7106706045844205e-05,0.16792398966240651,24,highpass
1.2749476703189052e-07,5.871071004390121e-07,1.39906368559323e-07,2.4453092530776386e-07,4.878784265712961e-05,0.17435197172955863,24,highpass
1.2749476703189052e-07,5.871071004390121e-07,1.39906368559323e-07,2.4453092530776386e-07,4.669782331222451e-05,0.1645052563722369,24,highpass
1.2749476703189052e-07,5.871071004390121e-07,1.39906368559323e-07,2.4453092530776386e-07,4.7106706045844205e-05,0.16792398966240651,24,highpass
1.2749476703189052e-07,5.871071004390121e-07,1.39906368559323e-07,2.4453092530776386e-07,4.669782331222451e-05,0.1645052563722369,24,highpass
1.2749476703189052e-07,5.871071004390121e-07,1.39906368559323e-07,2.4453092530776386e-07,4.878784265712961e-05,0.17435197172955863,24,highpass
1.2749476703189052e-07,5.871071004390121e-07,1.39906368559323e-07,2.4453092530776386e-07,4.669782331222451e-05,0.1645052563722369,24,highpass
1.2749476703189052e-07,5.871071004390121e-07,1.39906368559323e-07,2.4453092530776386e-07,4.878784265712961e-05,0.17435197172955863,24,highpass
1.2749476703189052e-07,5.871071004390121e-07,1.39906368559323e-07,2.4453092530776386e-07,4.669782331222451e-05,0.1645052563722369,24,highpass
1.2749476703189052e-07,5.871071004390121e-07,1.39906368559323e-07,2.4453092530776386e-07,4.669782331222451e-05,0.1645052563722369,24,highpass
1.2749476703189052e-07,5.871071004390121e-07,1.39906368559323e-07,2.4453092530776386e-07,4.669782331222451e-05,0.1645052563722369,24,highpass
1.2749476703189052e-07,5.871071004390121e-07,1.39906368559323e-07,2.4453092530776386e-07,4.669782331222451e-05,0.1645052563722369,24,highpass
1.2749476703189052e-07,5.871071004390121e-07,1.39906368559323e-07,2.4453092530776386e-07,4.7106706045844205e-05,0.16792398966240651,24,highpass
1.2749476703189052e-07,5.871071004390121e-07,1.39906368559323e-07,2.4453092530776386e-07,4.878784265712961e-05,0.17435197172955863,24,highpass
1.2749476703189052e-07,5.871071004390121e-07,1.39906368559323e-07,2.4453092530776386e-07,4.669782331222451e-05,0.1645052563722369,24,highpass
1.2749476703189052e-07,5.871071004390121e-07,1.39906368559323e-07,2.4453092530776386e-07,4.669782331222451e-05,0.1645052563722369,24,highpass
1.2749476703189052e-07,5.871071004390121e-07,1.39906368559323e-07,2.4453092530776386e-07,4.669782331222451e-05,0.1645052563722369,24,highpass
1.2749476703189052e-07,5.871071004390121e-07,1.3596122772948387e-07,2.4453092530776386e-07,4.7106706045844205e-05,0.10072452525517217,24,highpass
1.2749476703189052e-07,5.871071004390121e-07,1.39906368559323e-07,2.4453092530776386e-07,4.669782331222451e-05,0.1645052563722369,24,highpass
1.2749476703189052e-07,5.871071004390121e-07,1.39906368559323e-07,2.4453092530776386e-07,4.559694105824273e-05,0.16140965653015704,24,highpass
1.2749476703189052e-07,5.890921221311568e-07,1.39906368559323e-07,2.4453092530776386e-07,4.669782331222451e-05,0.16458755507479322,24,highpass
1.2749476703189052e-07,5.871071004390121e-07,1.39906368559323e-07,2.4453092530776386e-07,4.7106706045844205e-05,0.16792398966240651,24,highpass
1.2749476703189052e-07,5.871071004390121e-07,1.39906368559323e-07,2.4453092530776386e-07,4.878784265712961e-05,0.17435197172955863,25,highpass
1.2749476703189052e-07,5.871071004390121e-07,1.3794471829502538e-07,2.4453092530776386e-07,4.669782331222451e-05,0.04675362002513467,25,highpass
1.2749476703189052e-07,5.890921221311568e-07,1.39906368559323e-07,2.4453092530776386e-07,4.907880216216421e-05,0.1724677469669807,25,highpass
1.2749476703189052e-07,5.871071004390121e-07,1.39906368559323e-07,2.4453092530776386e-07,4.878784265712961e-05,0.17435197172955863,25,highpass
1.2749476703189052e-07,5.871071004390121e-07,1.39906368559323e-07,2.4453092530776386e-07,4.878784265712961e-05,0.17435197172955863,25,highpass
1.2749476703189052e-07,5.871071004390121e-07,1.39906368559323e-07,2.4453092530776386e-07,4.878784265712961e-05,0.17435197172955863,25,highpass
1.2749476703189052e-07,5.871071004390121e-07,1.39906368559323e-07,2.4453092530776386e-07,4.878784265712961e-05,0.17435197172955863,25,highpass
1.2749476703189052e-07,5.871071004390121e-07,1.39906368559323e-07,2.4453092530776386e-07,4.566158309226115e-05,0.16692946917732748,25,highpass
1.2749476703189052e-07,5.871071004390121e-07,1.39906368559323e-07,2.4453092530776386e-07,4.669782331222451e-05,0.1645052563722369,25,highpass
1.2749476703189052e-07,5.871071004390121e-07,1.39906368559323e-07,2.4453092530776386e-07,4.669782331222451e-05,0.1645052563722369,25,highpass
1.2749476703189052e-07,5.871071004390121e-07,1.39906368559323e-07,2.4453092530776386e-07,4.7106706045844205e-05,0.16792398966240651,25,highpass
1.2749476703189052e-07,5.871071004390121e-07,1.39906368559323e-07,2.2042836487339033e-07,4.7106706045844205e-05,0.13318095370803562,25,highpass
1.2749476703189052e-07,5.871071004390121e-07,1.39906368559323e-07,2.4453092530776386e-07,4.7106706045844205e-05,0.16792398966240651,25,highpass
1.2749476703189052e-07,5.871071004390121e-07,1.39906368559323e-07,2.4453092530776386e-07,4.878784265712961e-05,0.17435197172955863,25,highpass
1.2749476703189052e-07,5.871071004390121e-07,1.39906368559323e-07,2.4453092530776386e-07,4.7106706045844205e-05,0.16792398966240651,25,highpass
2.435556029281265e-07,5.871071004390121e-07,1.39906368559323e-07,2.4453092530776386e-07,4.878784265712961e-05,-0.004555155790220422,25,highpass
1.2749476703189052e-07,5.871071004390121e-07,1.39906368559323e-07,2.4453092530776386e-07,4.878784265712961e-05,0.17435197172955863,25,highpass
1.2749476703189052e-07,5.871071004390121e-07,1.39906368559323e-07,2.4453092530776386e-07,4.7106706045844205e-05,0.16792398966240651,25,highpass
1.2749476703189052e-07,5.871071004390121e-07,1.5681633946407787e-07,2.4453092530776386e-07,4.878784265712961e-05,0.10504683504203743,25,highpass
1.7355451676229528e-07,5.871071004390121e-07,1.39906368559323e-07,2.4453092530776386e-07,4.7106706045844205e-05,0.08497171754022143,25,highpass
1.2749476703189052e-07,5.871071004390121e-07,1.39906368559323e-07,2.4453092530776386e-07,4.878784265712961e-05,0.17435197172955863,25,highpass
1.2749476703189052e-07,5.871071004390121e-07,1.39906368559323e-07,2.4453092530776386e-07,4.7106706045844205e-05,0.16792398966240651,25,highpass
1.2749476703189052e-07,5.871071004390121e-07,1.39906368559323e-07,2.4453092530776386e-07,4.878784265712961e-05,0.17435197172955863,25,highpass
1.2749476703189052e-07,5.890921221311568e-07,1.39906368559323e-07,2.4453092530776386e-07,4.669782331222451e-05,0.16458755507479322,25,highpass
1.2749476703189052e-07,5.871071004390121e-07,1.39906368559323e-07,2.4453092530776386e-07,4.878784265712961e-05,0.17435197172955863,25,highpass
1.2749476703189052e-07,5.871071004390121e-07,1.39906368559323e-07,2.4453092530776386e-07,4.669782331222451e-05,0.1645052563722369,25,highpass
1.2749476703189052e-07,5.220056224646239e-07,1.39906368559323e-07,2.4453092530776386e-07,4.878784265712961e-05,0.0815957332809219,25,highpass
1.2749476703189052e-07,5.871071004390121e-07,1.0579086180169397e-07,2.4453092530776386e-07,4.878784265712961e-05,0.08219898631643219,25,highpass
1.2749476703189052e-07,5.825311344821688e-07,1.39906368559323e-07,2.4453092530776386e-07,4.7106706045844205e-05,0.16402123110250472,25,highpass
1.2749476703189052e-07,5.871071004390121e-07,1.39906368559323e-07,2.4453092530776386e-07,3.0233868708520375e-05,0.15909156096651023,25,highpass
1.2749476703189052e-07,5.871071004390121e-07,1.39906368559323e-07,2.4453092530776386e-07,4.878784265712961e-05,0.17435197172955863,26,highpass
1.2749476703189052e-07,5.871071004390121e-07,1.39906368559323e-07,2.4453092530776386e-07,4.878784265712961e-05,0.17435197172955863,26,highpass
1.2749476703189052e-07,5.890921221311568e-07,1.39906368559323e-07,2.4453092530776386e-07,4.669782331222451e-05,0.16458755507479322,26,highpass
1.2749476703189052e-07,5.871071004390121e-07,1.39906368559323e-07,2.4453092530776386e-07,4.7106706045844205e-05,0.16792398966240651,26,highpass
1.2749476703189052e-07,5.871071004390121e-07,1.39906368559323e-07,2.4453092530776386e-07,4.878784265712961e-05,0.17435197172955863,26,highpass
1.2749476703189052e-07,5.871071004390121e-07,2.322493890811332e-07,2.4453092530776386e-07,4.878784265712961e-05,-0.5166352986946584,26,highpass
1.2749476703189052e-07,5.79519026947837e-07,1.39906368559323e-07,2.4453092530776386e-07,4.878784265712961e-05,0.16330914974166227,26,highpass
1.2749476703189052e-07,5.871071004390121e-07,1.39906368559323e-07,2.4453092530776386e-07,4.878784265712961e-05,0.17435197172955863,26,highpass
1.2749476703189052e-07,5.871071004390121e-07,1.39906368559323e-07,2.4453092530776386e-07,4.878784265712961e-05,0.17435197172955863,26,highpass
1.2749476703189052e-07,5.871071004390121e-07,1.39906368559323e-07,2.4453092530776386e-07,4.878784265712961e-05,0.17435197172955863,26,highpass
1.2749476703189052e-07,5.871071004390121e-07,1.39906368559323e-07,2.461167268484831e-07,4.878784265712961e-05,0.17351799042603966,26,highpass
1.2749476703189052e-07,5.871071004390121e-07,1.39906368559323e-07,2.4453092530776386e-07,4.878784265712961e-05,0.17435197172955863,26,highpass
1.2749476703189052e-07,5.871071004390121e-07,1.39906368559323e-07,2.4453092530776386e-07,4.878784265712961e-05,0.17435197172955863,26,highpass
1.2749476703189052e-07,5.871071004390121e-07,1.39906368559323e-07,2.4453092530776386e-07,4.878784265712961e-05,0.17435197172955863,26,highpass
1.2749476703189052e-07,5.871071004390121e-07,1.39906368559323e-07,2.446057912753596e-07,4.878784265712961e-05,0.17435197172955863,26,highpass
1.2749476703189052e-07,5.871071004390121e-07,1.39906368559323e-07,2.4453092530776386e-07,4.878784265712961e-05,0.17435197172955863,26,highpass
1.2749476703189052e-07,5.871071004390121e-07,1.39906368559323e-07,2.4453092530776386e-07,4.878784265712961e-05,0.17435197172955863,26,highpass
1.2749476703189052e-07,5.871071004390121e-07,1.39906368559323e-07,2.4453092530776386e-07,4.878784265712961e-05,0.17435197172955863,26,highpass
1.2749476703189052e-07,5.871071004390121e-07,1.39906368559323e-07,2.4453092530776386e-07,4.878784265712961e-05,0.17435197172955863,26,highpass
1.2749476703189052e-07,5.871071004390121e-07,1.39906368559323e-07,2.4453092530776386e-07,4.5274141076562345e-05,0.16649043656616647,26,highpass
1.2749476703189052e-07,5.871071004390121e-07,1.39906368559323e-07,2.4453092530776386e-07,4.878784265712961e-05,0.17435197172955863,26,highpass
1.2749476703189052e-07,5.871071004390121e-07,1.39906368559323e-07,2.4453092530776386e-07,4.878784265712961e-05,0.17435197172955863,26,highpass
1.2749476703189052e-07,5.871071004390121e-07,1.39906368559323e-07,2.4453092530776386e-07,4.958341961039987e-05,0.17133852167849778,26,highpass
1.2749476703189052e-07,5.844023921075677e-07,1.39906368559323e-07,2.4453092530776386e-07,4.878784265712961e-05,0.1737032398130673,26,highpass
1.2749476703189052e-07,5.871071004390121e-07,1.39906368559323e-07,2.4453092530776386e-07,4.878784265712961e-05,0.17435197172955863,26,highpass
1.2749476703189052e-07,5.871071004390121e-07,1.39906368559323e-07,2.4453092530776386e-07,4.878784265712961e-05,0.17435197172955863,26,highpass
1.2749476703189052e-07,5.871071004390121e-07,1.39906368559323e-07,2.4453092530776386e-07,4.878784265712961e-05,0.17435197172955863,26,highpass
1.2749476703189052e-07,5.871071004390121e-07,1.39906368559323e-07,2.4453092530776386e-07,5e-05,0.16249736170274437,26,highpass
1.2749476703189052e-07,5.871071004390121e-07,1.39906368559323e-07,2.4453092530776386e-07,4.878784265712961e-05,0.17435197172955863,26,highpass
1.2749476703189052e-07,5.871071004390121e-07,1.39906368559323e-07,2.4453092530776386e-07,4.878784265712961e-05,0.17435197172955863,26,highpass
1.2749476703189052e-07,5.871071004390121e-07,1.39906368559323e-07,2.4453092530776386e-07,4.878784265712961e-05,0.17435197172955863,27,highpass
1.2749476703189052e-07,5.871071004390121e-07,1.39906368559323e-07,2.4453092530776386e-07,4.878784265712961e-05,0.17435197172955863,27,highpass
1.2749476703189052e-07,5.871071004390121e-07,1.39906368559323e-07,2.4453092530776386e-07,4.878784265712961e-05,0.17435197172955863,27,highpass
1.2749476703189052e-07,5.871071004390121e-07,1.39906368559323e-07,2.4453092530776386e-07,4.878784265712961e-05,0.17435197172955863,27,highpass
1.2749476703189052e-07,5.871071004390121e-07,1.39906368559323e-07,2.4453092530776386e-07,4.878784265712961e-05,0.17435197172955863,27,highpass
1.2749476703189052e-07,5.871071004390121e-07,1.39906368559323e-07,2.4453092530776386e-07,4.878784265712961e-05,0.17435197172955863,27,highpass
1.2749476703189052e-07,5.871071004390121e-07,1.39906368559323e-07,2.4453092530776386e-07,4.878784265712961e-05,0.17435197172955863,27,highpass
1.2749476703189052e-07,5.871071004390121e-07,1.39906368559323e-07,2.4453092530776386e-07,4.878784265712961e-05,0.17435197172955863,27,highpass
1.2749476703189052e-07,5.871071004390121e-07,1.39906368559323e-07,2.4453092530776386e-07,4.878784265712961e-05,0.17435197172955863,27,highpass
1.2749476703189052e-07,5.871071004390121e-07,1.39906368559323e-07,2.4453092530776386e-07,4.878784265712961e-05,0.17435197172955863,27,highpass
1.2749476703189052e-07,5.871071004390121e-07,1.39906368559323e-07,2.4453092530776386e-07,4.878784265712961e-05,0.17435197172955863,27,highpass
1.2749476703189052e-07,5.871071004390121e-07,1.33635544101289e-07,2.4453092530776386e-07,4.878784265712961e-05,0.1241630785626045,27,highpass
1.2749476703189052e-07,5.871071004390121e-07,1.39906368559323e-07,2.446057912753596e-07,4.878784265712961e-05,0.17435197172955863,27,highpass
1.2749476703189052e-07,5.871071004390121e-07,1.39906368559323e-07,2.4453092530776386e-07,4.878784265712961e-05,0.17435197172955863,27,highpass
1.9281193904656594e-07,5.871071004390121e-07,1.39906368559323e-07,2.4453092530776386e-07,4.878784265712961e-05,0.08010342373265772,27,highpass
1.2749476703189052e-07,5.871071004390121e-07,1.39906368559323e-07,2.4453092530776386e-07,4.878784265712961e-05,0.17435197172955863,27,highpass
1.2749476703189052e-07,5.871071004390121e-07,1.39906368559323e-07,2.4453092530776386e-07,4.878784265712961e-05,0.17435197172955863,27,highpass
1.2749476703189052e-07,5.871071004390121e-07,1.39906368559323e-07,2.4453092530776386e-07,4.878784265712961e-05,0.17435197172955863,27,highpass
1.2749476703189052e-07,5.871071004390121e-07,1.39906368559323e-07,2.4453092530776386e-07,4.878784265712961e-05,0.17435197172955863,27,highpass
1.2749476703189052e-07,5.871071004390121e-07,1.39906368559323e-07,2.4453092530776386e-07,4.878784265712961e-05,0.17435197172955863,27,highpass
1.2749476703189052e-07,5.871071004390121e-07,1.39906368559323e-07,2.4453092530776386e-07,4.878784265712961e-05,0.17435197172955863,27,highpass
1.2749476703189052e-07,5.871071004390121e-07,1.39906368559323e-07,2.4453092530776386e-07,4.878784265712961e-05,0.17435197172955863,27,highpass
1.2749476703189052e-07,5.871071004390121e-07,1.39906368559323e-07,2.4453092530776386e-07,4.878784265712961e-05,0.17435197172955863,27,highpass
1.2749476703189052e-07,5.871071004390121e-07,1.39906368559323e-07,2.4453092530776386e-07,4.878784265712961e-05,0.17435197172955863,27,highpass
1.2749476703189052e-07,5.871071004390121e-07,1.39906368559323e-07,2.4453092530776386e-07,4.878784265712961e-05,0.17435197172955863,27,highpass
1.2749476703189052e-07,5.871071004390121e-07,1.39906368559323e-07,2.4453092530776386e-07,4.878784265712961e-05,0.17435197172955863,27,highpass
1.2749476703189052e-07,5.871071004390121e-07,1.39906368559323e-07,2.4453092530776386e-07,4.763186204285771e-05,0.16603651046935053,27,highpass
1.2749476703189052e-07,5.871071004390121e-07,1.39906368559323e-07,2.4453092530776386e-07,4.878784265712961e-05,0.17435197172955863,27,highpass
1.2749476703189052e-07,5.871071004390121e-07,1.39906368559323e-07,2.4453092530776386e-07,4.878784265712961e-05,0.17435197172955863,27,highpass
1.2749476703189052e-07,5.871071004390121e-07,1.39906368559323e-07,2.4453092530776386e-07,4.878784265712961e-05,0.17435197172955863,27,highpass
1.2749476703189052e-07,5.871071004390121e-07,1.39906368559323e-07,2.4453092530776386e-07,4.878784265712961e-05,0.17435197172955863,28,highpass
1.2749476703189052e-07,5.871071004390121e-07,1.39906368559323e-07,2.4453092530776386e-07,4.878784265712961e-05,0.17435197172955863,28,highpass
1.2749476703189052e-07,5.871071004390121e-07,1.39906368559323e-07,2.4453092530776386e-07,4.878784265712961e-05,0.17435197172955863,28,highpass
1.2749476703189052e-07,5.871071004390121e-07,1.39906368559323e-07,2.4453092530776386e-07,4.878784265712961e-05,0.17435197172955863,28,highpass
1.2749476703189052e-07,5.871071004390121e-07,1.39906368559323e-07,2.4453092530776386e-07,4.878784265712961e-05,0.17435197172955863,28,highpass
1.2749476703189052e-07,5.871071004390121e-07,1.39906368559323e-07,2.4453092530776386e-07,3.2306826043104577e-05,0.1600045570893749,28,highpass
1.2749476703189052e-07,5.871071004390121e-07,1.39906368559323e-07,2.4453092530776386e-07,4.878784265712961e-05,0.17435197172955863,28,highpass
1.2749476703189052e-07,5.871071004390121e-07,1.39906368559323e-07,2.4453092530776386e-07,4.92686907917166e-05,0.17092732964177376,28,highpass
1.2749476703189052e-07,5.871071004390121e-07,1.39906368559323e-07,2.4453092530776386e-07,4.878784265712961e-05,0.17435197172955863,28,highpass
1.2749476703189052e-07,5.871071004390121e-07,1.39906368559323e-07,2.4453092530776386e-07,4.878784265712961e-05,0.17435197172955863,28,highpass
1.2749476703189052e-07,5.871071004390121e-07,1.39906368559323e-07,2.446057912753596e-07,4.878784265712961e-05,0.17435197172955863,28,highpass
1.2749476703189052e-07,5.871071004390121e-07,1.39906368559323e-07,2.4453092530776386e-07,4.878784265712961e-05,0.17435197172955863,28,highpass
1.2749476703189052e-07,5.871071004390121e-07,1.39906368559323e-07,2.4453092530776386e-07,4.878784265712961e-05,0.17435197172955863,28,highpass
1.2749476703189052e-07,5.871071004390121e-07,2.0293225169876083e-07,2.4453092530776386e-07,4.878784265712961e-05,-0.14326445006959954,28,highpass
1.2749476703189052e-07,5.871071004390121e-07,1.39906368559323e-07,2.4453092530776386e-07,4.878784265712961e-05,0.17435197172955863,28,highpass
1.2749476703189052e-07,5.871071004390121e-07,1.39906368559323e-07,2.446057912753596e-07,4.878784265712961e-05,0.17435197172955863,28,highpass
1.2749476703189052e-07,5.871071004390121e-07,1.39906368559323e-07,2.4453092530776386e-07,4.878784265712961e-05,0.17435197172955863,28,highpass
1.2749476703189052e-07,5.871071004390121e-07,1.39906368559323e-07,2.4453092530776386e-07,4.878784265712961e-05,0.17435197172955863,28,highpass
1.2749476703189052e-07,5.871071004390121e-07,1.3936526242419955e-07,2.4453092530776386e-07,4.878784265712961e-05,0.07763481292815899,28,highpass
1.2749476703189052e-07,5.871071004390121e-07,1.4899490153328385e-07,2.4453092530776386e-07,4.878784265712961e-05,0.07176972949289206,28,highpass
1.2749476703189052e-07,5.871071004390121e-07,1.39906368559323e-07,2.4453092530776386e-07,4.878784265712961e-05,0.17435197172955863,28,highpass
1.2749476703189052e-07,5.871071004390121e-07,1.39906368559323e-07,2.4453092530776386e-07,4.878784265712961e-05,0.17435197172955863,28,highpass
1.2749476703189052e-07,5.871071004390121e-07,1.39906368559323e-07,2.4453092530776386e-07,4.995761776031024e-05,0.16930421331907053,28,highpass
1.2749476703189052e-07,5.871071004390121e-07,1.339220589370047e-07,2.4453092530776386e-07,4.878784265712961e-05,0.09987028569848927,28,highpass
1.2749476703189052e-07,5.979188687145148e-07,1.39906368559323e-07,2.4453092530776386e-07,4.878784265712961e-05,0.16383857228634796,28,highpass
1.2749476703189052e-07,5.871071004390121e-07,1.39906368559323e-07,2.4453092530776386e-07,4.878784265712961e-05,0.17435197172955863,28,highpass
1.2749476703189052e-07,5.871071004390121e-07,1.39906368559323e-07,2.4453092530776386e-07,4.878784265712961e-05,0.17435197172955863,28,highpass
1.2749476703189052e-07,5.871071004390121e-07,1.39906368559323e-07,2.4453092530776386e-07,4.878784265712961e-05,0.17435197172955863,28,highpass
1.2749476703189052e-07,5.871071004390121e-07,1.4402251841190512e-07,2.4453092530776386e-07,4.878784265712961e-05,0.08884501656019145,28,highpass
1.2749476703189052e-07,5.85001814575362e-07,1.39906368559323e-07,2.4453092530776386e-07,4.878784265712961e-05,0.1735268127680039,28,highpass
1.2749476703189052e-07,5.871071004390121e-07,1.39906368559323e-07,2.4453092530776386e-07,4.878784265712961e-05,0.17435197172955863,29,highpass
1.2749476703189052e-07,5.871071004390121e-07,1.39906368559323e-07,2.4453092530776386e-07,4.878784265712961e-05,0.17435197172955863,29,highpass
1.2749476703189052e-07,5.871071004390121e-07,1.39906368559323e-07,2.4453092530776386e-07,4.878784265712961e-05,0.17435197172955863,29,highpass
1.2749476703189052e-07,5.871071004390121e-07,1.39906368559323e-07,2.4453092530776386e-07,4.878784265712961e-05,0.17435197172955863,29,highpass
1.2749476703189052e-07,5.871071004390121e-07,1.39906368559323e-07,2.4453092530776386e-07,4.878784265712961e-05,0.17435197172955863,29,highpass
1.2749476703189052e-07,5.871071004390121e-07,1.39906368559323e-07,2.4453092530776386e-07,4.878784265712961e-05,0.17435197172955863,29,highpass
1.2749476703189052e-07,5.871071004390121e-07,1.39906368559323e-07,2.4453092530776386e-07,4.878784265712961e-05,0.17435197172955863,29,highpass
1.210084490647347e-07,5.871071004390121e-07,1.39906368559323e-07,2.4453092530776386e-07,4.878784265712961e-05,0.1082278332879602,29,highpass
1.2749476703189052e-07,5.871071004390121e-07,1.2946432087216833e-07,2.4453092530776386e-07,4.878784265712961e-05,0.10645172173075607,29,highpass
1.2749476703189052e-07,5.871071004390121e-07,1.39906368559323e-07,2.4453092530776386e-07,4.878784265712961e-05,0.17435197172955863,29,highpass
1.2749476703189052e-07,5.871071004390121e-07,1.39906368559323e-07,2.4453092530776386e-07,4.878784265712961e-05,0.17435197172955863,29,highpass
1.2749476703189052e-07,5.871071004390121e-07,1.39906368559323e-07,2.4453092530776386e-07,1.0029737955332084e-05,0.14917957969115692,29,highpass
1.2749476703189052e-07,5.871071004390121e-07,1.39906368559323e-07,2.4453092530776386e-07,4.878784265712961e-05,0.17435197172955863,29,highpass
1.2749476703189052e-07,5.871071004390121e-07,1.39906368559323e-07,2.4453092530776386e-07,4.878784265712961e-05,0.17435197172955863,29,highpass
1.2749476703189052e-07,5.871071004390121e-07,1.39906368559323e-07,2.4453092530776386e-07,4.878784265712961e-05,0.17435197172955863,29,highpass
1.7515670272847164e-07,5.871071004390121e-07,1.39906368559323e-07,2.4453092530776386e-07,4.878784265712961e-05,0.08579361986800732,29,highpass
1.2749476703189052e-07,5.871071004390121e-07,1.39906368559323e-07,2.4453092530776386e-07,3.518975346920061e-05,0.16626822559605553,29,highpass
1.2749476703189052e-07,5.871071004390121e-07,1.39906368559323e-07,2.4328490580119486e-07,4.878784265712961e-05,0.17473462729214206,29,highpass
1.2749476703189052e-07,5.871071004390121e-07,1.39906368559323e-07,2.4453092530776386e-07,4.799968376736047e-05,0.1663757287553821,29,highpass
1.2749476703189052e-07,5.871071004390121e-07,1.39906368559323e-07,2.4453092530776386e-07,4.878784265712961e-05,0.17435197172955863,29,highpass
1.2749476703189052e-07,5.871071004390121e-07,1.39906368559323e-07,2.4453092530776386e-07,4.878784265712961e-05,0.17435197172955863,29,highpass
1.2749476703189052e-07,5.871071004390121e-07,1.39906368559323e-07,2.4453092530776386e-07,4.878784265712961e-05,0.17435197172955863,29,highpass
1.2749476703189052e-07,5.871071004390121e-07,1.39906368559323e-07,2.4453092530776386e-07,4.878784265712961e-05,0.17435197172955863,29,highpass
1.2749476703189052e-07,5.871071004390121e-07,1.39906368559323e-07,2.446057912753596e-07,4.878784265712961e-05,0.17435197172955863,29,highpass
1.2749476703189052e-07,5.871071004390121e-07,1.39906368559323e-07,2.4453092530776386e-07,4.878784265712961e-05,0.17435197172955863,29,highpass
1.2426347779484292e-07,5.871071004390121e-07,1.39906368559323e-07,2.4453092530776386e-07,4.878784265712961e-05,0.06563972865210072,29,highpass
1.2749476703189052e-07,5.871071004390121e-07,1.39906368559323e-07,2.4453092530776386e-07,4.878784265712961e-05,0.17435197172955863,29,highpass
1.2749476703189052e-07,5.871071004390121e-07,1.39906368559323e-07,2.492424925182472e-07,4.878784265712961e-05,0.17229434111891118,29,highpass
1.2749476703189052e-07,5.871071004390121e-07,1.39906368559323e-07,2.4453092530776386e-07,4.878784265712961e-05,0.17435197172955863,29,highpass
1.2749476703189052e-07,5.871071004390121e-07,1.39906368559323e-07,2.4453092530776386e-07,4.878784265712961e-05,0.17435197172955863,29,highpass
1.2749476703189052e-07,5.871071004390121e-07,1.39906368559323e-07,2.4328490580119486e-07,4.878784265712961e-05,0.17473462729214206,30,highpass
1.2749476703189052e-07,5.871071004390121e-07,1.39906368559323e-07,2.4453092530776386e-07,4.878784265712961e-05,0.17435197172955863,30,highpass
1.2749476703189052e-07,5.871071004390121e-07,1.39906368559323e-07,2.4453092530776386e-07,5e-05,0.16249736170274437,30,highpass
1.2749476703189052e-07,5.871071004390121e-07,1.39906368559323e-07,2.4453092530776386e-07,4.878784265712961e-05,0.17435197172955863,30,highpass
1.2082786847815706e-07,5.871071004390121e-07,1.39906368559323e-07,2.4328490580119486e-07,4.878784265712961e-05,0.11422356751348361,30,highpass
1.2749476703189052e-07,4.641659870118e-07,1.39906368559323e-07,2.4453092530776386e-07,4.878784265712961e-05,0.05681619439843699,30,highpass
1.2749476703189052e-07,5.871071004390121e-07,1.39906368559323e-07,2.4453092530776386e-07,4.878784265712961e-05,0.17435197172955863,30,highpass
1.2749476703189052e-07,5.871071004390121e-07,1.39906368559323e-07,2.446057912753596e-07,4.878784265712961e-05,0.17435197172955863,30,highpass
1.2749476703189052e-07,5.871071004390121e-07,1.4486300715996687e-07,2.4453092530776386e-07,4.878784265712961e-05,0.09835007343913005,30,highpass
1.2749476703189052e-07,5.871071004390121e-07,1.39906368559323e-07,2.4453092530776386e-07,4.878784265712961e-05,0.17435197172955863,30,highpass
1.2749476703189052e-07,5.871071004390121e-07,1.39906368559323e-07,2.4453092530776386e-07,4.878784265712961e-05,0.17435197172955863,30,highpass
1.2749476703189052e-07,5.871071004390121e-07,1.39906368559323e-07,2.446057912753596e-07,4.878784265712961e-05,0.17435197172955863,30,highpass
1.2749476703189052e-07,4.0955524875424413e-07,1.39906368559323e-07,2.4453092530776386e-07,4.878784265712961e-05,0.0704616613573755,30,highpass
1.2749476703189052e-07,5.871071004390121e-07,1.39906368559323e-07,2.4453092530776386e-07,4.878784265712961e-05,0.17435197172955863,30,highpass
1.3055112084277118e-07,5.871071004390121e-07,1.39906368559323e-07,2.4453092530776386e-07,4.878784265712961e-05,0.09550244542365133,30,highpass
1.2749476703189052e-07,5.871071004390121e-07,1.39906368559323e-07,2.4453092530776386e-07,4.878784265712961e-05,0.17435197172955863,30,highpass
1.2749476703189052e-07,5.871071004390121e-07,1.39906368559323e-07,2.6028637809267324e-07,4.878784265712961e-05,0.1279538475693371,30,highpass
1.2749476703189052e-07,5.871071004390121e-07,1.39906368559323e-07,2.4453092530776386e-07,4.878784265712961e-05,0.17435197172955863,30,highpass
1.2749476703189052e-07,5.871071004390121e-07,1.39906368559323e-07,2.4453092530776386e-07,4.878784265712961e-05,0.17435197172955863,30,highpass
1.2749476703189052e-07,5.871071004390121e-07,1.39906368559323e-07,2.4453092530776386e-07,4.878784265712961e-05,0.17435197172955863,30,highpass
1.2749476703189052e-07,5.871071004390121e-07,1.7542119929202983e-07,2.4453092530776386e-07,4.878784265712961e-05,0.030583646348193105,30,highpass
1.2749476703189052e-07,5.871071004390121e-07,1.39906368559323e-07,2.4453092530776386e-07,4.878784265712961e-05,0.17435197172955863,30,highpass
1.2749476703189052e-07,5.871071004390121e-07,1.39906368559323e-07,2.4453092530776386e-07,4.878784265712961e-05,0.17435197172955863,30,highpass
1.2749476703189052e-07,5.871071004390121e-07,1.39906368559323e-07,2.4453092530776386e-07,4.878784265712961e-05,0.17435197172955863,30,highpass
1.2584583997151886e-07,5.871071004390121e-07,1.39906368559323e-07,2.4453092530776386e-07,4.878784265712961e-05,0.06046562155448865,30,highpass
1.2749476703189052e-07,5.871071004390121e-07,1.39906368559323e-07,2.4453092530776386e-07,4.878784265712961e-05,0.17435197172955863,30,highpass
1.2749476703189052e-07,5.871071004390121e-07,1.39906368559323e-07,2.4453092530776386e-07,4.878784265712961e-05,0.17435197172955863,30,highpass
1.2749476703189052e-07,5.871071004390121e-07,1.39906368559323e-07,2.4453092530776386e-07,4.878784265712961e-05,0.17435197172955863,30,highpass
1.2749476703189052e-07,5.871071004390121e-07,1.39906368559323e-07,2.4453092530776386e-07,4.878784265712961e-05,0.17435197172955863,30,highpass
1.2749476703189052e-07,5.871071004390121e-07,1.39906368559323e-07,2.4453092530776386e-07,4.878784265712961e-05,0.17435197172955863,30,highpass
1.2749476703189052e-07,5.871071004390121e-07,1.39906368559323e-07,2.4328490580119486e-07,4.878784265712961e-05,0.17473462729214206,31,highpass
1.2749476703189052e-07,5.871071004390121e-07,1.39906368559323e-07,2.4453092530776386e-07,4.878784265712961e-05,0.17435197172955863,31,highpass
1.2749476703189052e-07,5.871071004390121e-07,1.39906368559323e-07,2.4453092530776386e-07,4.878784265712961e-05,0.17435197172955863,31,highpass
1.2749476703189052e-07,5.871071004390121e-07,1.39906368559323e-07,2.4453092530776386e-07,4.878784265712961e-05,0.17435197172955863,31,highpass
1.2749476703189052e-07,5.871071004390121e-07,1.39906368559323e-07,2.4453092530776386e-07,4.878784265712961e-05,0.17435197172955863,31,highpass
1.2749476703189052e-07,5.871071004390121e-07,1.39906368559323e-07,2.4328490580119486e-07,4.878784265712961e-05,0.17473462729214206,31,highpass
1.2749476703189052e-07,5.871071004390121e-07,1.39906368559323e-07,2.4453092530776386e-07,4.878784265712961e-05,0.17435197172955863,31,highpass
1.2749476703189052e-07,5.871071004390121e-07,1.39906368559323e-07,2.4328490580119486e-07,4.878784265712961e-05,0.17473462729214206,31,highpass
1.2749476703189052e-07,5.871071004390121e-07,1.39906368559323e-07,2.4453092530776386e-07,4.878784265712961e-05,0.17435197172955863,31,highpass
1.2749476703189052e-07,5.871071004390121e-07,1.39906368559323e-07,2.4328490580119486e-07,4.878784265712961e-05,0.17473462729214206,31,highpass
1.2749476703189052e-07,5.871071004390121e-07,1.39906368559323e-07,2.4328490580119486e-07,4.878784265712961e-05,0.17473462729214206,31,highpass
1.2749476703189052e-07,5.871071004390121e-07,1.39906368559323e-07,2.4453092530776386e-07,4.878784265712961e-05,0.17435197172955863,31,highpass
1.2749476703189052e-07,5.871071004390121e-07,1.39906368559323e-07,2.446057912753596e-07,4.878784265712961e-05,0.17435197172955863,31,highpass
1.2749476703189052e-07,5.871071004390121e-07,1.39906368559323e-07,2.4453092530776386e-07,4.878784265712961e-05,0.17435197172955863,31,highpass
1.2749476703189052e-07,5.871071004390121e-07,1.39906368559323e-07,2.4453092530776386e-07,4.878784265712961e-05,0.17435197172955863,31,highpass
1.2749476703189052e-07,5.871071004390121e-07,1.39906368559323e-07,2.4453092530776386e-07,4.878784265712961e-05,0.17435197172955863,31,highpass
1.2749476703189052e-07,5.885624916670235e-07,1.39906368559323e-07,2.4328490580119486e-07,4.878784265712961e-05,0.17538091667569572,31,highpass
1.2749476703189052e-07,5.871071004390121e-07,1.39906368559323e-07,2.4453092530776386e-07,4.878784265712961e-05,0.17435197172955863,31,highpass
1.2749476703189052e-07,5.871071004390121e-07,1.39906368559323e-07,2.4453092530776386e-07,4.878784265712961e-05,0.17435197172955863,31,highpass
1.2749476703189052e-07,5.871071004390121e-07,1.39906368559323e-07,2.4453092530776386e-07,4.878784265712961e-05,0.17435197172955863,31,highpass
1.2749476703189052e-07,5.871071004390121e-07,1.39906368559323e-07,2.4328490580119486e-07,4.878784265712961e-05,0.17473462729214206,31,highpass
1.2749476703189052e-07,5.871071004390121e-07,1.39906368559323e-07,2.4453092530776386e-07,4.878784265712961e-05,0.17435197172955863,31,highpass
1.2749476703189052e-07,5.871071004390121e-07,1.39906368559323e-07,2.4453092530776386e-07,4.878784265712961e-05,0.17435197172955863,31,highpass
1.2749476703189052e-07,5.871071004390121e-07,1.39906368559323e-07,2.4453092530776386e-07,4.878784265712961e-05,0.17435197172955863,31,highpass
1.2749476703189052e-07,6.036267641026342e-07,1.39906368559323e-07,2.4453092530776386e-07,4.878784265712961e-05,0.1638489559514979,31,highpass
1.3693769604083632e-07,5.871071004390121e-07,1.39906368559323e-07,2.4453092530776386e-07,4.878784265712961e-05,0.057511417518052665,31,highpass
1.2749476703189052e-07,5.871071004390121e-07,1.39906368559323e-07,2.4328490580119486e-07,4.878784265712961e-05,0.17473462729214206,31,highpass
1.2749476703189052e-07,5.965624481958813e-07,1.39906368559323e-07,2.4453092530776386e-07,4.878784265712961e-05,0.16414097282368245,31,highpass
1.2749476703189052e-07,5.871071004390121e-07,1.39906368559323e-07,2.4328490580119486e-07,4.878784265712961e-05,0.17473462729214206,31,highpass
1.2749476703189052e-07,5.871071004390121e-07,1.7990073825734724e-07,2.4453092530776386e-07,4.878784265712961e-05,0.05616767684555424,31,highpass
1.2749476703189052e-07,5.885624916670235e-07,1.39906368559323e-07,2.4328490580119486e-07,4.878784265712961e-05,0.17538091667569572,32,highpass
1.2749476703189052e-07,5.871071004390121e-07,1.39906368559323e-07,2.4328490580119486e-07,4.878784265712961e-05,0.17473462729214206,32,highpass
1.2749476703189052e-07,5.871071004390121e-07,1.39906368559323e-07,2.4328490580119486e-07,4.878784265712961e-05,0.17473462729214206,32,highpass
1.2749476703189052e-07,5.885624916670235e-07,1.39906368559323e-07,2.4328490580119486e-07,4.878784265712961e-05,0.17538091667569572,32,highpass
1.2749476703189052e-07,5.871071004390121e-07,1.39906368559323e-07,2.446057912753596e-07,4.878784265712961e-05,0.17435197172955863,32,highpass
1.2749476703189052e-07,5.871071004390121e-07,1.39906368559323e-07,2.4328490580119486e-07,4.181782092333359e-05,0.16265627921852466,32,highpass
1.2749476703189052e-07,5.885624916670235e-07,1.39906368559323e-07,2.4328490580119486e-07,4.878784265712961e-05,0.17538091667569572,32,highpass
1.2749476703189052e-07,5.871071004390121e-07,1.39906368559323e-07,2.4328490580119486e-07,4.878784265712961e-05,0.17473462729214206,32,highpass
1.2749476703189052e-07,5.871071004390121e-07,1.39906368559323e-07,2.4328490580119486e-07,4.878784265712961e-05,0.17473462729214206,32,highpass
1.2749476703189052e-07,5.871071004390121e-07,1.39906368559323e-07,2.4328490580119486e-07,4.878784265712961e-05,0.17473462729214206,32,highpass
1.2749476703189052e-07,5.885624916670235e-07,1.39906368559323e-07,2.4328490580119486e-07,4.878784265712961e-05,0.17538091667569572,32,highpass
1.2749476703189052e-07,5.885624916670235e-07,1.4113528647806e-07,2.4328490580119486e-07,4.878784265712961e-05,0.09735402621073252,32,highpass
1.2749476703189052e-07,5.871071004390121e-07,1.39906368559323e-07,2.4328490580119486e-07,4.878784265712961e-05,0.17473462729214206,32,highpass
1.2749476703189052e-07,5.871071004390121e-07,1.39906368559323e-07,2.4328490580119486e-07,4.878784265712961e-05,0.17473462729214206,32,highpass
1.2749476703189052e-07,5.871071004390121e-07,1.39906368559323e-07,2.4328490580119486e-07,4.878784265712961e-05,0.17473462729214206,32,highpass
1.2749476703189052e-07,5.871071004390121e-07,1.39906368559323e-07,2.4328490580119486e-07,4.878784265712961e-05,0.17473462729214206,32,highpass
1.2749476703189052e-07,5.871071004390121e-07,1.39906368559323e-07,2.4328490580119486e-07,4.878784265712961e-05,0.17473462729214206,32,highpass
1.2749476703189052e-07,5.871071004390121e-07,1.39906368559323e-07,2.4453092530776386e-07,4.878784265712961e-05,0.17435197172955863,32,highpass
1.2749476703189052e-07,5.871071004390121e-07,1.39906368559323e-07,2.4328490580119486e-07,4.878784265712961e-05,0.17473462729214206,32,highpass
1.2749476703189052e-07,5.871071004390121e-07,1.39906368559323e-07,2.4328490580119486e-07,4.878784265712961e-05,0.17473462729214206,32,highpass
1.2749476703189052e-07,5.885624916670235e-07,1.39906368559323e-07,2.4328490580119486e-07,4.878784265712961e-05,0.17538091667569572,32,highpass
1.2749476703189052e-07,5.885624916670235e-07,1.39906368559323e-07,2.4328490580119486e-07,4.878784265712961e-05,0.17538091667569572,32,highpass
1.2749476703189052e-07,5.871071004390121e-07,1.39906368559323e-07,2.4328490580119486e-07,4.878784265712961e-05,0.17473462729214206,32,highpass
1.2749476703189052e-07,5.871071004390121e-07,1.39906368559323e-07,2.4328490580119486e-07,4.878784265712961e-05,0.17473462729214206,32,highpass
1.2749476703189052e-07,5.871071004390121e-07,1.39906368559323e-07,2.4328490580119486e-07,4.878784265712961e-05,0.17473462729214206,32,highpass
1.2749476703189052e-07,5.871071004390121e-07,1.39906368559323e-07,2.4328490580119486e-07,4.878784265712961e-05,0.17473462729214206,32,highpass
1.2749476703189052e-07,5.871071004390121e-07,1.39906368559323e-07,2.4328490580119486e-07,4.878784265712961e-05,0.17473462729214206,32,highpass
1.2749476703189052e-07,5.871071004390121e-07,1.39906368559323e-07,2.4453092530776386e-07,4.878784265712961e-05,0.17435197172955863,32,highpass
1.2749476703189052e-07,5.871071004390121e-07,1.39906368559323e-07,2.4328490580119486e-07,4.878784265712961e-05,0.17473462729214206,32,highpass
1.2749476703189052e-07,5.871071004390121e-07,1.39906368559323e-07,2.4328490580119486e-07,4.878784265712961e-05,0.17473462729214206,32,highpass
1.2749476703189052e-07,5.885624916670235e-07,1.39906368559323e-07,2.4328490580119486e-07,4.878784265712961e-05,0.17538091667569572,33,highpass
1.2749476703189052e-07,5.885624916670235e-07,1.39906368559323e-07,2.4328490580119486e-07,4.878784265712961e-05,0.17538091667569572,33,highpass
1.2749476703189052e-07,5.885624916670235e-07,1.39906368559323e-07,2.4328490580119486e-07,4.878784265712961e-05,0.17538091667569572,33,highpass
1.2749476703189052e-07,5.871071004390121e-07,1.39906368559323e-07,2.4328490580119486e-07,4.878784265712961e-05,0.17473462729214206,33,highpass
1.2749476703189052e-07,5.885624916670235e-07,1.39906368559323e-07,2.4328490580119486e-07,4.878784265712961e-05,0.17538091667569572,33,highpass
1.2749476703189052e-07,5.885624916670235e-07,1.39906368559323e-07,2.4328490580119486e-07,4.3087491319537364e-05,0.16248839025671696,33,highpass
1.2749476703189052e-07,5.871071004390121e-07,1.39906368559323e-07,2.4328490580119486e-07,4.878784265712961e-05,0.17473462729214206,33,highpass
1.2749476703189052e-07,5.871071004390121e-07,1.39906368559323e-07,2.4328490580119486e-07,4.878784265712961e-05,0.17473462729214206,33,highpass
1.2749476703189052e-07,5.885624916670235e-07,1.39906368559323e-07,2.4328490580119486e-07,4.878784265712961e-05,0.17538091667569572,33,highpass
1.2749476703189052e-07,5.885624916670235e-07,2.4881376391083116e-07,2.4328490580119486e-07,4.878784265712961e-05,-0.22633507347917065,33,highpass
1.2749476703189052e-07,5.871071004390121e-07,1.39906368559323e-07,2.4328490580119486e-07,4.878784265712961e-05,0.17473462729214206,33,highpass
1.2749476703189052e-07,5.885624916670235e-07,1.39906368559323e-07,2.4328490580119486e-07,4.878784265712961e-05,0.17538091667569572,33,highpass
1.2749476703189052e-07,5.885624916670235e-07,1.39906368559323e-07,2.4328490580119486e-07,4.878784265712961e-05,0.17538091667569572,33,highpass
1.2749476703189052e-07,5.885624916670235e-07,1.39906368559323e-07,2.4328490580119486e-07,4.878784265712961e-05,0.17538091667569572,33,highpass
1.2749476703189052e-07,5.871071004390121e-07,1.39906368559323e-07,2.4328490580119486e-07,4.878784265712961e-05,0.17473462729214206,33,highpass
1.2749476703189052e-07,5.885624916670235e-07,1.39906368559323e-07,2.4328490580119486e-07,4.878784265712961e-05,0.17538091667569572,33,highpass
1.2749476703189052e-07,5.885624916670235e-07,1.39906368559323e-07,2.4328490580119486e-07,4.878784265712961e-05,0.17538091667569572,33,highpass
1.2749476703189052e-07,5.871071004390121e-07,1.39906368559323e-07,2.4328490580119486e-07,4.878784265712961e-05,0.17473462729214206,33,highpass
1.2749476703189052e-07,5.885624916670235e-07,1.39906368559323e-07,2.4328490580119486e-07,4.878784265712961e-05,0.17538091667569572,33,highpass
1.2749476703189052e-07,5.885624916670235e-07,1.39906368559323e-07,2.4328490580119486e-07,4.878784265712961e-05,0.17538091667569572,33,highpass
1.2749476703189052e-07,5.885624916670235e-07,1.39906368559323e-07,2.4328490580119486e-07,4.878784265712961e-05,0.17538091667569572,33,highpass
1.2749476703189052e-07,5.885624916670235e-07,1.39906368559323e-07,2.4328490580119486e-07,6.391675168955724e-06,0.1267819793239378,33,highpass
1.2749476703189052e-07,5.885624916670235e-07,1.39906368559323e-07,2.4328490580119486e-07,4.878784265712961e-05,0.17538091667569572,33,highpass
1.2749476703189052e-07,5.885624916670235e-07,1.39906368559323e-07,2.4328490580119486e-07,4.878784265712961e-05,0.17538091667569572,33,highpass
1.2749476703189052e-07,5.885624916670235e-07,1.39906368559323e-07,2.4328490580119486e-07,4.878784265712961e-05,0.17538091667569572,33,highpass
1.2749476703189052e-07,5.885624916670235e-07,1.39906368559323e-07,2.4328490580119486e-07,4.878784265712961e-05,0.17538091667569572,33,highpass
1.2749476703189052e-07,5.885624916670235e-07,1.39906368559323e-07,2.4328490580119486e-07,4.878784265712961e-05,0.17538091667569572,33,highpass
1.2749476703189052e-07,5.885624916670235e-07,1.39906368559323e-07,2.4328490580119486e-07,4.878784265712961e-05,0.17538091667569572,33,highpass
1.2749476703189052e-07,5.885624916670235e-07,1.39906368559323e-07,2.4328490580119486e-07,4.878784265712961e-05,0.17538091667569572,33,highpass
1.2749476703189052e-07,5.885624916670235e-07,1.39906368559323e-07,2.4328490580119486e-07,4.878784265712961e-05,0.17538091667569572,33,highpass
1.2749476703189052e-07,5.885624916670235e-07,1.39906368559323e-07,2.4328490580119486e-07,4.878784265712961e-05,0.17538091667569572,34,highpass
1.2749476703189052e-07,5.885624916670235e-07,1.39906368559323e-07,2.4328490580119486e-07,4.878784265712961e-05,0.17538091667569572,34,highpass
1.2749476703189052e-07,5.885624916670235e-07,1.39906368559323e-07,2.4328490580119486e-07,4.878784265712961e-05,0.17538091667569572,34,highpass
1.2749476703189052e-07,5.885624916670235e-07,1.39906368559323e-07,2.4328490580119486e-07,4.878784265712961e-05,0.17538091667569572,34,highpass
1.2749476703189052e-07,5.885624916670235e-07,1.39906368559323e-07,2.4328490580119486e-07,4.878784265712961e-05,0.17538091667569572,34,highpass
1.2749476703189052e-07,5.885624916670235e-07,2.1306865770845427e-07,2.4328490580119486e-07,4.878784265712961e-05,-0.2365335389612866,34,highpass
1.2749476703189052e-07,5.885624916670235e-07,1.39906368559323e-07,2.4328490580119486e-07,4.878784265712961e-05,0.17538091667569572,34,highpass
1.2749476703189052e-07,5.885624916670235e-07,1.39906368559323e-07,2.4328490580119486e-07,8.254435660312556e-06,0.13305087314251074,34,highpass
1.2088524093651842e-07,5.885624916670235e-07,1.39906368559323e-07,2.4328490580119486e-07,4.878784265712961e-05,0.11426336361823403,34,highpass
1.2749476703189052e-07,5.885624916670235e-07,1.39906368559323e-07,2.4328490580119486e-07,4.878784265712961e-05,0.17538091667569572,34,highpass
1.2749476703189052e-07,5.885624916670235e-07,1.3543813516333602e-07,2.4328490580119486e-07,4.878784265712961e-05,0.08792055571175328,34,highpass
1.2749476703189052e-07,5.885624916670235e-07,1.39906368559323e-07,2.4328490580119486e-07,4.878784265712961e-05,0.17538091667569572,34,highpass
1.2749476703189052e-07,5.885624916670235e-07,1.39906368559323e-07,2.4328490580119486e-07,4.878784265712961e-05,0.17538091667569572,34,highpass
1.2749476703189052e-07,5.885624916670235e-07,1.39906368559323e-07,2.4328490580119486e-07,4.878784265712961e-05,0.17538091667569572,34,highpass
1.2749476703189052e-07,5.885624916670235e-07,1.39906368559323e-07,2.4328490580119486e-07,4.878784265712961e-05,0.17538091667569572,34,highpass
1.2749476703189052e-07,5.885624916670235e-07,1.39906368559323e-07,2.4328490580119486e-07,4.878784265712961e-05,0.17538091667569572,34,highpass
1.2749476703189052e-07,5.885624916670235e-07,1.39906368559323e-07,2.4328490580119486e-07,4.878784265712961e-05,0.17538091667569572,34,highpass
1.2749476703189052e-07,5.885624916670235e-07,1.39906368559323e-07,2.4328490580119486e-07,4.878784265712961e-05,0.17538091667569572,34,highpass
1.2749476703189052e-07,5.885624916670235e-07,1.39906368559323e-07,2.4328490580119486e-07,4.7049805920087376e-05,0.16812756929762313,34,highpass
1.2749476703189052e-07,5.885624916670235e-07,1.39906368559323e-07,2.4328490580119486e-07,4.878784265712961e-05,0.17538091667569572,34,highpass
1.2749476703189052e-07,5.885624916670235e-07,1.424878815772939e-07,2.4328490580119486e-07,4.878784265712961e-05,0.09768001610521548,34,highpass
1.2749476703189052e-07,5.885624916670235e-07,1.39906368559323e-07,2.4328490580119486e-07,4.878784265712961e-05,0.17538091667569572,34,highpass
1.2749476703189052e-07,5.885624916670235e-07,1.39906368559323e-07,2.743501853321643e-07,4.878784265712961e-05,0.13996726018310135,34,highpass
1.2749476703189052e-07,5.885624916670235e-07,1.39906368559323e-07,2.4328490580119486e-07,4.878784265712961e-05,0.17538091667569572,34,highpass
1.2749476703189052e-07,5.885624916670235e-07,1.97070651226223e-07,2.4328490580119486e-07,4.878784265712961e-05,-0.0968298802800649,34,highpass
1.2749476703189052e-07,5.885624916670235e-07,1.39906368559323e-07,2.4328490580119486e-07,4.878784265712961e-05,0.17538091667569572,34,highpass
1.2749476703189052e-07,5.885624916670235e-07,1.39906368559323e-07,2.4328490580119486e-07,4.878784265712961e-05,0.17538091667569572,34,highpass
1.2749476703189052e-07,5.885624916670235e-07,1.39906368559323e-07,2.4328490580119486e-07,4.878784265712961e-05,0.17538091667569572,34,highpass
1.2749476703189052e-07,5.885624916670235e-07,1.39906368559323e-07,2.4328490580119486e-07,4.878784265712961e-05,0.17538091667569572,34,highpass
1.2749476703189052e-07,5.885624916670235e-07,1.39906368559323e-07,2.4328490580119486e-07,4.878784265712961e-05,0.17538091667569572,34,highpass
1.2749476703189052e-07,5.885624916670235e-07,1.39906368559323e-07,2.4328490580119486e-07,4.878784265712961e-05,0.17538091667569572,35,highpass
1.2749476703189052e-07,5.885624916670235e-07,1.39906368559323e-07,2.4328490580119486e-07,4.878784265712961e-05,0.17538091667569572,35,highpass
1.2749476703189052e-07,5.885624916670235e-07,1.39906368559323e-07,2.4328490580119486e-07,4.878784265712961e-05,0.17538091667569572,35,highpass
1.2749476703189052e-07,5.885624916670235e-07,1.39906368559323e-07,2.4328490580119486e-07,4.878784265712961e-05,0.17538091667569572,35,highpass
1.2749476703189052e-07,5.885624916670235e-07,1.39906368559323e-07,2.4328490580119486e-07,4.878784265712961e-05,0.17538091667569572,35,highpass
1.2749476703189052e-07,5.885624916670235e-07,1.39906368559323e-07,2.4328490580119486e-07,4.878784265712961e-05,0.17538091667569572,35,highpass
1.2749476703189052e-07,5.885624916670235e-07,1.39906368559323e-07,2.4328490580119486e-07,4.878784265712961e-05,0.17538091667569572,35,highpass
1.2749476703189052e-07,5.885624916670235e-07,1.39906368559323e-07,2.4328490580119486e-07,4.878784265712961e-05,0.17538091667569572,35,highpass
1.2749476703189052e-07,5.885624916670235e-07,1.39906368559323e-07,2.4328490580119486e-07,4.878784265712961e-05,0.17538091667569572,35,highpass
1.2749476703189052e-07,5.885624916670235e-07,1.39906368559323e-07,2.4328490580119486e-07,4.6794941504553736e-05,0.16563622091127872,35,highpass
1.2749476703189052e-07,5.885624916670235e-07,1.39906368559323e-07,2.4328490580119486e-07,4.878784265712961e-05,0.17538091667569572,35,highpass
1.2749476703189052e-07,5.885624916670235e-07,1.39906368559323e-07,2.4328490580119486e-07,4.878784265712961e-05,0.17538091667569572,35,highpass
1.2749476703189052e-07,6.316098677946919e-07,1.39906368559323e-07,2.4328490580119486e-07,4.878784265712961e-05,0.1758383008286885,35,highpass
1.2749476703189052e-07,5.885624916670235e-07,1.39906368559323e-07,2.4328490580119486e-07,4.878784265712961e-05,0.17538091667569572,35,highpass
1.2749476703189052e-07,5.885624916670235e-07,1.39906368559323e-07,2.4328490580119486e-07,4.878784265712961e-05,0.17538091667569572,35,highpass
1.2749476703189052e-07,5.885624916670235e-07,1.39906368559323e-07,2.4328490580119486e-07,4.658127742941251e-05,0.16204434294833497,35,highpass
1.2749476703189052e-07,5.885624916670235e-07,1.39906368559323e-07,2.4328490580119486e-07,4.878784265712961e-05,0.17538091667569572,35,highpass
1.2749476703189052e-07,5.885624916670235e-07,1.39906368559323e-07,2.4328490580119486e-07,4.878784265712961e-05,0.17538091667569572,35,highpass
1.2749476703189052e-07,5.885624916670235e-07,1.39906368559323e-07,2.4328490580119486e-07,4.878784265712961e-05,0.17538091667569572,35,highpass
1.2749476703189052e-07,5.885624916670235e-07,1.39906368559323e-07,2.4328490580119486e-07,4.878784265712961e-05,0.17538091667569572,35,highpass
1.2749476703189052e-07,5.885624916670235e-07,1.39906368559323e-07,2.4328490580119486e-07,4.878784265712961e-05,0.17538091667569572,35,highpass
1.2749476703189052e-07,5.885624916670235e-07,1.39906368559323e-07,2.4328490580119486e-07,4.878784265712961e-05,0.17538091667569572,35,highpass
1.2749476703189052e-07,5.885624916670235e-07,1.39906368559323e-07,2.4328490580119486e-07,4.878784265712961e-05,0.17538091667569572,35,highpass
1.2749476703189052e-07,5.885624916670235e-07,1.39906368559323e-07,2.4328490580119486e-07,4.878784265712961e-05,0.17538091667569572,35,highpass
1.2749476703189052e-07,5.885624916670235e-07,1.39906368559323e-07,2.4328490580119486e-07,4.878784265712961e-05,0.17538091667569572,35,highpass
1.2749476703189052e-07,5.885624916670235e-07,1.39906368559323e-07,2.4328490580119486e-07,4.878784265712961e-05,0.17538091667569572,35,highpass
1.2749476703189052e-07,5.885624916670235e-07,1.39906368559323e-07,2.4328490580119486e-07,4.878784265712961e-05,0.17538091667569572,35,highpass
1.2749476703189052e-07,5.885624916670235e-07,1.39906368559323e-07,2.4328490580119486e-07,4.878784265712961e-05,0.17538091667569572,35,highpass
1.2749476703189052e-07,5.885624916670235e-07,1.39906368559323e-07,2.4328490580119486e-07,4.878784265712961e-05,0.17538091667569572,35,highpass
1.2749476703189052e-07,5.885624916670235e-07,1.39906368559323e-07,2.4328490580119486e-07,4.878784265712961e-05,0.17538091667569572,35,highpass
1.2749476703189052e-07,6.316098677946919e-07,1.39906368559323e-07,2.4328490580119486e-07,4.878784265712961e-05,0.1758383008286885,36,highpass
1.2749476703189052e-07,5.885624916670235e-07,1.39906368559323e-07,2.4328490580119486e-07,4.878784265712961e-05,0.17538091667569572,36,highpass
1.2749476703189052e-07,5.885624916670235e-07,1.39906368559323e-07,2.4328490580119486e-07,4.878784265712961e-05,0.17538091667569572,36,highpass
1.2749476703189052e-07,5.885624916670235e-07,1.39906368559323e-07,2.4328490580119486e-07,4.878784265712961e-05,0.17538091667569572,36,highpass
1.2749476703189052e-07,5.885624916670235e-07,1.39906368559323e-07,2.4328490580119486e-07,4.878784265712961e-05,0.17538091667569572,36,highpass
1.2749476703189052e-07,5.885624916670235e-07,1.39906368559323e-07,2.4328490580119486e-07,4.878784265712961e-05,0.17538091667569572,36,highpass
1.2749476703189052e-07,5.885624916670235e-07,1.39906368559323e-07,2.4328490580119486e-07,4.878784265712961e-05,0.17538091667569572,36,highpass
1.2749476703189052e-07,6.154400031103892e-07,1.39906368559323e-07,2.4328490580119486e-07,4.878784265712961e-05,0.16541581706603897,36,highpass
1.2749476703189052e-07,5.885624916670235e-07,1.39906368559323e-07,2.4328490580119486e-07,4.878784265712961e-05,0.17538091667569572,36,highpass
1.2749476703189052e-07,5.885624916670235e-07,1.39906368559323e-07,2.4328490580119486e-07,4.922167512058866e-05,0.17174284248480232,36,highpass
1.2749476703189052e-07,6.316098677946919e-07,1.39906368559323e-07,2.4328490580119486e-07,4.878784265712961e-05,0.1758383008286885,36,highpass
1.2749476703189052e-07,5.885624916670235e-07,1.39906368559323e-07,2.4328490580119486e-07,4.878784265712961e-05,0.17538091667569572,36,highpass
1.2749476703189052e-07,5.885624916670235e-07,1.39906368559323e-07,2.4328490580119486e-07,4.878784265712961e-05,0.17538091667569572,36,highpass
1.2749476703189052e-07,5.885624916670235e-07,1.39906368559323e-07,2.4328490580119486e-07,4.878784265712961e-05,0.17538091667569572,36,highpass
1.2749476703189052e-07,5.885624916670235e-07,1.39906368559323e-07,2.4328490580119486e-07,4.878784265712961e-05,0.17538091667569572,36,highpass
1.2749476703189052e-07,5.885624916670235e-07,1.39906368559323e-07,2.4328490580119486e-07,4.878784265712961e-05,0.17538091667569572,36,highpass
1.2749476703189052e-07,6.285051547034283e-07,1.39906368559323e-07,2.4328490580119486e-07,4.878784265712961e-05,0.17445724147001757,36,highpass
1.2749476703189052e-07,5.885624916670235e-07,1.39906368559323e-07,2.4328490580119486e-07,4.878784265712961e-05,0.17538091667569572,36,highpass
1.2749476703189052e-07,5.885624916670235e-07,1.39906368559323e-07,2.4328490580119486e-07,4.878784265712961e-05,0.17538091667569572,36,highpass
1.2749476703189052e-07,5.885624916670235e-07,1.39906368559323e-07,2.4328490580119486e-07,4.878784265712961e-05,0.17538091667569572,36,highpass
1.2749476703189052e-07,5.885624916670235e-07,1.39906368559323e-07,2.4328490580119486e-07,4.878784265712961e-05,0.17538091667569572,36,highpass
1.2749476703189052e-07,5.885624916670235e-07,1.39906368559323e-07,2.4328490580119486e-07,4.878784265712961e-05,0.17538091667569572,36,highpass
1.2749476703189052e-07,5.885624916670235e-07,1.39906368559323e-07,2.4328490580119486e-07,4.878784265712961e-05,0.17538091667569572,36,highpass
1.2749476703189052e-07,5.885624916670235e-07,1.39906368559323e-07,2.4328490580119486e-07,4.878784265712961e-05,0.17538091667569572,36,highpass
1.2749476703189052e-07,5.885624916670235e-07,1.39906368559323e-07,2.4328490580119486e-07,4.878784265712961e-05,0.17538091667569572,36,highpass
1.2749476703189052e-07,5.885624916670235e-07,1.39906368559323e-07,2.4328490580119486e-07,4.878784265712961e-05,0.17538091667569572,36,highpass
1.2749476703189052e-07,6.316098677946919e-07,1.39906368559323e-07,2.4328490580119486e-07,4.878784265712961e-05,0.1758383008286885,36,highpass
1.2749476703189052e-07,5.885624916670235e-07,1.39906368559323e-07,2.4328490580119486e-07,4.878784265712961e-05,0.17538091667569572,36,highpass
1.2749476703189052e-07,5.885624916670235e-07,1.39906368559323e-07,2.4328490580119486e-07,4.878784265712961e-05,0.17538091667569572,36,highpass
1.2749476703189052e-07,5.885624916670235e-07,1.39906368559323e-07,2.4328490580119486e-07,4.878784265712961e-05,0.17538091667569572,36,highpass
1.2749476703189052e-07,6.316098677946919e-07,1.39906368559323e-07,2.4328490580119486e-07,4.878784265712961e-05,0.1758383008286885,37,highpass
1.2749476703189052e-07,5.885624916670235e-07,1.39906368559323e-07,2.4328490580119486e-07,4.878784265712961e-05,0.17538091667569572,37,highpass
1.2749476703189052e-07,6.316098677946919e-07,1.39906368559323e-07,2.4328490580119486e-07,4.878784265712961e-05,0.1758383008286885,37,highpass
1.2749476703189052e-07,5.885624916670235e-07,1.39906368559323e-07,2.4328490580119486e-07,4.878784265712961e-05,0.17538091667569572,37,highpass
1.2749476703189052e-07,5.885624916670235e-07,1.345779233301366e-07,2.4328490580119486e-07,4.878784265712961e-05,0.09898926256660534,37,highpass
1.2749476703189052e-07,6.316098677946919e-07,1.39906368559323e-07,2.4328490580119486e-07,4.878784265712961e-05,0.1758383008286885,37,highpass
1.2749476703189052e-07,5.885624916670235e-07,1.39906368559323e-07,2.4328490580119486e-07,4.878784265712961e-05,0.17538091667569572,37,highpass
1.2749476703189052e-07,5.885624916670235e-07,1.39906368559323e-07,2.4328490580119486e-07,4.878784265712961e-05,0.17538091667569572,37,highpass
1.2749476703189052e-07,6.316098677946919e-07,1.39906368559323e-07,2.787543601874324e-07,4.878784265712961e-05,0.08901303405475769,37,highpass
1.2749476703189052e-07,6.316098677946919e-07,1.39906368559323e-07,2.4328490580119486e-07,4.878784265712961e-05,0.1758383008286885,37,highpass
1.2749476703189052e-07,5.885624916670235e-07,1.39906368559323e-07,2.4328490580119486e-07,4.878784265712961e-05,0.17538091667569572,37,highpass
1.2749476703189052e-07,5.885624916670235e-07,1.39906368559323e-07,2.4328490580119486e-07,4.878784265712961e-05,0.17538091667569572,37,highpass
1.2749476703189052e-07,6.316098677946919e-07,1.39906368559323e-07,2.4328490580119486e-07,4.878784265712961e-05,0.1758383008286885,37,highpass
1.2749476703189052e-07,5.885624916670235e-07,1.39906368559323e-07,2.4328490580119486e-07,4.878784265712961e-05,0.17538091667569572,37,highpass
1.2749476703189052e-07,6.316098677946919e-07,1.39906368559323e-07,2.4328490580119486e-07,4.878784265712961e-05,0.1758383008286885,37,highpass
1.2749476703189052e-07,5.885624916670235e-07,1.39906368559323e-07,2.4328490580119486e-07,4.878784265712961e-05,0.17538091667569572,37,highpass
1.2749476703189052e-07,5.885624916670235e-07,1.39906368559323e-07,2.4328490580119486e-07,4.878784265712961e-05,0.17538091667569572,37,highpass
1.2749476703189052e-07,5.885624916670235e-07,1.39906368559323e-07,2.4328490580119486e-07,4.878784265712961e-05,0.17538091667569572,37,highpass
1.2749476703189052e-07,6.316098677946919e-07,1.39906368559323e-07,2.4328490580119486e-07,4.878784265712961e-05,0.1758383008286885,37,highpass
1.2749476703189052e-07,6.316098677946919e-07,1.39906368559323e-07,2.4328490580119486e-07,4.878784265712961e-05,0.1758383008286885,37,highpass
1.2749476703189052e-07,6.316098677946919e-07,1.39906368559323e-07,2.4328490580119486e-07,4.878784265712961e-05,0.1758383008286885,37,highpass
1.2749476703189052e-07,6.316098677946919e-07,1.39906368559323e-07,2.473115776091234e-07,4.878784265712961e-05,0.17377201143450366,37,highpass
1.2749476703189052e-07,6.316098677946919e-07,1.39906368559323e-07,2.4328490580119486e-07,4.878784265712961e-05,0.1758383008286885,37,highpass
1.2749476703189052e-07,6.316098677946919e-07,1.39906368559323e-07,2.4328490580119486e-07,4.878784265712961e-05,0.1758383008286885,37,highpass
1.2749476703189052e-07,5.885624916670235e-07,1.39906368559323e-07,2.4328490580119486e-07,4.878784265712961e-05,0.17538091667569572,37,highpass
1.2749476703189052e-07,5.885624916670235e-07,1.39906368559323e-07,2.4328490580119486e-07,9.063659336769152e-06,0.13198221941386917,37,highpass
1.2749476703189052e-07,6.316098677946919e-07,1.39906368559323e-07,2.4328490580119486e-07,4.878784265712961e-05,0.1758383008286885,37,highpass
1.2749476703189052e-07,5.885624916670235e-07,1.39906368559323e-07,2.4328490580119486e-07,4.878784265712961e-05,0.17538091667569572,37,highpass
1.2749476703189052e-07,6.316098677946919e-07,1.39906368559323e-07,2.4328490580119486e-07,4.878784265712961e-05,0.1758383008286885,37,highpass
1.2749476703189052e-07,5.885624916670235e-07,1.39906368559323e-07,2.4328490580119486e-07,4.878784265712961e-05,0.17538091667569572,37,highpass
1.2749476703189052e-07,6.316098677946919e-07,1.39906368559323e-07,2.4328490580119486e-07,4.878784265712961e-05,0.1758383008286885,38,highpass
1.2749476703189052e-07,6.316098677946919e-07,1.39906368559323e-07,2.4328490580119486e-07,4.878784265712961e-05,0.1758383008286885,38,highpass
1.2749476703189052e-07,6.316098677946919e-07,1.39906368559323e-07,2.4328490580119486e-07,4.878784265712961e-05,0.1758383008286885,38,highpass
1.2749476703189052e-07,6.316098677946919e-07,1.39906368559323e-07,2.4328490580119486e-07,4.878784265712961e-05,0.1758383008286885,38,highpass
1.2749476703189052e-07,6.316098677946919e-07,1.39906368559323e-07,2.4328490580119486e-07,4.878784265712961e-05,0.1758383008286885,38,highpass
1.2749476703189052e-07,6.316098677946919e-07,1.39906368559323e-07,2.4328490580119486e-07,4.878784265712961e-05,0.1758383008286885,38,highpass
1.2749476703189052e-07,6.316098677946919e-07,1.39906368559323e-07,2.4328490580119486e-07,4.878784265712961e-05,0.1758383008286885,38,highpass
1.2749476703189052e-07,6.316098677946919e-07,1.39906368559323e-07,2.4328490580119486e-07,4.878784265712961e-05,0.1758383008286885,38,highpass
1.2749476703189052e-07,6.316098677946919e-07,1.39906368559323e-07,2.4328490580119486e-07,4.878784265712961e-05,0.1758383008286885,38,highpass
1.2749476703189052e-07,3.170834109162612e-07,1.39906368559323e-07,2.4328490580119486e-07,4.878784265712961e-05,0.04292944067559552,38,highpass
1.2749476703189052e-07,6.316098677946919e-07,1.39906368559323e-07,2.4328490580119486e-07,4.878784265712961e-05,0.1758383008286885,38,highpass
1.2749476703189052e-07,6.316098677946919e-07,1.39906368559323e-07,2.4328490580119486e-07,4.878784265712961e-05,0.1758383008286885,38,highpass
1.2749476703189052e-07,6.316098677946919e-07,1.39906368559323e-07,2.4328490580119486e-07,4.878784265712961e-05,0.1758383008286885,38,highpass
1.2749476703189052e-07,6.316098677946919e-07,1.39906368559323e-07,2.4328490580119486e-07,4.878784265712961e-05,0.1758383008286885,38,highpass
1.2749476703189052e-07,6.316098677946919e-07,1.39906368559323e-07,2.4328490580119486e-07,4.878784265712961e-05,0.1758383008286885,38,highpass
1.2749476703189052e-07,6.316098677946919e-07,1.39906368559323e-07,2.4328490580119486e-07,4.878784265712961e-05,0.1758383008286885,38,highpass
1.2749476703189052e-07,6.316098677946919e-07,1.39906368559323e-07,2.4328490580119486e-07,4.878784265712961e-05,0.1758383008286885,38,highpass
1.2749476703189052e-07,6.316098677946919e-07,1.39906368559323e-07,2.4328490580119486e-07,4.878784265712961e-05,0.1758383008286885,38,highpass
1.2749476703189052e-07,6.316098677946919e-07,1.39906368559323e-07,2.4328490580119486e-07,4.878784265712961e-05,0.1758383008286885,38,highpass
1.2749476703189052e-07,6.316098677946919e-07,1.39906368559323e-07,2.4328490580119486e-07,4.878784265712961e-05,0.1758383008286885,38,highpass
1.2749476703189052e-07,6.316098677946919e-07,1.39906368559323e-07,2.4328490580119486e-07,4.878784265712961e-05,0.1758383008286885,38,highpass
1.2749476703189052e-07,6.316098677946919e-07,1.39906368559323e-07,2.4328490580119486e-07,4.878784265712961e-05,0.1758383008286885,38,highpass
1.24001989727804e-07,6.316098677946919e-07,1.39906368559323e-07,2.4328490580119486e-07,4.878784265712961e-05,0.04309997715793529,38,highpass
1.2749476703189052e-07,6.316098677946919e-07,1.39906368559323e-07,2.4328490580119486e-07,1.4543188301985705e-05,0.1477037605579764,38,highpass
1.2749476703189052e-07,6.316098677946919e-07,1.39906368559323e-07,2.776222542104848e-07,4.878784265712961e-05,0.09239418354375972,38,highpass
1.2749476703189052e-07,6.316098677946919e-07,1.39906368559323e-07,2.4328490580119486e-07,4.878784265712961e-05,0.1758383008286885,38,highpass
1.2749476703189052e-07,5.885624916670235e-07,1.39906368559323e-07,2.4328490580119486e-07,4.878784265712961e-05,0.17538091667569572,38,highpass
1.2749476703189052e-07,6.316098677946919e-07,1.39906368559323e-07,2.4328490580119486e-07,4.878784265712961e-05,0.1758383008286885,38,highpass
1.2749476703189052e-07,6.316098677946919e-07,1.39906368559323e-07,2.4328490580119486e-07,4.878784265712961e-05,0.1758383008286885,38,highpass
1.2749476703189052e-07,6.316098677946919e-07,1.39906368559323e-07,2.4328490580119486e-07,4.878784265712961e-05,0.1758383008286885,38,highpass
1.2749476703189052e-07,6.316098677946919e-07,1.39906368559323e-07,2.4328490580119486e-07,4.878784265712961e-05,0.1758383008286885,39,highpass
1.2749476703189052e-07,6.316098677946919e-07,1.39906368559323e-07,2.4328490580119486e-07,4.878784265712961e-05,0.1758383008286885,39,highpass
1.2749476703189052e-07,6.316098677946919e-07,1.3444833924320812e-07,2.4328490580119486e-07,4.878784265712961e-05,0.11821446223314036,39,highpass
1.2749476703189052e-07,6.316098677946919e-07,1.39906368559323e-07,2.4328490580119486e-07,4.878784265712961e-05,0.1758383008286885,39,highpass
1.2749476703189052e-07,6.316098677946919e-07,1.39906368559323e-07,2.4328490580119486e-07,4.878784265712961e-05,0.1758383008286885,39,highpass
1.2749476703189052e-07,6.316098677946919e-07,1.39906368559323e-07,2.4328490580119486e-07,4.878784265712961e-05,0.1758383008286885,39,highpass
1.2749476703189052e-07,6.316098677946919e-07,1.39906368559323e-07,2.4328490580119486e-07,4.878784265712961e-05,0.1758383008286885,39,highpass
1.2749476703189052e-07,6.316098677946919e-07,1.39906368559323e-07,2.4328490580119486e-07,2.2847009150605332e-05,0.15760979098936156,39,highpass
1.2749476703189052e-07,6.316098677946919e-07,1.39906368559323e-07,2.4328490580119486e-07,4.878784265712961e-05,0.1758383008286885,39,highpass
1.2749476703189052e-07,6.316098677946919e-07,1.39906368559323e-07,2.4328490580119486e-07,4.878784265712961e-05,0.1758383008286885,39,highpass
1.2749476703189052e-07,6.316098677946919e-07,1.39906368559323e-07,2.4328490580119486e-07,4.878784265712961e-05,0.1758383008286885,39,highpass
1.2749476703189052e-07,6.316098677946919e-07,1.39906368559323e-07,2.4328490580119486e-07,4.878784265712961e-05,0.1758383008286885,39,highpass
1.2749476703189052e-07,6.316098677946919e-07,1.39906368559323e-07,2.4328490580119486e-07,4.878784265712961e-05,0.1758383008286885,39,highpass
1.2749476703189052e-07,6.316098677946919e-07,1.3387078681419895e-07,2.4328490580119486e-07,4.878784265712961e-05,0.11821446223314036,39,highpass
1.2749476703189052e-07,6.316098677946919e-07,1.39906368559323e-07,2.4328490580119486e-07,4.878784265712961e-05,0.1758383008286885,39,highpass
1.2749476703189052e-07,6.506083024227172e-07,1.39906368559323e-07,2.4328490580119486e-07,4.878784265712961e-05,0.16334371488840121,39,highpass
1.2749476703189052e-07,6.316098677946919e-07,1.39906368559323e-07,2.4328490580119486e-07,4.878784265712961e-05,0.1758383008286885,39,highpass
1.2749476703189052e-07,3.706502981774044e-07,1.39906368559323e-07,2.4328490580119486e-07,4.878784265712961e-05,0.06256099607151773,39,highpass
1.2749476703189052e-07,6.316098677946919e-07,1.39906368559323e-07,2.4328490580119486e-07,4.878784265712961e-05,0.1758383008286885,39,highpass
1.2749476703189052e-07,6.316098677946919e-07,1.39906368559323e-07,2.4328490580119486e-07,4.878784265712961e-05,0.1758383008286885,39,highpass
1.2749476703189052e-07,6.316098677946919e-07,1.39906368559323e-07,2.4328490580119486e-07,4.878784265712961e-05,0.1758383008286885,39,highpass
1.2749476703189052e-07,6.316098677946919e-07,1.39906368559323e-07,2.4328490580119486e-07,4.878784265712961e-05,0.1758383008286885,39,highpass
1.2749476703189052e-07,6.316098677946919e-07,1.39906368559323e-07,2.4328490580119486e-07,4.878784265712961e-05,0.1758383008286885,39,highpass
1.2749476703189052e-07,6.316098677946919e-07,1.39906368559323e-07,2.4328490580119486e-07,4.878784265712961e-05,0.1758383008286885,39,highpass
1.2749476703189052e-07,6.316098677946919e-07,1.8255667382677384e-07,2.4328490580119486e-07,4.878784265712961e-05,0.013166823678503303,39,highpass
1.2749476703189052e-07,6.316098677946919e-07,1.39906368559323e-07,2.4328490580119486e-07,4.878784265712961e-05,0.1758383008286885,39,highpass
1.2749476703189052e-07,6.316098677946919e-07,1.39906368559323e-07,2.4328490580119486e-07,4.878784265712961e-05,0.1758383008286885,39,highpass
1.2749476703189052e-07,6.316098677946919e-07,1.39906368559323e-07,2.4328490580119486e-07,4.878784265712961e-05,0.1758383008286885,39,highpass
1.2749476703189052e-07,6.316098677946919e-07,1.39906368559323e-07,2.4328490580119486e-07,4.878784265712961e-05,0.1758383008286885,39,highpass
1.2749476703189052e-07,6.316098677946919e-07,1.39906368559323e-07,2.4328490580119486e-07,4.878784265712961e-05,0.1758383008286885,39,highpass
1.2749476703189052e-07,6.316098677946919e-07,1.39906368559323e-07,2.4328490580119486e-07,4.878784265712961e-05,0.1758383008286885,40,highpass
1.2749476703189052e-07,6.316098677946919e-07,1.39906368559323e-07,2.4328490580119486e-07,4.878784265712961e-05,0.1758383008286885,40,highpass
1.2749476703189052e-07,6.316098677946919e-07,1.39906368559323e-07,2.4328490580119486e-07,4.878784265712961e-05,0.1758383008286885,40,highpass
1.2749476703189052e-07,6.316098677946919e-07,1.39906368559323e-07,2.4328490580119486e-07,4.878784265712961e-05,0.1758383008286885,40,highpass
1.2749476703189052e-07,6.316098677946919e-07,1.39906368559323e-07,2.4328490580119486e-07,4.878784265712961e-05,0.1758383008286885,40,highpass
1.2749476703189052e-07,6.316098677946919e-07,1.39906368559323e-07,2.4328490580119486e-07,4.878784265712961e-05,0.1758383008286885,40,highpass
1.2749476703189052e-07,6.316098677946919e-07,1.39906368559323e-07,2.4328490580119486e-07,4.878784265712961e-05,0.1758383008286885,40,highpass
1.2749476703189052e-07,6.316098677946919e-07,1.39906368559323e-07,2.4328490580119486e-07,4.878784265712961e-05,0.1758383008286885,40,highpass
1.2749476703189052e-07,6.316098677946919e-07,1.39906368559323e-07,2.4328490580119486e-07,4.878784265712961e-05,0.1758383008286885,40,highpass
1.2749476703189052e-07,6.316098677946919e-07,1.39906368559323e-07,2.4328490580119486e-07,4.878784265712961e-05,0.1758383008286885,40,highpass
1.2749476703189052e-07,6.316098677946919e-07,1.39906368559323e-07,2.4328490580119486e-07,4.878784265712961e-05,0.1758383008286885,40,highpass
1.2749476703189052e-07,6.316098677946919e-07,1.39906368559323e-07,2.4328490580119486e-07,4.878784265712961e-05,0.1758383008286885,40,highpass
1.2749476703189052e-07,6.316098677946919e-07,1.39906368559323e-07,2.4328490580119486e-07,4.878784265712961e-05,0.1758383008286885,40,highpass
1.2749476703189052e-07,6.316098677946919e-07,1.39906368559323e-07,2.4328490580119486e-07,4.878784265712961e-05,0.1758383008286885,40,highpass
1.2749476703189052e-07,6.316098677946919e-07,1.39906368559323e-07,2.4328490580119486e-07,4.878784265712961e-05,0.1758383008286885,40,highpass
1.2749476703189052e-07,6.316098677946919e-07,1.39906368559323e-07,2.4328490580119486e-07,4.878784265712961e-05,0.1758383008286885,40,highpass
1.2749476703189052e-07,6.316098677946919e-07,1.8388638470360952e-07,2.4328490580119486e-07,4.878784265712961e-05,0.0126061041906127,40,highpass
1.2749476703189052e-07,6.316098677946919e-07,1.39906368559323e-07,2.4328490580119486e-07,4.878784265712961e-05,0.1758383008286885,40,highpass
1.2749476703189052e-07,6.316098677946919e-07,1.39906368559323e-07,2.4328490580119486e-07,4.878784265712961e-05,0.1758383008286885,40,highpass
1.706244252264421e-07,6.316098677946919e-07,1.39906368559323e-07,2.4328490580119486e-07,4.878784265712961e-05,0.08693815948063871,40,highpass
1.339355834088957e-07,6.316098677946919e-07,1.39906368559323e-07,2.4328490580119486e-07,4.878784265712961e-05,0.16613400407809747,40,highpass
1.2749476703189052e-07,6.316098677946919e-07,1.39906368559323e-07,2.4328490580119486e-07,4.878784265712961e-05,0.1758383008286885,40,highpass
1.2749476703189052e-07,6.316098677946919e-07,1.39906368559323e-07,2.4328490580119486e-07,4.878784265712961e-05,0.1758383008286885,40,highpass
1.2749476703189052e-07,6.316098677946919e-07,1.39906368559323e-07,2.4328490580119486e-07,4.878784265712961e-05,0.1758383008286885,40,highpass
1.2749476703189052e-07,6.316098677946919e-07,1.39906368559323e-07,2.4328490580119486e-07,4.878784265712961e-05,0.1758383008286885,40,highpass
1.2749476703189052e-07,6.316098677946919e-07,2.4203625948769404e-07,2.4328490580119486e-07,4.878784265712961e-05,-0.06972181929160842,40,highpass
1.2749476703189052e-07,6.316098677946919e-07,1.3884548255325876e-07,2.4328490580119486e-07,4.878784265712961e-05,0.12288393258647462,40,highpass
1.2749476703189052e-07,6.316098677946919e-07,1.39906368559323e-07,2.4328490580119486e-07,4.878784265712961e-05,0.1758383008286885,40,highpass
1.2749476703189052e-07,6.316098677946919e-07,1.39906368559323e-07,2.4328490580119486e-07,4.878784265712961e-05,0.1758383008286885,40,highpass
1.2749476703189052e-07,6.316098677946919e-07,1.39906368559323e-07,2.4328490580119486e-07,4.878784265712961e-05,0.1758383008286885,40,highpass
1.2749476703189052e-07,6.316098677946919e-07,1.39906368559323e-07,2.4328490580119486e-07,4.878784265712961e-05,0.1758383008286885,41,highpass
1.2749476703189052e-07,6.316098677946919e-07,1.39906368559323e-07,2.4328490580119486e-07,4.878784265712961e-05,0.1758383008286885,41,highpass
1.2749476703189052e-07,6.316098677946919e-07,1.39906368559323e-07,2.4328490580119486e-07,4.878784265712961e-05,0.1758383008286885,41,highpass
1.2749476703189052e-07,5.241451909611243e-07,1.39906368559323e-07,2.4328490580119486e-07,4.878784265712961e-05,0.08135352725253198,41,highpass
1.7833861518642867e-07,6.316098677946919e-07,1.39906368559323e-07,2.4328490580119486e-07,4.878784265712961e-05,0.11464661048314195,41,highpass
1.2749476703189052e-07,6.316098677946919e-07,1.39906368559323e-07,2.4328490580119486e-07,2.6380805689381203e-05,0.1625056805361636,41,highpass
1.2749476703189052e-07,6.316098677946919e-07,1.39906368559323e-07,2.4328490580119486e-07,5e-05,0.1660326508551095,41,highpass
1.2749476703189052e-07,6.316098677946919e-07,1.39906368559323e-07,2.4328490580119486e-07,4.878784265712961e-05,0.1758383008286885,41,highpass
1.2749476703189052e-07,6.316098677946919e-07,1.39906368559323e-07,2.4328490580119486e-07,4.878784265712961e-05,0.1758383008286885,41,highpass
1.2749476703189052e-07,6.316098677946919e-07,1.39906368559323e-07,2.4328490580119486e-07,4.878784265712961e-05,0.1758383008286885,41,highpass
1.2749476703189052e-07,6.316098677946919e-07,1.39906368559323e-07,2.4328490580119486e-07,4.878784265712961e-05,0.1758383008286885,41,highpass
1.2749476703189052e-07,6.316098677946919e-07,1.39906368559323e-07,2.4328490580119486e-07,4.878784265712961e-05,0.1758383008286885,41,highpass
1.2749476703189052e-07,6.316098677946919e-07,1.39906368559323e-07,2.4328490580119486e-07,4.878784265712961e-05,0.1758383008286885,41,highpass
1.2749476703189052e-07,6.291688859149713e-07,1.39906368559323e-07,2.4328490580119486e-07,4.878784265712961e-05,0.17476052086249794,41,highpass
1.2749476703189052e-07,6.316098677946919e-07,1.39906368559323e-07,2.4328490580119486e-07,4.878784265712961e-05,0.1758383008286885,41,highpass
1.2749476703189052e-07,6.146760126798475e-07,1.39906368559323e-07,2.4328490580119486e-07,4.878784265712961e-05,0.16534084363122808,41,highpass
1.2749476703189052e-07,6.316098677946919e-07,1.39906368559323e-07,2.4328490580119486e-07,4.878784265712961e-05,0.1758383008286885,41,highpass
1.2749476703189052e-07,6.316098677946919e-07,1.39906368559323e-07,2.4328490580119486e-07,4.878784265712961e-05,0.1758383008286885,41,highpass
1.2749476703189052e-07,6.316098677946919e-07,1.39906368559323e-07,2.4328490580119486e-07,4.878784265712961e-05,0.1758383008286885,41,highpass
1.2749476703189052e-07,6.316098677946919e-07,1.39906368559323e-07,2.4328490580119486e-07,4.878784265712961e-05,0.1758383008286885,41,highpass
1.2749476703189052e-07,6.316098677946919e-07,1.39906368559323e-07,2.4328490580119486e-07,4.878784265712961e-05,0.1758383008286885,41,highpass
1.2749476703189052e-07,6.316098677946919e-07,1.39906368559323e-07,2.4328490580119486e-07,4.878784265712961e-05,0.1758383008286885,41,highpass
1.2749476703189052e-07,6.316098677946919e-07,1.39906368559323e-07,2.4328490580119486e-07,4.878784265712961e-05,0.1758383008286885,41,highpass
1.2749476703189052e-07,6.316098677946919e-07,1.39906368559323e-07,2.4328490580119486e-07,4.878784265712961e-05,0.1758383008286885,41,highpass
1.2749476703189052e-07,6.316098677946919e-07,1.39906368559323e-07,2.4328490580119486e-07,4.878784265712961e-05,0.1758383008286885,41,highpass
1.3760601147137652e-07,6.316098677946919e-07,1.39906368559323e-07,2.4328490580119486e-07,4.878784265712961e-05,0.032277868328697834,41,highpass
1.2749476703189052e-07,6.316098677946919e-07,1.39906368559323e-07,2.4328490580119486e-07,4.878784265712961e-05,0.1758383008286885,41,highpass
1.2749476703189052e-07,6.316098677946919e-07,1.39906368559323e-07,2.4328490580119486e-07,4.878784265712961e-05,0.1758383008286885,41,highpass
1.2749476703189052e-07,6.316098677946919e-07,1.39906368559323e-07,2.6117277910194473e-07,4.878784265712961e-05,0.10401568083942736,41,highpass
1.2749476703189052e-07,6.316098677946919e-07,1.39906368559323e-07,2.4328490580119486e-07,4.878784265712961e-05,0.1758383008286885,41,highpass
1.2749476703189052e-07,6.316098677946919e-07,1.39906368559323e-07,2.4328490580119486e-07,4.878784265712961e-05,0.1758383008286885,42,highpass
1.2749476703189052e-07,6.404980227726264e-07,1.39906368559323e-07,2.4328490580119486e-07,4.878784265712961e-05,0.16452155098219823,42,highpass
1.2749476703189052e-07,6.316098677946919e-07,1.39906368559323e-07,2.4328490580119486e-07,4.878784265712961e-05,0.1758383008286885,42,highpass
1.2749476703189052e-07,6.316098677946919e-07,1.39906368559323e-07,2.4328490580119486e-07,4.878784265712961e-05,0.1758383008286885,42,highpass
1.2749476703189052e-07,6.316098677946919e-07,1.39906368559323e-07,2.4328490580119486e-07,4.878784265712961e-05,0.1758383008286885,42,highpass
1.2749476703189052e-07,6.316098677946919e-07,1.39906368559323e-07,2.4328490580119486e-07,4.878784265712961e-05,0.1758383008286885,42,highpass
1.2749476703189052e-07,6.316098677946919e-07,1.39906368559323e-07,2.4328490580119486e-07,4.878784265712961e-05,0.1758383008286885,42,highpass
1.2749476703189052e-07,6.316098677946919e-07,1.39906368559323e-07,2.4328490580119486e-07,4.878784265712961e-05,0.1758383008286885,42,highpass
1.2749476703189052e-07,6.316098677946919e-07,1.39906368559323e-07,2.4328490580119486e-07,4.878784265712961e-05,0.1758383008286885,42,highpass
1.2749476703189052e-07,6.316098677946919e-07,1.35679653534779e-07,2.4328490580119486e-07,4.878784265712961e-05,0.08141561995663144,42,highpass
1.2749476703189052e-07,6.316098677946919e-07,1.39906368559323e-07,2.4328490580119486e-07,4.878784265712961e-05,0.1758383008286885,42,highpass
1.3507621208181993e-07,6.316098677946919e-07,1.39906368559323e-07,2.4328490580119486e-07,4.878784265712961e-05,0.18987948579115932,42,highpass
1.2749476703189052e-07,6.316098677946919e-07,1.39906368559323e-07,2.4328490580119486e-07,4.878784265712961e-05,0.1758383008286885,42,highpass
1.2749476703189052e-07,6.316098677946919e-07,1.39906368559323e-07,2.4328490580119486e-07,4.878784265712961e-05,0.1758383008286885,42,highpass
1.2749476703189052e-07,6.316098677946919e-07,1.39906368559323e-07,2.4328490580119486e-07,4.9438022381134255e-05,0.17528593752574612,42,highpass
1.2749476703189052e-07,6.316098677946919e-07,1.39906368559323e-07,2.4328490580119486e-07,4.878784265712961e-05,0.1758383008286885,42,highpass
1.2749476703189052e-07,6.316098677946919e-07,1.39906368559323e-07,2.4328490580119486e-07,4.878784265712961e-05,0.1758383008286885,42,highpass
1.2749476703189052e-07,6.316098677946919e-07,1.39906368559323e-07,2.3711860455665437e-07,4.878784265712961e-05,0.1595777668219998,42,highpass
1.2749476703189052e-07,6.316098677946919e-07,1.39906368559323e-07,2.4328490580119486e-07,4.878784265712961e-05,0.1758383008286885,42,highpass
1.2749476703189052e-07,6.198357223042625e-07,1.39906368559323e-07,2.4328490580119486e-07,4.878784265712961e-05,0.16535117325942705,42,highpass
1.2749476703189052e-07,6.316098677946919e-07,1.39906368559323e-07,2.4328490580119486e-07,4.878784265712961e-05,0.1758383008286885,42,highpass
1.2749476703189052e-07,6.316098677946919e-07,1.39906368559323e-07,2.4328490580119486e-07,4.878784265712961e-05,0.1758383008286885,42,highpass
1.2749476703189052e-07,6.316098677946919e-07,1.39906368559323e-07,2.4328490580119486e-07,4.878784265712961e-05,0.1758383008286885,42,highpass
1.2749476703189052e-07,6.316098677946919e-07,1.39906368559323e-07,2.4328490580119486e-07,4.878784265712961e-05,0.1758383008286885,42,highpass
1.2749476703189052e-07,6.316098677946919e-07,1.39906368559323e-07,2.4328490580119486e-07,4.878784265712961e-05,0.1758383008286885,42,highpass
1.2749476703189052e-07,6.316098677946919e-07,1.39906368559323e-07,2.4328490580119486e-07,4.878784265712961e-05,0.1758383008286885,42,highpass
1.2749476703189052e-07,6.316098677946919e-07,1.39906368559323e-07,2.4328490580119486e-07,4.878784265712961e-05,0.1758383008286885,42,highpass
1.2749476703189052e-07,6.316098677946919e-07,1.39906368559323e-07,2.4328490580119486e-07,4.878784265712961e-05,0.1758383008286885,42,highpass
1.2749476703189052e-07,6.316098677946919e-07,1.39906368559323e-07,2.4328490580119486e-07,4.878784265712961e-05,0.1758383008286885,42,highpass
1.2749476703189052e-07,6.316098677946919e-07,1.39906368559323e-07,2.4328490580119486e-07,4.878784265712961e-05,0.1758383008286885,42,highpass
1.3507621208181993e-07,6.316098677946919e-07,1.39906368559323e-07,2.4328490580119486e-07,4.878784265712961e-05,0.18987948579115932,43,highpass
1.2749476703189052e-07,6.316098677946919e-07,1.39906368559323e-07,2.4013140691091367e-07,4.878784265712961e-05,0.1762676647418342,43,highpass
1.2749476703189052e-07,6.316098677946919e-07,1.39906368559323e-07,2.4328490580119486e-07,4.878784265712961e-05,0.1758383008286885,43,highpass
1.5983077685054907e-07,6.316098677946919e-07,1.39906368559323e-07,2.4328490580119486e-07,4.878784265712961e-05,0.10039868263969332,43,highpass
1.2749476703189052e-07,6.316098677946919e-07,1.39906368559323e-07,2.4328490580119486e-07,4.878784265712961e-05,0.1758383008286885,43,highpass
1.2749476703189052e-07,6.316098677946919e-07,1.39906368559323e-07,2.4328490580119486e-07,4.878784265712961e-05,0.1758383008286885,43,highpass
1.3507621208181993e-07,6.316098677946919e-07,1.39906368559323e-07,2.4328490580119486e-07,4.847575058934605e-05,0.16140932467535596,43,highpass
1.2749476703189052e-07,6.316098677946919e-07,1.39906368559323e-07,2.4328490580119486e-07,4.878784265712961e-05,0.1758383008286885,43,highpass
1.2749476703189052e-07,6.316098677946919e-07,1.39906368559323e-07,2.4328490580119486e-07,4.878784265712961e-05,0.1758383008286885,43,highpass
1.2749476703189052e-07,6.316098677946919e-07,1.39906368559323e-07,2.4328490580119486e-07,4.878784265712961e-05,0.1758383008286885,43,highpass
1.2749476703189052e-07,6.316098677946919e-07,1.39906368559323e-07,2.4328490580119486e-07,4.878784265712961e-05,0.1758383008286885,43,highpass
1.2749476703189052e-07,6.316098677946919e-07,1.39906368559323e-07,2.4328490580119486e-07,4.878784265712961e-05,0.1758383008286885,43,highpass
1.2749476703189052e-07,6.316098677946919e-07,1.39906368559323e-07,2.4328490580119486e-07,4.878784265712961e-05,0.1758383008286885,43,highpass
1.3507621208181993e-07,6.316098677946919e-07,1.39906368559323e-07,2.4328490580119486e-07,4.878784265712961e-05,0.18987948579115932,43,highpass
1.2749476703189052e-07,6.316098677946919e-07,1.39906368559323e-07,2.4328490580119486e-07,4.878784265712961e-05,0.1758383008286885,43,highpass
1.3507621208181993e-07,6.316098677946919e-07,1.39906368559323e-07,2.4328490580119486e-07,4.878784265712961e-05,0.18987948579115932,43,highpass
1.2749476703189052e-07,6.316098677946919e-07,1.39906368559323e-07,2.4328490580119486e-07,4.878784265712961e-05,0.1758383008286885,43,highpass
1.2749476703189052e-07,6.316098677946919e-07,1.39906368559323e-07,2.4328490580119486e-07,4.878784265712961e-05,0.1758383008286885,43,highpass
1.3507621208181993e-07,6.316098677946919e-07,1.39906368559323e-07,2.4328490580119486e-07,4.878784265712961e-05,0.18987948579115932,43,highpass
1.2749476703189052e-07,6.316098677946919e-07,1.39906368559323e-07,2.4328490580119486e-07,4.878784265712961e-05,0.1758383008286885,43,highpass
1.2749476703189052e-07,6.316098677946919e-07,1.39906368559323e-07,2.4328490580119486e-07,4.567034229628454e-05,0.16559344158385092,43,highpass
1.2749476703189052e-07,6.316098677946919e-07,1.39906368559323e-07,2.4328490580119486e-07,4.878784265712961e-05,0.1758383008286885,43,highpass
1.3507621208181993e-07,6.316098677946919e-07,1.39906368559323e-07,2.4328490580119486e-07,4.878784265712961e-05,0.18987948579115932,43,highpass
1.2749476703189052e-07,6.316098677946919e-07,1.39906368559323e-07,2.4328490580119486e-07,4.878784265712961e-05,0.1758383008286885,43,highpass
1.2749476703189052e-07,6.316098677946919e-07,1.39906368559323e-07,2.4328490580119486e-07,4.878784265712961e-05,0.1758383008286885,43,highpass
1.3507621208181993e-07,6.316098677946919e-07,1.39906368559323e-07,2.4328490580119486e-07,4.878784265712961e-05,0.18987948579115932,43,highpass
1.2749476703189052e-07,6.316098677946919e-07,1.39906368559323e-07,2.4328490580119486e-07,4.878784265712961e-05,0.1758383008286885,43,highpass
1.2749476703189052e-07,6.316098677946919e-07,1.39906368559323e-07,2.4328490580119486e-07,4.878784265712961e-05,0.1758383008286885,43,highpass
1.2749476703189052e-07,6.316098677946919e-07,1.39906368559323e-07,2.4328490580119486e-07,4.878784265712961e-05,0.1758383008286885,43,highpass
1.2749476703189052e-07,6.316098677946919e-07,1.39906368559323e-07,2.4328490580119486e-07,4.878784265712961e-05,0.1758383008286885,43,highpass
1.3507621208181993e-07,6.316098677946919e-07,1.39906368559323e-07,2.4328490580119486e-07,4.878784265712961e-05,0.18987948579115932,44,highpass
1.3507621208181993e-07,6.316098677946919e-07,1.39906368559323e-07,2.4328490580119486e-07,4.878784265712961e-05,0.18987948579115932,44,highpass
1.2749476703189052e-07,6.316098677946919e-07,1.39906368559323e-07,2.4328490580119486e-07,4.878784265712961e-05,0.1758383008286885,44,highpass
1.3507621208181993e-07,6.316098677946919e-07,1.39906368559323e-07,2.4328490580119486e-07,4.878784265712961e-05,0.18987948579115932,44,highpass
1.3507621208181993e-07,6.316098677946919e-07,1.39906368559323e-07,2.4328490580119486e-07,4.878784265712961e-05,0.18987948579115932,44,highpass
1.3507621208181993e-07,6.316098677946919e-07,1.39906368559323e-07,2.1205347803969015e-07,4.878784265712961e-05,0.08359034892960981,44,highpass
1.3507621208181993e-07,6.218936515937982e-07,1.39906368559323e-07,2.4328490580119486e-07,4.878784265712961e-05,0.1762353296857237,44,highpass
1.2749476703189052e-07,6.316098677946919e-07,1.39906368559323e-07,2.4328490580119486e-07,4.878784265712961e-05,0.1758383008286885,44,highpass
1.2749476703189052e-07,6.316098677946919e-07,1.39906368559323e-07,2.4328490580119486e-07,4.878784265712961e-05,0.1758383008286885,44,highpass
1.2749476703189052e-07,6.316098677946919e-07,1.39906368559323e-07,2.4328490580119486e-07,4.878784265712961e-05,0.1758383008286885,44,highpass
1.2749476703189052e-07,6.316098677946919e-07,1.39906368559323e-07,2.4328490580119486e-07,4.878784265712961e-05,0.1758383008286885,44,highpass
1.3507621208181993e-07,6.316098677946919e-07,1.39906368559323e-07,2.4328490580119486e-07,4.878784265712961e-05,0.18987948579115932,44,highpass
1.3507621208181993e-07,6.316098677946919e-07,1.39906368559323e-07,2.4328490580119486e-07,4.878784265712961e-05,0.18987948579115932,44,highpass
1.3507621208181993e-07,6.316098677946919e-07,1.39906368559323e-07,2.4328490580119486e-07,4.878784265712961e-05,0.18987948579115932,44,highpass
1.2749476703189052e-07,6.316098677946919e-07,1.39906368559323e-07,2.4328490580119486e-07,4.878784265712961e-05,0.1758383008286885,44,highpass
1.3507621208181993e-07,6.316098677946919e-07,1.39906368559323e-07,2.4328490580119486e-07,4.878784265712961e-05,0.18987948579115932,44,highpass
1.3507621208181993e-07,6.316098677946919e-07,1.39906368559323e-07,2.4328490580119486e-07,4.878784265712961e-05,0.18987948579115932,44,highpass
1.2749476703189052e-07,6.316098677946919e-07,1.39906368559323e-07,2.4328490580119486e-07,4.878784265712961e-05,0.1758383008286885,44,highpass
1.3507621208181993e-07,6.316098677946919e-07,1.39906368559323e-07,2.462814941575262e-07,4.878784265712961e-05,0.19337453626279444,44,highpass
1.3450040109369666e-07,6.316098677946919e-07,1.39906368559323e-07,2.4013140691091367e-07,4.878784265712961e-05,0.17090860520587503,44,highpass
1.2749476703189052e-07,6.316098677946919e-07,1.39906368559323e-07,2.4328490580119486e-07,4.878784265712961e-05,0.1758383008286885,44,highpass
1.3507621208181993e-07,6.316098677946919e-07,1.39906368559323e-07,2.4328490580119486e-07,4.878784265712961e-05,0.18987948579115932,44,highpass
1.3507621208181993e-07,6.316098677946919e-07,1.39906368559323e-07,2.4328490580119486e-07,4.878784265712961e-05,0.18987948579115932,44,highpass
1.9224471167720691e-07,6.316098677946919e-07,1.39906368559323e-07,2.4013140691091367e-07,4.878784265712961e-05,0.08000343427039042,44,highpass
1.3507621208181993e-07,6.316098677946919e-07,1.39906368559323e-07,2.4328490580119486e-07,4.878784265712961e-05,0.18987948579115932,44,highpass
1.316463337412043e-07,6.316098677946919e-07,1.39906368559323e-07,2.4328490580119486e-07,4.878784265712961e-05,0.09587471399771641,44,highpass
1.3507621208181993e-07,6.316098677946919e-07,1.39906368559323e-07,2.4328490580119486e-07,4.878784265712961e-05,0.18987948579115932,44,highpass
1.2749476703189052e-07,6.316098677946919e-07,1.39906368559323e-07,2.4328490580119486e-07,4.878784265712961e-05,0.1758383008286885,44,highpass
1.3507621208181993e-07,6.316098677946919e-07,1.39906368559323e-07,2.4328490580119486e-07,4.878784265712961e-05,0.18987948579115932,44,highpass
2.3821483174092377e-07,6.316098677946919e-07,1.39906368559323e-07,2.4328490580119486e-07,4.878784265712961e-05,-0.08951005579660146,44,highpass
1.3507621208181993e-07,6.316098677946919e-07,1.39906368559323e-07,2.462814941575262e-07,4.878784265712961e-05,0.19337453626279444,45,highpass
1.3507621208181993e-07,6.316098677946919e-07,1.39906368559323e-07,2.4328490580119486e-07,4.878784265712961e-05,0.18987948579115932,45,highpass
1.3507621208181993e-07,6.316098677946919e-07,1.39906368559323e-07,2.4328490580119486e-07,4.878784265712961e-05,0.18987948579115932,45,highpass
1.3507621208181993e-07,6.316098677946919e-07,1.39906368559323e-07,2.4328490580119486e-07,4.878784265712961e-05,0.18987948579115932,45,highpass
1.3507621208181993e-07,6.316098677946919e-07,1.39906368559323e-07,1.7128878269455648e-07,4.878784265712961e-05,0.07075405877925572,45,highpass
2.4184191381617395e-07,6.316098677946919e-07,1.39906368559323e-07,2.4328490580119486e-07,4.878784265712961e-05,-0.1033641461702999,45,highpass
1.3507621208181993e-07,6.316098677946919e-07,1.39906368559323e-07,2.462814941575262e-07,4.878784265712961e-05,0.19337453626279444,45,highpass
1.3507621208181993e-07,6.316098677946919e-07,1.39906368559323e-07,2.4328490580119486e-07,4.878784265712961e-05,0.18987948579115932,45,highpass
1.3507621208181993e-07,6.316098677946919e-07,1.39906368559323e-07,2.1262076765683973e-07,4.878784265712961e-05,0.0827867471849163,45,highpass
1.3507621208181993e-07,6.316098677946919e-07,1.39906368559323e-07,2.462814941575262e-07,4.878784265712961e-05,0.19337453626279444,45,highpass
1.3507621208181993e-07,6.316098677946919e-07,1.39906368559323e-07,2.4328490580119486e-07,4.878784265712961e-05,0.18987948579115932,45,highpass
1.3507621208181993e-07,6.316098677946919e-07,1.39906368559323e-07,2.462814941575262e-07,4.878784265712961e-05,0.19337453626279444,45,highpass
1.3507621208181993e-07,6.316098677946919e-07,1.39906368559323e-07,2.4328490580119486e-07,5e-05,0.18066310932028878,45,highpass
1.3507621208181993e-07,6.316098677946919e-07,1.39906368559323e-07,2.462814941575262e-07,4.878784265712961e-05,0.19337453626279444,45,highpass
1.3507621208181993e-07,6.316098677946919e-07,1.39906368559323e-07,2.462814941575262e-07,4.878784265712961e-05,0.19337453626279444,45,highpass
1.3507621208181993e-07,6.316098677946919e-07,1.39906368559323e-07,2.4328490580119486e-07,4.878784265712961e-05,0.18987948579115932,45,highpass
1.3507621208181993e-07,6.316098677946919e-07,1.39906368559323e-07,2.462814941575262e-07,4.878784265712961e-05,0.19337453626279444,45,highpass
1.3507621208181993e-07,6.316098677946919e-07,2.005915493117086e-07,2.4328490580119486e-07,4.878784265712961e-05,-0.3711904894795567,45,highpass
1.3507621208181993e-07,6.316098677946919e-07,1.39906368559323e-07,2.4328490580119486e-07,4.878784265712961e-05,0.18987948579115932,45,highpass
1.2749476703189052e-07,6.316098677946919e-07,1.39906368559323e-07,2.4328490580119486e-07,4.878784265712961e-05,0.1758383008286885,45,highpass
1.3507621208181993e-07,6.316098677946919e-07,1.39906368559323e-07,2.462814941575262e-07,4.878784265712961e-05,0.19337453626279444,45,highpass
1.3507621208181993e-07,6.316098677946919e-07,1.39906368559323e-07,2.4328490580119486e-07,4.878784265712961e-05,0.18987948579115932,45,highpass
1.3507621208181993e-07,6.316098677946919e-07,1.39906368559323e-07,2.4328490580119486e-07,4.878784265712961e-05,0.18987948579115932,45,highpass
1.3507621208181993e-07,6.316098677946919e-07,1.39906368559323e-07,2.462814941575262e-07,4.878784265712961e-05,0.19337453626279444,45,highpass
1.3507621208181993e-07,6.316098677946919e-07,1.39906368559323e-07,2.4328490580119486e-07,4.878784265712961e-05,0.18987948579115932,45,highpass
1.3507621208181993e-07,6.316098677946919e-07,1.39906368559323e-07,2.462814941575262e-07,4.878784265712961e-05,0.19337453626279444,45,highpass
1.3507621208181993e-07,6.316098677946919e-07,1.39906368559323e-07,2.4328490580119486e-07,4.878784265712961e-05,0.18987948579115932,45,highpass
1.3507621208181993e-07,3.977404574277002e-07,1.39906368559323e-07,2.4328490580119486e-07,4.878784265712961e-05,0.07447337685902755,45,highpass
1.3507621208181993e-07,6.316098677946919e-07,1.39906368559323e-07,2.4328490580119486e-07,4.878784265712961e-05,0.18987948579115932,45,highpass
1.3507621208181993e-07,6.316098677946919e-07,1.39906368559323e-07,2.4328490580119486e-07,4.878784265712961e-05,0.18987948579115932,45,highpass
1.3507621208181993e-07,6.316098677946919e-07,1.39906368559323e-07,2.462814941575262e-07,4.878784265712961e-05,0.19337453626279444,46,highpass
1.3507621208181993e-07,6.316098677946919e-07,1.39906368559323e-07,2.4328490580119486e-07,2.4403050630983208e-05,0.12791039744266613,46,highpass
1.3507621208181993e-07,6.316098677946919e-07,1.39906368559323e-07,2.4328490580119486e-07,4.878784265712961e-05,0.18987948579115932,46,highpass
1.3507621208181993e-07,6.316098677946919e-07,1.39906368559323e-07,2.462814941575262e-07,4.878784265712961e-05,0.19337453626279444,46,highpass
1.3507621208181993e-07,6.316098677946919e-07,1.39906368559323e-07,2.462814941575262e-07,4.878784265712961e-05,0.19337453626279444,46,highpass
1.3507621208181993e-07,6.316098677946919e-07,1.39906368559323e-07,2.462814941575262e-07,4.878784265712961e-05,0.19337453626279444,46,highpass
1.3507621208181993e-07,6.316098677946919e-07,1.39906368559323e-07,2.462814941575262e-07,4.878784265712961e-05,0.19337453626279444,46,highpass
1.3507621208181993e-07,6.316098677946919e-07,1.39906368559323e-07,2.4328490580119486e-07,4.878784265712961e-05,0.18987948579115932,46,highpass
1.3507621208181993e-07,6.316098677946919e-07,1.39906368559323e-07,2.462814941575262e-07,4.878784265712961e-05,0.19337453626279444,46,highpass
1.3507621208181993e-07,3.758807122269131e-07,1.39906368559323e-07,2.462814941575262e-07,4.878784265712961e-05,0.05608605806952849,46,highpass
1.3507621208181993e-07,6.316098677946919e-07,1.39906368559323e-07,2.462814941575262e-07,4.878784265712961e-05,0.19337453626279444,46,highpass
1.3507621208181993e-07,6.316098677946919e-07,1.39906368559323e-07,2.462814941575262e-07,4.878784265712961e-05,0.19337453626279444,46,highpass
1.3507621208181993e-07,6.316098677946919e-07,1.39906368559323e-07,2.462814941575262e-07,4.878784265712961e-05,0.19337453626279444,46,highpass
1.3507621208181993e-07,6.316098677946919e-07,1.39906368559323e-07,2.462814941575262e-07,4.878784265712961e-05,0.19337453626279444,46,highpass
1.3595197966841165e-07,6.316098677946919e-07,1.39906368559323e-07,2.462814941575262e-07,4.878784265712961e-05,0.08163980364487278,46,highpass
1.3507621208181993e-07,6.316098677946919e-07,1.39906368559323e-07,2.4328490580119486e-07,4.878784265712961e-05,0.18987948579115932,46,highpass
1.3507621208181993e-07,6.316098677946919e-07,1.39906368559323e-07,2.462814941575262e-07,4.878784265712961e-05,0.19337453626279444,46,highpass
1.3507621208181993e-07,6.316098677946919e-07,1.39906368559323e-07,2.462814941575262e-07,4.878784265712961e-05,0.19337453626279444,46,highpass
1.3507621208181993e-07,6.316098677946919e-07,1.39906368559323e-07,2.462814941575262e-07,4.878784265712961e-05,0.19337453626279444,46,highpass
1.3507621208181993e-07,6.316098677946919e-07,1.39906368559323e-07,2.462814941575262e-07,4.878784265712961e-05,0.19337453626279444,46,highpass
1.3507621208181993e-07,6.316098677946919e-07,1.39906368559323e-07,2.4328490580119486e-07,4.878784265712961e-05,0.18987948579115932,46,highpass
1.3507621208181993e-07,6.316098677946919e-07,1.39906368559323e-07,2.462814941575262e-07,4.878784265712961e-05,0.19337453626279444,46,highpass
1.3507621208181993e-07,6.316098677946919e-07,1.39906368559323e-07,2.462814941575262e-07,4.878784265712961e-05,0.19337453626279444,46,highpass
1.3507621208181993e-07,6.316098677946919e-07,1.39906368559323e-07,2.462814941575262e-07,4.878784265712961e-05,0.19337453626279444,46,highpass
1.3507621208181993e-07,6.316098677946919e-07,1.39906368559323e-07,2.4328490580119486e-07,4.878784265712961e-05,0.18987948579115932,46,highpass
1.3507621208181993e-07,6.316098677946919e-07,1.39906368559323e-07,2.462814941575262e-07,4.878784265712961e-05,0.19337453626279444,46,highpass
1.3507621208181993e-07,6.190762699640803e-07,1.39906368559323e-07,2.462814941575262e-07,4.878784265712961e-05,0.17461231773196828,46,highpass
1.3507621208181993e-07,6.316098677946919e-07,1.39906368559323e-07,2.462814941575262e-07,4.878784265712961e-05,0.19337453626279444,46,highpass
1.3798492416344183e-07,6.316098677946919e-07,1.39906368559323e-07,2.462814941575262e-07,4.878784265712961e-05,0.045721172729590476,46,highpass
1.3507621208181993e-07,6.316098677946919e-07,1.39906368559323e-07,2.462814941575262e-07,4.878784265712961e-05,0.19337453626279444,46,highpass
1.3507621208181993e-07,6.316098677946919e-07,1.39906368559323e-07,2.462814941575262e-07,4.878784265712961e-05,0.19337453626279444,47,highpass
1.3507621208181993e-07,6.316098677946919e-07,1.39906368559323e-07,2.462814941575262e-07,4.878784265712961e-05,0.19337453626279444,47,highpass
1.3507621208181993e-07,6.316098677946919e-07,1.39906368559323e-07,2.462814941575262e-07,4.878784265712961e-05,0.19337453626279444,47,highpass
1.3507621208181993e-07,6.316098677946919e-07,1.39906368559323e-07,2.462814941575262e-07,4.878784265712961e-05,0.19337453626279444,47,highpass
1.452627100499315e-07,6.316098677946919e-07,1.39906368559323e-07,2.462814941575262e-07,4.878784265712961e-05,0.09076095959444708,47,highpass
1.3507621208181993e-07,6.316098677946919e-07,1.39906368559323e-07,2.462814941575262e-07,4.878784265712961e-05,0.19337453626279444,47,highpass
1.2758410063417445e-07,6.316098677946919e-07,1.39906368559323e-07,2.462814941575262e-07,4.878784265712961e-05,0.16613953780812446,47,highpass
1.3507621208181993e-07,6.316098677946919e-07,1.39906368559323e-07,2.462814941575262e-07,4.878784265712961e-05,0.19337453626279444,47,highpass
1.3507621208181993e-07,6.316098677946919e-07,1.39906368559323e-07,2.462814941575262e-07,4.878784265712961e-05,0.19337453626279444,47,highpass
1.3507621208181993e-07,6.316098677946919e-07,1.39906368559323e-07,2.462814941575262e-07,4.878784265712961e-05,0.19337453626279444,47,highpass
1.3507621208181993e-07,6.316098677946919e-07,1.3811548801745183e-07,2.462814941575262e-07,4.878784265712961e-05,0.13807091990783293,47,highpass
1.3507621208181993e-07,6.316098677946919e-07,1.39906368559323e-07,2.462814941575262e-07,4.878784265712961e-05,0.19337453626279444,47,highpass
1.3507621208181993e-07,6.316098677946919e-07,1.39906368559323e-07,2.462814941575262e-07,4.878784265712961e-05,0.19337453626279444,47,highpass
1.3507621208181993e-07,6.316098677946919e-07,1.39906368559323e-07,2.462814941575262e-07,4.878784265712961e-05,0.19337453626279444,47,highpass
1.336258826874382e-07,6.316098677946919e-07,1.39906368559323e-07,2.462814941575262e-07,4.878784265712961e-05,0.1560570339335806,47,highpass
1.3507621208181993e-07,6.316098677946919e-07,1.39906368559323e-07,2.462814941575262e-07,4.878784265712961e-05,0.19337453626279444,47,highpass
1.506469479062939e-07,6.316098677946919e-07,1.39906368559323e-07,2.462814941575262e-07,4.878784265712961e-05,0.10099243792032853,47,highpass
1.3507621208181993e-07,6.316098677946919e-07,1.39906368559323e-07,2.462814941575262e-07,4.878784265712961e-05,0.19337453626279444,47,highpass
1.3507621208181993e-07,6.316098677946919e-07,1.39906368559323e-07,2.462814941575262e-07,4.878784265712961e-05,0.19337453626279444,47,highpass
1.3507621208181993e-07,6.316098677946919e-07,1.39906368559323e-07,2.462814941575262e-07,4.878784265712961e-05,0.19337453626279444,47,highpass
1.3507621208181993e-07,6.316098677946919e-07,1.39906368559323e-07,2.462814941575262e-07,4.878784265712961e-05,0.19337453626279444,47,highpass
1.3507621208181993e-07,6.316098677946919e-07,1.39906368559323e-07,2.462814941575262e-07,4.878784265712961e-05,0.19337453626279444,47,highpass
1.3507621208181993e-07,6.316098677946919e-07,1.39906368559323e-07,2.462814941575262e-07,4.878784265712961e-05,0.19337453626279444,47,highpass
1.3507621208181993e-07,6.316098677946919e-07,1.39906368559323e-07,1.667715473225228e-07,4.878784265712961e-05,0.07271631043389942,47,highpass
1.3507621208181993e-07,6.316098677946919e-07,1.39906368559323e-07,2.462814941575262e-07,4.878784265712961e-05,0.19337453626279444,47,highpass
1.3507621208181993e-07,6.316098677946919e-07,1.39906368559323e-07,2.462814941575262e-07,4.878784265712961e-05,0.19337453626279444,47,highpass
1.3507621208181993e-07,6.316098677946919e-07,1.39906368559323e-07,2.462814941575262e-07,4.878784265712961e-05,0.19337453626279444,47,highpass
1.3507621208181993e-07,6.316098677946919e-07,1.39906368559323e-07,2.462814941575262e-07,4.756110163490393e-05,0.13849597143065762,47,highpass
1.3507621208181993e-07,6.316098677946919e-07,1.39906368559323e-07,2.462814941575262e-07,4.878784265712961e-05,0.19337453626279444,47,highpass
1.3507621208181993e-07,6.316098677946919e-07,1.39906368559323e-07,2.462814941575262e-07,4.878784265712961e-05,0.19337453626279444,47,highpass
1.3507621208181993e-07,6.316098677946919e-07,1.39906368559323e-07,2.462814941575262e-07,4.878784265712961e-05,0.19337453626279444,48,highpass
1.3507621208181993e-07,6.316098677946919e-07,1.39906368559323e-07,2.462814941575262e-07,4.878784265712961e-05,0.19337453626279444,48,highpass
1.3507621208181993e-07,6.316098677946919e-07,1.39906368559323e-07,2.723554421317118e-07,4.878784265712961e-05,0.15821801305900685,48,highpass
1.3507621208181993e-07,6.316098677946919e-07,1.39906368559323e-07,2.462814941575262e-07,1.4603402923821399e-05,0.1318049121430936,48,highpass
1.3507621208181993e-07,6.316098677946919e-07,1.39906368559323e-07,2.462814941575262e-07,4.878784265712961e-05,0.19337453626279444,48,highpass
1.3507621208181993e-07,6.316098677946919e-07,1.39906368559323e-07,2.462814941575262e-07,4.878784265712961e-05,0.19337453626279444,48,highpass
1.3507621208181993e-07,6.316098677946919e-07,1.39906368559323e-07,2.462814941575262e-07,4.878784265712961e-05,0.19337453626279444,48,highpass
1.3507621208181993e-07,6.316098677946919e-07,1.39906368559323e-07,2.462814941575262e-07,4.878784265712961e-05,0.19337453626279444,48,highpass
1.3507621208181993e-07,6.316098677946919e-07,1.39906368559323e-07,2.462814941575262e-07,4.878784265712961e-05,0.19337453626279444,48,highpass
1.3507621208181993e-07,6.316098677946919e-07,1.39906368559323e-07,2.462814941575262e-07,4.878784265712961e-05,0.19337453626279444,48,highpass
1.3507621208181993e-07,6.316098677946919e-07,1.39906368559323e-07,2.462814941575262e-07,4.878784265712961e-05,0.19337453626279444,48,highpass
1.3507621208181993e-07,6.316098677946919e-07,1.39906368559323e-07,1.731297522221549e-07,4.878784265712961e-05,0.07043048416573117,48,highpass
1.3507621208181993e-07,6.316098677946919e-07,1.39906368559323e-07,2.462814941575262e-07,4.878784265712961e-05,0.19337453626279444,48,highpass
1.3507621208181993e-07,6.316098677946919e-07,1.39906368559323e-07,2.462814941575262e-07,4.878784265712961e-05,0.19337453626279444,48,highpass
1.3507621208181993e-07,6.316098677946919e-07,1.39906368559323e-07,2.462814941575262e-07,4.878784265712961e-05,0.19337453626279444,48,highpass
1.3507621208181993e-07,6.316098677946919e-07,1.39906368559323e-07,2.462814941575262e-07,4.878784265712961e-05,0.19337453626279444,48,highpass
2.2672470759970376e-07,6.316098677946919e-07,1.39906368559323e-07,2.462814941575262e-07,4.878784265712961e-05,-0.05368416436014267,48,highpass
1.3507621208181993e-07,6.316098677946919e-07,1.39906368559323e-07,2.462814941575262e-07,7.175020851552181e-06,0.07079523690053524,48,highpass
1.3507621208181993e-07,6.316098677946919e-07,1.39906368559323e-07,2.398048171363545e-07,4.878784265712961e-05,0.17411243259695636,48,highpass
1.3507621208181993e-07,6.316098677946919e-07,1.39906368559323e-07,2.462814941575262e-07,4.878784265712961e-05,0.19337453626279444,48,highpass
1.3507621208181993e-07,6.316098677946919e-07,1.4505422876298494e-07,2.462814941575262e-07,4.878784265712961e-05,0.08939999156778466,48,highpass
1.3507621208181993e-07,6.316098677946919e-07,1.39906368559323e-07,2.462814941575262e-07,4.878784265712961e-05,0.19337453626279444,48,highpass
2.496255533199878e-07,6.316098677946919e-07,1.39906368559323e-07,2.462814941575262e-07,4.878784265712961e-05,-0.14349660072415146,48,highpass
1.3507621208181993e-07,6.316098677946919e-07,1.39906368559323e-07,2.462814941575262e-07,4.878784265712961e-05,0.19337453626279444,48,highpass
1.3507621208181993e-07,6.316098677946919e-07,1.39906368559323e-07,2.462814941575262e-07,4.878784265712961e-05,0.19337453626279444,48,highpass
1.3507621208181993e-07,6.316098677946919e-07,1.39906368559323e-07,2.462814941575262e-07,4.878784265712961e-05,0.19337453626279444,48,highpass
1.3507621208181993e-07,6.316098677946919e-07,1.39906368559323e-07,2.462814941575262e-07,4.878784265712961e-05,0.19337453626279444,48,highpass
1.3507621208181993e-07,6.316098677946919e-07,1.39906368559323e-07,2.462814941575262e-07,4.878784265712961e-05,0.19337453626279444,48,highpass
1.3507621208181993e-07,6.237511496905767e-07,1.39906368559323e-07,2.462814941575262e-07,4.878784265712961e-05,0.17083464705898743,48,highpass
1.3507621208181993e-07,6.316098677946919e-07,1.39906368559323e-07,2.462814941575262e-07,4.878784265712961e-05,0.19337453626279444,48,highpass
1.3507621208181993e-07,6.316098677946919e-07,1.39906368559323e-07,2.462814941575262e-07,4.878784265712961e-05,0.19337453626279444,49,highpass
1.3507621208181993e-07,6.316098677946919e-07,1.39906368559323e-07,2.462814941575262e-07,4.878784265712961e-05,0.19337453626279444,49,highpass
1.3507621208181993e-07,6.316098677946919e-07,1.39906368559323e-07,2.462814941575262e-07,4.878784265712961e-05,0.19337453626279444,49,highpass
1.3507621208181993e-07,6.316098677946919e-07,1.39906368559323e-07,2.462814941575262e-07,4.694868140386711e-05,0.17288325066685994,49,highpass
1.3507621208181993e-07,6.316098677946919e-07,1.39906368559323e-07,2.462814941575262e-07,4.878784265712961e-05,0.19337453626279444,49,highpass
1.3507621208181993e-07,6.316098677946919e-07,1.39906368559323e-07,2.462814941575262e-07,4.878784265712961e-05,0.19337453626279444,49,highpass
1.3507621208181993e-07,6.316098677946919e-07,1.39906368559323e-07,2.462814941575262e-07,4.878784265712961e-05,0.19337453626279444,49,highpass
1.3507621208181993e-07,6.316098677946919e-07,1.39906368559323e-07,2.462814941575262e-07,4.878784265712961e-05,0.19337453626279444,49,highpass
1.3507621208181993e-07,6.316098677946919e-07,1.39906368559323e-07,2.462814941575262e-07,4.878784265712961e-05,0.19337453626279444,49,highpass
1.3507621208181993e-07,6.316098677946919e-07,1.39906368559323e-07,2.462814941575262e-07,4.878784265712961e-05,0.19337453626279444,49,highpass
1.3507621208181993e-07,6.316098677946919e-07,2.1738714328427239e-07,2.462814941575262e-07,4.878784265712961e-05,-0.4938787100324399,49,highpass
1.3507621208181993e-07,6.316098677946919e-07,1.39906368559323e-07,2.462814941575262e-07,4.878784265712961e-05,0.19337453626279444,49,highpass
1.3725213447782126e-07,6.316098677946919e-07,1.39906368559323e-07,2.462814941575262e-07,4.878784265712961e-05,0.04809357059009506,49,highpass
1.3507621208181993e-07,6.316098677946919e-07,1.39906368559323e-07,2.462814941575262e-07,4.878784265712961e-05,0.19337453626279444,49,highpass
1.3507621208181993e-07,6.316098677946919e-07,1.39906368559323e-07,2.462814941575262e-07,4.878784265712961e-05,0.19337453626279444,49,highpass
1.3507621208181993e-07,6.316098677946919e-07,1.39906368559323e-07,2.462814941575262e-07,4.878784265712961e-05,0.19337453626279444,49,highpass
1.3507621208181993e-07,6.316098677946919e-07,1.39906368559323e-07,1.5962143038648803e-07,4.878784265712961e-05,0.050291291350733014,49,highpass
1.3507621208181993e-07,6.316098677946919e-07,1.39906368559323e-07,2.462814941575262e-07,4.878784265712961e-05,0.19337453626279444,49,highpass
1.3507621208181993e-07,6.316098677946919e-07,1.39906368559323e-07,2.462814941575262e-07,4.878784265712961e-05,0.19337453626279444,49,highpass
1.3507621208181993e-07,6.316098677946919e-07,1.39906368559323e-07,2.462814941575262e-07,4.878784265712961e-05,0.19337453626279444,49,highpass
1.3507621208181993e-07,6.316098677946919e-07,1.39906368559323e-07,2.462814941575262e-07,4.878784265712961e-05,0.19337453626279444,49,highpass
1.3507621208181993e-07,6.316098677946919e-07,1.39906368559323e-07,2.462814941575262e-07,4.878784265712961e-05,0.19337453626279444,49,highpass
1.3507621208181993e-07,6.316098677946919e-07,1.39906368559323e-07,2.462814941575262e-07,4.878784265712961e-05,0.19337453626279444,49,highpass
1.3507621208181993e-07,6.316098677946919e-07,1.39906368559323e-07,2.462814941575262e-07,4.878784265712961e-05,0.19337453626279444,49,highpass
1.3507621208181993e-07,6.316098677946919e-07,1.39906368559323e-07,2.462814941575262e-07,4.878784265712961e-05,0.19337453626279444,49,highpass
1.3507621208181993e-07,6.316098677946919e-07,1.39906368559323e-07,2.462814941575262e-07,4.878784265712961e-05,0.19337453626279444,49,highpass
1.3507621208181993e-07,6.316098677946919e-07,1.39906368559323e-07,2.462814941575262e-07,4.878784265712961e-05,0.19337453626279444,49,highpass
1.3507621208181993e-07,6.316098677946919e-07,1.39906368559323e-07,2.462814941575262e-07,4.878784265712961e-05,0.19337453626279444,49,highpass
1.3507621208181993e-07,6.316098677946919e-07,1.4083501669591857e-07,2.462814941575262e-07,4.878784265712961e-05,0.06972286728632082,49,highpass
1.3507621208181993e-07,6.316098677946919e-07,1.39906368559323e-07,2.462814941575262e-07,4.878784265712961e-05,0.19337453626279444,49,highpass
1.3507621208181993e-07,6.316098677946919e-07,1.39906368559323e-07,2.462814941575262e-07,4.878784265712961e-05,0.19337453626279444,50,highpass
1.3507621208181993e-07,6.316098677946919e-07,1.39906368559323e-07,2.462814941575262e-07,4.878784265712961e-05,0.19337453626279444,50,highpass
1.3507621208181993e-07,6.316098677946919e-07,1.39906368559323e-07,2.462814941575262e-07,4.878784265712961e-05,0.19337453626279444,50,highpass
1.3507621208181993e-07,6.316098677946919e-07,1.39906368559323e-07,2.462814941575262e-07,4.878784265712961e-05,0.19337453626279444,50,highpass
1.3507621208181993e-07,6.316098677946919e-07,1.39906368559323e-07,2.462814941575262e-07,4.878784265712961e-05,0.19337453626279444,50,highpass
1.321717581550081e-07,6.316098677946919e-07,1.39906368559323e-07,2.462814941575262e-07,4.878784265712961e-05,0.08929007059057376,50,highpass
1.3507621208181993e-07,6.316098677946919e-07,1.39906368559323e-07,2.462814941575262e-07,4.878784265712961e-05,0.19337453626279444,50,highpass
1.3507621208181993e-07,6.316098677946919e-07,1.39906368559323e-07,2.462814941575262e-07,4.878784265712961e-05,0.19337453626279444,50,highpass
1.3507621208181993e-07,6.427710893409141e-07,1.39906368559323e-07,2.462814941575262e-07,4.878784265712961e-05,0.16369756128287755,50,highpass
1.3507621208181993e-07,6.316098677946919e-07,1.39906368559323e-07,2.462814941575262e-07,4.878784265712961e-05,0.19337453626279444,50,highpass
1.3507621208181993e-07,6.316098677946919e-07,1.39906368559323e-07,2.462814941575262e-07,4.878784265712961e-05,0.19337453626279444,50,highpass
1.3507621208181993e-07,6.316098677946919e-07,1.39906368559323e-07,2.462814941575262e-07,4.6903756774103406e-05,0.17295159632769053,50,highpass
1.3507621208181993e-07,6.316098677946919e-07,1.39906368559323e-07,2.462814941575262e-07,4.878784265712961e-05,0.19337453626279444,50,highpass
1.3507621208181993e-07,6.316098677946919e-07,1.39906368559323e-07,2.462814941575262e-07,4.878784265712961e-05,0.19337453626279444,50,highpass
1.3507621208181993e-07,6.316098677946919e-07,1.39906368559323e-07,2.462814941575262e-07,4.878784265712961e-05,0.19337453626279444,50,highpass
1.3507621208181993e-07,6.316098677946919e-07,1.39906368559323e-07,2.462814941575262e-07,4.878784265712961e-05,0.19337453626279444,50,highpass
1.3507621208181993e-07,6.316098677946919e-07,1.39906368559323e-07,2.462814941575262e-07,4.878784265712961e-05,0.19337453626279444,50,highpass
1.3507621208181993e-07,6.316098677946919e-07,1.39906368559323e-07,2.462814941575262e-07,4.878784265712961e-05,0.19337453626279444,50,highpass
1.3507621208181993e-07,6.316098677946919e-07,1.39906368559323e-07,2.462814941575262e-07,4.878784265712961e-05,0.19337453626279444,50,highpass
1.3507621208181993e-07,6.316098677946919e-07,1.39906368559323e-07,2.462814941575262e-07,1.0911116039681595e-05,0.12477743245210354,50,highpass
1.3507621208181993e-07,6.316098677946919e-07,1.39906368559323e-07,2.462814941575262e-07,4.878784265712961e-05,0.19337453626279444,50,highpass
1.3507621208181993e-07,6.316098677946919e-07,1.39906368559323e-07,2.462814941575262e-07,4.878784265712961e-05,0.19337453626279444,50,highpass
1.3507621208181993e-07,6.316098677946919e-07,1.39906368559323e-07,2.462814941575262e-07,4.878784265712961e-05,0.19337453626279444,50,highpass
1.3507621208181993e-07,6.316098677946919e-07,1.39906368559323e-07,2.462814941575262e-07,4.878784265712961e-05,0.19337453626279444,50,highpass
1.3507621208181993e-07,6.316098677946919e-07,1.39906368559323e-07,2.462814941575262e-07,4.878784265712961e-05,0.19337453626279444,50,highpass
1.3507621208181993e-07,6.316098677946919e-07,1.39906368559323e-07,2.462814941575262e-07,4.878784265712961e-05,0.19337453626279444,50,highpass
1.3507621208181993e-07,6.316098677946919e-07,1.39906368559323e-07,2.462814941575262e-07,4.878784265712961e-05,0.19337453626279444,50,highpass
1.3507621208181993e-07,6.316098677946919e-07,1.39906368559323e-07,2.411661792417189e-07,4.878784265712961e-05,0.1811826118852412,50,highpass
1.3507621208181993e-07,6.316098677946919e-07,1.39906368559323e-07,2.462814941575262e-07,4.878784265712961e-05,0.19337453626279444,50,highpass
1.3507621208181993e-07,6.316098677946919e-07,1.39906368559323e-07,2.462814941575262e-07,4.878784265712961e-05,0.19337453626279444,50,highpass
1.3507621208181993e-07,6.316098677946919e-07,1.39906368559323e-07,2.462814941575262e-07,4.878784265712961e-05,0.19337453626279444,51,highpass
1.3507621208181993e-07,4.6302727666763963e-07,1.39906368559323e-07,2.462814941575262e-07,4.878784265712961e-05,0.06767226433454829,51,highpass
1.3507621208181993e-07,6.316098677946919e-07,1.39906368559323e-07,2.462814941575262e-07,4.878784265712961e-05,0.19337453626279444,51,highpass
1.3507621208181993e-07,6.316098677946919e-07,1.39906368559323e-07,2.462814941575262e-07,4.878784265712961e-05,0.19337453626279444,51,highpass
1.3507621208181993e-07,6.316098677946919e-07,1.39906368559323e-07,2.462814941575262e-07,4.878784265712961e-05,0.19337453626279444,51,highpass
1.3507621208181993e-07,6.316098677946919e-07,1.39906368559323e-07,2.462814941575262e-07,4.878784265712961e-05,0.19337453626279444,51,highpass
1.3507621208181993e-07,6.316098677946919e-07,1.39906368559323e-07,2.462814941575262e-07,4.878784265712961e-05,0.19337453626279444,51,highpass
1.3507621208181993e-07,6.316098677946919e-07,1.39906368559323e-07,2.462814941575262e-07,4.878784265712961e-05,0.19337453626279444,51,highpass
1.2412550329060907e-07,6.316098677946919e-07,1.39906368559323e-07,2.462814941575262e-07,4.878784265712961e-05,0.04266172927131584,51,highpass
1.3507621208181993e-07,6.316098677946919e-07,1.39906368559323e-07,2.462814941575262e-07,4.878784265712961e-05,0.19337453626279444,51,highpass
1.3507621208181993e-07,6.316098677946919e-07,1.39906368559323e-07,2.462814941575262e-07,4.878784265712961e-05,0.19337453626279444,51,highpass
1.3507621208181993e-07,6.316098677946919e-07,1.39906368559323e-07,2.462814941575262e-07,4.878784265712961e-05,0.19337453626279444,51,highpass
1.3507621208181993e-07,6.316098677946919e-07,1.39906368559323e-07,2.462814941575262e-07,4.878784265712961e-05,0.19337453626279444,51,highpass
1.3507621208181993e-07,6.316098677946919e-07,1.39906368559323e-07,2.462814941575262e-07,4.878784265712961e-05,0.19337453626279444,51,highpass
1.3324782438782523e-07,6.316098677946919e-07,1.39906368559323e-07,2.462814941575262e-07,4.878784265712961e-05,0.1294692667266204,51,highpass
1.3507621208181993e-07,6.316098677946919e-07,1.39906368559323e-07,2.462814941575262e-07,4.878784265712961e-05,0.19337453626279444,51,highpass
1.3507621208181993e-07,6.316098677946919e-07,1.39906368559323e-07,2.462814941575262e-07,4.878784265712961e-05,0.19337453626279444,51,highpass
1.3507621208181993e-07,6.316098677946919e-07,1.39906368559323e-07,2.462814941575262e-07,4.878784265712961e-05,0.19337453626279444,51,highpass
1.3507621208181993e-07,6.316098677946919e-07,1.39906368559323e-07,2.462814941575262e-07,4.878784265712961e-05,0.19337453626279444,51,highpass
1.3507621208181993e-07,6.316098677946919e-07,1.39906368559323e-07,2.462814941575262e-07,4.878784265712961e-05,0.19337453626279444,51,highpass
1.3507621208181993e-07,6.316098677946919e-07,1.39906368559323e-07,2.462814941575262e-07,4.878784265712961e-05,0.19337453626279444,51,highpass
1.3507621208181993e-07,6.316098677946919e-07,1.39906368559323e-07,2.462814941575262e-07,4.878784265712961e-05,0.19337453626279444,51,highpass
1.8831445347146942e-07,6.316098677946919e-07,1.39906368559323e-07,2.462814941575262e-07,4.878784265712961e-05,0.06944707915497356,51,highpass
1.3507621208181993e-07,6.316098677946919e-07,1.39906368559323e-07,2.462814941575262e-07,4.878784265712961e-05,0.19337453626279444,51,highpass
1.3507621208181993e-07,6.316098677946919e-07,1.39906368559323e-07,2.462814941575262e-07,4.878784265712961e-05,0.19337453626279444,51,highpass
1.3507621208181993e-07,6.316098677946919e-07,1.39906368559323e-07,2.462814941575262e-07,4.878784265712961e-05,0.19337453626279444,51,highpass
1.3507621208181993e-07,6.316098677946919e-07,1.39906368559323e-07,2.534819008770315e-07,4.878784265712961e-05,0.15325699799039494,51,highpass
1.3507621208181993e-07,6.316098677946919e-07,1.39906368559323e-07,2.462814941575262e-07,4.878784265712961e-05,0.19337453626279444,51,highpass
1.848787513569089e-07,6.316098677946919e-07,1.39906368559323e-07,2.462814941575262e-07,4.878784265712961e-05,0.07631191650209784,51,highpass
1.3507621208181993e-07,6.316098677946919e-07,1.39906368559323e-07,2.462814941575262e-07,4.878784265712961e-05,0.19337453626279444,51,highpass
1.3507621208181993e-07,6.316098677946919e-07,1.39906368559323e-07,2.462814941575262e-07,4.878784265712961e-05,0.19337453626279444,52,highpass
1.3507621208181993e-07,6.316098677946919e-07,1.39906368559323e-07,2.462814941575262e-07,4.878784265712961e-05,0.19337453626279444,52,highpass
1.3507621208181993e-07,6.316098677946919e-07,1.39906368559323e-07,2.462814941575262e-07,4.878784265712961e-05,0.19337453626279444,52,highpass
1.3507621208181993e-07,6.316098677946919e-07,1.39906368559323e-07,2.462814941575262e-07,4.878784265712961e-05,0.19337453626279444,52,highpass
1.3507621208181993e-07,6.316098677946919e-07,1.39906368559323e-07,2.462814941575262e-07,4.878784265712961e-05,0.19337453626279444,52,highpass
1.3507621208181993e-07,6.316098677946919e-07,1.39906368559323e-07,2.462814941575262e-07,4.878784265712961e-05,0.19337453626279444,52,highpass
1.3507621208181993e-07,6.316098677946919e-07,1.39906368559323e-07,2.462814941575262e-07,4.878784265712961e-05,0.19337453626279444,52,highpass
1.3507621208181993e-07,6.316098677946919e-07,1.39906368559323e-07,2.462814941575262e-07,4.720497582998936e-05,0.18652494177340068,52,highpass
1.3507621208181993e-07,6.316098677946919e-07,2.3278295251716193e-07,2.462814941575262e-07,4.878784265712961e-05,-0.15726966297190131,52,highpass
1.3507621208181993e-07,6.316098677946919e-07,1.4186014344265965e-07,2.462814941575262e-07,4.878784265712961e-05,0.053979630361562836,52,highpass
1.3507621208181993e-07,6.316098677946919e-07,1.39906368559323e-07,2.462814941575262e-07,4.878784265712961e-05,0.19337453626279444,52,highpass
1.3507621208181993e-07,6.316098677946919e-07,1.39906368559323e-07,2.462814941575262e-07,4.878784265712961e-05,0.19337453626279444,52,highpass
1.3507621208181993e-07,6.316098677946919e-07,1.39906368559323e-07,2.462814941575262e-07,4.878784265712961e-05,0.19337453626279444,52,highpass
1.3507621208181993e-07,6.316098677946919e-07,1.39906368559323e-07,2.462814941575262e-07,4.878784265712961e-05,0.19337453626279444,52,highpass
1.388364285025744e-07,6.316098677946919e-07,1.39906368559323e-07,2.462814941575262e-07,4.878784265712961e-05,0.08051773868201195,52,highpass
1.3507621208181993e-07,6.316098677946919e-07,1.39906368559323e-07,2.462814941575262e-07,4.878784265712961e-05,0.19337453626279444,52,highpass
1.3507621208181993e-07,6.316098677946919e-07,1.39906368559323e-07,2.462814941575262e-07,4.878784265712961e-05,0.19337453626279444,52,highpass
1.3507621208181993e-07,6.316098677946919e-07,1.39906368559323e-07,2.462814941575262e-07,4.878784265712961e-05,0.19337453626279444,52,highpass
1.3507621208181993e-07,6.316098677946919e-07,1.39906368559323e-07,2.462814941575262e-07,4.878784265712961e-05,0.19337453626279444,52,highpass
1.3507621208181993e-07,6.316098677946919e-07,1.39906368559323e-07,2.462814941575262e-07,4.878784265712961e-05,0.19337453626279444,52,highpass
1.3507621208181993e-07,6.316098677946919e-07,1.39906368559323e-07,2.462814941575262e-07,4.878784265712961e-05,0.19337453626279444,52,highpass
1.3507621208181993e-07,6.316098677946919e-07,1.39906368559323e-07,2.462814941575262e-07,4.878784265712961e-05,0.19337453626279444,52,highpass
1.3507621208181993e-07,6.316098677946919e-07,1.39906368559323e-07,2.462814941575262e-07,4.878784265712961e-05,0.19337453626279444,52,highpass
1.3507621208181993e-07,6.316098677946919e-07,1.39906368559323e-07,2.462814941575262e-07,4.878784265712961e-05,0.19337453626279444,52,highpass
1.3507621208181993e-07,6.316098677946919e-07,1.39906368559323e-07,2.462814941575262e-07,4.878784265712961e-05,0.19337453626279444,52,highpass
1.3507621208181993e-07,6.316098677946919e-07,1.39906368559323e-07,2.462814941575262e-07,4.878784265712961e-05,0.19337453626279444,52,highpass
1.3507621208181993e-07,6.316098677946919e-07,1.39906368559323e-07,2.462814941575262e-07,4.878784265712961e-05,0.19337453626279444,52,highpass
1.3507621208181993e-07,6.316098677946919e-07,1.39906368559323e-07,2.462814941575262e-07,4.878784265712961e-05,0.19337453626279444,52,highpass
1.3507621208181993e-07,6.316098677946919e-07,1.39906368559323e-07,2.462814941575262e-07,4.878784265712961e-05,0.19337453626279444,52,highpass
1.3507621208181993e-07,6.316098677946919e-07,1.39906368559323e-07,2.462814941575262e-07,4.878784265712961e-05,0.19337453626279444,52,highpass
1.3507621208181993e-07,6.316098677946919e-07,1.39906368559323e-07,2.462814941575262e-07,4.878784265712961e-05,0.19337453626279444,53,highpass
1.3507621208181993e-07,6.316098677946919e-07,1.39906368559323e-07,2.462814941575262e-07,4.878784265712961e-05,0.19337453626279444,53,highpass
1.3507621208181993e-07,6.316098677946919e-07,1.39906368559323e-07,2.462814941575262e-07,4.878784265712961e-05,0.19337453626279444,53,highpass
1.3507621208181993e-07,6.316098677946919e-07,1.39906368559323e-07,2.462814941575262e-07,4.878784265712961e-05,0.19337453626279444,53,highpass
1.3507621208181993e-07,6.316098677946919e-07,1.39906368559323e-07,2.462814941575262e-07,4.878784265712961e-05,0.19337453626279444,53,highpass
1.3507621208181993e-07,6.316098677946919e-07,1.39906368559323e-07,2.462814941575262e-07,4.878784265712961e-05,0.19337453626279444,53,highpass
1.3507621208181993e-07,6.316098677946919e-07,1.39906368559323e-07,2.420659631453165e-07,4.878784265712961e-05,0.18530327108378558,53,highpass
1.3507621208181993e-07,6.316098677946919e-07,1.39906368559323e-07,2.462814941575262e-07,4.67583962971165e-05,0.18059260361211982,53,highpass
1.3507621208181993e-07,6.316098677946919e-07,1.39906368559323e-07,2.462814941575262e-07,4.878784265712961e-05,0.19337453626279444,53,highpass
2.4113560726503433e-07,6.316098677946919e-07,1.39906368559323e-07,2.462814941575262e-07,4.878784265712961e-05,-0.14747481243239677,53,highpass
1.3507621208181993e-07,6.316098677946919e-07,1.39906368559323e-07,2.462814941575262e-07,4.878784265712961e-05,0.19337453626279444,53,highpass
1.3507621208181993e-07,6.316098677946919e-07,1.39906368559323e-07,2.462814941575262e-07,4.878784265712961e-05,0.19337453626279444,53,highpass
1.3507621208181993e-07,6.316098677946919e-07,1.39906368559323e-07,2.462814941575262e-07,4.878784265712961e-05,0.19337453626279444,53,highpass
1.3507621208181993e-07,6.316098677946919e-07,1.39906368559323e-07,2.462814941575262e-07,4.878784265712961e-05,0.19337453626279444,53,highpass
1.3507621208181993e-07,6.316098677946919e-07,1.39906368559323e-07,2.462814941575262e-07,4.878784265712961e-05,0.19337453626279444,53,highpass
1.3507621208181993e-07,6.316098677946919e-07,1.39906368559323e-07,2.462814941575262e-07,4.878784265712961e-05,0.19337453626279444,53,highpass
1.3507621208181993e-07,6.316098677946919e-07,1.39906368559323e-07,2.462814941575262e-07,4.878784265712961e-05,0.19337453626279444,53,highpass
1.3507621208181993e-07,6.316098677946919e-07,1.39906368559323e-07,2.462814941575262e-07,4.878784265712961e-05,0.19337453626279444,53,highpass
1.3507621208181993e-07,6.316098677946919e-07,1.39906368559323e-07,2.462814941575262e-07,4.878784265712961e-05,0.19337453626279444,53,highpass
1.3507621208181993e-07,6.316098677946919e-07,1.39906368559323e-07,2.462814941575262e-07,4.878784265712961e-05,0.19337453626279444,53,highpass
1.3507621208181993e-07,6.316098677946919e-07,1.39906368559323e-07,2.462814941575262e-07,4.878784265712961e-05,0.19337453626279444,53,highpass
1.3507621208181993e-07,6.316098677946919e-07,1.39906368559323e-07,2.462814941575262e-07,4.878784265712961e-05,0.19337453626279444,53,highpass
1.4894588579484595e-07,6.316098677946919e-07,1.39906368559323e-07,2.462814941575262e-07,4.878784265712961e-05,0.10041239172203958,53,highpass
1.3507621208181993e-07,6.316098677946919e-07,1.39906368559323e-07,2.462814941575262e-07,4.878784265712961e-05,0.19337453626279444,53,highpass
1.3507621208181993e-07,6.316098677946919e-07,1.39906368559323e-07,2.462814941575262e-07,4.878784265712961e-05,0.19337453626279444,53,highpass
1.3507621208181993e-07,6.316098677946919e-07,1.39906368559323e-07,2.462814941575262e-07,4.878784265712961e-05,0.19337453626279444,53,highpass
1.3507621208181993e-07,6.316098677946919e-07,1.39906368559323e-07,2.462814941575262e-07,4.878784265712961e-05,0.19337453626279444,53,highpass
2.3053075079286882e-07,6.316098677946919e-07,1.39906368559323e-07,2.462814941575262e-07,4.878784265712961e-05,-0.054544018631720315,53,highpass
1.3507621208181993e-07,6.316098677946919e-07,2.4258021029785375e-07,2.462814941575262e-07,4.878784265712961e-05,-0.014523996320132359,53,highpass
1.3507621208181993e-07,6.316098677946919e-07,1.39906368559323e-07,2.778956154360482e-07,4.878784265712961e-05,0.1679624455685435,53,highpass
1.3507621208181993e-07,6.316098677946919e-07,1.39906368559323e-07,2.462814941575262e-07,4.878784265712961e-05,0.19337453626279444,54,highpass
1.3507621208181993e-07,6.316098677946919e-07,1.39906368559323e-07,2.462814941575262e-07,4.878784265712961e-05,0.19337453626279444,54,highpass
1.3507621208181993e-07,6.316098677946919e-07,1.39906368559323e-07,2.462814941575262e-07,4.878784265712961e-05,0.19337453626279444,54,highpass
1.3507621208181993e-07,6.316098677946919e-07,1.39906368559323e-07,2.462814941575262e-07,4.878784265712961e-05,0.19337453626279444,54,highpass
1.3507621208181993e-07,6.316098677946919e-07,1.39906368559323e-07,2.462814941575262e-07,4.878784265712961e-05,0.19337453626279444,54,highpass
1.3507621208181993e-07,6.316098677946919e-07,1.3576760841597503e-07,2.462814941575262e-07,4.878784265712961e-05,0.09875838640527296,54,highpass
1.3507621208181993e-07,6.316098677946919e-07,1.39906368559323e-07,2.462814941575262e-07,4.878784265712961e-05,0.19337453626279444,54,highpass
1.3507621208181993e-07,6.387237973429168e-07,1.39906368559323e-07,2.462814941575262e-07,4.878784265712961e-05,0.16420920218574225,54,highpass
1.3507621208181993e-07,6.316098677946919e-07,1.39906368559323e-07,2.462814941575262e-07,4.878784265712961e-05,0.19337453626279444,54,highpass
1.3507621208181993e-07,6.316098677946919e-07,1.39906368559323e-07,2.462814941575262e-07,4.878784265712961e-05,0.19337453626279444,54,highpass
1.3507621208181993e-07,6.316098677946919e-07,1.39906368559323e-07,2.462814941575262e-07,4.878784265712961e-05,0.19337453626279444,54,highpass
1.3507621208181993e-07,6.316098677946919e-07,1.778503911551062e-07,2.462814941575262e-07,4.878784265712961e-05,0.010183635358312348,54,highpass
1.3507621208181993e-07,6.316098677946919e-07,1.39906368559323e-07,2.462814941575262e-07,4.878784265712961e-05,0.19337453626279444,54,highpass
1.3507621208181993e-07,6.316098677946919e-07,1.39906368559323e-07,2.462814941575262e-07,4.878784265712961e-05,0.19337453626279444,54,highpass
1.3507621208181993e-07,6.316098677946919e-07,1.39906368559323e-07,2.462814941575262e-07,4.878784265712961e-05,0.19337453626279444,54,highpass
1.3507621208181993e-07,6.316098677946919e-07,1.39906368559323e-07,2.462814941575262e-07,4.878784265712961e-05,0.19337453626279444,54,highpass
1.3507621208181993e-07,6.316098677946919e-07,1.39906368559323e-07,2.462814941575262e-07,4.878784265712961e-05,0.19337453626279444,54,highpass
1.3507621208181993e-07,6.316098677946919e-07,1.39906368559323e-07,2.462814941575262e-07,4.927097546111679e-05,0.17115620517472507,54,highpass
1.3138326101885022e-07,6.316098677946919e-07,1.39906368559323e-07,2.462814941575262e-07,4.878784265712961e-05,0.08478280377628877,54,highpass
1.3507621208181993e-07,3.128880153142509e-07,1.39906368559323e-07,2.462814941575262e-07,4.878784265712961e-05,0.04423181176687909,54,highpass
1.3507621208181993e-07,6.316098677946919e-07,1.39906368559323e-07,2.462814941575262e-07,4.878784265712961e-05,0.19337453626279444,54,highpass
1.3507621208181993e-07,6.316098677946919e-07,1.39906368559323e-07,2.462814941575262e-07,4.878784265712961e-05,0.19337453626279444,54,highpass
1.3507621208181993e-07,6.316098677946919e-07,1.39906368559323e-07,2.462814941575262e-07,4.878784265712961e-05,0.19337453626279444,54,highpass
1.3507621208181993e-07,6.316098677946919e-07,1.39906368559323e-07,2.462814941575262e-07,4.878784265712961e-05,0.19337453626279444,54,highpass
1.3507621208181993e-07,6.316098677946919e-07,1.39906368559323e-07,2.462814941575262e-07,4.878784265712961e-05,0.19337453626279444,54,highpass
1.1651274579793419e-07,6.316098677946919e-07,1.39906368559323e-07,2.462814941575262e-07,4.878784265712961e-05,0.11720584184989735,54,highpass
1.3507621208181993e-07,6.316098677946919e-07,1.39906368559323e-07,2.494684657831852e-07,4.878784265712961e-05,0.1892295564429053,54,highpass
1.3507621208181993e-07,6.316098677946919e-07,1.39906368559323e-07,2.462814941575262e-07,4.878784265712961e-05,0.19337453626279444,54,highpass
1.3507621208181993e-07,6.316098677946919e-07,1.39906368559323e-07,2.462814941575262e-07,4.878784265712961e-05,0.19337453626279444,54,highpass
1.3507621208181993e-07,6.316098677946919e-07,1.39906368559323e-07,2.462814941575262e-07,3.117721242105361e-05,0.17232404605279034,54,highpass
1.3507621208181993e-07,6.316098677946919e-07,1.39906368559323e-07,2.462814941575262e-07,4.878784265712961e-05,0.19337453626279444,55,highpass
1.3507621208181993e-07,6.316098677946919e-07,1.39906368559323e-07,2.462814941575262e-07,4.878784265712961e-05,0.19337453626279444,55,highpass
1.3507621208181993e-07,6.316098677946919e-07,1.39906368559323e-07,2.462814941575262e-07,4.878784265712961e-05,0.19337453626279444,55,highpass
1.3507621208181993e-07,6.316098677946919e-07,1.39906368559323e-07,2.462814941575262e-07,4.878784265712961e-05,0.19337453626279444,55,highpass
1.3507621208181993e-07,6.316098677946919e-07,1.39906368559323e-07,2.462814941575262e-07,4.878784265712961e-05,0.19337453626279444,55,highpass
1.3507621208181993e-07,6.316098677946919e-07,1.39906368559323e-07,2.462814941575262e-07,4.878784265712961e-05,0.19337453626279444,55,highpass
1.3507621208181993e-07,6.316098677946919e-07,1.39906368559323e-07,2.6884208994136894e-07,4.878784265712961e-05,0.15901285355594325,55,highpass
1.3507621208181993e-07,6.316098677946919e-07,1.39906368559323e-07,2.462814941575262e-07,5e-05,0.18431306393968655,55,highpass
1.3507621208181993e-07,6.316098677946919e-07,1.39906368559323e-07,2.462814941575262e-07,4.878784265712961e-05,0.19337453626279444,55,highpass
1.3507621208181993e-07,6.316098677946919e-07,1.39906368559323e-07,2.462814941575262e-07,4.878784265712961e-05,0.19337453626279444,55,highpass
1.3688370719438108e-07,6.316098677946919e-07,1.39906368559323e-07,2.462814941575262e-07,4.878784265712961e-05,0.05060163001971746,55,highpass
1.3507621208181993e-07,6.316098677946919e-07,1.39906368559323e-07,2.462814941575262e-07,4.878784265712961e-05,0.19337453626279444,55,highpass
1.3507621208181993e-07,6.316098677946919e-07,1.39906368559323e-07,2.462814941575262e-07,4.878784265712961e-05,0.19337453626279444,55,highpass
1.3507621208181993e-07,6.316098677946919e-07,1.39906368559323e-07,2.462814941575262e-07,4.878784265712961e-05,0.19337453626279444,55,highpass
1.3507621208181993e-07,6.316098677946919e-07,1.39906368559323e-07,2.462814941575262e-07,4.878784265712961e-05,0.19337453626279444,55,highpass
1.3507621208181993e-07,6.316098677946919e-07,1.39906368559323e-07,2.462814941575262e-07,4.878784265712961e-05,0.19337453626279444,55,highpass
1.3507621208181993e-07,6.316098677946919e-07,1.39906368559323e-07,2.462814941575262e-07,4.878784265712961e-05,0.19337453626279444,55,highpass
1.3507621208181993e-07,6.316098677946919e-07,1.39906368559323e-07,2.462814941575262e-07,1.8918002400152394e-05,0.11846040884617987,55,highpass
1.3507621208181993e-07,6.316098677946919e-07,1.39906368559323e-07,2.462814941575262e-07,4.878784265712961e-05,0.19337453626279444,55,highpass
1.3507621208181993e-07,6.316098677946919e-07,1.39906368559323e-07,2.462814941575262e-07,4.878784265712961e-05,0.19337453626279444,55,highpass
1.3507621208181993e-07,6.316098677946919e-07,1.39906368559323e-07,2.462814941575262e-07,4.878784265712961e-05,0.19337453626279444,55,highpass
1.3507621208181993e-07,6.316098677946919e-07,1.39906368559323e-07,2.462814941575262e-07,4.878784265712961e-05,0.19337453626279444,55,highpass
1.3507621208181993e-07,6.316098677946919e-07,1.39906368559323e-07,2.462814941575262e-07,4.878784265712961e-05,0.19337453626279444,55,highpass
1.3507621208181993e-07,6.316098677946919e-07,1.39906368559323e-07,2.462814941575262e-07,4.878784265712961e-05,0.19337453626279444,55,highpass
1.3507621208181993e-07,6.316098677946919e-07,1.39906368559323e-07,2.462814941575262e-07,4.878784265712961e-05,0.19337453626279444,55,highpass
1.3507621208181993e-07,6.316098677946919e-07,1.39906368559323e-07,2.462814941575262e-07,4.878784265712961e-05,0.19337453626279444,55,highpass
1.3507621208181993e-07,6.316098677946919e-07,1.39906368559323e-07,2.462814941575262e-07,4.878784265712961e-05,0.19337453626279444,55,highpass
1.3507621208181993e-07,6.316098677946919e-07,1.39906368559323e-07,2.462814941575262e-07,4.878784265712961e-05,0.19337453626279444,55,highpass
1.3507621208181993e-07,6.316098677946919e-07,1.39906368559323e-07,2.462814941575262e-07,4.878784265712961e-05,0.19337453626279444,55,highpass
1.3507621208181993e-07,6.316098677946919e-07,1.39906368559323e-07,2.462814941575262e-07,4.878784265712961e-05,0.19337453626279444,55,highpass
1.3507621208181993e-07,6.316098677946919e-07,1.39906368559323e-07,2.462814941575262e-07,4.878784265712961e-05,0.19337453626279444,56,highpass
1.3507621208181993e-07,6.316098677946919e-07,1.39906368559323e-07,2.462814941575262e-07,4.878784265712961e-05,0.19337453626279444,56,highpass
1.3507621208181993e-07,6.316098677946919e-07,1.39906368559323e-07,2.462814941575262e-07,4.878784265712961e-05,0.19337453626279444,56,highpass
1.3507621208181993e-07,6.316098677946919e-07,1.39906368559323e-07,2.462814941575262e-07,4.878784265712961e-05,0.19337453626279444,56,highpass
1.3507621208181993e-07,6.316098677946919e-07,1.39906368559323e-07,2.462814941575262e-07,4.878784265712961e-05,0.19337453626279444,56,highpass
1.3507621208181993e-07,6.316098677946919e-07,2.0523188008790392e-07,2.462814941575262e-07,4.878784265712961e-05,-0.3902893934864078,56,highpass
1.3507621208181993e-07,6.316098677946919e-07,1.39906368559323e-07,2.462814941575262e-07,4.878784265712961e-05,0.19337453626279444,56,highpass
1.3507621208181993e-07,6.316098677946919e-07,1.39906368559323e-07,2.462814941575262e-07,4.8747405307254e-05,0.18861039402670576,56,highpass
1.3507621208181993e-07,6.316098677946919e-07,1.39906368559323e-07,2.462814941575262e-07,4.878784265712961e-05,0.19337453626279444,56,highpass
1.3507621208181993e-07,6.316098677946919e-07,1.39906368559323e-07,2.462814941575262e-07,4.878784265712961e-05,0.19337453626279444,56,highpass
1.3507621208181993e-07,6.316098677946919e-07,2.450930622310958e-07,2.462814941575262e-07,4.878784265712961e-05,-0.006489394047852477,56,highpass
1.3507621208181993e-07,6.316098677946919e-07,1.39906368559323e-07,2.462814941575262e-07,4.878784265712961e-05,0.19337453626279444,56,highpass
1.3507621208181993e-07,6.316098677946919e-07,1.39906368559323e-07,2.462814941575262e-07,4.878784265712961e-05,0.19337453626279444,56,highpass
1.3507621208181993e-07,6.732075661225895e-07,1.39906368559323e-07,2.462814941575262e-07,4.878784265712961e-05,0.15733548958793064,56,highpass
1.3507621208181993e-07,6.316098677946919e-07,1.39906368559323e-07,2.462814941575262e-07,4.878784265712961e-05,0.19337453626279444,56,highpass
1.3507621208181993e-07,6.316098677946919e-07,1.39906368559323e-07,2.462814941575262e-07,4.878784265712961e-05,0.19337453626279444,56,highpass
1.417499662442155e-07,6.316098677946919e-07,1.39906368559323e-07,2.462814941575262e-07,4.878784265712961e-05,0.11258931601528172,56,highpass
1.3507621208181993e-07,6.316098677946919e-07,1.39906368559323e-07,2.462814941575262e-07,4.878784265712961e-05,0.19337453626279444,56,highpass
1.3507621208181993e-07,6.316098677946919e-07,1.39906368559323e-07,2.462814941575262e-07,4.878784265712961e-05,0.19337453626279444,56,highpass
1.3507621208181993e-07,6.316098677946919e-07,1.39906368559323e-07,2.462814941575262e-07,4.878784265712961e-05,0.19337453626279444,56,highpass
1.3507621208181993e-07,6.316098677946919e-07,1.39906368559323e-07,2.462814941575262e-07,4.878784265712961e-05,0.19337453626279444,56,highpass
1.3507621208181993e-07,6.316098677946919e-07,1.39906368559323e-07,2.462814941575262e-07,4.878784265712961e-05,0.19337453626279444,56,highpass
1.3507621208181993e-07,6.316098677946919e-07,1.39906368559323e-07,2.462814941575262e-07,4.878784265712961e-05,0.19337453626279444,56,highpass
1.3507621208181993e-07,6.316098677946919e-07,1.39906368559323e-07,2.462814941575262e-07,4.878784265712961e-05,0.19337453626279444,56,highpass
1.3507621208181993e-07,6.316098677946919e-07,1.39906368559323e-07,2.462814941575262e-07,4.878784265712961e-05,0.19337453626279444,56,highpass
1.3507621208181993e-07,6.316098677946919e-07,1.39906368559323e-07,2.462814941575262e-07,4.884766658127587e-05,0.19337453626279444,56,highpass
1.3507621208181993e-07,5.468786389794964e-07,1.39906368559323e-07,2.462814941575262e-07,4.878784265712961e-05,0.07171787710631555,56,highpass
1.3507621208181993e-07,6.316098677946919e-07,1.2650045760557444e-07,2.462814941575262e-07,4.878784265712961e-05,0.11007067395096815,56,highpass
1.3507621208181993e-07,6.316098677946919e-07,1.39906368559323e-07,2.462814941575262e-07,4.878784265712961e-05,0.19337453626279444,56,highpass
1.3507621208181993e-07,6.316098677946919e-07,1.39906368559323e-07,2.462814941575262e-07,4.878784265712961e-05,0.19337453626279444,56,highpass
1.3507621208181993e-07,6.316098677946919e-07,1.39906368559323e-07,2.462814941575262e-07,4.878784265712961e-05,0.19337453626279444,57,highpass
1.3507621208181993e-07,6.316098677946919e-07,1.39906368559323e-07,2.462814941575262e-07,4.878784265712961e-05,0.19337453626279444,57,highpass
1.3507621208181993e-07,6.316098677946919e-07,1.39906368559323e-07,2.462814941575262e-07,4.878784265712961e-05,0.19337453626279444,57,highpass
1.3507621208181993e-07,6.316098677946919e-07,1.39906368559323e-07,2.462814941575262e-07,4.878784265712961e-05,0.19337453626279444,57,highpass
1.3507621208181993e-07,6.316098677946919e-07,1.39906368559323e-07,2.462814941575262e-07,4.878784265712961e-05,0.19337453626279444,57,highpass
1.3507621208181993e-07,6.316098677946919e-07,1.39906368559323e-07,2.462814941575262e-07,4.878784265712961e-05,0.19337453626279444,57,highpass
1.3507621208181993e-07,6.316098677946919e-07,1.39906368559323e-07,2.462814941575262e-07,4.878784265712961e-05,0.19337453626279444,57,highpass
1.3507621208181993e-07,6.316098677946919e-07,1.39906368559323e-07,2.462814941575262e-07,4.878784265712961e-05,0.19337453626279444,57,highpass
1.3507621208181993e-07,6.316098677946919e-07,1.39906368559323e-07,2.462814941575262e-07,4.878784265712961e-05,0.19337453626279444,57,highpass
1.3507621208181993e-07,6.316098677946919e-07,1.39906368559323e-07,2.462814941575262e-07,4.8277859429178525e-05,0.1789815210281141,57,highpass
1.3507621208181993e-07,6.316098677946919e-07,1.39906368559323e-07,2.462814941575262e-07,4.878784265712961e-05,0.19337453626279444,57,highpass
1.3507621208181993e-07,6.316098677946919e-07,1.39906368559323e-07,2.173124347861474e-07,4.878784265712961e-05,0.07811515203222158,57,highpass
1.3507621208181993e-07,6.316098677946919e-07,1.39906368559323e-07,2.462814941575262e-07,4.878784265712961e-05,0.19337453626279444,57,highpass
1.3507621208181993e-07,6.316098677946919e-07,1.39906368559323e-07,2.462814941575262e-07,4.878784265712961e-05,0.19337453626279444,57,highpass
1.3507621208181993e-07,6.316098677946919e-07,1.39906368559323e-07,2.462814941575262e-07,8.577264473327207e-06,0.08018593703034221,57,highpass
1.3507621208181993e-07,6.316098677946919e-07,1.39906368559323e-07,2.462814941575262e-07,4.878737241498545e-05,0.19337453626279444,57,highpass
1.3507621208181993e-07,6.316098677946919e-07,1.39906368559323e-07,2.462814941575262e-07,4.878784265712961e-05,0.19337453626279444,57,highpass
1.3507621208181993e-07,6.316098677946919e-07,1.39906368559323e-07,2.462814941575262e-07,4.878784265712961e-05,0.19337453626279444,57,highpass
1.3507621208181993e-07,6.316098677946919e-07,1.39906368559323e-07,2.462814941575262e-07,4.878784265712961e-05,0.19337453626279444,57,highpass
1.3507621208181993e-07,6.316098677946919e-07,1.39906368559323e-07,2.462814941575262e-07,4.878784265712961e-05,0.19337453626279444,57,highpass
1.3507621208181993e-07,6.511056604283327e-07,1.39906368559323e-07,2.462814941575262e-07,4.878784265712961e-05,0.1630369015079886,57,highpass
1.3507621208181993e-07,6.316098677946919e-07,1.39906368559323e-07,2.462814941575262e-07,4.878784265712961e-05,0.19337453626279444,57,highpass
1.3507621208181993e-07,6.316098677946919e-07,1.39906368559323e-07,2.462814941575262e-07,4.884766658127587e-05,0.19337453626279444,57,highpass
1.3507621208181993e-07,6.215226621463739e-07,1.39906368559323e-07,2.462814941575262e-07,4.878784265712961e-05,0.1727276845160572,57,highpass
1.3507621208181993e-07,6.316098677946919e-07,1.39906368559323e-07,2.462814941575262e-07,4.878784265712961e-05,0.19337453626279444,57,highpass
1.3507621208181993e-07,6.316098677946919e-07,1.39906368559323e-07,2.462814941575262e-07,4.878784265712961e-05,0.19337453626279444,57,highpass
1.3507621208181993e-07,6.316098677946919e-07,1.39906368559323e-07,2.462814941575262e-07,4.878784265712961e-05,0.19337453626279444,57,highpass
1.3507621208181993e-07,6.316098677946919e-07,1.39906368559323e-07,2.462814941575262e-07,4.878784265712961e-05,0.19337453626279444,57,highpass
1.3507621208181993e-07,6.316098677946919e-07,1.39906368559323e-07,2.462814941575262e-07,6.8609094490361045e-06,0.09875120251486796,57,highpass
1.3507621208181993e-07,6.316098677946919e-07,1.39906368559323e-07,2.462814941575262e-07,4.878784265712961e-05,0.19337453626279444,57,highpass
1.3507621208181993e-07,6.316098677946919e-07,1.39906368559323e-07,2.462814941575262e-07,4.878784265712961e-05,0.19337453626279444,58,highpass
1.3507621208181993e-07,6.316098677946919e-07,1.39906368559323e-07,1.7038297066699686e-07,4.878784265712961e-05,0.07067155869207398,58,highpass
1.3507621208181993e-07,6.451089488647479e-07,1.39906368559323e-07,2.462814941575262e-07,4.878784265712961e-05,0.16378188386357106,58,highpass
1.3507621208181993e-07,6.316098677946919e-07,1.39906368559323e-07,2.424339037528019e-07,4.878784265712961e-05,0.18669490400197714,58,highpass
1.3507621208181993e-07,6.316098677946919e-07,1.7104157978335633e-07,2.462814941575262e-07,4.878784265712961e-05,0.05700780663460059,58,highpass
1.3507621208181993e-07,6.316098677946919e-07,1.39906368559323e-07,2.462814941575262e-07,4.878784265712961e-05,0.19337453626279444,58,highpass
1.3507621208181993e-07,6.316098677946919e-07,1.39906368559323e-07,2.462814941575262e-07,4.878784265712961e-05,0.19337453626279444,58,highpass
1.3507621208181993e-07,6.316098677946919e-07,1.39906368559323e-07,2.462814941575262e-07,4.878784265712961e-05,0.19337453626279444,58,highpass
1.3507621208181993e-07,6.316098677946919e-07,1.39906368559323e-07,2.462814941575262e-07,4.878784265712961e-05,0.19337453626279444,58,highpass
1.3507621208181993e-07,6.316098677946919e-07,1.39906368559323e-07,2.462814941575262e-07,4.884766658127587e-05,0.19337453626279444,58,highpass
1.3507621208181993e-07,6.316098677946919e-07,1.39906368559323e-07,2.462814941575262e-07,4.878784265712961e-05,0.19337453626279444,58,highpass
1.3507621208181993e-07,6.386063474200242e-07,1.39906368559323e-07,2.462814941575262e-07,4.878784265712961e-05,0.1642313078944983,58,highpass
1.3507621208181993e-07,6.316098677946919e-07,1.39906368559323e-07,2.462814941575262e-07,4.878784265712961e-05,0.19337453626279444,58,highpass
1.3507621208181993e-07,6.316098677946919e-07,1.39906368559323e-07,2.462814941575262e-07,4.878784265712961e-05,0.19337453626279444,58,highpass
1.3507621208181993e-07,6.316098677946919e-07,1.39906368559323e-07,2.462814941575262e-07,4.878784265712961e-05,0.19337453626279444,58,highpass
1.3507621208181993e-07,6.316098677946919e-07,1.39906368559323e-07,2.462814941575262e-07,4.878784265712961e-05,0.19337453626279444,58,highpass
1.3678052534272884e-07,6.316098677946919e-07,1.39906368559323e-07,2.462814941575262e-07,4.878737241498545e-05,0.05029456052639153,58,highpass
1.3507621208181993e-07,6.316098677946919e-07,1.39906368559323e-07,2.462814941575262e-07,5e-05,0.18431306393968655,58,highpass
1.398338357397484e-07,6.316098677946919e-07,1.39906368559323e-07,2.462814941575262e-07,4.878784265712961e-05,0.08477407722874786,58,highpass
1.3507621208181993e-07,6.316098677946919e-07,1.39906368559323e-07,2.462814941575262e-07,4.878784265712961e-05,0.19337453626279444,58,highpass
1.3507621208181993e-07,6.316098677946919e-07,1.39906368559323e-07,2.462814941575262e-07,4.878784265712961e-05,0.19337453626279444,58,highpass
1.3507621208181993e-07,6.316098677946919e-07,1.39906368559323e-07,2.462814941575262e-07,4.878784265712961e-05,0.19337453626279444,58,highpass
1.3507621208181993e-07,6.316098677946919e-07,1.39906368559323e-07,2.3954078983052585e-07,4.878784265712961e-05,0.17248993626415138,58,highpass
1.3507621208181993e-07,6.316098677946919e-07,1.39906368559323e-07,2.462814941575262e-07,4.878784265712961e-05,0.19337453626279444,58,highpass
1.3507621208181993e-07,6.316098677946919e-07,1.39906368559323e-07,2.462814941575262e-07,4.878784265712961e-05,0.19337453626279444,58,highpass
1.3507621208181993e-07,6.316098677946919e-07,1.39906368559323e-07,2.462814941575262e-07,4.878784265712961e-05,0.19337453626279444,58,highpass
1.3507621208181993e-07,6.316098677946919e-07,1.39906368559323e-07,2.462814941575262e-07,4.878784265712961e-05,0.19337453626279444,58,highpass
1.3507621208181993e-07,6.316098677946919e-07,1.39906368559323e-07,2.462814941575262e-07,4.878784265712961e-05,0.19337453626279444,58,highpass
1.3507621208181993e-07,6.316098677946919e-07,1.39906368559323e-07,2.462814941575262e-07,4.878784265712961e-05,0.19337453626279444,58,highpass
1.3507621208181993e-07,6.316098677946919e-07,1.39906368559323e-07,2.462814941575262e-07,4.878784265712961e-05,0.19337453626279444,58,highpass
1.3507621208181993e-07,6.316098677946919e-07,1.39906368559323e-07,2.462814941575262e-07,4.878784265712961e-05,0.19337453626279444,59,highpass
1.3507621208181993e-07,6.316098677946919e-07,1.39906368559323e-07,2.462814941575262e-07,4.878784265712961e-05,0.19337453626279444,59,highpass
1.3507621208181993e-07,6.316098677946919e-07,1.39906368559323e-07,2.462814941575262e-07,4.878784265712961e-05,0.19337453626279444,59,highpass
1.3507621208181993e-07,6.316098677946919e-07,1.39906368559323e-07,2.462814941575262e-07,4.878784265712961e-05,0.19337453626279444,59,highpass
1.3507621208181993e-07,6.316098677946919e-07,1.39906368559323e-07,2.462814941575262e-07,4.878784265712961e-05,0.19337453626279444,59,highpass
1.3507621208181993e-07,6.316098677946919e-07,1.39906368559323e-07,2.462814941575262e-07,4.878784265712961e-05,0.19337453626279444,59,highpass
1.3507621208181993e-07,6.316098677946919e-07,1.39906368559323e-07,2.5846239913073484e-07,4.878784265712961e-05,0.15519597854657902,59,highpass
1.3507621208181993e-07,6.316098677946919e-07,1.39906368559323e-07,2.462814941575262e-07,4.878784265712961e-05,0.19337453626279444,59,highpass
1.3507621208181993e-07,6.316098677946919e-07,1.39906368559323e-07,2.462814941575262e-07,2.4398620415367107e-05,0.15054590292303754,59,highpass
1.3507621208181993e-07,6.316098677946919e-07,1.39906368559323e-07,2.463643899482313e-07,4.878784265712961e-05,0.19337453626279444,59,highpass
1.3507621208181993e-07,6.316098677946919e-07,1.39906368559323e-07,2.462814941575262e-07,4.878784265712961e-05,0.19337453626279444,59,highpass
1.3507621208181993e-07,6.316098677946919e-07,1.39906368559323e-07,2.462814941575262e-07,4.878784265712961e-05,0.19337453626279444,59,highpass
1.3507621208181993e-07,6.316098677946919e-07,1.39906368559323e-07,2.462814941575262e-07,4.878784265712961e-05,0.19337453626279444,59,highpass
1.3507621208181993e-07,6.316098677946919e-07,1.39906368559323e-07,2.462814941575262e-07,4.878784265712961e-05,0.19337453626279444,59,highpass
1.3507621208181993e-07,3.517668435542379e-07,1.39906368559323e-07,2.462814941575262e-07,4.878784265712961e-05,0.042760217072655565,59,highpass
1.3507621208181993e-07,6.316098677946919e-07,1.39906368559323e-07,2.462814941575262e-07,4.878784265712961e-05,0.19337453626279444,59,highpass
1.3507621208181993e-07,6.316098677946919e-07,1.39906368559323e-07,2.462814941575262e-07,4.878784265712961e-05,0.19337453626279444,59,highpass
1.3507621208181993e-07,6.316098677946919e-07,1.39906368559323e-07,2.462814941575262e-07,4.7197629806394485e-05,0.18650822970792064,59,highpass
1.3507621208181993e-07,6.316098677946919e-07,1.39906368559323e-07,2.462814941575262e-07,4.878784265712961e-05,0.19337453626279444,59,highpass
1.3507621208181993e-07,6.316098677946919e-07,1.39906368559323e-07,2.462814941575262e-07,4.878784265712961e-05,0.19337453626279444,59,highpass
1.3507621208181993e-07,6.316098677946919e-07,1.39906368559323e-07,2.462814941575262e-07,4.878784265712961e-05,0.19337453626279444,59,highpass
1.3507621208181993e-07,6.316098677946919e-07,1.39906368559323e-07,2.462814941575262e-07,4.878784265712961e-05,0.19337453626279444,59,highpass
1.3507621208181993e-07,6.316098677946919e-07,1.39906368559323e-07,2.462814941575262e-07,4.939788564227982e-05,0.18976328523152136,59,highpass
1.3507621208181993e-07,6.316098677946919e-07,1.39906368559323e-07,2.462814941575262e-07,4.878784265712961e-05,0.19337453626279444,59,highpass
1.3507621208181993e-07,6.316098677946919e-07,1.344057344259454e-07,2.462814941575262e-07,4.878784265712961e-05,0.08702270890180563,59,highpass
1.3507621208181993e-07,6.316098677946919e-07,1.39906368559323e-07,2.462814941575262e-07,4.884766658127587e-05,0.19337453626279444,59,highpass
1.3507621208181993e-07,6.316098677946919e-07,1.39906368559323e-07,2.462814941575262e-07,4.878784265712961e-05,0.19337453626279444,59,highpass
1.3507621208181993e-07,6.316098677946919e-07,1.39906368559323e-07,2.462814941575262e-07,4.878784265712961e-05,0.19337453626279444,59,highpass
1.200891585260106e-07,6.316098677946919e-07,1.39906368559323e-07,2.462814941575262e-07,4.878784265712961e-05,0.10273245723357816,59,highpass
1.3507621208181993e-07,6.316098677946919e-07,1.39906368559323e-07,2.462814941575262e-07,4.878784265712961e-05,0.19337453626279444,59,highpass
1.3507621208181993e-07,6.316098677946919e-07,1.39906368559323e-07,2.462814941575262e-07,4.878784265712961e-05,0.19337453626279444,60,highpass
1.3507621208181993e-07,6.316098677946919e-07,1.39906368559323e-07,2.462814941575262e-07,4.878784265712961e-05,0.19337453626279444,60,highpass
1.3507621208181993e-07,6.50841753564368e-07,1.39906368559323e-07,2.462814941575262e-07,4.884766658127587e-05,0.16709054219703862,60,highpass
1.3507621208181993e-07,6.316098677946919e-07,1.39906368559323e-07,2.462814941575262e-07,4.878784265712961e-05,0.19337453626279444,60,highpass
1.3507621208181993e-07,6.316098677946919e-07,1.39906368559323e-07,2.462814941575262e-07,4.878784265712961e-05,0.19337453626279444,60,highpass
1.3507621208181993e-07,6.316098677946919e-07,1.39906368559323e-07,2.462814941575262e-07,4.878784265712961e-05,0.19337453626279444,60,highpass
1.3507621208181993e-07,6.316098677946919e-07,1.39906368559323e-07,2.462814941575262e-07,4.878784265712961e-05,0.19337453626279444,60,highpass
1.3507621208181993e-07,6.316098677946919e-07,1.39906368559323e-07,2.462814941575262e-07,4.878784265712961e-05,0.19337453626279444,60,highpass
1.3507621208181993e-07,6.452349333292697e-07,1.39906368559323e-07,2.462814941575262e-07,4.878784265712961e-05,0.1637811311151755,60,highpass
1.3507621208181993e-07,6.316098677946919e-07,1.39906368559323e-07,2.462814941575262e-07,4.878784265712961e-05,0.19337453626279444,60,highpass
1.3507621208181993e-07,6.316098677946919e-07,1.39906368559323e-07,2.462814941575262e-07,4.878784265712961e-05,0.19337453626279444,60,highpass
1.3507621208181993e-07,6.316098677946919e-07,2.1030847591816083e-07,2.462814941575262e-07,4.878784265712961e-05,-0.5739713137052805,60,highpass
1.3507621208181993e-07,6.316098677946919e-07,1.3966781487373467e-07,2.462814941575262e-07,4.878784265712961e-05,0.19337453626279444,60,highpass
1.3507621208181993e-07,6.316098677946919e-07,1.3426985225902825e-07,2.462814941575262e-07,4.878784265712961e-05,0.08248298518628494,60,highpass
1.3507621208181993e-07,6.316098677946919e-07,1.39906368559323e-07,2.462814941575262e-07,4.878784265712961e-05,0.19337453626279444,60,highpass
1.3507621208181993e-07,6.316098677946919e-07,1.39906368559323e-07,2.5300079358352165e-07,4.878784265712961e-05,0.1522033209318739,60,highpass
1.3507621208181993e-07,6.316098677946919e-07,1.39906368559323e-07,2.462814941575262e-07,4.878784265712961e-05,0.19337453626279444,60,highpass
1.3507621208181993e-07,6.231792175225994e-07,1.39906368559323e-07,2.462814941575262e-07,4.878784265712961e-05,0.17130197947426729,60,highpass
1.3507621208181993e-07,6.316098677946919e-07,1.39906368559323e-07,2.462814941575262e-07,4.878784265712961e-05,0.19337453626279444,60,highpass
1.3507621208181993e-07,6.316098677946919e-07,1.39906368559323e-07,2.462814941575262e-07,4.878784265712961e-05,0.19337453626279444,60,highpass
1.3507621208181993e-07,6.316098677946919e-07,1.39906368559323e-07,2.462814941575262e-07,4.878784265712961e-05,0.19337453626279444,60,highpass
1.3507621208181993e-07,6.316098677946919e-07,1.39906368559323e-07,2.462814941575262e-07,4.878784265712961e-05,0.19337453626279444,60,highpass
1.3507621208181993e-07,6.316098677946919e-07,1.39906368559323e-07,2.462814941575262e-07,4.878784265712961e-05,0.19337453626279444,60,highpass
1.3507621208181993e-07,6.316098677946919e-07,1.39906368559323e-07,2.462814941575262e-07,4.878784265712961e-05,0.19337453626279444,60,highpass
1.3507621208181993e-07,6.316098677946919e-07,1.39906368559323e-07,2.462814941575262e-07,4.878784265712961e-05,0.19337453626279444,60,highpass
1.3507621208181993e-07,6.316098677946919e-07,1.39906368559323e-07,2.462814941575262e-07,4.878784265712961e-05,0.19337453626279444,60,highpass
1.3507621208181993e-07,6.316098677946919e-07,1.39906368559323e-07,2.462814941575262e-07,4.878784265712961e-05,0.19337453626279444,60,highpass
1.3507621208181993e-07,6.316098677946919e-07,1.39906368559323e-07,2.462814941575262e-07,4.884766658127587e-05,0.19337453626279444,60,highpass
1.3507621208181993e-07,6.316098677946919e-07,1.39906368559323e-07,2.462814941575262e-07,4.922723666905197e-05,0.17325480318507958,60,highpass
1.3507621208181993e-07,6.316098677946919e-07,1.39906368559323e-07,2.462814941575262e-07,4.878784265712961e-05,0.19337453626279444,60,highpass
1.3507621208181993e-07,6.316098677946919e-07,1.39906368559323e-07,2.462814941575262e-07,4.878784265712961e-05,0.19337453626279444,61,highpass
1.3507621208181993e-07,6.316098677946919e-07,1.39906368559323e-07,2.462814941575262e-07,1.092642292811349e-05,0.1247561121330063,61,highpass
1.3102783493902454e-07,6.316098677946919e-07,1.39906368559323e-07,2.462814941575262e-07,4.878784265712961e-05,0.09402791637248825,61,highpass
1.3507621208181993e-07,6.316098677946919e-07,1.39906368559323e-07,2.462814941575262e-07,4.878784265712961e-05,0.19337453626279444,61,highpass
1.3507621208181993e-07,4.614092298563109e-07,1.39906368559323e-07,2.462814941575262e-07,4.878784265712961e-05,0.06980008899543524,61,highpass
1.3507621208181993e-07,6.316098677946919e-07,1.39906368559323e-07,2.462814941575262e-07,4.878784265712961e-05,0.19337453626279444,61,highpass
1.3507621208181993e-07,6.316098677946919e-07,1.39906368559323e-07,2.462814941575262e-07,4.878784265712961e-05,0.19337453626279444,61,highpass
1.3507621208181993e-07,6.316098677946919e-07,1.39906368559323e-07,2.462814941575262e-07,4.878784265712961e-05,0.19337453626279444,61,highpass
1.3507621208181993e-07,6.316098677946919e-07,1.39906368559323e-07,2.462814941575262e-07,4.878784265712961e-05,0.19337453626279444,61,highpass
1.3507621208181993e-07,6.316098677946919e-07,1.39906368559323e-07,2.462814941575262e-07,4.878784265712961e-05,0.19337453626279444,61,highpass
1.3507621208181993e-07,6.420825062190912e-07,1.39906368559323e-07,2.462814941575262e-07,4.878784265712961e-05,0.16364021330430173,61,highpass
1.3507621208181993e-07,6.316098677946919e-07,1.39906368559323e-07,2.462814941575262e-07,4.878784265712961e-05,0.19337453626279444,61,highpass
1.3507621208181993e-07,6.316098677946919e-07,1.39906368559323e-07,1.7931090240035234e-07,4.878784265712961e-05,0.06599053670330818,61,highpass
1.3507621208181993e-07,6.316098677946919e-07,1.39906368559323e-07,2.462814941575262e-07,4.878784265712961e-05,0.19337453626279444,61,highpass
1.3507621208181993e-07,6.316098677946919e-07,1.39906368559323e-07,2.462814941575262e-07,4.878784265712961e-05,0.19337453626279444,61,highpass
1.3507621208181993e-07,6.316098677946919e-07,1.39906368559323e-07,2.462814941575262e-07,4.878784265712961e-05,0.19337453626279444,61,highpass
1.3507621208181993e-07,6.316098677946919e-07,1.39906368559323e-07,2.462814941575262e-07,4.878784265712961e-05,0.19337453626279444,61,highpass
1.3507621208181993e-07,6.316098677946919e-07,1.39906368559323e-07,2.462814941575262e-07,4.878784265712961e-05,0.19337453626279444,61,highpass
1.3507621208181993e-07,6.316098677946919e-07,1.39906368559323e-07,2.462814941575262e-07,4.878784265712961e-05,0.19337453626279444,61,highpass
1.3507621208181993e-07,6.316098677946919e-07,1.39906368559323e-07,2.462814941575262e-07,4.878784265712961e-05,0.19337453626279444,61,highpass
1.3507621208181993e-07,6.316098677946919e-07,1.39906368559323e-07,2.462814941575262e-07,4.878784265712961e-05,0.19337453626279444,61,highpass
1.3507621208181993e-07,6.316098677946919e-07,1.39906368559323e-07,2.462814941575262e-07,4.690600258169481e-05,0.17294634568158218,61,highpass
1.3507621208181993e-07,6.316098677946919e-07,1.39906368559323e-07,2.462814941575262e-07,4.878784265712961e-05,0.19337453626279444,61,highpass
1.3507621208181993e-07,6.316098677946919e-07,1.39906368559323e-07,2.462814941575262e-07,4.878784265712961e-05,0.19337453626279444,61,highpass
1.3507621208181993e-07,6.316098677946919e-07,1.39906368559323e-07,2.734817614460884e-07,4.878784265712961e-05,0.15782751011645235,61,highpass
1.3507621208181993e-07,6.316098677946919e-07,1.39906368559323e-07,2.462814941575262e-07,4.878784265712961e-05,0.19337453626279444,61,highpass
1.3507621208181993e-07,6.316098677946919e-07,1.39906368559323e-07,2.462814941575262e-07,4.878784265712961e-05,0.19337453626279444,61,highpass
1.3507621208181993e-07,6.316098677946919e-07,1.39906368559323e-07,2.451391892540459e-07,4.878784265712961e-05,0.19337821569376829,61,highpass
1.3507621208181993e-07,6.316098677946919e-07,1.39906368559323e-07,2.462814941575262e-07,4.878784265712961e-05,0.19337453626279444,61,highpass
1.3507621208181993e-07,6.316098677946919e-07,1.39906368559323e-07,2.462814941575262e-07,4.878784265712961e-05,0.19337453626279444,61,highpass
1.3507621208181993e-07,6.316098677946919e-07,1.39906368559323e-07,2.451391892540459e-07,4.878784265712961e-05,0.19337821569376829,62,highpass
1.3507621208181993e-07,6.316098677946919e-07,1.39906368559323e-07,2.451391892540459e-07,4.878784265712961e-05,0.19337821569376829,62,highpass
1.3507621208181993e-07,6.316098677946919e-07,1.39906368559323e-07,2.451391892540459e-07,4.878784265712961e-05,0.19337821569376829,62,highpass
1.3507621208181993e-07,6.316098677946919e-07,1.39906368559323e-07,2.462814941575262e-07,4.878784265712961e-05,0.19337453626279444,62,highpass
1.3507621208181993e-07,6.316098677946919e-07,1.39906368559323e-07,2.451391892540459e-07,4.878784265712961e-05,0.19337821569376829,62,highpass
1.3507621208181993e-07,6.316098677946919e-07,1.39906368559323e-07,2.4659674543856083e-07,4.878784265712961e-05,0.19321044623880285,62,highpass
1.3507621208181993e-07,6.316098677946919e-07,1.366894749195256e-07,2.451391892540459e-07,4.878784265712961e-05,0.10476544363762663,62,highpass
1.2947541986722565e-07,6.316098677946919e-07,1.39906368559323e-07,2.462814941575262e-07,4.878784265712961e-05,0.08926444469520878,62,highpass
1.3507621208181993e-07,4.4480627211153407e-07,1.39906368559323e-07,2.462814941575262e-07,4.878784265712961e-05,0.07394049888313042,62,highpass
1.3507621208181993e-07,6.316098677946919e-07,1.39906368559323e-07,2.462814941575262e-07,4.878784265712961e-05,0.19337453626279444,62,highpass
1.3507621208181993e-07,6.327963993262179e-07,1.39906368559323e-07,2.462814941575262e-07,4.878784265712961e-05,0.16670894441310302,62,highpass
1.3507621208181993e-07,6.316098677946919e-07,1.39906368559323e-07,2.462814941575262e-07,5e-05,0.18431306393968655,62,highpass
1.3507621208181993e-07,6.316098677946919e-07,1.39906368559323e-07,2.462814941575262e-07,4.878784265712961e-05,0.19337453626279444,62,highpass
1.3507621208181993e-07,6.316098677946919e-07,1.39906368559323e-07,2.462814941575262e-07,4.878784265712961e-05,0.19337453626279444,62,highpass
1.3507621208181993e-07,6.316098677946919e-07,1.39906368559323e-07,2.451391892540459e-07,4.878784265712961e-05,0.19337821569376829,62,highpass
1.3507621208181993e-07,6.316098677946919e-07,1.39906368559323e-07,2.462814941575262e-07,4.878784265712961e-05,0.19337453626279444,62,highpass
1.3507621208181993e-07,6.316098677946919e-07,1.39906368559323e-07,2.451391892540459e-07,4.878784265712961e-05,0.19337821569376829,62,highpass
1.3507621208181993e-07,6.316098677946919e-07,1.39906368559323e-07,2.462814941575262e-07,4.878784265712961e-05,0.19337453626279444,62,highpass
1.3507621208181993e-07,6.316098677946919e-07,1.39906368559323e-07,2.451391892540459e-07,4.878784265712961e-05,0.19337821569376829,62,highpass
1.3507621208181993e-07,6.316098677946919e-07,1.39906368559323e-07,2.462814941575262e-07,4.878784265712961e-05,0.19337453626279444,62,highpass
1.3507621208181993e-07,6.316098677946919e-07,1.39906368559323e-07,2.462814941575262e-07,4.878784265712961e-05,0.19337453626279444,62,highpass
1.3507621208181993e-07,6.316098677946919e-07,1.39906368559323e-07,2.462814941575262e-07,4.878784265712961e-05,0.19337453626279444,62,highpass
1.3507621208181993e-07,6.316098677946919e-07,1.39906368559323e-07,2.298566807267547e-07,4.878784265712961e-05,0.12136268807971207,62,highpass
1.3507621208181993e-07,6.316098677946919e-07,1.39906368559323e-07,1.7739532594081646e-07,4.878784265712961e-05,0.0665935566524633,62,highpass
1.3507621208181993e-07,6.316098677946919e-07,1.39906368559323e-07,2.462814941575262e-07,4.878784265712961e-05,0.19337453626279444,62,highpass
1.3507621208181993e-07,6.316098677946919e-07,1.39906368559323e-07,2.462814941575262e-07,4.878784265712961e-05,0.19337453626279444,62,highpass
1.3507621208181993e-07,6.316098677946919e-07,1.39906368559323e-07,2.462814941575262e-07,4.878784265712961e-05,0.19337453626279444,62,highpass
1.3507621208181993e-07,6.316098677946919e-07,1.39906368559323e-07,2.451391892540459e-07,4.878784265712961e-05,0.19337821569376829,62,highpass
1.3507621208181993e-07,6.316098677946919e-07,1.39906368559323e-07,2.462814941575262e-07,4.878784265712961e-05,0.19337453626279444,62,highpass
1.3507621208181993e-07,6.316098677946919e-07,1.39906368559323e-07,2.462814941575262e-07,4.878784265712961e-05,0.19337453626279444,62,highpass
1.3507621208181993e-07,6.316098677946919e-07,1.39906368559323e-07,2.451391892540459e-07,4.878784265712961e-05,0.19337821569376829,63,highpass
1.3507621208181993e-07,6.316098677946919e-07,1.39906368559323e-07,2.451391892540459e-07,4.878784265712961e-05,0.19337821569376829,63,highpass
1.3507621208181993e-07,6.316098677946919e-07,1.39906368559323e-07,2.462814941575262e-07,4.878784265712961e-05,0.19337453626279444,63,highpass
1.3507621208181993e-07,6.316098677946919e-07,1.39906368559323e-07,2.462814941575262e-07,4.878784265712961e-05,0.19337453626279444,63,highpass
1.3507621208181993e-07,6.316098677946919e-07,1.39906368559323e-07,2.0927886395463494e-07,4.878784265712961e-05,0.08723818748643047,63,highpass
1.3507621208181993e-07,6.316098677946919e-07,1.39906368559323e-07,2.451391892540459e-07,4.878784265712961e-05,0.19337821569376829,63,highpass
1.3507621208181993e-07,6.316098677946919e-07,1.39906368559323e-07,2.451391892540459e-07,5e-05,0.1842830890812437,63,highpass
1.3507621208181993e-07,6.316098677946919e-07,1.39906368559323e-07,2.451391892540459e-07,4.878784265712961e-05,0.19337821569376829,63,highpass
1.3507621208181993e-07,6.316098677946919e-07,1.39906368559323e-07,2.451391892540459e-07,4.878784265712961e-05,0.19337821569376829,63,highpass
1.3507621208181993e-07,6.316098677946919e-07,1.39906368559323e-07,2.451391892540459e-07,4.878784265712961e-05,0.19337821569376829,63,highpass
1.3507621208181993e-07,6.316098677946919e-07,1.39906368559323e-07,2.451391892540459e-07,4.878784265712961e-05,0.19337821569376829,63,highpass
1.3507621208181993e-07,6.316098677946919e-07,1.39906368559323e-07,2.451391892540459e-07,4.878784265712961e-05,0.19337821569376829,63,highpass
1.3507621208181993e-07,6.316098677946919e-07,1.39906368559323e-07,2.451391892540459e-07,4.878784265712961e-05,0.19337821569376829,63,highpass
1.3507621208181993e-07,6.316098677946919e-07,1.39906368559323e-07,2.451391892540459e-07,4.878784265712961e-05,0.19337821569376829,63,highpass
1.3507621208181993e-07,6.316098677946919e-07,1.39906368559323e-07,2.451391892540459e-07,4.878784265712961e-05,0.19337821569376829,63,highpass
1.3507621208181993e-07,6.316098677946919e-07,1.39906368559323e-07,2.462814941575262e-07,4.878784265712961e-05,0.19337453626279444,63,highpass
1.3507621208181993e-07,6.316098677946919e-07,1.39906368559323e-07,2.451391892540459e-07,4.878784265712961e-05,0.19337821569376829,63,highpass
1.3507621208181993e-07,6.316098677946919e-07,1.39906368559323e-07,2.451391892540459e-07,4.878784265712961e-05,0.19337821569376829,63,highpass
1.3507621208181993e-07,4.814839787766774e-07,1.39906368559323e-07,2.451391892540459e-07,4.878784265712961e-05,0.0670581873139437,63,highpass
1.3507621208181993e-07,6.316098677946919e-07,1.39906368559323e-07,2.451391892540459e-07,4.878784265712961e-05,0.19337821569376829,63,highpass
1.3507621208181993e-07,6.316098677946919e-07,1.39906368559323e-07,2.451391892540459e-07,4.878784265712961e-05,0.19337821569376829,63,highpass
1.3507621208181993e-07,6.316098677946919e-07,1.39906368559323e-07,2.451391892540459e-07,4.878784265712961e-05,0.19337821569376829,63,highpass
1.3507621208181993e-07,6.316098677946919e-07,1.39906368559323e-07,2.451391892540459e-07,4.878784265712961e-05,0.19337821569376829,63,highpass
1.3507621208181993e-07,6.316098677946919e-07,1.39906368559323e-07,2.451391892540459e-07,4.878784265712961e-05,0.19337821569376829,63,highpass
1.3507621208181993e-07,6.167564016567676e-07,1.39906368559323e-07,2.451391892540459e-07,4.878784265712961e-05,0.17613382923400583,63,highpass
1.3507621208181993e-07,6.316098677946919e-07,1.39906368559323e-07,2.451391892540459e-07,4.878784265712961e-05,0.19337821569376829,63,highpass
1.3507621208181993e-07,6.316098677946919e-07,1.39906368559323e-07,2.451391892540459e-07,4.878784265712961e-05,0.19337821569376829,63,highpass
1.3507621208181993e-07,6.316098677946919e-07,1.39906368559323e-07,2.451391892540459e-07,4.878784265712961e-05,0.19337821569376829,63,highpass
1.3507621208181993e-07,6.40076384137987e-07,1.39906368559323e-07,2.462814941575262e-07,4.878784265712961e-05,0.1637587377661946,63,highpass
1.3507621208181993e-07,6.316098677946919e-07,1.39906368559323e-07,2.451391892540459e-07,4.878784265712961e-05,0.19337821569376829,63,highpass
1.3507621208181993e-07,6.316098677946919e-07,1.39906368559323e-07,2.451391892540459e-07,4.878784265712961e-05,0.19337821569376829,64,highpass
1.3507621208181993e-07,6.316098677946919e-07,1.39906368559323e-07,2.451391892540459e-07,4.878784265712961e-05,0.19337821569376829,64,highpass
1.3507621208181993e-07,6.316098677946919e-07,1.39906368559323e-07,2.451391892540459e-07,4.878784265712961e-05,0.19337821569376829,64,highpass
1.3507621208181993e-07,6.316098677946919e-07,1.39906368559323e-07,2.451391892540459e-07,4.878784265712961e-05,0.19337821569376829,64,highpass
1.3917748939865492e-07,6.316098677946919e-07,1.39906368559323e-07,2.451391892540459e-07,4.878784265712961e-05,0.09452772234702989,64,highpass
1.3507621208181993e-07,6.316098677946919e-07,1.39906368559323e-07,2.451391892540459e-07,4.878784265712961e-05,0.19337821569376829,64,highpass
1.3507621208181993e-07,6.316098677946919e-07,1.39906368559323e-07,2.451391892540459e-07,4.878784265712961e-05,0.19337821569376829,64,highpass
1.3507621208181993e-07,6.316098677946919e-07,1.39906368559323e-07,2.451391892540459e-07,4.878784265712961e-05,0.19337821569376829,64,highpass
1.3507621208181993e-07,6.316098677946919e-07,1.39906368559323e-07,2.451391892540459e-07,4.878784265712961e-05,0.19337821569376829,64,highpass
1.3507621208181993e-07,6.316098677946919e-07,1.39906368559323e-07,2.451391892540459e-07,4.878784265712961e-05,0.19337821569376829,64,highpass
1.3507621208181993e-07,6.316098677946919e-07,1.39906368559323e-07,2.451391892540459e-07,4.878784265712961e-05,0.19337821569376829,64,highpass
1.3507621208181993e-07,6.316098677946919e-07,1.39906368559323e-07,2.451391892540459e-07,4.878784265712961e-05,0.19337821569376829,64,highpass
1.3507621208181993e-07,6.316098677946919e-07,1.39906368559323e-07,2.451391892540459e-07,4.878784265712961e-05,0.19337821569376829,64,highpass
1.3507621208181993e-07,6.316098677946919e-07,1.39906368559323e-07,2.451391892540459e-07,4.878784265712961e-05,0.19337821569376829,64,highpass
1.3507621208181993e-07,6.316098677946919e-07,1.39906368559323e-07,2.451391892540459e-07,4.878784265712961e-05,0.19337821569376829,64,highpass
1.3507621208181993e-07,6.316098677946919e-07,1.39906368559323e-07,2.451391892540459e-07,4.878784265712961e-05,0.19337821569376829,64,highpass
1.3507621208181993e-07,6.316098677946919e-07,1.39906368559323e-07,2.451391892540459e-07,4.878784265712961e-05,0.19337821569376829,64,highpass
1.3507621208181993e-07,6.316098677946919e-07,2.267732572876066e-07,2.451391892540459e-07,4.878784265712961e-05,-0.3139514218639627,64,highpass
1.3507621208181993e-07,6.316098677946919e-07,1.39906368559323e-07,2.451391892540459e-07,4.878784265712961e-05,0.19337821569376829,64,highpass
1.3507621208181993e-07,6.316098677946919e-07,1.39906368559323e-07,2.451391892540459e-07,4.878784265712961e-05,0.19337821569376829,64,highpass
1.8141243193787936e-07,6.316098677946919e-07,1.39906368559323e-07,2.451391892540459e-07,4.878784265712961e-05,0.06186089200904954,64,highpass
1.3507621208181993e-07,6.316098677946919e-07,1.39906368559323e-07,2.451391892540459e-07,4.878784265712961e-05,0.19337821569376829,64,highpass
1.3507621208181993e-07,6.316098677946919e-07,1.39906368559323e-07,2.451391892540459e-07,4.878784265712961e-05,0.19337821569376829,64,highpass
1.3507621208181993e-07,6.316098677946919e-07,1.39906368559323e-07,2.738784570706986e-07,4.878784265712961e-05,0.15769451829589237,64,highpass
1.4211284415848186e-07,6.316098677946919e-07,1.39906368559323e-07,2.451391892540459e-07,4.878784265712961e-05,0.0982855358584449,64,highpass
1.3507621208181993e-07,6.316098677946919e-07,1.39906368559323e-07,2.451391892540459e-07,4.878784265712961e-05,0.19337821569376829,64,highpass
1.3507621208181993e-07,6.316098677946919e-07,1.39906368559323e-07,2.451391892540459e-07,4.878784265712961e-05,0.19337821569376829,64,highpass
1.3507621208181993e-07,6.328076725981555e-07,1.39906368559323e-07,2.451391892540459e-07,4.878784265712961e-05,0.16801982509074787,64,highpass
1.3507621208181993e-07,6.316098677946919e-07,1.39906368559323e-07,2.451391892540459e-07,4.878784265712961e-05,0.19337821569376829,64,highpass
1.3507621208181993e-07,6.316098677946919e-07,1.3783583960711768e-07,2.451391892540459e-07,4.878784265712961e-05,0.11202068189203129,64,highpass
1.3507621208181993e-07,6.316098677946919e-07,1.39906368559323e-07,2.451391892540459e-07,4.878784265712961e-05,0.19337821569376829,65,highpass
2.48661473518629e-07,6.316098677946919e-07,1.39906368559323e-07,2.451391892540459e-07,4.878784265712961e-05,-0.12321536386578902,65,highpass
1.3507621208181993e-07,6.316098677946919e-07,1.39906368559323e-07,2.451391892540459e-07,4.878784265712961e-05,0.19337821569376829,65,highpass
1.3507621208181993e-07,6.316098677946919e-07,1.39906368559323e-07,2.451391892540459e-07,4.878784265712961e-05,0.19337821569376829,65,highpass
1.3507621208181993e-07,6.316098677946919e-07,1.39906368559323e-07,2.451391892540459e-07,4.878784265712961e-05,0.19337821569376829,65,highpass
1.3507621208181993e-07,6.858418887750335e-07,1.39906368559323e-07,2.451391892540459e-07,4.878784265712961e-05,0.1525694651195072,65,highpass
1.3507621208181993e-07,6.316098677946919e-07,1.39906368559323e-07,2.451391892540459e-07,4.878784265712961e-05,0.19337821569376829,65,highpass
1.3507621208181993e-07,6.316098677946919e-07,1.39906368559323e-07,2.451391892540459e-07,4.878784265712961e-05,0.19337821569376829,65,highpass
1.3507621208181993e-07,6.316098677946919e-07,1.39906368559323e-07,2.451391892540459e-07,4.878784265712961e-05,0.19337821569376829,65,highpass
1.3507621208181993e-07,6.316098677946919e-07,1.39906368559323e-07,2.451391892540459e-07,4.878784265712961e-05,0.19337821569376829,65,highpass
1.3507621208181993e-07,6.316098677946919e-07,1.39906368559323e-07,2.451391892540459e-07,4.878784265712961e-05,0.19337821569376829,65,highpass
1.3507621208181993e-07,6.316098677946919e-07,1.39906368559323e-07,2.451391892540459e-07,4.878784265712961e-05,0.19337821569376829,65,highpass
1.858219989157809e-07,6.316098677946919e-07,1.39906368559323e-07,2.451391892540459e-07,4.878784265712961e-05,0.08043887894353363,65,highpass
1.3507621208181993e-07,6.316098677946919e-07,1.39906368559323e-07,2.451391892540459e-07,4.878784265712961e-05,0.19337821569376829,65,highpass
1.3507621208181993e-07,6.316098677946919e-07,1.39906368559323e-07,2.451391892540459e-07,4.878784265712961e-05,0.19337821569376829,65,highpass
1.3507621208181993e-07,6.316098677946919e-07,1.39906368559323e-07,2.451391892540459e-07,4.878784265712961e-05,0.19337821569376829,65,highpass
1.3507621208181993e-07,6.316098677946919e-07,1.39906368559323e-07,2.451391892540459e-07,4.878784265712961e-05,0.19337821569376829,65,highpass
1.3507621208181993e-07,6.316098677946919e-07,1.39906368559323e-07,2.451391892540459e-07,4.878784265712961e-05,0.19337821569376829,65,highpass
1.3507621208181993e-07,6.316098677946919e-07,1.39906368559323e-07,2.451391892540459e-07,4.878784265712961e-05,0.19337821569376829,65,highpass
1.3507621208181993e-07,6.316098677946919e-07,1.39906368559323e-07,2.451391892540459e-07,4.878784265712961e-05,0.19337821569376829,65,highpass
1.3507621208181993e-07,6.316098677946919e-07,1.39906368559323e-07,2.451391892540459e-07,4.878784265712961e-05,0.19337821569376829,65,highpass
1.3409946785176234e-07,6.316098677946919e-07,1.39906368559323e-07,2.451391892540459e-07,4.878784265712961e-05,0.166363948930142,65,highpass
1.3507621208181993e-07,6.316098677946919e-07,1.39906368559323e-07,2.451391892540459e-07,4.878784265712961e-05,0.19337821569376829,65,highpass
1.3507621208181993e-07,6.316098677946919e-07,1.39906368559323e-07,2.476161150331659e-07,4.878784265712961e-05,0.19225348949291288,65,highpass
1.3507621208181993e-07,6.316098677946919e-07,1.39906368559323e-07,2.451391892540459e-07,4.878784265712961e-05,0.19337821569376829,65,highpass
1.3507621208181993e-07,6.316098677946919e-07,1.4464334902266893e-07,2.451391892540459e-07,4.878784265712961e-05,0.10060342969708291,65,highpass
1.3507621208181993e-07,6.316098677946919e-07,1.39906368559323e-07,2.451391892540459e-07,4.878784265712961e-05,0.19337821569376829,65,highpass
1.3507621208181993e-07,6.316098677946919e-07,1.39906368559323e-07,2.2972342798013913e-07,4.878784265712961e-05,0.12050203025955092,65,highpass
1.3507621208181993e-07,6.316098677946919e-07,1.39906368559323e-07,2.451391892540459e-07,4.878784265712961e-05,0.19337821569376829,65,highpass
1.3507621208181993e-07,6.316098677946919e-07,1.39906368559323e-07,2.451391892540459e-07,4.878784265712961e-05,0.19337821569376829,65,highpass
1.3507621208181993e-07,6.316098677946919e-07,1.39906368559323e-07,2.451391892540459e-07,4.878784265712961e-05,0.19337821569376829,66,highpass
1.3507621208181993e-07,6.316098677946919e-07,1.39906368559323e-07,2.451391892540459e-07,4.878784265712961e-05,0.19337821569376829,66,highpass
1.3507621208181993e-07,6.316098677946919e-07,1.39906368559323e-07,2.451391892540459e-07,4.878784265712961e-05,0.19337821569376829,66,highpass
1.3436682535704178e-07,6.316098677946919e-07,1.39906368559323e-07,2.451391892540459e-07,4.878784265712961e-05,0.17373524367781595,66,highpass
1.3507621208181993e-07,6.316098677946919e-07,1.39906368559323e-07,2.4586441756037465e-07,4.878784265712961e-05,0.19350467010984534,66,highpass
1.3507621208181993e-07,6.316098677946919e-07,1.39906368559323e-07,2.451391892540459e-07,4.878784265712961e-05,0.19337821569376829,66,highpass
1.3507621208181993e-07,6.316098677946919e-07,1.39906368559323e-07,2.451391892540459e-07,4.878784265712961e-05,0.19337821569376829,66,highpass
1.3507621208181993e-07,6.934979753510002e-07,1.39906368559323e-07,2.451391892540459e-07,4.878784265712961e-05,0.15041196649319277,66,highpass
1.3507621208181993e-07,6.316098677946919e-07,1.39906368559323e-07,2.451391892540459e-07,4.878784265712961e-05,0.19337821569376829,66,highpass
1.3507621208181993e-07,6.316098677946919e-07,1.39906368559323e-07,2.451391892540459e-07,4.878784265712961e-05,0.19337821569376829,66,highpass
1.3507621208181993e-07,6.316098677946919e-07,1.39906368559323e-07,2.6715378933646477e-07,4.878784265712961e-05,0.1583269894716211,66,highpass
1.3507621208181993e-07,6.316098677946919e-07,1.39906368559323e-07,2.451391892540459e-07,4.878784265712961e-05,0.19337821569376829,66,highpass
1.3507621208181993e-07,6.316098677946919e-07,1.39906368559323e-07,2.451391892540459e-07,4.878784265712961e-05,0.19337821569376829,66,highpass
1.3507621208181993e-07,6.316098677946919e-07,1.39906368559323e-07,2.451391892540459e-07,4.878784265712961e-05,0.19337821569376829,66,highpass
1.3507621208181993e-07,6.316098677946919e-07,1.39906368559323e-07,2.451391892540459e-07,4.878784265712961e-05,0.19337821569376829,66,highpass
1.3507621208181993e-07,6.316098677946919e-07,1.39906368559323e-07,2.451391892540459e-07,4.878784265712961e-05,0.19337821569376829,66,highpass
1.3507621208181993e-07,6.316098677946919e-07,1.39906368559323e-07,2.451391892540459e-07,4.878784265712961e-05,0.19337821569376829,66,highpass
1.3507621208181993e-07,6.316098677946919e-07,1.39906368559323e-07,2.451391892540459e-07,4.878784265712961e-05,0.19337821569376829,66,highpass
1.3507621208181993e-07,6.316098677946919e-07,1.39906368559323e-07,2.451391892540459e-07,4.878784265712961e-05,0.19337821569376829,66,highpass
1.3507621208181993e-07,6.316098677946919e-07,1.39906368559323e-07,2.451391892540459e-07,4.878784265712961e-05,0.19337821569376829,66,highpass
1.3507621208181993e-07,6.424575513102667e-07,1.39906368559323e-07,2.451391892540459e-07,4.878784265712961e-05,0.16388013624350928,66,highpass
1.3507621208181993e-07,6.316098677946919e-07,1.39906368559323e-07,2.451391892540459e-07,4.878784265712961e-05,0.19337821569376829,66,highpass
1.3507621208181993e-07,6.316098677946919e-07,1.39906368559323e-07,2.451391892540459e-07,4.878784265712961e-05,0.19337821569376829,66,highpass
1.3507621208181993e-07,6.316098677946919e-07,1.39906368559323e-07,2.451391892540459e-07,4.878784265712961e-05,0.19337821569376829,66,highpass
1.3507621208181993e-07,6.316098677946919e-07,1.39906368559323e-07,2.451391892540459e-07,4.878784265712961e-05,0.19337821569376829,66,highpass
1.3507621208181993e-07,6.316098677946919e-07,1.39906368559323e-07,2.451391892540459e-07,4.878784265712961e-05,0.19337821569376829,66,highpass
1.3507621208181993e-07,6.316098677946919e-07,1.39906368559323e-07,2.451391892540459e-07,4.878784265712961e-05,0.19337821569376829,66,highpass
1.3507621208181993e-07,6.316098677946919e-07,1.39906368559323e-07,2.451391892540459e-07,4.878784265712961e-05,0.19337821569376829,66,highpass
1.3507621208181993e-07,6.316098677946919e-07,1.39906368559323e-07,2.451391892540459e-07,4.878784265712961e-05,0.19337821569376829,66,highpass
1.3133042782386658e-07,6.316098677946919e-07,1.39906368559323e-07,2.451391892540459e-07,4.878784265712961e-05,0.09074919915426916,66,highpass
1.3507621208181993e-07,6.316098677946919e-07,1.39906368559323e-07,2.4586441756037465e-07,4.878784265712961e-05,0.19350467010984534,67,highpass
1.3507621208181993e-07,6.316098677946919e-07,1.39906368559323e-07,2.4586441756037465e-07,1.0941750385619638e-05,0.12305294501735309,67,highpass
1.3507621208181993e-07,6.316098677946919e-07,1.39906368559323e-07,2.451391892540459e-07,4.878784265712961e-05,0.19337821569376829,67,highpass
1.3507621208181993e-07,6.316098677946919e-07,1.39906368559323e-07,2.451391892540459e-07,4.470098856512411e-05,0.17617151366874434,67,highpass
1.3507621208181993e-07,6.316098677946919e-07,1.39906368559323e-07,2.451391892540459e-07,4.878784265712961e-05,0.19337821569376829,67,highpass
1.3507621208181993e-07,6.316098677946919e-07,1.39906368559323e-07,2.451391892540459e-07,4.878784265712961e-05,0.19337821569376829,67,highpass
1.3507621208181993e-07,6.316098677946919e-07,1.39906368559323e-07,2.451391892540459e-07,4.878784265712961e-05,0.19337821569376829,67,highpass
1.3507621208181993e-07,6.316098677946919e-07,1.39906368559323e-07,2.451391892540459e-07,4.878784265712961e-05,0.19337821569376829,67,highpass
1.3507621208181993e-07,6.316098677946919e-07,1.39906368559323e-07,2.451391892540459e-07,4.878784265712961e-05,0.19337821569376829,67,highpass
1.3507621208181993e-07,6.316098677946919e-07,1.39906368559323e-07,2.451391892540459e-07,4.878784265712961e-05,0.19337821569376829,67,highpass
1.3507621208181993e-07,6.316098677946919e-07,1.39906368559323e-07,2.451391892540459e-07,4.878784265712961e-05,0.19337821569376829,67,highpass
1.3507621208181993e-07,6.316098677946919e-07,1.39906368559323e-07,2.451391892540459e-07,4.878784265712961e-05,0.19337821569376829,67,highpass
1.3507621208181993e-07,6.316098677946919e-07,1.39906368559323e-07,2.4586441756037465e-07,4.878784265712961e-05,0.19350467010984534,67,highpass
1.3507621208181993e-07,6.316098677946919e-07,1.39906368559323e-07,2.451391892540459e-07,4.878784265712961e-05,0.19337821569376829,67,highpass
1.3507621208181993e-07,6.460150879114614e-07,1.39906368559323e-07,2.451391892540459e-07,4.878784265712961e-05,0.16384728873901944,67,highpass
1.3507621208181993e-07,6.316098677946919e-07,1.39906368559323e-07,2.4586441756037465e-07,4.878784265712961e-05,0.19350467010984534,67,highpass
1.3507621208181993e-07,6.316098677946919e-07,1.39906368559323e-07,2.4586441756037465e-07,4.878784265712961e-05,0.19350467010984534,67,highpass
1.3507621208181993e-07,6.316098677946919e-07,1.39906368559323e-07,2.451391892540459e-07,4.878784265712961e-05,0.19337821569376829,67,highpass
1.3507621208181993e-07,6.316098677946919e-07,1.39906368559323e-07,2.4586441756037465e-07,4.878784265712961e-05,0.19350467010984534,67,highpass
1.3507621208181993e-07,6.316098677946919e-07,1.39906368559323e-07,2.451391892540459e-07,4.878784265712961e-05,0.19337821569376829,67,highpass
1.3507621208181993e-07,6.316098677946919e-07,1.39906368559323e-07,2.451391892540459e-07,4.878784265712961e-05,0.19337821569376829,67,highpass
1.3507621208181993e-07,6.316098677946919e-07,1.39906368559323e-07,2.093845665182538e-07,4.878784265712961e-05,0.08715209054805212,67,highpass
1.3507621208181993e-07,6.316098677946919e-07,1.39906368559323e-07,2.451391892540459e-07,4.878784265712961e-05,0.19337821569376829,67,highpass
1.3507621208181993e-07,6.316098677946919e-07,1.39906368559323e-07,2.4586441756037465e-07,4.878784265712961e-05,0.19350467010984534,67,highpass
1.3507621208181993e-07,6.316098677946919e-07,1.39906368559323e-07,2.451391892540459e-07,4.878784265712961e-05,0.19337821569376829,67,highpass
1.3507621208181993e-07,6.316098677946919e-07,1.39906368559323e-07,2.451391892540459e-07,4.878784265712961e-05,0.19337821569376829,67,highpass
1.3507621208181993e-07,6.316098677946919e-07,1.39906368559323e-07,2.4586441756037465e-07,4.878784265712961e-05,0.19350467010984534,67,highpass
1.3507621208181993e-07,6.316098677946919e-07,1.39906368559323e-07,2.4586441756037465e-07,4.878784265712961e-05,0.19350467010984534,67,highpass
1.3507621208181993e-07,6.316098677946919e-07,1.39906368559323e-07,2.451391892540459e-07,4.878784265712961e-05,0.19337821569376829,67,highpass
1.3507621208181993e-07,6.316098677946919e-07,1.39906368559323e-07,2.451391892540459e-07,4.878784265712961e-05,0.19337821569376829,67,highpass
1.3507621208181993e-07,6.316098677946919e-07,1.39906368559323e-07,2.4586441756037465e-07,4.878784265712961e-05,0.19350467010984534,68,highpass
1.3507621208181993e-07,6.316098677946919e-07,1.39906368559323e-07,2.4586441756037465e-07,4.878784265712961e-05,0.19350467010984534,68,highpass
1.3507621208181993e-07,6.316098677946919e-07,1.39906368559323e-07,2.4586441756037465e-07,4.878784265712961e-05,0.19350467010984534,68,highpass
1.3507621208181993e-07,6.316098677946919e-07,1.39906368559323e-07,2.4586441756037465e-07,4.878784265712961e-05,0.19350467010984534,68,highpass
1.3507621208181993e-07,6.316098677946919e-07,1.39906368559323e-07,2.451391892540459e-07,4.878784265712961e-05,0.19337821569376829,68,highpass
1.3507621208181993e-07,6.316098677946919e-07,1.0305369485977858e-07,2.4586441756037465e-07,4.878784265712961e-05,0.08481690830758032,68,highpass
1.3507621208181993e-07,6.316098677946919e-07,1.39906368559323e-07,2.4586441756037465e-07,4.878784265712961e-05,0.19350467010984534,68,highpass
1.3507621208181993e-07,6.316098677946919e-07,1.39906368559323e-07,2.4586441756037465e-07,4.878784265712961e-05,0.19350467010984534,68,highpass
1.3507621208181993e-07,6.316098677946919e-07,1.39906368559323e-07,2.4586441756037465e-07,4.878784265712961e-05,0.19350467010984534,68,highpass
1.393735581950112e-07,6.316098677946919e-07,1.39906368559323e-07,2.4586441756037465e-07,4.878784265712961e-05,0.09902458358781263,68,highpass
1.3507621208181993e-07,6.316098677946919e-07,1.39906368559323e-07,2.4586441756037465e-07,4.878784265712961e-05,0.19350467010984534,68,highpass
1.3507621208181993e-07,6.316098677946919e-07,2.3760526465645553e-07,2.4586441756037465e-07,4.878784265712961e-05,-0.047219329430787875,68,highpass
1.3507621208181993e-07,6.316098677946919e-07,1.39906368559323e-07,2.4586441756037465e-07,4.878784265712961e-05,0.19350467010984534,68,highpass
1.3507621208181993e-07,6.316098677946919e-07,1.39906368559323e-07,2.451391892540459e-07,4.878784265712961e-05,0.19337821569376829,68,highpass
1.3507621208181993e-07,6.316098677946919e-07,1.39906368559323e-07,2.4586441756037465e-07,4.878784265712961e-05,0.19350467010984534,68,highpass
1.3507621208181993e-07,6.316098677946919e-07,1.39906368559323e-07,2.451391892540459e-07,4.878784265712961e-05,0.19337821569376829,68,highpass
1.3507621208181993e-07,6.316098677946919e-07,1.39906368559323e-07,2.4586441756037465e-07,4.878784265712961e-05,0.19350467010984534,68,highpass
1.3507621208181993e-07,6.316098677946919e-07,1.39906368559323e-07,2.6735336376858456e-07,4.878784265712961e-05,0.15835989246680687,68,highpass
1.3507621208181993e-07,6.316098677946919e-07,1.39906368559323e-07,2.4586441756037465e-07,4.878784265712961e-05,0.19350467010984534,68,highpass
1.1846853023846962e-07,6.316098677946919e-07,1.39906368559323e-07,2.4586441756037465e-07,4.878784265712961e-05,0.1104349397733475,68,highpass
1.3507621208181993e-07,6.316098677946919e-07,1.39906368559323e-07,2.4586441756037465e-07,4.878784265712961e-05,0.19350467010984534,68,highpass
1.3507621208181993e-07,6.316098677946919e-07,1.39906368559323e-07,2.4586441756037465e-07,4.878784265712961e-05,0.19350467010984534,68,highpass
1.3507621208181993e-07,6.316098677946919e-07,1.39906368559323e-07,2.451391892540459e-07,4.878784265712961e-05,0.19337821569376829,68,highpass
1.3507621208181993e-07,6.316098677946919e-07,1.39906368559323e-07,2.4586441756037465e-07,4.878784265712961e-05,0.19350467010984534,68,highpass
1.3507621208181993e-07,6.316098677946919e-07,1.39906368559323e-07,2.4586441756037465e-07,4.878784265712961e-05,0.19350467010984534,68,highpass
1.3507621208181993e-07,6.316098677946919e-07,1.39906368559323e-07,2.4586441756037465e-07,4.878784265712961e-05,0.19350467010984534,68,highpass
1.3507621208181993e-07,4.863501495120255e-07,1.39906368559323e-07,2.4586441756037465e-07,4.878784265712961e-05,0.06899421221491364,68,highpass
1.3507621208181993e-07,6.316098677946919e-07,1.39906368559323e-07,2.4586441756037465e-07,4.878784265712961e-05,0.19350467010984534,68,highpass
1.3507621208181993e-07,6.316098677946919e-07,1.39906368559323e-07,2.4586441756037465e-07,4.878784265712961e-05,0.19350467010984534,68,highpass
1.3507621208181993e-07,6.316098677946919e-07,1.39906368559323e-07,2.4586441756037465e-07,4.878784265712961e-05,0.19350467010984534,68,highpass
1.3507621208181993e-07,6.316098677946919e-07,1.39906368559323e-07,2.4586441756037465e-07,4.878784265712961e-05,0.19350467010984534,69,highpass
1.3507621208181993e-07,6.316098677946919e-07,1.39906368559323e-07,2.4586441756037465e-07,4.878784265712961e-05,0.19350467010984534,69,highpass
1.3507621208181993e-07,6.316098677946919e-07,1.39906368559323e-07,2.4586441756037465e-07,4.878784265712961e-05,0.19350467010984534,69,highpass
1.3507621208181993e-07,6.316098677946919e-07,1.39906368559323e-07,2.4586441756037465e-07,4.878784265712961e-05,0.19350467010984534,69,highpass
1.3507621208181993e-07,6.316098677946919e-07,1.39906368559323e-07,2.4586441756037465e-07,4.878784265712961e-05,0.19350467010984534,69,highpass
1.3507621208181993e-07,6.316098677946919e-07,1.39906368559323e-07,2.4586441756037465e-07,4.878784265712961e-05,0.19350467010984534,69,highpass
1.3507621208181993e-07,6.316098677946919e-07,1.39906368559323e-07,2.4586441756037465e-07,4.878784265712961e-05,0.19350467010984534,69,highpass
1.3507621208181993e-07,6.316098677946919e-07,1.39906368559323e-07,2.5071202274764843e-07,4.878784265712961e-05,0.15228078925706962,69,highpass
1.3507621208181993e-07,6.316098677946919e-07,1.39906368559323e-07,2.4586441756037465e-07,4.878784265712961e-05,0.19350467010984534,69,highpass
1.3507621208181993e-07,6.316098677946919e-07,1.39906368559323e-07,2.4586441756037465e-07,4.878784265712961e-05,0.19350467010984534,69,highpass
1.3507621208181993e-07,6.316098677946919e-07,1.39906368559323e-07,2.4586441756037465e-07,4.878784265712961e-05,0.19350467010984534,69,highpass
1.3507621208181993e-07,6.316098677946919e-07,1.39906368559323e-07,2.4586441756037465e-07,4.878784265712961e-05,0.19350467010984534,69,highpass
1.3507621208181993e-07,6.316098677946919e-07,1.39906368559323e-07,2.4586441756037465e-07,4.878784265712961e-05,0.19350467010984534,69,highpass
1.3507621208181993e-07,6.316098677946919e-07,1.39906368559323e-07,2.4586441756037465e-07,4.878784265712961e-05,0.19350467010984534,69,highpass
1.3507621208181993e-07,6.316098677946919e-07,1.39906368559323e-07,2.4586441756037465e-07,4.878784265712961e-05,0.19350467010984534,69,highpass
1.3507621208181993e-07,6.316098677946919e-07,1.39906368559323e-07,2.4586441756037465e-07,4.878784265712961e-05,0.19350467010984534,69,highpass
1.3507621208181993e-07,6.316098677946919e-07,1.39906368559323e-07,2.4005097141554675e-07,4.878784265712961e-05,0.17554021992801971,69,highpass
1.3507621208181993e-07,6.316098677946919e-07,1.39906368559323e-07,2.4586441756037465e-07,4.878784265712961e-05,0.19350467010984534,69,highpass
1.3507621208181993e-07,6.316098677946919e-07,1.39906368559323e-07,2.4586441756037465e-07,4.878784265712961e-05,0.19350467010984534,69,highpass
1.3507621208181993e-07,6.316098677946919e-07,1.3368463096845412e-07,2.4586441756037465e-07,4.878784265712961e-05,0.10262938100495367,69,highpass
1.3507621208181993e-07,6.316098677946919e-07,1.39906368559323e-07,2.4586441756037465e-07,4.878784265712961e-05,0.19350467010984534,69,highpass
1.3507621208181993e-07,6.316098677946919e-07,1.39906368559323e-07,2.4586441756037465e-07,4.878784265712961e-05,0.19350467010984534,69,highpass
1.3507621208181993e-07,6.316098677946919e-07,1.39906368559323e-07,2.4586441756037465e-07,4.878784265712961e-05,0.19350467010984534,69,highpass
1.3507621208181993e-07,6.316098677946919e-07,1.39906368559323e-07,2.4586441756037465e-07,4.878784265712961e-05,0.19350467010984534,69,highpass
1.3507621208181993e-07,6.316098677946919e-07,1.39906368559323e-07,2.4586441756037465e-07,4.878784265712961e-05,0.19350467010984534,69,highpass
1.3507621208181993e-07,6.316098677946919e-07,1.39906368559323e-07,2.4586441756037465e-07,4.878784265712961e-05,0.19350467010984534,69,highpass
1.3507621208181993e-07,6.316098677946919e-07,1.39906368559323e-07,2.4586441756037465e-07,4.878784265712961e-05,0.19350467010984534,69,highpass
1.3507621208181993e-07,6.316098677946919e-07,1.39906368559323e-07,2.4586441756037465e-07,4.878784265712961e-05,0.19350467010984534,69,highpass
1.3507621208181993e-07,6.316098677946919e-07,1.39906368559323e-07,2.4586441756037465e-07,4.878784265712961e-05,0.19350467010984534,69,highpass
1.4773898161793145e-07,6.316098677946919e-07,1.39906368559323e-07,2.4586441756037465e-07,4.878784265712961e-05,0.11121092184783782,69,highpass
1.3507621208181993e-07,6.316098677946919e-07,1.39906368559323e-07,2.4586441756037465e-07,4.878784265712961e-05,0.19350467010984534,70,highpass
1.3507621208181993e-07,6.316098677946919e-07,1.39906368559323e-07,2.4586441756037465e-07,4.878784265712961e-05,0.19350467010984534,70,highpass
1.3507621208181993e-07,6.316098677946919e-07,1.39906368559323e-07,2.4586441756037465e-07,4.878784265712961e-05,0.19350467010984534,70,highpass
1.3507621208181993e-07,5.395201015020568e-07,1.39906368559323e-07,2.4586441756037465e-07,4.878784265712961e-05,0.08124288383131917,70,highpass
2.495698491934715e-07,6.316098677946919e-07,1.39906368559323e-07,2.4586441756037465e-07,4.878784265712961e-05,-0.14178873428929312,70,highpass
1.3507621208181993e-07,6.316098677946919e-07,1.39906368559323e-07,2.4586441756037465e-07,4.878784265712961e-05,0.19350467010984534,70,highpass
1.3507621208181993e-07,6.316098677946919e-07,1.39906368559323e-07,2.4586441756037465e-07,4.878784265712961e-05,0.19350467010984534,70,highpass
1.3507621208181993e-07,6.316098677946919e-07,1.39906368559323e-07,2.4586441756037465e-07,4.878784265712961e-05,0.19350467010984534,70,highpass
1.3507621208181993e-07,6.316098677946919e-07,1.39906368559323e-07,2.4586441756037465e-07,4.878784265712961e-05,0.19350467010984534,70,highpass
1.3507621208181993e-07,6.316098677946919e-07,1.39906368559323e-07,2.4586441756037465e-07,4.878784265712961e-05,0.19350467010984534,70,highpass
1.3507621208181993e-07,6.316098677946919e-07,1.39906368559323e-07,2.4586441756037465e-07,4.878784265712961e-05,0.19350467010984534,70,highpass
1.3507621208181993e-07,6.316098677946919e-07,1.39906368559323e-07,2.4586441756037465e-07,4.878784265712961e-05,0.19350467010984534,70,highpass
1.3507621208181993e-07,6.316098677946919e-07,1.39906368559323e-07,2.4586441756037465e-07,4.103735955975637e-05,0.18278862632879683,70,highpass
1.3507621208181993e-07,6.316098677946919e-07,1.1697506662964189e-07,2.4586441756037465e-07,4.878784265712961e-05,0.10118832891364399,70,highpass
1.3507621208181993e-07,6.316098677946919e-07,1.39906368559323e-07,2.4586441756037465e-07,4.878784265712961e-05,0.19350467010984534,70,highpass
1.3507621208181993e-07,6.316098677946919e-07,1.39906368559323e-07,2.4586441756037465e-07,4.878784265712961e-05,0.19350467010984534,70,highpass
1.3507621208181993e-07,6.316098677946919e-07,1.39906368559323e-07,2.4586441756037465e-07,4.878784265712961e-05,0.19350467010984534,70,highpass
1.3507621208181993e-07,6.316098677946919e-07,1.39906368559323e-07,2.4586441756037465e-07,4.878784265712961e-05,0.19350467010984534,70,highpass
1.3507621208181993e-07,6.316098677946919e-07,1.39906368559323e-07,2.4586441756037465e-07,4.878784265712961e-05,0.19350467010984534,70,highpass
1.3507621208181993e-07,6.316098677946919e-07,1.39906368559323e-07,2.4586441756037465e-07,4.878784265712961e-05,0.19350467010984534,70,highpass
1.3507621208181993e-07,6.316098677946919e-07,1.39906368559323e-07,2.4586441756037465e-07,4.878784265712961e-05,0.19350467010984534,70,highpass
1.3507621208181993e-07,6.316098677946919e-07,1.39906368559323e-07,2.4586441756037465e-07,4.878784265712961e-05,0.19350467010984534,70,highpass
1.3507621208181993e-07,6.316098677946919e-07,1.39906368559323e-07,2.4586441756037465e-07,4.878784265712961e-05,0.19350467010984534,70,highpass
1.3507621208181993e-07,6.316098677946919e-07,1.39906368559323e-07,2.4586441756037465e-07,4.878784265712961e-05,0.19350467010984534,70,highpass
1.3507621208181993e-07,6.316098677946919e-07,1.39906368559323e-07,2.4586441756037465e-07,4.878784265712961e-05,0.19350467010984534,70,highpass
1.3507621208181993e-07,6.316098677946919e-07,1.39906368559323e-07,2.4586441756037465e-07,4.878784265712961e-05,0.19350467010984534,70,highpass
1.3507621208181993e-07,6.316098677946919e-07,1.39906368559323e-07,2.4586441756037465e-07,4.878784265712961e-05,0.19350467010984534,70,highpass
1.3507621208181993e-07,6.316098677946919e-07,1.129759616595774e-07,2.4586441756037465e-07,4.878784265712961e-05,0.09636709054794196,70,highpass
1.3507621208181993e-07,6.316098677946919e-07,1.39906368559323e-07,2.4586441756037465e-07,4.878784265712961e-05,0.19350467010984534,70,highpass
1.3507621208181993e-07,6.316098677946919e-07,1.39906368559323e-07,2.4586441756037465e-07,4.878784265712961e-05,0.19350467010984534,70,highpass
1.3507621208181993e-07,6.316098677946919e-07,1.39906368559323e-07,2.4586441756037465e-07,4.878784265712961e-05,0.19350467010984534,71,highpass
1.3507621208181993e-07,6.316098677946919e-07,1.39906368559323e-07,2.4586441756037465e-07,4.878784265712961e-05,0.19350467010984534,71,highpass
1.3507621208181993e-07,6.316098677946919e-07,1.39906368559323e-07,2.4586441756037465e-07,4.878784265712961e-05,0.19350467010984534,71,highpass
1.3507621208181993e-07,6.316098677946919e-07,1.39906368559323e-07,2.4586441756037465e-07,4.878784265712961e-05,0.19350467010984534,71,highpass
1.3507621208181993e-07,6.316098677946919e-07,1.461080625812222e-07,2.4586441756037465e-07,4.878784265712961e-05,0.09569858487841576,71,highpass
1.3507621208181993e-07,6.316098677946919e-07,1.39906368559323e-07,2.4586441756037465e-07,4.878784265712961e-05,0.19350467010984534,71,highpass
1.3507621208181993e-07,6.316098677946919e-07,1.39906368559323e-07,2.4586441756037465e-07,4.878784265712961e-05,0.19350467010984534,71,highpass
1.3507621208181993e-07,6.316098677946919e-07,1.39906368559323e-07,2.4586441756037465e-07,4.878784265712961e-05,0.19350467010984534,71,highpass
1.3507621208181993e-07,6.316098677946919e-07,1.39906368559323e-07,2.4586441756037465e-07,4.878784265712961e-05,0.19350467010984534,71,highpass
1.3507621208181993e-07,6.316098677946919e-07,1.39906368559323e-07,2.4586441756037465e-07,4.878784265712961e-05,0.19350467010984534,71,highpass
1.3507621208181993e-07,6.316098677946919e-07,1.39906368559323e-07,2.4586441756037465e-07,4.878784265712961e-05,0.19350467010984534,71,highpass
1.3507621208181993e-07,6.316098677946919e-07,1.39906368559323e-07,2.4586441756037465e-07,4.878784265712961e-05,0.19350467010984534,71,highpass
1.3507621208181993e-07,6.316098677946919e-07,1.39906368559323e-07,2.4586441756037465e-07,4.878784265712961e-05,0.19350467010984534,71,highpass
1.3507621208181993e-07,6.316098677946919e-07,1.39906368559323e-07,2.4586441756037465e-07,4.878784265712961e-05,0.19350467010984534,71,highpass
1.3507621208181993e-07,6.316098677946919e-07,1.39906368559323e-07,2.4586441756037465e-07,4.878784265712961e-05,0.19350467010984534,71,highpass
1.3507621208181993e-07,6.316098677946919e-07,1.39906368559323e-07,2.4586441756037465e-07,4.878784265712961e-05,0.19350467010984534,71,highpass
1.3507621208181993e-07,6.316098677946919e-07,1.39906368559323e-07,2.4586441756037465e-07,4.878784265712961e-05,0.19350467010984534,71,highpass
1.3507621208181993e-07,6.316098677946919e-07,1.39906368559323e-07,2.4586441756037465e-07,4.878784265712961e-05,0.19350467010984534,71,highpass
1.3507621208181993e-07,6.316098677946919e-07,1.39906368559323e-07,2.4586441756037465e-07,4.878784265712961e-05,0.19350467010984534,71,highpass
1.3507621208181993e-07,6.316098677946919e-07,1.39906368559323e-07,2.4586441756037465e-07,4.878784265712961e-05,0.19350467010984534,71,highpass
1.3507621208181993e-07,6.316098677946919e-07,1.39906368559323e-07,2.4586441756037465e-07,4.878784265712961e-05,0.19350467010984534,71,highpass
1.3507621208181993e-07,6.316098677946919e-07,1.39906368559323e-07,2.4586441756037465e-07,4.762078672462888e-05,0.17951609839338856,71,highpass
1.3507621208181993e-07,6.316098677946919e-07,1.39906368559323e-07,2.4586441756037465e-07,4.878784265712961e-05,0.19350467010984534,71,highpass
1.3507621208181993e-07,6.316098677946919e-07,1.39906368559323e-07,2.4586441756037465e-07,4.878784265712961e-05,0.19350467010984534,71,highpass
1.3507621208181993e-07,6.316098677946919e-07,1.39906368559323e-07,2.4586441756037465e-07,4.878784265712961e-05,0.19350467010984534,71,highpass
1.2866571278615686e-07,6.316098677946919e-07,1.39906368559323e-07,2.4586441756037465e-07,4.878784265712961e-05,0.1002430341569101,71,highpass
1.3507621208181993e-07,6.316098677946919e-07,1.39906368559323e-07,2.4586441756037465e-07,4.878784265712961e-05,0.19350467010984534,71,highpass
1.3507621208181993e-07,6.316098677946919e-07,1.39906368559323e-07,2.4586441756037465e-07,4.878784265712961e-05,0.19350467010984534,71,highpass
1.3507621208181993e-07,6.316098677946919e-07,1.39906368559323e-07,2.4586441756037465e-07,4.878784265712961e-05,0.19350467010984534,71,highpass
1.3507621208181993e-07,6.316098677946919e-07,1.342444656326477e-07,2.4586441756037465e-07,4.878784265712961e-05,0.08278070688733241,71,highpass
1.3507621208181993e-07,6.316098677946919e-07,1.39906368559323e-07,2.4586441756037465e-07,4.878784265712961e-05,0.19350467010984534,72,highpass
1.3507621208181993e-07,6.316098677946919e-07,1.39906368559323e-07,2.4586441756037465e-07,4.878784265712961e-05,0.19350467010984534,72,highpass
1.3507621208181993e-07,6.316098677946919e-07,1.39906368559323e-07,2.4586441756037465e-07,4.878784265712961e-05,0.19350467010984534,72,highpass
1.3507621208181993e-07,6.316098677946919e-07,1.39906368559323e-07,2.4586441756037465e-07,4.878784265712961e-05,0.19350467010984534,72,highpass
1.3507621208181993e-07,6.316098677946919e-07,1.39906368559323e-07,2.4586441756037465e-07,4.878784265712961e-05,0.19350467010984534,72,highpass
1.3507621208181993e-07,6.316098677946919e-07,1.39906368559323e-07,2.4586441756037465e-07,4.878784265712961e-05,0.19350467010984534,72,highpass
1.3507621208181993e-07,6.316098677946919e-07,1.39906368559323e-07,2.4586441756037465e-07,4.878784265712961e-05,0.19350467010984534,72,highpass
1.3507621208181993e-07,6.316098677946919e-07,1.39906368559323e-07,2.4586441756037465e-07,4.878784265712961e-05,0.19350467010984534,72,highpass
1.3507621208181993e-07,6.316098677946919e-07,1.39906368559323e-07,2.4586441756037465e-07,4.878784265712961e-05,0.19350467010984534,72,highpass
1.7454554230250422e-07,6.316098677946919e-07,1.39906368559323e-07,2.4586441756037465e-07,4.878784265712961e-05,0.09645884440263353,72,highpass
1.3507621208181993e-07,6.316098677946919e-07,1.39906368559323e-07,2.4586441756037465e-07,4.878784265712961e-05,0.19350467010984534,72,highpass
1.3507621208181993e-07,6.316098677946919e-07,1.39906368559323e-07,2.4586441756037465e-07,4.878784265712961e-05,0.19350467010984534,72,highpass
1.3507621208181993e-07,6.316098677946919e-07,1.39906368559323e-07,2.4586441756037465e-07,4.878784265712961e-05,0.19350467010984534,72,highpass
1.3507621208181993e-07,6.316098677946919e-07,1.39906368559323e-07,2.4586441756037465e-07,4.878784265712961e-05,0.19350467010984534,72,highpass
1.3507621208181993e-07,6.316098677946919e-07,1.39906368559323e-07,2.4586441756037465e-07,4.878784265712961e-05,0.19350467010984534,72,highpass
1.3507621208181993e-07,6.316098677946919e-07,1.39906368559323e-07,2.4586441756037465e-07,4.878784265712961e-05,0.19350467010984534,72,highpass
1.3507621208181993e-07,6.316098677946919e-07,1.39906368559323e-07,2.4586441756037465e-07,4.878784265712961e-05,0.19350467010984534,72,highpass
1.3507621208181993e-07,6.316098677946919e-07,1.39906368559323e-07,2.4586441756037465e-07,4.878784265712961e-05,0.19350467010984534,72,highpass
1.3507621208181993e-07,6.316098677946919e-07,1.39906368559323e-07,2.4586441756037465e-07,4.878784265712961e-05,0.19350467010984534,72,highpass
1.3507621208181993e-07,6.316098677946919e-07,1.39906368559323e-07,2.4586441756037465e-07,4.878784265712961e-05,0.19350467010984534,72,highpass
1.3507621208181993e-07,6.316098677946919e-07,1.39906368559323e-07,2.4586441756037465e-07,4.878784265712961e-05,0.19350467010984534,72,highpass
1.3507621208181993e-07,6.316098677946919e-07,1.39906368559323e-07,2.4586441756037465e-07,4.878784265712961e-05,0.19350467010984534,72,highpass
1.3507621208181993e-07,6.402244434598109e-07,1.39906368559323e-07,2.4586441756037465e-07,4.878784265712961e-05,0.16395377055045773,72,highpass
1.3507621208181993e-07,6.316098677946919e-07,1.39906368559323e-07,2.4586441756037465e-07,4.878784265712961e-05,0.19350467010984534,72,highpass
1.3507621208181993e-07,6.316098677946919e-07,1.39906368559323e-07,2.436265902279826e-07,4.878784265712961e-05,0.19081068802344375,72,highpass
1.3507621208181993e-07,6.316098677946919e-07,1.39906368559323e-07,2.4586441756037465e-07,4.878784265712961e-05,0.19350467010984534,72,highpass
1.3507621208181993e-07,6.316098677946919e-07,1.39906368559323e-07,2.4586441756037465e-07,4.878784265712961e-05,0.19350467010984534,72,highpass
1.3507621208181993e-07,6.316098677946919e-07,1.39906368559323e-07,2.4586441756037465e-07,4.878784265712961e-05,0.19350467010984534,72,highpass
1.3507621208181993e-07,6.316098677946919e-07,1.39906368559323e-07,2.4586441756037465e-07,4.697630221151527e-05,0.17096014212966876,72,highpass
1.3507621208181993e-07,6.316098677946919e-07,1.39906368559323e-07,2.4586441756037465e-07,4.878784265712961e-05,0.19350467010984534,72,highpass
1.3507621208181993e-07,6.316098677946919e-07,1.39906368559323e-07,2.4586441756037465e-07,4.878784265712961e-05,0.19350467010984534,73,highpass
1.3507621208181993e-07,6.316098677946919e-07,1.39906368559323e-07,2.4586441756037465e-07,4.878784265712961e-05,0.19350467010984534,73,highpass
1.3507621208181993e-07,6.316098677946919e-07,1.3994386732890177e-07,2.4586441756037465e-07,4.878784265712961e-05,0.19350467010984534,73,highpass
1.3507621208181993e-07,6.316098677946919e-07,1.39906368559323e-07,2.4586441756037465e-07,4.878784265712961e-05,0.19350467010984534,73,highpass
1.3507621208181993e-07,6.316098677946919e-07,1.433281867406721e-07,2.4586441756037465e-07,4.878784265712961e-05,0.037127670544870095,73,highpass
2.0691006918920133e-07,6.316098677946919e-07,1.39906368559323e-07,2.4586441756037465e-07,4.878784265712961e-05,0.04644336838862906,73,highpass
1.3507621208181993e-07,5.99029629808235e-07,1.39906368559323e-07,2.4586441756037465e-07,4.878784265712961e-05,0.13293029555117036,73,highpass
1.3507621208181993e-07,6.316098677946919e-07,1.39906368559323e-07,2.4586441756037465e-07,4.878784265712961e-05,0.19350467010984534,73,highpass
1.3507621208181993e-07,6.316098677946919e-07,1.39906368559323e-07,2.4586441756037465e-07,4.878784265712961e-05,0.19350467010984534,73,highpass
1.3507621208181993e-07,6.316098677946919e-07,1.39906368559323e-07,2.4586441756037465e-07,4.878784265712961e-05,0.19350467010984534,73,highpass
1.3507621208181993e-07,6.316098677946919e-07,1.39906368559323e-07,2.4586441756037465e-07,4.878784265712961e-05,0.19350467010984534,73,highpass
1.3507621208181993e-07,6.316098677946919e-07,1.39906368559323e-07,2.4586441756037465e-07,4.878784265712961e-05,0.19350467010984534,73,highpass
1.3507621208181993e-07,6.803109589490026e-07,1.39906368559323e-07,2.4586441756037465e-07,4.878784265712961e-05,0.15418182483530318,73,highpass
1.638130864266099e-07,6.316098677946919e-07,1.39906368559323e-07,2.4586441756037465e-07,4.878784265712961e-05,0.04854239795355758,73,highpass
1.3507621208181993e-07,6.444028295018666e-07,1.39906368559323e-07,2.4586441756037465e-07,4.878784265712961e-05,0.16378464162213363,73,highpass
1.3507621208181993e-07,6.316098677946919e-07,1.39906368559323e-07,2.4586441756037465e-07,4.878784265712961e-05,0.19350467010984534,73,highpass
1.3507621208181993e-07,6.316098677946919e-07,1.8538038323233968e-07,2.4586441756037465e-07,4.878784265712961e-05,-0.10323033849309327,73,highpass
2.048100682083242e-07,6.316098677946919e-07,1.39906368559323e-07,2.4586441756037465e-07,4.878784265712961e-05,0.1275428500236233,73,highpass
1.3507621208181993e-07,6.316098677946919e-07,1.39906368559323e-07,2.4586441756037465e-07,4.878784265712961e-05,0.19350467010984534,73,highpass
1.3507621208181993e-07,6.316098677946919e-07,1.39906368559323e-07,2.4586441756037465e-07,4.878784265712961e-05,0.19350467010984534,73,highpass
1.3507621208181993e-07,6.316098677946919e-07,1.39906368559323e-07,2.4586441756037465e-07,4.878784265712961e-05,0.19350467010984534,73,highpass
1.3507621208181993e-07,6.316098677946919e-07,1.39906368559323e-07,2.4586441756037465e-07,4.878784265712961e-05,0.19350467010984534,73,highpass
1.3507621208181993e-07,6.316098677946919e-07,1.39906368559323e-07,2.4586441756037465e-07,4.878784265712961e-05,0.19350467010984534,73,highpass
1.3507621208181993e-07,6.316098677946919e-07,1.39906368559323e-07,2.4586441756037465e-07,4.878784265712961e-05,0.19350467010984534,73,highpass
1.3507621208181993e-07,6.316098677946919e-07,1.39906368559323e-07,2.4586441756037465e-07,4.878784265712961e-05,0.19350467010984534,73,highpass
1.3507621208181993e-07,6.316098677946919e-07,1.39906368559323e-07,2.4586441756037465e-07,4.878784265712961e-05,0.19350467010984534,73,highpass
1.3507621208181993e-07,6.316098677946919e-07,1.39906368559323e-07,2.4586441756037465e-07,4.878784265712961e-05,0.19350467010984534,73,highpass
1.3507621208181993e-07,6.316098677946919e-07,1.39906368559323e-07,2.4586441756037465e-07,4.878784265712961e-05,0.19350467010984534,73,highpass
1.3507621208181993e-07,6.316098677946919e-07,1.39906368559323e-07,2.4586441756037465e-07,4.878784265712961e-05,0.19350467010984534,73,highpass
1.3507621208181993e-07,6.316098677946919e-07,1.39906368559323e-07,2.4586441756037465e-07,4.878784265712961e-05,0.19350467010984534,73,highpass
1.3507621208181993e-07,6.316098677946919e-07,1.39906368559323e-07,2.4586441756037465e-07,4.878784265712961e-05,0.19350467010984534,74,highpass
1.3507621208181993e-07,6.316098677946919e-07,1.39906368559323e-07,2.4586441756037465e-07,4.878784265712961e-05,0.19350467010984534,74,highpass
1.3507621208181993e-07,6.316098677946919e-07,1.39906368559323e-07,2.4586441756037465e-07,4.878784265712961e-05,0.19350467010984534,74,highpass
1.3507621208181993e-07,6.403892921898064e-07,1.39906368559323e-07,2.4586441756037465e-07,4.878784265712961e-05,0.16391459452302581,74,highpass
1.3507621208181993e-07,6.316098677946919e-07,1.39906368559323e-07,2.4586441756037465e-07,4.878784265712961e-05,0.19350467010984534,74,highpass
1.3507621208181993e-07,6.316098677946919e-07,1.39906368559323e-07,2.8448494537498785e-07,4.878784265712961e-05,0.1599134527356476,74,highpass
1.3465242333166055e-07,6.316098677946919e-07,1.39906368559323e-07,2.4586441756037465e-07,4.878784265712961e-05,0.19350467010984534,74,highpass
1.3507621208181993e-07,6.316098677946919e-07,1.39906368559323e-07,2.4586441756037465e-07,4.878784265712961e-05,0.19350467010984534,74,highpass
1.3507621208181993e-07,6.316098677946919e-07,1.39906368559323e-07,2.4586441756037465e-07,4.878784265712961e-05,0.19350467010984534,74,highpass
1.3507621208181993e-07,6.316098677946919e-07,1.39906368559323e-07,2.4586441756037465e-07,4.878784265712961e-05,0.19350467010984534,74,highpass
1.3507621208181993e-07,6.316098677946919e-07,1.39906368559323e-07,2.4586441756037465e-07,4.878784265712961e-05,0.19350467010984534,74,highpass
1.3507621208181993e-07,6.316098677946919e-07,1.39906368559323e-07,2.4586441756037465e-07,4.878784265712961e-05,0.19350467010984534,74,highpass
1.3507621208181993e-07,6.316098677946919e-07,1.39906368559323e-07,2.4586441756037465e-07,4.878784265712961e-05,0.19350467010984534,74,highpass
1.3507621208181993e-07,6.316098677946919e-07,1.39906368559323e-07,2.4586441756037465e-07,4.878784265712961e-05,0.19350467010984534,74,highpass
1.3507621208181993e-07,6.316098677946919e-07,1.3587562235357093e-07,2.4586441756037465e-07,4.878784265712961e-05,0.0885760293004943,74,highpass
1.3507621208181993e-07,6.316098677946919e-07,1.39906368559323e-07,2.4586441756037465e-07,1.5171636662137328e-05,0.16396181012616357,74,highpass
1.3507621208181993e-07,6.316098677946919e-07,1.39906368559323e-07,2.4586441756037465e-07,4.878784265712961e-05,0.19350467010984534,74,highpass
1.3507621208181993e-07,6.316098677946919e-07,1.39906368559323e-07,2.4586441756037465e-07,4.878784265712961e-05,0.19350467010984534,74,highpass
1.3507621208181993e-07,6.316098677946919e-07,1.39906368559323e-07,2.4586441756037465e-07,4.878784265712961e-05,0.19350467010984534,74,highpass
1.3507621208181993e-07,6.316098677946919e-07,1.39906368559323e-07,2.4586441756037465e-07,4.878784265712961e-05,0.19350467010984534,74,highpass
1.3507621208181993e-07,6.316098677946919e-07,1.39906368559323e-07,2.4586441756037465e-07,4.878784265712961e-05,0.19350467010984534,74,highpass
1.3507621208181993e-07,6.316098677946919e-07,1.39906368559323e-07,2.4586441756037465e-07,4.878784265712961e-05,0.19350467010984534,74,highpass
1.3507621208181993e-07,6.316098677946919e-07,1.3986422880208117e-07,2.4586441756037465e-07,4.878784265712961e-05,0.19350467010984534,74,highpass
1.3507621208181993e-07,6.316098677946919e-07,1.39906368559323e-07,2.4586441756037465e-07,4.878784265712961e-05,0.19350467010984534,74,highpass
1.3507621208181993e-07,6.316098677946919e-07,1.39906368559323e-07,2.4586441756037465e-07,4.878784265712961e-05,0.19350467010984534,74,highpass
1.3507621208181993e-07,6.316098677946919e-07,1.39906368559323e-07,2.4586441756037465e-07,4.878784265712961e-05,0.19350467010984534,74,highpass
1.3507621208181993e-07,6.318230538469757e-07,1.39906368559323e-07,2.4586441756037465e-07,4.878784265712961e-05,0.19350467010984534,74,highpass
1.3507621208181993e-07,6.316098677946919e-07,1.39906368559323e-07,2.4586441756037465e-07,4.878784265712961e-05,0.19350467010984534,74,highpass
1.3507621208181993e-07,6.316098677946919e-07,1.39906368559323e-07,2.4586441756037465e-07,4.878784265712961e-05,0.19350467010984534,74,highpass
1.3507621208181993e-07,6.316098677946919e-07,1.39906368559323e-07,2.4586441756037465e-07,4.878784265712961e-05,0.19350467010984534,74,highpass
1.3507621208181993e-07,6.316098677946919e-07,1.39906368559323e-07,2.4586441756037465e-07,4.878784265712961e-05,0.19350467010984534,75,highpass
1.3507621208181993e-07,6.313964258859658e-07,1.39906368559323e-07,2.4586441756037465e-07,4.878784265712961e-05,0.19349542127368147,75,highpass
1.3507621208181993e-07,6.316098677946919e-07,1.39906368559323e-07,2.4586441756037465e-07,4.878784265712961e-05,0.19350467010984534,75,highpass
1.3507621208181993e-07,6.316098677946919e-07,1.39906368559323e-07,2.4586441756037465e-07,4.878784265712961e-05,0.19350467010984534,75,highpass
2.0343224449197482e-07,6.316098677946919e-07,1.39906368559323e-07,2.4586441756037465e-07,4.878784265712961e-05,0.04924128691795038,75,highpass
1.3507621208181993e-07,6.316098677946919e-07,1.361220897063278e-07,2.4586441756037465e-07,4.878784265712961e-05,0.1022180173664462,75,highpass
1.3507621208181993e-07,6.316098677946919e-07,1.39906368559323e-07,2.4586441756037465e-07,4.777211690769196e-05,0.15745542402000728,75,highpass
1.3507621208181993e-07,6.316098677946919e-07,1.39906368559323e-07,2.4586441756037465e-07,4.878784265712961e-05,0.19350467010984534,75,highpass
1.3507621208181993e-07,6.316098677946919e-07,1.39906368559323e-07,2.4586441756037465e-07,4.878784265712961e-05,0.19350467010984534,75,highpass
1.3507621208181993e-07,6.316098677946919e-07,1.39906368559323e-07,2.4586441756037465e-07,4.878784265712961e-05,0.19350467010984534,75,highpass
2.0641552567680806e-07,6.316098677946919e-07,1.39906368559323e-07,2.4586441756037465e-07,4.878784265712961e-05,0.06901745467964177,75,highpass
1.3507621208181993e-07,6.316098677946919e-07,1.39906368559323e-07,2.4586441756037465e-07,4.878784265712961e-05,0.19350467010984534,75,highpass
1.3507621208181993e-07,6.316098677946919e-07,1.39906368559323e-07,2.4586441756037465e-07,4.878784265712961e-05,0.19350467010984534,75,highpass
1.3507621208181993e-07,6.316098677946919e-07,1.39906368559323e-07,2.4586441756037465e-07,4.878784265712961e-05,0.19350467010984534,75,highpass
1.3507621208181993e-07,6.419273324303955e-07,1.39906368559323e-07,2.4586441756037465e-07,4.878784265712961e-05,0.16367544267307493,75,highpass
1.3507621208181993e-07,6.316098677946919e-07,1.39906368559323e-07,2.4586441756037465e-07,4.878784265712961e-05,0.19350467010984534,75,highpass
1.3507621208181993e-07,6.316098677946919e-07,1.39906368559323e-07,2.4586441756037465e-07,4.878784265712961e-05,0.19350467010984534,75,highpass
1.3507621208181993e-07,6.316098677946919e-07,1.39906368559323e-07,2.2625223908048062e-07,4.878784265712961e-05,0.09860336870591174,75,highpass
1.3507621208181993e-07,6.316098677946919e-07,1.3986422880208117e-07,2.4586441756037465e-07,4.878784265712961e-05,0.19350467010984534,75,highpass
1.3507621208181993e-07,6.316098677946919e-07,1.39906368559323e-07,2.1649092427171765e-07,4.878784265712961e-05,0.07845311678906003,75,highpass
1.3507621208181993e-07,6.316098677946919e-07,1.39906368559323e-07,2.4586441756037465e-07,4.878784265712961e-05,0.19350467010984534,75,highpass
1.3507621208181993e-07,6.316098677946919e-07,1.39906368559323e-07,2.494869240876305e-07,4.878784265712961e-05,0.18919196364320817,75,highpass
1.3507621208181993e-07,6.316098677946919e-07,1.39906368559323e-07,2.4586441756037465e-07,4.878784265712961e-05,0.19350467010984534,75,highpass
1.3507621208181993e-07,6.316098677946919e-07,1.39906368559323e-07,2.4586441756037465e-07,4.878784265712961e-05,0.19350467010984534,75,highpass
1.3635791901587579e-07,6.316098677946919e-07,1.39906368559323e-07,2.4586441756037465e-07,4.878784265712961e-05,0.06265687639046769,75,highpass
1.3507621208181993e-07,6.316098677946919e-07,1.39906368559323e-07,2.4586441756037465e-07,4.878784265712961e-05,0.19350467010984534,75,highpass
1.3507621208181993e-07,6.316098677946919e-07,1.39906368559323e-07,2.4586441756037465e-07,4.878784265712961e-05,0.19350467010984534,75,highpass
1.3507621208181993e-07,6.318230538469757e-07,1.3986422880208117e-07,2.4586441756037465e-07,4.878784265712961e-05,0.19350467010984534,75,highpass
1.3507621208181993e-07,6.316098677946919e-07,1.39906368559323e-07,2.4586441756037465e-07,4.878784265712961e-05,0.19350467010984534,75,highpass
1.8121531145698154e-07,6.316098677946919e-07,1.39906368559323e-07,2.4586441756037465e-07,4.878784265712961e-05,0.061930066457405786,75,highpass
1.3507621208181993e-07,6.316098677946919e-07,1.39906368559323e-07,2.4586441756037465e-07,4.878784265712961e-05,0.19355507668490662,76,highpass
1.3507621208181993e-07,6.316098677946919e-07,1.39906368559323e-07,2.4586441756037465e-07,4.878784265712961e-05,0.19355507668490662,76,highpass
1.3507621208181993e-07,6.316098677946919e-07,1.39906368559323e-07,2.4147668461762684e-07,4.878784265712961e-05,0.18272083798640754,76,highpass
1.3507621208181993e-07,6.316098677946919e-07,1.39906368559323e-07,2.4586441756037465e-07,4.878784265712961e-05,0.19355507668490662,76,highpass
1.3507621208181993e-07,6.316098677946919e-07,1.39906368559323e-07,2.4586441756037465e-07,4.878784265712961e-05,0.19355507668490662,76,highpass
1.3507621208181993e-07,6.316098677946919e-07,1.39906368559323e-07,2.4586441756037465e-07,4.878784265712961e-05,0.19355507668490662,76,highpass
1.3507621208181993e-07,5.794552176929206e-07,1.39906368559323e-07,2.4586441756037465e-07,4.878784265712961e-05,0.08102429470484018,76,highpass
1.3507621208181993e-07,6.316098677946919e-07,1.39906368559323e-07,2.4586441756037465e-07,4.878784265712961e-05,0.19355507668490662,76,highpass
1.3507621208181993e-07,6.316098677946919e-07,1.39906368559323e-07,2.4586441756037465e-07,4.878784265712961e-05,0.19355507668490662,76,highpass
1.3507621208181993e-07,6.316098677946919e-07,1.39906368559323e-07,2.4586441756037465e-07,5e-05,0.1844842234402873,76,highpass
1.3507621208181993e-07,6.419273324303955e-07,1.39906368559323e-07,2.4586441756037465e-07,4.878784265712961e-05,0.16367544267307493,76,highpass
1.3507621208181993e-07,6.316098677946919e-07,1.39906368559323e-07,2.4586441756037465e-07,4.878784265712961e-05,0.19355507668490662,76,highpass
1.3507621208181993e-07,6.316098677946919e-07,1.39906368559323e-07,2.4586441756037465e-07,4.878784265712961e-05,0.19355507668490662,76,highpass
1.3507621208181993e-07,6.316098677946919e-07,1.39906368559323e-07,2.4586441756037465e-07,4.878784265712961e-05,0.19355507668490662,76,highpass
1.3507621208181993e-07,6.316098677946919e-07,1.39906368559323e-07,2.4586441756037465e-07,4.878784265712961e-05,0.19355507668490662,76,highpass
1.3507621208181993e-07,6.316098677946919e-07,1.39906368559323e-07,2.4586441756037465e-07,4.878784265712961e-05,0.19355507668490662,76,highpass
1.421821477046566e-07,6.316098677946919e-07,1.39906368559323e-07,2.4586441756037465e-07,4.878784265712961e-05,0.09801851956210711,76,highpass
1.3507621208181993e-07,6.316098677946919e-07,1.39906368559323e-07,2.4586441756037465e-07,4.878784265712961e-05,0.19355507668490662,76,highpass
1.3507621208181993e-07,6.316098677946919e-07,1.39906368559323e-07,2.4586441756037465e-07,4.878784265712961e-05,0.19355507668490662,76,highpass
1.3507621208181993e-07,6.316098677946919e-07,1.39906368559323e-07,2.4586441756037465e-07,4.878784265712961e-05,0.19355507668490662,76,highpass
1.3507621208181993e-07,6.316098677946919e-07,1.3986422880208117e-07,2.4586441756037465e-07,4.878784265712961e-05,0.19355507668490662,76,highpass
1.279233926514154e-07,6.316098677946919e-07,1.39906368559323e-07,2.4586441756037465e-07,4.878784265712961e-05,0.1611356970140449,76,highpass
1.3507621208181993e-07,6.316098677946919e-07,1.39906368559323e-07,2.4586441756037465e-07,4.878784265712961e-05,0.19355507668490662,76,highpass
1.3507621208181993e-07,6.316098677946919e-07,1.39906368559323e-07,2.4586441756037465e-07,4.878784265712961e-05,0.19355507668490662,76,highpass
1.3507621208181993e-07,6.316098677946919e-07,1.39906368559323e-07,2.4586441756037465e-07,4.878784265712961e-05,0.19355507668490662,76,highpass
1.3507621208181993e-07,6.316098677946919e-07,1.39906368559323e-07,2.4586441756037465e-07,4.878784265712961e-05,0.19355507668490662,76,highpass
1.3507621208181993e-07,6.316098677946919e-07,1.39906368559323e-07,2.4586441756037465e-07,4.878784265712961e-05,0.19355507668490662,76,highpass
1.3507621208181993e-07,6.316098677946919e-07,1.39906368559323e-07,2.4586441756037465e-07,4.878784265712961e-05,0.19355507668490662,76,highpass
1.3507621208181993e-07,6.316098677946919e-07,1.39906368559323e-07,2.4586441756037465e-07,4.878784265712961e-05,0.19355507668490662,76,highpass
1.3507621208181993e-07,6.316098677946919e-07,1.3986422880208117e-07,2.4586441756037465e-07,4.878784265712961e-05,0.19355507668490662,76,highpass
1.3507621208181993e-07,6.316098677946919e-07,1.39906368559323e-07,2.4586441756037465e-07,4.878784265712961e-05,0.19350467010984534,77,highpass
1.3507621208181993e-07,6.316098677946919e-07,1.39906368559323e-07,2.4586441756037465e-07,4.878784265712961e-05,0.19350467010984534,77,highpass
1.3507621208181993e-07,6.316098677946919e-07,1.39906368559323e-07,2.4586441756037465e-07,4.878784265712961e-05,0.19350467010984534,77,highpass
1.3507621208181993e-07,6.217627534853464e-07,1.3986422880208117e-07,2.4586441756037465e-07,4.878784265712961e-05,0.1736797335801296,77,highpass
1.3507621208181993e-07,6.316098677946919e-07,1.39906368559323e-07,2.4586441756037465e-07,4.878784265712961e-05,0.19350467010984534,77,highpass
1.3507621208181993e-07,6.316098677946919e-07,1.39906368559323e-07,2.4586441756037465e-07,4.878784265712961e-05,0.19350467010984534,77,highpass
1.0782066490604017e-07,6.316098677946919e-07,1.3986422880208117e-07,2.4586441756037465e-07,4.878784265712961e-05,0.12055294125620919,77,highpass
1.3507621208181993e-07,6.316098677946919e-07,1.39906368559323e-07,2.4586441756037465e-07,4.878784265712961e-05,0.19350467010984534,77,highpass
1.3507621208181993e-07,6.316098677946919e-07,1.39906368559323e-07,2.4586441756037465e-07,4.878784265712961e-05,0.19350467010984534,77,highpass
1.3507621208181993e-07,6.316098677946919e-07,1.3986422880208117e-07,2.4586441756037465e-07,4.878784265712961e-05,0.19350467010984534,77,highpass
1.3507621208181993e-07,6.316098677946919e-07,1.39906368559323e-07,2.4586441756037465e-07,4.878784265712961e-05,0.19350467010984534,77,highpass
1.3507621208181993e-07,6.316098677946919e-07,1.39906368559323e-07,2.4586441756037465e-07,4.878784265712961e-05,0.19350467010984534,77,highpass
1.3507621208181993e-07,6.316098677946919e-07,1.39906368559323e-07,2.4586441756037465e-07,4.878784265712961e-05,0.19350467010984534,77,highpass
1.3507621208181993e-07,6.316098677946919e-07,1.39906368559323e-07,2.4586441756037465e-07,4.878784265712961e-05,0.19350467010984534,77,highpass
1.3507621208181993e-07,6.378566096611993e-07,1.39906368559323e-07,2.4586441756037465e-07,4.878784265712961e-05,0.16461713130291633,77,highpass
1.3507621208181993e-07,6.316098677946919e-07,1.39906368559323e-07,2.4586441756037465e-07,4.878784265712961e-05,0.19350467010984534,77,highpass
1.3507621208181993e-07,6.316098677946919e-07,1.39906368559323e-07,2.4586441756037465e-07,4.878784265712961e-05,0.19350467010984534,77,highpass
1.3507621208181993e-07,6.316098677946919e-07,1.39906368559323e-07,2.4586441756037465e-07,4.878784265712961e-05,0.19350467010984534,77,highpass
1.3507621208181993e-07,6.316098677946919e-07,1.39906368559323e-07,2.4586441756037465e-07,4.878784265712961e-05,0.19350467010984534,77,highpass
1.3507621208181993e-07,6.316098677946919e-07,1.39906368559323e-07,2.4586441756037465e-07,4.878784265712961e-05,0.19350467010984534,77,highpass
1.3507621208181993e-07,6.316098677946919e-07,1.39906368559323e-07,2.4586441756037465e-07,4.878784265712961e-05,0.19350467010984534,77,highpass
1.3507621208181993e-07,6.316098677946919e-07,1.39906368559323e-07,2.4586441756037465e-07,4.5108787145363006e-05,0.18229549080200091,77,highpass
1.3507621208181993e-07,6.316098677946919e-07,1.39906368559323e-07,2.4586441756037465e-07,4.878784265712961e-05,0.19350467010984534,77,highpass
1.3507621208181993e-07,6.316098677946919e-07,1.39906368559323e-07,2.4586441756037465e-07,4.878784265712961e-05,0.19350467010984534,77,highpass
1.3507621208181993e-07,6.316098677946919e-07,1.39906368559323e-07,2.4586441756037465e-07,5e-05,0.1844842234402873,77,highpass
1.3507621208181993e-07,6.316098677946919e-07,1.39906368559323e-07,2.4586441756037465e-07,4.878784265712961e-05,0.19350467010984534,77,highpass
1.3507621208181993e-07,6.11529354083719e-07,1.39906368559323e-07,2.4586441756037465e-07,4.878784265712961e-05,0.17220858233882846,77,highpass
1.3507621208181993e-07,6.316098677946919e-07,1.39906368559323e-07,2.4586441756037465e-07,4.878784265712961e-05,0.19350467010984534,77,highpass
1.3507621208181993e-07,6.316098677946919e-07,1.39906368559323e-07,2.4586441756037465e-07,4.878784265712961e-05,0.19350467010984534,77,highpass
1.3507621208181993e-07,6.316098677946919e-07,1.39906368559323e-07,2.4586441756037465e-07,4.878784265712961e-05,0.19350467010984534,77,highpass
1.3507621208181993e-07,6.316098677946919e-07,1.39906368559323e-07,2.4586441756037465e-07,4.878784265712961e-05,0.19350467010984534,78,highpass
1.3507621208181993e-07,6.316098677946919e-07,1.39906368559323e-07,2.4586441756037465e-07,4.878784265712961e-05,0.19350467010984534,78,highpass
1.3507621208181993e-07,6.316098677946919e-07,1.39906368559323e-07,2.4586441756037465e-07,4.878784265712961e-05,0.19350467010984534,78,highpass
1.3507621208181993e-07,6.316098677946919e-07,1.39906368559323e-07,2.4586441756037465e-07,4.878784265712961e-05,0.19350467010984534,78,highpass
1.3507621208181993e-07,6.316098677946919e-07,1.39906368559323e-07,2.4586441756037465e-07,4.878784265712961e-05,0.19350467010984534,78,highpass
1.3507621208181993e-07,6.316098677946919e-07,1.39906368559323e-07,2.4586441756037465e-07,4.878784265712961e-05,0.19350467010984534,78,highpass
1.3507621208181993e-07,6.316098677946919e-07,1.39906368559323e-07,2.4586441756037465e-07,4.878784265712961e-05,0.19350467010984534,78,highpass
1.3507621208181993e-07,6.316098677946919e-07,1.39906368559323e-07,2.4586441756037465e-07,4.946700907848778e-05,0.18921330969108024,78,highpass
1.3507621208181993e-07,3.52530582201224e-07,1.39906368559323e-07,2.4586441756037465e-07,4.878784265712961e-05,0.04290759505404852,78,highpass
1.3507621208181993e-07,6.316098677946919e-07,1.39906368559323e-07,2.4586441756037465e-07,4.878784265712961e-05,0.19350467010984534,78,highpass
1.3507621208181993e-07,6.316098677946919e-07,1.39906368559323e-07,2.4586441756037465e-07,4.878784265712961e-05,0.19350467010984534,78,highpass
1.3507621208181993e-07,6.316098677946919e-07,1.39906368559323e-07,2.4586441756037465e-07,4.878784265712961e-05,0.19350467010984534,78,highpass
1.3507621208181993e-07,6.316098677946919e-07,1.39906368559323e-07,2.4586441756037465e-07,4.878784265712961e-05,0.19350467010984534,78,highpass
1.838885775439597e-07,6.316098677946919e-07,1.39906368559323e-07,2.4586441756037465e-07,4.878784265712961e-05,0.017896195312700702,78,highpass
1.3507621208181993e-07,6.316098677946919e-07,1.39906368559323e-07,2.4586441756037465e-07,5e-05,0.1844842234402873,78,highpass
1.3507621208181993e-07,6.316098677946919e-07,1.39906368559323e-07,2.4586441756037465e-07,4.878784265712961e-05,0.19350467010984534,78,highpass
1.3507621208181993e-07,6.316098677946919e-07,1.39906368559323e-07,2.4586441756037465e-07,4.878784265712961e-05,0.19350467010984534,78,highpass
1.3507621208181993e-07,6.316098677946919e-07,1.39906368559323e-07,2.4586441756037465e-07,4.878784265712961e-05,0.19350467010984534,78,highpass
1.3507621208181993e-07,6.316098677946919e-07,1.39906368559323e-07,2.4586441756037465e-07,4.878784265712961e-05,0.19350467010984534,78,highpass
1.3507621208181993e-07,6.316098677946919e-07,1.39906368559323e-07,2.4586441756037465e-07,4.878784265712961e-05,0.19350467010984534,78,highpass
1.3507621208181993e-07,6.316098677946919e-07,1.39906368559323e-07,2.4586441756037465e-07,4.878784265712961e-05,0.19350467010984534,78,highpass
1.3507621208181993e-07,6.316098677946919e-07,1.39906368559323e-07,2.4586441756037465e-07,4.878784265712961e-05,0.19350467010984534,78,highpass
1.3507621208181993e-07,6.316098677946919e-07,1.39906368559323e-07,2.4586441756037465e-07,4.878784265712961e-05,0.19350467010984534,78,highpass
1.3507621208181993e-07,6.316098677946919e-07,1.39906368559323e-07,2.4586441756037465e-07,4.878784265712961e-05,0.19350467010984534,78,highpass
1.3507621208181993e-07,6.316098677946919e-07,1.39906368559323e-07,2.4586441756037465e-07,4.878784265712961e-05,0.19350467010984534,78,highpass
1.3507621208181993e-07,6.316098677946919e-07,1.39906368559323e-07,2.4586441756037465e-07,4.878784265712961e-05,0.19350467010984534,78,highpass
1.3507621208181993e-07,6.316098677946919e-07,1.39906368559323e-07,2.4586441756037465e-07,4.878784265712961e-05,0.19350467010984534,78,highpass
1.3507621208181993e-07,6.316098677946919e-07,1.39906368559323e-07,2.4586441756037465e-07,4.878784265712961e-05,0.19350467010984534,78,highpass
1.3507621208181993e-07,6.316098677946919e-07,1.39906368559323e-07,2.4586441756037465e-07,4.878784265712961e-05,0.19350467010984534,78,highpass
1.3507621208181993e-07,6.316098677946919e-07,1.39906368559323e-07,2.4586441756037465e-07,4.671952954699564e-05,0.1800903639208291,78,highpass
